date,Close,Return,MA_S,MA_L,Signal,StratRet,Equity_100,Equity_50,Equity_BH
2023-07-27,189.94,-0.00669386047484577,189.92600000000002,188.69549999999998,1.0,-0.0,1.0,1.0,0.9933061395251542
2023-07-28,192.55,0.013741181425713345,190.704,189.0075,1.0,0.013741181425713345,1.0137411814257133,1.0068705907128566,1.0069553393996442
2023-07-31,193.17,0.0032199428719812406,191.444,189.13150000000002,1.0,0.0032199428719812406,1.0170053701168789,1.0084916236036432,1.0101976780671476
2023-08-01,192.33,-0.004348501320080578,191.842,189.28900000000002,1.0,-0.004348501320080578,1.0125829209223967,1.0062989100253779,1.0058048321305302
2023-08-02,189.3,-0.015754172515988096,191.458,189.35150000000002,1.0,-0.015754172515988096,0.9966305148994421,0.9983722067097827,0.9899592092877314
2023-08-03,187.89,-0.007448494453248911,191.048,189.3195,1.0,-0.007448494453248911,0.989207118037275,0.9946540217878048,0.982585503608409
2023-08-04,178.71,-0.04885837458087172,188.28,188.88500000000002,0.0,-0.04885837458087172,0.9408760661261453,0.9703554324003653,0.9345779730153749
2023-08-07,175.57,-0.017570365396452403,184.76000000000002,188.397,0.0,-0.0,0.9408760661261453,0.9703554324003653,0.9181570965380189
2023-08-08,176.52,0.005410947200546801,181.598,187.983,0.0,0.0,0.9408760661261453,0.9703554324003653,0.9231251961091935
2023-08-09,174.91,-0.009120779515069177,178.72,187.404,0.0,-0.0,0.9408760661261453,0.9703554324003653,0.9147055747306766
2023-08-10,174.69,-0.0012577897204276711,176.08,186.77550000000002,0.0,-0.0,0.9408760661261453,0.9703554324003653,0.9135550674615625
2023-08-11,174.75,0.00034346556757691715,175.288,186.1425,0.0,0.0,0.9408760661261453,0.9703554324003653,0.9138688421713209
2023-08-14,176.42,0.009556509298998428,175.458,185.42800000000003,0.0,0.0,0.9408760661261453,0.9703554324003653,0.9226022382595961
2023-08-15,174.41,-0.011393266069606556,175.036,184.626,0.0,-0.0,0.9408760661261453,0.9703554324003653,0.91209078548269
2023-08-16,173.53,-0.005045582248724201,174.76,183.7115,0.0,-0.0,0.9408760661261453,0.9703554324003653,0.9074887564062336
2023-08-17,170.96,-0.014810119287731238,174.01399999999998,182.767,0.0,-0.0,0.9408760661261453,0.9703554324003653,0.8940487396715824
2023-08-18,171.45,0.0028661675245671425,173.35399999999998,181.9065,0.0,0.0,0.9408760661261453,0.9703554324003653,0.8966112331346092
2023-08-21,172.8,0.007874015748031704,172.63,181.073,0.0,0.0,0.9408760661261453,0.9703554324003653,0.9036711641041733
2023-08-22,174.19,0.008043981481481444,172.586,180.2655,0.0,0.0,0.9408760661261453,0.9703554324003653,0.910940278213576
2023-08-23,178.08,0.022331936391297047,173.496,179.6085,0.0,0.0,0.9408760661261453,0.9703554324003653,0.931283338562912
2023-08-24,173.34,-0.026617250673854453,173.972,178.7785,0.0,-0.0,0.9408760661261453,0.9703554324003653,0.9064951364919989
2023-08-25,175.57,0.012864889811930347,174.796,177.92950000000002,0.0,0.0,0.9408760661261453,0.9703554324003653,0.9181570965380191
2023-08-28,177.15,0.008999259554593575,175.666,177.12849999999997,0.0,0.0,0.9408760661261453,0.9703554324003653,0.9264198305616568
2023-08-29,181.08,0.022184589331075477,177.044,176.566,1.0,0.0,0.9408760661261453,0.9703554324003653,0.9469720740508316
2023-08-30,184.61,0.01949414623370882,178.35000000000002,176.33149999999998,1.0,0.01949414623370882,0.9592176417470051,0.9798135577493083,0.965432486141617
2023-08-31,184.83,0.0011917014246247692,180.648,176.1785,1.0,0.0011917014246247692,0.9603607427772002,0.9803973803556265,0.9665829934107311
2023-09-01,186.42,0.008602499594221547,182.818,176.564,1.0,0.008602499594221547,0.9686222456772473,0.9846143143889692,0.9748980232193283
2023-09-05,186.66,0.001287415513357093,184.72,177.1185,1.0,0.001287415513357093,0.9698692649829149,0.9852481182604781,0.976153122058362
2023-09-06,179.87,-0.036376299153541125,184.478,177.286,1.0,-0.036376299153541125,0.9345890104600714,0.9673282781153247,0.9406442840707039
2023-09-07,174.52,-0.02974370378606772,182.45999999999998,177.2665,1.0,-0.02974370378606772,0.9067908717712329,0.9529423152312502,0.9126660391172471
2023-09-08,175.14,0.0035526014210405243,180.522,177.289,1.0,0.0035526014210405243,0.9100123383108739,0.9546350273428803,0.9159083777847504
2023-09-11,176.32,0.006737467169121825,178.502,177.3675,1.0,0.006737467169121825,0.9161435165637392,0.9578509384204885,0.9220792804099988
2023-09-12,173.26,-0.017354809437386542,175.822,177.2095,0.0,-0.017354809437386542,0.9002440204164783,0.9495392781676338,0.9060767702123207
2023-09-13,171.17,-0.012062795798222337,174.082,177.04749999999999,0.0,-0.0,0.9002440204164783,0.9495392781676338,0.8951469511557366
2023-09-14,172.7,0.00893848221066773,173.718,177.00600000000003,0.0,0.0,0.9002440204164783,0.9495392781676338,0.9031482062545756
2023-09-15,171.97,-0.004226983207874846,173.084,177.0565,0.0,-0.0,0.9002440204164783,0.9495392781676338,0.8993306139525152
2023-09-18,174.93,0.017212304471710294,172.80599999999998,177.23049999999998,0.0,0.0,0.9002440204164783,0.9495392781676338,0.9148101663005961
2023-09-19,176.03,0.006288229577545268,173.35999999999999,177.392,0.0,0.0,0.9002440204164783,0.9495392781676338,0.9205627026461666
2023-09-20,172.45,-0.02033744248139524,173.61599999999999,177.305,0.0,-0.0,0.9002440204164783,0.9495392781676338,0.9018408116305824
2023-09-21,170.89,-0.009046100318933048,173.254,176.9455,0.0,-0.0,0.9002440204164783,0.9495392781676338,0.8936826691768641
2023-09-22,171.75,0.005032477032008931,173.20999999999998,176.866,0.0,0.0,0.9002440204164783,0.9495392781676338,0.8981801066834011
2023-09-25,173.04,0.00751091703056761,172.832,176.7395,0.0,0.0,0.9002440204164783,0.9495392781676338,0.9049262629432064
2023-09-26,168.92,-0.023809523809523836,171.41,176.32800000000003,0.0,-0.0,0.9002440204164783,0.9495392781676338,0.8833803995397967
2023-09-27,167.39,-0.009057542031731036,170.39799999999997,175.6435,0.0,-0.0,0.9002440204164783,0.9495392781676338,0.8753791444409577
2023-09-28,167.65,0.001553258856562545,169.74999999999997,174.7955,0.0,0.0,0.9002440204164783,0.9495392781676338,0.8767388348499107
2023-09-29,168.17,0.003101699970175842,169.03400000000002,173.96249999999998,0.0,0.0,0.9002440204164783,0.9495392781676338,0.8794582156678167
2023-10-02,170.71,0.015103764048284507,168.56799999999998,173.177,0.0,0.0,0.9002440204164783,0.9495392781676338,0.8927413450475887
2023-10-03,169.36,-0.007908148321715158,168.656,172.31199999999998,0.0,-0.0,0.9002440204164783,0.9495392781676338,0.8856814140780249
2023-10-04,170.62,0.0074397732640527625,169.302,171.84949999999998,0.0,0.0,0.9002440204164783,0.9495392781676338,0.8922706829829511
2023-10-05,171.87,0.007326222013831929,170.14600000000002,171.717,0.0,0.0,0.9002440204164783,0.9495392781676338,0.8988076561029177
2023-10-06,174.45,0.015011345784604613,171.402,171.6825,0.0,0.0,0.9002440204164783,0.9495392781676338,0.9122999686225286
2023-10-09,175.95,0.008598452278589797,172.45,171.664,1.0,0.0,0.9002440204164783,0.9495392781676338,0.9201443363664884
2023-10-10,175.35,-0.0034100596760443525,173.648,171.7685,1.0,-0.0034100596760443525,0.8971741345838561,0.947920285365984,0.9170065892689044
2023-10-11,176.76,0.008041060735671568,174.876,172.048,1.0,0.008041060735671568,0.9043883662905184,0.9517314276595855,0.9243802949482267
2023-10-12,177.67,0.005148223579995559,176.036,172.29649999999998,1.0,0.005148223579995559,0.909044359803329,0.9541812907484355,0.9291392113795625
2023-10-13,175.81,-0.010468846738335036,176.308,172.4885,1.0,-0.010468846738335036,0.8995277137222001,0.9491867019017195,0.9194121953770523
2023-10-16,175.68,-0.000739434616915946,176.254,172.526,1.0,-0.000739434616915946,0.8988625717917986,0.9488357711490683,0.9187323501725758
2023-10-17,174.11,-0.008936703096539156,176.006,172.43,1.0,-0.008936703096539156,0.8908297038631037,0.9445960393620008,0.9105219119338979
2023-10-18,172.8,-0.007523979093676414,175.214,172.44750000000002,1.0,-0.007523979093676414,0.8841271197952117,0.9410424789359362,0.9036711641041729
2023-10-19,172.42,-0.0021990740740741588,174.16400000000002,172.52399999999997,1.0,-0.0021990740740741588,0.8821828587678843,0.940007767876921,0.901683924275703
2023-10-20,169.84,-0.014963461315392501,172.97,172.42849999999999,1.0,-0.014963461315392501,0.8689823496876087,0.9329748829415236,0.8881916117560922
2023-10-23,169.96,0.0007065473386718146,171.82600000000002,172.2745,0.0,0.0007065473386718146,0.8695963268541332,0.9333044784018186,0.8888191611756091
2023-10-24,170.4,0.0025888444339845496,171.084,172.3485,0.0,0.0,0.8695963268541332,0.9333044784018186,0.8911201757138374
2023-10-25,168.06,-0.01373239436619722,170.136,172.382,0.0,-0.0,0.8695963268541332,0.9333044784018186,0.87888296203326
2023-10-26,163.85,-0.02505057717481851,168.422,172.19199999999998,0.0,-0.0,0.8695963268541332,0.9333044784018186,0.8568664365652128
2023-10-27,165.18,0.008117180347879227,167.49,172.04250000000002,0.0,0.0,0.8695963268541332,0.9333044784018186,0.8638217759648572
2023-10-30,167.25,0.012531783508899386,166.948,171.86950000000002,0.0,0.0,0.8695963268541332,0.9333044784018186,0.8746470034515218
2023-10-31,167.73,0.0028699551569506543,166.414,171.788,0.0,0.0,0.8695963268541332,0.9333044784018186,0.877157201129589
2023-11-01,170.93,0.019078280569963635,166.988,171.8035,0.0,0.0,0.8695963268541332,0.9333044784018186,0.8938918523167033
2023-11-02,174.53,0.021061253144561976,169.124,171.93649999999997,0.0,0.0,0.8695963268541332,0.9333044784018186,0.9127183349022068
2023-11-03,173.61,-0.005271300063026341,170.81,171.8945,0.0,-0.0,0.8695963268541332,0.9333044784018186,0.9079071226859114
2023-11-06,176.19,0.014860895109728656,172.598,171.9065,1.0,0.0,0.8695963268541332,0.9333044784018186,0.9213994352055224
2023-11-07,178.78,0.014700039729837133,174.80800000000002,172.078,1.0,0.014700039729837133,0.8823794274078094,0.9401642848580894,0.9349440435100931
2023-11-08,179.85,0.0059850095088935795,176.592,172.23250000000002,1.0,0.0059850095088935795,0.8876604766712972,0.9429777309504883,0.9405396925007844
2023-11-09,179.37,-0.002668890742285157,177.56,172.3175,1.0,-0.002668890742285157,0.8852914078428168,0.9417193786823309,0.9380294948227174
2023-11-10,183.6,0.02358253888610129,179.558,172.707,1.0,0.02358253888610129,0.9061688268938014,0.9528234456161165,0.9601506118606841
2023-11-13,182.0,-0.008714596949891074,180.71999999999997,173.023,1.0,-0.008714596949891074,0.8982719307988664,0.9486717094696411,0.9517832862671269
2023-11-14,184.64,0.01450549450549432,181.892,173.54950000000002,1.0,0.01450549450549432,0.9113018093555091,0.9555521856042558,0.9655893734964961
2023-11-15,185.21,0.0030870883882150313,182.964,174.17,1.0,0.0030870883882150313,0.9141150785893298,0.9570271226325119,0.968570233239201
2023-11-16,186.91,0.009178770044814044,184.472,174.8945,1.0,0.009178770044814044,0.9225055306901984,0.9614192885751588,0.9774605166823556
2023-11-17,186.89,-0.0001070033706062068,185.13,175.747,1.0,-0.0001070033706062068,0.9224068194890116,0.9613678510229371,0.9773559251124361
2023-11-20,188.65,0.009417304296645224,186.45999999999998,176.6815,1.0,0.009417304296645224,0.9310934051934403,0.9658945978199845,0.9865599832653491
2023-11-21,187.84,-0.004293665518155354,187.1,177.5535,1.0,-0.004293665518155354,0.9270956015453794,0.9638209836555685,0.9823240246836108
2023-11-22,188.51,0.003566865417376386,187.76,178.576,1.0,0.003566865417376386,0.9304024267851334,0.9655398935231397,0.9858278422759128
2023-11-24,187.17,-0.0071083762134634965,187.81199999999998,179.74200000000002,1.0,-0.0071083762134634965,0.9237887763056253,0.9621081831170047,0.9788202070913087
2023-11-27,186.99,-0.0009616925789388553,187.83200000000002,180.83249999999998,1.0,-0.0009616925789388553,0.9229003754949452,0.9616455569670848,0.9778788829620336
2023-11-28,187.6,0.0032622065351086693,187.62199999999999,181.85,1.0,0.0032622065351086693,0.925911067131139,0.9632141001772828,0.9810689258445772
2023-11-29,186.57,-0.005490405117270836,187.368,182.79199999999997,1.0,-0.005490405117270836,0.9208274402700245,0.9605698823649624,0.9756824599937247
2023-11-30,187.15,0.00310875274695821,187.096,183.603,1.0,0.00310875274695821,0.9236900651044384,0.9620629694951861,0.9787156155213892
2023-12-01,188.44,0.006892866684477639,187.35,184.2985,1.0,0.006892866684477639,0.9300569375809797,0.9653786553905876,0.9854617717811947
2023-12-04,186.63,-0.009605179367437877,187.27799999999996,184.9495,1.0,-0.009605179367437877,0.9211235738735845,0.9607423378193264,0.9759962347034832
2023-12-05,190.62,0.021379199485613398,187.882,185.671,1.0,0.021379199485613398,0.9408164585103289,0.9710122888665834,0.9968622529024165
2023-12-06,189.52,-0.0057706431644108935,188.472,186.208,1.0,-0.0057706431644108935,0.935387342445061,0.96821060615293,0.9911097165568459
2023-12-07,191.47,0.010289151540734398,189.336,186.789,1.0,0.010289151540734398,0.9450116845607631,0.9731916389779569,1.0013073946239937
2023-12-08,192.91,0.007520760432443652,190.23,187.466,1.0,0.007520760432443652,0.9521188910462046,0.9768512095637621,1.008837987658195
2023-12-11,190.38,-0.013114924057850863,190.98,187.805,1.0,-0.013114924057850863,0.9396319240960884,0.9704455448491378,0.9956071540633826
2023-12-12,191.91,0.008036558462023224,191.238,188.3005,1.0,0.008036558462023224,0.94718333098687,0.9743450660268327,1.0036084091622215
2023-12-13,195.16,0.016935021624719937,192.36599999999999,188.82649999999998,1.0,0.016935021624719937,0.9632239011797069,0.9825953434083845,1.0206045392741345
2023-12-14,195.31,0.0007686001229760819,193.134,189.33149999999998,1.0,0.0007686001229760819,0.9639642351886072,0.9829729548592742,1.0213889760485306
2023-12-15,194.77,-0.0027648353898929168,193.506,189.72449999999998,1.0,-0.0027648353898929168,0.9612990327565667,0.981614075652823,1.0185650036607052
2023-12-18,193.09,-0.008625558350875417,194.048,190.0345,1.0,-0.008625558350875417,0.9530072918568848,0.977380590909031,1.0097793117874703
2023-12-19,194.14,0.005437878709410038,194.494,190.309,1.0,0.005437878709410038,0.9581896299191859,0.9800380294621782,1.015270369208242
2023-12-20,192.03,-0.01086844545173582,193.868,190.5185,1.0,-0.01086844545173582,0.9477755981939903,0.97471228453026,1.0042359585817386
2023-12-21,191.88,-0.0007811279487580647,193.182,190.68699999999998,1.0,-0.0007811279487580647,0.9470352641850901,0.9743315970265378,1.0034515218073425
2023-12-22,190.8,-0.0056285178236397115,192.388,190.86849999999998,1.0,-0.0056285178236397115,0.941704859321009,0.9715895756465383,0.9978035770316915
2023-12-26,190.25,-0.002882599580712797,191.82,191.0315,1.0,-0.002882599580712797,0.938990301288375,0.9701892237948465,0.9949273088589062
2023-12-27,190.35,0.0005256241787121585,191.06199999999998,191.16899999999998,0.0,0.0005256241787121585,0.9394838572943084,0.9704442012518226,0.9954502667085035
2023-12-28,190.78,0.0022589965852377603,190.81199999999998,191.3795,0.0,0.0,0.9394838572943084,0.9704442012518226,0.9976989854617719
2023-12-29,189.73,-0.0055037215641052795,190.382,191.5085,0.0,-0.0,0.9394838572943084,0.9704442012518226,0.992207928041
2024-01-02,182.84,-0.03631476308438297,188.79,191.2285,0.0,-0.0,0.9394838572943084,0.9704442012518226,0.9561761322037445
2024-01-03,181.45,-0.007602275213301368,187.03000000000003,190.96949999999998,0.0,-0.0,0.9394838572943084,0.9704442012518226,0.9489070180943416
2024-01-04,179.11,-0.012896114632129918,184.782,190.394,0.0,-0.0,0.9394838572943084,0.9704442012518226,0.9366698044137645
2024-01-05,178.38,-0.004075707665680439,182.302,189.837,0.0,-0.0,0.9394838572943084,0.9704442012518226,0.9328522121117039
2024-01-08,182.76,0.024554322233434123,180.908,189.4015,0.0,0.0,0.9394838572943084,0.9704442012518226,0.9557577659240665
2024-01-09,182.34,-0.0022980958634273296,180.808,188.873,0.0,-0.0,0.9394838572943084,0.9704442012518226,0.9535613429557578
2024-01-10,183.39,0.00575847318196776,181.19599999999997,188.5235,0.0,0.0,0.9394838572943084,0.9704442012518226,0.9590524003765297
2024-01-11,182.79,-0.0032717160150498303,181.93199999999996,188.0675,0.0,-0.0,0.9394838572943084,0.9704442012518226,0.9559146532789459
2024-01-12,183.12,0.001805350402100947,182.88000000000002,187.4655,0.0,0.0,0.9394838572943084,0.9704442012518226,0.9576404141826173
2024-01-16,180.83,-0.0125054608999563,182.494,186.7415,0.0,-0.0,0.9394838572943084,0.9704442012518226,0.9456646794268386
2024-01-17,179.88,-0.00525355306088604,182.002,185.997,0.0,-0.0,0.9394838572943084,0.9704442012518226,0.9406965798556639
2024-01-18,185.83,0.03307760729375153,182.49,185.634,0.0,0.0,0.9394838572943084,0.9704442012518226,0.9718125719067048
2024-01-19,188.76,0.01576709896141626,183.68400000000003,185.365,0.0,0.0,0.9394838572943084,0.9704442012518226,0.9871352368999062
2024-01-22,191.09,0.012343716889171574,185.278,185.31799999999998,0.0,0.0,0.9394838572943084,0.9704442012518226,0.9993201547955239
2024-01-23,192.38,0.006750745721911144,187.58800000000002,185.343,1.0,0.0,0.9394838572943084,0.9704442012518226,1.0060663110553294
2024-01-24,191.7,-0.0035346709637176232,189.952,185.388,1.0,-0.0035346709637176232,0.9361630909830487,0.9687291007817861,1.0025101976780677
2024-01-25,191.37,-0.0017214397496086997,191.06,185.44400000000002,1.0,-0.0017214397496086997,0.934551542626114,0.9678952963914419,1.0007844367743965
2024-01-26,189.62,-0.009144589016042204,191.232,185.4075,1.0,-0.009144589016042204,0.9260054528544899,0.9634697940434118,0.9916326744064434
2024-01-29,188.93,-0.0036388566606897488,190.8,185.315,1.0,-0.0036388566606897488,0.9226358517445353,0.9617168298046977,0.9880242652442219
2024-01-30,185.24,-0.01953104324352939,189.372,185.0905,1.0,-0.01953104324352939,0.9046158110260822,0.952325163309225,0.9687271205940807
2024-01-31,181.6,-0.019650183545670608,187.352,185.0285,1.0,-0.019650183545670608,0.886839944301104,0.9429684811821315,0.9496914548687381
2024-02-01,184.06,0.01354625550660793,185.89000000000001,185.159,1.0,0.01354625550660793,0.8988533047800727,0.949355327172517,0.9625562179688322
2024-02-02,183.05,-0.005487341084428943,184.57600000000002,185.356,0.0,-0.005487341084428943,0.8939209901118783,0.9467506089272594,0.9572743436878992
2024-02-05,184.88,0.00999726850587268,183.766,185.681,0.0,0.0,0.8939209901118783,0.9467506089272594,0.9668444723355302
2024-02-06,186.5,0.0087624405019473,184.01799999999997,185.868,0.0,0.0,0.8939209901118783,0.9467506089272594,0.9753163894990069
2024-02-07,186.61,0.0005898123324397098,185.02000000000004,186.08149999999998,0.0,0.0,0.8939209901118783,0.9467506089272594,0.975891643133564
2024-02-08,185.52,-0.005841058892878226,185.312,186.188,0.0,-0.0,0.8939209901118783,0.9467506089272594,0.9701914025729532
2024-02-09,186.29,0.004150495903406437,185.95999999999998,186.363,0.0,0.0,0.8939209901118783,0.9467506089272594,0.9742181780148524
2024-02-12,184.59,-0.00912555692737127,185.90200000000002,186.4365,0.0,-0.0,0.8939209901118783,0.9467506089272594,0.965327894571698
2024-02-13,182.48,-0.01143073839319575,185.098,186.519,0.0,-0.0,0.8939209901118783,0.9467506089272594,0.9542934839451944
2024-02-14,181.59,-0.004877246821569425,184.094,186.6045,0.0,-0.0,0.8939209901118783,0.9467506089272594,0.9496391590837783
2024-02-15,181.3,-0.001597004240321609,183.25,186.378,0.0,-0.0,0.8939209901118783,0.9467506089272594,0.948122581319946
2024-02-16,179.75,-0.008549365692222866,181.942,185.92749999999998,0.0,-0.0,0.8939209901118783,0.9467506089272594,0.9400167346511874
2024-02-20,179.0,-0.004172461752433909,180.824,185.323,0.0,-0.0,0.8939209901118783,0.9467506089272594,0.9360945507792076
2024-02-21,179.76,0.004245810055865773,180.28000000000003,184.692,0.0,0.0,0.8939209901118783,0.9467506089272594,0.9400690304361471
2024-02-22,181.81,0.011404094348019589,180.324,184.1975,0.0,0.0,0.8939209901118783,0.9467506089272594,0.9507896663528922
2024-02-23,179.96,-0.010175457895605255,180.05599999999998,183.627,0.0,-0.0,0.8939209901118783,0.9467506089272594,0.9411149461353417
2024-02-26,178.6,-0.007557234941098057,179.826,183.076,0.0,-0.0,0.8939209901118783,0.9467506089272594,0.9340027193808181
2024-02-27,180.07,0.008230683090705515,180.04,182.633,0.0,0.0,0.8939209901118783,0.9467506089272594,0.9416901997698988
2024-02-28,178.86,-0.006719609040928387,179.85999999999999,182.31400000000002,0.0,-0.0,0.8939209901118783,0.9467506089272594,0.9353624097897713
2024-02-29,178.19,-0.0037459465503746348,179.13600000000002,182.1435,0.0,-0.0,0.8939209901118783,0.9467506089272594,0.9318585921974691
2024-03-01,177.1,-0.006117066053089371,178.564,181.7955,0.0,-0.0,0.8939209901118783,0.9467506089272594,0.9261583516368583
2024-03-04,172.53,-0.025804630152456154,177.35,181.2695,0.0,-0.0,0.8939209901118783,0.9467506089272594,0.9022591779102608
2024-03-05,167.56,-0.028806584362139898,174.848,180.40349999999998,0.0,-0.0,0.8939209901118783,0.9467506089272594,0.8762681727852739
2024-03-06,166.56,-0.0059680114585819455,172.388,179.4065,0.0,-0.0,0.8939209901118783,0.9467506089272594,0.8710385942893007
2024-03-07,166.44,-0.0007204610951009327,170.03799999999998,178.398,0.0,-0.0,0.8939209901118783,0.9467506089272594,0.8704110448697839
2024-03-08,168.17,0.01039413602499395,168.252,177.53050000000002,0.0,0.0,0.8939209901118783,0.9467506089272594,0.8794582156678176
2024-03-11,170.19,0.012011654873045119,167.784,176.72549999999998,0.0,0.0,0.8939209901118783,0.9467506089272594,0.8900219642296835
2024-03-12,170.67,0.0028203772254538073,168.406,176.0295,0.0,0.0,0.8939209901118783,0.9467506089272594,0.8925321619077505
2024-03-13,168.57,-0.012304447178765998,168.808,175.334,0.0,-0.0,0.8939209901118783,0.9467506089272594,0.8815500470662068
2024-03-14,170.44,0.01109331435012173,169.608,174.7765,0.0,0.0,0.8939209901118783,0.9467506089272594,0.8913293588536768
2024-03-15,170.06,-0.002229523586012694,169.986,174.2145,0.0,-0.0,0.8939209901118783,0.9467506089272594,0.889342119025207
2024-03-18,171.16,0.006468305304010213,170.18,173.78500000000003,0.0,0.0,0.8939209901118783,0.9467506089272594,0.8950946553707774
2024-03-19,173.52,0.013788268286982985,170.75,173.51100000000002,0.0,0.0,0.8939209901118783,0.9467506089272594,0.9074364606212743
2024-03-20,176.11,0.014926233287229085,172.25799999999998,173.32850000000002,0.0,0.0,0.8939209901118783,0.9467506089272594,0.9209810689258449
2024-03-21,168.81,-0.04145136562375795,171.93200000000002,172.6785,0.0,-0.0,0.8939209901118783,0.9467506089272594,0.8828051459052403
2024-03-22,169.72,0.005390675907825271,171.86399999999998,172.16649999999998,0.0,0.0,0.8939209901118783,0.9467506089272594,0.8875640623365758
2024-03-25,168.29,-0.008425642234268227,171.29000000000002,171.651,0.0,-0.0,0.8939209901118783,0.9467506089272594,0.880085765087334
2024-03-26,167.15,-0.0067740210351178165,170.01600000000002,171.005,0.0,-0.0,0.8939209901118783,0.9467506089272594,0.8741240456019247
2024-03-27,170.75,0.021537541130720816,168.94400000000002,170.59949999999998,0.0,0.0,0.8939209901118783,0.9467506089272594,0.8929505281874283
2024-03-28,168.92,-0.01071742313323576,168.96599999999998,170.13600000000002,0.0,-0.0,0.8939209901118783,0.9467506089272594,0.8833803995397972
2024-04-01,167.47,-0.008583945062751508,168.516,169.65449999999998,0.0,-0.0,0.8939209901118783,0.9467506089272594,0.875797510720636
2024-04-02,166.28,-0.007105750283632917,168.11399999999998,169.342,0.0,-0.0,0.8939209901118783,0.9467506089272594,0.8695743123104279
2024-04-03,167.09,0.004871301419292706,168.102,169.3185,0.0,0.0,0.8939209901118783,0.9467506089272594,0.8738102708921662
2024-04-04,166.26,-0.004967382847567259,167.204,169.3035,0.0,-0.0,0.8939209901118783,0.9467506089272594,0.8694697207405084
2024-04-05,167.02,0.0045711536148203,166.824,169.3325,0.0,0.0,0.8939209901118783,0.9467506089272594,0.8734442003974482
2024-04-08,165.89,-0.006765656807568132,166.50799999999998,169.2185,0.0,-0.0,0.8939209901118783,0.9467506089272594,0.8675347766969983
2024-04-09,167.11,0.00735427090240548,166.674,169.0645,0.0,0.0,0.8939209901118783,0.9467506089272594,0.8739148624620858
2024-04-10,165.22,-0.01130991562443906,166.3,168.792,0.0,-0.0,0.8939209901118783,0.9467506089272594,0.8640309591046964
2024-04-11,172.48,0.04394141145139807,167.544,168.9875,0.0,0.0,0.8939209901118783,0.9467506089272594,0.901997698985462
2024-04-12,173.99,0.008754638218924082,168.93800000000002,169.16500000000002,0.0,0.0,0.8939209901118783,0.9467506089272594,0.9098943625143817
2024-04-15,170.13,-0.022185183056497526,169.786,169.16850000000002,1.0,-0.0,0.8939209901118783,0.9467506089272594,0.889708189519925
2024-04-16,166.82,-0.019455710339152388,169.728,168.95149999999998,1.0,-0.019455710339152388,0.8765291222621733,0.9375407561219069,0.8723982846982536
2024-04-17,165.44,-0.008272389401750346,169.772,168.54749999999999,1.0,-0.008272389401750346,0.8692781320408461,0.933662905014581,0.8651814663738107
2024-04-18,164.48,-0.005802707930367523,168.17199999999997,167.96599999999998,1.0,-0.005802707930367523,0.8642339649303576,0.930954018442972,0.8601610710176764
2024-04-19,162.44,-0.012402723735408516,165.862,167.64749999999998,0.0,-0.012402723735408516,0.8535151098205697,0.9251808356924137,0.8494927308858911
2024-04-22,163.28,0.0051711401132725765,164.492,167.3255,0.0,0.0,0.8535151098205697,0.9251808356924137,0.8538855768225085
2024-04-23,164.34,0.006491915727584452,163.996,167.128,0.0,0.0,0.8535151098205697,0.9251808356924137,0.8594289300282401
2024-04-24,166.46,0.012900085189241794,164.2,167.0935,0.0,0.0,0.8535151098205697,0.9251808356924137,0.8705156364397033
2024-04-25,167.33,0.005226480836237002,164.76999999999998,166.92249999999999,0.0,0.0,0.8535151098205697,0.9251808356924137,0.8750653697312001
2024-04-26,166.74,-0.003525966652722201,165.63000000000002,166.8135,0.0,-0.0,0.8535151098205697,0.9251808356924137,0.8719799184185758
2024-04-29,170.94,0.025188916876574208,167.162,166.98700000000002,1.0,0.0,0.8535151098205697,0.9251808356924137,0.8939441481016632
2024-04-30,167.77,-0.01854451854451844,167.848,167.0615,1.0,-0.01854451854451844,0.8376870830384754,0.9166023191101482,0.8773663842694281
2024-05-01,166.74,-0.006139357453656791,167.904,167.044,1.0,-0.006139357453656791,0.8325442226013912,0.9137886444702142,0.8719799184185757
2024-05-02,170.47,0.022370157130862323,168.532,167.2545,1.0,0.022370157130862323,0.8511683676793759,0.9240094422508125,0.8914862462085558
2024-05-03,180.82,0.060714495219100106,171.348,167.9445,1.0,0.060714495219100106,0.9028466254694946,0.9520598256827828,0.9456123836418786
2024-05-06,179.15,-0.009235704015042479,172.99,168.60750000000002,1.0,-0.009235704015042479,0.8945082012656784,0.9476633543054732,0.9368789875536034
2024-05-07,179.84,0.0038515210717275927,175.404,169.244,1.0,0.0038515210717275927,0.8979534184516863,0.949488326994479,0.9404873967158249
2024-05-08,180.18,0.0018905693950177493,178.092,169.992,1.0,0.0018905693950177493,0.8996510617027627,0.9503858637804502,0.9422654534044558
2024-05-09,182.01,0.010156510156509979,180.4,170.4685,1.0,0.010156510156509979,0.9087883768482617,0.9552121656194952,0.9518355820520866
2024-05-10,180.74,-0.006977638591286084,180.38400000000001,170.80599999999998,1.0,-0.006977638591286084,0.9024471799986531,0.9518796029846489,0.9451940173622008
2024-05-13,183.97,0.01787097488104461,181.348,171.498,1.0,0.01787097488104461,0.9185747908838786,0.9603851112220076,0.9620855559041943
2024-05-14,185.12,0.006251019187911044,182.40400000000002,172.413,1.0,0.006251019187911044,0.9243168195272251,0.9633868041010241,0.9680995711745635
2024-05-15,187.41,0.012370354364736436,183.85,173.5115,1.0,0.012370354364736436,0.935750946130063,0.9693455221795444,0.9800753059303422
2024-05-16,187.53,0.0006403073475267362,184.954,174.66400000000002,1.0,0.0006403073475267362,0.9363501143363252,0.9696558617096163,0.9807028553498589
2024-05-17,187.56,0.00015997440409543096,186.318,175.92000000000002,1.0,0.00015997440409543096,0.9364999063878908,0.9697334217689435,0.9808597427047382
2024-05-20,188.73,0.006238003838771489,187.26999999999998,177.1925,1.0,0.006238003838771489,0.9423417963989477,0.9727580221727334,0.9869783495450267
2024-05-21,190.04,0.006941132835267316,188.254,178.47750000000002,1.0,0.006941132835267316,0.9488827159839772,0.97613404349697,0.9938290973747517
2024-05-22,188.59,-0.007629972637339444,188.49,179.584,1.0,-0.007629972637339444,0.9416427668249752,0.9724101054758413,0.9862462085555905
2024-05-23,184.57,-0.02131608250702588,187.898,180.446,1.0,-0.02131608250702588,0.9215706319151898,0.9620461184563469,0.9652233030017782
2024-05-24,187.67,0.01679579563309308,187.92,181.4925,1.0,0.01679579563309308,0.9370491439102978,0.9701252834539484,0.9814349963392951
2024-05-28,187.68,5.328502158064019e-05,187.70999999999998,182.3295,1.0,5.328502158064019e-05,0.9370990745941532,0.9701511300272809,0.981487292124255
2024-05-29,187.98,0.0015984654731457937,187.298,183.33999999999997,1.0,0.0015984654731457937,0.9385969951098089,0.9709265065698219,0.983056165673047
2024-05-30,188.98,0.005319714863283309,187.376,184.452,1.0,0.005319714863283309,0.9435900634953276,0.9735090326538995,0.9882857441690202
2024-05-31,189.94,0.005079902635199529,188.45,185.4255,1.0,0.005079902635199529,0.9483834091454256,0.9759816982040842,0.9933061395251545
2024-06-03,191.72,0.009371380435927223,189.26,185.97050000000002,1.0,0.009371380435927223,0.957271070871649,0.9805548461002704,1.0026147892479869
2024-06-04,192.04,0.0016691007719591422,190.132,186.615,1.0,0.0016691007719591422,0.958868852755015,0.9813731685255577,1.0042882543666982
2024-06-05,193.56,0.007915017704644978,191.248,187.301,1.0,0.007915017704644978,0.9664583167010036,0.9852569615274294,1.0122372136805777
2024-06-06,192.17,-0.0071812357925191694,191.88600000000002,187.90050000000002,1.0,-0.0071812357925191694,0.9595179516451325,0.9817192802489546,1.004968099571175
2024-06-07,194.58,0.012540979341208347,192.814,188.529,1.0,0.012540979341208347,0.9715512464542327,0.9878751408551888,1.0175713837464704
2024-06-10,190.81,-0.019375064240929274,192.632,189.0325,1.0,-0.019375064240929274,0.9527273786408271,0.9783050686971457,0.9978558728166512
2024-06-11,204.84,0.07352864105654833,195.192,190.076,1.0,0.07352864105654833,1.0227801280896547,1.014271789817163,1.0712268591151555
2024-06-12,210.76,0.028900605350517417,198.632,191.358,1.0,0.028900605350517417,1.0523390929319254,1.0289283241749974,1.102185963811317
2024-06-13,211.93,0.005551338014803564,202.584,192.584,1.0,0.005551338014803564,1.0581809829429822,1.0317842886352477,1.1083045706516057
2024-06-14,210.18,-0.008257443495493844,205.704,193.7165,1.0,-0.008257443495493844,1.0494431132683244,1.0275243384037758,1.0991528082836526
2024-06-17,214.36,0.019887715291654784,210.414,195.0565,1.0,0.019887715291654784,1.0703141391197926,1.037741894152486,1.1210124463968207
2024-06-18,211.98,-0.01110281768986765,211.842,196.219,1.0,-0.01110281768986765,1.0584306363622578,1.0319809646225298,1.1085660495764043
2024-06-20,207.37,-0.021747334654212636,211.16400000000004,197.0855,1.0,-0.021747334654212636,1.0354125911050165,1.0207595469253181,1.0844576927099676
2024-06-21,205.18,-0.010560833293147498,209.814,197.915,1.0,-0.010560833293147498,1.0244777713407305,1.0153695112215846,1.0730049158037862
2024-06-24,205.83,0.0031679500926016235,208.94400000000002,198.978,1.0,0.0031679500926016235,1.0277232657913176,1.016977831190134,1.0764041418261687
2024-06-25,206.76,0.0045182917941990475,207.42400000000004,199.9325,1.0,0.0045182917941990475,1.0323668193898499,1.0192753324849084,1.0812676498274238
2024-06-26,210.94,0.020216676339717576,207.21599999999998,201.09550000000002,1.0,0.020216676339717576,1.053237845241318,1.0295785122338612,1.103127287940592
2024-06-27,211.79,0.004029581871622279,208.1,202.286,1.0,0.004029581871622279,1.057481953369009,1.0316528976880157,1.1075724296621692
2024-06-28,208.31,-0.01643137069738887,208.72599999999997,203.2525,1.0,-0.01643137069738887,1.0401060753874039,1.0231771620915422,1.0893734964961823
2024-07-01,214.44,0.029427295857135993,210.448,204.47750000000002,1.0,0.029427295857135993,1.0707135845906335,1.0382318306231086,1.1214308126764982
2024-07-02,217.96,0.016414847976123914,212.68800000000002,205.7895,1.0,0.016414847976123914,1.0882891853076595,1.0467530394549343,1.139838928982324
2024-07-03,219.24,0.005872637181134177,214.348,207.1495,1.0,0.005872637181134177,1.0946803128411235,1.0498266398644185,1.1465327894571697
2024-07-05,224.03,0.02184820288268563,216.796,208.673,1.0,0.02184820288268563,1.118597110407758,1.0612950525741214,1.1715824704528814
2024-07-08,225.51,0.006606258090434247,220.23600000000002,210.34,1.0,0.006606258090434247,1.1259868516183258,1.0648006470878242,1.1793222466269218
2024-07-09,226.37,0.0038135781118353584,222.622,211.92950000000002,1.0,0.0038135781118353584,1.1302808904298718,1.0668309973084253,1.1838196841334587
2024-07-10,230.67,0.01899544992711033,225.164,213.92249999999999,1.0,0.01899544992711033,1.151751084487602,1.0769634647034558,1.2063068716661434
2024-07-11,225.26,-0.023453418303203688,226.368,214.9435,1.0,-0.023453418303203688,1.1247385845219458,1.064334227385977,1.1780148520029283
2024-07-12,228.23,0.013184764272396343,227.208,215.817,1.0,0.013184764272396343,1.1395679976269364,1.0713507253335406,1.1935467001359688
2024-07-15,232.09,0.016912763440389167,228.52399999999997,216.825,1.0,0.016912763440389167,1.1588412415950387,1.0804104760231683,1.2137328731304255
2024-07-16,232.51,0.0018096428109783957,229.752,217.9415,1.0,0.0018096428109783957,1.1609383303169565,1.0813880545485888,1.2159292960987342
2024-07-17,226.57,-0.025547288288675696,228.93199999999996,218.552,1.0,-0.025547288288675696,1.1312795041069754,1.0675747883578472,1.1848655998326534
2024-07-18,221.87,-0.020744140883612094,228.254,219.0465,1.0,-0.020744140883612094,1.1078120826950375,1.0565018274511035,1.1602865809015792
2024-07-19,222.0,0.0005859286969847055,227.00799999999998,219.77800000000002,1.0,0.0005859286969847055,1.1084611815851548,1.0568113448206637,1.1609664261060557
2024-07-22,221.65,-0.001576576576576505,224.92,220.6015,1.0,-0.001576576576576505,1.1067136076502233,1.0559782728146114,1.1591360736324652
2024-07-23,222.7,0.004737198285585276,222.958,221.44500000000002,1.0,0.004737198285585276,1.1119563294550179,1.0584794620464077,1.164627131053237
2024-07-24,216.23,-0.02905253704535249,220.89000000000001,221.9185,0.0,-0.02905253704535249,1.0796511770007118,1.0431037051549836,1.1307917581842903
2024-07-25,215.18,-0.004855940433797223,219.552,222.13050000000004,0.0,-0.0,1.0796511770007118,1.0431037051549836,1.1253007007635185
2024-07-26,215.65,0.0021842178641138243,218.28199999999998,222.32350000000002,0.0,0.0,1.0796511770007118,1.0431037051549836,1.127758602656626
2024-07-29,215.93,0.0012984001854856597,217.138,222.7045,0.0,0.0,1.0796511770007118,1.0431037051549836,1.1292228846354984
2024-07-30,216.49,0.002593433057009209,215.89600000000002,222.80700000000002,0.0,0.0,1.0796511770007118,1.0431037051549836,1.1321514485932433
2024-07-31,219.77,0.015150815280151608,216.60399999999998,222.89750000000004,0.0,0.0,1.0796511770007118,1.0431037051549836,1.1493044660600356
2024-08-01,216.05,-0.016926787095599916,216.77799999999996,222.73799999999997,0.0,-0.0,1.0796511770007118,1.0431037051549836,1.1298504340550153
2024-08-02,217.55,0.006942837306179062,217.158,222.414,0.0,0.0,1.0796511770007118,1.0431037051549836,1.137694801798975
2024-08-05,206.96,-0.04867846472075388,215.36400000000003,221.48649999999998,0.0,-0.0,1.0796511770007118,1.0431037051549836,1.0823135655266185
2024-08-06,204.92,-0.009856977193660743,213.05,220.414,0.0,-0.0,1.0796511770007118,1.0431037051549836,1.071645225394833
2024-08-07,207.51,0.012639078664844927,210.598,219.256,0.0,0.0,1.0796511770007118,1.0431037051549836,1.0851898336994037
2024-08-08,211.0,0.016818466579923808,209.58800000000002,218.54300000000003,0.0,0.0,1.0796511770007118,1.0431037051549836,1.1034410626503501
2024-08-09,213.93,0.013886255924170587,208.86400000000003,217.82799999999997,0.0,0.0,1.0796511770007118,1.0431037051549836,1.1187637276435516
2024-08-12,215.47,0.007198616369840538,210.56599999999997,216.99699999999999,0.0,0.0,1.0796511770007118,1.0431037051549836,1.1268172785273503
2024-08-13,219.21,0.017357404743119753,213.42399999999998,216.33200000000002,0.0,0.0,1.0796511770007118,1.0431037051549836,1.1463759021022901
2024-08-14,219.66,0.00205282605720547,215.85399999999998,215.98649999999998,0.0,0.0,1.0796511770007118,1.0431037051549836,1.1487292124254782
2024-08-15,222.66,0.013657470636438074,218.18599999999998,216.026,1.0,0.0,1.0796511770007118,1.0431037051549836,1.1644179479133978
2024-08-16,223.99,0.0059732327315189515,220.198,216.12550000000002,1.0,0.0059732327315189515,1.0861001847497953,1.046219055751984,1.1713732873130422
2024-08-19,223.83,-0.0007143176034644094,221.86999999999998,216.23450000000003,1.0,-0.0007143176034644094,1.0853243642687025,1.0458453894076822,1.1705365547536866
2024-08-20,224.45,0.0027699593441450343,222.91799999999998,216.32199999999997,1.0,0.0027699593441450343,1.0883306686329368,1.0472938640121428,1.17377889342119
2024-08-21,224.34,-0.0004900868790376212,223.85399999999998,216.72750000000002,1.0,-0.0004900868790376212,1.0877972920521857,1.0470372315215182,1.1732036397866328
2024-08-22,222.47,-0.00833556209325137,223.81599999999997,217.092,1.0,-0.00833556209325137,1.078729890179414,1.0426734095928714,1.1634243279991627
2024-08-23,224.78,0.010383422483930538,223.974,217.54850000000002,1.0,0.010383422483930538,1.089930798375191,1.048086668855153,1.175504654324861
2024-08-26,225.12,0.0015125900880861298,224.23199999999997,218.00799999999998,1.0,0.0015125900880861298,1.091579416897513,1.0488793316085356,1.177282711013492
2024-08-27,225.97,0.003775764036958007,224.536,218.48200000000003,1.0,0.003775764036958007,1.0957009632033183,1.0508594920382337,1.1817278527350692
2024-08-28,224.43,-0.006815063946541522,224.554,218.71499999999997,1.0,-0.006815063946541522,1.0882336910728005,1.0472786547196984,1.1736743018512705
2024-08-29,227.73,0.014703916588691301,225.606,219.29900000000004,1.0,0.014703916588691301,1.1042349884953386,1.0549782037117559,1.1909319108879821
2024-08-30,226.94,-0.003469020331093753,226.038,219.7685,1.0,-0.003469020331093753,1.1004043748699432,1.0531483332929874,1.1868005438761633
2024-09-03,220.71,-0.02745219000616894,225.156,220.456,1.0,-0.02745219000616894,1.070195864887394,1.0386927192178679,1.1542202698462503
2024-09-04,218.79,-0.00869919804268049,223.71999999999997,221.1495,1.0,-0.00869919804268049,1.0608860191142808,1.0341748223828846,1.1441794791339817
2024-09-05,220.32,0.006993006993007089,222.898,221.79000000000002,1.0,0.006993006993007089,1.0683048024647304,1.0377908182653424,1.1521807342328207
2024-09-06,218.76,-0.007080610021786504,221.10399999999998,222.17799999999997,0.0,-0.007080610021786504,1.0607405527740759,1.0341167222311785,1.1440225917791025
2024-09-09,218.85,0.00041140976412501473,219.48599999999996,222.42399999999998,0.0,0.0,1.0607405527740759,1.0341167222311785,1.14449325384374
2024-09-10,218.05,-0.0036554717843271245,218.954,222.55300000000003,0.0,-0.0,1.0607405527740759,1.0341167222311785,1.1403095910469614
2024-09-11,220.6,0.011694565466636053,219.31599999999997,222.6225,0.0,0.0,1.0607405527740759,1.0341167222311785,1.1536450162116931
2024-09-12,220.71,0.0004986400725295326,219.394,222.675,0.0,0.0,1.0607405527740759,1.0341167222311785,1.1542202698462503
2024-09-13,220.44,-0.0012233247247519508,219.73000000000002,222.56400000000002,0.0,-0.0,1.0607405527740759,1.0341167222311785,1.1528082836523375
2024-09-16,214.26,-0.028034839412084955,218.81199999999998,222.07750000000001,0.0,-0.0,1.0607405527740759,1.0341167222311785,1.120489488547223
2024-09-17,214.73,0.0021935965649211298,218.148,221.6225,0.0,0.0,1.0607405527740759,1.0341167222311785,1.1229473904403304
2024-09-18,218.63,0.018162343408000714,217.754,221.3315,0.0,0.0,1.0607405527740759,1.0341167222311785,1.143342746574626
2024-09-19,226.81,0.03741481041028227,218.974,221.45499999999998,0.0,0.0,1.0607405527740759,1.0341167222311785,1.186120698671687
2024-09-20,226.14,-0.0029540143732640356,220.11399999999998,221.63849999999996,0.0,-0.0,1.0607405527740759,1.0341167222311785,1.182616881079385
2024-09-23,224.41,-0.007650128239143794,222.144,221.61999999999998,1.0,-0.0,1.0607405527740759,1.0341167222311785,1.1735697102813514
2024-09-24,225.31,0.004010516465398073,224.26,221.6295,1.0,0.004010516465398073,1.0649946702264919,1.0361903933020042,1.178276330927727
2024-09-25,224.31,-0.004438329412808972,225.39600000000002,221.54649999999998,1.0,-0.004438329412808972,1.0602678730571409,1.033890916152073,1.1730467524317538
2024-09-26,225.46,0.005126833400205033,225.12600000000003,221.598,1.0,0.005126833400205033,1.0657036898018946,1.0365412093926216,1.179060767702123
2024-09-27,225.73,0.0011975516721369761,225.044,221.498,1.0,0.0011975516721369761,1.0669799250376193,1.037161865221895,1.1804727538960358
2024-09-30,230.94,0.023080671598812774,226.35,221.698,1.0,0.023080671598812774,1.0916065382899385,1.0491310614248943,1.2077188578600564
2024-10-01,224.15,-0.0294015761669697,226.11800000000002,221.87000000000003,1.0,-0.0294015761669697,1.0595115855100448,1.0337080080190855,1.1722100198723984
2024-10-02,224.72,0.0025429399955385623,226.2,222.16649999999998,1.0,0.0025429399955385623,1.0622058598965747,1.0350223367377354,1.175190879615103
2024-10-03,223.61,-0.00493948024207902,225.82999999999998,222.331,1.0,-0.00493948024207902,1.056959115038595,1.032466100546522,1.1693860474845728
2024-10-04,224.74,0.005053441259335489,225.632,222.63000000000002,1.0,0.005053441259335489,1.062300395839962,1.0350748539422057,1.1752954711850225
2024-10-07,219.63,-0.02273738542315573,223.36999999999998,222.669,1.0,-0.02273738542315573,1.0381464623045777,1.0233074059942553,1.1485723250705993
2024-10-08,223.71,0.01857669717251742,223.282,222.952,1.0,0.01857669717251742,1.05743179475553,1.03281224189203,1.16990900533417
2024-10-09,227.48,0.016852174690447308,223.834,223.296,1.0,0.016852174690447308,1.0752518200839836,1.0415148080534284,1.189624516263989
2024-10-10,226.98,-0.0021979954281695635,224.50799999999998,223.60950000000003,1.0,-0.0021979954281695635,1.072888421499308,1.0403701856601923,1.1870097270160023
2024-10-11,225.49,-0.006564455018063131,224.658,223.862,1.0,-0.006564455018063131,1.065845493716975,1.036955454017242,1.1792176550570024
2024-10-14,229.24,0.016630449243868917,226.58,224.61099999999996,1.0,0.016630449243868917,1.0835709831020415,1.0455779715403355,1.198828574416902
2024-10-15,231.79,0.011123713139068236,228.196,225.464,1.0,0.011123713139068236,1.0956243158838868,1.0513933262503072,1.2121639995816338
2024-10-16,229.72,-0.008930497433021212,228.644,226.0185,1.0,-0.008930497433021212,1.08583984574333,1.0466985935497202,1.2013387720949693
2024-10-17,230.09,0.001610656451332071,229.266,226.18250000000003,1.0,0.001610656451332071,1.08758876069599,1.0475415294708705,1.2032737161384794
2024-10-18,232.94,0.012386457473162693,230.756,226.52249999999998,1.0,0.012386457473162693,1.1010601326286407,1.0540291937739519,1.2181780148520032
2024-10-21,234.42,0.006353567442259678,231.792,227.023,1.0,0.006353567442259678,1.1080557924392802,1.0573776165583286,1.2259177910260435
2024-10-22,233.8,-0.0026448255268320953,232.19400000000002,227.4475,1.0,-0.0026448255268320953,1.1051251781942826,1.0559793269024416,1.2226754523585401
2024-10-23,228.7,-0.021813515825491958,231.99,227.667,1.0,-0.021813515825491958,1.081018512630592,1.0444620160230522,1.1960046020290767
2024-10-24,228.51,-0.0008307826847397948,231.67399999999998,227.8195,1.0,-0.0008307826847397948,1.0801204211684154,1.044028155544162,1.1950109821148418
2024-10-25,229.35,0.0036759879217540536,230.956,228.00050000000002,1.0,0.0036759879217540536,1.0840909307906705,1.0459470729890377,1.1994038280514594
2024-10-28,231.34,0.008676695007630242,230.33999999999997,228.0205,1.0,0.008676695007630242,1.093497257157679,1.0504847548622624,1.2098106892584461
2024-10-29,231.61,0.0011671133396733424,229.902,228.3935,1.0,0.0011671133396733424,1.094773492393404,1.051097772247524,1.2112226754523592
2024-10-30,228.04,-0.015413842234791364,229.76999999999998,228.5595,1.0,-0.015413842234791364,1.0778988264988205,1.0429970446301422,1.1925530802217346
2024-10-31,223.85,-0.0183739694790388,228.83800000000002,228.57149999999996,1.0,-0.0183739694790388,1.0580935463592394,1.0334150466977612,1.1706411463236066
2024-11-01,220.85,-0.013401831583649715,227.138,228.377,0.0,-0.013401831583649715,1.0439131548511862,1.0264902194918348,1.154952410835687
2024-11-04,219.95,-0.004075164138555576,224.85999999999999,228.39299999999997,0.0,-0.0,1.0439131548511862,1.0264902194918348,1.150245790189311
2024-11-05,221.39,0.006546942486928886,222.81599999999997,228.277,0.0,0.0,1.0439131548511862,1.0264902194918348,1.1577763832235126
2024-11-06,220.66,-0.003297348570396097,221.34,227.936,0.0,-0.0,1.0439131548511862,1.0264902194918348,1.1539587909214521
2024-11-07,225.42,0.02157164869029282,221.654,227.858,0.0,0.0,1.0439131548511862,1.0264902194918348,1.1788515845622847
2024-11-08,225.15,-0.0011977641735426703,222.51399999999998,227.84099999999998,0.0,-0.0,1.0439131548511862,1.0264902194918348,1.1774395983683719
2024-11-11,222.67,-0.01101487896957587,223.058,227.5125,0.0,-0.0,1.0439131548511862,1.0264902194918348,1.1644702436983583
2024-11-12,222.67,0.0,223.314,227.0565,0.0,0.0,1.0439131548511862,1.0264902194918348,1.1644702436983583
2024-11-13,223.56,0.003996946153500769,223.89399999999995,226.7485,0.0,0.0,1.0439131548511862,1.0264902194918348,1.1691245685597744
2024-11-14,226.66,0.013866523528359265,224.142,226.577,0.0,0.0,1.0439131548511862,1.0264902194918348,1.1853362618972914
2024-11-15,223.44,-0.014206300185299559,223.8,226.102,0.0,-0.0,1.0439131548511862,1.0264902194918348,1.1684970191402575
2024-11-18,226.46,0.013515932688864973,224.558,225.704,0.0,0.0,1.0439131548511862,1.0264902194918348,1.1842903461980965
2024-11-19,226.72,0.0011481056257174327,225.368,225.35,1.0,0.0,1.0439131548511862,1.0264902194918348,1.1856500366070493
2024-11-20,227.44,0.00317572335920957,226.144,225.28699999999998,1.0,0.00317572335920957,1.0472283342420332,1.028120143975855,1.18941533312415
2024-11-21,226.96,-0.002110446711220515,226.204,225.2095,1.0,-0.002110446711220515,1.0450182146481353,1.0270352475875582,1.186905135446083
2024-11-22,228.31,0.005948184702150083,227.17799999999997,225.15749999999997,1.0,0.005948184702150083,1.0512341760059736,1.0300897452616928,1.1939650664156467
2024-11-25,231.31,0.01314002890806365,228.148,225.156,1.0,0.01314002890806365,1.0650474234678364,1.036857449777012,1.2096538019035665
2024-11-26,233.5,0.009467813756430798,229.504,225.25049999999996,1.0,0.009467813756430798,1.0751310941149963,1.0417658363902405,1.221106578809748
2024-11-27,233.37,-0.0005567451820128744,230.69,225.517,1.0,-0.0005567451820128744,1.0745325200583156,1.0414758373351425,1.2204267336052714
2024-11-29,235.77,0.010284098213138027,232.452,226.113,1.0,0.010284098213138027,1.085583118027806,1.046831157234025,1.2329777219956073
2024-12-02,238.03,0.00958561309751027,234.39600000000002,226.97199999999998,1.0,0.00958561309751027,1.0959890977824094,1.051848416459857,1.2447965693965068
2024-12-03,241.09,0.012855522413141252,236.352,228.029,1.0,0.012855522413141252,1.1100786101935096,1.0586094469063703,1.260799079594185
2024-12-04,241.45,0.0014932183002198673,237.942,229.03199999999998,1.0,0.0014932183002198673,1.1117361998889332,1.0593998144058232,1.2626817278527354
2024-12-05,241.48,0.0001242493269828504,239.564,230.073,1.0,0.0001242493269828504,1.1118743323635518,1.059465629262796,1.2628386152076145
2024-12-06,241.28,-0.0008282259400363978,240.666,230.86599999999999,1.0,-0.0008282259400363978,1.1109534491994277,1.0590268908044298,1.2617926995084199
2024-12-09,245.19,0.01620523872679036,242.098,231.86800000000002,1.0,0.01620523872679036,1.1289567150580557,1.067607782596218,1.282240351427675
2024-12-10,246.21,0.004160039153309647,243.12199999999999,233.04500000000002,1.0,0.004160039153309647,1.133653219195089,1.0698284276842072,1.2875745214935677
2024-12-11,244.93,-0.0051988140205515565,243.81800000000004,234.158,1.0,-0.0051988140205515565,1.1277595669446943,1.0670475081694926,1.280880661018722
2024-12-12,246.4,0.0060017147756501465,244.802,235.3,1.0,0.0060017147756501465,1.134528058201007,1.0702495655675432,1.2885681414078025
2024-12-13,246.57,0.0006899350649349767,245.85999999999999,236.2955,1.0,0.0006899350649349767,1.1353108088905126,1.0706187669193017,1.2894571697521178
2024-12-16,249.48,0.011801922374984786,246.718,237.5975,1.0,0.011801922374984786,1.1487096589285197,1.0769364467094933,1.3046752431753998
2024-12-17,251.92,0.009780343113676482,247.85999999999999,238.8705,1.0,0.009780343113676482,1.1599444335308349,1.0822028506897143,1.3174354147055745
2024-12-18,246.49,-0.021554461733883645,248.17199999999997,239.859,1.0,-0.021554461733883645,1.134942455624863,1.0705397007229687,1.28903880347244
2024-12-19,248.23,0.007059109903038596,248.538,240.8985,1.0,0.007059109903038596,1.1429541391527436,1.0743182294244533,1.2981382700554334
2024-12-20,252.93,0.018934053095919223,249.81,242.19700000000003,1.0,0.018934053095919223,1.1645948935096622,1.0844888286233716,1.3227172889865078
2024-12-23,253.71,0.003083857193689976,250.656,243.467,1.0,0.003083857193689976,1.1681863378497466,1.0861610329611848,1.326796360213367
2024-12-24,256.64,0.011548618501438623,251.6,244.7335,1.0,0.011548618501438623,1.181677276204166,1.0924328626615836,1.3421190252065685
2024-12-26,257.46,0.003195137157107286,253.794,245.9315,1.0,0.003195137157107286,1.1854528971770752,1.094178099077151,1.3464072795732667
2024-12-27,254.03,-0.013322457857531167,254.954,246.9645,1.0,-0.013322457857531167,1.1696597509123454,1.0868895282703566,1.3284698253320786
2024-12-30,250.64,-0.013344880525922198,254.496,247.708,1.0,-0.013344880525922198,1.1540507812804404,1.0796373228205347,1.3107415542307292
2024-12-31,248.86,-0.007101819342483107,253.52599999999998,248.24950000000004,1.0,-0.007101819342483107,1.145854921119735,1.0758036282094978,1.3014329045078972
2025-01-02,242.29,-0.02640038575906145,250.656,248.3095,1.0,-0.02640038575906145,1.1156039091782552,1.0616028128166335,1.267074573789353
2025-01-03,241.8,-0.0020223698873250706,247.52399999999997,248.327,0.0,-0.0020223698873250706,1.1133477454261511,1.0605293360361636,1.2645120803263261
2025-01-06,243.44,0.006782464846980973,245.406,248.425,0.0,0.0,1.1133477454261511,1.0605293360361636,1.273088589059722
2025-01-07,240.65,-0.011460729543213866,243.408,248.3935,0.0,-0.0,1.1133477454261511,1.0605293360361636,1.258498065055957
2025-01-08,241.14,0.0020361520880947115,241.86399999999998,248.19099999999997,0.0,0.0,1.1133477454261511,1.0605293360361636,1.2610605585189838
2025-01-10,235.29,-0.024259766110972802,240.464,247.64499999999998,0.0,-0.0,1.1133477454261511,1.0605293360361636,1.2304675243175405
2025-01-13,232.84,-0.010412682221938807,238.67200000000003,247.0405,0.0,-0.0,1.1133477454261511,1.0605293360361636,1.217655057002406
2025-01-14,231.72,-0.004810170073870523,236.32799999999997,246.30649999999997,0.0,-0.0,1.1133477454261511,1.0605293360361636,1.211797929086916
2025-01-15,236.31,0.019808389435525653,235.45999999999998,245.7935,0.0,0.0,1.1133477454261511,1.0605293360361636,1.2358016943834331
2025-01-16,226.7,-0.04066692057043719,232.57200000000003,244.6545,0.0,-0.0,1.1133477454261511,1.0605293360361636,1.1855454450371303
2025-01-17,228.42,0.007587119541244025,231.198,243.4795,0.0,0.0,1.1133477454261511,1.0605293360361636,1.1945403200502045
2025-01-21,221.08,-0.03213378863497052,228.846,242.20899999999997,0.0,-0.0,1.1133477454261511,1.0605293360361636,1.1561552138897613
2025-01-22,222.27,0.005382666907906675,226.956,240.911,0.0,0.0,1.1133477454261511,1.0605293360361636,1.1623784122999694
2025-01-23,222.1,-0.0007648355603545598,224.11400000000003,239.36949999999996,0.0,-0.0,1.1133477454261511,1.0605293360361636,1.161489383955654
2025-01-24,221.22,-0.003962179198559235,223.01799999999997,237.74499999999998,0.0,-0.0,1.1133477454261511,1.0605293360361636,1.1568873548791974
2025-01-27,228.3,0.03200433957146731,222.994,236.32800000000003,0.0,0.0,1.1133477454261511,1.0605293360361636,1.1939127706306878
2025-01-28,236.7,0.036793692509855314,226.118,235.29000000000002,0.0,0.0,1.1133477454261511,1.0605293360361636,1.2378412299968626
2025-01-29,237.8,0.004647232784114941,229.22400000000002,234.4785,0.0,0.0,1.1133477454261511,1.0605293360361636,1.2435937663424332
2025-01-30,236.03,-0.007443229604709889,232.01,233.748,0.0,-0.0,1.1133477454261511,1.0605293360361636,1.2343374124045605
2025-01-31,234.44,-0.006736431809515775,234.654,233.027,1.0,-0.0,1.1133477454261511,1.0605293360361636,1.226022382595963
2025-02-03,226.45,-0.03408121480975945,234.28400000000002,232.23499999999999,1.0,-0.03408121480975945,1.075403501756321,1.0424572719794136,1.184238050413137
2025-02-04,231.24,0.021152572311768703,233.192,231.70700000000002,1.0,0.021152572311768703,1.098151052091551,1.0534825983931504,1.2092877314088488
2025-02-05,230.91,-0.0014270887389725706,231.814,231.08049999999997,1.0,-0.0014270887389725706,1.0965838930914202,1.052730891816715,1.2075619705051777
2025-02-06,231.66,0.0032480187085877077,230.94,230.631,1.0,0.0032480187085877077,1.100145618091717,1.0544405366325795,1.2114841543771575
2025-02-07,226.07,-0.02413019079685752,229.266,229.8775,0.0,-0.02413019079685752,1.0735988944228372,1.0417186109661372,1.1822508105846672
2025-02-10,226.34,0.0011943203432565053,229.244,229.43,0.0,0.0,1.0735988944228372,1.0417186109661372,1.18366279677858
2025-02-11,231.31,0.021958116108509396,229.25799999999998,229.3535,0.0,0.0,1.0735988944228372,1.0417186109661372,1.209653801903567
2025-02-12,235.56,0.018373611171155657,230.18800000000002,229.54550000000003,1.0,0.0,1.0735988944228372,1.0417186109661372,1.2318795105114533
2025-02-13,240.22,0.01978264561046017,231.9,229.74099999999999,1.0,0.01978264561046017,1.094837520878986,1.0520225860194192,1.2562493463026885
2025-02-14,243.29,0.012779951710931714,235.344,230.57049999999998,1.0,0.012779951710931714,1.1088294915271357,1.058744984943488,1.2723041522853265
2025-02-18,243.16,-0.0005343417320892163,238.708,231.30750000000003,1.0,-0.0005343417320892163,1.1082369976560416,1.0584621191289403,1.27162430708085
2025-02-19,243.56,0.0016450074025333716,241.158,232.4315,1.0,0.0016450074025333716,1.110060055720947,1.0593327081395745,1.2737161384792393
2025-02-20,244.52,0.0039415339136148475,242.95,233.544,1.0,0.0039415339136148475,1.1144353950767203,1.0614204060370414,1.2787365338353738
2025-02-21,244.24,-0.0011451006052675128,243.754,234.651,1.0,-0.0011451006052675128,1.1131592544312865,1.0608126894623433,1.2772722518565012
2025-02-24,245.79,0.006346216835898977,244.254,235.8795,1.0,0.006346216835898977,1.1202236044327951,1.064178763137144,1.2853780985252594
2025-02-25,245.73,-0.00024411082631514702,244.76799999999997,236.75099999999998,1.0,-0.00024411082631514702,1.1199501457230594,1.0640488743585357,1.285064323815501
2025-02-26,239.05,-0.027184307980303468,243.86599999999999,236.86849999999998,1.0,-0.027184307980303468,1.089505076039138,1.0495861582052068,1.2501307394624002
2025-02-27,235.99,-0.012800669316042623,242.16,236.77799999999996,1.0,-0.012800669316042623,1.075558681842611,1.0428684555402667,1.2341282292647222
2025-02-28,240.53,0.019238103309462184,241.41800000000003,237.00300000000001,1.0,0.019238103309462184,1.0962503908792882,1.052899861083198,1.2578705156364405
2025-03-03,236.72,-0.01584001995593065,239.60399999999998,237.11699999999996,1.0,-0.01584001995593065,1.0788857628110635,1.044560883677621,1.2379458215667825
2025-03-04,234.62,-0.008871240283879644,237.382,237.52550000000002,0.0,-0.008871240283879644,1.0693147079703098,1.0399276083824982,1.2269637067252388
2025-03-05,234.43,-0.0008098201346858902,236.458,237.685,0.0,-0.0,1.0693147079703098,1.0399276083824982,1.225970086811004
2025-03-06,234.02,-0.001748922919421525,236.064,237.84050000000002,0.0,-0.0,1.0693147079703098,1.0399276083824982,1.223825959627655
2025-03-07,237.76,0.015981540039312847,235.51,238.14550000000003,0.0,0.0,1.0693147079703098,1.0399276083824982,1.243384583202595
2025-03-10,226.17,-0.0487466352624496,233.4,238.15049999999997,0.0,-0.0,1.0693147079703098,1.0399276083824982,1.1827737684342652
2025-03-11,219.53,-0.029358447185745207,230.38199999999998,237.81,0.0,-0.0,1.0693147079703098,1.0399276083824982,1.148049367221003
2025-03-12,215.67,-0.01758301826629627,226.63000000000002,237.02800000000002,0.0,-0.0,1.0693147079703098,1.0399276083824982,1.1278631942265462
2025-03-13,208.37,-0.03384800853155279,221.5,235.6685,0.0,-0.0,1.0693147079703098,1.0399276083824982,1.0896872712059418
2025-03-14,212.18,0.018284781878389333,216.38400000000001,234.2665,0.0,0.0,1.0693147079703098,1.0399276083824982,1.1096119652755998
2025-03-17,212.69,0.002403619568291049,213.68800000000002,232.73650000000004,0.0,0.0,1.0693147079703098,1.0399276083824982,1.112279050308546
2025-03-18,211.38,-0.006159198833983748,212.058,231.14749999999998,0.0,-0.0,1.0693147079703098,1.0399276083824982,1.105428302478821
2025-03-19,213.93,0.012063582174283383,211.70999999999998,229.666,0.0,0.0,1.0693147079703098,1.0399276083824982,1.1187637276435527
2025-03-20,212.79,-0.005328845884167821,212.594,228.0795,0.0,-0.0,1.0693147079703098,1.0399276083824982,1.1128020081581431
2025-03-21,216.96,0.019596785563231522,213.55,226.71549999999996,0.0,0.0,1.0693147079703098,1.0399276083824982,1.1346093504863517
2025-03-24,219.42,0.011338495575221152,214.89600000000002,225.397,0.0,0.0,1.0693147079703098,1.0399276083824982,1.1474741135864457
2025-03-25,222.44,0.013763558472336124,217.108,224.23250000000002,0.0,0.0,1.0693147079703098,1.0399276083824982,1.163267440644285
2025-03-26,220.22,-0.009980219385002709,218.36599999999999,223.29100000000003,0.0,-0.0,1.0693147079703098,1.0399276083824982,1.1516577763832243
2025-03-27,222.54,0.010534919625828643,220.31599999999997,222.61850000000004,0.0,0.0,1.0693147079703098,1.0399276083824982,1.1637903984938822
2025-03-28,216.59,-0.02673676642401357,220.24200000000002,221.42149999999998,0.0,-0.0,1.0693147079703098,1.0399276083824982,1.1326744064428416
2025-03-31,220.82,0.01952998753405044,220.522,220.62650000000002,0.0,0.0,1.0693147079703098,1.0399276083824982,1.1547955234808083
2025-04-01,221.88,0.00480028982881997,220.41,219.9895,1.0,0.0,1.0693147079703098,1.0399276083824982,1.1603388766865401
2025-04-02,222.58,0.003154858482062428,220.882,219.39700000000002,1.0,0.003154858482062428,1.072688244546744,1.0415680206005165,1.1639995816337214
2025-04-03,201.88,-0.09300026956599883,216.75,217.79000000000002,0.0,-0.09300026956599883,0.9729279486436188,0.9931349672569305,1.0557473067670755
2025-04-04,187.07,-0.07336041212601552,210.846,215.25549999999998,0.0,-0.0,0.9729279486436188,0.9931349672569305,0.9782972492417119
2025-04-07,180.15,-0.036991500507831176,202.712,212.9545,0.0,-0.0,0.9729279486436188,0.9931349672569305,0.9421085660495773
2025-04-08,171.11,-0.050180405217873925,192.558,210.5335,0.0,-0.0,0.9729279486436188,0.9931349672569305,0.8948331764459794
2025-04-09,197.54,0.1544620419613112,187.55,209.627,0.0,0.0,0.9729279486436188,0.9931349672569305,1.0330509360945517
2025-04-10,189.11,-0.042674901285815414,184.996,208.664,0.0,-0.0,0.9729279486436188,0.9931349672569305,0.9889655893734974
2025-04-11,196.84,0.040875680820686267,186.95,207.897,0.0,0.0,0.9729279486436188,0.9931349672569305,1.0293902311473704
2025-04-14,201.21,0.022200772200772212,191.162,207.323,0.0,0.0,0.9729279486436188,0.9931349672569305,1.0522434891747734
2025-04-15,200.83,-0.0018885741265344258,197.10600000000002,206.7955,0.0,-0.0,0.9729279486436188,0.9931349672569305,1.0502562493463037
2025-04-16,192.96,-0.0391873724045213,196.19,205.74699999999999,0.0,-0.0,0.9729279486436188,0.9931349672569305,1.0090994665829942
2025-04-17,195.67,0.014044361525704652,197.502,204.891,0.0,0.0,0.9729279486436188,0.9931349672569305,1.0232716243070814
2025-04-21,191.85,-0.019522665712679466,196.504,203.6355,0.0,-0.0,0.9729279486436188,0.9931349672569305,1.0032946344524638
2025-04-22,198.43,0.03429762835548611,195.948,202.58599999999998,0.0,0.0,0.9729279486436188,0.9931349672569305,1.0377052609559676
2025-04-23,203.29,0.024492264274555087,196.44,201.62849999999997,0.0,0.0,0.9729279486436188,0.9931349672569305,1.0631210124463972
2025-04-24,207.06,0.01854493580599148,199.26000000000002,200.9705,0.0,0.0,0.9729279486436188,0.9931349672569305,1.0828365233762163
2025-04-25,207.97,0.0043948613928330715,201.71999999999997,200.24200000000002,1.0,0.0,0.9729279486436188,0.9931349672569305,1.087595439807552
2025-04-28,208.83,0.004135211809395578,205.11600000000004,199.85399999999998,1.0,0.004135211809395578,0.9769512117865409,0.9951883789793928,1.092092877314089
2025-04-29,209.9,0.005123784896805983,207.41,199.30800000000002,1.0,0.005123784896805983,0.9819568996504091,0.9977379445722385,1.0976885263047804
2025-04-30,211.19,0.006145783706526853,208.99,198.7735,1.0,0.006145783706526853,0.9879917943647922,1.0008038853738064,1.1044346825645859
2025-05-01,212.01,0.0038827596003598863,209.98000000000002,198.245,1.0,0.0038827596003598863,0.991827928989439,1.0027468258208128,1.1087229369312839
2025-05-02,204.04,-0.037592566388377935,209.19400000000002,198.353,1.0,-0.037592566388377935,0.954542571723056,0.9838989125106107,1.0670431963183773
2025-05-05,197.58,-0.03166045873358159,206.94400000000002,198.87849999999997,1.0,-0.03166045873358159,0.9243213160215713,0.9683235670518316,1.0332601192343902
2025-05-06,197.2,-0.0019232715861930982,204.404,199.731,1.0,-0.0019232715861930982,0.9225435950979544,0.9673923924504556,1.0312728794059203
2025-05-07,194.94,-0.01146044624746445,201.154,200.9225,1.0,-0.01146044624746445,0.9119708338153917,0.9618490181935134,1.019454032005021
2025-05-08,196.18,0.006360931568687889,197.988,200.8545,0.0,0.006360931568687889,0.9177718178819306,0.9649081460855827,1.0259387093400278
2025-05-09,197.22,0.005301253950453555,196.624,201.26000000000002,0.0,0.0,0.9177718178819306,0.9649081460855827,1.0313774709758399
2025-05-12,209.74,0.06348240543555428,199.05599999999998,201.905,0.0,0.0,0.9177718178819306,0.9649081460855827,1.0968517937454247
2025-05-13,211.88,0.01020310861066065,201.992,202.4385,0.0,0.0,0.9177718178819306,0.9649081460855827,1.1080430917268074
2025-05-14,211.28,-0.0028317915801396865,205.26,202.96099999999998,1.0,-0.0,0.9177718178819306,0.9649081460855827,1.1049053446292234
2025-05-15,210.4,-0.004165088981446408,208.10399999999998,203.833,1.0,-0.004165088981446408,0.9139492165957885,0.9628986819418982,1.100303315552767
2025-05-16,210.21,-0.0009030418250950412,210.702,204.56,1.0,-0.0009030418250950412,0.9131238822271897,0.962463913050337,1.0993096956385322
2025-05-19,207.73,-0.01179772608344043,210.3,205.35399999999998,1.0,-0.01179772608344043,0.9023510967844256,0.9567864702446549,1.0863403409685186
2025-05-20,205.81,-0.009242767053386558,209.086,205.723,1.0,-0.009242767053386558,0.8940108757964793,0.9523647930125032,1.07629955025625
2025-05-21,201.04,-0.023176716388902396,207.038,205.6105,1.0,-0.023176716388902396,0.8732906392795501,0.94132844865929,1.0513544608304577
2025-05-22,200.31,-0.003631118185435711,205.01999999999998,205.273,0.0,-0.003631118185435711,0.8701196177580913,0.9396194112350926,1.0475368685283972
2025-05-23,194.22,-0.030402875542908547,201.82199999999997,204.5855,0.0,-0.0,0.8701196177580913,0.9396194112350926,1.0156887354879203
2025-05-27,199.16,0.025435073627844806,200.108,204.102,0.0,0.0,0.8701196177580913,0.9396194112350926,1.041522853258028
2025-05-28,199.37,0.001054428600120616,198.82,203.57549999999998,0.0,0.0,0.8701196177580913,0.9396194112350926,1.0426210647421825
2025-05-29,198.9,-0.0023574258915584068,198.392,202.96099999999998,0.0,-0.0,0.8701196177580913,0.9396194112350926,1.040163162849075
2025-05-30,199.8,0.004524886877828038,198.29000000000002,202.3505,0.0,0.0,0.8701196177580913,0.9396194112350926,1.044869783495451
2025-06-02,200.65,0.004254254254254297,199.57600000000002,202.181,0.0,0.0,0.8701196177580913,0.9396194112350926,1.0493149252170284
2025-06-03,202.22,0.007824570147022092,200.188,202.41299999999998,0.0,0.0,0.8701196177580913,0.9396194112350926,1.0575253634557062
2025-06-04,201.77,-0.0022252991791118504,200.66799999999998,202.6415,0.0,-0.0,0.8701196177580913,0.9396194112350926,1.0551720531325184
2025-06-05,199.58,-0.010853942607919942,200.804,202.87349999999998,0.0,-0.0,0.8701196177580913,0.9396194112350926,1.043719276226337
2025-06-06,202.87,0.016484617697164028,201.418,203.20800000000003,0.0,0.0,0.8701196177580913,0.9396194112350926,1.060924589478089
2025-06-09,200.4,-0.012175284665056463,201.36800000000002,203.367,0.0,-0.0,0.8701196177580913,0.9396194112350926,1.0480075305930352
2025-06-10,201.62,0.0060878243512973995,201.248,202.961,0.0,0.0,0.8701196177580913,0.9396194112350926,1.0543876163581225
2025-06-11,197.73,-0.019293720861025765,200.44,202.2535,0.0,-0.0,0.8701196177580913,0.9396194112350926,1.0340445560087865
2025-06-12,198.15,0.0021241086329844006,200.154,201.597,0.0,0.0,0.8701196177580913,0.9396194112350926,1.0362409789770952
2025-06-13,195.4,-0.01387837496845823,198.66000000000003,200.847,0.0,-0.0,0.8701196177580913,0.9396194112350926,1.0218596381131688
2025-06-16,197.37,0.010081883316274354,198.05400000000003,200.20499999999998,0.0,0.0,0.8701196177580913,0.9396194112350926,1.0321619077502362
2025-06-17,194.59,-0.014085220651568142,196.648,199.548,0.0,-0.0,0.8701196177580913,0.9396194112350926,1.0176236795314306
2025-06-18,195.53,0.004830669613032468,196.20800000000003,199.03400000000002,0.0,0.0,0.8701196177580913,0.9396194112350926,1.0225394833176453
2025-06-20,199.95,0.022605226819413904,196.568,198.9795,0.0,0.0,0.8701196177580913,0.9396194112350926,1.045654220269847
2025-06-23,200.45,0.002500625156289127,197.578,198.9865,0.0,0.0,0.8701196177580913,0.9396194112350926,1.0482690095178335
2025-06-24,199.25,-0.005986530306809623,197.954,199.238,0.0,-0.0,0.8701196177580913,0.9396194112350926,1.0419935153226658
2025-06-25,200.51,0.0063237139272269705,199.138,199.3055,0.0,0.0,0.8701196177580913,0.9396194112350926,1.0485827842275919
2025-06-26,199.95,-0.002792878160690293,200.022,199.3345,1.0,-0.0,0.8701196177580913,0.9396194112350926,1.045654220269847
2025-06-27,200.03,0.00040010002500623365,200.038,199.39100000000002,1.0,0.00040010002500623365,0.8704677526389147,0.9398073821100583,1.0460725865495246
2025-06-30,204.12,0.020446932960056063,200.772,199.607,1.0,0.020446932960056063,0.8882661484210133,0.9494154713787434,1.0674615625980552
2025-07-01,206.77,0.012982559278855499,202.276,199.91299999999998,1.0,0.012982559278855499,0.8997981163482898,0.9555783926974618,1.0813199456123843
2025-07-02,211.39,0.02234366687623912,204.452,200.3715,1.0,0.02234366687623912,0.9199029057158434,0.9662539553377437,1.1054805982637805
2025-07-03,212.5,0.00525095794503061,206.962,200.908,1.0,0.00525095794503061,0.9247332771872688,0.9687908347795927,1.111285430394311
2025-07-07,208.9,-0.016941176470588237,208.73600000000002,201.374,1.0,-0.016941176470588237,0.909067207550214,0.9605846065320479,1.0924589478088074
2025-07-08,208.96,0.0002872187649594071,209.704,201.67849999999999,1.0,0.0002872187649594071,0.9093283087108316,0.9607225554942114,1.092772722518566
2025-07-09,210.09,0.0054077335375191105,210.368,202.163,1.0,0.0054077335375191105,0.9142457139024627,0.9633202212860099,1.0986821462190157
2025-07-10,211.36,0.006045028321195689,210.362,202.65,1.0,0.006045028321195689,0.9197723551355348,0.9662318702960371,1.1053237109089018
2025-07-11,210.11,-0.005914080242240716,209.88400000000001,203.26899999999998,1.0,-0.005914080242240716,0.9143327476226685,0.9633746838892666,1.0987867377889353
2025-07-14,207.57,-0.012088905811241779,209.61800000000002,203.74,1.0,-0.012088905811241779,0.9032794651565241,0.9575516109820305,1.0855036084091632
2025-07-15,208.06,0.0023606494194730043,209.43800000000002,204.373,1.0,0.0023606494194730043,0.9054117913015678,0.9586818328093206,1.08806610187219
2025-07-16,209.11,0.005046621166971077,209.24200000000002,204.95999999999998,1.0,0.005046621166971077,0.9099810616123755,0.9611008848242438,1.0935571592929618
2025-07-17,208.97,-0.0006695040887572112,208.76399999999998,205.679,1.0,-0.0006695040887572112,0.9093718255709343,0.9607791543381948,1.0928250183035255
2025-07-18,210.13,0.005551036033880408,208.76800000000003,206.40900000000002,1.0,0.005551036033880408,0.9144197813428742,0.9634458141913611,1.0988913293588545
2025-07-21,211.43,0.006186646361776127,209.54000000000002,206.983,1.0,0.006186646361776127,0.9200769731562551,0.9664260634619288,1.1056897814036197
2025-07-22,213.35,0.0090810197228397,210.598,207.62800000000001,1.0,0.0090810197228397,0.9284322102960177,0.9708141305334108,1.1157305721158883
2025-07-23,213.1,-0.0011717834544175965,211.39600000000002,208.32049999999998,1.0,-0.0011717834544175965,0.9273442887934445,0.9702453385656739,1.1144231774918951
2025-07-24,212.71,-0.0018301267010792932,212.144,208.9305,1.0,-0.0018301267010792932,0.9256471312494303,0.9693575026153204,1.1123836418784656
2025-07-25,212.83,0.0005641483710216999,212.68400000000003,209.5745,1.0,0.0005641483710216999,0.9261693335706656,0.9696309333433395,1.1130111912979825
2025-07-28,213.0,0.0007987595733682795,212.998,210.223,1.0,0.0007987595733682795,0.9269091201924152,0.9700181843386605,1.1139002196422978
2025-07-29,210.22,-0.013051643192488305,212.372,210.52800000000002,1.0,-0.013051643192488305,0.9148114330838005,0.9636880187225537,1.0993619914234922
2025-07-30,208.0,-0.010560365331557464,211.352,210.5895,1.0,-0.010560365331557464,0.90515069014095,0.9585995699508763,1.0877523271624316
2025-07-31,206.52,-0.0071153846153845235,210.11399999999998,210.346,0.0,-0.0071153846153845235,0.8987101948457163,0.9551891676347048,1.0800125509883913
2025-08-01,201.33,-0.025130737943056314,207.814,209.7875,0.0,-0.0,0.8987101948457163,0.9551891676347048,1.0528710385942903
2025-08-04,202.3,0.0048179605622609145,205.67399999999998,209.45750000000004,0.0,0.0,0.8987101948457163,0.9551891676347048,1.0579437297353842
2025-08-05,201.87,-0.0021255561047949234,204.004,209.103,0.0,-0.0,0.8987101948457163,0.9551891676347048,1.0556950109821157
2025-08-06,212.2,0.05117154604448393,204.844,209.20850000000002,0.0,0.0,0.8987101948457163,0.9551891676347048,1.109716556845519
2025-08-07,218.98,0.031950989632422155,207.336,209.5895,0.0,0.0,0.8987101948457163,0.9551891676347048,1.1451730990482174
2025-08-08,228.3,0.04256096447164137,212.73000000000002,210.49900000000002,1.0,0.0,0.8987101948457163,0.9551891676347048,1.193912770630688
2025-08-11,226.39,-0.00836618484450291,217.548,211.44,1.0,-0.00836618484450291,0.8911914192339978,0.9511935230657554,1.183924275703379
2025-08-12,228.86,0.010910375899995772,222.946,212.48000000000002,1.0,0.010910375899995772,0.9009146526166915,0.9563824625108996,1.196841334588433
2025-08-13,232.54,0.016079699379533352,227.01399999999998,213.6515,1.0,0.016079699379533352,0.9154010893973846,0.9640716337554162,1.2160861834536145
2025-08-14,231.99,-0.002365184484389715,229.61599999999999,214.8025,1.0,-0.002365184484389715,0.9132359969437485,0.9629315301204169,1.2132099152808293
2025-08-15,230.8,-0.005129531445320912,230.11599999999999,215.836,1.0,-0.005129531445320912,0.9085515241804265,0.9604618363386951,1.2069867168706212
2025-08-18,230.1,-0.003032928942807711,230.858,216.76949999999997,1.0,-0.003032928942807711,0.9057959519667076,0.9590053300877481,1.20332601192344
2025-08-19,229.77,-0.00143415906127764,231.04000000000002,217.59050000000002,1.0,-0.00143415906127764,0.9044968964945259,0.9583176469957687,1.2016002510197688
2025-08-20,225.22,-0.019802411106758955,229.57600000000002,218.19650000000001,1.0,-0.019802411106758955,0.8865856771053537,0.9488291469874327,1.1778056688630905
2025-08-21,224.11,-0.0049285143415326305,228.0,218.7665,1.0,-0.0049285143415326305,0.8822161268807426,0.9464909879581369,1.1720008367325603
2025-08-22,226.97,0.012761590290482294,227.234,219.4735,1.0,0.012761590290482294,0.8934746076396508,0.9525303530591148,1.1869574312310436
2025-08-25,226.37,-0.002643521170198726,226.488,220.142,1.0,-0.002643521170198726,0.8911126885993204,0.9512713359823305,1.1838196841334596
2025-08-26,228.52,0.009497724963555276,226.238,221.05699999999996,1.0,0.009497724963555276,0.899576231827171,0.9557887927397676,1.195063277899802
2025-08-27,229.7,0.00516366182391037,227.13400000000001,222.142,1.0,0.00516366182391037,0.9042213392731541,0.9582564777901634,1.2012341805250504
2025-08-28,231.77,0.009011754462342259,228.666,223.4045,1.0,0.009011754462342259,0.912369959962294,0.9625742638350605,1.212059408011715
2025-08-29,231.35,-0.0018121413470251202,229.542,224.90550000000002,1.0,-0.0018121413470251202,0.9107166166340627,0.9617021035235216,1.2098629850434062
2025-09-02,228.93,-0.010460341473957135,230.054,226.237,1.0,-0.010460341473957135,0.9011902098380634,0.9566722373239821,1.1972074050831512
2025-09-03,237.68,0.03822129035076216,231.88600000000002,228.0275,1.0,0.03822129035076216,0.9356348625095483,0.9749548610006187,1.2429662169229168
2025-09-04,238.99,0.005511612251767106,233.744,229.36700000000002,1.0,0.005511612251767106,0.9407917190809364,0.977641647579024,1.2498169647526418
2025-09-05,238.9,-0.0003765847943428824,235.17,230.363,1.0,-0.0003765847943428824,0.9404374312248868,0.9774575650896268,1.2493463026880043
2025-09-08,237.09,-0.007576391795730442,236.31799999999998,230.8025,1.0,-0.007576391795730442,0.9333123087865567,0.973754764351217,1.2398807656102928
2025-09-09,233.56,-0.014888860770171708,237.244,231.161,1.0,-0.014888860770171708,0.9194163517659462,0.9665057147958588,1.2214203535195072
2025-09-10,226.0,-0.03236855625963353,234.908,231.01799999999997,1.0,-0.03236855625963353,0.8896561718577831,0.9508635174935453,1.1818847400899495
2025-09-11,229.24,0.014336283185840681,232.958,230.85299999999998,1.0,0.014336283185840681,0.9024105346755672,0.9576794418224813,1.1988285744169027
2025-09-12,233.28,0.017623451404641388,231.834,230.91750000000002,1.0,0.017623451404641388,0.9183141228804585,0.9661182503745726,1.2199560715406346
2025-09-15,235.91,0.011274005486968441,231.598,231.173,1.0,0.011274005486968441,0.9286672013405735,0.9715642616024642,1.233709862985044
2025-09-16,237.36,0.006146411767199433,232.358,231.536,1.0,0.006146411767199433,0.9343751723547054,0.9745500786075161,1.2412927518042054
2025-09-17,238.2,0.003538928210313319,234.798,231.95749999999998,1.0,0.003538928210313319,0.9376818590111677,0.9762745099902896,1.2456855977408228
2025-09-18,237.09,-0.004659949622166204,236.36800000000002,232.551,1.0,-0.004659949622166204,0.9333123087865566,0.9739998149733098,1.2398807656102926
2025-09-19,244.71,0.03213969378716941,238.654,233.581,1.0,0.03213969378716941,0.9633086805987526,0.9896518428743107,1.2797301537496086
2025-09-22,255.29,0.04323484941359146,242.53000000000003,234.99699999999999,1.0,0.04323484941359146,1.0049571863432452,1.0110455670735878,1.3350590942370053
2025-09-23,253.64,-0.0064632378863254125,245.78599999999997,236.3605,1.0,-0.0064632378863254125,0.9984619089823366,1.0077782530666322,1.3264302897186495
2025-09-24,251.52,-0.008358303106765441,248.45,237.5105,1.0,-0.008358303106765441,0.9901164617065026,1.0035665950148636,1.3153435833071863
2025-09-25,256.08,0.018129770992366234,252.248,238.8295,1.0,0.018129770992366234,1.0080670464130135,1.0126638112864677,1.339190461248824
2025-09-26,254.67,-0.005506091846298022,254.24,239.97449999999998,1.0,-0.005506091846298022,1.0025165366682371,1.0098759013092848,1.3318167555695017
2025-09-29,253.64,-0.004044449679977968,253.91,241.089,1.0,-0.004044449679977968,0.9984619089823367,1.0078337051763508,1.3264302897186493
2025-09-30,253.84,0.0007885191610157438,253.95,242.33450000000002,1.0,0.0007885191610157438,0.9992492153291136,1.0082310532701753,1.3274762054178442
2025-10-01,254.66,0.003230381342578026,254.57800000000003,243.1835,1.0,0.003230381342578026,1.0024771713508984,1.0098595386619214,1.3317644597845422
2025-10-02,256.34,0.006597031335898729,254.63000000000002,244.05100000000002,1.0,0.006597031335898729,1.0090905446638234,1.0131905761726256,1.3405501516577771
2025-10-03,257.23,0.003471951314660382,255.142,244.96749999999997,1.0,0.003471951314660382,1.0125940579069803,1.0149494503490977,1.3452044765191935
2025-10-06,255.9,-0.005170470007386463,255.594,245.908,1.0,-0.005170470007386463,1.0073584707009144,1.012325567503076,1.338249137119549
2025-10-07,255.69,-0.0008206330597889666,255.96400000000003,247.0145,1.0,-0.0008206330597889666,1.0065317990367988,1.0119101935890946,1.3371509256353946
2025-10-08,257.27,0.006179357816105346,256.486,248.57800000000003,1.0,0.006179357816105346,1.0127515191763354,1.0150366711710703,1.3454136596590323
2025-10-09,253.25,-0.01562560733859364,255.86800000000002,249.77850000000004,1.0,-0.01562560733859364,0.9969266616061219,1.0071063889420742,1.32439075410522
2025-10-10,244.48,-0.0346298124383021,253.31799999999998,250.33849999999998,1.0,-0.0346298124383021,0.9624032782999592,0.9896684362648343,1.2785273506955348
2025-10-13,246.87,0.009775850785340268,251.512,250.88649999999998,1.0,0.009775850785340268,0.971811589143942,0.9945058617447773,1.2910260433009109
2025-10-14,246.98,0.0004455786446306842,249.76999999999998,251.3675,0.0,0.0004455786446306842,0.9722446076346691,0.9947274270317541,1.2916012969354678
2025-10-15,248.55,0.0063567900234837715,248.026,251.88500000000005,0.0,0.0,0.9722446076346691,0.9947274270317541,1.2998117351741458
2025-10-16,246.66,-0.007604103802052009,246.708,252.36350000000002,0.0,-0.0,0.9722446076346691,0.9947274270317541,1.2899278318167562
2025-10-17,251.5,0.01962215195005279,248.112,252.70300000000003,0.0,0.0,0.9722446076346691,0.9947274270317541,1.3152389917372667
2025-10-20,261.45,0.0395626242544731,251.02799999999996,253.01100000000002,0.0,0.0,0.9722446076346691,0.9947274270317541,1.3672732977722002
2025-10-21,261.98,0.00202715624402372,254.02799999999996,253.42799999999997,1.0,0.0,0.9722446076346691,0.9947274270317541,1.370044974375066
2025-10-22,257.66,-0.016489808382319282,255.85,253.73500000000004,1.0,-0.016489808382319282,0.9562124803540303,0.9865259946995586,1.3474531952724615
2025-10-23,258.79,0.004385624466350935,258.276,253.87050000000005,1.0,0.004385624466350935,0.9604060692029011,0.9886892609690813,1.353362618972911
2025-10-24,262.03,0.012519803701843024,260.38199999999995,254.23850000000002,1.0,0.012519803701843024,0.9724301646633801,0.9948783587038078,1.3703064532998641
2025-10-27,268.02,0.022859977865129943,261.696,254.95749999999998,1.0,0.022859977865129943,0.9946598967029696,1.0062498073330406,1.4016316284907437
2025-10-28,268.21,0.0007089023207222933,262.942,255.676,1.0,0.0007089023207222933,0.9953650134120717,1.006606473744863,1.4026252484049786
2025-10-29,268.91,0.002609895231348691,265.192,256.3885,1.0,0.002609895231348691,0.9979628118140272,1.0079200424626986,1.4062859533521601
2025-10-30,270.61,0.006321817708526911,267.55600000000004,257.102,1.0,0.006321817708526911,1.0042717507902044,1.0111059858493086,1.4151762367953145
2025-10-31,269.58,-0.0038062155870072223,269.066,257.71950000000004,1.0,-0.0038062155870072223,1.0004492759987555,1.0091817421675806,1.409789770944462
2025-11-03,268.26,-0.004896505675495155,269.114,258.3375,1.0,-0.004896505675495155,0.9955505704407827,1.0067110101035157,1.4028867273297774
2025-11-04,269.25,0.003690449563855891,269.322,259.01550000000003,1.0,0.003690449563855891,0.9992245996092624,1.0085686182075986,1.4080640100407908
2025-11-05,269.35,0.0003714020427112441,269.40999999999997,259.61949999999996,1.0,0.0003714020427112441,0.9995957136666845,1.0087559104301071,1.4085869678903882
2025-11-06,268.98,-0.0013736773714497774,269.084,260.406,1.0,-0.0013736773714497774,0.9982225916542224,1.00806305784637,1.406652023846878
2025-11-07,267.68,-0.0048330730909361685,268.704,261.56600000000003,1.0,-0.0048330730909361685,0.9933981089077338,1.005627036626948,1.3998535718021128
2025-11-10,268.9,0.004557680812910858,268.832,262.6675,1.0,0.004557680812910858,0.9979257004082845,1.0079187001518377,1.4062336575672
2025-11-11,274.72,0.021643733730011272,269.92600000000004,264.0545,1.0,0.021643733730011272,1.0195245385502565,1.0188262621356303,1.4366698044137645
2025-11-12,272.94,-0.0064793244030286745,270.644,265.274,1.0,-0.0064793244030286745,1.0129187083281412,1.0155256092042795,1.427361154690932
2025-11-13,272.42,-0.001905180625778491,271.332,266.562,1.0,-0.001905180625778491,1.010988915229546,1.0145582293464606,1.424641773873026
2025-11-14,271.88,-0.0019822333162029526,272.172,267.581,1.0,-0.0019822333162029526,1.008984899319466,1.0135526837847413,1.4218178014852003
2025-11-17,266.93,-0.01820656171840518,271.77799999999996,267.855,1.0,-0.01820656171840518,0.9906147534770674,1.0043260290386502,1.395931387930133
2025-11-18,266.91,-7.49260105644689e-05,270.216,268.10150000000004,1.0,-7.49260105644689e-05,0.990540530665583,1.0042884039673192,1.3958267963602136
2025-11-19,268.03,0.0041961709939677405,269.23400000000004,268.62,1.0,0.0041961709939677405,0.9946970081087113,1.006395486902472,1.401683924275703
2025-11-20,265.72,-0.008618438234525794,267.894,268.9665,0.0,-0.008618438234525794,0.9861242733822588,1.0020587082307848,1.3896035979500052
2025-11-21,270.96,0.019720006021375802,267.71000000000004,269.413,0.0,0.0,0.9861242733822588,1.0020587082307848,1.4170065892689048
2025-11-24,275.39,0.01634927664599939,269.402,269.78149999999994,0.0,0.0,0.9861242733822588,1.0020587082307848,1.4401736220060661
2025-11-25,276.44,0.003812774610552294,271.308,270.19300000000004,1.0,0.0,0.9861242733822588,1.0020587082307848,1.445664679426838
2025-11-26,277.02,0.002098104471133011,273.106,270.59849999999994,1.0,0.002098104471133011,0.9881932651293349,1.0031099201588234,1.4486978349545026
2025-11-28,278.32,0.004692801963757098,275.626,270.98400000000004,1.0,0.004692801963757098,0.9928306604245054,1.0054636182604162,1.4554962869992676
2025-12-01,282.57,0.015270192584075915,277.948,271.6335,1.0,0.015270192584075915,1.007991375812563,1.0131404298039755,1.477721995607154
2025-12-02,285.66,0.010935343454719249,280.002,272.5035,1.0,0.010935343454719249,1.0190141077064683,1.0186799490878595,1.4938813931597112
2025-12-03,283.62,-0.007141356857803038,281.438,273.222,1.0,-0.007141356857803038,1.0117369643202005,1.0150425705676969,1.4832130530279257
2025-12-04,280.17,-0.012164163317114451,282.06800000000004,273.76300000000003,1.0,-0.012164163317114451,0.999430030652248,1.0088689987665924,1.465171007216818
2025-12-05,278.25,-0.006852982117999895,282.054,274.2265,1.0,-0.006852982117999895,0.9925809545239961,1.0054121181626166,1.4551302165045492
2025-12-08,277.36,-0.0031985624438454208,281.012,274.7105,1.0,-0.0031985624438454208,0.9894061223603794,1.0038041814417455,1.450475891643133
2025-12-09,276.65,-0.0025598500144218272,279.21000000000004,275.098,1.0,-0.0025598500144218272,0.9868733910837861,1.0025193873675755,1.446762890910992
2025-12-10,278.25,0.0057834809325862935,278.13599999999997,275.2745,1.0,0.0057834809325862935,0.992580954523996,1.0054184132482697,1.4551302165045492
2025-12-11,277.5,-0.0026954177897574594,277.602,275.5025,1.0,-0.0026954177897574594,0.9899055341613976,1.0040634019096601,1.4512080326325691
2025-12-12,277.75,0.0009009009009008917,277.50199999999995,275.769,1.0,0.0009009009009008917,0.9907973409489303,1.0045156827213313,1.4525154272565624
2025-12-15,273.58,-0.015013501350135017,276.746,275.854,1.0,-0.015013501350135017,0.9759220037328834,0.9969750339419471,1.430708084928354
2025-12-16,274.08,0.0018276189779955487,276.23199999999997,276.2115,1.0,0.0018276189779955487,0.977705617307949,0.9978860791882571,1.4333228741763406
2025-12-17,271.31,-0.01010653823701102,274.84399999999994,276.4315,0.0,-0.01010653823701102,0.9678243981020858,0.9928434922805086,1.4188369417424949
2025-12-18,271.66,0.001290037226788554,273.676,276.613,0.0,0.0,0.9678243981020858,0.9928434922805086,1.4206672942160854
2025-12-19,273.14,0.005447986453655185,272.754,276.98400000000004,0.0,0.0,0.9678243981020858,0.9928434922805086,1.4284070703901255
2025-12-22,270.44,-0.009885040638500375,272.126,276.95799999999997,0.0,-0.0,0.9678243981020858,0.9928434922805086,1.4142872084509979
2025-12-23,271.83,0.005139772223043959,271.67600000000004,276.78000000000003,0.0,0.0,0.9678243981020858,0.9928434922805086,1.4215563225604007
2025-12-24,273.28,0.00533421623809005,272.07,276.62199999999996,0.0,0.0,0.9678243981020858,0.9928434922805086,1.429139211379562
2025-12-26,272.87,-0.0015002927400467048,272.312,276.4145,0.0,-0.0,0.9678243981020858,0.9928434922805086,1.4269950841962131
2025-12-29,273.23,0.0013193095613295291,272.33000000000004,276.15999999999997,0.0,0.0,0.9678243981020858,0.9928434922805086,1.4288777324547635
2025-12-30,272.55,-0.0024887457453427464,272.752,275.659,0.0,-0.0,0.9678243981020858,0.9928434922805086,1.4253216190775018
2025-12-31,271.33,-0.004476242891212734,272.65199999999993,274.9425,0.0,-0.0,0.9678243981020858,0.9928434922805086,1.4189415333124142
2026-01-02,270.48,-0.0031327166181401855,272.092,274.2855,0.0,-0.0,0.9678243981020858,0.9928434922805086,1.414496391590837
2026-01-05,266.73,-0.013864241348713446,270.86400000000003,273.61350000000004,0.0,-0.0,0.9678243981020858,0.9928434922805086,1.3948854722309374
2026-01-06,261.83,-0.01837063697371888,268.584,272.7925,0.0,-0.0,0.9678243981020858,0.9928434922805086,1.3692605376006683
2026-01-07,259.8,-0.007753122254898104,266.034,271.9145,0.0,-0.0,0.9678243981020858,0.9928434922805086,1.3586444932538428
2026-01-08,258.51,-0.004965357967667505,263.47,271.0075,0.0,-0.0,0.9678243981020858,0.9928434922805086,1.3518983369940374
2026-01-09,258.84,0.001276546361842712,261.14199999999994,270.037,0.0,0.0,0.9678243981020858,0.9928434922805086,1.3536240978977083
2026-01-12,259.72,0.0033997836501316048,259.74,269.148,0.0,0.0,0.9678243981020858,0.9928434922805086,1.3582261269741651
2026-01-13,260.52,0.0030802402587399857,259.47799999999995,268.2865,0.0,0.0,0.9678243981020858,0.9928434922805086,1.3624097897709435
2026-01-14,259.43,-0.00418393981268228,259.404,267.579,0.0,-0.0,0.9678243981020858,0.9928434922805086,1.3567095492103327
2026-01-15,257.68,-0.006745557568515581,259.238,266.759,0.0,-0.0,0.9678243981020858,0.9928434922805086,1.3475577868423796
2026-01-16,255.0,-0.010400496740142873,258.47,265.9435,0.0,-0.0,0.9678243981020858,0.9928434922805086,1.3335425164731713
2026-01-20,246.17,-0.034627450980392216,255.76,264.669,0.0,-0.0,0.9678243981020858,0.9928434922805086,1.2873653383537278
2026-01-21,247.12,0.0038591217451355853,253.08,263.368,0.0,0.0,0.9678243981020858,0.9928434922805086,1.2923334379249025
2026-01-22,247.82,0.0028326319197151673,250.75799999999998,262.23699999999997,0.0,0.0,0.9678243981020858,0.9928434922805086,1.2959941428720838
2026-01-23,247.51,-0.0012509079170365256,248.724,261.021,0.0,-0.0,0.9678243981020858,0.9928434922805086,1.2943729735383322
2026-01-26,254.88,0.029776574683851198,248.7,260.101,0.0,0.0,0.9678243981020858,0.9928434922805086,1.3329149670536549
2026-01-27,257.74,0.011220966729441395,251.01399999999998,259.34450000000004,0.0,0.0,0.9678243981020858,0.9928434922805086,1.3478715615521384
2026-01-28,255.91,-0.007100178474431673,252.772,258.4785,0.0,-0.0,0.9678243981020858,0.9928434922805086,1.3383014329045073
2026-01-29,257.75,0.007190027744128802,254.75799999999998,257.7385,0.0,0.0,0.9678243981020858,0.9928434922805086,1.347923857337098
2026-01-30,258.95,0.004655674102812757,257.046,257.11949999999996,0.0,0.0,0.9678243981020858,0.9928434922805086,1.3541993515322657
2026-02-02,269.48,0.04066422089206423,259.966,257.0695,1.0,0.0,0.9678243981020858,0.9928434922805086,1.4092668130948638
2026-02-03,268.95,-0.0019667507792787697,262.20799999999997,257.1805,1.0,-0.0019667507792787697,0.9659209287129135,0.9918671544244364,1.4064951364919978
2026-02-04,275.96,0.026064324223833424,266.21799999999996,257.887,1.0,0.026064324223833424,0.9910970049734731,1.0047933279743813,1.44315448174877
2026-02-05,275.38,-0.0021017538773734357,269.744,258.666,1.0,-0.0021017538773734357,0.9890139630004169,1.0037374138378667,1.4401213262211057
2026-02-06,277.59,0.008025274166606033,273.472,259.62,1.0,0.008025274166606033,0.9969510712080968,1.0077650478065312,1.4516786946972062
2026-02-09,274.35,-0.011671890197773482,274.446,260.39549999999997,1.0,-0.011671890197773482,0.9853147677724032,1.0018837863149552,1.4347348603702532
2026-02-10,273.41,-0.0034262802988882513,275.338,261.08,1.0,-0.0034262802988882513,0.981938803195381,1.000167418975542,1.4298190565840385
2026-02-11,275.23,0.006656669470758159,275.192,261.81550000000004,1.0,0.006656669470758159,0.9884752452487645,1.003496310937313,1.4393368894467098
2026-02-12,261.46,-0.050030883261272474,272.408,261.91700000000003,1.0,-0.050030883261272474,0.9390209556470659,0.9783934075445018,1.3673255935571584
2026-02-13,255.51,-0.022756827048114436,267.992,261.8085,1.0,-0.022756827048114436,0.9176518181648505,0.967260842764249,1.3362096015061178
2026-02-17,263.61,0.03170130327580134,265.84400000000005,262.239,1.0,0.03170130327580134,0.9467425767540849,0.9825925574258872,1.3785691873235009
2026-02-18,264.08,0.001782936914380917,263.978,263.1345,1.0,0.001782936914380917,0.9484305590425959,0.9834685076971026,1.381027089216608
2026-02-19,260.31,-0.01427597697667371,260.994,263.794,0.0,-0.01427597697667371,0.93489078621773,0.9764485208105188,1.361311578286789
2026-02-20,264.31,0.015366294034036443,261.56399999999996,264.6185,0.0,0.0,0.93489078621773,0.9764485208105188,1.3822298922706822
2026-02-23,265.91,0.006053497786689954,263.644,265.5385,0.0,0.0,0.93489078621773,0.9764485208105188,1.3905972178642394
2026-02-24,271.87,0.022413598585987682,265.296,266.38800000000003,0.0,0.0,0.93489078621773,0.9764485208105188,1.4217655057002396
2026-02-25,273.96,0.007687497701106993,267.272,267.19899999999996,1.0,0.0,0.93489078621773,0.9764485208105188,1.4326953247568235
2026-02-26,272.68,-0.004672214921886297,269.746,268.0375,1.0,-0.004672214921886297,0.9305227755360296,0.9741674321358265,1.4260014642819778
2026-02-27,263.91,-0.032162241455185536,269.66600000000005,268.3455,1.0,-0.032162241455185536,0.9005950773496904,0.9585017280507612,1.3801380608722926
2026-03-02,264.45,0.0020461520973058533,269.37399999999997,268.6205,1.0,0.0020461520973058533,0.9024378318560328,0.9594823482113224,1.382962033260118
2026-03-03,263.48,-0.0036679901682736826,267.696,268.3205,0.0,-0.0036679901682736826,0.8991276987613066,0.9577226623013867,1.3778893421190241
2026-03-04,262.25,-0.004668286017914136,265.354,267.9855,0.0,-0.0,0.8991276987613066,0.9577226623013867,1.371456960568977
2026-03-05,260.02,-0.008503336510962911,262.822,267.18850000000003,0.0,-0.0,0.8991276987613066,0.9577226623013867,1.3597950005229567
2026-03-06,257.19,-0.010883778170909908,261.47799999999995,266.279,0.0,-0.0,0.8991276987613066,0.9577226623013867,1.3449952933793525
2026-03-09,259.61,0.009409386057000813,260.51000000000005,265.38,0.0,0.0,0.8991276987613066,0.9577226623013867,1.357650873339608
2026-03-10,260.56,0.0036593351565810117,259.92600000000004,264.69050000000004,0.0,0.0,0.8991276987613066,0.9577226623013867,1.3626189729107825
2026-03-11,260.54,-7.675775253290773e-05,259.584,264.047,0.0,-0.0,0.8991276987613066,0.9577226623013867,1.3625143813408631
2026-03-12,255.49,-0.019382820296307668,258.678,263.06,0.0,-0.0,0.8991276987613066,0.9577226623013867,1.3361050099361984
2026-03-13,249.85,-0.022075227993267887,257.21000000000004,262.47950000000003,0.0,-0.0,0.8991276987613066,0.9577226623013867,1.3066101872189093
2026-03-16,252.55,0.01080648389033434,255.798,262.3315,0.0,0.0,0.8991276987613066,0.9577226623013867,1.3207300491580372
2026-03-17,253.96,0.005583052860819615,254.478,261.84900000000005,0.0,0.0,0.8991276987613066,0.9577226623013867,1.3281037548373593
2026-03-18,249.67,-0.016892424003780215,252.304,261.1285,0.0,-0.0,0.8991276987613066,0.9577226623013867,1.305668863089634
2026-03-19,248.69,-0.003925181239235798,250.94400000000002,260.5475,0.0,-0.0,0.8991276987613066,0.9577226623013867,1.3005438761635804
2026-03-20,247.72,-0.0039004382966745244,250.51800000000003,259.718,0.0,-0.0,0.8991276987613066,0.9577226623013867,1.2954711850224865
2026-03-23,251.22,0.014128855159050602,250.252,258.9835,0.0,0.0,0.8991276987613066,0.9577226623013867,1.313774709758393
2026-03-24,251.37,0.0005970862192501425,249.73399999999998,257.95849999999996,0.0,0.0,0.8991276987613066,0.9577226623013867,1.314559146532789
2026-03-25,252.35,0.0038986354775827348,250.26999999999998,256.87800000000004,0.0,0.0,0.8991276987613066,0.9577226623013867,1.3196841334588427
2026-03-26,252.62,0.0010699425401228257,251.05599999999998,255.875,0.0,0.0,0.8991276987613066,0.9577226623013867,1.3210961196527555
2026-03-27,248.53,-0.016190325389913718,251.218,255.106,0.0,-0.0,0.8991276987613066,0.9577226623013867,1.2997071436042251
2026-03-30,246.36,-0.008731340280851319,250.246,254.20150000000004,0.0,-0.0,0.8991276987613066,0.9577226623013867,1.2883589582679633
2026-03-31,253.52,0.029063159603831767,250.67600000000002,253.7035,0.0,0.0,0.8991276987613066,0.9577226623013867,1.3258027402991315
2026-04-01,255.36,0.007257810034711376,251.27800000000002,253.359,0.0,0.0,0.8991276987613066,0.9577226623013867,1.3354251647317223
2026-04-02,255.65,0.001135651629072587,251.88400000000001,253.14049999999997,0.0,0.0,0.8991276987613066,0.9577226623013867,1.3369417424955545
2026-04-06,258.59,0.011500097789947095,253.89600000000002,253.2105,1.0,0.0,0.8991276987613066,0.9577226623013867,1.3523167032737158
2026-04-07,253.23,-0.02072779303143968,255.26999999999998,252.8915,1.0,-0.02072779303143968,0.8804907659125476,0.9477969237385355,1.3242861625352993
2026-04-08,258.63,0.021324487619950316,256.29200000000003,252.795,1.0,0.021324487619950316,0.8992667803497303,0.9579025656217803,1.3525258864135548
2026-04-09,260.22,0.006147778679967741,257.264,252.779,1.0,0.006147778679967741,0.9047952734895676,0.9608470521069884,1.3608409162221524
2026-04-10,260.21,-3.842902159734152e-05,258.17600000000004,253.01500000000001,1.0,-3.842902159734152e-05,0.9047605030924615,0.9608285899009298,1.3607886204371924
2026-04-13,258.93,-0.004919103800776203,258.24399999999997,253.469,1.0,-0.004919103800776203,0.9003098922629071,0.9584653821166917,1.3540947599623467
2026-04-14,258.56,-0.001428957633337169,259.31000000000006,253.76949999999997,1.0,-0.001428957633337169,0.8990233875699891,0.9577805789046592,1.3521598159188366
2026-04-15,266.16,0.02939356435643581,260.816,254.3795,1.0,0.02939356435643581,0.9254488893704685,0.9718568714473486,1.3919046124882333
2026-04-16,263.13,-0.01138412984670889,261.398,255.0525,1.0,-0.01138412984670889,0.9149134590473826,0.966324999038862,1.3760589896454343
2026-04-17,269.96,0.025956751415650015,263.348,256.116,1.0,0.025956751415650015,0.9386616402707081,0.978866327932252,1.4117770107729313
2026-04-20,272.78,0.010445991998814685,266.118,257.369,1.0,0.010445991998814685,0.9484668922545701,0.9839789428469966,1.4265244221315758
2026-04-21,265.9,-0.02522179045384554,267.58599999999996,258.103,1.0,-0.02522179045384554,0.9245448590457153,0.9715700874932548,1.39054492207928
2026-04-22,272.9,0.026325686348251276,268.934,259.1795,1.0,0.026325686348251276,0.948884137019841,0.9843587121876,1.4271519715510927
2026-04-23,273.16,0.0009527299377063425,270.93999999999994,260.21999999999997,1.0,0.0009527299377063425,0.9497881673445945,0.9848276261948716,1.4285116619600462
2026-04-24,270.79,-0.008676233709181469,271.106,261.12850000000003,1.0,-0.008676233709181469,0.9415475832304976,0.9805553288708091,1.4161175609245895
2026-04-27,267.34,-0.012740500018464607,270.018,262.069,1.0,-0.012740500018464607,0.9295517962289641,0.974308946278017,1.3980755151134818
2026-04-28,270.44,0.011595720804967513,270.92600000000004,263.273,1.0,0.011595720804967513,0.9403306193317912,0.979957853537428,1.414287208450999
2026-04-29,269.9,-0.001996746043484765,270.32599999999996,264.092,1.0,-0.001996746043484765,0.9384530178880729,0.9789794900540116,1.4114632360631734
2026-04-30,271.08,0.0043719896257874424,269.90999999999997,264.878,1.0,0.0043719896257874424,0.9425559247465685,0.981119534141199,1.417634138688422
2026-05-01,279.87,0.032425852146967804,271.726,266.089,1.0,0.032425852146967804,0.9731191038026492,0.9970263526174813,1.4636021336680267
2026-05-04,276.56,-0.011826919641262035,273.57,266.9875,1.0,-0.011826919641262035,0.9616101023605983,0.9911304773411675,1.4462922288463553
2026-05-05,283.91,0.026576511426092075,276.264,268.5215,1.0,0.026576511426092075,0.9871663442334303,1.0043008725690703,1.4847296307917586
2026-05-06,287.24,0.011729069071184428,279.732,269.952,1.0,0.011729069071184428,0.9987448864696928,1.0101906297203769,1.5021441271833493
2026-05-07,287.17,-0.0002436986492131421,282.95,271.29949999999997,1.0,-0.0002436986492131421,0.9985014936899517,1.0100675386744216,1.5017780566886314
2026-05-08,293.05,0.020475676428596268,285.586,272.9415,1.0,0.020475676428596268,1.0189464871882172,1.0204084467208845,1.532527978244954
2026-05-11,292.68,-0.001262583176932286,288.81000000000006,274.629,1.0,-0.001262583176932286,1.0176599824952992,1.01976427145167,1.5305930342014438
2026-05-12,294.8,0.007243405767391131,290.988,276.44100000000003,1.0,0.007243405767391131,1.025031306681749,1.0234575546542761,1.5416797406129072
2026-05-13,298.87,0.013805970149253666,293.314,278.0765,1.0,0.013805970149253666,1.0391828583038476,1.0305224668785689,1.5629641250915183
2026-05-14,298.21,-0.0022083179977917533,295.522,279.83050000000003,1.0,-0.0022083179977917533,1.0368880120948585,1.0293846062232006,1.5595126032841757
2026-05-15,300.23,0.006773750041916937,296.95799999999997,281.344,1.0,0.006773750041916937,1.0439116323102493,1.032871003232977,1.5700763518460419
2026-05-18,297.84,-0.0079605635679314,297.98999999999995,282.597,1.0,-0.0079605635679314,1.0356015074019405,1.0287598855936224,1.5575776592406656
2026-05-19,298.97,0.0037939833467635076,298.82399999999996,284.2505,1.0,0.0037939833467635076,1.0395305622749067,1.0307114345305026,1.5634870829411156
2026-05-20,302.25,0.010971000434826239,299.5,285.718,1.0,0.010971000434826239,1.05093525252564,1.0363654023287097,1.5806401004079078
2026-05-21,304.99,0.009065343258891634,300.85600000000005,287.3095,1.0,0.009065343258891634,1.0604623413326548,1.0410629063855843,1.5949691454868744
2026-05-22,308.82,0.012557788779959944,302.574,289.21099999999996,1.0,0.012557788779959944,1.073779403424212,1.0475996304281048,1.6149984311264518
2026-05-26,308.33,-0.0015866848002072942,304.672,291.2605,1.0,-0.0015866848002072942,1.0720756539660232,1.0467685252229533,1.6124359376634247
2026-05-27,310.85,0.008173061330392972,307.04799999999994,293.281,1.0,0.008173061330392972,1.0808377940367087,1.0510461769006394,1.6256144754732775
2026-05-28,312.51,0.005340196236126582,309.1,295.41150000000005,1.0,0.005340196236126582,1.0866096799562868,1.0538525733195794,1.634295575776593
2026-05-29,312.06,-0.0014399539214744461,310.514,297.4605,1.0,-0.0014399539214744461,1.0850450120865216,1.0530938237467757,1.631942265453405
2026-06-01,306.31,-0.018425943728770156,310.012,298.7825,1.0,-0.018425943728770156,1.0650520337506326,1.043391699978039,1.6018721891015588
2026-06-02,315.2,0.02902288531226538,311.386,300.7145,1.0,0.02902288531226538,1.0959629167777722,1.0585328188001553,1.648363141930761
2026-06-03,310.26,-0.015672588832487344,311.268,302.03200000000004,1.0,-0.015672588832487344,1.0787863406074607,1.0502378439827809,1.6225290241606531
2026-06-04,311.23,0.0031264101076518003,311.012,303.2315,1.0,0.0031264101076518003,1.0821590691267327,1.051879581088214,1.6276017153017475
2026-06-05,307.34,-0.012498795103299987,310.068,304.24,1.0,-0.012498795103299987,1.0686333846525398,1.0453059674095306,1.6072586549524113
2026-06-08,301.54,-0.01887160799114973,309.114,304.6645,1.0,-0.01887160799114973,1.0484665543311216,1.0354426651856494,1.5769270996757667
2026-06-09,290.55,-0.0364462426212111,304.184,304.558,0.0,-0.0364462426212111,1.0102538879117442,1.0165736678877946,1.519454032005021
2026-06-10,291.58,0.0035450008604369643,300.448,304.397,0.0,0.0,1.0102538879117442,1.0165736678877946,1.5248404978558732
2026-06-11,295.63,0.013889841552918725,297.328,304.235,0.0,0.0,1.0102538879117442,1.0165736678877946,1.546020290764565
2026-06-12,291.13,-0.015221729865034006,294.086,303.881,0.0,-0.0,1.0102538879117442,1.0165736678877946,1.5224871875326855
2026-06-15,296.42,0.018170576718304687,293.062,303.69050000000004,0.0,0.0,1.0102538879117442,1.0165736678877946,1.550151657776384
2026-06-16,299.24,0.009513528102017332,294.8,303.7605,0.0,0.0,1.0102538879117442,1.0165736678877946,1.5648990691350284
2026-06-17,295.95,-0.010994519449271545,295.674,303.60949999999997,0.0,-0.0,1.0102538879117442,1.0165736678877946,1.5476937558832764
2026-06-18,298.01,0.006960635242439617,296.15,303.3975,0.0,0.0,1.0102538879117442,1.0165736678877946,1.5584666875849813
2026-06-22,297.01,-0.0033555920942249795,297.32599999999996,302.99850000000004,0.0,-0.0,1.0102538879117442,1.0165736678877946,1.5532371090890082
2026-06-23,294.3,-0.009124271910036619,296.90200000000004,302.27250000000004,0.0,-0.0,1.0102538879117442,1.0165736678877946,1.5390649513649208
2026-06-24,293.08,-0.0041454298335033,295.66999999999996,301.51000000000005,0.0,-0.0,1.0102538879117442,1.0165736678877946,1.5326848655998333
2026-06-25,275.15,-0.061177835403302905,291.51,299.725,0.0,-0.0,1.0102538879117442,1.0165736678877946,1.4389185231670332
2026-06-26,283.78,0.03136471015809561,288.664,298.2885,0.0,0.0,1.0102538879117442,1.0165736678877946,1.484049785587282
2026-06-29,281.74,-0.0071886672774683635,285.61,296.7725,0.0,-0.0,1.0102538879117442,1.0165736678877946,1.4733814454554968
2026-06-30,289.36,0.027046212820330817,284.622,295.925,0.0,0.0,1.0102538879117442,1.0165736678877946,1.5132308335948128
2026-07-01,294.38,0.017348631462537956,284.88199999999995,294.884,0.0,0.0,1.0102538879117442,1.0165736678877946,1.5394833176445983
2026-07-02,308.63,0.048406821115564824,291.57800000000003,294.8025,0.0,0.0,1.0102538879117442,1.0165736678877946,1.6140048112122167
2026-07-06,312.66,0.013057706639017619,297.354,294.874,1.0,0.0,1.0102538879117442,1.0165736678877946,1.6350800125509888
2026-07-07,310.66,-0.006396724876863047,303.13800000000003,295.04,1.0,-0.006396724876863047,1.0037915717349915,1.0133222968525237,1.6246208555590422
2026-07-08,313.39,0.008787742226227913,307.944,295.63250000000005,1.0,0.008787742226227913,1.0126126333162586,1.0177747044209384,1.638897604853049
2026-07-09,316.22,0.009030281757554715,312.312,296.916,1.0,0.009030281757554715,1.021756810706364,1.022370100594255,1.6536973119966536
2026-07-10,315.32,-0.0028461197900196966,313.65,298.103,1.0,-0.0028461197900196966,1.018848768426825,1.0209152067062421,1.6489906913502776
2026-07-13,317.31,0.006311049092984966,314.58000000000004,299.187,1.0,0.006311049092984966,1.025278773022694,1.0241367297008912,1.6593975525572644
2026-07-14,314.86,-0.007721155967350457,315.42,300.37350000000004,1.0,-0.007721155967350457,1.0173624357061721,1.0201829699899347,1.6465850852421302
2026-07-15,327.5,0.040144826271993894,318.242,301.9275,1.0,0.040144826271993894,1.058204273943249,1.040660504037881,1.7126869574312318
2026-07-16,333.26,0.017587786259541938,321.65,303.6285,1.0,0.017587786259541938,1.0768157445322966,1.0498119612947634,1.7428093295680376
2026-07-17,333.74,0.0014403168697114666,325.334,305.51800000000003,1.0,0.0014403168697114666,1.0783667004147173,1.0505679922337023,1.745319527246105
2026-07-20,326.59,-0.0214238628872776,327.19,306.947,1.0,-0.0214238628872776,1.0552639200828264,1.0393143799240137,1.7079280409998963
2026-07-21,327.74,0.003521234575461607,329.76599999999996,308.4835,1.0,0.003521234575461607,1.0589797518844593,1.041144214788695,1.7139420562702654
2026-07-22,325.89,-0.005644718374321123,329.44399999999996,310.063,1.0,-0.005644718374321123,1.053002109420963,1.038205731848927,1.704267336052715
2026-07-23,321.66,-0.012979839823253125,327.12399999999997,311.49199999999996,1.0,-0.012979839823253125,1.0393343107071311,1.0314678597974358,1.6821462190147485
2026-07-24,333.02,0.03531679413044819,326.97999999999996,314.3855,1.0,0.03531679413044819,1.0760402665910862,1.049681928825756,1.7415542307290042
