date,open,high,low,close,volume
1984-09-07,-10.3514,-10.3498,-10.3525,-10.3514,2981600.0
1984-09-10,-10.3514,-10.3509,-10.3542,-10.352,2346400.0
1984-09-11,-10.3509,-10.3475,-10.3509,-10.3498,5444000.0
1984-09-12,-10.3498,-10.3492,-10.3531,-10.3531,4773600.0
1984-09-13,-10.347,-10.3464,-10.347,-10.347,7429600.0
1984-09-14,-10.3464,-10.3425,-10.3464,-10.3453,8826400.0
1984-09-17,-10.342,-10.3403,-10.342,-10.342,6886400.0
1984-09-18,-10.342,-10.3408,-10.3464,-10.3464,3495200.0
1984-09-19,-10.3464,-10.3453,-10.3492,-10.3492,3816000.0
1984-09-20,-10.3487,-10.3475,-10.3487,-10.3487,2387200.0
1984-09-21,-10.3487,-10.3453,-10.3514,-10.3498,3591200.0
1984-09-24,-10.3498,-10.3492,-10.3509,-10.3509,2833600.0
1984-09-25,-10.3514,-10.3514,-10.3531,-10.3531,5977600.0
1984-09-26,-10.3531,-10.3481,-10.3548,-10.3548,3987200.0
1984-09-27,-10.3548,-10.3542,-10.3548,-10.3548,3796000.0
1984-09-28,-10.3548,-10.3548,-10.3598,-10.3576,8344800.0
1984-10-01,-10.3581,-10.3581,-10.3603,-10.3603,3521600.0
1984-10-02,-10.3592,-10.3553,-10.3592,-10.3592,4258400.0
1984-10-03,-10.3576,-10.3559,-10.3576,-10.3576,4335200.0
1984-10-04,-10.3565,-10.3553,-10.3565,-10.3565,4482400.0
1984-10-05,-10.3565,-10.3565,-10.3592,-10.3587,3510400.0
1984-10-08,-10.3587,-10.3581,-10.3587,-10.3587,1721600.0
1984-10-09,-10.3587,-10.3581,-10.3598,-10.3598,4515200.0
1984-10-10,-10.3598,-10.3598,-10.3632,-10.3632,13070400.0
1984-10-11,-10.3632,-10.3603,-10.3637,-10.3637,6553600.0
1984-10-12,-10.3637,-10.3632,-10.3693,-10.3682,9522400.0
1984-10-15,-10.3626,-10.3615,-10.3626,-10.3626,8715200.0
1984-10-16,-10.3626,-10.362,-10.3632,-10.3632,4246400.0
1984-10-17,-10.3587,-10.3581,-10.3587,-10.3587,5636000.0
1984-10-18,-10.3553,-10.3548,-10.3553,-10.3553,8842400.0
1984-10-19,-10.3553,-10.3475,-10.3559,-10.3553,11673600.0
1984-10-22,-10.3553,-10.3537,-10.3565,-10.3565,4108800.0
1984-10-23,-10.3537,-10.3525,-10.3537,-10.3537,6668800.0
1984-10-24,-10.3525,-10.3514,-10.3525,-10.3525,5989600.0
1984-10-25,-10.3525,-10.3525,-10.357,-10.357,5676000.0
1984-10-26,-10.357,-10.357,-10.3603,-10.3598,4113600.0
1984-10-29,-10.3592,-10.3587,-10.3592,-10.3592,1836000.0
1984-10-30,-10.3581,-10.357,-10.3581,-10.3581,2677600.0
1984-10-31,-10.3581,-10.357,-10.3587,-10.3587,2191200.0
1984-11-01,-10.3581,-10.357,-10.3581,-10.3581,1680000.0
1984-11-02,-10.3581,-10.3576,-10.3592,-10.3587,1004800.0
1984-11-05,-10.3587,-10.3565,-10.3592,-10.3592,3764800.0
1984-11-06,-10.3525,-10.352,-10.3525,-10.3525,8073600.0
1984-11-07,-10.3525,-10.352,-10.3548,-10.3548,8286400.0
1984-11-08,-10.3548,-10.3548,-10.3592,-10.3592,3162400.0
1984-11-09,-10.3592,-10.3587,-10.367,-10.3659,10518400.0
1984-11-12,-10.362,-10.3615,-10.362,-10.362,4070400.0
1984-11-13,-10.362,-10.3598,-10.3648,-10.3648,4548800.0
1984-11-14,-10.3637,-10.3626,-10.3637,-10.3637,3752800.0
1984-11-15,-10.3637,-10.3626,-10.3637,-10.3637,3833600.0
1984-11-16,-10.3637,-10.362,-10.3665,-10.3659,5920000.0
1984-11-19,-10.3659,-10.3654,-10.3721,-10.3721,8321600.0
1984-11-20,-10.3687,-10.3682,-10.3687,-10.3687,9424800.0
1984-11-21,-10.3665,-10.3659,-10.3665,-10.3665,6418400.0
1984-11-23,-10.3654,-10.362,-10.3654,-10.3637,4904800.0
1984-11-26,-10.3626,-10.3626,-10.3626,-10.3626,3636000.0
1984-11-27,-10.3598,-10.3587,-10.3598,-10.3598,4590400.0
1984-11-28,-10.3542,-10.3514,-10.3542,-10.3542,14673600.0
1984-11-29,-10.3542,-10.3542,-10.3565,-10.3565,6248800.0
1984-11-30,-10.3565,-10.3553,-10.3598,-10.3592,3906400.0
1984-12-03,-10.3592,-10.3587,-10.3609,-10.3609,3533600.0
1984-12-04,-10.3587,-10.3565,-10.3587,-10.3587,4332800.0
1984-12-05,-10.3531,-10.3531,-10.3531,-10.3531,9406400.0
1984-12-06,-10.3475,-10.347,-10.3475,-10.3475,11360000.0
1984-12-07,-10.3475,-10.3431,-10.3487,-10.3481,17696000.0
1984-12-10,-10.3481,-10.3481,-10.3503,-10.3503,4016000.0
1984-12-11,-10.3503,-10.3487,-10.352,-10.352,4432800.0
1984-12-12,-10.352,-10.352,-10.3559,-10.3559,3937600.0
1984-12-13,-10.3548,-10.3525,-10.3548,-10.3548,2424800.0
1984-12-14,-10.3548,-10.3509,-10.3548,-10.352,3475200.0
1984-12-17,-10.3492,-10.3481,-10.3492,-10.3492,4513600.0
1984-12-18,-10.342,-10.3414,-10.342,-10.342,12164800.0
1984-12-19,-10.342,-10.3414,-10.347,-10.347,11372800.0
1984-12-20,-10.347,-10.3447,-10.3475,-10.3475,5013600.0
1984-12-21,-10.3475,-10.347,-10.3503,-10.3492,4438400.0
1984-12-24,-10.347,-10.3464,-10.347,-10.347,2418400.0
1984-12-26,-10.3464,-10.3453,-10.3464,-10.3464,2444000.0
1984-12-27,-10.3458,-10.3453,-10.3458,-10.3458,3531200.0
1984-12-28,-10.3458,-10.3408,-10.3464,-10.3414,5941600.0
1984-12-31,-10.3397,-10.3391,-10.3397,-10.3397,7453600.0
1985-01-02,-10.3397,-10.3397,-10.3453,-10.3453,6272800.0
1985-01-03,-10.3431,-10.3397,-10.3431,-10.3431,5967200.0
1985-01-04,-10.3431,-10.3425,-10.3447,-10.3431,4915200.0
1985-01-07,-10.3431,-10.3425,-10.3436,-10.3436,6117600.0
1985-01-08,-10.3436,-10.3425,-10.3447,-10.3447,5040000.0
1985-01-09,-10.3414,-10.3397,-10.3414,-10.3414,5973600.0
1985-01-10,-10.3358,-10.3353,-10.3358,-10.3358,9926400.0
1985-01-11,-10.3358,-10.3347,-10.338,-10.3369,7347200.0
1985-01-14,-10.333,-10.3319,-10.333,-10.333,9691200.0
1985-01-15,-10.333,-10.3308,-10.3358,-10.3358,9476000.0
1985-01-16,-10.3347,-10.3324,-10.3347,-10.3347,6816000.0
1985-01-17,-10.3347,-10.3324,-10.3442,-10.3442,19573600.0
1985-01-18,-10.3442,-10.3391,-10.3447,-10.342,12615200.0
1985-01-21,-10.3391,-10.338,-10.3391,-10.3391,11635200.0
1985-01-22,-10.3353,-10.3347,-10.3353,-10.3353,15202400.0
1985-01-23,-10.3353,-10.3347,-10.3375,-10.3375,15384000.0
1985-01-24,-10.3375,-10.3375,-10.3403,-10.3403,14192800.0
1985-01-25,-10.3403,-10.3375,-10.3431,-10.3375,11381600.0
1985-01-28,-10.3347,-10.333,-10.3347,-10.3347,14721600.0
1985-01-29,-10.3347,-10.3336,-10.3364,-10.3364,8029600.0
1985-01-30,-10.3364,-10.3336,-10.3364,-10.3364,17624800.0
1985-01-31,-10.3364,-10.3358,-10.3403,-10.3403,9880000.0
1985-02-01,-10.3403,-10.3397,-10.3431,-10.342,4941600.0
1985-02-04,-10.3391,-10.3386,-10.3391,-10.3391,7801600.0
1985-02-05,-10.338,-10.3358,-10.338,-10.338,6824800.0
1985-02-06,-10.3358,-10.3358,-10.3358,-10.3358,6980000.0
1985-02-07,-10.3358,-10.3341,-10.3364,-10.3364,8793600.0
1985-02-08,-10.3364,-10.3358,-10.338,-10.3364,4757600.0
1985-02-11,-10.3336,-10.3324,-10.3336,-10.3336,12431200.0
1985-02-12,-10.3336,-10.333,-10.3369,-10.3369,8095200.0
1985-02-13,-10.3369,-10.3369,-10.3431,-10.3431,18835200.0
1985-02-14,-10.3431,-10.342,-10.3464,-10.3464,15268800.0
1985-02-15,-10.3464,-10.3442,-10.3475,-10.3447,6224000.0
1985-02-19,-10.3453,-10.3453,-10.3464,-10.3464,5391200.0
1985-02-20,-10.3464,-10.3458,-10.352,-10.352,7864800.0
1985-02-21,-10.3498,-10.3492,-10.3498,-10.3498,11035200.0
1985-02-22,-10.3498,-10.3453,-10.3498,-10.3464,8096000.0
1985-02-25,-10.3464,-10.3458,-10.3481,-10.3481,3564000.0
1985-02-26,-10.3481,-10.3475,-10.3503,-10.3503,6764800.0
1985-02-27,-10.3503,-10.3503,-10.3576,-10.3576,14421600.0
1985-02-28,-10.3576,-10.3576,-10.3592,-10.3592,11415200.0
1985-03-01,-10.3592,-10.3587,-10.3626,-10.3587,8857600.0
1985-03-04,-10.357,-10.3537,-10.357,-10.357,5484000.0
1985-03-05,-10.3542,-10.3542,-10.3542,-10.3542,4687200.0
1985-03-06,-10.3542,-10.3542,-10.3598,-10.3598,6933600.0
1985-03-07,-10.3598,-10.3592,-10.371,-10.371,26244000.0
1985-03-08,-10.371,-10.371,-10.3771,-10.3737,16931200.0
1985-03-11,-10.3704,-10.3699,-10.3704,-10.3704,10244800.0
1985-03-12,-10.367,-10.3659,-10.367,-10.367,7880000.0
1985-03-13,-10.367,-10.367,-10.3726,-10.3726,8973600.0
1985-03-14,-10.3726,-10.3721,-10.3726,-10.3726,8667200.0
1985-03-15,-10.3726,-10.3665,-10.3732,-10.3687,6524000.0
1985-03-18,-10.3676,-10.3665,-10.3676,-10.3676,4487200.0
1985-03-19,-10.3676,-10.3665,-10.3715,-10.3715,6147200.0
1985-03-20,-10.3704,-10.3687,-10.3704,-10.3704,14498400.0
1985-03-21,-10.3687,-10.367,-10.3687,-10.3687,5826400.0
1985-03-22,-10.3687,-10.367,-10.3704,-10.3704,2910400.0
1985-03-25,-10.3704,-10.3704,-10.3732,-10.3732,3931200.0
1985-03-26,-10.3693,-10.3693,-10.3693,-10.3693,4346400.0
1985-03-27,-10.3693,-10.3682,-10.3721,-10.3721,4008800.0
1985-03-28,-10.3721,-10.3704,-10.3721,-10.3721,4667200.0
1985-03-29,-10.3721,-10.3704,-10.3721,-10.371,3155200.0
1985-04-01,-10.371,-10.3687,-10.3732,-10.3732,4115200.0
1985-04-02,-10.3732,-10.3726,-10.376,-10.376,8146400.0
1985-04-03,-10.376,-10.3754,-10.376,-10.376,8681600.0
1985-04-04,-10.376,-10.3754,-10.3777,-10.3766,5792800.0
1985-04-08,-10.3766,-10.376,-10.3821,-10.3821,7129600.0
1985-04-09,-10.3821,-10.3816,-10.3821,-10.3821,9461600.0
1985-04-10,-10.376,-10.3749,-10.376,-10.376,8117600.0
1985-04-11,-10.3743,-10.3715,-10.3743,-10.3743,5260000.0
1985-04-12,-10.3743,-10.3743,-10.3771,-10.3766,2607200.0
1985-04-15,-10.3743,-10.3732,-10.3743,-10.3743,2168800.0
1985-04-16,-10.3732,-10.3726,-10.3732,-10.3732,2424800.0
1985-04-17,-10.3687,-10.3676,-10.3687,-10.3687,4402400.0
1985-04-18,-10.3676,-10.367,-10.3676,-10.3676,7246400.0
1985-04-19,-10.3676,-10.3676,-10.3699,-10.3693,3468800.0
1985-04-22,-10.3693,-10.3693,-10.3732,-10.3732,3700000.0
1985-04-23,-10.371,-10.3704,-10.371,-10.371,4261600.0
1985-04-24,-10.371,-10.3693,-10.3715,-10.3715,2830400.0
1985-04-25,-10.3715,-10.371,-10.3715,-10.3715,3135200.0
1985-04-26,-10.3715,-10.3687,-10.3721,-10.3721,4295200.0
1985-04-29,-10.3721,-10.3715,-10.3754,-10.3754,2256000.0
1985-04-30,-10.3749,-10.3743,-10.3749,-10.3749,3396000.0
1985-05-01,-10.3749,-10.3743,-10.3766,-10.3766,2075200.0
1985-05-02,-10.3777,-10.3777,-10.3838,-10.3838,11787200.0
1985-05-03,-10.3838,-10.3799,-10.3838,-10.3804,5673600.0
1985-05-06,-10.3804,-10.3793,-10.3816,-10.3816,2007200.0
1985-05-07,-10.3804,-10.3804,-10.3804,-10.3804,3844800.0
1985-05-08,-10.381,-10.381,-10.381,-10.381,5177600.0
1985-05-09,-10.3804,-10.3799,-10.3804,-10.3804,4571200.0
1985-05-10,-10.3804,-10.3782,-10.3804,-10.3793,4893600.0
1985-05-13,-10.3793,-10.3788,-10.3804,-10.3804,3157600.0
1985-05-14,-10.3804,-10.3799,-10.3816,-10.3816,4364000.0
1985-05-15,-10.3804,-10.3788,-10.3804,-10.3804,4668800.0
1985-05-16,-10.3743,-10.3715,-10.3743,-10.3743,8275200.0
1985-05-17,-10.3743,-10.371,-10.3749,-10.3726,7592800.0
1985-05-20,-10.3726,-10.3704,-10.3743,-10.3743,7044000.0
1985-05-21,-10.3749,-10.3749,-10.3771,-10.3771,5452800.0
1985-05-22,-10.3771,-10.3766,-10.3777,-10.3777,4342400.0
1985-05-23,-10.3782,-10.3782,-10.3816,-10.3816,8576000.0
1985-05-24,-10.3816,-10.3816,-10.3888,-10.3888,21060000.0
1985-05-28,-10.3899,-10.3899,-10.3944,-10.3944,18253600.0
1985-05-29,-10.3933,-10.3927,-10.3933,-10.3933,8808800.0
1985-05-30,-10.3911,-10.3899,-10.3911,-10.3911,11273600.0
1985-05-31,-10.3911,-10.3894,-10.3922,-10.3922,13235200.0
1985-06-03,-10.3938,-10.3938,-10.3983,-10.3983,20578400.0
1985-06-04,-10.3927,-10.3922,-10.3927,-10.3927,14373600.0
1985-06-05,-10.3927,-10.3905,-10.3944,-10.3944,10267200.0
1985-06-06,-10.3938,-10.3938,-10.3938,-10.3938,9688800.0
1985-06-07,-10.3938,-10.3938,-10.3966,-10.3966,16980000.0
1985-06-10,-10.3966,-10.3961,-10.3978,-10.3978,11296000.0
1985-06-11,-10.3978,-10.3961,-10.3978,-10.3978,10751200.0
1985-06-12,-10.3978,-10.3972,-10.3994,-10.3994,8888800.0
1985-06-13,-10.3994,-10.3988,-10.4033,-10.4033,13573600.0
1985-06-14,-10.4033,-10.3994,-10.4039,-10.4039,20226400.0
1985-06-17,-10.4033,-10.4028,-10.4033,-10.4033,8464000.0
1985-06-18,-10.4016,-10.4005,-10.4016,-10.4016,9489600.0
1985-06-19,-10.3999,-10.3988,-10.3999,-10.3999,6177600.0
1985-06-20,-10.3994,-10.3994,-10.3994,-10.3994,6822400.0
1985-06-21,-10.3978,-10.3961,-10.3978,-10.3978,5941600.0
1985-06-24,-10.3927,-10.3916,-10.3927,-10.3927,7387200.0
1985-06-25,-10.3916,-10.3899,-10.3916,-10.3916,10506400.0
1985-06-26,-10.3888,-10.3888,-10.3888,-10.3888,4722400.0
1985-06-27,-10.3877,-10.3871,-10.3877,-10.3877,6915200.0
1985-06-28,-10.3877,-10.3871,-10.3894,-10.3894,4875200.0
1985-07-01,-10.3888,-10.3883,-10.3888,-10.3888,3702400.0
1985-07-02,-10.3888,-10.3883,-10.3927,-10.3927,2807200.0
1985-07-03,-10.3916,-10.3916,-10.3916,-10.3916,2472800.0
1985-07-05,-10.3911,-10.3905,-10.3911,-10.3911,1321600.0
1985-07-08,-10.3911,-10.3905,-10.3911,-10.3911,3301600.0
1985-07-09,-10.3911,-10.3905,-10.3911,-10.3911,5284000.0
1985-07-10,-10.3894,-10.3894,-10.3894,-10.3894,3802400.0
1985-07-11,-10.3894,-10.3888,-10.3894,-10.3894,2361600.0
1985-07-12,-10.3894,-10.3894,-10.3899,-10.3899,1680000.0
1985-07-15,-10.3899,-10.3883,-10.3905,-10.3905,2804800.0
1985-07-16,-10.3905,-10.3899,-10.3916,-10.3916,5120000.0
1985-07-17,-10.3911,-10.3899,-10.3911,-10.3911,4255200.0
1985-07-18,-10.3911,-10.3911,-10.3927,-10.3927,6437600.0
1985-07-19,-10.3922,-10.3922,-10.3922,-10.3922,4117600.0
1985-07-22,-10.3922,-10.3922,-10.3944,-10.3944,6906400.0
1985-07-23,-10.3944,-10.3933,-10.3961,-10.3961,6038400.0
1985-07-24,-10.3961,-10.3949,-10.3972,-10.3972,6040000.0
1985-07-25,-10.3955,-10.3949,-10.3955,-10.3955,11282400.0
1985-07-26,-10.3955,-10.3949,-10.3955,-10.3955,4673600.0
1985-07-29,-10.3955,-10.3955,-10.3983,-10.3983,2808800.0
1985-07-30,-10.3972,-10.3966,-10.3972,-10.3972,3237600.0
1985-07-31,-10.3972,-10.3966,-10.3988,-10.3988,2917600.0
1985-08-01,-10.3988,-10.3978,-10.3988,-10.3988,1842400.0
1985-08-02,-10.3988,-10.3988,-10.3994,-10.3994,3501600.0
1985-08-05,-10.3994,-10.3988,-10.4011,-10.4011,3307200.0
1985-08-06,-10.4011,-10.3994,-10.4016,-10.4016,2260000.0
1985-08-07,-10.4016,-10.3983,-10.4033,-10.4033,5452800.0
1985-08-08,-10.4022,-10.4016,-10.4022,-10.4022,5321600.0
1985-08-09,-10.4016,-10.4016,-10.4016,-10.4016,2186400.0
1985-08-12,-10.4016,-10.4016,-10.4028,-10.4028,1988800.0
1985-08-13,-10.4016,-10.4005,-10.4016,-10.4016,1555200.0
1985-08-14,-10.4016,-10.4016,-10.4044,-10.4044,10372800.0
1985-08-15,-10.4044,-10.4039,-10.405,-10.405,3800000.0
1985-08-16,-10.4044,-10.4033,-10.4044,-10.4044,3008800.0
1985-08-19,-10.4028,-10.4016,-10.4028,-10.4028,1726400.0
1985-08-20,-10.4016,-10.4016,-10.4016,-10.4016,2431200.0
1985-08-21,-10.4016,-10.4016,-10.4016,-10.4016,2767200.0
1985-08-22,-10.4016,-10.4016,-10.4033,-10.4033,4406400.0
1985-08-23,-10.4033,-10.4028,-10.4039,-10.4039,1601600.0
1985-08-26,-10.4022,-10.4022,-10.4022,-10.4022,1315200.0
1985-08-27,-10.4016,-10.4016,-10.4016,-10.4016,1540000.0
1985-08-28,-10.4016,-10.4011,-10.4016,-10.4016,1475200.0
1985-08-29,-10.4016,-10.4016,-10.4033,-10.4033,2006400.0
1985-08-30,-10.4028,-10.4028,-10.4028,-10.4028,1537600.0
1985-09-03,-10.4028,-10.4028,-10.4039,-10.4039,1369600.0
1985-09-04,-10.4033,-10.4022,-10.4033,-10.4033,1708800.0
1985-09-05,-10.4033,-10.4028,-10.4033,-10.4033,1201600.0
1985-09-06,-10.4028,-10.4028,-10.4028,-10.4028,3333600.0
1985-09-09,-10.4016,-10.4011,-10.4016,-10.4016,4728800.0
1985-09-10,-10.4011,-10.3999,-10.4011,-10.4011,4364800.0
1985-09-11,-10.4005,-10.3999,-10.4005,-10.4005,3150400.0
1985-09-12,-10.3978,-10.3978,-10.3978,-10.3978,3998400.0
1985-09-13,-10.3978,-10.3978,-10.3994,-10.3994,2541600.0
1985-09-16,-10.3994,-10.3994,-10.4016,-10.4016,1344000.0
1985-09-17,-10.4016,-10.4016,-10.4016,-10.4016,6564000.0
1985-09-18,-10.3972,-10.3972,-10.3972,-10.3972,4316000.0
1985-09-19,-10.3938,-10.3938,-10.3938,-10.3938,6662400.0
1985-09-20,-10.3938,-10.3933,-10.3949,-10.3949,4846400.0
1985-09-23,-10.3944,-10.3933,-10.3944,-10.3944,4277600.0
1985-09-24,-10.3944,-10.3927,-10.3961,-10.3961,3161600.0
1985-09-25,-10.3961,-10.3961,-10.3988,-10.3988,3761600.0
1985-09-26,-10.3988,-10.3983,-10.3988,-10.3988,1949600.0
1985-09-27,-10.3988,-10.3983,-10.3988,-10.3988,250400.0
1985-09-30,-10.3988,-10.3983,-10.3994,-10.3994,1324800.0
1985-10-01,-10.3994,-10.3988,-10.3994,-10.3994,3175200.0
1985-10-02,-10.3994,-10.3988,-10.3999,-10.3999,795200.0
1985-10-03,-10.3999,-10.3999,-10.4005,-10.4005,1784800.0
1985-10-04,-10.4005,-10.4005,-10.4028,-10.4028,2484800.0
1985-10-07,-10.4028,-10.4016,-10.4028,-10.4028,3284800.0
1985-10-08,-10.4022,-10.4022,-10.4022,-10.4022,3144000.0
1985-10-09,-10.4022,-10.4016,-10.4028,-10.4028,3001600.0
1985-10-10,-10.3988,-10.3983,-10.3988,-10.3988,9386400.0
1985-10-11,-10.3983,-10.3972,-10.3983,-10.3983,4261600.0
1985-10-14,-10.3955,-10.3955,-10.3955,-10.3955,5555200.0
1985-10-15,-10.3938,-10.3933,-10.3938,-10.3938,10504800.0
1985-10-16,-10.3894,-10.3888,-10.3894,-10.3894,10336000.0
1985-10-17,-10.3883,-10.3844,-10.3883,-10.3883,12455200.0
1985-10-18,-10.3883,-10.3877,-10.3905,-10.3905,8268800.0
1985-10-21,-10.3905,-10.3905,-10.3927,-10.3927,4248800.0
1985-10-22,-10.3894,-10.3883,-10.3894,-10.3894,15186400.0
1985-10-23,-10.3894,-10.3871,-10.3894,-10.3894,5309600.0
1985-10-24,-10.3877,-10.3855,-10.3877,-10.3877,9768800.0
1985-10-25,-10.3877,-10.3877,-10.3894,-10.3894,2271200.0
1985-10-28,-10.3894,-10.3888,-10.3894,-10.3894,2148800.0
1985-10-29,-10.3894,-10.3894,-10.3899,-10.3899,4693600.0
1985-10-30,-10.3849,-10.3849,-10.3849,-10.3849,8098400.0
1985-10-31,-10.3849,-10.3838,-10.3866,-10.3866,5548800.0
1985-11-01,-10.3866,-10.3849,-10.3866,-10.3866,3320000.0
1985-11-04,-10.386,-10.3844,-10.386,-10.386,5584800.0
1985-11-05,-10.386,-10.3844,-10.3866,-10.3866,3841600.0
1985-11-06,-10.3838,-10.3833,-10.3838,-10.3838,7181600.0
1985-11-07,-10.3821,-10.381,-10.3821,-10.3821,11352800.0
1985-11-08,-10.3782,-10.3771,-10.3782,-10.3782,10517600.0
1985-11-11,-10.3782,-10.3771,-10.3804,-10.3804,6421600.0
1985-11-12,-10.3804,-10.3793,-10.381,-10.381,6224800.0
1985-11-13,-10.381,-10.381,-10.3833,-10.3833,3642400.0
1985-11-14,-10.3804,-10.3799,-10.3804,-10.3804,4995200.0
1985-11-15,-10.3804,-10.3793,-10.381,-10.381,2932800.0
1985-11-18,-10.381,-10.3804,-10.381,-10.381,2342400.0
1985-11-19,-10.381,-10.3804,-10.3838,-10.3838,3373600.0
1985-11-20,-10.3838,-10.3833,-10.3849,-10.3849,3548800.0
1985-11-21,-10.3849,-10.3838,-10.3849,-10.3849,3720000.0
1985-11-22,-10.3849,-10.3838,-10.3855,-10.3849,4620000.0
1985-11-25,-10.3849,-10.3838,-10.3849,-10.3844,3488800.0
1985-11-26,-10.3844,-10.3827,-10.3849,-10.3833,5892800.0
1985-11-27,-10.3833,-10.3799,-10.3838,-10.3804,6873600.0
1985-11-29,-10.3804,-10.3799,-10.381,-10.3799,3546400.0
1985-12-02,-10.3799,-10.3793,-10.3804,-10.3793,3611200.0
1985-12-03,-10.3793,-10.3788,-10.3804,-10.3799,5548800.0
1985-12-04,-10.3799,-10.3777,-10.3799,-10.3782,5928800.0
1985-12-05,-10.3782,-10.3771,-10.3804,-10.3799,4508800.0
1985-12-06,-10.3799,-10.3799,-10.3821,-10.3816,2347200.0
1985-12-09,-10.3816,-10.3804,-10.3838,-10.3833,5015200.0
1985-12-10,-10.3833,-10.3821,-10.3838,-10.3827,7206400.0
1985-12-11,-10.3827,-10.3799,-10.3827,-10.3816,8489600.0
1985-12-12,-10.381,-10.3793,-10.381,-10.3804,4515200.0
1985-12-13,-10.3804,-10.3793,-10.3816,-10.3804,8975200.0
1985-12-16,-10.3804,-10.3749,-10.3804,-10.3766,10362400.0
1985-12-17,-10.3766,-10.376,-10.3788,-10.3777,3926400.0
1985-12-18,-10.3743,-10.3676,-10.3743,-10.3704,20033600.0
1985-12-19,-10.3704,-10.3682,-10.371,-10.3693,9673600.0
1985-12-20,-10.3693,-10.3682,-10.3704,-10.3699,7402400.0
1985-12-23,-10.3699,-10.3693,-10.3732,-10.3721,5157600.0
1985-12-24,-10.3721,-10.3715,-10.3732,-10.3726,2344800.0
1985-12-26,-10.3726,-10.3715,-10.3732,-10.3726,1658400.0
1985-12-27,-10.3726,-10.3687,-10.3726,-10.3699,4427200.0
1985-12-30,-10.3699,-10.3687,-10.371,-10.3704,3848800.0
1985-12-31,-10.3704,-10.3699,-10.3715,-10.3715,3158400.0
1986-01-02,-10.3715,-10.3704,-10.3726,-10.3704,4212800.0
1986-01-03,-10.3704,-10.3699,-10.371,-10.3699,8653600.0
1986-01-06,-10.3699,-10.3699,-10.3721,-10.3704,6636000.0
1986-01-07,-10.3704,-10.367,-10.371,-10.367,16807200.0
1986-01-08,-10.367,-10.3648,-10.3682,-10.3676,21711200.0
1986-01-09,-10.3676,-10.367,-10.3721,-10.3687,16002400.0
1986-01-10,-10.3687,-10.3665,-10.3687,-10.3682,5491200.0
1986-01-13,-10.3682,-10.3665,-10.3693,-10.367,7701600.0
1986-01-14,-10.367,-10.3637,-10.3693,-10.3659,9772800.0
1986-01-15,-10.3659,-10.3626,-10.3665,-10.3632,15126400.0
1986-01-16,-10.3632,-10.3592,-10.3632,-10.3603,19132800.0
1986-01-17,-10.3603,-10.3592,-10.3632,-10.3626,12344000.0
1986-01-20,-10.3626,-10.3626,-10.3654,-10.3632,4590400.0
1986-01-21,-10.3632,-10.362,-10.3637,-10.3626,5464800.0
1986-01-22,-10.3626,-10.362,-10.3699,-10.3654,5144800.0
1986-01-23,-10.3654,-10.3648,-10.3682,-10.367,5624000.0
1986-01-24,-10.367,-10.3654,-10.3687,-10.3687,4044000.0
1986-01-27,-10.3687,-10.3682,-10.3715,-10.371,13955200.0
1986-01-28,-10.371,-10.3699,-10.3715,-10.3704,7949600.0
1986-01-29,-10.3704,-10.3609,-10.3715,-10.3643,21064800.0
1986-01-30,-10.3648,-10.3648,-10.3676,-10.367,8493600.0
1986-01-31,-10.367,-10.3659,-10.3676,-10.3665,5317600.0
1986-02-03,-10.3665,-10.3626,-10.3676,-10.3632,12512800.0
1986-02-04,-10.3632,-10.3609,-10.3637,-10.3637,9298400.0
1986-02-05,-10.3637,-10.3632,-10.3648,-10.3637,7042400.0
1986-02-06,-10.3637,-10.3615,-10.3643,-10.362,4835200.0
1986-02-07,-10.362,-10.362,-10.3648,-10.3626,4656000.0
1986-02-10,-10.3626,-10.3603,-10.3637,-10.3632,4036000.0
1986-02-11,-10.3632,-10.3626,-10.3648,-10.3632,5504000.0
1986-02-12,-10.3632,-10.3626,-10.3637,-10.3626,4770400.0
1986-02-13,-10.3626,-10.3626,-10.3637,-10.3632,3944000.0
1986-02-14,-10.3632,-10.362,-10.3637,-10.3637,4928800.0
1986-02-18,-10.3637,-10.3626,-10.3659,-10.3632,5295200.0
1986-02-19,-10.3632,-10.3559,-10.3632,-10.3581,12871200.0
1986-02-20,-10.3581,-10.3565,-10.3587,-10.3576,4951200.0
1986-02-21,-10.3576,-10.3548,-10.3576,-10.357,6771200.0
1986-02-24,-10.357,-10.3548,-10.3581,-10.3548,8840000.0
1986-02-25,-10.3548,-10.352,-10.3576,-10.352,8041600.0
1986-02-26,-10.352,-10.3503,-10.3537,-10.3537,5907200.0
1986-02-27,-10.3537,-10.3531,-10.3559,-10.3553,3873600.0
1986-02-28,-10.3553,-10.3542,-10.3587,-10.3581,4507200.0
1986-03-03,-10.3581,-10.3576,-10.3603,-10.3598,3912800.0
1986-03-04,-10.3598,-10.3581,-10.3603,-10.3598,3217600.0
1986-03-05,-10.3598,-10.3559,-10.3615,-10.357,6324000.0
1986-03-06,-10.357,-10.3548,-10.3576,-10.3565,3630400.0
1986-03-07,-10.3565,-10.3565,-10.3592,-10.3592,3477600.0
1986-03-10,-10.3592,-10.3587,-10.3598,-10.3598,2727200.0
1986-03-11,-10.3598,-10.3587,-10.3603,-10.3587,3681600.0
1986-03-12,-10.3587,-10.3576,-10.3592,-10.3592,3071200.0
1986-03-13,-10.3592,-10.3581,-10.3609,-10.3592,4176000.0
1986-03-14,-10.3592,-10.3525,-10.3592,-10.3531,13781600.0
1986-03-17,-10.3537,-10.3537,-10.3565,-10.3537,4240000.0
1986-03-18,-10.3537,-10.3481,-10.3542,-10.3498,8920000.0
1986-03-19,-10.3498,-10.3481,-10.352,-10.3514,6816000.0
1986-03-20,-10.3447,-10.3375,-10.3447,-10.3436,32318400.0
1986-03-21,-10.3436,-10.3414,-10.347,-10.3464,9309600.0
1986-03-24,-10.3464,-10.3464,-10.352,-10.3503,10528800.0
1986-03-25,-10.3503,-10.3453,-10.3503,-10.3453,10060000.0
1986-03-26,-10.3453,-10.3414,-10.3453,-10.3436,7941600.0
1986-03-27,-10.3436,-10.3403,-10.3436,-10.3436,7856000.0
1986-03-31,-10.3436,-10.3425,-10.3447,-10.3436,6744800.0
1986-04-01,-10.3436,-10.3436,-10.3492,-10.3481,7973600.0
1986-04-02,-10.3481,-10.3475,-10.3525,-10.3481,11627200.0
1986-04-03,-10.3481,-10.3464,-10.3498,-10.3492,7548800.0
1986-04-04,-10.3492,-10.3492,-10.3509,-10.3503,4508800.0
1986-04-07,-10.3503,-10.347,-10.3525,-10.3481,4318400.0
1986-04-08,-10.3481,-10.3458,-10.3481,-10.3464,6912800.0
1986-04-09,-10.3464,-10.3458,-10.3498,-10.3487,4851200.0
1986-04-10,-10.3487,-10.3475,-10.3498,-10.3481,3932800.0
1986-04-11,-10.3481,-10.347,-10.3492,-10.3492,2737600.0
1986-04-14,-10.3492,-10.3481,-10.3503,-10.3498,3076000.0
1986-04-15,-10.3498,-10.347,-10.3498,-10.3475,4722400.0
1986-04-16,-10.3475,-10.3425,-10.3475,-10.3436,7535200.0
1986-04-17,-10.3436,-10.3397,-10.3447,-10.3403,9672800.0
1986-04-18,-10.3403,-10.3364,-10.3414,-10.3369,8871200.0
1986-04-21,-10.3364,-10.3324,-10.3364,-10.3341,9775200.0
1986-04-22,-10.3341,-10.3302,-10.3375,-10.3364,11726400.0
1986-04-23,-10.3364,-10.3341,-10.3386,-10.3375,9371200.0
1986-04-24,-10.3375,-10.3291,-10.338,-10.3297,16398400.0
1986-04-25,-10.3297,-10.3241,-10.3297,-10.3258,9348800.0
1986-04-28,-10.3258,-10.3235,-10.328,-10.3269,5241600.0
1986-04-29,-10.3269,-10.3258,-10.3498,-10.3302,4750400.0
1986-04-30,-10.3302,-10.3286,-10.3347,-10.3347,4944000.0
1986-05-01,-10.3347,-10.3347,-10.3369,-10.3347,9218400.0
1986-05-02,-10.3347,-10.3313,-10.3353,-10.3336,3377600.0
1986-05-05,-10.3336,-10.3246,-10.3336,-10.3263,5364000.0
1986-05-06,-10.3258,-10.3213,-10.3258,-10.3241,7829600.0
1986-05-07,-10.3241,-10.3229,-10.3302,-10.3291,7133600.0
1986-05-08,-10.3291,-10.3218,-10.3291,-10.3224,8342400.0
1986-05-09,-10.3224,-10.3196,-10.3235,-10.3207,7961600.0
1986-05-12,-10.3207,-10.3062,-10.3213,-10.3073,14335200.0
1986-05-13,-10.3073,-10.3068,-10.3124,-10.309,16876000.0
1986-05-14,-10.309,-10.3028,-10.309,-10.3051,17277600.0
1986-05-15,-10.3051,-10.3045,-10.3107,-10.309,7964000.0
1986-05-16,-10.309,-10.3079,-10.3129,-10.309,11424800.0
1986-05-19,-10.309,-10.3068,-10.3112,-10.3107,7506400.0
1986-05-20,-10.3107,-10.3107,-10.3168,-10.3118,8811200.0
1986-05-21,-10.3118,-10.3034,-10.3135,-10.3045,12418400.0
1986-05-22,-10.3045,-10.3023,-10.3101,-10.3057,7895200.0
1986-05-23,-10.3057,-10.304,-10.3073,-10.3045,5013600.0
1986-05-27,-10.3045,-10.3045,-10.3073,-10.3051,3058400.0
1986-05-28,-10.3051,-10.3023,-10.3057,-10.3034,7418400.0
1986-05-29,-10.3034,-10.3034,-10.3068,-10.3045,3635200.0
1986-05-30,-10.3045,-10.3034,-10.3068,-10.3045,4591200.0
1986-06-02,-10.3045,-10.3028,-10.3057,-10.304,7158400.0
1986-06-03,-10.304,-10.2995,-10.304,-10.3006,11661600.0
1986-06-04,-10.3006,-10.2962,-10.3012,-10.2967,10747200.0
1986-06-05,-10.2967,-10.295,-10.2978,-10.2962,5282400.0
1986-06-06,-10.2962,-10.2962,-10.3023,-10.3012,6342400.0
1986-06-09,-10.3012,-10.3006,-10.3095,-10.309,8835200.0
1986-06-10,-10.309,-10.309,-10.3129,-10.309,8827200.0
1986-06-11,-10.309,-10.3079,-10.3112,-10.3084,6692800.0
1986-06-12,-10.3084,-10.3073,-10.309,-10.309,4638400.0
1986-06-13,-10.309,-10.3073,-10.3124,-10.3073,5144800.0
1986-06-16,-10.3073,-10.3051,-10.3107,-10.3095,6222400.0
1986-06-17,-10.3095,-10.309,-10.3179,-10.3168,7936000.0
1986-06-18,-10.3168,-10.3146,-10.3246,-10.3168,15381600.0
1986-06-19,-10.3168,-10.3101,-10.3185,-10.3135,12347200.0
1986-06-20,-10.3135,-10.3084,-10.3135,-10.309,5761600.0
1986-06-23,-10.309,-10.3079,-10.3151,-10.3146,4196000.0
1986-06-24,-10.3146,-10.3129,-10.3162,-10.314,5088800.0
1986-06-25,-10.3135,-10.309,-10.3135,-10.3095,4755200.0
1986-06-26,-10.3095,-10.3073,-10.3112,-10.3079,4184800.0
1986-06-27,-10.3079,-10.3057,-10.3112,-10.3095,1811200.0
1986-06-30,-10.3095,-10.3079,-10.3101,-10.3095,2553600.0
1986-07-01,-10.3095,-10.3084,-10.3146,-10.3118,3140000.0
1986-07-02,-10.3118,-10.3079,-10.3118,-10.3084,5202400.0
1986-07-03,-10.3084,-10.3012,-10.3107,-10.3017,6509600.0
1986-07-07,-10.3017,-10.3012,-10.3118,-10.3107,6501600.0
1986-07-08,-10.3124,-10.3124,-10.3174,-10.3168,9782400.0
1986-07-09,-10.3168,-10.3146,-10.3179,-10.3151,13040000.0
1986-07-10,-10.3146,-10.3118,-10.3151,-10.3118,7453600.0
1986-07-11,-10.3118,-10.3012,-10.3124,-10.304,8000000.0
1986-07-14,-10.304,-10.3028,-10.3079,-10.3079,8480000.0
1986-07-15,-10.3135,-10.3135,-10.3168,-10.314,10640000.0
1986-07-16,-10.3112,-10.3107,-10.3235,-10.3202,19280000.0
1986-07-17,-10.3202,-10.3191,-10.3263,-10.3258,8960000.0
1986-07-18,-10.3258,-10.3246,-10.3302,-10.328,11040000.0
1986-07-21,-10.3224,-10.3191,-10.3235,-10.3202,8160000.0
1986-07-22,-10.3202,-10.3151,-10.3213,-10.3151,8560000.0
1986-07-23,-10.3151,-10.3151,-10.3174,-10.3174,6416000.0
1986-07-24,-10.3168,-10.3162,-10.3224,-10.3218,5187200.0
1986-07-25,-10.3218,-10.3179,-10.3224,-10.3179,7769600.0
1986-07-28,-10.3185,-10.3179,-10.3258,-10.3252,8800000.0
1986-07-29,-10.3258,-10.3258,-10.3324,-10.3302,21280000.0
1986-07-30,-10.3302,-10.3291,-10.3358,-10.3336,9120000.0
1986-07-31,-10.3336,-10.3291,-10.3336,-10.3302,10080000.0
1986-08-01,-10.3308,-10.328,-10.3308,-10.3297,5360000.0
1986-08-04,-10.3297,-10.3291,-10.333,-10.3291,4653600.0
1986-08-05,-10.3286,-10.3252,-10.3291,-10.3263,4238400.0
1986-08-06,-10.3263,-10.3263,-10.3313,-10.3308,6644800.0
1986-08-07,-10.3308,-10.3241,-10.3308,-10.328,6211200.0
1986-08-08,-10.3274,-10.3252,-10.3286,-10.3286,3941600.0
1986-08-11,-10.3274,-10.3202,-10.328,-10.3202,6591200.0
1986-08-12,-10.3207,-10.3162,-10.3207,-10.3168,8720000.0
1986-08-13,-10.3168,-10.3079,-10.3168,-10.309,16240000.0
1986-08-14,-10.309,-10.3045,-10.309,-10.309,8240000.0
1986-08-15,-10.3084,-10.3068,-10.3107,-10.3101,4910400.0
1986-08-18,-10.3101,-10.3095,-10.3135,-10.3118,5297600.0
1986-08-19,-10.3129,-10.3112,-10.3151,-10.3118,4944000.0
1986-08-20,-10.3124,-10.3068,-10.3124,-10.3079,6140000.0
1986-08-21,-10.3084,-10.3073,-10.3101,-10.3101,6992800.0
1986-08-22,-10.3095,-10.3062,-10.3095,-10.3079,4162400.0
1986-08-25,-10.3068,-10.3051,-10.3073,-10.3073,4533600.0
1986-08-26,-10.3073,-10.3051,-10.3073,-10.3062,4713600.0
1986-08-27,-10.3062,-10.3045,-10.3079,-10.3045,5280000.0
1986-08-28,-10.3045,-10.3001,-10.3051,-10.3012,7849600.0
1986-08-29,-10.3017,-10.3001,-10.3051,-10.3045,4846400.0
1986-09-02,-10.304,-10.304,-10.3146,-10.3146,8320000.0
1986-09-03,-10.3146,-10.314,-10.3174,-10.3146,4216000.0
1986-09-04,-10.3135,-10.3112,-10.3146,-10.3112,7133600.0
1986-09-05,-10.3107,-10.3095,-10.3135,-10.3129,3561600.0
1986-09-08,-10.3135,-10.3135,-10.3196,-10.3146,4522400.0
1986-09-09,-10.3151,-10.309,-10.3151,-10.3101,5398400.0
1986-09-10,-10.3107,-10.3095,-10.3146,-10.3135,2737600.0
1986-09-11,-10.3151,-10.3146,-10.3246,-10.3241,4842400.0
1986-09-12,-10.3246,-10.3235,-10.328,-10.328,8160000.0
1986-09-15,-10.3258,-10.3218,-10.3269,-10.3218,7973600.0
1986-09-16,-10.3218,-10.3129,-10.3246,-10.314,8800000.0
1986-09-17,-10.314,-10.3135,-10.3168,-10.3168,4181600.0
1986-09-18,-10.3168,-10.3157,-10.3191,-10.3179,3546400.0
1986-09-19,-10.3191,-10.3185,-10.3213,-10.3196,4601600.0
1986-09-22,-10.3202,-10.3118,-10.3202,-10.3124,8560000.0
1986-09-23,-10.3124,-10.3079,-10.3129,-10.3084,12080000.0
1986-09-24,-10.3084,-10.3073,-10.3179,-10.3129,6360000.0
1986-09-25,-10.3129,-10.3124,-10.3196,-10.3157,6744800.0
1986-09-26,-10.3174,-10.3162,-10.3185,-10.3168,2512800.0
1986-09-29,-10.3196,-10.3185,-10.3286,-10.3246,7475200.0
1986-09-30,-10.3229,-10.3185,-10.3241,-10.3202,6488800.0
1986-10-01,-10.3207,-10.3157,-10.3207,-10.3174,4988800.0
1986-10-02,-10.3191,-10.3162,-10.3202,-10.3174,3401600.0
1986-10-03,-10.3162,-10.3146,-10.3207,-10.3191,4997600.0
1986-10-06,-10.3191,-10.3168,-10.3196,-10.3174,3384000.0
1986-10-07,-10.3179,-10.3174,-10.3229,-10.3224,4577600.0
1986-10-08,-10.3229,-10.3224,-10.3258,-10.3235,4021600.0
1986-10-09,-10.3235,-10.3213,-10.3241,-10.3224,2820000.0
1986-10-10,-10.3229,-10.3207,-10.3252,-10.3213,2096000.0
1986-10-13,-10.3218,-10.3151,-10.3224,-10.3151,3582400.0
1986-10-14,-10.3151,-10.3124,-10.3191,-10.3179,7164000.0
1986-10-15,-10.3202,-10.3202,-10.3235,-10.3207,7367200.0
1986-10-16,-10.3207,-10.3185,-10.3213,-10.3196,4876000.0
1986-10-17,-10.3191,-10.3179,-10.3207,-10.3196,5460000.0
1986-10-20,-10.3202,-10.3196,-10.3229,-10.3229,5344000.0
1986-10-21,-10.3224,-10.3224,-10.3241,-10.3235,4096000.0
1986-10-22,-10.3235,-10.3229,-10.3258,-10.3246,3382400.0
1986-10-23,-10.3246,-10.3218,-10.3246,-10.3218,4441600.0
1986-10-24,-10.3218,-10.3213,-10.3235,-10.3224,2718400.0
1986-10-27,-10.3202,-10.3179,-10.3213,-10.3179,5422400.0
1986-10-28,-10.3179,-10.3174,-10.3224,-10.3207,5102400.0
1986-10-29,-10.3202,-10.3202,-10.3218,-10.3207,3057600.0
1986-10-30,-10.3202,-10.3146,-10.3207,-10.3168,10480000.0
1986-10-31,-10.3168,-10.314,-10.3168,-10.3151,4338400.0
1986-11-03,-10.3146,-10.3129,-10.3151,-10.3135,5457600.0
1986-11-04,-10.314,-10.3095,-10.3185,-10.3101,8800000.0
1986-11-05,-10.3101,-10.304,-10.3112,-10.3045,22320000.0
1986-11-06,-10.3062,-10.3051,-10.3101,-10.3084,11840000.0
1986-11-07,-10.309,-10.3084,-10.314,-10.3101,5153600.0
1986-11-10,-10.3095,-10.3095,-10.3129,-10.3118,3793600.0
1986-11-11,-10.3112,-10.3101,-10.3124,-10.3112,1809600.0
1986-11-12,-10.3101,-10.3062,-10.3107,-10.3062,4700000.0
1986-11-13,-10.3068,-10.3068,-10.3112,-10.3112,4928800.0
1986-11-14,-10.3112,-10.3112,-10.314,-10.3124,4840000.0
1986-11-17,-10.3124,-10.3045,-10.3135,-10.3073,5071200.0
1986-11-18,-10.3073,-10.3057,-10.3129,-10.3118,6115200.0
1986-11-19,-10.3129,-10.3124,-10.3157,-10.3135,10800000.0
1986-11-20,-10.314,-10.3118,-10.314,-10.3124,10560000.0
1986-11-21,-10.3124,-10.3079,-10.3129,-10.309,10240000.0
1986-11-24,-10.3079,-10.2995,-10.309,-10.3001,13440000.0
1986-11-25,-10.3001,-10.2895,-10.3001,-10.29,30320000.0
1986-11-26,-10.2906,-10.2856,-10.2912,-10.2889,18080000.0
1986-11-28,-10.2889,-10.2883,-10.2928,-10.2912,7897600.0
1986-12-01,-10.2912,-10.2906,-10.295,-10.2906,12400000.0
1986-12-02,-10.2889,-10.2833,-10.2912,-10.2845,13200000.0
1986-12-03,-10.2839,-10.2778,-10.2845,-10.2789,12000000.0
1986-12-04,-10.2794,-10.2789,-10.2822,-10.28,9600000.0
1986-12-05,-10.2794,-10.2744,-10.28,-10.2744,9360000.0
1986-12-08,-10.2749,-10.2738,-10.2805,-10.28,12400000.0
1986-12-09,-10.2805,-10.2794,-10.2861,-10.2805,10800000.0
1986-12-10,-10.2805,-10.2744,-10.2822,-10.2755,8720000.0
1986-12-11,-10.2749,-10.2738,-10.2794,-10.2783,8080000.0
1986-12-12,-10.2783,-10.2778,-10.2856,-10.2856,6451200.0
1986-12-15,-10.2867,-10.2833,-10.2895,-10.2833,7481600.0
1986-12-16,-10.2839,-10.28,-10.2839,-10.28,5464000.0
1986-12-17,-10.2805,-10.28,-10.2872,-10.2856,5417600.0
1986-12-18,-10.2861,-10.2828,-10.2878,-10.285,6258400.0
1986-12-19,-10.285,-10.28,-10.285,-10.2816,7149600.0
1986-12-22,-10.2822,-10.28,-10.2833,-10.2816,5887200.0
1986-12-23,-10.2811,-10.2805,-10.2828,-10.2816,8720000.0
1986-12-24,-10.2822,-10.2816,-10.2839,-10.2828,3453600.0
1986-12-26,-10.2828,-10.2828,-10.2867,-10.2867,3215200.0
1986-12-29,-10.2867,-10.2861,-10.29,-10.2889,4224800.0
1986-12-30,-10.2889,-10.2845,-10.2895,-10.2867,5297600.0
1986-12-31,-10.2867,-10.285,-10.2895,-10.2889,4742400.0
1987-01-02,-10.2895,-10.2861,-10.2906,-10.2872,4360000.0
1987-01-05,-10.2856,-10.2766,-10.2867,-10.2778,8560000.0
1987-01-06,-10.2772,-10.2733,-10.2794,-10.2744,11600000.0
1987-01-07,-10.2738,-10.2694,-10.2749,-10.2699,15520000.0
1987-01-08,-10.2699,-10.2683,-10.2711,-10.2699,10400000.0
1987-01-09,-10.2699,-10.2655,-10.2716,-10.2671,8560000.0
1987-01-12,-10.2666,-10.2655,-10.2699,-10.2666,8320000.0
1987-01-13,-10.2683,-10.2671,-10.2705,-10.2705,7584800.0
1987-01-14,-10.2705,-10.2543,-10.2711,-10.2549,18000000.0
1987-01-15,-10.2543,-10.2403,-10.2554,-10.247,19520000.0
1987-01-16,-10.2465,-10.2465,-10.2566,-10.2521,14560000.0
1987-01-19,-10.2521,-10.2325,-10.256,-10.2325,12960000.0
1987-01-20,-10.2242,-10.2208,-10.2398,-10.2392,27680000.0
1987-01-21,-10.2426,-10.2415,-10.251,-10.251,19040000.0
1987-01-22,-10.2515,-10.2348,-10.2532,-10.2353,16880000.0
1987-01-23,-10.2353,-10.2331,-10.2454,-10.2454,16400000.0
1987-01-26,-10.2465,-10.2443,-10.2487,-10.2476,12560000.0
1987-01-27,-10.2465,-10.2325,-10.247,-10.2342,13520000.0
1987-01-28,-10.2331,-10.2208,-10.237,-10.2225,14800000.0
1987-01-29,-10.2203,-10.2141,-10.2314,-10.2281,19920000.0
1987-01-30,-10.2287,-10.2203,-10.2348,-10.222,14640000.0
1987-02-02,-10.222,-10.2197,-10.2275,-10.2203,8800000.0
1987-02-03,-10.2197,-10.2191,-10.2253,-10.222,6412800.0
1987-02-04,-10.222,-10.222,-10.227,-10.2242,7791200.0
1987-02-05,-10.2242,-10.2236,-10.2325,-10.2292,12160000.0
1987-02-06,-10.2287,-10.2287,-10.2337,-10.2287,10480000.0
1987-02-09,-10.2337,-10.2314,-10.2365,-10.2348,5611200.0
1987-02-10,-10.2353,-10.2342,-10.2392,-10.2342,5977600.0
1987-02-11,-10.2331,-10.2164,-10.2342,-10.2175,12240000.0
1987-02-12,-10.2153,-10.2024,-10.2153,-10.208,25360000.0
1987-02-13,-10.208,-10.1907,-10.2108,-10.1924,18240000.0
1987-02-17,-10.1924,-10.1728,-10.1935,-10.1734,14640000.0
1987-02-18,-10.1723,-10.169,-10.1868,-10.1862,16800000.0
1987-02-19,-10.1862,-10.1862,-10.1941,-10.1912,11200000.0
1987-02-20,-10.1912,-10.1907,-10.1991,-10.1963,6813600.0
1987-02-23,-10.1979,-10.1829,-10.2035,-10.1879,12560000.0
1987-02-24,-10.1874,-10.1751,-10.1879,-10.1773,12720000.0
1987-02-25,-10.1773,-10.1595,-10.1812,-10.1612,16240000.0
1987-02-26,-10.1595,-10.1511,-10.1662,-10.1612,17840000.0
1987-02-27,-10.1612,-10.1528,-10.1673,-10.1572,14480000.0
1987-03-02,-10.1561,-10.155,-10.1706,-10.1684,14160000.0
1987-03-03,-10.1684,-10.1656,-10.1807,-10.1795,15600000.0
1987-03-04,-10.1762,-10.165,-10.1779,-10.1678,16000000.0
1987-03-05,-10.1684,-10.1617,-10.1695,-10.1639,12080000.0
1987-03-06,-10.1695,-10.1645,-10.1717,-10.1695,6332800.0
1987-03-09,-10.1728,-10.1717,-10.1818,-10.1812,9120000.0
1987-03-10,-10.1818,-10.1712,-10.1818,-10.1717,8720000.0
1987-03-11,-10.1695,-10.1662,-10.174,-10.174,7826400.0
1987-03-12,-10.1751,-10.174,-10.1857,-10.1784,10800000.0
1987-03-13,-10.1784,-10.1751,-10.1862,-10.1862,7067200.0
1987-03-16,-10.1862,-10.1784,-10.1907,-10.1784,8800000.0
1987-03-17,-10.1773,-10.1662,-10.1795,-10.1706,8720000.0
1987-03-18,-10.1695,-10.1684,-10.1807,-10.1751,10800000.0
1987-03-19,-10.1762,-10.1639,-10.1773,-10.1645,7396000.0
1987-03-20,-10.165,-10.1583,-10.165,-10.165,12400000.0
1987-03-23,-10.1662,-10.165,-10.174,-10.1684,8800000.0
1987-03-24,-10.1673,-10.1639,-10.174,-10.174,9600000.0
1987-03-25,-10.1728,-10.1706,-10.1784,-10.1717,9760000.0
1987-03-26,-10.1717,-10.1673,-10.1728,-10.1695,5146400.0
1987-03-27,-10.1695,-10.1684,-10.1807,-10.1795,4817600.0
1987-03-30,-10.1862,-10.1829,-10.1918,-10.1907,9280000.0
1987-03-31,-10.1918,-10.1807,-10.1918,-10.1818,9760000.0
1987-04-01,-10.1885,-10.1706,-10.1912,-10.1717,7792800.0
1987-04-02,-10.165,-10.1494,-10.1706,-10.1494,27760000.0
1987-04-03,-10.1505,-10.1489,-10.1561,-10.1494,19280000.0
1987-04-06,-10.1505,-10.1449,-10.1606,-10.1572,10320000.0
1987-04-07,-10.1583,-10.1561,-10.1673,-10.1673,9280000.0
1987-04-08,-10.1673,-10.1561,-10.1684,-10.1617,8240000.0
1987-04-09,-10.1628,-10.1505,-10.1673,-10.1528,8480000.0
1987-04-10,-10.1516,-10.1505,-10.1583,-10.1561,7791200.0
1987-04-13,-10.1572,-10.1561,-10.1684,-10.1684,5101600.0
1987-04-14,-10.1717,-10.1583,-10.1728,-10.1662,14560000.0
1987-04-15,-10.1595,-10.1528,-10.1628,-10.1528,12480000.0
1987-04-16,-10.1516,-10.1427,-10.1528,-10.1505,12400000.0
1987-04-20,-10.1505,-10.1449,-10.1539,-10.1522,5353600.0
1987-04-21,-10.1561,-10.1349,-10.1595,-10.136,15440000.0
1987-04-22,-10.1277,-10.126,-10.1394,-10.1383,14400000.0
1987-04-23,-10.1383,-10.1249,-10.1383,-10.1304,10880000.0
1987-04-24,-10.1316,-10.1282,-10.1371,-10.136,9120000.0
1987-04-27,-10.1383,-10.1338,-10.1427,-10.1349,13680000.0
1987-04-28,-10.1316,-10.1221,-10.1327,-10.126,11600000.0
1987-04-29,-10.1249,-10.1137,-10.126,-10.1226,10400000.0
1987-04-30,-10.1215,-10.1126,-10.1226,-10.1159,9040000.0
1987-05-01,-10.1148,-10.1126,-10.1182,-10.1126,4751200.0
1987-05-04,-10.1148,-10.1115,-10.117,-10.1137,5095200.0
1987-05-05,-10.1126,-10.1092,-10.1215,-10.1115,8240000.0
1987-05-06,-10.1103,-10.1025,-10.1159,-10.1126,10240000.0
1987-05-07,-10.1137,-10.1081,-10.1137,-10.1115,6488800.0
1987-05-08,-10.1103,-10.1081,-10.117,-10.117,6618400.0
1987-05-11,-10.126,-10.1148,-10.1271,-10.126,7048800.0
1987-05-12,-10.1304,-10.1282,-10.1349,-10.1327,9280000.0
1987-05-13,-10.1315,-10.1187,-10.1327,-10.1193,11120000.0
1987-05-14,-10.1204,-10.1148,-10.1204,-10.1159,5316000.0
1987-05-15,-10.1159,-10.1159,-10.1215,-10.1204,5220000.0
1987-05-18,-10.1204,-10.1193,-10.1327,-10.1315,8640000.0
1987-05-19,-10.1315,-10.1315,-10.1455,-10.1427,8560000.0
1987-05-20,-10.1438,-10.1349,-10.1461,-10.1371,10320000.0
1987-05-21,-10.136,-10.1315,-10.1371,-10.1371,6233600.0
1987-05-22,-10.1349,-10.1327,-10.1405,-10.1388,3484000.0
1987-05-26,-10.1371,-10.1215,-10.1394,-10.1215,5481600.0
1987-05-27,-10.1215,-10.1115,-10.1237,-10.1148,6484000.0
1987-05-28,-10.1148,-10.1115,-10.1193,-10.1126,5424000.0
1987-05-29,-10.1115,-10.1103,-10.117,-10.117,3322400.0
1987-06-01,-10.1148,-10.1148,-10.1237,-10.1226,2984000.0
1987-06-02,-10.1237,-10.1215,-10.126,-10.1248,4927200.0
1987-06-03,-10.1248,-10.1148,-10.1248,-10.1226,6140000.0
1987-06-04,-10.1215,-10.1182,-10.126,-10.1193,5511200.0
1987-06-05,-10.1182,-10.1182,-10.1226,-10.1226,4696000.0
1987-06-08,-10.1226,-10.1215,-10.1271,-10.1226,7213600.0
1987-06-09,-10.1237,-10.1148,-10.1237,-10.1193,4570400.0
1987-06-10,-10.1182,-10.1115,-10.1215,-10.1193,5235200.0
1987-06-11,-10.1193,-10.1126,-10.1215,-10.117,4521600.0
1987-06-12,-10.117,-10.1137,-10.1182,-10.117,3653600.0
1987-06-15,-10.117,-10.1148,-10.1237,-10.1193,9280000.0
1987-06-16,-10.0992,-10.0969,-10.1304,-10.0992,12240000.0
1987-06-17,-10.0992,-10.0902,-10.1126,-10.1081,10640000.0
1987-06-18,-10.1103,-10.0969,-10.117,-10.0992,8200000.0
1987-06-19,-10.0992,-10.0969,-10.1092,-10.1036,4480000.0
1987-06-22,-10.1014,-10.0925,-10.1047,-10.0947,6040000.0
1987-06-23,-10.0947,-10.0936,-10.1059,-10.1014,2892000.0
1987-06-24,-10.0992,-10.0836,-10.1081,-10.0947,4240000.0
1987-06-25,-10.0947,-10.0902,-10.1081,-10.1081,4320000.0
1987-06-26,-10.1059,-10.0992,-10.1126,-10.1081,4560000.0
1987-06-29,-10.1081,-10.1059,-10.1126,-10.1059,3628000.0
1987-06-30,-10.1081,-10.1036,-10.1148,-10.1081,5160000.0
1987-07-01,-10.1059,-10.1059,-10.1148,-10.1126,3402000.0
1987-07-02,-10.1126,-10.1036,-10.1148,-10.1069,2931200.0
1987-07-06,-10.1059,-10.0969,-10.1081,-10.1059,3060800.0
1987-07-07,-10.1081,-10.1036,-10.1237,-10.1193,7280000.0
1987-07-08,-10.1193,-10.1193,-10.1438,-10.1371,12200000.0
1987-07-09,-10.1371,-10.1237,-10.1371,-10.1327,8560000.0
1987-07-10,-10.1304,-10.1193,-10.1327,-10.1304,5600000.0
1987-07-13,-10.1215,-10.1059,-10.1237,-10.1081,9120000.0
1987-07-14,-10.1036,-10.0858,-10.1036,-10.0858,9200000.0
1987-07-15,-10.0858,-10.0702,-10.0925,-10.0769,9680000.0
1987-07-16,-10.0769,-10.0769,-10.0836,-10.0769,3388000.0
1987-07-17,-10.0746,-10.0702,-10.088,-10.0836,3300000.0
1987-07-20,-10.0858,-10.0836,-10.0992,-10.0969,4440000.0
1987-07-21,-10.0947,-10.0902,-10.1014,-10.1002,3966400.0
1987-07-22,-10.0992,-10.088,-10.1014,-10.0902,2185200.0
1987-07-23,-10.0858,-10.0813,-10.1081,-10.0969,2685600.0
1987-07-24,-10.0992,-10.088,-10.0992,-10.0902,4200000.0
1987-07-27,-10.0902,-10.0858,-10.0947,-10.0925,2035600.0
1987-07-28,-10.0902,-10.088,-10.0969,-10.0958,2660800.0
1987-07-29,-10.0947,-10.0947,-10.1081,-10.1036,3534800.0
1987-07-30,-10.1036,-10.0992,-10.1059,-10.0992,3727600.0
1987-07-31,-10.1014,-10.0947,-10.1014,-10.1014,2613600.0
1987-08-03,-10.1036,-10.0992,-10.1103,-10.1103,2275600.0
1987-08-04,-10.1081,-10.0925,-10.1126,-10.0925,4320000.0
1987-08-05,-10.0925,-10.0813,-10.0947,-10.0836,4640000.0
1987-08-06,-10.0836,-10.0523,-10.088,-10.0568,9000000.0
1987-08-07,-10.0568,-10.0478,-10.059,-10.0545,5440000.0
1987-08-10,-10.0389,-10.0389,-10.0612,-10.0389,2800000.0
1987-08-11,-10.0277,-10.021,-10.0344,-10.0277,9680000.0
1987-08-12,-10.0277,-10.0255,-10.0389,-10.0344,5760000.0
1987-08-13,-10.0344,-10.021,-10.0367,-10.0322,7000000.0
1987-08-14,-10.0367,-10.0233,-10.0411,-10.0322,3758800.0
1987-08-17,-10.0277,-10.0233,-10.0344,-10.0277,5200000.0
1987-08-18,-10.03,-10.0277,-10.0389,-10.0344,8480000.0
1987-08-19,-10.0277,-10.0233,-10.0322,-10.0233,2404400.0
1987-08-20,-10.021,-10.0009,-10.0255,-10.0076,6280000.0
1987-08-21,-10.0076,-9.9898,-10.0099,-9.9965,5000000.0
1987-08-24,-9.9965,-9.992,-10.0032,-10.0032,4320000.0
1987-08-25,-9.9987,-9.9942,-10.0054,-10.0054,4880000.0
1987-08-26,-9.9965,-9.992,-10.0054,-10.0054,7000000.0
1987-08-27,-10.0032,-9.9987,-10.0099,-10.0054,4440000.0
1987-08-28,-10.0054,-10.0009,-10.0099,-10.0054,3434400.0
1987-08-31,-10.0032,-9.9853,-10.0076,-9.9876,5360000.0
1987-09-01,-9.9809,-9.9764,-10.0009,-10.0009,4960000.0
1987-09-02,-10.0054,-9.9942,-10.0166,-10.0054,8200000.0
1987-09-03,-10.0009,-9.9987,-10.021,-10.0121,6600000.0
1987-09-04,-10.0121,-10.0076,-10.0233,-10.0188,3891200.0
1987-09-08,-10.021,-10.0188,-10.0367,-10.0243,6280000.0
1987-09-09,-10.021,-9.9965,-10.0277,-9.9987,5640000.0
1987-09-10,-9.9942,-9.9831,-9.9953,-9.9898,5000000.0
1987-09-11,-9.9876,-9.9742,-9.9987,-9.9831,4440000.0
1987-09-14,-9.9809,-9.9764,-9.9987,-9.9965,2928000.0
1987-09-15,-9.9965,-9.9965,-10.0099,-10.0076,3744800.0
1987-09-16,-10.0076,-9.9998,-10.0121,-10.0076,6000000.0
1987-09-17,-10.0054,-10.0032,-10.0143,-10.0054,2400000.0
1987-09-18,-10.0054,-10.0032,-10.0109,-10.0076,2555600.0
1987-09-21,-10.0076,-9.9987,-10.021,-10.021,4600000.0
1987-09-22,-10.0188,-9.9853,-10.021,-9.9864,5480000.0
1987-09-23,-9.9864,-9.9697,-9.9898,-9.9764,9098800.0
1987-09-24,-9.9764,-9.9529,-9.9764,-9.9652,6520000.0
1987-09-25,-9.963,-9.9518,-9.9652,-9.9563,3806800.0
1987-09-28,-9.9563,-9.9451,-9.9742,-9.9719,7280000.0
1987-09-29,-9.9697,-9.9697,-9.9853,-9.9831,6120000.0
1987-09-30,-9.9853,-9.9608,-9.9853,-9.9652,4360000.0
1987-10-01,-9.963,-9.9451,-9.9652,-9.9496,4160000.0
1987-10-02,-9.9496,-9.9451,-9.9563,-9.9474,3450000.0
1987-10-05,-9.9474,-9.9362,-9.9541,-9.9407,4800000.0
1987-10-06,-9.9384,-9.9384,-9.9742,-9.9719,7200000.0
1987-10-07,-9.9742,-9.9719,-9.9853,-9.9742,8000000.0
1987-10-08,-9.9742,-9.9697,-9.9942,-9.9853,5880000.0
1987-10-09,-9.9853,-9.9742,-9.9876,-9.9864,5200000.0
1987-10-12,-9.9853,-9.9842,-10.0076,-9.9942,7120000.0
1987-10-13,-9.9831,-9.9809,-9.9942,-9.9831,5800000.0
1987-10-14,-9.9898,-9.9876,-10.0054,-9.9942,9240000.0
1987-10-15,-9.9942,-9.9831,-10.0076,-10.0054,12440000.0
1987-10-16,-10.0032,-9.9965,-10.0456,-10.0389,15000000.0
1987-10-19,-10.0389,-10.0389,-10.1527,-10.1438,17000000.0
1987-10-20,-10.1259,-10.0947,-10.1784,-10.1617,20320000.0
1987-10-21,-10.1259,-10.0947,-10.1304,-10.1081,19080000.0
1987-10-22,-10.1192,-10.1081,-10.1483,-10.1416,13760000.0
1987-10-23,-10.1505,-10.1438,-10.1639,-10.1527,7080000.0
1987-10-26,-10.1617,-10.1572,-10.2231,-10.2197,11200000.0
1987-10-27,-10.2063,-10.1817,-10.2108,-10.1996,16280000.0
1987-10-28,-10.1951,-10.1684,-10.2085,-10.1706,14960000.0
1987-10-29,-10.1639,-10.1126,-10.1817,-10.117,11840000.0
1987-10-30,-10.1126,-10.0858,-10.1259,-10.1248,15040000.0
1987-11-02,-10.1237,-10.117,-10.1349,-10.1237,6720000.0
1987-11-03,-10.1304,-10.1259,-10.1639,-10.146,11200000.0
1987-11-04,-10.1527,-10.1371,-10.1594,-10.1483,8360000.0
1987-11-05,-10.146,-10.1237,-10.146,-10.1304,9120000.0
1987-11-06,-10.1282,-10.117,-10.1393,-10.1326,6680000.0
1987-11-09,-10.1393,-10.1349,-10.146,-10.1371,7520000.0
1987-11-10,-10.1438,-10.1349,-10.1483,-10.146,8280000.0
1987-11-11,-10.1371,-10.1282,-10.1416,-10.1371,6640000.0
1987-11-12,-10.1259,-10.1126,-10.127,-10.1237,8800000.0
1987-11-13,-10.1192,-10.117,-10.1393,-10.1371,5520000.0
1987-11-16,-10.1326,-10.1259,-10.1438,-10.1416,6600000.0
1987-11-17,-10.1415,-10.1393,-10.1572,-10.1572,9600000.0
1987-11-18,-10.1505,-10.1438,-10.1616,-10.146,9480000.0
1987-11-19,-10.1438,-10.1438,-10.1661,-10.1616,6520000.0
1987-11-20,-10.1661,-10.1482,-10.1728,-10.1527,8960000.0
1987-11-23,-10.1527,-10.146,-10.1594,-10.146,3500000.0
1987-11-24,-10.1415,-10.1326,-10.1471,-10.1393,7040000.0
1987-11-25,-10.1393,-10.1393,-10.1482,-10.1438,3311200.0
1987-11-27,-10.146,-10.1438,-10.1594,-10.1572,2526800.0
1987-11-30,-10.1683,-10.1616,-10.1973,-10.175,14880000.0
1987-12-01,-10.1706,-10.1661,-10.1773,-10.1728,6480000.0
1987-12-02,-10.1728,-10.1706,-10.1795,-10.1795,5080000.0
1987-12-03,-10.175,-10.1716,-10.204,-10.1973,11400000.0
1987-12-04,-10.1996,-10.1907,-10.204,-10.1951,8720000.0
1987-12-07,-10.1929,-10.1728,-10.1929,-10.175,7280000.0
1987-12-08,-10.1706,-10.1582,-10.1728,-10.1616,9080000.0
1987-12-09,-10.1616,-10.146,-10.1672,-10.1572,6400000.0
1987-12-10,-10.1683,-10.1482,-10.1728,-10.1594,9880000.0
1987-12-11,-10.1594,-10.1594,-10.1706,-10.1661,4360000.0
1987-12-14,-10.1616,-10.1348,-10.1639,-10.1371,12200000.0
1987-12-15,-10.1326,-10.1282,-10.1393,-10.1348,10680000.0
1987-12-16,-10.1326,-10.1148,-10.1371,-10.1192,11800000.0
1987-12-17,-10.1081,-10.1058,-10.1192,-10.1192,11640000.0
1987-12-18,-10.117,-10.1014,-10.1192,-10.1081,10800000.0
1987-12-21,-10.1081,-10.0969,-10.1103,-10.0969,6720000.0
1987-12-22,-10.0969,-10.0969,-10.1081,-10.0991,4600000.0
1987-12-23,-10.0969,-10.088,-10.1014,-10.0924,6120000.0
1987-12-24,-10.0947,-10.0857,-10.0969,-10.089,2508000.0
1987-12-28,-10.0924,-10.0902,-10.117,-10.1103,8200000.0
1987-12-29,-10.1081,-10.0924,-10.1103,-10.0935,4240000.0
1987-12-30,-10.0902,-10.079,-10.0902,-10.0823,5560000.0
1987-12-31,-10.0902,-10.0857,-10.0957,-10.0947,4200000.0
1988-01-04,-10.088,-10.0701,-10.0924,-10.0701,11800000.0
1988-01-05,-10.059,-10.0567,-10.0746,-10.0712,11040000.0
1988-01-06,-10.0679,-10.0679,-10.079,-10.079,9600000.0
1988-01-07,-10.0813,-10.0701,-10.0902,-10.0723,7600000.0
1988-01-08,-10.0723,-10.0657,-10.117,-10.1125,17360000.0
1988-01-11,-10.1125,-10.088,-10.1148,-10.0902,14440000.0
1988-01-12,-10.0857,-10.0813,-10.1148,-10.0947,14320000.0
1988-01-13,-10.0947,-10.0835,-10.1024,-10.0924,7560000.0
1988-01-14,-10.088,-10.0868,-10.0947,-10.0924,4720000.0
1988-01-15,-10.0813,-10.0679,-10.0902,-10.0868,12280000.0
1988-01-18,-10.0857,-10.0857,-10.0947,-10.088,4480000.0
1988-01-19,-10.0924,-10.0835,-10.1002,-10.088,9800000.0
1988-01-20,-10.0857,-10.0857,-10.1282,-10.1148,24320000.0
1988-01-21,-10.1081,-10.1058,-10.1181,-10.1114,17640000.0
1988-01-22,-10.1081,-10.1058,-10.1282,-10.1192,15920000.0
1988-01-25,-10.117,-10.0991,-10.117,-10.1047,7160000.0
1988-01-26,-10.1058,-10.1036,-10.1192,-10.1148,5120000.0
1988-01-27,-10.1103,-10.1081,-10.1237,-10.1148,9240000.0
1988-01-28,-10.1125,-10.0991,-10.1148,-10.1014,8320000.0
1988-01-29,-10.0991,-10.0969,-10.1103,-10.0991,9480000.0
1988-02-01,-10.0969,-10.0902,-10.1002,-10.0969,7120000.0
1988-02-02,-10.0991,-10.0957,-10.1081,-10.1014,6840000.0
1988-02-03,-10.1036,-10.1014,-10.1192,-10.117,8080000.0
1988-02-04,-10.117,-10.1114,-10.1215,-10.1148,7120000.0
1988-02-05,-10.1125,-10.1091,-10.1259,-10.1248,4720000.0
1988-02-08,-10.1259,-10.1192,-10.1326,-10.1237,7280000.0
1988-02-09,-10.1215,-10.1136,-10.1237,-10.1148,4160000.0
1988-02-10,-10.1148,-10.0991,-10.1148,-10.1036,8160000.0
1988-02-11,-10.1036,-10.1014,-10.1103,-10.1069,5280000.0
1988-02-12,-10.1069,-10.0991,-10.108,-10.1036,4920000.0
1988-02-16,-10.1036,-10.1013,-10.1125,-10.1013,5520000.0
1988-02-17,-10.1013,-10.0902,-10.1013,-10.0957,9160000.0
1988-02-18,-10.0979,-10.0879,-10.0991,-10.0969,5120000.0
1988-02-19,-10.0969,-10.0946,-10.0991,-10.0969,3242400.0
1988-02-22,-10.0991,-10.0801,-10.0991,-10.0835,7160000.0
1988-02-23,-10.0835,-10.079,-10.0924,-10.0879,7880000.0
1988-02-24,-10.0879,-10.0857,-10.0946,-10.0924,5200000.0
1988-02-25,-10.0946,-10.0857,-10.0969,-10.0969,6400000.0
1988-02-26,-10.0946,-10.0924,-10.1013,-10.0969,2952400.0
1988-02-29,-10.0969,-10.0835,-10.0991,-10.0857,4000000.0
1988-03-01,-10.0835,-10.0813,-10.0902,-10.0835,6120000.0
1988-03-02,-10.079,-10.0679,-10.0813,-10.0701,10440000.0
1988-03-03,-10.0723,-10.05,-10.0723,-10.0545,16920000.0
1988-03-04,-10.0589,-10.05,-10.0634,-10.0511,7480000.0
1988-03-07,-10.0522,-10.0433,-10.0545,-10.0511,7400000.0
1988-03-08,-10.0522,-10.05,-10.0589,-10.0567,5160000.0
1988-03-09,-10.0567,-10.0478,-10.0567,-10.0522,4800000.0
1988-03-10,-10.05,-10.0478,-10.0656,-10.0656,6320000.0
1988-03-11,-10.0634,-10.0612,-10.0723,-10.0612,5640000.0
1988-03-14,-10.0612,-10.0545,-10.0634,-10.0567,3518000.0
1988-03-15,-10.0589,-10.0567,-10.0701,-10.0679,6480000.0
1988-03-16,-10.0689,-10.0555,-10.0723,-10.0578,4240000.0
1988-03-17,-10.0567,-10.0545,-10.0701,-10.0679,9320000.0
1988-03-18,-10.0679,-10.0634,-10.0746,-10.0701,9720000.0
1988-03-21,-10.0734,-10.0712,-10.0857,-10.0779,8120000.0
1988-03-22,-10.0768,-10.0723,-10.0835,-10.0768,4265600.0
1988-03-23,-10.0768,-10.0768,-10.0957,-10.0902,7480000.0
1988-03-24,-10.0969,-10.0902,-10.1125,-10.1046,11440000.0
1988-03-25,-10.1058,-10.1013,-10.1125,-10.1113,4680000.0
1988-03-28,-10.1125,-10.0969,-10.117,-10.0991,6160000.0
1988-03-29,-10.0991,-10.0946,-10.1069,-10.1036,7640000.0
1988-03-30,-10.1058,-10.1013,-10.1237,-10.117,13280000.0
1988-03-31,-10.1147,-10.108,-10.1192,-10.1125,7760000.0
1988-04-04,-10.1147,-10.108,-10.1259,-10.1237,6480000.0
1988-04-05,-10.1192,-10.117,-10.1259,-10.1192,5280000.0
1988-04-06,-10.117,-10.0969,-10.1214,-10.0969,6800000.0
1988-04-07,-10.0969,-10.0913,-10.1058,-10.1058,5840000.0
1988-04-08,-10.1058,-10.0969,-10.1147,-10.1036,7240000.0
1988-04-11,-10.0969,-10.0946,-10.1036,-10.0991,5320000.0
1988-04-12,-10.0969,-10.0924,-10.1013,-10.0969,6200000.0
1988-04-13,-10.0969,-10.0946,-10.1036,-10.1013,5120000.0
1988-04-14,-10.108,-10.0991,-10.1214,-10.117,6720000.0
1988-04-15,-10.1147,-10.1125,-10.1259,-10.117,8320000.0
1988-04-18,-10.1147,-10.1058,-10.1192,-10.1125,6080000.0
1988-04-19,-10.1113,-10.0991,-10.1113,-10.1103,7596400.0
1988-04-20,-10.1103,-10.108,-10.1192,-10.1147,7680000.0
1988-04-21,-10.1091,-10.108,-10.1214,-10.117,6360000.0
1988-04-22,-10.1147,-10.1103,-10.117,-10.1113,3846800.0
1988-04-25,-10.1103,-10.1036,-10.1125,-10.1046,5360000.0
1988-04-26,-10.1036,-10.0969,-10.1058,-10.0991,6280000.0
1988-04-27,-10.0969,-10.0946,-10.0991,-10.0969,4520000.0
1988-04-28,-10.0969,-10.0946,-10.1013,-10.1002,3553600.0
1988-04-29,-10.1013,-10.0991,-10.108,-10.1036,3222000.0
1988-05-02,-10.1058,-10.1013,-10.108,-10.1036,2944400.0
1988-05-03,-10.1036,-10.0924,-10.1058,-10.0969,4440000.0
1988-05-04,-10.0957,-10.0846,-10.0969,-10.0946,8000000.0
1988-05-05,-10.0946,-10.0924,-10.0991,-10.0969,2536800.0
1988-05-06,-10.0979,-10.0969,-10.1013,-10.1013,3835600.0
1988-05-09,-10.1013,-10.1013,-10.108,-10.1058,2732000.0
1988-05-10,-10.108,-10.1036,-10.1103,-10.1046,3439200.0
1988-05-11,-10.1103,-10.1058,-10.117,-10.117,6240000.0
1988-05-12,-10.117,-10.1103,-10.117,-10.1147,2965600.0
1988-05-13,-10.1103,-10.108,-10.1125,-10.108,2566800.0
1988-05-16,-10.108,-10.1002,-10.1125,-10.1013,2686800.0
1988-05-17,-10.0991,-10.0946,-10.1102,-10.108,6920000.0
1988-05-18,-10.108,-10.1058,-10.1169,-10.1147,6240000.0
1988-05-19,-10.1169,-10.1147,-10.1259,-10.1214,8920000.0
1988-05-20,-10.1192,-10.1169,-10.1236,-10.1236,2941200.0
1988-05-23,-10.1259,-10.1225,-10.1359,-10.1303,6560000.0
1988-05-24,-10.1303,-10.1214,-10.1326,-10.1225,5080000.0
1988-05-25,-10.1214,-10.1147,-10.1259,-10.1259,4840000.0
1988-05-26,-10.1259,-10.1169,-10.1259,-10.118,3076800.0
1988-05-27,-10.1192,-10.1125,-10.1214,-10.1147,3020000.0
1988-05-31,-10.1125,-10.0991,-10.1147,-10.0991,4400000.0
1988-06-01,-10.0991,-10.0902,-10.1013,-10.0902,8200000.0
1988-06-02,-10.0946,-10.0902,-10.0991,-10.0969,4760000.0
1988-06-03,-10.0969,-10.0835,-10.0969,-10.0857,6280000.0
1988-06-06,-10.0879,-10.0768,-10.0879,-10.0768,5880000.0
1988-06-07,-10.079,-10.0656,-10.0812,-10.0768,11120000.0
1988-06-08,-10.0745,-10.0634,-10.0768,-10.0678,9240000.0
1988-06-09,-10.0678,-10.0656,-10.0835,-10.0812,9640000.0
1988-06-10,-10.0812,-10.0701,-10.0857,-10.0723,6320000.0
1988-06-13,-10.0678,-10.0656,-10.0745,-10.0678,5320000.0
1988-06-14,-10.0656,-10.0589,-10.0678,-10.0656,10445600.0
1988-06-15,-10.0656,-10.0611,-10.0678,-10.0611,4360000.0
1988-06-16,-10.0678,-10.0656,-10.0745,-10.0723,3854400.0
1988-06-17,-10.0701,-10.0701,-10.0745,-10.0701,3410800.0
1988-06-20,-10.0734,-10.0701,-10.0768,-10.0756,2811200.0
1988-06-21,-10.0768,-10.0678,-10.0778,-10.0689,4422000.0
1988-06-22,-10.0634,-10.06,-10.0678,-10.0622,6998000.0
1988-06-23,-10.0611,-10.0611,-10.0678,-10.0678,2566400.0
1988-06-24,-10.0678,-10.0634,-10.0723,-10.0678,2684400.0
1988-06-27,-10.0723,-10.0644,-10.0723,-10.0723,3001200.0
1988-06-28,-10.0701,-10.0567,-10.0723,-10.0567,5809200.0
1988-06-29,-10.0589,-10.0522,-10.0611,-10.0555,5125200.0
1988-06-30,-10.0567,-10.0522,-10.0589,-10.0567,4104800.0
1988-07-01,-10.0544,-10.051,-10.0567,-10.0544,3385600.0
1988-07-05,-10.0544,-10.0477,-10.0577,-10.0477,3736400.0
1988-07-06,-10.0488,-10.0455,-10.0577,-10.0544,5608800.0
1988-07-07,-10.0544,-10.0544,-10.0656,-10.06,3778000.0
1988-07-08,-10.0634,-10.0589,-10.0678,-10.0656,3766400.0
1988-07-11,-10.0634,-10.0634,-10.0689,-10.0667,2646400.0
1988-07-12,-10.0678,-10.0656,-10.0723,-10.0701,3605600.0
1988-07-13,-10.0701,-10.0678,-10.0745,-10.0701,4132000.0
1988-07-14,-10.0701,-10.0656,-10.0723,-10.0678,2245200.0
1988-07-15,-10.0678,-10.0634,-10.0701,-10.0678,2968000.0
1988-07-18,-10.0644,-10.0589,-10.0656,-10.0634,4061200.0
1988-07-19,-10.0678,-10.0634,-10.0778,-10.0701,4372400.0
1988-07-20,-10.0701,-10.0678,-10.0768,-10.0745,4293600.0
1988-07-21,-10.079,-10.0768,-10.0879,-10.0857,5323600.0
1988-07-22,-10.0857,-10.0835,-10.0902,-10.0902,3724800.0
1988-07-25,-10.0879,-10.0835,-10.0924,-10.0879,3794400.0
1988-07-26,-10.0879,-10.0835,-10.0924,-10.0879,3640800.0
1988-07-27,-10.0879,-10.0835,-10.0902,-10.0879,4162400.0
1988-07-28,-10.0902,-10.0857,-10.0924,-10.089,3326800.0
1988-07-29,-10.0835,-10.0723,-10.0857,-10.0734,5697600.0
1988-08-01,-10.0723,-10.0611,-10.0745,-10.0678,3085600.0
1988-08-02,-10.0678,-10.0634,-10.0723,-10.0711,4338000.0
1988-08-03,-10.0701,-10.0701,-10.0768,-10.0701,3980800.0
1988-08-04,-10.0701,-10.0656,-10.0723,-10.0711,2473200.0
1988-08-05,-10.0723,-10.0678,-10.0745,-10.0745,1881200.0
1988-08-08,-10.0723,-10.0701,-10.0768,-10.0768,1085600.0
1988-08-09,-10.0768,-10.0745,-10.0857,-10.0812,6090800.0
1988-08-10,-10.079,-10.079,-10.0969,-10.0957,5300800.0
1988-08-11,-10.0924,-10.0835,-10.0946,-10.0835,3803200.0
1988-08-12,-10.0857,-10.0857,-10.0924,-10.0902,2771200.0
1988-08-15,-10.0924,-10.0924,-10.108,-10.1013,5971200.0
1988-08-16,-10.1035,-10.0834,-10.1058,-10.0901,4397600.0
1988-08-17,-10.0901,-10.0879,-10.0968,-10.0946,4252400.0
1988-08-18,-10.0946,-10.0857,-10.0968,-10.0901,2648000.0
1988-08-19,-10.0901,-10.0879,-10.108,-10.1058,8120000.0
1988-08-22,-10.1102,-10.1058,-10.1169,-10.1147,6100000.0
1988-08-23,-10.1147,-10.1102,-10.1191,-10.1169,5843200.0
1988-08-24,-10.1147,-10.1058,-10.1169,-10.1058,4482000.0
1988-08-25,-10.1102,-10.108,-10.1191,-10.1113,4560000.0
1988-08-26,-10.1124,-10.1058,-10.1124,-10.1102,1453200.0
1988-08-29,-10.1058,-10.1035,-10.108,-10.1046,2046400.0
1988-08-30,-10.1058,-10.1035,-10.1124,-10.1046,1809200.0
1988-08-31,-10.1035,-10.1024,-10.1169,-10.1135,8493600.0
1988-09-01,-10.1147,-10.1147,-10.1258,-10.1224,8818800.0
1988-09-02,-10.1169,-10.1124,-10.1214,-10.1147,6661200.0
1988-09-06,-10.1124,-10.1124,-10.1236,-10.1224,5125200.0
1988-09-07,-10.1214,-10.1169,-10.1325,-10.1281,6417600.0
1988-09-08,-10.1281,-10.1169,-10.1325,-10.1236,7403200.0
1988-09-09,-10.1236,-10.1035,-10.1325,-10.108,8393200.0
1988-09-12,-10.1035,-10.0968,-10.1113,-10.1035,5290800.0
1988-09-13,-10.1102,-10.1013,-10.1124,-10.1035,4293600.0
1988-09-14,-10.0968,-10.0912,-10.0991,-10.0946,8520800.0
1988-09-15,-10.0946,-10.0879,-10.0991,-10.0979,5920000.0
1988-09-16,-10.0991,-10.0879,-10.1001,-10.0924,4431200.0
1988-09-19,-10.0946,-10.0924,-10.1013,-10.0968,3296400.0
1988-09-20,-10.0968,-10.0924,-10.1001,-10.0991,3682400.0
1988-09-21,-10.0968,-10.0857,-10.0991,-10.0879,3274800.0
1988-09-22,-10.0857,-10.0767,-10.0879,-10.0767,5203600.0
1988-09-23,-10.0812,-10.0745,-10.0812,-10.079,3638000.0
1988-09-26,-10.079,-10.0767,-10.0901,-10.0879,3124400.0
1988-09-27,-10.0901,-10.0812,-10.0901,-10.0823,5832400.0
1988-09-28,-10.0812,-10.0756,-10.0834,-10.0812,3038800.0
1988-09-29,-10.079,-10.0745,-10.0812,-10.0767,3804400.0
1988-09-30,-10.0767,-10.0767,-10.0834,-10.0834,3338800.0
1988-10-03,-10.0857,-10.0834,-10.0946,-10.0901,3243200.0
1988-10-04,-10.0924,-10.0879,-10.1024,-10.0991,1847600.0
1988-10-05,-10.1013,-10.0968,-10.108,-10.1046,4400000.0
1988-10-06,-10.108,-10.1046,-10.1191,-10.1147,6009200.0
1988-10-07,-10.1214,-10.1147,-10.1269,-10.1147,16355200.0
1988-10-10,-10.1169,-10.1147,-10.1348,-10.1258,11880000.0
1988-10-11,-10.1281,-10.1169,-10.1281,-10.1214,6964400.0
1988-10-12,-10.1258,-10.1214,-10.1303,-10.1236,4763600.0
1988-10-13,-10.1258,-10.1147,-10.1258,-10.1214,5892400.0
1988-10-14,-10.1169,-10.1169,-10.1291,-10.1236,5625200.0
1988-10-17,-10.1258,-10.1214,-10.1281,-10.1258,3360800.0
1988-10-18,-10.1214,-10.1169,-10.1281,-10.118,5100000.0
1988-10-19,-10.1147,-10.1058,-10.1169,-10.1124,9918000.0
1988-10-20,-10.1124,-10.0979,-10.1124,-10.0991,6215200.0
1988-10-21,-10.1013,-10.0968,-10.1058,-10.1035,4422400.0
1988-10-24,-10.1013,-10.1013,-10.1158,-10.1124,4842400.0
1988-10-25,-10.1102,-10.1102,-10.1147,-10.1135,3043600.0
1988-10-26,-10.1124,-10.1124,-10.1258,-10.1191,6751200.0
1988-10-27,-10.1236,-10.1191,-10.1281,-10.1214,5138000.0
1988-10-28,-10.1214,-10.1169,-10.1258,-10.1258,3026800.0
1988-10-31,-10.1236,-10.1236,-10.1348,-10.1247,8695200.0
1988-11-01,-10.1258,-10.1236,-10.1325,-10.1303,5138800.0
1988-11-02,-10.1281,-10.1281,-10.1415,-10.137,7451200.0
1988-11-03,-10.137,-10.1348,-10.1415,-10.1381,8670000.0
1988-11-04,-10.1415,-10.1303,-10.1415,-10.1325,5500000.0
1988-11-07,-10.137,-10.1325,-10.1392,-10.1348,6093600.0
1988-11-08,-10.1348,-10.1236,-10.1358,-10.1258,5540800.0
1988-11-09,-10.1281,-10.118,-10.1303,-10.1191,7206800.0
1988-11-10,-10.1169,-10.1147,-10.1214,-10.1169,3573200.0
1988-11-11,-10.1214,-10.1158,-10.1258,-10.1258,3882400.0
1988-11-14,-10.1236,-10.1214,-10.1281,-10.1224,3046400.0
1988-11-15,-10.1214,-10.1191,-10.1236,-10.1214,2866800.0
1988-11-16,-10.1214,-10.1191,-10.1325,-10.1303,5280000.0
1988-11-17,-10.1303,-10.1258,-10.1303,-10.1281,2841200.0
1988-11-18,-10.1258,-10.1258,-10.1303,-10.1303,2066400.0
1988-11-21,-10.1347,-10.1325,-10.1459,-10.1425,7928000.0
1988-11-22,-10.1437,-10.1403,-10.1481,-10.147,5299200.0
1988-11-23,-10.1504,-10.1392,-10.1526,-10.1403,6733200.0
1988-11-25,-10.1459,-10.1414,-10.1481,-10.1437,1727600.0
1988-11-28,-10.1437,-10.1414,-10.1481,-10.1437,4986800.0
1988-11-29,-10.1437,-10.1414,-10.1481,-10.1414,3326400.0
1988-11-30,-10.1414,-10.1303,-10.1414,-10.1336,6013600.0
1988-12-01,-10.1325,-10.1213,-10.1347,-10.1236,7586800.0
1988-12-02,-10.128,-10.1135,-10.1303,-10.1191,11940000.0
1988-12-05,-10.1169,-10.1124,-10.1236,-10.1169,5534400.0
1988-12-06,-10.1191,-10.1146,-10.1213,-10.1169,3763200.0
1988-12-07,-10.1213,-10.1169,-10.1236,-10.118,3518800.0
1988-12-08,-10.1191,-10.1191,-10.1236,-10.1202,2125600.0
1988-12-09,-10.1191,-10.1169,-10.1236,-10.1202,1608800.0
1988-12-12,-10.1191,-10.1169,-10.1258,-10.1258,4215600.0
1988-12-13,-10.1258,-10.1236,-10.128,-10.1236,4386400.0
1988-12-14,-10.1258,-10.1124,-10.1258,-10.1146,6916800.0
1988-12-15,-10.1124,-10.108,-10.1191,-10.1169,4032000.0
1988-12-16,-10.1169,-10.108,-10.1191,-10.1113,6572000.0
1988-12-19,-10.1102,-10.1035,-10.1124,-10.1057,8373600.0
1988-12-20,-10.1035,-10.099,-10.1068,-10.1035,9810800.0
1988-12-21,-10.1035,-10.0946,-10.1035,-10.0968,8642400.0
1988-12-22,-10.0968,-10.0946,-10.1057,-10.1035,3802000.0
1988-12-23,-10.1035,-10.1001,-10.1035,-10.1023,1475600.0
1988-12-27,-10.1035,-10.099,-10.108,-10.108,2155200.0
1988-12-28,-10.108,-10.1057,-10.1146,-10.1102,1841200.0
1988-12-29,-10.1102,-10.1057,-10.1102,-10.108,4212000.0
1988-12-30,-10.108,-10.1013,-10.1102,-10.1102,2938800.0
1989-01-03,-10.1102,-10.108,-10.1124,-10.109,3578800.0
1989-01-04,-10.1057,-10.0934,-10.108,-10.0946,8575200.0
1989-01-05,-10.0946,-10.0834,-10.1013,-10.0923,10985200.0
1989-01-06,-10.0923,-10.0812,-10.0923,-10.0889,7103600.0
1989-01-09,-10.0856,-10.0845,-10.0923,-10.0856,2850800.0
1989-01-10,-10.0901,-10.0867,-10.099,-10.0889,3695600.0
1989-01-11,-10.0923,-10.0901,-10.1013,-10.0934,5585200.0
1989-01-12,-10.0923,-10.0856,-10.0946,-10.0879,5373200.0
1989-01-13,-10.0879,-10.0812,-10.0912,-10.0834,6928000.0
1989-01-16,-10.0834,-10.0767,-10.0856,-10.0789,6033200.0
1989-01-17,-10.0834,-10.0812,-10.1124,-10.109,27033600.0
1989-01-18,-10.1057,-10.1023,-10.1169,-10.1146,17440800.0
1989-01-19,-10.108,-10.1035,-10.1124,-10.108,9155200.0
1989-01-20,-10.108,-10.099,-10.1102,-10.1035,6207600.0
1989-01-23,-10.1057,-10.1013,-10.1057,-10.1035,6452000.0
1989-01-24,-10.1035,-10.0968,-10.1057,-10.0979,7983200.0
1989-01-25,-10.0968,-10.0946,-10.1035,-10.099,3963200.0
1989-01-26,-10.1057,-10.0934,-10.1068,-10.0968,10203600.0
1989-01-27,-10.128,-10.1191,-10.1459,-10.1336,75976400.0
1989-01-30,-10.1336,-10.1303,-10.137,-10.1358,20961200.0
1989-01-31,-10.137,-10.1325,-10.1414,-10.1325,16442000.0
1989-02-01,-10.1325,-10.1157,-10.1358,-10.1191,17420000.0
1989-02-02,-10.1169,-10.1102,-10.1191,-10.1146,16927600.0
1989-02-03,-10.1124,-10.1102,-10.1213,-10.1191,6406400.0
1989-02-06,-10.1169,-10.1169,-10.128,-10.1258,4174400.0
1989-02-07,-10.128,-10.1191,-10.128,-10.1213,5908800.0
1989-02-08,-10.1213,-10.1169,-10.1303,-10.128,5612000.0
1989-02-09,-10.128,-10.1213,-10.1303,-10.128,5756400.0
1989-02-10,-10.128,-10.128,-10.1392,-10.137,12441200.0
1989-02-13,-10.1414,-10.137,-10.1414,-10.1392,8422000.0
1989-02-14,-10.1403,-10.1392,-10.1548,-10.1504,31843200.0
1989-02-15,-10.1504,-10.1459,-10.1526,-10.1459,11812400.0
1989-02-16,-10.1459,-10.137,-10.1481,-10.1447,9138800.0
1989-02-17,-10.1459,-10.1392,-10.1459,-10.1414,4180800.0
1989-02-21,-10.1402,-10.1325,-10.1414,-10.1347,6808800.0
1989-02-22,-10.1369,-10.1347,-10.1436,-10.1414,8529200.0
1989-02-23,-10.1436,-10.1392,-10.1459,-10.1414,3409200.0
1989-02-24,-10.1392,-10.1392,-10.1481,-10.1481,5452000.0
1989-02-27,-10.1481,-10.1436,-10.1503,-10.1436,4151200.0
1989-02-28,-10.1436,-10.1414,-10.1481,-10.1459,6290000.0
1989-03-01,-10.1459,-10.1436,-10.1526,-10.1481,6096400.0
1989-03-02,-10.1503,-10.1459,-10.1593,-10.157,13440800.0
1989-03-03,-10.1548,-10.1548,-10.166,-10.1593,13854400.0
1989-03-06,-10.157,-10.1492,-10.1615,-10.1526,6028800.0
1989-03-07,-10.1526,-10.1481,-10.157,-10.1503,9327600.0
1989-03-08,-10.1514,-10.1459,-10.1548,-10.1548,7727600.0
1989-03-09,-10.1548,-10.1503,-10.1615,-10.1615,4768800.0
1989-03-10,-10.1615,-10.157,-10.1637,-10.157,3684400.0
1989-03-13,-10.157,-10.1526,-10.1593,-10.157,4683600.0
1989-03-14,-10.157,-10.1526,-10.1581,-10.1548,5796800.0
1989-03-15,-10.1548,-10.1526,-10.1593,-10.157,3225600.0
1989-03-16,-10.157,-10.1526,-10.1615,-10.1548,6880000.0
1989-03-17,-10.1615,-10.1503,-10.166,-10.1581,8485200.0
1989-03-20,-10.157,-10.1548,-10.1615,-10.1581,6480800.0
1989-03-21,-10.1526,-10.1526,-10.1593,-10.1581,4588800.0
1989-03-22,-10.1637,-10.1593,-10.1682,-10.167,5180800.0
1989-03-23,-10.166,-10.1615,-10.1682,-10.1626,4250800.0
1989-03-27,-10.1637,-10.1615,-10.1704,-10.1682,5425600.0
1989-03-28,-10.166,-10.1615,-10.166,-10.166,5047600.0
1989-03-29,-10.166,-10.1615,-10.166,-10.1637,2666800.0
1989-03-30,-10.1637,-10.157,-10.166,-10.1593,3780800.0
1989-03-31,-10.157,-10.1503,-10.1593,-10.1514,6630800.0
1989-04-03,-10.1526,-10.1459,-10.1593,-10.157,5949200.0
1989-04-04,-10.1615,-10.1581,-10.167,-10.1615,4140800.0
1989-04-05,-10.1615,-10.1548,-10.1637,-10.157,4303200.0
1989-04-06,-10.1593,-10.1469,-10.1615,-10.1481,5598800.0
1989-04-07,-10.1481,-10.1347,-10.1481,-10.1358,12699200.0
1989-04-10,-10.1369,-10.1302,-10.1414,-10.1392,4854400.0
1989-04-11,-10.1347,-10.1302,-10.1392,-10.1325,5252400.0
1989-04-12,-10.128,-10.1191,-10.1313,-10.1258,13862000.0
1989-04-13,-10.1235,-10.1169,-10.128,-10.1258,6493200.0
1989-04-14,-10.1213,-10.1191,-10.128,-10.1235,4408800.0
1989-04-17,-10.1258,-10.1191,-10.1302,-10.1191,5008000.0
1989-04-18,-10.1169,-10.1079,-10.1191,-10.1112,20055200.0
1989-04-19,-10.1124,-10.0978,-10.1146,-10.1045,15215600.0
1989-04-20,-10.1057,-10.099,-10.1102,-10.1057,6434400.0
1989-04-21,-10.1079,-10.1045,-10.1146,-10.1112,4132000.0
1989-04-24,-10.1124,-10.1102,-10.1169,-10.1112,3977600.0
1989-04-25,-10.1124,-10.1079,-10.1146,-10.1124,4165600.0
1989-04-26,-10.1124,-10.1102,-10.1202,-10.1146,6652000.0
1989-04-27,-10.1169,-10.1124,-10.1213,-10.1179,4988000.0
1989-04-28,-10.1191,-10.1169,-10.1258,-10.1213,3725600.0
1989-05-01,-10.1258,-10.1191,-10.1258,-10.1213,2881200.0
1989-05-02,-10.1213,-10.1102,-10.1213,-10.1135,7719200.0
1989-05-03,-10.1146,-10.1057,-10.1146,-10.1102,7896800.0
1989-05-04,-10.1102,-10.1012,-10.1124,-10.1035,6762000.0
1989-05-05,-10.0901,-10.0878,-10.099,-10.099,16464400.0
1989-05-08,-10.099,-10.0923,-10.099,-10.0923,7373600.0
1989-05-09,-10.0945,-10.0856,-10.0945,-10.0901,12398800.0
1989-05-10,-10.0856,-10.0811,-10.0901,-10.0834,8380000.0
1989-05-11,-10.0834,-10.0744,-10.0856,-10.0777,10763600.0
1989-05-12,-10.0722,-10.0677,-10.0767,-10.0677,16685600.0
1989-05-15,-10.07,-10.0566,-10.07,-10.0588,11372400.0
1989-05-16,-10.0588,-10.0566,-10.0677,-10.0644,8170800.0
1989-05-17,-10.0655,-10.0633,-10.0677,-10.0655,8892400.0
1989-05-18,-10.0655,-10.0633,-10.07,-10.07,7558800.0
1989-05-19,-10.07,-10.0566,-10.07,-10.061,11820800.0
1989-05-22,-10.061,-10.0566,-10.0655,-10.0588,6800000.0
1989-05-23,-10.0588,-10.0588,-10.0655,-10.0632,4803600.0
1989-05-24,-10.0655,-10.0432,-10.0655,-10.0432,10645200.0
1989-05-25,-10.0476,-10.032,-10.0476,-10.0387,8309200.0
1989-05-26,-10.0387,-10.032,-10.0409,-10.0365,4028800.0
1989-05-30,-10.0387,-10.032,-10.0465,-10.0454,4018000.0
1989-05-31,-10.0454,-10.0398,-10.0499,-10.0432,4134400.0
1989-06-01,-10.0432,-10.0298,-10.0454,-10.0342,6416800.0
1989-06-02,-10.0365,-10.0275,-10.0365,-10.032,4448800.0
1989-06-05,-10.0342,-10.032,-10.0543,-10.0499,4451200.0
1989-06-06,-10.0521,-10.0499,-10.0566,-10.0521,5189200.0
1989-06-07,-10.0521,-10.0365,-10.0521,-10.0387,6293200.0
1989-06-08,-10.0365,-10.032,-10.0476,-10.0442,6378800.0
1989-06-09,-10.0476,-10.0432,-10.0543,-10.0499,3378800.0
1989-06-12,-10.0521,-10.0432,-10.0566,-10.0454,2892400.0
1989-06-13,-10.0454,-10.0342,-10.0499,-10.0365,8254400.0
1989-06-14,-10.032,-10.0208,-10.0387,-10.0264,8983600.0
1989-06-15,-10.0275,-10.0253,-10.0454,-10.0454,5766800.0
1989-06-16,-10.0699,-10.0632,-10.0811,-10.0722,19378000.0
1989-06-19,-10.0722,-10.0699,-10.0811,-10.0766,6551200.0
1989-06-20,-10.0766,-10.0766,-10.0923,-10.0856,4807600.0
1989-06-21,-10.0856,-10.0811,-10.0923,-10.09,4659200.0
1989-06-22,-10.09,-10.0789,-10.0945,-10.0833,4911200.0
1989-06-23,-10.0833,-10.0744,-10.0833,-10.0777,4438800.0
1989-06-26,-10.0766,-10.0766,-10.0833,-10.0811,6568800.0
1989-06-27,-10.0789,-10.0744,-10.09,-10.0889,3788000.0
1989-06-28,-10.0923,-10.0923,-10.1034,-10.0967,9190800.0
1989-06-29,-10.1034,-10.1012,-10.1124,-10.1067,8351200.0
1989-06-30,-10.1079,-10.0967,-10.1168,-10.1012,5885600.0
1989-07-03,-10.0967,-10.0967,-10.1057,-10.1057,1730800.0
1989-07-05,-10.1079,-10.1057,-10.1124,-10.1079,4264400.0
1989-07-06,-10.1057,-10.0967,-10.1101,-10.1012,6218000.0
1989-07-07,-10.1012,-10.0945,-10.1079,-10.1012,3806400.0
1989-07-10,-10.1034,-10.1012,-10.1124,-10.1079,7294400.0
1989-07-11,-10.1057,-10.1034,-10.1146,-10.1146,8729200.0
1989-07-12,-10.1146,-10.1101,-10.1168,-10.1124,4452000.0
1989-07-13,-10.1124,-10.1034,-10.1168,-10.1067,8057600.0
1989-07-14,-10.1057,-10.1034,-10.1146,-10.1057,9206800.0
1989-07-17,-10.1057,-10.1012,-10.1146,-10.1057,4694400.0
1989-07-18,-10.1057,-10.1057,-10.1235,-10.1191,17050800.0
1989-07-19,-10.1168,-10.1057,-10.1213,-10.1079,8543200.0
1989-07-20,-10.1057,-10.1012,-10.1146,-10.1124,8448800.0
1989-07-21,-10.1146,-10.1124,-10.1213,-10.1124,4993600.0
1989-07-24,-10.1146,-10.1146,-10.1191,-10.1191,4154800.0
1989-07-25,-10.1191,-10.1146,-10.1302,-10.1235,7502400.0
1989-07-26,-10.128,-10.1257,-10.1324,-10.128,8363600.0
1989-07-27,-10.128,-10.1168,-10.1302,-10.1191,6193200.0
1989-07-28,-10.1191,-10.1146,-10.1213,-10.1179,4274400.0
1989-07-31,-10.1191,-10.1124,-10.1213,-10.1146,4014800.0
1989-08-01,-10.1146,-10.1101,-10.1191,-10.1134,4996800.0
1989-08-02,-10.1146,-10.1079,-10.1168,-10.1079,3633600.0
1989-08-03,-10.1079,-10.099,-10.1079,-10.1012,6185600.0
1989-08-04,-10.1012,-10.0878,-10.1023,-10.0878,6564400.0
1989-08-07,-10.0856,-10.0766,-10.0889,-10.0789,6012000.0
1989-08-08,-10.0811,-10.0699,-10.0811,-10.0755,7366400.0
1989-08-09,-10.0766,-10.061,-10.0777,-10.0766,6975600.0
1989-08-10,-10.0766,-10.0766,-10.0878,-10.0833,5442400.0
1989-08-11,-10.0766,-10.0766,-10.1012,-10.0956,8226800.0
1989-08-14,-10.099,-10.0945,-10.1079,-10.1057,3690800.0
1989-08-15,-10.1057,-10.099,-10.1057,-10.1,5852000.0
1989-08-16,-10.099,-10.0967,-10.1124,-10.109,4318800.0
1989-08-17,-10.1101,-10.1012,-10.1124,-10.1034,5495600.0
1989-08-18,-10.0967,-10.09,-10.099,-10.0923,3003600.0
1989-08-21,-10.0922,-10.0833,-10.0945,-10.0922,4923600.0
1989-08-22,-10.0945,-10.0855,-10.0945,-10.0866,4013200.0
1989-08-23,-10.0855,-10.0744,-10.09,-10.0788,6202400.0
1989-08-24,-10.0788,-10.0721,-10.0811,-10.0754,5829200.0
1989-08-25,-10.0766,-10.0677,-10.0766,-10.0699,5766400.0
1989-08-28,-10.0721,-10.0677,-10.0766,-10.0699,2936800.0
1989-08-29,-10.0699,-10.0677,-10.0788,-10.0754,6339200.0
1989-08-30,-10.0766,-10.0699,-10.0766,-10.0721,4161200.0
1989-08-31,-10.0721,-10.0677,-10.0744,-10.0721,2016400.0
1989-09-01,-10.0721,-10.0699,-10.0744,-10.071,2651200.0
1989-09-05,-10.0721,-10.0643,-10.0721,-10.0699,4112400.0
1989-09-06,-10.0699,-10.0688,-10.0766,-10.0699,3108800.0
1989-09-07,-10.0699,-10.0632,-10.0699,-10.0699,4083200.0
1989-09-08,-10.0699,-10.0654,-10.0721,-10.0677,2013200.0
1989-09-11,-10.0699,-10.0588,-10.0721,-10.061,3522000.0
1989-09-12,-10.0632,-10.0521,-10.0677,-10.0588,3710800.0
1989-09-13,-10.0565,-10.0531,-10.0677,-10.0677,4616400.0
1989-09-14,-10.0677,-10.0654,-10.0721,-10.0699,4693600.0
1989-09-15,-10.0677,-10.0654,-10.0744,-10.0677,4470800.0
1989-09-18,-10.0721,-10.0677,-10.0766,-10.0766,2264400.0
1989-09-19,-10.0744,-10.0721,-10.0855,-10.0833,2888800.0
1989-09-20,-10.0766,-10.0677,-10.0788,-10.071,4230800.0
1989-09-21,-10.0677,-10.0588,-10.0744,-10.0699,7186800.0
1989-09-22,-10.0699,-10.0654,-10.0744,-10.0688,2605600.0
1989-09-25,-10.0699,-10.061,-10.0699,-10.0654,4875600.0
1989-09-26,-10.0677,-10.0632,-10.0699,-10.0654,2762400.0
1989-09-27,-10.0744,-10.0665,-10.0766,-10.0699,3229200.0
1989-09-28,-10.0677,-10.061,-10.0677,-10.0632,2856800.0
1989-09-29,-10.0654,-10.0632,-10.0721,-10.0721,2500800.0
1989-10-02,-10.0721,-10.0699,-10.0788,-10.0732,4922400.0
1989-10-03,-10.0744,-10.0721,-10.0844,-10.0799,6094400.0
1989-10-04,-10.0788,-10.071,-10.0811,-10.0744,5687600.0
1989-10-05,-10.0721,-10.0543,-10.0744,-10.0632,8760000.0
1989-10-06,-10.0565,-10.0387,-10.0588,-10.0397,12939200.0
1989-10-09,-10.0409,-10.0253,-10.0454,-10.0275,6997600.0
1989-10-10,-10.0253,-10.0196,-10.0364,-10.0275,10262400.0
1989-10-11,-10.0342,-10.0297,-10.0409,-10.033,5608800.0
1989-10-12,-10.032,-10.0297,-10.0364,-10.0342,2969200.0
1989-10-13,-10.0342,-10.0275,-10.0677,-10.061,7195600.0
1989-10-16,-10.0699,-10.0521,-10.09,-10.0521,15184400.0
1989-10-17,-10.0588,-10.0342,-10.0677,-10.0476,8935600.0
1989-10-18,-10.0543,-10.0387,-10.0588,-10.0387,5157600.0
1989-10-19,-10.0387,-10.0275,-10.0387,-10.0342,4016800.0
1989-10-20,-10.0431,-10.0297,-10.0454,-10.0409,9350800.0
1989-10-23,-10.0409,-10.0387,-10.0565,-10.0521,4375600.0
1989-10-24,-10.0565,-10.0364,-10.0654,-10.0442,7735600.0
1989-10-25,-10.0431,-10.0431,-10.0565,-10.0543,4263600.0
1989-10-26,-10.0632,-10.0543,-10.0677,-10.0654,6048000.0
1989-10-27,-10.0654,-10.061,-10.0721,-10.0654,4634400.0
1989-10-30,-10.0632,-10.0588,-10.0677,-10.061,3121200.0
1989-10-31,-10.061,-10.0543,-10.0632,-10.0543,3288800.0
1989-11-01,-10.0565,-10.0521,-10.061,-10.0576,2199200.0
1989-11-02,-10.0677,-10.0677,-10.0855,-10.0766,16170800.0
1989-11-03,-10.0766,-10.0721,-10.0833,-10.0833,6258800.0
1989-11-06,-10.0811,-10.0766,-10.0855,-10.0833,4416400.0
1989-11-07,-10.0833,-10.0721,-10.0833,-10.0766,5406800.0
1989-11-08,-10.0744,-10.0654,-10.0744,-10.0677,5102000.0
1989-11-09,-10.0677,-10.0588,-10.0721,-10.0588,3166400.0
1989-11-10,-10.061,-10.0498,-10.061,-10.0521,2336800.0
1989-11-13,-10.0543,-10.0476,-10.0543,-10.0543,2445600.0
1989-11-14,-10.0543,-10.0521,-10.0721,-10.0699,3021200.0
1989-11-15,-10.0677,-10.0654,-10.0766,-10.0744,3499200.0
1989-11-16,-10.0721,-10.0699,-10.0788,-10.0699,3453600.0
1989-11-17,-10.0721,-10.0654,-10.0721,-10.0699,3164400.0
1989-11-20,-10.0676,-10.0632,-10.0721,-10.0654,3870800.0
1989-11-21,-10.0654,-10.0543,-10.0654,-10.0654,5013600.0
1989-11-22,-10.0632,-10.0609,-10.0721,-10.0699,3508000.0
1989-11-24,-10.0699,-10.0676,-10.0699,-10.0699,1014400.0
1989-11-27,-10.0699,-10.0654,-10.0788,-10.0766,3774800.0
1989-11-28,-10.0788,-10.0743,-10.0877,-10.0754,4854400.0
1989-11-29,-10.081,-10.0743,-10.09,-10.0766,5475200.0
1989-11-30,-10.0788,-10.0721,-10.081,-10.0743,2280800.0
1989-12-01,-10.0721,-10.0676,-10.0799,-10.0766,5235200.0
1989-12-04,-10.0788,-10.0632,-10.0788,-10.0654,3498000.0
1989-12-05,-10.0654,-10.0609,-10.0721,-10.0676,4364800.0
1989-12-06,-10.0676,-10.0654,-10.1034,-10.0877,11965600.0
1989-12-07,-10.0922,-10.0833,-10.0944,-10.0877,6378800.0
1989-12-08,-10.09,-10.0855,-10.1011,-10.0967,9032400.0
1989-12-11,-10.1034,-10.0989,-10.1268,-10.119,23223200.0
1989-12-12,-10.119,-10.1168,-10.1569,-10.148,36634400.0
1989-12-13,-10.148,-10.1435,-10.1525,-10.148,13920000.0
1989-12-14,-10.1502,-10.1468,-10.1614,-10.158,10886400.0
1989-12-15,-10.1592,-10.1569,-10.1793,-10.1681,18520800.0
1989-12-18,-10.1681,-10.1569,-10.1681,-10.1592,10978000.0
1989-12-19,-10.1614,-10.1525,-10.1614,-10.1569,8977600.0
1989-12-20,-10.1502,-10.1458,-10.1547,-10.1502,6377600.0
1989-12-21,-10.1502,-10.1458,-10.1525,-10.1458,10889200.0
1989-12-22,-10.1458,-10.1368,-10.148,-10.1435,6610800.0
1989-12-26,-10.1413,-10.1413,-10.1547,-10.1525,4849200.0
1989-12-27,-10.1525,-10.1502,-10.1569,-10.1558,9189200.0
1989-12-28,-10.1569,-10.1547,-10.1636,-10.1602,5403200.0
1989-12-29,-10.1592,-10.1502,-10.1625,-10.1547,5445200.0
1990-01-02,-10.1547,-10.1346,-10.1569,-10.1368,6555600.0
1990-01-03,-10.1301,-10.1301,-10.1346,-10.1346,7444400.0
1990-01-04,-10.1279,-10.1234,-10.1368,-10.1334,7928800.0
1990-01-05,-10.1324,-10.1279,-10.1391,-10.1324,4406400.0
1990-01-08,-10.1346,-10.1301,-10.1391,-10.1301,3643200.0
1990-01-09,-10.1301,-10.1301,-10.1391,-10.1334,3096800.0
1990-01-10,-10.1334,-10.1334,-10.1502,-10.148,7140000.0
1990-01-11,-10.1458,-10.1458,-10.1614,-10.1614,7547600.0
1990-01-12,-10.1636,-10.1592,-10.1681,-10.1614,6150000.0
1990-01-15,-10.1614,-10.1502,-10.1636,-10.1636,5785600.0
1990-01-16,-10.1703,-10.1569,-10.177,-10.158,7658000.0
1990-01-17,-10.1592,-10.1592,-10.1748,-10.1726,7050000.0
1990-01-18,-10.1748,-10.1703,-10.1815,-10.1803,9760800.0
1990-01-19,-10.1681,-10.1614,-10.1703,-10.1636,9485600.0
1990-01-22,-10.1659,-10.1614,-10.1726,-10.1726,5200800.0
1990-01-23,-10.1681,-10.1636,-10.1748,-10.1681,5048800.0
1990-01-24,-10.1793,-10.1636,-10.1815,-10.1659,6077600.0
1990-01-25,-10.1636,-10.1592,-10.1659,-10.1647,3996800.0
1990-01-26,-10.1659,-10.1659,-10.1815,-10.177,6492000.0
1990-01-29,-10.1748,-10.1703,-10.1826,-10.1726,4284800.0
1990-01-30,-10.1726,-10.1614,-10.1748,-10.1659,4180800.0
1990-01-31,-10.1614,-10.1592,-10.1748,-10.1659,5152400.0
1990-02-01,-10.1614,-10.1602,-10.1703,-10.1692,4193200.0
1990-02-02,-10.1726,-10.1592,-10.1726,-10.1636,4248800.0
1990-02-05,-10.1636,-10.1547,-10.1659,-10.1569,3653200.0
1990-02-06,-10.1592,-10.1569,-10.1659,-10.1592,2640000.0
1990-02-07,-10.1748,-10.1659,-10.1793,-10.1726,11180800.0
1990-02-08,-10.1726,-10.1703,-10.1815,-10.1748,6680000.0
1990-02-09,-10.1703,-10.1614,-10.1726,-10.1636,6004400.0
1990-02-12,-10.1636,-10.1614,-10.1681,-10.1659,2695600.0
1990-02-13,-10.1659,-10.1569,-10.1681,-10.1614,3653600.0
1990-02-14,-10.1614,-10.1592,-10.1681,-10.1636,3448000.0
1990-02-15,-10.1681,-10.1636,-10.1703,-10.1636,3509200.0
1990-02-16,-10.1636,-10.1614,-10.1681,-10.1681,4556400.0
1990-02-20,-10.1703,-10.1681,-10.1748,-10.1703,4402400.0
1990-02-21,-10.177,-10.1636,-10.1792,-10.1658,6283600.0
1990-02-22,-10.1658,-10.1614,-10.1748,-10.1748,6976800.0
1990-02-23,-10.177,-10.1703,-10.177,-10.1725,5375600.0
1990-02-26,-10.1748,-10.1636,-10.1748,-10.1658,2844800.0
1990-02-27,-10.1658,-10.1636,-10.1703,-10.1703,2642000.0
1990-02-28,-10.1703,-10.1658,-10.1725,-10.1658,3918800.0
1990-03-01,-10.1703,-10.1591,-10.1725,-10.1636,7283200.0
1990-03-02,-10.1703,-10.1591,-10.1725,-10.1681,3761200.0
1990-03-05,-10.1703,-10.1591,-10.1703,-10.1614,6537600.0
1990-03-06,-10.1569,-10.1547,-10.1614,-10.1547,5578800.0
1990-03-07,-10.1569,-10.148,-10.1569,-10.1535,7301200.0
1990-03-08,-10.1502,-10.139,-10.1569,-10.1413,8013600.0
1990-03-09,-10.1413,-10.1346,-10.1457,-10.1401,8248800.0
1990-03-12,-10.1368,-10.1346,-10.1457,-10.1423,5864400.0
1990-03-13,-10.1435,-10.1368,-10.1457,-10.1401,5321200.0
1990-03-14,-10.1413,-10.1368,-10.1435,-10.139,3654800.0
1990-03-15,-10.1435,-10.1301,-10.1435,-10.1413,4302000.0
1990-03-16,-10.1123,-10.1056,-10.12,-10.11,23042400.0
1990-03-19,-10.1078,-10.0899,-10.1123,-10.091,15433200.0
1990-03-20,-10.0922,-10.0855,-10.1056,-10.0999,13984400.0
1990-03-21,-10.1011,-10.0922,-10.1011,-10.0977,5463200.0
1990-03-22,-10.0966,-10.0922,-10.1056,-10.1056,8292400.0
1990-03-23,-10.1011,-10.0855,-10.1033,-10.0922,8155200.0
1990-03-26,-10.0899,-10.0821,-10.0944,-10.0922,4581200.0
1990-03-27,-10.0944,-10.0922,-10.1011,-10.0944,3033600.0
1990-03-28,-10.0944,-10.0932,-10.1033,-10.1011,3696800.0
1990-03-29,-10.1033,-10.0989,-10.1056,-10.1022,3472000.0
1990-03-30,-10.1123,-10.1033,-10.1123,-10.11,7986400.0
1990-04-02,-10.1123,-10.1066,-10.1167,-10.11,5332000.0
1990-04-03,-10.1078,-10.0966,-10.1078,-10.0966,5006400.0
1990-04-04,-10.0989,-10.0944,-10.1056,-10.1011,5363200.0
1990-04-05,-10.1033,-10.1011,-10.1123,-10.11,3877600.0
1990-04-06,-10.11,-10.1011,-10.1145,-10.1133,4235600.0
1990-04-09,-10.1145,-10.0989,-10.1167,-10.1022,3771200.0
1990-04-10,-10.1011,-10.0944,-10.1033,-10.1011,4695600.0
1990-04-11,-10.0989,-10.0855,-10.0989,-10.0899,7620000.0
1990-04-12,-10.0855,-10.0765,-10.0899,-10.0832,7566800.0
1990-04-16,-10.081,-10.0743,-10.0832,-10.0788,8116400.0
1990-04-17,-10.0832,-10.081,-10.0877,-10.0832,4683600.0
1990-04-18,-10.0832,-10.0788,-10.0899,-10.0832,6925200.0
1990-04-19,-10.0966,-10.0843,-10.1123,-10.11,17215600.0
1990-04-20,-10.1044,-10.0989,-10.1145,-10.11,11573600.0
1990-04-23,-10.11,-10.1078,-10.1167,-10.1145,4597600.0
1990-04-24,-10.1123,-10.1078,-10.1256,-10.1234,10852000.0
1990-04-25,-10.1234,-10.1212,-10.1279,-10.1234,4743200.0
1990-04-26,-10.1212,-10.1167,-10.1289,-10.1223,5098000.0
1990-04-27,-10.1212,-10.1167,-10.1234,-10.12,4178800.0
1990-04-30,-10.1189,-10.1145,-10.1212,-10.1178,4888800.0
1990-05-01,-10.1145,-10.1123,-10.1178,-10.1156,5845200.0
1990-05-02,-10.1145,-10.1123,-10.1189,-10.1145,4857600.0
1990-05-03,-10.1145,-10.11,-10.1145,-10.1123,5950800.0
1990-05-04,-10.1123,-10.1056,-10.1189,-10.1123,6063200.0
1990-05-07,-10.1145,-10.0966,-10.1145,-10.0989,4866400.0
1990-05-08,-10.1033,-10.0944,-10.1033,-10.0966,4025600.0
1990-05-09,-10.0977,-10.0944,-10.1011,-10.0955,3491200.0
1990-05-10,-10.0966,-10.0966,-10.1078,-10.0999,6413600.0
1990-05-11,-10.0999,-10.0877,-10.1056,-10.0888,7691200.0
1990-05-14,-10.0877,-10.0877,-10.1011,-10.0966,8088000.0
1990-05-15,-10.0999,-10.0944,-10.1033,-10.0966,5343600.0
1990-05-16,-10.0966,-10.0966,-10.1033,-10.0977,3139200.0
1990-05-17,-10.0966,-10.0922,-10.1033,-10.0989,5488000.0
1990-05-18,-10.1011,-10.0989,-10.1167,-10.1145,9248000.0
1990-05-21,-10.1167,-10.1122,-10.1234,-10.1167,9382400.0
1990-05-22,-10.1111,-10.0988,-10.1122,-10.0999,10772000.0
1990-05-23,-10.1011,-10.0899,-10.1011,-10.0944,7417600.0
1990-05-24,-10.0921,-10.0921,-10.0988,-10.0944,5296400.0
1990-05-25,-10.1167,-10.1055,-10.1211,-10.1122,11562400.0
1990-05-29,-10.1122,-10.1011,-10.1189,-10.1033,8689200.0
1990-05-30,-10.0977,-10.0966,-10.1011,-10.0999,9890000.0
1990-05-31,-10.0988,-10.0988,-10.1033,-10.1011,3682400.0
1990-06-01,-10.0999,-10.0944,-10.1055,-10.1055,5624400.0
1990-06-04,-10.1055,-10.1033,-10.1144,-10.1055,6412400.0
1990-06-05,-10.1033,-10.1033,-10.1211,-10.1167,10702000.0
1990-06-06,-10.1211,-10.1167,-10.1234,-10.1167,7563600.0
1990-06-07,-10.1167,-10.1144,-10.1256,-10.1211,6668800.0
1990-06-08,-10.1256,-10.1256,-10.1345,-10.1278,11926800.0
1990-06-11,-10.1323,-10.1211,-10.1323,-10.1211,5661200.0
1990-06-12,-10.12,-10.1078,-10.1234,-10.1078,5902000.0
1990-06-13,-10.1088,-10.1055,-10.1144,-10.1144,4963600.0
1990-06-14,-10.1122,-10.11,-10.1189,-10.1144,5018000.0
1990-06-15,-10.1144,-10.1122,-10.12,-10.1167,5163600.0
1990-06-18,-10.1189,-10.1167,-10.1211,-10.1189,3988800.0
1990-06-19,-10.1211,-10.1144,-10.1267,-10.1155,5623600.0
1990-06-20,-10.1133,-10.11,-10.1144,-10.1122,5530000.0
1990-06-21,-10.1122,-10.0944,-10.1122,-10.0954,7455600.0
1990-06-22,-10.0944,-10.0887,-10.1011,-10.0988,10154400.0
1990-06-25,-10.0988,-10.0966,-10.11,-10.1011,4378000.0
1990-06-26,-10.0966,-10.0944,-10.1088,-10.1066,4558800.0
1990-06-27,-10.1055,-10.0944,-10.11,-10.0988,3490800.0
1990-06-28,-10.0877,-10.0832,-10.0966,-10.0854,8930000.0
1990-06-29,-10.0854,-10.0686,-10.0877,-10.0698,11622000.0
1990-07-02,-10.072,-10.072,-10.0787,-10.0765,4856400.0
1990-07-03,-10.0776,-10.072,-10.0787,-10.0765,3572400.0
1990-07-05,-10.0787,-10.0743,-10.0832,-10.081,3859200.0
1990-07-06,-10.081,-10.0676,-10.0832,-10.0698,7481200.0
1990-07-09,-10.0676,-10.0497,-10.0698,-10.053,11281200.0
1990-07-10,-10.0497,-10.0453,-10.0519,-10.0497,12923600.0
1990-07-11,-10.0519,-10.0497,-10.0609,-10.0497,8808800.0
1990-07-12,-10.0519,-10.0453,-10.0542,-10.0463,6537600.0
1990-07-13,-10.0453,-10.043,-10.0519,-10.0519,8254400.0
1990-07-16,-10.0519,-10.0486,-10.0653,-10.0619,6428000.0
1990-07-17,-10.0609,-10.0586,-10.0765,-10.0743,4892000.0
1990-07-18,-10.072,-10.0676,-10.0854,-10.0709,10309200.0
1990-07-19,-10.1055,-10.0899,-10.1122,-10.0966,20932400.0
1990-07-20,-10.0944,-10.0899,-10.1055,-10.1033,6858000.0
1990-07-23,-10.1033,-10.0966,-10.1122,-10.0988,9655200.0
1990-07-24,-10.0944,-10.0921,-10.1033,-10.0932,6928800.0
1990-07-25,-10.0944,-10.0832,-10.0966,-10.0921,3762400.0
1990-07-26,-10.0921,-10.0899,-10.1033,-10.0999,2885600.0
1990-07-27,-10.1011,-10.0966,-10.1078,-10.0999,2240000.0
1990-07-30,-10.1055,-10.0899,-10.1055,-10.091,3058800.0
1990-07-31,-10.0899,-10.0877,-10.0988,-10.0944,3444800.0
1990-08-01,-10.0944,-10.0877,-10.0988,-10.091,3350800.0
1990-08-02,-10.1011,-10.0787,-10.1011,-10.081,7973600.0
1990-08-03,-10.081,-10.0787,-10.1144,-10.1011,9609200.0
1990-08-06,-10.1211,-10.1078,-10.1256,-10.1167,6425600.0
1990-08-07,-10.11,-10.1066,-10.1234,-10.1167,7096400.0
1990-08-08,-10.1167,-10.1055,-10.1167,-10.1111,3674400.0
1990-08-09,-10.11,-10.1078,-10.1189,-10.1167,3443600.0
1990-08-10,-10.1234,-10.1189,-10.1278,-10.1234,3683600.0
1990-08-13,-10.1301,-10.1122,-10.1311,-10.1133,5584400.0
1990-08-14,-10.1122,-10.1122,-10.1189,-10.1144,3520800.0
1990-08-15,-10.1122,-10.11,-10.1189,-10.1189,3292000.0
1990-08-16,-10.1211,-10.1155,-10.1256,-10.1256,4438800.0
1990-08-17,-10.1256,-10.1256,-10.1502,-10.1435,8806400.0
1990-08-20,-10.1434,-10.1345,-10.1457,-10.1412,2681200.0
1990-08-21,-10.1501,-10.1412,-10.1546,-10.1457,5769200.0
1990-08-22,-10.139,-10.139,-10.1579,-10.1557,4395600.0
1990-08-23,-10.1635,-10.1568,-10.1702,-10.1613,5138800.0
1990-08-24,-10.1546,-10.1479,-10.1591,-10.1524,2634400.0
1990-08-27,-10.1412,-10.13,-10.1457,-10.1323,4214800.0
1990-08-28,-10.1345,-10.1266,-10.1367,-10.1289,2877600.0
1990-08-29,-10.13,-10.1289,-10.1412,-10.1367,5407600.0
1990-08-30,-10.1367,-10.1345,-10.1479,-10.1457,4388800.0
1990-08-31,-10.1479,-10.1367,-10.1479,-10.139,3570000.0
1990-09-04,-10.1434,-10.1345,-10.1434,-10.139,2974800.0
1990-09-05,-10.1367,-10.1367,-10.1501,-10.1479,2292000.0
1990-09-06,-10.1524,-10.1479,-10.1546,-10.1501,3134800.0
1990-09-07,-10.1524,-10.1412,-10.1557,-10.1445,2098800.0
1990-09-10,-10.139,-10.139,-10.1501,-10.1501,2732400.0
1990-09-11,-10.1479,-10.1467,-10.168,-10.1658,6370800.0
1990-09-12,-10.1613,-10.1613,-10.1702,-10.1658,3600800.0
1990-09-13,-10.1613,-10.1591,-10.1747,-10.168,3492400.0
1990-09-14,-10.1702,-10.1635,-10.1724,-10.1658,4084400.0
1990-09-17,-10.1658,-10.1546,-10.1702,-10.168,2782000.0
1990-09-18,-10.168,-10.168,-10.1747,-10.1713,4456400.0
1990-09-19,-10.1724,-10.168,-10.1836,-10.1791,6536800.0
1990-09-20,-10.1814,-10.1814,-10.1903,-10.187,3607600.0
1990-09-21,-10.1836,-10.1791,-10.1925,-10.1881,5503600.0
1990-09-24,-10.1881,-10.1881,-10.2037,-10.1992,4961200.0
1990-09-25,-10.197,-10.1948,-10.2082,-10.2015,5642000.0
1990-09-26,-10.2015,-10.197,-10.2037,-10.2037,3363200.0
1990-09-27,-10.2015,-10.197,-10.2193,-10.2171,5085600.0
1990-09-28,-10.2149,-10.2104,-10.226,-10.2104,6291200.0
1990-10-01,-10.2059,-10.1925,-10.2082,-10.197,5581200.0
1990-10-02,-10.1925,-10.1836,-10.2059,-10.2049,9699200.0
1990-10-03,-10.2037,-10.2037,-10.2305,-10.2283,9591200.0
1990-10-04,-10.2305,-10.2193,-10.2349,-10.2193,7638800.0
1990-10-05,-10.2283,-10.2126,-10.2283,-10.2193,3572000.0
1990-10-08,-10.2126,-10.2082,-10.2171,-10.2093,2218800.0
1990-10-09,-10.2149,-10.2104,-10.2216,-10.2193,4321200.0
1990-10-10,-10.226,-10.2193,-10.2372,-10.2327,5283600.0
1990-10-11,-10.2305,-10.2205,-10.2416,-10.2216,7376800.0
1990-10-12,-10.2171,-10.2149,-10.2283,-10.2171,8169200.0
1990-10-15,-10.2149,-10.2126,-10.2316,-10.2216,7190000.0
1990-10-16,-10.2238,-10.2238,-10.2528,-10.2461,10913200.0
1990-10-17,-10.2439,-10.2327,-10.2461,-10.2327,11059200.0
1990-10-18,-10.2327,-10.2126,-10.2327,-10.2149,11255600.0
1990-10-19,-10.1903,-10.1858,-10.1992,-10.1892,33363200.0
1990-10-22,-10.1881,-10.1881,-10.197,-10.1915,9041200.0
1990-10-23,-10.1925,-10.1881,-10.1992,-10.1925,5969200.0
1990-10-24,-10.1948,-10.1925,-10.2015,-10.197,5079200.0
1990-10-25,-10.1992,-10.1903,-10.2049,-10.2015,5481200.0
1990-10-26,-10.2037,-10.1903,-10.2037,-10.2015,4811200.0
1990-10-29,-10.1992,-10.197,-10.2037,-10.2026,4415600.0
1990-10-30,-10.2037,-10.1948,-10.2116,-10.1982,3513600.0
1990-10-31,-10.197,-10.1848,-10.1992,-10.1948,5331200.0
1990-11-01,-10.197,-10.1925,-10.2037,-10.197,3258800.0
1990-11-02,-10.197,-10.1802,-10.197,-10.1858,5323200.0
1990-11-05,-10.1814,-10.1702,-10.1836,-10.1724,6604400.0
1990-11-06,-10.1702,-10.1613,-10.1724,-10.1702,6620800.0
1990-11-07,-10.1702,-10.168,-10.178,-10.1724,7254400.0
1990-11-08,-10.1747,-10.1568,-10.1747,-10.1613,7136400.0
1990-11-09,-10.1568,-10.1501,-10.1613,-10.1524,7102000.0
1990-11-12,-10.1524,-10.1412,-10.1546,-10.1457,5192000.0
1990-11-13,-10.1457,-10.1434,-10.1501,-10.1479,5086400.0
1990-11-14,-10.1501,-10.1367,-10.1501,-10.139,6819200.0
1990-11-15,-10.1412,-10.139,-10.1524,-10.1479,5787600.0
1990-11-16,-10.1501,-10.1479,-10.159,-10.1556,6545200.0
1990-11-19,-10.1523,-10.1445,-10.1546,-10.1445,8017600.0
1990-11-20,-10.1434,-10.1412,-10.1546,-10.1523,5490800.0
1990-11-21,-10.1546,-10.1456,-10.159,-10.1467,4400800.0
1990-11-23,-10.1456,-10.1389,-10.1479,-10.1445,1911200.0
1990-11-26,-10.1479,-10.1389,-10.1479,-10.1412,2925600.0
1990-11-27,-10.1389,-10.1278,-10.1412,-10.1345,5899200.0
1990-11-28,-10.1322,-10.1255,-10.1412,-10.1412,6250800.0
1990-11-29,-10.1389,-10.1389,-10.1456,-10.1412,4528000.0
1990-11-30,-10.1456,-10.1367,-10.1456,-10.1412,4350800.0
1990-12-03,-10.1367,-10.1278,-10.1389,-10.1288,5922400.0
1990-12-04,-10.1345,-10.1233,-10.1345,-10.1255,5453200.0
1990-12-05,-10.1255,-10.1099,-10.1311,-10.111,7822000.0
1990-12-06,-10.101,-10.0965,-10.1077,-10.101,19013600.0
1990-12-07,-10.1032,-10.0876,-10.1032,-10.0898,11781200.0
1990-12-10,-10.0921,-10.0898,-10.0988,-10.0965,8966400.0
1990-12-11,-10.101,-10.0988,-10.1121,-10.1121,12438000.0
1990-12-12,-10.1144,-10.1121,-10.1211,-10.1154,8664400.0
1990-12-13,-10.1166,-10.1032,-10.1166,-10.1054,5752000.0
1990-12-14,-10.1099,-10.1077,-10.1166,-10.1132,3126400.0
1990-12-17,-10.1211,-10.1077,-10.1211,-10.111,4683600.0
1990-12-18,-10.1032,-10.0898,-10.1054,-10.0921,7899200.0
1990-12-19,-10.0898,-10.0898,-10.1021,-10.0954,5036800.0
1990-12-20,-10.101,-10.072,-10.101,-10.0764,14326400.0
1990-12-21,-10.0742,-10.0653,-10.0809,-10.0675,12363200.0
1990-12-24,-10.0697,-10.0675,-10.0764,-10.0764,2106800.0
1990-12-26,-10.0764,-10.0742,-10.0854,-10.0787,3682000.0
1990-12-27,-10.0831,-10.0764,-10.0831,-10.0809,3492000.0
1990-12-28,-10.0831,-10.0809,-10.0876,-10.0854,2285200.0
1990-12-31,-10.0854,-10.0831,-10.0876,-10.0854,1593200.0
1991-01-02,-10.0876,-10.0764,-10.0943,-10.0809,5543600.0
1991-01-03,-10.0809,-10.0742,-10.0854,-10.0854,5365600.0
1991-01-04,-10.0854,-10.0742,-10.0854,-10.0831,5062400.0
1991-01-07,-10.0854,-10.0653,-10.0854,-10.0831,11111200.0
1991-01-08,-10.0787,-10.0775,-10.0898,-10.0831,7816400.0
1991-01-09,-10.0742,-10.0586,-10.0787,-10.0653,16692400.0
1991-01-10,-10.0608,-10.0474,-10.0608,-10.0485,15562400.0
1991-01-11,-10.0496,-10.0474,-10.0586,-10.0496,11003200.0
1991-01-14,-10.0586,-10.0519,-10.0586,-10.0563,7535600.0
1991-01-15,-10.0541,-10.0519,-10.0586,-10.0519,6870000.0
1991-01-16,-10.0496,-10.0229,-10.0519,-10.0251,13968800.0
1991-01-17,-10.0005,-9.9983,-10.0318,-10.0117,21137600.0
1991-01-18,-10.034,-10.0162,-10.0363,-10.0206,33691200.0
1991-01-21,-10.0251,-10.0095,-10.0251,-10.0162,11595200.0
1991-01-22,-10.0139,-10.0005,-10.0184,-10.0117,15296400.0
1991-01-23,-10.0117,-10.0028,-10.0139,-10.0072,8725600.0
1991-01-24,-10.0095,-9.9983,-10.0095,-10.0038,8374400.0
1991-01-25,-10.005,-9.9904,-10.005,-9.9916,8012000.0
1991-01-28,-9.9938,-9.976,-9.9938,-9.9827,9771200.0
1991-01-29,-9.9849,-9.9827,-10.0028,-9.9894,7708800.0
1991-01-30,-9.9938,-9.9715,-9.9938,-9.9738,12043200.0
1991-01-31,-9.9738,-9.9693,-9.9804,-9.9738,8677600.0
1991-02-01,-9.9738,-9.9525,-9.9738,-9.9715,15897600.0
1991-02-04,-9.9715,-9.9693,-9.9782,-9.976,9569200.0
1991-02-05,-9.976,-9.9514,-9.9804,-9.9537,12740000.0
1991-02-06,-9.9537,-9.9492,-9.9648,-9.9614,7965200.0
1991-02-07,-9.9604,-9.9447,-9.9715,-9.9537,18587600.0
1991-02-08,-9.9559,-9.9313,-9.9559,-9.9346,11220000.0
1991-02-11,-9.9336,-9.9202,-9.9358,-9.9213,11546400.0
1991-02-12,-9.9246,-9.9224,-9.9391,-9.9336,8042000.0
1991-02-13,-9.9336,-9.9313,-9.9514,-9.9336,9130800.0
1991-02-14,-9.9336,-9.9336,-9.9626,-9.9592,13493200.0
1991-02-15,-9.9581,-9.9469,-9.9581,-9.9547,13067600.0
1991-02-19,-9.9559,-9.9313,-9.9569,-9.9335,8080800.0
1991-02-20,-9.938,-9.9179,-9.9402,-9.9246,7646800.0
1991-02-21,-9.9224,-9.9134,-9.9447,-9.9425,6826400.0
1991-02-22,-9.9425,-9.9179,-9.9469,-9.9358,8320800.0
1991-02-25,-9.9313,-9.9291,-9.9559,-9.9514,12848800.0
1991-02-26,-9.9559,-9.9447,-9.9648,-9.9492,8934400.0
1991-02-27,-9.9492,-9.9469,-9.9559,-9.9492,6243200.0
1991-02-28,-9.9492,-9.9469,-9.967,-9.9581,8120000.0
1991-03-01,-9.9603,-9.9425,-9.9603,-9.9536,4518800.0
1991-03-04,-9.9514,-9.9447,-9.9603,-9.948,3175600.0
1991-03-05,-9.9425,-9.9045,-9.9425,-9.9056,15769200.0
1991-03-06,-9.8978,-9.8834,-9.9078,-9.9067,18731200.0
1991-03-07,-9.9023,-9.8666,-9.9045,-9.8688,11497600.0
1991-03-08,-9.8643,-9.8599,-9.8889,-9.8889,11522400.0
1991-03-11,-9.8934,-9.8911,-9.9134,-9.9023,6276400.0
1991-03-12,-9.9067,-9.9001,-9.9112,-9.9078,8360000.0
1991-03-13,-9.909,-9.8755,-9.909,-9.8777,6253200.0
1991-03-14,-9.8733,-9.8666,-9.8934,-9.8867,8126400.0
1991-03-15,-9.8822,-9.8755,-9.8867,-9.8777,7335600.0
1991-03-18,-9.8822,-9.8599,-9.8822,-9.8643,7645200.0
1991-03-19,-9.8755,-9.842,-9.8822,-9.8487,15100000.0
1991-03-20,-9.8509,-9.8487,-9.8722,-9.8643,12939200.0
1991-03-21,-9.8599,-9.8554,-9.9001,-9.8911,10600000.0
1991-03-22,-9.8978,-9.8911,-9.9134,-9.9045,12096400.0
1991-03-25,-9.9023,-9.8889,-9.9045,-9.8934,4858800.0
1991-03-26,-9.8911,-9.842,-9.8911,-9.8442,11935200.0
1991-03-27,-9.8442,-9.842,-9.8576,-9.8509,6812400.0
1991-03-28,-9.8509,-9.8442,-9.8643,-9.8621,2816800.0
1991-04-01,-9.8621,-9.8487,-9.8666,-9.8576,4218000.0
1991-04-02,-9.8532,-9.8197,-9.8576,-9.8197,10473600.0
1991-04-03,-9.8219,-9.8197,-9.8442,-9.8442,8585200.0
1991-04-04,-9.8442,-9.8264,-9.8487,-9.8309,6024400.0
1991-04-05,-9.8286,-9.8286,-9.8554,-9.8499,5567600.0
1991-04-08,-9.8509,-9.8442,-9.8554,-9.8442,2604400.0
1991-04-09,-9.8465,-9.8442,-9.8599,-9.8554,4280800.0
1991-04-10,-9.8576,-9.8509,-9.8733,-9.8722,7733600.0
1991-04-11,-9.8643,-9.832,-9.8666,-9.8353,12710800.0
1991-04-12,-9.8309,-9.8152,-9.8465,-9.8286,13140000.0
1991-04-15,-9.9179,-9.8934,-9.9335,-9.9134,60732400.0
1991-04-16,-9.9045,-9.8934,-9.9112,-9.8956,22176800.0
1991-04-17,-9.8889,-9.8889,-9.9157,-9.9045,11533600.0
1991-04-18,-9.909,-9.9067,-9.9268,-9.9246,8853600.0
1991-04-19,-9.9246,-9.9201,-9.938,-9.9368,10272400.0
1991-04-22,-9.938,-9.9157,-9.9447,-9.9201,9190000.0
1991-04-23,-9.9134,-9.9067,-9.9313,-9.9201,8494400.0
1991-04-24,-9.9179,-9.9157,-9.9291,-9.9268,3769200.0
1991-04-25,-9.9358,-9.9358,-9.9469,-9.9469,11276800.0
1991-04-26,-9.9469,-9.9425,-9.9536,-9.9458,4481200.0
1991-04-29,-9.9469,-9.9313,-9.9492,-9.9492,7395200.0
1991-04-30,-9.9536,-9.9492,-9.9826,-9.9782,25413600.0
1991-05-01,-10.0407,-10.0317,-10.0496,-10.0474,66732000.0
1991-05-02,-10.0429,-10.0251,-10.0451,-10.0317,28973600.0
1991-05-03,-10.0317,-10.0273,-10.0384,-10.0317,8717600.0
1991-05-06,-10.0362,-10.0184,-10.0384,-10.0206,7596400.0
1991-05-07,-10.0139,-10.0117,-10.0184,-10.0172,9671200.0
1991-05-08,-10.0161,-10.0161,-10.0295,-10.0251,6332400.0
1991-05-09,-10.0228,-10.0094,-10.0251,-10.0161,8523200.0
1991-05-10,-10.0094,-9.9938,-10.0161,-10.0117,8652000.0
1991-05-13,-10.0027,-9.9916,-10.0094,-9.9983,8763600.0
1991-05-14,-9.9983,-9.9893,-10.0005,-9.9916,7763600.0
1991-05-15,-10.0094,-10.005,-10.0317,-10.0184,18530800.0
1991-05-16,-10.0139,-10.0117,-10.0362,-10.0317,13652000.0
1991-05-17,-10.034,-10.034,-10.0541,-10.0496,16836800.0
1991-05-20,-10.0473,-10.0451,-10.0764,-10.0741,9365200.0
1991-05-21,-10.0652,-10.054,-10.0697,-10.0652,12500000.0
1991-05-22,-10.0607,-10.054,-10.063,-10.0563,8137600.0
1991-05-23,-10.054,-10.0518,-10.0697,-10.0663,7458800.0
1991-05-24,-10.063,-10.0585,-10.0674,-10.0596,3484800.0
1991-05-28,-10.0585,-10.0563,-10.0652,-10.0585,6124400.0
1991-05-29,-10.0563,-10.0429,-10.0596,-10.0496,13733600.0
1991-05-30,-10.0496,-10.0429,-10.054,-10.0439,5663600.0
1991-05-31,-10.0451,-10.0429,-10.0563,-10.0496,7792400.0
1991-06-03,-10.0496,-10.0272,-10.0518,-10.0295,7870800.0
1991-06-04,-10.0272,-10.0272,-10.0362,-10.0305,6593600.0
1991-06-05,-10.0295,-10.0295,-10.0429,-10.0406,4760800.0
1991-06-06,-10.0384,-10.0384,-10.054,-10.0529,6028000.0
1991-06-07,-10.0563,-10.0496,-10.0618,-10.0573,5463600.0
1991-06-10,-10.0585,-10.0484,-10.0607,-10.0585,5991200.0
1991-06-11,-10.0674,-10.063,-10.0741,-10.0707,6742400.0
1991-06-12,-10.0764,-10.0697,-10.1009,-10.0908,15580000.0
1991-06-13,-10.0897,-10.0853,-10.0964,-10.093,7565200.0
1991-06-14,-10.0875,-10.0875,-10.1054,-10.102,8049200.0
1991-06-17,-10.1031,-10.092,-10.1031,-10.0942,5966800.0
1991-06-18,-10.092,-10.083,-10.0987,-10.093,8749200.0
1991-06-19,-10.0964,-10.092,-10.1009,-10.0964,6408000.0
1991-06-20,-10.1009,-10.0942,-10.1054,-10.0942,5158000.0
1991-06-21,-10.0942,-10.0897,-10.0964,-10.0942,7378800.0
1991-06-24,-10.0964,-10.092,-10.1009,-10.0964,7443600.0
1991-06-25,-10.0942,-10.0853,-10.0964,-10.0908,8151200.0
1991-06-26,-10.0875,-10.0808,-10.092,-10.0853,8958000.0
1991-06-27,-10.0897,-10.0875,-10.0964,-10.0897,5400000.0
1991-06-28,-10.092,-10.0897,-10.1098,-10.0987,8102400.0
1991-07-01,-10.092,-10.0853,-10.0964,-10.0897,6979200.0
1991-07-02,-10.092,-10.0875,-10.0964,-10.092,4296800.0
1991-07-03,-10.092,-10.0808,-10.0964,-10.0841,11087600.0
1991-07-05,-10.0853,-10.0585,-10.0875,-10.0618,11842000.0
1991-07-08,-10.0652,-10.0473,-10.0674,-10.0518,10971200.0
1991-07-09,-10.0473,-10.0384,-10.054,-10.0506,8091200.0
1991-07-10,-10.0451,-10.0384,-10.0518,-10.0473,5610000.0
1991-07-11,-10.0496,-10.0473,-10.0585,-10.0518,5217600.0
1991-07-12,-10.0473,-10.0473,-10.0563,-10.0518,4753200.0
1991-07-15,-10.0518,-10.0518,-10.063,-10.063,4932400.0
1991-07-16,-10.063,-10.0607,-10.0808,-10.0786,7966400.0
1991-07-17,-10.0808,-10.0719,-10.092,-10.0897,7474400.0
1991-07-18,-10.0764,-10.0663,-10.0853,-10.0685,14240000.0
1991-07-19,-10.0652,-10.0563,-10.0674,-10.0585,4601200.0
1991-07-22,-10.0607,-10.0563,-10.063,-10.0585,3882000.0
1991-07-23,-10.0563,-10.054,-10.0719,-10.0674,4770000.0
1991-07-24,-10.0652,-10.0607,-10.0719,-10.0674,4703200.0
1991-07-25,-10.0652,-10.0607,-10.0674,-10.0652,2366800.0
1991-07-26,-10.0607,-10.0607,-10.0697,-10.0685,2657600.0
1991-07-29,-10.0652,-10.063,-10.0719,-10.063,1916800.0
1991-07-30,-10.063,-10.0518,-10.063,-10.054,3281200.0
1991-07-31,-10.054,-10.0506,-10.0674,-10.0563,3689200.0
1991-08-01,-10.0585,-10.0295,-10.0607,-10.0305,16023600.0
1991-08-02,-10.025,-10.0205,-10.0317,-10.0228,9767600.0
1991-08-05,-10.025,-10.025,-10.0384,-10.0362,3620800.0
1991-08-06,-10.0339,-10.0205,-10.0429,-10.0272,7890800.0
1991-08-07,-10.0272,-10.0139,-10.0283,-10.0194,7578800.0
1991-08-08,-10.0161,-10.0072,-10.0228,-10.0183,6769200.0
1991-08-09,-10.0183,-10.0139,-10.025,-10.0161,5533600.0
1991-08-12,-10.0161,-10.0027,-10.0183,-10.0072,5096400.0
1991-08-13,-10.0049,-9.9871,-10.0049,-9.9915,10255200.0
1991-08-14,-9.9804,-9.9781,-9.9881,-9.9792,7173200.0
1991-08-15,-9.9781,-9.9781,-9.996,-9.9938,5219200.0
1991-08-16,-9.9982,-9.9848,-10.0027,-9.9938,5689200.0
1991-08-19,-10.0272,-10.0082,-10.0361,-10.0183,11538000.0
1991-08-20,-10.0094,-10.0071,-10.0183,-10.0138,7123600.0
1991-08-21,-10.0004,-9.9859,-10.0049,-9.9893,7987600.0
1991-08-22,-9.987,-9.9803,-9.9893,-9.9848,5936400.0
1991-08-23,-9.987,-9.9736,-9.9982,-9.996,8601200.0
1991-08-26,-9.996,-9.9915,-10.0004,-9.996,3644400.0
1991-08-27,-9.996,-9.987,-9.9982,-9.987,3597600.0
1991-08-28,-9.987,-9.9848,-9.9948,-9.9937,3843600.0
1991-08-29,-9.9937,-9.9881,-10.0004,-9.996,4053200.0
1991-08-30,-9.996,-9.9937,-10.0027,-9.996,2363200.0
1991-09-03,-9.9982,-9.9937,-10.0049,-10.0004,2443200.0
1991-09-04,-9.9982,-9.9982,-10.0104,-10.0094,4299200.0
1991-09-05,-10.0094,-10.0071,-10.016,-10.0138,2793600.0
1991-09-06,-10.0138,-10.0071,-10.0183,-10.0094,2848800.0
1991-09-09,-10.0071,-9.9915,-10.0094,-9.9937,4538000.0
1991-09-10,-9.9982,-9.9926,-10.025,-10.0216,6535600.0
1991-09-11,-10.016,-10.0138,-10.0272,-10.0183,6378000.0
1991-09-12,-10.0116,-10.0116,-10.025,-10.0171,4267600.0
1991-09-13,-10.0227,-10.0205,-10.0361,-10.035,5974400.0
1991-09-16,-10.0294,-10.0294,-10.054,-10.0473,7365600.0
1991-09-17,-10.0495,-10.0317,-10.0518,-10.0317,4856400.0
1991-09-18,-10.0339,-10.0183,-10.0361,-10.0216,4342000.0
1991-09-19,-10.0205,-10.0183,-10.0272,-10.025,6374400.0
1991-09-20,-10.025,-10.0138,-10.0272,-10.0171,6742000.0
1991-09-23,-10.0227,-10.016,-10.0294,-10.0272,3136800.0
1991-09-24,-10.0272,-10.0194,-10.0384,-10.0205,3805600.0
1991-09-25,-10.0205,-10.0183,-10.0294,-10.0183,1959200.0
1991-09-26,-10.0205,-10.0205,-10.0317,-10.0227,2556800.0
1991-09-27,-10.0227,-10.016,-10.0339,-10.0317,2245200.0
1991-09-30,-10.0294,-10.025,-10.0317,-10.0272,2266800.0
1991-10-01,-10.0294,-10.0116,-10.0317,-10.016,4698800.0
1991-10-02,-10.0071,-10.0071,-10.0272,-10.025,643600.0
1991-10-03,-10.0227,-10.0227,-10.0451,-10.0428,6478000.0
1991-10-04,-10.0406,-10.0339,-10.0451,-10.0384,2854400.0
1991-10-07,-10.0406,-10.0339,-10.0451,-10.0394,2328000.0
1991-10-08,-10.0394,-10.0361,-10.054,-10.0384,6170000.0
1991-10-09,-10.0384,-10.0339,-10.0428,-10.0406,4752400.0
1991-10-10,-10.0339,-10.0317,-10.0518,-10.0428,5623200.0
1991-10-11,-10.0394,-10.0327,-10.054,-10.0361,4292000.0
1991-10-14,-10.0317,-10.0205,-10.0339,-10.0238,4015600.0
1991-10-15,-10.0183,-10.0004,-10.0227,-10.0004,10300800.0
1991-10-16,-10.0004,-9.987,-10.0027,-9.9915,7182000.0
1991-10-17,-9.996,-9.9937,-10.0094,-10.0015,5423200.0
1991-10-18,-9.9769,-9.9736,-9.9826,-9.9781,15964400.0
1991-10-21,-9.9759,-9.9702,-9.9848,-9.9803,4172000.0
1991-10-22,-9.9736,-9.9669,-9.9826,-9.9826,7456400.0
1991-10-23,-9.9781,-9.9759,-9.9982,-9.9948,6046400.0
1991-10-24,-9.996,-9.9937,-10.0094,-10.0037,6372400.0
1991-10-25,-10.0071,-10.0027,-10.016,-10.0116,3832000.0
1991-10-28,-10.0094,-10.0071,-10.016,-10.0094,2792400.0
1991-10-29,-10.0094,-10.0049,-10.016,-10.0071,3624400.0
1991-10-30,-10.0049,-9.9982,-10.0272,-10.025,5302400.0
1991-10-31,-10.016,-10.0071,-10.0227,-10.0094,8300800.0
1991-11-01,-10.0116,-10.0049,-10.0183,-10.0138,7203600.0
1991-11-04,-10.016,-10.016,-10.0361,-10.025,6983200.0
1991-11-05,-10.025,-10.0183,-10.0339,-10.0339,7711200.0
1991-11-06,-10.0317,-10.0294,-10.0451,-10.0406,8466400.0
1991-11-07,-10.0361,-10.0183,-10.0384,-10.025,10618800.0
1991-11-08,-10.0116,-9.9893,-10.0138,-9.9937,13435200.0
1991-11-11,-9.9915,-9.9826,-9.9937,-9.9893,5896800.0
1991-11-12,-9.9848,-9.9803,-9.9893,-9.9826,5972000.0
1991-11-13,-9.987,-9.9826,-9.9915,-9.9859,6640000.0
1991-11-14,-9.9848,-9.9759,-9.987,-9.9803,6733600.0
1991-11-15,-9.9826,-9.9803,-10.025,-10.0227,9186400.0
1991-11-18,-10.0227,-10.0004,-10.0227,-10.0037,8530000.0
1991-11-19,-10.0071,-10.0071,-10.0249,-10.0115,10216400.0
1991-11-20,-10.0115,-10.0048,-10.0205,-10.0182,6005600.0
1991-11-21,-10.0182,-10.0071,-10.0182,-10.0138,3823200.0
1991-11-22,-10.0138,-10.0071,-10.0205,-10.0115,3502400.0
1991-11-25,-10.0138,-10.0026,-10.0138,-10.0115,2802000.0
1991-11-26,-10.0093,-10.0048,-10.0227,-10.0093,4982000.0
1991-11-27,-10.0115,-10.0093,-10.0182,-10.0138,2268800.0
1991-11-29,-10.0182,-10.0093,-10.0182,-10.016,1227600.0
1991-12-02,-10.016,-10.0048,-10.0227,-10.0071,4250000.0
1991-12-03,-10.0048,-10.0048,-10.0205,-10.0182,3692400.0
1991-12-04,-10.016,-10.016,-10.0227,-10.0182,2897600.0
1991-12-05,-10.0182,-10.0138,-10.0294,-10.0227,3555600.0
1991-12-06,-10.0272,-10.0249,-10.0361,-10.0339,7055200.0
1991-12-09,-10.0316,-10.0227,-10.0339,-10.0305,3502000.0
1991-12-10,-10.0316,-10.0272,-10.0361,-10.0305,4390000.0
1991-12-11,-10.0294,-10.0249,-10.0361,-10.0316,3031200.0
1991-12-12,-10.0282,-10.0249,-10.0316,-10.0282,3297600.0
1991-12-13,-10.0249,-10.016,-10.0249,-10.0193,3418000.0
1991-12-16,-10.0193,-10.016,-10.0227,-10.0182,2777600.0
1991-12-17,-10.0182,-10.0138,-10.0205,-10.0182,3502400.0
1991-12-18,-10.0205,-10.0048,-10.0227,-10.0071,6678000.0
1991-12-19,-10.0115,-10.0071,-10.016,-10.016,4140800.0
1991-12-20,-10.0115,-10.0093,-10.0205,-10.0205,4588000.0
1991-12-23,-10.0182,-10.0071,-10.0227,-10.0093,3686800.0
1991-12-24,-10.0048,-9.9892,-10.0071,-10.0026,6742400.0
1991-12-26,-9.9982,-9.9781,-10.0026,-9.9791,4805600.0
1991-12-27,-9.9803,-9.9714,-9.9825,-9.9781,6008000.0
1991-12-30,-9.9781,-9.958,-9.9781,-9.9624,6580800.0
1991-12-31,-9.9568,-9.9513,-9.9691,-9.9657,4802000.0
1992-01-02,-9.9714,-9.9357,-9.9736,-9.9379,8357600.0
1992-01-03,-9.9334,-9.9312,-9.949,-9.9423,6814400.0
1992-01-06,-9.9446,-9.9423,-9.9535,-9.9513,4080000.0
1992-01-07,-9.9557,-9.9379,-9.9557,-9.9412,5059200.0
1992-01-08,-9.9468,-9.9223,-9.9468,-9.929,8330800.0
1992-01-09,-9.929,-9.9133,-9.9312,-9.9133,7450800.0
1992-01-10,-9.92,-9.9111,-9.9245,-9.9133,7012400.0
1992-01-13,-9.9133,-9.9089,-9.92,-9.9156,3858800.0
1992-01-14,-9.9133,-9.891,-9.9133,-9.8932,9789200.0
1992-01-15,-9.8932,-9.8888,-9.9066,-9.9022,11652400.0
1992-01-16,-9.8999,-9.8955,-9.9111,-9.9089,10485200.0
1992-01-17,-9.8642,-9.8531,-9.891,-9.891,30308800.0
1992-01-20,-9.8932,-9.8865,-9.8977,-9.8977,7492400.0
1992-01-21,-9.8955,-9.8955,-9.9245,-9.9233,6938000.0
1992-01-22,-9.92,-9.8999,-9.9223,-9.9022,6560000.0
1992-01-23,-9.8955,-9.891,-9.9066,-9.8932,4953200.0
1992-01-24,-9.8932,-9.8821,-9.8977,-9.8922,6356400.0
1992-01-27,-9.891,-9.8865,-9.8955,-9.8932,2992000.0
1992-01-28,-9.891,-9.8855,-9.9066,-9.8865,6206800.0
1992-01-29,-9.891,-9.8821,-9.9044,-9.9044,5164400.0
1992-01-30,-9.9022,-9.8999,-9.9089,-9.8999,3128800.0
1992-01-31,-9.8977,-9.8865,-9.9022,-9.891,5164400.0
1992-02-03,-9.891,-9.8776,-9.8932,-9.8821,5652000.0
1992-02-04,-9.8821,-9.8776,-9.8888,-9.8821,6896400.0
1992-02-05,-9.8776,-9.8732,-9.8877,-9.8788,5772400.0
1992-02-06,-9.8821,-9.8798,-9.8977,-9.8966,3330000.0
1992-02-07,-9.8955,-9.891,-9.9089,-9.8977,5285600.0
1992-02-10,-9.8977,-9.8955,-9.9066,-9.9055,3091200.0
1992-02-11,-9.9066,-9.8999,-9.9133,-9.9077,4378800.0
1992-02-12,-9.8999,-9.8843,-9.9066,-9.8865,4931200.0
1992-02-13,-9.8865,-9.8865,-9.8999,-9.8955,2734400.0
1992-02-14,-9.8999,-9.8954,-9.9044,-9.8966,2610800.0
1992-02-18,-9.8954,-9.8932,-9.9088,-9.9088,2442000.0
1992-02-19,-9.9088,-9.9066,-9.9178,-9.9155,3426400.0
1992-02-20,-9.9111,-9.891,-9.9133,-9.8921,4692400.0
1992-02-21,-9.891,-9.8843,-9.8932,-9.8887,5421200.0
1992-02-24,-9.8776,-9.8753,-9.882,-9.8787,6122400.0
1992-02-25,-9.8776,-9.8575,-9.8865,-9.8575,8134400.0
1992-02-26,-9.8597,-9.8441,-9.8597,-9.8453,8193600.0
1992-02-27,-9.8441,-9.8441,-9.862,-9.8575,4364800.0
1992-02-28,-9.8575,-9.853,-9.8709,-9.8664,3244400.0
1992-03-02,-9.8642,-9.8575,-9.8686,-9.8686,3203200.0
1992-03-03,-9.8642,-9.862,-9.8776,-9.8765,3560000.0
1992-03-04,-9.8776,-9.8731,-9.891,-9.8887,4120800.0
1992-03-05,-9.8932,-9.8843,-9.9066,-9.9021,8462400.0
1992-03-06,-9.9021,-9.8977,-9.9066,-9.8977,4816400.0
1992-03-09,-9.8999,-9.8954,-9.9021,-9.8999,3896800.0
1992-03-10,-9.8977,-9.891,-9.8999,-9.8999,4394400.0
1992-03-11,-9.8999,-9.8954,-9.9066,-9.9044,4714400.0
1992-03-12,-9.9044,-9.8999,-9.92,-9.9088,5472400.0
1992-03-13,-9.9044,-9.8999,-9.9155,-9.9054,2843600.0
1992-03-16,-9.9088,-9.9021,-9.9178,-9.9032,2016400.0
1992-03-17,-9.9021,-9.8999,-9.9088,-9.9077,3061200.0
1992-03-18,-9.9044,-9.8977,-9.9066,-9.8999,2902000.0
1992-03-19,-9.8999,-9.8999,-9.9088,-9.9066,4251200.0
1992-03-20,-9.9066,-9.9044,-9.9066,-9.9044,1942400.0
1992-03-23,-9.9066,-9.8999,-9.9066,-9.9066,1804400.0
1992-03-24,-9.9021,-9.8887,-9.9044,-9.8887,7501200.0
1992-03-25,-9.8887,-9.8887,-9.8954,-9.8932,4353200.0
1992-03-26,-9.891,-9.8865,-9.8999,-9.8977,4412400.0
1992-03-27,-9.8987,-9.8977,-9.9289,-9.9245,9452000.0
1992-03-30,-9.9222,-9.9222,-9.9535,-9.9501,12124400.0
1992-03-31,-9.949,-9.9356,-9.9512,-9.949,7613200.0
1992-04-01,-9.9579,-9.9401,-9.9579,-9.9423,5714400.0
1992-04-02,-9.9423,-9.9378,-9.9478,-9.9445,4798800.0
1992-04-03,-9.9445,-9.9401,-9.9468,-9.9423,4181200.0
1992-04-06,-9.9423,-9.9245,-9.9423,-9.9267,3643600.0
1992-04-07,-9.9245,-9.9222,-9.9579,-9.9579,8234400.0
1992-04-08,-9.9602,-9.9602,-9.9803,-9.9702,13123600.0
1992-04-09,-9.9691,-9.949,-9.9758,-9.9579,6874400.0
1992-04-10,-9.9579,-9.9557,-9.978,-9.9736,9803600.0
1992-04-13,-9.9736,-9.9624,-9.9758,-9.9646,4402000.0
1992-04-14,-9.9535,-9.9401,-9.9579,-9.9445,5178000.0
1992-04-15,-9.9512,-9.9255,-9.9557,-9.9289,7764400.0
1992-04-16,-9.9311,-9.9267,-9.9468,-9.9423,9260800.0
1992-04-20,-9.9423,-9.9423,-9.9691,-9.9624,7380800.0
1992-04-21,-9.9602,-9.9579,-9.9691,-9.9669,6442400.0
1992-04-22,-9.9669,-9.9512,-9.9669,-9.9545,6129200.0
1992-04-23,-9.9557,-9.949,-9.9691,-9.9602,6534400.0
1992-04-24,-9.9602,-9.949,-9.9691,-9.9646,3526800.0
1992-04-27,-9.9691,-9.9669,-9.978,-9.9713,5014800.0
1992-04-28,-9.9758,-9.9713,-9.9959,-9.9847,6229200.0
1992-04-29,-9.9847,-9.9602,-9.9847,-9.9602,7116800.0
1992-04-30,-9.9579,-9.9311,-9.9646,-9.9322,9303600.0
1992-05-01,-9.9334,-9.9267,-9.949,-9.9401,4821200.0
1992-05-04,-9.9378,-9.9222,-9.9401,-9.9289,4402000.0
1992-05-05,-9.9289,-9.9278,-9.9378,-9.9289,6449200.0
1992-05-06,-9.9267,-9.9144,-9.9289,-9.9178,6377600.0
1992-05-07,-9.92,-9.9133,-9.9289,-9.9267,6175600.0
1992-05-08,-9.92,-9.9077,-9.9245,-9.9155,7105600.0
1992-05-11,-9.9155,-9.9088,-9.92,-9.9133,3250000.0
1992-05-12,-9.9133,-9.9066,-9.9178,-9.9133,2769200.0
1992-05-13,-9.9111,-9.9044,-9.9133,-9.9088,3482000.0
1992-05-14,-9.9088,-9.9066,-9.9311,-9.9211,5606800.0
1992-05-15,-9.9245,-9.9222,-9.9289,-9.9278,4339200.0
1992-05-18,-9.92,-9.92,-9.9334,-9.93,4616400.0
1992-05-19,-9.9267,-9.9267,-9.9423,-9.9389,4715600.0
1992-05-20,-9.9356,-9.9311,-9.9401,-9.9334,6200800.0
1992-05-21,-9.9311,-9.9311,-9.9445,-9.9411,4938800.0
1992-05-22,-9.9423,-9.9356,-9.9423,-9.9378,1670800.0
1992-05-26,-9.9378,-9.9356,-9.9445,-9.9401,3423200.0
1992-05-27,-9.9401,-9.9311,-9.9423,-9.9311,5516400.0
1992-05-28,-9.9334,-9.9311,-9.9423,-9.9378,4558000.0
1992-05-29,-9.9356,-9.9278,-9.9378,-9.9356,6369200.0
1992-06-01,-9.9579,-9.9378,-9.9691,-9.9557,8869200.0
1992-06-02,-9.9557,-9.9557,-9.9668,-9.9646,5560000.0
1992-06-03,-9.9646,-9.9646,-9.9869,-9.9858,10743200.0
1992-06-04,-9.9847,-9.9802,-9.9914,-9.9824,6453200.0
1992-06-05,-9.9802,-9.9758,-9.9847,-9.9791,4040800.0
1992-06-08,-9.978,-9.978,-9.9869,-9.9847,3730000.0
1992-06-09,-9.9847,-9.9847,-9.9914,-9.9869,3626800.0
1992-06-10,-9.9869,-9.9802,-9.9914,-9.9891,4522400.0
1992-06-11,-9.9891,-9.9847,-9.9914,-9.988,5028800.0
1992-06-12,-9.9824,-9.978,-9.9847,-9.9813,3450800.0
1992-06-15,-9.9869,-9.9869,-10.0003,-9.9991,6777600.0
1992-06-16,-10.007,-10.0048,-10.0338,-10.0293,13053200.0
1992-06-17,-10.0316,-10.0293,-10.0494,-10.0449,10880800.0
1992-06-18,-10.0449,-10.0316,-10.0695,-10.065,15495600.0
1992-06-19,-10.0583,-10.0583,-10.0784,-10.0695,15280000.0
1992-06-22,-10.0762,-10.0695,-10.0874,-10.074,13930000.0
1992-06-23,-10.0673,-10.0628,-10.0717,-10.065,11130800.0
1992-06-24,-10.0628,-10.0583,-10.065,-10.0583,7548000.0
1992-06-25,-10.0539,-10.0539,-10.065,-10.0616,5745200.0
1992-06-26,-10.0606,-10.0583,-10.0717,-10.065,3953600.0
1992-06-29,-10.0606,-10.0483,-10.065,-10.0516,6735200.0
1992-06-30,-10.0516,-10.0383,-10.0539,-10.0405,6919200.0
1992-07-01,-10.0405,-10.0271,-10.0427,-10.0316,5129200.0
1992-07-02,-10.0316,-10.0316,-10.0606,-10.0561,9169200.0
1992-07-06,-10.0539,-10.0516,-10.0628,-10.0561,4378000.0
1992-07-07,-10.0561,-10.0561,-10.0807,-10.074,7416400.0
1992-07-08,-10.0762,-10.0606,-10.0762,-10.0606,7020000.0
1992-07-09,-10.0583,-10.0539,-10.0606,-10.0594,5922000.0
1992-07-10,-10.0583,-10.0561,-10.0683,-10.0606,5144400.0
1992-07-13,-10.0606,-10.0483,-10.065,-10.0494,4486800.0
1992-07-14,-10.0494,-10.0405,-10.0494,-10.0449,4510800.0
1992-07-15,-10.0449,-10.0316,-10.0472,-10.0405,6248000.0
1992-07-16,-10.0427,-10.0316,-10.0472,-10.0338,5011200.0
1992-07-17,-10.0673,-10.0583,-10.0706,-10.0673,15135600.0
1992-07-20,-10.0695,-10.065,-10.0762,-10.0695,6873600.0
1992-07-21,-10.0628,-10.0561,-10.0673,-10.0606,4730800.0
1992-07-22,-10.065,-10.0628,-10.0762,-10.074,5798800.0
1992-07-23,-10.0717,-10.0695,-10.0784,-10.0695,6128800.0
1992-07-24,-10.0717,-10.0561,-10.0762,-10.0594,4832000.0
1992-07-27,-10.0606,-10.0539,-10.065,-10.065,88800.0
1992-07-28,-10.0628,-10.0539,-10.065,-10.0539,4813600.0
1992-07-29,-10.0527,-10.0427,-10.0539,-10.0472,8976400.0
1992-07-30,-10.0472,-10.0449,-10.0516,-10.0472,4927600.0
1992-07-31,-10.0472,-10.0449,-10.0516,-10.0516,3262000.0
1992-08-03,-10.0516,-10.0472,-10.0628,-10.0606,2452400.0
1992-08-04,-10.0673,-10.0606,-10.0695,-10.0628,4295600.0
1992-08-05,-10.0628,-10.0628,-10.0717,-10.0695,4981200.0
1992-08-06,-10.074,-10.0717,-10.0874,-10.0762,9220800.0
1992-08-07,-10.0941,-10.0784,-10.0985,-10.0817,7842400.0
1992-08-10,-10.0829,-10.0717,-10.0851,-10.075,3280800.0
1992-08-11,-10.0717,-10.0717,-10.0851,-10.0807,4339200.0
1992-08-12,-10.0784,-10.074,-10.0829,-10.075,4343600.0
1992-08-13,-10.0717,-10.0628,-10.074,-10.0695,6122000.0
1992-08-14,-10.0673,-10.065,-10.0717,-10.0695,4872400.0
1992-08-17,-10.0739,-10.0695,-10.0784,-10.0695,4617600.0
1992-08-18,-10.0717,-10.065,-10.0717,-10.0695,4017600.0
1992-08-19,-10.0705,-10.065,-10.0717,-10.0717,6096800.0
1992-08-20,-10.0695,-10.0672,-10.0739,-10.0695,3894800.0
1992-08-21,-10.0695,-10.065,-10.0762,-10.0705,3926400.0
1992-08-24,-10.0739,-10.0695,-10.0829,-10.0829,5454400.0
1992-08-25,-10.0829,-10.0717,-10.0829,-10.0728,4731200.0
1992-08-26,-10.0739,-10.0717,-10.0829,-10.0739,4325600.0
1992-08-27,-10.0695,-10.0661,-10.0739,-10.0717,2974800.0
1992-08-28,-10.0739,-10.065,-10.0762,-10.0672,2202400.0
1992-08-31,-10.0672,-10.0561,-10.0695,-10.0583,4328800.0
1992-09-01,-10.0561,-10.0538,-10.0605,-10.0538,2172000.0
1992-09-02,-10.0538,-10.0338,-10.0538,-10.036,6794400.0
1992-09-03,-10.0315,-10.0293,-10.0427,-10.0427,7570000.0
1992-09-04,-10.0382,-10.0382,-10.0516,-10.0471,2268800.0
1992-09-08,-10.0516,-10.0404,-10.0538,-10.0427,2511200.0
1992-09-09,-10.0404,-10.0293,-10.0427,-10.0315,5622400.0
1992-09-10,-10.0404,-10.0271,-10.0449,-10.0293,8165600.0
1992-09-11,-10.0315,-10.0293,-10.0449,-10.0438,6438000.0
1992-09-14,-10.0315,-10.0226,-10.036,-10.0271,7682400.0
1992-09-15,-10.0293,-10.0293,-10.0427,-10.0382,7806800.0
1992-09-16,-10.0427,-10.0382,-10.0538,-10.0494,6395600.0
1992-09-17,-10.0471,-10.0471,-10.0638,-10.0583,6180000.0
1992-09-18,-10.0605,-10.0504,-10.065,-10.0538,4133600.0
1992-09-21,-10.0516,-10.0427,-10.0561,-10.0538,3204400.0
1992-09-22,-10.0516,-10.0516,-10.065,-10.0605,3996800.0
1992-09-23,-10.0583,-10.0449,-10.0628,-10.0449,4443200.0
1992-09-24,-10.0471,-10.0427,-10.0561,-10.0561,4492000.0
1992-09-25,-10.0561,-10.0538,-10.065,-10.0628,4926400.0
1992-09-28,-10.0672,-10.0672,-10.0784,-10.0695,5351200.0
1992-09-29,-10.0717,-10.0628,-10.0762,-10.0683,5626400.0
1992-09-30,-10.0672,-10.0628,-10.0717,-10.0661,3580800.0
1992-10-01,-10.0695,-10.0661,-10.0739,-10.0739,4396400.0
1992-10-02,-10.0717,-10.0695,-10.0851,-10.0784,4063600.0
1992-10-05,-10.0829,-10.0784,-10.0985,-10.0806,9475600.0
1992-10-06,-10.0784,-10.0672,-10.0873,-10.0695,4058000.0
1992-10-07,-10.0672,-10.065,-10.0806,-10.0784,4050800.0
1992-10-08,-10.0762,-10.0739,-10.0851,-10.0806,4543200.0
1992-10-09,-10.0806,-10.0762,-10.0851,-10.0817,2108000.0
1992-10-12,-10.0829,-10.0739,-10.0829,-10.0762,2580000.0
1992-10-13,-10.0695,-10.0583,-10.0762,-10.0638,5265600.0
1992-10-14,-10.065,-10.0561,-10.0672,-10.0583,3429200.0
1992-10-15,-10.0605,-10.0583,-10.065,-10.0628,2701200.0
1992-10-16,-10.0516,-10.0271,-10.0538,-10.0315,16142000.0
1992-10-19,-10.0315,-10.0293,-10.036,-10.0315,7002400.0
1992-10-20,-10.0315,-10.0226,-10.036,-10.0304,10269200.0
1992-10-21,-10.0293,-10.0271,-10.0404,-10.036,4080800.0
1992-10-22,-10.036,-10.0293,-10.0382,-10.0338,3026400.0
1992-10-23,-10.0293,-10.0271,-10.0382,-10.0338,3279200.0
1992-10-26,-10.0338,-10.0092,-10.036,-10.0092,8972000.0
1992-10-27,-10.0092,-10.0003,-10.0137,-10.0092,7575600.0
1992-10-28,-10.0114,-9.998,-10.0159,-10.0025,7033200.0
1992-10-29,-10.0025,-9.9869,-10.0092,-9.9936,7661200.0
1992-10-30,-9.9913,-9.9913,-10.0047,-10.0003,4657600.0
1992-11-02,-10.0003,-9.998,-10.007,-10.0025,6094400.0
1992-11-03,-10.0003,-10.0003,-10.0092,-10.0047,4042000.0
1992-11-04,-10.0047,-9.998,-10.0047,-10.0003,5086800.0
1992-11-05,-10.0003,-9.9779,-10.0003,-9.9779,10647600.0
1992-11-06,-9.9802,-9.9646,-9.9802,-9.9713,9443200.0
1992-11-09,-9.969,-9.969,-9.9802,-9.9757,4052000.0
1992-11-10,-9.9779,-9.9646,-9.9802,-9.9668,4368000.0
1992-11-11,-9.9646,-9.9489,-9.9668,-9.9623,5023600.0
1992-11-12,-9.9601,-9.9556,-9.9656,-9.9612,3844400.0
1992-11-13,-9.9601,-9.9579,-9.969,-9.9668,3042000.0
1992-11-16,-9.9668,-9.9534,-9.969,-9.9567,2419200.0
1992-11-17,-9.9579,-9.9556,-9.979,-9.9757,6045200.0
1992-11-18,-9.969,-9.9489,-9.9735,-9.9534,10889200.0
1992-11-19,-9.9534,-9.9378,-9.9534,-9.9489,8608000.0
1992-11-20,-9.9467,-9.9445,-9.9601,-9.9556,5572000.0
1992-11-23,-9.9646,-9.9601,-9.9668,-9.9623,5462400.0
1992-11-24,-9.9601,-9.9556,-9.9646,-9.9556,5601200.0
1992-11-25,-9.9601,-9.9579,-9.969,-9.9646,4208000.0
1992-11-27,-9.9646,-9.9579,-9.9668,-9.9646,1688800.0
1992-11-30,-9.9667,-9.9556,-9.9723,-9.9556,5739200.0
1992-12-01,-9.9578,-9.9422,-9.9623,-9.9489,4652400.0
1992-12-02,-9.9489,-9.9467,-9.9601,-9.9578,3498800.0
1992-12-03,-9.9645,-9.9544,-9.9678,-9.9556,6710800.0
1992-12-04,-9.9578,-9.9556,-9.9645,-9.9611,3432400.0
1992-12-07,-9.9623,-9.9534,-9.9623,-9.9534,5168000.0
1992-12-08,-9.9534,-9.9444,-9.9534,-9.95,7035600.0
1992-12-09,-9.9534,-9.9511,-9.9578,-9.9544,5700800.0
1992-12-10,-9.9578,-9.9544,-9.9645,-9.9578,5010800.0
1992-12-11,-9.9578,-9.9489,-9.9578,-9.9556,4299200.0
1992-12-14,-9.9556,-9.9534,-9.9623,-9.9578,3962000.0
1992-12-15,-9.9623,-9.9601,-9.9734,-9.9656,6541200.0
1992-12-16,-9.9667,-9.9601,-9.9824,-9.9779,8085200.0
1992-12-17,-9.9757,-9.9556,-9.9757,-9.9611,8370800.0
1992-12-18,-9.9556,-9.94,-9.9578,-9.9489,8414400.0
1992-12-21,-9.9489,-9.9333,-9.9511,-9.9366,9159200.0
1992-12-22,-9.9355,-9.9221,-9.9355,-9.9276,10009200.0
1992-12-23,-9.931,-9.9288,-9.94,-9.9355,4018800.0
1992-12-24,-9.9333,-9.9333,-9.9422,-9.9422,1642400.0
1992-12-28,-9.94,-9.9355,-9.94,-9.9377,2536400.0
1992-12-29,-9.9377,-9.9266,-9.9377,-9.9366,4171200.0
1992-12-30,-9.9355,-9.9355,-9.9444,-9.9444,3610800.0
1992-12-31,-9.9444,-9.9333,-9.9444,-9.9355,3302000.0
1993-01-04,-9.9377,-9.9333,-9.9534,-9.9489,4618800.0
1993-01-05,-9.9511,-9.94,-9.9578,-9.94,6658800.0
1993-01-06,-9.9266,-9.9154,-9.9288,-9.9176,10055600.0
1993-01-07,-9.9176,-9.9109,-9.9276,-9.9243,9741200.0
1993-01-08,-9.9266,-9.9065,-9.9355,-9.9132,11474400.0
1993-01-11,-9.9154,-9.8942,-9.9176,-9.8965,9785200.0
1993-01-12,-9.9087,-9.8998,-9.9199,-9.9199,12364400.0
1993-01-13,-9.9199,-9.8976,-9.9221,-9.902,7135600.0
1993-01-14,-9.8976,-9.8864,-9.8998,-9.8886,13145200.0
1993-01-15,-9.9243,-9.9132,-9.9333,-9.931,32257600.0
1993-01-18,-9.9377,-9.9333,-9.9511,-9.9377,11935600.0
1993-01-19,-9.9355,-9.9288,-9.94,-9.9355,9802400.0
1993-01-20,-9.9355,-9.931,-9.9377,-9.9333,5685600.0
1993-01-21,-9.9355,-9.931,-9.9444,-9.9333,6601200.0
1993-01-22,-9.931,-9.931,-9.9422,-9.9377,5252400.0
1993-01-25,-9.94,-9.9288,-9.94,-9.9333,7237600.0
1993-01-26,-9.9288,-9.9154,-9.9288,-9.9266,10201200.0
1993-01-27,-9.9243,-9.9176,-9.9444,-9.931,8101200.0
1993-01-28,-9.9333,-9.931,-9.94,-9.9343,6580000.0
1993-01-29,-9.931,-9.9221,-9.9422,-9.9377,9516800.0
1993-02-01,-9.94,-9.9221,-9.94,-9.9221,8608800.0
1993-02-02,-9.9266,-9.9199,-9.931,-9.931,6530000.0
1993-02-03,-9.9243,-9.9243,-9.9467,-9.9333,9455200.0
1993-02-04,-9.9333,-9.931,-9.9422,-9.9377,7453200.0
1993-02-05,-9.94,-9.9377,-9.9667,-9.9578,13134400.0
1993-02-08,-9.9601,-9.9556,-9.9734,-9.9645,10060000.0
1993-02-09,-9.9601,-9.9567,-9.9645,-9.9611,8525600.0
1993-02-10,-9.9601,-9.9578,-9.9779,-9.9712,9593600.0
1993-02-11,-9.9712,-9.9667,-9.9779,-9.9767,6015200.0
1993-02-12,-9.9779,-9.9734,-9.989,-9.9879,9855600.0
1993-02-16,-9.9913,-9.9913,-10.0091,-9.9957,14563200.0
1993-02-17,-9.9935,-9.9868,-10.0047,-9.9879,8932400.0
1993-02-18,-9.9779,-9.9756,-9.9913,-9.9779,10006800.0
1993-02-19,-9.9756,-9.9734,-9.9801,-9.9779,6366800.0
1993-02-22,-9.9779,-9.9689,-9.9801,-9.9767,3531200.0
1993-02-23,-9.9779,-9.9756,-9.9868,-9.9846,6937600.0
1993-02-24,-10.0035,-9.9879,-10.0035,-9.9901,10253600.0
1993-02-25,-9.9935,-9.9801,-9.9935,-9.9801,5979200.0
1993-02-26,-9.9846,-9.9846,-10.0024,-9.9957,10538000.0
1993-03-01,-9.9957,-9.9913,-9.998,-9.9935,4272400.0
1993-03-02,-9.9957,-9.9823,-9.9957,-9.9846,5294400.0
1993-03-03,-9.9868,-9.9779,-9.9935,-9.9812,7261200.0
1993-03-04,-9.9823,-9.9756,-9.9913,-9.9779,6730000.0
1993-03-05,-9.9801,-9.9712,-9.9801,-9.9779,4001200.0
1993-03-08,-9.9779,-9.9622,-9.9779,-9.9645,6322400.0
1993-03-09,-9.9645,-9.9555,-9.9645,-9.9622,5535200.0
1993-03-10,-9.9622,-9.9578,-9.9689,-9.9622,4738800.0
1993-03-11,-9.96,-9.9578,-9.9667,-9.9611,5167600.0
1993-03-12,-9.9622,-9.9622,-9.9734,-9.9667,4527600.0
1993-03-15,-9.9689,-9.9578,-9.9745,-9.96,4868800.0
1993-03-16,-9.9578,-9.9533,-9.9645,-9.9645,3626800.0
1993-03-17,-9.9645,-9.96,-9.9779,-9.9767,6301200.0
1993-03-18,-9.9779,-9.9722,-9.9823,-9.9823,3810800.0
1993-03-19,-9.9779,-9.9756,-9.9913,-9.989,5516800.0
1993-03-22,-9.9913,-9.9879,-9.998,-9.9935,5911200.0
1993-03-23,-9.9935,-9.9868,-9.999,-9.998,3674400.0
1993-03-24,-9.998,-9.9846,-10.0002,-9.989,5126400.0
1993-03-25,-9.989,-9.9801,-9.9913,-9.9801,6125200.0
1993-03-26,-9.9801,-9.9801,-10.0002,-9.9935,5431200.0
1993-03-29,-10.0024,-10.0002,-10.0158,-10.0136,9362000.0
1993-03-30,-10.0124,-10.0024,-10.0203,-10.0024,9447600.0
1993-03-31,-10.0002,-9.998,-10.0114,-10.0091,7968800.0
1993-04-01,-10.0114,-10.0047,-10.0136,-10.0069,3878000.0
1993-04-02,-10.018,-10.0114,-10.027,-10.0214,9077600.0
1993-04-05,-10.0225,-10.018,-10.027,-10.0225,5332000.0
1993-04-06,-10.0225,-10.0203,-10.0337,-10.0337,6020800.0
1993-04-07,-10.0314,-10.0158,-10.0359,-10.018,5825200.0
1993-04-08,-10.0225,-10.018,-10.0314,-10.0247,5857600.0
1993-04-12,-10.027,-10.0136,-10.027,-10.0225,3324800.0
1993-04-13,-10.018,-10.0114,-10.0381,-10.0359,5893600.0
1993-04-14,-10.0381,-10.0337,-10.0437,-10.0337,6092400.0
1993-04-15,-10.0381,-10.0381,-10.0515,-10.0471,7816800.0
1993-04-16,-10.0381,-10.0337,-10.0459,-10.0392,24533200.0
1993-04-19,-10.0359,-10.027,-10.0381,-10.0359,8148000.0
1993-04-20,-10.0337,-10.0203,-10.0381,-10.0225,8580800.0
1993-04-21,-10.0203,-10.0158,-10.0292,-10.0258,7337600.0
1993-04-22,-10.0292,-10.018,-10.0314,-10.0225,5648800.0
1993-04-23,-10.0247,-10.0203,-10.0337,-10.0292,4808000.0
1993-04-26,-10.0292,-10.0247,-10.0359,-10.0314,3689200.0
1993-04-27,-10.0337,-10.0203,-10.0337,-10.0203,4648800.0
1993-04-28,-10.0247,-10.0047,-10.0247,-10.0102,5846800.0
1993-04-29,-10.0091,-10.0069,-10.0214,-10.0158,2958000.0
1993-04-30,-10.0158,-10.0002,-10.0158,-10.0114,4730000.0
1993-05-03,-10.0114,-10.0047,-10.0136,-10.0057,2332400.0
1993-05-04,-10.0024,-9.9846,-10.0047,-9.9923,6112400.0
1993-05-05,-9.9957,-9.9734,-9.9957,-9.9823,9059200.0
1993-05-06,-9.9823,-9.9801,-9.9913,-9.989,2536800.0
1993-05-07,-9.9913,-9.9801,-9.9913,-9.9801,2927600.0
1993-05-10,-9.9779,-9.97,-9.9779,-9.9779,4929200.0
1993-05-11,-9.9779,-9.9756,-9.9868,-9.9823,5665600.0
1993-05-12,-9.9846,-9.9801,-9.9957,-9.9935,3779200.0
1993-05-13,-9.9913,-9.9712,-9.9913,-9.9734,12940800.0
1993-05-14,-9.9756,-9.9689,-9.9779,-9.9734,4212000.0
1993-05-17,-9.9734,-9.9689,-9.9779,-9.9712,2491200.0
1993-05-18,-9.9734,-9.9667,-9.9779,-9.9734,5860000.0
1993-05-19,-9.9801,-9.9555,-9.9823,-9.9578,6176400.0
1993-05-20,-9.9578,-9.9422,-9.9578,-9.9444,10385200.0
1993-05-21,-9.9444,-9.941,-9.9622,-9.9555,5300000.0
1993-05-24,-9.9622,-9.9444,-9.9622,-9.9544,5373200.0
1993-05-25,-9.9622,-9.9555,-9.9712,-9.9655,6462400.0
1993-05-26,-9.9689,-9.9533,-9.9745,-9.9533,4353600.0
1993-05-27,-9.9533,-9.9466,-9.9578,-9.9555,7049200.0
1993-05-28,-9.96,-9.9555,-9.9667,-9.9633,6575200.0
1993-06-01,-9.9644,-9.9533,-9.9644,-9.96,4837600.0
1993-06-02,-9.9622,-9.9488,-9.9689,-9.96,7160000.0
1993-06-03,-9.96,-9.9577,-9.9689,-9.9655,5603200.0
1993-06-04,-9.9711,-9.9667,-9.9823,-9.9789,7649200.0
1993-06-07,-9.9823,-9.9801,-10.0191,-10.0158,17239200.0
1993-06-08,-10.0336,-10.0225,-10.0403,-10.0269,22194400.0
1993-06-09,-10.0671,-10.0615,-10.076,-10.0738,42090000.0
1993-06-10,-10.0805,-10.0693,-10.0872,-10.0716,19783600.0
1993-06-11,-10.0671,-10.0649,-10.0816,-10.0783,8662400.0
1993-06-14,-10.076,-10.0693,-10.0805,-10.0704,8927600.0
1993-06-15,-10.0649,-10.0649,-10.095,-10.0939,16018000.0
1993-06-16,-10.0917,-10.0827,-10.0984,-10.0917,12615600.0
1993-06-17,-10.0894,-10.0894,-10.1073,-10.1006,14635600.0
1993-06-18,-10.0972,-10.0927,-10.114,-10.1028,11138800.0
1993-06-21,-10.1073,-10.1073,-10.1162,-10.1151,9776800.0
1993-06-22,-10.1039,-10.0939,-10.114,-10.0994,12021200.0
1993-06-23,-10.0961,-10.0961,-10.1118,-10.1073,6462400.0
1993-06-24,-10.1073,-10.0961,-10.1118,-10.0961,7980000.0
1993-06-25,-10.1084,-10.1051,-10.1162,-10.1118,9198000.0
1993-06-28,-10.1073,-10.1073,-10.1229,-10.1106,12645600.0
1993-06-29,-10.1095,-10.1095,-10.1252,-10.1207,10526400.0
1993-06-30,-10.1229,-10.114,-10.1252,-10.1162,7170000.0
1993-07-01,-10.1207,-10.114,-10.1296,-10.1296,7809200.0
1993-07-02,-10.1274,-10.1229,-10.1318,-10.1252,6846400.0
1993-07-06,-10.1274,-10.1207,-10.1341,-10.1318,5558800.0
1993-07-07,-10.1341,-10.1307,-10.1452,-10.143,8124400.0
1993-07-08,-10.143,-10.1341,-10.1452,-10.143,4964800.0
1993-07-09,-10.1385,-10.1363,-10.143,-10.1408,5604400.0
1993-07-12,-10.1408,-10.1285,-10.1452,-10.1296,6215600.0
1993-07-13,-10.1229,-10.1229,-10.1385,-10.1363,5650800.0
1993-07-14,-10.1408,-10.1341,-10.1497,-10.1363,8816800.0
1993-07-15,-10.1363,-10.1318,-10.1542,-10.1497,12091200.0
1993-07-16,-10.2144,-10.2044,-10.2323,-10.2234,75744400.0
1993-07-19,-10.2189,-10.2122,-10.2412,-10.2402,28813200.0
1993-07-20,-10.2345,-10.2211,-10.239,-10.229,19017600.0
1993-07-21,-10.2368,-10.2301,-10.2412,-10.2345,16283600.0
1993-07-22,-10.2368,-10.2278,-10.239,-10.2323,7554400.0
1993-07-23,-10.2278,-10.2234,-10.2368,-10.2345,8365600.0
1993-07-26,-10.2301,-10.2234,-10.2368,-10.229,5468000.0
1993-07-27,-10.2301,-10.2234,-10.2345,-10.2323,7100800.0
1993-07-28,-10.2345,-10.2278,-10.2345,-10.229,3300000.0
1993-07-29,-10.2278,-10.2234,-10.2301,-10.2256,4343200.0
1993-07-30,-10.2234,-10.2167,-10.2278,-10.2211,7669200.0
1993-08-02,-10.2167,-10.2077,-10.2189,-10.2144,7728000.0
1993-08-03,-10.21,-10.2077,-10.2122,-10.21,6315600.0
1993-08-04,-10.2077,-10.1966,-10.21,-10.1988,8700000.0
1993-08-05,-10.1943,-10.1943,-10.21,-10.2055,7498800.0
1993-08-06,-10.2077,-10.1988,-10.2077,-10.2077,4506800.0
1993-08-09,-10.2077,-10.1988,-10.21,-10.2033,5767600.0
1993-08-10,-10.2055,-10.2033,-10.2167,-10.2144,5465600.0
1993-08-11,-10.2144,-10.2144,-10.2278,-10.2234,5965200.0
1993-08-12,-10.2234,-10.2211,-10.2368,-10.2323,12098800.0
1993-08-13,-10.2323,-10.2211,-10.2345,-10.2245,4978800.0
1993-08-16,-10.2233,-10.2189,-10.2256,-10.2233,3669200.0
1993-08-17,-10.2211,-10.2144,-10.2256,-10.2156,3876800.0
1993-08-18,-10.2099,-10.2032,-10.2166,-10.2144,6751200.0
1993-08-19,-10.2122,-10.2122,-10.2233,-10.2233,5452000.0
1993-08-20,-10.2211,-10.2189,-10.2278,-10.2189,3574400.0
1993-08-23,-10.2189,-10.2122,-10.2233,-10.2156,3265600.0
1993-08-24,-10.2166,-10.2122,-10.2211,-10.2189,3625600.0
1993-08-25,-10.2189,-10.2166,-10.23,-10.2256,5209200.0
1993-08-26,-10.2256,-10.2256,-10.2323,-10.229,6296800.0
1993-08-27,-10.2278,-10.2278,-10.2345,-10.2323,6676400.0
1993-08-30,-10.2323,-10.2323,-10.2379,-10.2367,9785600.0
1993-08-31,-10.2323,-10.23,-10.2367,-10.2323,4570800.0
1993-09-01,-10.2323,-10.23,-10.239,-10.2357,8065200.0
1993-09-02,-10.2367,-10.2345,-10.2434,-10.239,10081200.0
1993-09-03,-10.2367,-10.2367,-10.2434,-10.239,5830000.0
1993-09-07,-10.2367,-10.2278,-10.239,-10.2345,5130000.0
1993-09-08,-10.2345,-10.2278,-10.2367,-10.23,8102000.0
1993-09-09,-10.23,-10.2278,-10.2367,-10.2367,5352000.0
1993-09-10,-10.2345,-10.2345,-10.2423,-10.2345,4804800.0
1993-09-13,-10.2345,-10.2323,-10.2479,-10.2434,9143600.0
1993-09-14,-10.2523,-10.2457,-10.2546,-10.2523,9880000.0
1993-09-15,-10.2501,-10.2457,-10.259,-10.2501,9206800.0
1993-09-16,-10.2523,-10.2457,-10.2523,-10.2479,3086800.0
1993-09-17,-10.2513,-10.2412,-10.2523,-10.2434,6157600.0
1993-09-20,-10.2434,-10.2412,-10.2479,-10.2468,3968800.0
1993-09-21,-10.2479,-10.2434,-10.2557,-10.2501,5250000.0
1993-09-22,-10.2523,-10.2412,-10.2523,-10.2412,3960800.0
1993-09-23,-10.2412,-10.2412,-10.2501,-10.2479,4697600.0
1993-09-24,-10.2457,-10.2434,-10.2501,-10.2457,2743200.0
1993-09-27,-10.2457,-10.2434,-10.2523,-10.2479,4043200.0
1993-09-28,-10.2479,-10.2457,-10.2523,-10.2479,3386400.0
1993-09-29,-10.2523,-10.2468,-10.2568,-10.2557,8463600.0
1993-09-30,-10.2546,-10.2546,-10.2635,-10.2602,9828000.0
1993-10-01,-10.2657,-10.2635,-10.268,-10.2657,12022000.0
1993-10-04,-10.2669,-10.2635,-10.2724,-10.2657,6891200.0
1993-10-05,-10.2635,-10.2546,-10.2635,-10.259,6306400.0
1993-10-06,-10.2568,-10.2546,-10.2602,-10.258,6271200.0
1993-10-07,-10.259,-10.2568,-10.2657,-10.2635,4828000.0
1993-10-08,-10.2613,-10.2613,-10.2702,-10.2669,4989200.0
1993-10-11,-10.2657,-10.2546,-10.2657,-10.2568,5775200.0
1993-10-12,-10.2546,-10.2457,-10.2568,-10.2546,10952400.0
1993-10-13,-10.2523,-10.2523,-10.259,-10.2546,6322400.0
1993-10-14,-10.2546,-10.2501,-10.259,-10.2568,5749200.0
1993-10-15,-10.2211,-10.2144,-10.23,-10.2166,34136400.0
1993-10-18,-10.2189,-10.2122,-10.2211,-10.2156,11900000.0
1993-10-19,-10.2166,-10.2144,-10.2256,-10.2211,7643200.0
1993-10-20,-10.2189,-10.2166,-10.2256,-10.2211,4956400.0
1993-10-21,-10.2233,-10.1898,-10.2256,-10.1988,22417600.0
1993-10-22,-10.1965,-10.1876,-10.2032,-10.1988,14160000.0
1993-10-25,-10.1988,-10.1965,-10.2044,-10.201,7840800.0
1993-10-26,-10.2032,-10.201,-10.2099,-10.2032,7960000.0
1993-10-27,-10.201,-10.1809,-10.2032,-10.1854,16415200.0
1993-10-28,-10.1854,-10.1809,-10.1921,-10.1921,8736800.0
1993-10-29,-10.1921,-10.1854,-10.1965,-10.1943,4892400.0
1993-11-01,-10.1943,-10.1876,-10.1988,-10.1876,3798800.0
1993-11-02,-10.1898,-10.1742,-10.1921,-10.1765,8013600.0
1993-11-03,-10.1742,-10.1742,-10.1921,-10.1865,6320000.0
1993-11-04,-10.1876,-10.1809,-10.1943,-10.1809,6632000.0
1993-11-05,-10.1843,-10.1809,-10.1943,-10.1843,13513200.0
1993-11-08,-10.1832,-10.182,-10.1965,-10.1943,5966400.0
1993-11-09,-10.1921,-10.1898,-10.2032,-10.1999,6136400.0
1993-11-10,-10.1988,-10.1943,-10.201,-10.1943,2765600.0
1993-11-11,-10.1943,-10.1832,-10.1965,-10.1888,5090800.0
1993-11-12,-10.1876,-10.1832,-10.1965,-10.1854,5136800.0
1993-11-15,-10.1876,-10.1765,-10.1876,-10.1832,5616800.0
1993-11-16,-10.1832,-10.1631,-10.1854,-10.1653,10838000.0
1993-11-17,-10.1653,-10.1564,-10.1765,-10.1698,10812400.0
1993-11-18,-10.1698,-10.1675,-10.1742,-10.1698,4089200.0
1993-11-19,-10.1742,-10.1697,-10.1786,-10.1742,4409200.0
1993-11-22,-10.1764,-10.1742,-10.1809,-10.1786,5389200.0
1993-11-23,-10.1786,-10.1742,-10.1898,-10.1742,6653600.0
1993-11-24,-10.1764,-10.1697,-10.1775,-10.1742,3246800.0
1993-11-26,-10.1764,-10.1742,-10.1809,-10.1775,1569200.0
1993-11-29,-10.1809,-10.1786,-10.1876,-10.1853,3462000.0
1993-11-30,-10.1853,-10.1775,-10.1876,-10.1876,4036800.0
1993-12-01,-10.1831,-10.1809,-10.1898,-10.1876,3978800.0
1993-12-02,-10.1853,-10.1831,-10.192,-10.1853,3614400.0
1993-12-03,-10.1853,-10.1831,-10.192,-10.1876,4314800.0
1993-12-06,-10.1876,-10.1786,-10.1898,-10.1809,5610000.0
1993-12-07,-10.1831,-10.1809,-10.1876,-10.1809,2280800.0
1993-12-08,-10.1831,-10.1809,-10.1876,-10.1843,1422000.0
1993-12-09,-10.1853,-10.1831,-10.2032,-10.201,6531200.0
1993-12-10,-10.1987,-10.1965,-10.2211,-10.2166,17781200.0
1993-12-13,-10.2166,-10.2054,-10.2211,-10.2054,8729200.0
1993-12-14,-10.2077,-10.2032,-10.2099,-10.2088,10492400.0
1993-12-15,-10.2099,-10.2032,-10.2099,-10.2032,4438000.0
1993-12-16,-10.2054,-10.2032,-10.2099,-10.2066,4532000.0
1993-12-17,-10.2054,-10.2032,-10.2088,-10.2054,5197600.0
1993-12-20,-10.2077,-10.2032,-10.2166,-10.2144,6768800.0
1993-12-21,-10.2144,-10.2121,-10.2255,-10.2233,8973600.0
1993-12-22,-10.2255,-10.2144,-10.2278,-10.2188,6498800.0
1993-12-23,-10.2255,-10.2255,-10.2322,-10.2255,8120000.0
1993-12-27,-10.2211,-10.2121,-10.2255,-10.2144,5730000.0
1993-12-28,-10.2121,-10.2054,-10.2144,-10.2088,5705600.0
1993-12-29,-10.2077,-10.2077,-10.2144,-10.2144,3853200.0
1993-12-30,-10.2144,-10.1987,-10.2144,-10.2032,11253200.0
1993-12-31,-10.2032,-10.1987,-10.2077,-10.2077,5765200.0
1994-01-03,-10.2054,-10.201,-10.2099,-10.2021,6485200.0
1994-01-04,-10.1987,-10.1876,-10.201,-10.1876,10198800.0
1994-01-05,-10.1853,-10.1663,-10.1853,-10.1675,21874400.0
1994-01-06,-10.1675,-10.1653,-10.1786,-10.1764,13095200.0
1994-01-07,-10.1831,-10.172,-10.1898,-10.173,10688800.0
1994-01-10,-10.1742,-10.1663,-10.1764,-10.1686,7222000.0
1994-01-11,-10.1697,-10.1675,-10.1853,-10.1843,12700000.0
1994-01-12,-10.1809,-10.1809,-10.1965,-10.1965,15684400.0
1994-01-13,-10.201,-10.1943,-10.2032,-10.1954,19000000.0
1994-01-14,-10.1943,-10.1853,-10.1965,-10.192,7673200.0
1994-01-17,-10.192,-10.1876,-10.201,-10.1977,5206400.0
1994-01-18,-10.1987,-10.1987,-10.2099,-10.2066,12978000.0
1994-01-19,-10.2077,-10.2032,-10.2121,-10.2077,10066400.0
1994-01-20,-10.2054,-10.1943,-10.2054,-10.2021,9582400.0
1994-01-21,-10.172,-10.1697,-10.1809,-10.1708,35007600.0
1994-01-24,-10.172,-10.1541,-10.172,-10.1563,24742000.0
1994-01-25,-10.1586,-10.1563,-10.172,-10.1663,15818800.0
1994-01-26,-10.1675,-10.1653,-10.172,-10.1697,5922400.0
1994-01-27,-10.1697,-10.163,-10.1742,-10.1641,4724800.0
1994-01-28,-10.163,-10.1586,-10.1675,-10.1653,4891200.0
1994-01-31,-10.1697,-10.1675,-10.1764,-10.1764,8532400.0
1994-02-01,-10.1742,-10.1697,-10.1809,-10.172,5618000.0
1994-02-02,-10.172,-10.172,-10.1786,-10.1742,5247600.0
1994-02-03,-10.1742,-10.1686,-10.1786,-10.1697,4933200.0
1994-02-04,-10.1697,-10.1563,-10.172,-10.1697,12645200.0
1994-02-07,-10.1697,-10.1373,-10.1697,-10.1429,25925200.0
1994-02-08,-10.1474,-10.1429,-10.1541,-10.1496,10210800.0
1994-02-09,-10.1496,-10.1429,-10.1541,-10.1451,6699200.0
1994-02-10,-10.1451,-10.134,-10.1474,-10.1429,10802000.0
1994-02-11,-10.1451,-10.134,-10.1451,-10.1384,5880800.0
1994-02-14,-10.1384,-10.1295,-10.1407,-10.1384,8775200.0
1994-02-15,-10.1407,-10.134,-10.1451,-10.1373,4654400.0
1994-02-16,-10.134,-10.134,-10.1407,-10.1407,4379200.0
1994-02-17,-10.1362,-10.1306,-10.1451,-10.1384,5197600.0
1994-02-18,-10.1429,-10.1384,-10.1451,-10.1451,5326400.0
1994-02-22,-10.1451,-10.134,-10.1496,-10.1362,7676400.0
1994-02-23,-10.1362,-10.1273,-10.1384,-10.1362,9318800.0
1994-02-24,-10.1384,-10.1362,-10.1451,-10.1417,7081200.0
1994-02-25,-10.1384,-10.1362,-10.1518,-10.1474,8468000.0
1994-02-28,-10.1451,-10.1384,-10.1474,-10.1429,4434800.0
1994-03-01,-10.1407,-10.1407,-10.1496,-10.1451,7570800.0
1994-03-02,-10.1541,-10.1451,-10.1585,-10.1507,10519200.0
1994-03-03,-10.1496,-10.1451,-10.1518,-10.1496,6737600.0
1994-03-04,-10.1474,-10.134,-10.1496,-10.1407,8113600.0
1994-03-07,-10.1384,-10.1283,-10.1407,-10.1306,11088800.0
1994-03-08,-10.1295,-10.1295,-10.1407,-10.1384,6647600.0
1994-03-09,-10.1417,-10.134,-10.1474,-10.134,8896800.0
1994-03-10,-10.1362,-10.1328,-10.1407,-10.1362,5142400.0
1994-03-11,-10.1384,-10.1317,-10.1407,-10.1362,5791200.0
1994-03-14,-10.125,-10.125,-10.1317,-10.1283,15783600.0
1994-03-15,-10.1273,-10.1273,-10.1362,-10.1328,7319200.0
1994-03-16,-10.134,-10.1317,-10.1429,-10.1407,5265200.0
1994-03-17,-10.1407,-10.1384,-10.1451,-10.1429,5590800.0
1994-03-18,-10.1407,-10.1407,-10.1496,-10.144,8004400.0
1994-03-21,-10.144,-10.1429,-10.1541,-10.1518,8806400.0
1994-03-22,-10.1541,-10.1518,-10.1608,-10.1563,8690800.0
1994-03-23,-10.1541,-10.1518,-10.163,-10.1551,7749200.0
1994-03-24,-10.1551,-10.1541,-10.1652,-10.1596,6738800.0
1994-03-25,-10.1585,-10.1585,-10.1764,-10.1764,12291200.0
1994-03-28,-10.1741,-10.1652,-10.1764,-10.1719,10098800.0
1994-03-29,-10.1719,-10.1674,-10.1808,-10.1764,7640000.0
1994-03-30,-10.1786,-10.1719,-10.1853,-10.1786,6079200.0
1994-03-31,-10.1786,-10.1697,-10.1875,-10.1719,7481200.0
1994-04-04,-10.1808,-10.1719,-10.1853,-10.1719,6016800.0
1994-04-05,-10.1674,-10.163,-10.1697,-10.1697,3505600.0
1994-04-06,-10.1652,-10.1652,-10.1764,-10.1697,4616400.0
1994-04-07,-10.1697,-10.1674,-10.1764,-10.1708,2764800.0
1994-04-08,-10.1674,-10.1652,-10.1719,-10.1697,6336400.0
1994-04-11,-10.1697,-10.1697,-10.1786,-10.1697,3823600.0
1994-04-12,-10.1708,-10.1708,-10.1853,-10.1831,4890800.0
1994-04-13,-10.1808,-10.1786,-10.1898,-10.1853,8330000.0
1994-04-14,-10.1965,-10.1853,-10.2009,-10.1875,7933200.0
1994-04-15,-10.1898,-10.1875,-10.2009,-10.1987,6730800.0
1994-04-18,-10.1965,-10.1965,-10.2076,-10.2043,8238800.0
1994-04-19,-10.2032,-10.2009,-10.2143,-10.2099,5947600.0
1994-04-20,-10.2076,-10.2009,-10.2188,-10.2166,10080800.0
1994-04-21,-10.2143,-10.1965,-10.2277,-10.2043,14674400.0
1994-04-22,-10.1898,-10.1831,-10.2143,-10.2032,24923600.0
1994-04-25,-10.2032,-10.192,-10.2054,-10.192,12846800.0
1994-04-26,-10.1875,-10.1875,-10.192,-10.1898,5879200.0
1994-04-28,-10.192,-10.1898,-10.2032,-10.1987,3604400.0
1994-04-29,-10.2009,-10.1965,-10.2032,-10.2009,3399200.0
1994-05-02,-10.2009,-10.1898,-10.2009,-10.192,4401200.0
1994-05-03,-10.192,-10.1898,-10.2054,-10.1987,4761200.0
1994-05-04,-10.192,-10.1719,-10.1965,-10.1741,13008800.0
1994-05-05,-10.1719,-10.1674,-10.1808,-10.1752,10307600.0
1994-05-06,-10.1808,-10.1764,-10.1898,-10.1803,6721200.0
1994-05-09,-10.1808,-10.1786,-10.1942,-10.1898,5026400.0
1994-05-10,-10.1853,-10.1831,-10.192,-10.192,5246800.0
1994-05-11,-10.192,-10.1875,-10.2032,-10.1987,5218000.0
1994-05-12,-10.1965,-10.1942,-10.2054,-10.2037,3839200.0
1994-05-13,-10.2032,-10.1965,-10.2076,-10.2009,3323200.0
1994-05-16,-10.2009,-10.1965,-10.2054,-10.2054,4854800.0
1994-05-17,-10.2032,-10.2032,-10.2121,-10.2066,6450800.0
1994-05-18,-10.2032,-10.1942,-10.2076,-10.1954,4436800.0
1994-05-19,-10.1942,-10.1786,-10.1965,-10.1819,9776800.0
1994-05-20,-10.1853,-10.1808,-10.192,-10.1915,3519200.0
1994-05-23,-10.192,-10.1898,-10.2009,-10.1965,4286400.0
1994-05-24,-10.192,-10.1898,-10.1987,-10.1942,4536400.0
1994-05-25,-10.1987,-10.1853,-10.2009,-10.1898,4873200.0
1994-05-26,-10.1875,-10.1875,-10.1987,-10.1965,2613200.0
1994-05-27,-10.1987,-10.1942,-10.2054,-10.2014,3882400.0
1994-05-31,-10.2054,-10.2054,-10.2143,-10.2076,9211200.0
1994-06-01,-10.2143,-10.2132,-10.2199,-10.2165,13786800.0
1994-06-02,-10.2154,-10.2143,-10.2266,-10.2244,13762400.0
1994-06-03,-10.2266,-10.2188,-10.2299,-10.2221,12649200.0
1994-06-06,-10.2232,-10.221,-10.2277,-10.2244,4513200.0
1994-06-07,-10.2254,-10.221,-10.2254,-10.2232,5013600.0
1994-06-08,-10.2232,-10.2221,-10.2366,-10.2355,9809200.0
1994-06-09,-10.24,-10.2277,-10.2411,-10.2277,10485200.0
1994-06-10,-10.2266,-10.2244,-10.2333,-10.2321,5107600.0
1994-06-13,-10.2333,-10.226,-10.2333,-10.2277,3339200.0
1994-06-14,-10.2254,-10.2244,-10.2311,-10.2271,5531200.0
1994-06-15,-10.2277,-10.2188,-10.2288,-10.2204,5704400.0
1994-06-16,-10.221,-10.221,-10.2355,-10.2333,7812400.0
1994-06-17,-10.2366,-10.2299,-10.2378,-10.2321,8027600.0
1994-06-20,-10.2344,-10.2254,-10.2366,-10.2266,7150000.0
1994-06-21,-10.2288,-10.2254,-10.2388,-10.2366,8693200.0
1994-06-22,-10.2344,-10.2299,-10.2366,-10.2344,4081200.0
1994-06-23,-10.2344,-10.2344,-10.2467,-10.2445,7283200.0
1994-06-24,-10.2445,-10.2355,-10.2478,-10.2401,10470000.0
1994-06-27,-10.2433,-10.2344,-10.2489,-10.2344,9153200.0
1994-06-28,-10.2344,-10.2266,-10.24,-10.2299,6235200.0
1994-06-29,-10.2299,-10.2266,-10.2378,-10.2355,4842400.0
1994-06-30,-10.2344,-10.2288,-10.2344,-10.2321,3652000.0
1994-07-01,-10.2333,-10.2321,-10.2422,-10.2388,6404400.0
1994-07-05,-10.24,-10.2299,-10.24,-10.2321,3080800.0
1994-07-06,-10.2344,-10.2321,-10.2366,-10.2355,3499200.0
1994-07-07,-10.2378,-10.2277,-10.2411,-10.2294,6097600.0
1994-07-08,-10.2321,-10.2221,-10.2321,-10.2271,7457600.0
1994-07-11,-10.2266,-10.2244,-10.2311,-10.2277,3801200.0
1994-07-12,-10.2277,-10.2148,-10.2333,-10.2154,8662000.0
1994-07-13,-10.2143,-10.1987,-10.2143,-10.2037,16081200.0
1994-07-14,-10.2043,-10.2031,-10.2165,-10.2132,6459200.0
1994-07-15,-10.2167,-10.2132,-10.2232,-10.2165,3409200.0
1994-07-18,-10.2177,-10.2098,-10.2188,-10.2154,2734800.0
1994-07-19,-10.2132,-10.2121,-10.2244,-10.2215,4176400.0
1994-07-20,-10.2244,-10.2221,-10.2333,-10.2311,7765200.0
1994-07-21,-10.2311,-10.2143,-10.2321,-10.2188,10348800.0
1994-07-22,-10.1864,-10.1833,-10.2009,-10.192,28098800.0
1994-07-25,-10.1909,-10.1842,-10.1942,-10.1858,15103200.0
1994-07-26,-10.1853,-10.183,-10.1909,-10.1887,6756400.0
1994-07-27,-10.1897,-10.1887,-10.1954,-10.1914,4788000.0
1994-07-28,-10.192,-10.1819,-10.1931,-10.1842,8762000.0
1994-07-29,-10.1842,-10.1652,-10.1842,-10.1679,19853600.0
1994-08-01,-10.1685,-10.1674,-10.1763,-10.1707,8204400.0
1994-08-02,-10.1696,-10.1685,-10.1796,-10.178,9642400.0
1994-08-03,-10.1763,-10.1719,-10.1819,-10.1729,8113600.0
1994-08-04,-10.1729,-10.1674,-10.1729,-10.1719,6620000.0
1994-08-05,-10.1752,-10.1707,-10.1752,-10.1719,3123200.0
1994-08-08,-10.1729,-10.1652,-10.1741,-10.1674,5048800.0
1994-08-09,-10.1696,-10.1663,-10.1729,-10.1685,2811200.0
1994-08-10,-10.1685,-10.1573,-10.1719,-10.1596,9065200.0
1994-08-11,-10.1629,-10.1551,-10.1663,-10.1624,10649200.0
1994-08-12,-10.1618,-10.1551,-10.1663,-10.1585,6425200.0
1994-08-15,-10.1584,-10.1562,-10.1629,-10.1595,4293200.0
1994-08-16,-10.1617,-10.1584,-10.1651,-10.1584,5563200.0
1994-08-17,-10.1573,-10.1528,-10.1595,-10.1562,10232400.0
1994-08-18,-10.1584,-10.154,-10.1607,-10.1595,7370000.0
1994-08-19,-10.1584,-10.1562,-10.1629,-10.1573,4674800.0
1994-08-22,-10.1584,-10.1562,-10.1595,-10.1573,5445600.0
1994-08-23,-10.1573,-10.1484,-10.1584,-10.1562,7669200.0
1994-08-24,-10.1584,-10.1562,-10.1617,-10.1573,6132400.0
1994-08-25,-10.1629,-10.1439,-10.1629,-10.1557,10688800.0
1994-08-26,-10.154,-10.1461,-10.154,-10.1495,7300000.0
1994-08-29,-10.1495,-10.1461,-10.154,-10.1528,5450800.0
1994-08-30,-10.154,-10.1439,-10.1551,-10.1451,6515600.0
1994-08-31,-10.1473,-10.135,-10.1495,-10.1456,12568800.0
1994-09-01,-10.1528,-10.1495,-10.1595,-10.1562,7305200.0
1994-09-02,-10.154,-10.1517,-10.1562,-10.1528,3628000.0
1994-09-06,-10.154,-10.1506,-10.1562,-10.1512,3279200.0
1994-09-07,-10.1506,-10.1417,-10.1528,-10.1461,7283200.0
1994-09-08,-10.1473,-10.1451,-10.1506,-10.1461,5691200.0
1994-09-09,-10.1495,-10.1473,-10.1528,-10.1495,5624400.0
1994-09-12,-10.1506,-10.1495,-10.1528,-10.1495,3252400.0
1994-09-13,-10.1495,-10.1451,-10.1506,-10.149,3723600.0
1994-09-14,-10.1506,-10.1495,-10.1562,-10.1551,3549200.0
1994-09-15,-10.1551,-10.1461,-10.1551,-10.1473,9253200.0
1994-09-16,-10.1484,-10.1361,-10.1517,-10.1439,13008000.0
1994-09-19,-10.1439,-10.1406,-10.1517,-10.1517,6242000.0
1994-09-20,-10.1551,-10.1528,-10.1617,-10.1601,7047600.0
1994-09-21,-10.1607,-10.1595,-10.1674,-10.164,8402400.0
1994-09-22,-10.1629,-10.1629,-10.1684,-10.1662,5235600.0
1994-09-23,-10.1662,-10.1607,-10.1662,-10.1657,4760000.0
1994-09-26,-10.1662,-10.1607,-10.1684,-10.1657,5072400.0
1994-09-27,-10.1674,-10.164,-10.1707,-10.1662,3904800.0
1994-09-28,-10.1651,-10.1617,-10.1684,-10.1662,2914800.0
1994-09-29,-10.1674,-10.1617,-10.1707,-10.164,3921200.0
1994-09-30,-10.164,-10.1607,-10.1684,-10.1679,2561200.0
1994-10-03,-10.1684,-10.1674,-10.1785,-10.1729,4644400.0
1994-10-04,-10.1718,-10.1651,-10.1741,-10.1674,5822000.0
1994-10-05,-10.1684,-10.1283,-10.1707,-10.1305,25366800.0
1994-10-06,-10.135,-10.1341,-10.1473,-10.1451,18828800.0
1994-10-07,-10.1461,-10.1378,-10.1517,-10.1384,13022000.0
1994-10-10,-10.1372,-10.1149,-10.1384,-10.1216,18700800.0
1994-10-11,-10.0992,-10.0948,-10.1171,-10.1149,30083600.0
1994-10-12,-10.1149,-10.0881,-10.1193,-10.0926,21340000.0
1994-10-13,-10.0881,-10.0859,-10.1059,-10.1015,18761200.0
1994-10-14,-10.0982,-10.0937,-10.1037,-10.1015,6292000.0
1994-10-17,-10.1037,-10.0982,-10.1216,-10.1138,10866400.0
1994-10-18,-10.1059,-10.097,-10.1071,-10.1004,16749200.0
1994-10-19,-10.1026,-10.0926,-10.1026,-10.1004,12549200.0
1994-10-20,-10.1004,-10.0954,-10.1071,-10.1026,7808000.0
1994-10-21,-10.1049,-10.087,-10.1049,-10.0881,11528000.0
1994-10-24,-10.087,-10.0836,-10.0948,-10.0915,7316800.0
1994-10-25,-10.097,-10.0881,-10.0982,-10.0881,10771200.0
1994-10-26,-10.0881,-10.0824,-10.0881,-10.0826,7043200.0
1994-10-27,-10.0826,-10.0781,-10.0892,-10.087,5700800.0
1994-10-28,-10.0903,-10.0859,-10.0959,-10.0926,9762400.0
1994-10-31,-10.0937,-10.0814,-10.0982,-10.0831,12728000.0
1994-11-01,-10.0859,-10.0805,-10.0903,-10.0836,7805600.0
1994-11-02,-10.0836,-10.0826,-10.0992,-10.0992,7819200.0
1994-11-03,-10.0959,-10.0937,-10.1026,-10.0982,3962400.0
1994-11-04,-10.0982,-10.097,-10.1116,-10.1082,6869200.0
1994-11-07,-10.1082,-10.1004,-10.1104,-10.1049,4058000.0
1994-11-08,-10.1059,-10.0881,-10.1093,-10.0915,12476400.0
1994-11-09,-10.087,-10.0848,-10.1026,-10.097,14530000.0
1994-11-10,-10.0959,-10.0948,-10.1026,-10.0999,5476800.0
1994-11-11,-10.1004,-10.0982,-10.1026,-10.1015,2237600.0
1994-11-14,-10.1004,-10.087,-10.1004,-10.0892,5002000.0
1994-11-15,-10.0892,-10.0848,-10.1004,-10.0992,6001200.0
1994-11-16,-10.1049,-10.0976,-10.1059,-10.1032,6700000.0
1994-11-17,-10.1037,-10.1026,-10.1126,-10.1116,5380000.0
1994-11-18,-10.1115,-10.1071,-10.1148,-10.1115,5257600.0
1994-11-21,-10.1115,-10.1093,-10.1294,-10.1282,7255600.0
1994-11-22,-10.1316,-10.1193,-10.1361,-10.1349,8018800.0
1994-11-23,-10.1383,-10.1305,-10.1439,-10.1394,11723200.0
1994-11-25,-10.1394,-10.1316,-10.1405,-10.1316,3012400.0
1994-11-28,-10.1327,-10.1272,-10.1355,-10.1311,4971200.0
1994-11-29,-10.1294,-10.1249,-10.1316,-10.1272,5163200.0
1994-11-30,-10.126,-10.1171,-10.1383,-10.1361,11157600.0
1994-12-01,-10.1383,-10.1327,-10.1472,-10.1455,11051200.0
1994-12-02,-10.1428,-10.1405,-10.1505,-10.1422,6170000.0
1994-12-05,-10.1428,-10.1349,-10.1461,-10.1366,6460000.0
1994-12-06,-10.1383,-10.126,-10.1394,-10.1333,8516400.0
1994-12-07,-10.1339,-10.1311,-10.1467,-10.1416,4916800.0
1994-12-08,-10.1394,-10.1383,-10.1495,-10.1483,6081200.0
1994-12-09,-10.1483,-10.1439,-10.1584,-10.145,9329200.0
1994-12-12,-10.1439,-10.1405,-10.1517,-10.1428,8004400.0
1994-12-13,-10.1416,-10.1389,-10.145,-10.1439,4266800.0
1994-12-14,-10.1428,-10.1282,-10.1428,-10.1305,11123600.0
1994-12-15,-10.1294,-10.126,-10.1394,-10.1372,8133200.0
1994-12-16,-10.1361,-10.1316,-10.1405,-10.1361,6432400.0
1994-12-19,-10.1361,-10.1171,-10.1361,-10.1193,11890000.0
1994-12-20,-10.1193,-10.1182,-10.126,-10.1249,6263600.0
1994-12-21,-10.1305,-10.1249,-10.1339,-10.126,5635600.0
1994-12-22,-10.1249,-10.1215,-10.1272,-10.1238,4771200.0
1994-12-23,-10.1249,-10.1171,-10.1249,-10.1215,3372000.0
1994-12-27,-10.1182,-10.1138,-10.1215,-10.1193,2928800.0
1994-12-28,-10.1193,-10.1182,-10.1272,-10.1193,3198000.0
1994-12-29,-10.1182,-10.1126,-10.1193,-10.116,4341200.0
1994-12-30,-10.1171,-10.1126,-10.1227,-10.1205,2616400.0
1995-01-03,-10.1215,-10.1215,-10.1305,-10.126,3726400.0
1995-01-04,-10.1238,-10.1148,-10.1238,-10.1171,5682400.0
1995-01-05,-10.1182,-10.1171,-10.1227,-10.1215,2646800.0
1995-01-06,-10.097,-10.0836,-10.1014,-10.0937,38456800.0
1995-01-09,-10.097,-10.0947,-10.1026,-10.1008,9805200.0
1995-01-10,-10.1004,-10.0758,-10.1004,-10.0786,21977600.0
1995-01-11,-10.078,-10.0396,-10.0875,-10.0513,31212400.0
1995-01-12,-10.0568,-10.0546,-10.0691,-10.0635,19721200.0
1995-01-13,-10.0568,-10.0568,-10.0724,-10.068,12565600.0
1995-01-16,-10.068,-10.0647,-10.0736,-10.0714,6765600.0
1995-01-17,-10.0714,-10.0624,-10.0747,-10.0669,11806400.0
1995-01-18,-10.0669,-10.0613,-10.0691,-10.0613,4581200.0
1995-01-19,-10.0624,-10.058,-10.0669,-10.059,11238800.0
1995-01-20,-10.049,-10.049,-10.0892,-10.088,35731200.0
1995-01-23,-10.0947,-10.088,-10.1026,-10.0914,14252400.0
1995-01-24,-10.0914,-10.0903,-10.0992,-10.097,7805600.0
1995-01-25,-10.116,-10.0937,-10.116,-10.1028,18482000.0
1995-01-26,-10.1037,-10.0981,-10.1182,-10.116,8822000.0
1995-01-27,-10.1126,-10.1081,-10.1205,-10.1126,10676400.0
1995-01-30,-10.1104,-10.1071,-10.1126,-10.1104,8255200.0
1995-01-31,-10.1071,-10.1037,-10.1115,-10.1081,7621200.0
1995-02-01,-10.1048,-10.1048,-10.1126,-10.1104,5665200.0
1995-02-02,-10.1104,-10.0947,-10.1104,-10.097,7288000.0
1995-02-03,-10.0937,-10.0925,-10.1081,-10.1071,11400800.0
1995-02-06,-10.1048,-10.1048,-10.116,-10.1071,8702000.0
1995-02-07,-10.1081,-10.1026,-10.1115,-10.1043,7200000.0
1995-02-08,-10.1026,-10.0903,-10.1037,-10.0909,14403600.0
1995-02-09,-10.0925,-10.0769,-10.0925,-10.0791,16988800.0
1995-02-10,-10.0791,-10.0741,-10.0814,-10.078,12542400.0
1995-02-13,-10.0802,-10.0713,-10.0825,-10.078,10120800.0
1995-02-14,-10.078,-10.0746,-10.088,-10.0852,5934400.0
1995-02-15,-10.0825,-10.0802,-10.0892,-10.0886,6604400.0
1995-02-16,-10.0835,-10.0825,-10.088,-10.083,7821200.0
1995-02-17,-10.0858,-10.0847,-10.0892,-10.0892,4366400.0
1995-02-21,-10.088,-10.0869,-10.1036,-10.1026,10776800.0
1995-02-22,-10.1059,-10.1026,-10.1103,-10.1043,10501200.0
1995-02-23,-10.1014,-10.0947,-10.1115,-10.1098,11262000.0
1995-02-24,-10.1103,-10.1081,-10.1249,-10.1204,20334400.0
1995-02-27,-10.1271,-10.1204,-10.1284,-10.1271,9600800.0
1995-02-28,-10.1249,-10.1126,-10.1293,-10.116,7965200.0
1995-03-01,-10.1137,-10.1103,-10.1167,-10.1115,8025200.0
1995-03-02,-10.1103,-10.1048,-10.1137,-10.1115,9619200.0
1995-03-03,-10.1137,-10.1053,-10.116,-10.1093,5209200.0
1995-03-06,-10.1137,-10.1115,-10.116,-10.1137,4751200.0
1995-03-07,-10.1126,-10.1126,-10.1271,-10.1266,5399200.0
1995-03-08,-10.1227,-10.1103,-10.1316,-10.1154,13048800.0
1995-03-09,-10.1126,-10.1081,-10.117,-10.1137,7038000.0
1995-03-10,-10.1148,-10.1081,-10.117,-10.116,4923200.0
1995-03-13,-10.1148,-10.1148,-10.1293,-10.1282,11653200.0
1995-03-14,-10.1271,-10.1271,-10.1606,-10.1561,26015200.0
1995-03-15,-10.1517,-10.145,-10.1572,-10.1561,26120800.0
1995-03-16,-10.1539,-10.1472,-10.1561,-10.1539,11330000.0
1995-03-17,-10.1517,-10.1517,-10.1572,-10.155,7713600.0
1995-03-20,-10.155,-10.1505,-10.1561,-10.1539,6793600.0
1995-03-21,-10.1517,-10.1405,-10.1539,-10.145,10920800.0
1995-03-22,-10.145,-10.116,-10.145,-10.1288,17130800.0
1995-03-23,-10.1304,-10.1293,-10.1385,-10.1371,6094400.0
1995-03-24,-10.1349,-10.1304,-10.136,-10.1316,4584400.0
1995-03-27,-10.1327,-10.1327,-10.1416,-10.1366,5111200.0
1995-03-28,-10.145,-10.1442,-10.1639,-10.1617,24655600.0
1995-03-29,-10.1651,-10.1572,-10.1661,-10.1617,17760000.0
1995-03-30,-10.1594,-10.1517,-10.1606,-10.1527,9767600.0
1995-03-31,-10.155,-10.1505,-10.1584,-10.1539,6558000.0
1995-04-03,-10.1517,-10.1494,-10.155,-10.1517,5528000.0
1995-04-04,-10.1494,-10.1483,-10.1684,-10.1661,15300000.0
1995-04-05,-10.1639,-10.1584,-10.1673,-10.1584,9470000.0
1995-04-06,-10.136,-10.1293,-10.1514,-10.1405,25823600.0
1995-04-07,-10.1383,-10.1371,-10.145,-10.1405,10562400.0
1995-04-10,-10.1393,-10.1383,-10.146,-10.1416,4211200.0
1995-04-11,-10.1405,-10.1304,-10.1416,-10.1316,7673200.0
1995-04-12,-10.1271,-10.1148,-10.1349,-10.1204,16973200.0
1995-04-13,-10.1182,-10.1182,-10.1304,-10.1271,6242400.0
1995-04-17,-10.1282,-10.117,-10.1304,-10.126,7467600.0
1995-04-18,-10.1249,-10.1237,-10.1338,-10.1338,8263200.0
1995-04-19,-10.1338,-10.1338,-10.1505,-10.1438,9990800.0
1995-04-20,-10.1371,-10.1249,-10.1416,-10.1327,11772400.0
1995-04-21,-10.136,-10.116,-10.1371,-10.1193,23812400.0
1995-04-24,-10.1204,-10.1148,-10.1249,-10.1204,9724400.0
1995-04-25,-10.1193,-10.117,-10.136,-10.1316,9780000.0
1995-04-26,-10.1327,-10.1227,-10.1349,-10.1271,8246800.0
1995-04-27,-10.1249,-10.1249,-10.1316,-10.1304,5014800.0
1995-04-28,-10.1293,-10.126,-10.1338,-10.1271,6984400.0
1995-05-01,-10.1271,-10.1227,-10.1293,-10.1271,6375600.0
1995-05-02,-10.1271,-10.126,-10.1338,-10.1282,4289200.0
1995-05-03,-10.1271,-10.1237,-10.1293,-10.1282,6043600.0
1995-05-04,-10.1271,-10.1126,-10.1293,-10.1249,10846800.0
1995-05-05,-10.1227,-10.1193,-10.1282,-10.1215,7445200.0
1995-05-08,-10.1126,-10.1026,-10.1137,-10.107,13832000.0
1995-05-09,-10.1059,-10.0992,-10.1115,-10.1003,11540800.0
1995-05-10,-10.0981,-10.0947,-10.1048,-10.0986,9837600.0
1995-05-11,-10.0969,-10.0969,-10.1081,-10.1026,18712400.0
1995-05-12,-10.1036,-10.0785,-10.107,-10.0791,23153200.0
1995-05-15,-10.0835,-10.078,-10.0892,-10.0791,14053200.0
1995-05-16,-10.0835,-10.0724,-10.0892,-10.078,11895600.0
1995-05-17,-10.078,-10.0724,-10.0802,-10.0758,9419200.0
1995-05-18,-10.0746,-10.0746,-10.0825,-10.0813,13287600.0
1995-05-19,-10.0858,-10.078,-10.088,-10.0869,11522000.0
1995-05-22,-10.0892,-10.0746,-10.0914,-10.0746,13282400.0
1995-05-23,-10.0746,-10.0724,-10.0802,-10.0768,9881200.0
1995-05-24,-10.078,-10.0735,-10.0858,-10.0802,9459200.0
1995-05-25,-10.0825,-10.0758,-10.0847,-10.0813,6536800.0
1995-05-26,-10.0847,-10.0835,-10.0914,-10.0874,4097600.0
1995-05-30,-10.088,-10.0857,-10.0981,-10.0936,7021200.0
1995-05-31,-10.0924,-10.0924,-10.1025,-10.0975,5707600.0
1995-06-01,-10.0947,-10.0891,-10.0958,-10.0919,6685200.0
1995-06-02,-10.0947,-10.0902,-10.0981,-10.0924,3783200.0
1995-06-05,-10.0902,-10.0802,-10.0924,-10.0802,9103200.0
1995-06-06,-10.079,-10.0723,-10.0802,-10.0757,11270800.0
1995-06-07,-10.0746,-10.0746,-10.0835,-10.0835,4451200.0
1995-06-08,-10.0813,-10.0813,-10.0924,-10.0852,4874400.0
1995-06-09,-10.079,-10.078,-10.0835,-10.0802,6679200.0
1995-06-12,-10.0757,-10.0713,-10.0768,-10.0742,7584400.0
1995-06-13,-10.0713,-10.0701,-10.0768,-10.0757,4508000.0
1995-06-14,-10.0768,-10.0768,-10.0813,-10.079,4224800.0
1995-06-15,-10.079,-10.078,-10.0813,-10.079,3331200.0
1995-06-16,-10.0768,-10.0757,-10.0802,-10.0768,3200800.0
1995-06-19,-10.0768,-10.0646,-10.0802,-10.0723,16774400.0
1995-06-20,-10.0579,-10.0423,-10.0579,-10.0456,26385200.0
1995-06-21,-10.0433,-10.021,-10.0512,-10.0277,22378800.0
1995-06-22,-10.0311,-10.0255,-10.0344,-10.0299,16928800.0
1995-06-23,-10.0333,-10.0311,-10.0423,-10.0333,8286800.0
1995-06-26,-10.0378,-10.0356,-10.0433,-10.0389,5465600.0
1995-06-27,-10.0456,-10.0378,-10.0545,-10.0545,7772400.0
1995-06-28,-10.0579,-10.0445,-10.0634,-10.0523,9531200.0
1995-06-29,-10.0545,-10.0389,-10.0579,-10.0467,8320000.0
1995-06-30,-10.0467,-10.0411,-10.0567,-10.054,5927600.0
1995-07-03,-10.0534,-10.0478,-10.0557,-10.0495,1410800.0
1995-07-05,-10.05,-10.0411,-10.0534,-10.0534,6325600.0
1995-07-06,-10.0534,-10.049,-10.0601,-10.049,6583200.0
1995-07-07,-10.05,-10.0289,-10.0512,-10.0344,13840000.0
1995-07-10,-10.0344,-10.0232,-10.0389,-10.0344,10640800.0
1995-07-11,-10.0423,-10.0344,-10.0484,-10.0478,7683200.0
1995-07-12,-10.0467,-10.04,-10.0567,-10.049,10145200.0
1995-07-13,-10.0456,-10.0333,-10.0478,-10.0433,12596400.0
1995-07-14,-10.0456,-10.0311,-10.049,-10.0333,9929200.0
1995-07-17,-10.0322,-10.0244,-10.0344,-10.0311,8098000.0
1995-07-18,-10.0311,-10.0261,-10.0423,-10.0389,9102000.0
1995-07-19,-10.049,-10.04,-10.0668,-10.0623,18613200.0
1995-07-20,-10.0579,-10.0456,-10.0668,-10.0484,11848800.0
1995-07-21,-10.0847,-10.0679,-10.0847,-10.078,27082400.0
1995-07-24,-10.0757,-10.0623,-10.078,-10.0634,7679200.0
1995-07-25,-10.0579,-10.0545,-10.0612,-10.0601,9418000.0
1995-07-26,-10.0557,-10.0557,-10.0634,-10.0634,6125200.0
1995-07-27,-10.0623,-10.0445,-10.0623,-10.0507,11621200.0
1995-07-28,-10.0512,-10.0467,-10.0668,-10.0623,9341200.0
1995-07-31,-10.0623,-10.0612,-10.069,-10.0668,5673600.0
1995-08-01,-10.0679,-10.0679,-10.0802,-10.0802,7540000.0
1995-08-02,-10.0768,-10.0668,-10.078,-10.0723,9840800.0
1995-08-03,-10.0746,-10.0612,-10.0768,-10.0668,7640800.0
1995-08-04,-10.0668,-10.0657,-10.078,-10.0735,6884400.0
1995-08-07,-10.0746,-10.0701,-10.0835,-10.0813,6920000.0
1995-08-08,-10.079,-10.078,-10.0902,-10.0891,8388800.0
1995-08-09,-10.088,-10.078,-10.0891,-10.0835,13190000.0
1995-08-10,-10.0835,-10.0824,-10.088,-10.0869,5868000.0
1995-08-11,-10.0857,-10.0835,-10.0947,-10.0841,7407600.0
1995-08-14,-10.0847,-10.078,-10.0857,-10.0813,5989200.0
1995-08-15,-10.0768,-10.0746,-10.0835,-10.0752,11370800.0
1995-08-16,-10.0757,-10.0712,-10.079,-10.0712,10457600.0
1995-08-17,-10.0701,-10.0623,-10.0745,-10.0701,8827600.0
1995-08-18,-10.0678,-10.0656,-10.0779,-10.0678,8620000.0
1995-08-21,-10.0678,-10.0634,-10.0745,-10.0745,9721200.0
1995-08-22,-10.0723,-10.0656,-10.0745,-10.069,7769200.0
1995-08-23,-10.0678,-10.0589,-10.0701,-10.0623,9078000.0
1995-08-24,-10.0611,-10.0556,-10.0623,-10.0601,10285200.0
1995-08-25,-10.0589,-10.0589,-10.0701,-10.069,4819200.0
1995-08-28,-10.0678,-10.0668,-10.0846,-10.0846,8680000.0
1995-08-29,-10.0846,-10.0824,-10.0891,-10.0835,11325600.0
1995-08-30,-10.0824,-10.0779,-10.0835,-10.0812,5482000.0
1995-08-31,-10.0812,-10.0802,-10.0846,-10.0846,3148000.0
1995-09-01,-10.0846,-10.0802,-10.0857,-10.0852,3532400.0
1995-09-05,-10.0802,-10.0802,-10.0869,-10.0802,6443200.0
1995-09-06,-10.0768,-10.0742,-10.0802,-10.0779,7175600.0
1995-09-07,-10.0757,-10.064,-10.0779,-10.069,9373600.0
1995-09-08,-10.069,-10.0678,-10.0712,-10.069,6243200.0
1995-09-11,-10.0678,-10.0623,-10.0735,-10.0735,6160800.0
1995-09-12,-10.0712,-10.0678,-10.0879,-10.0852,11658800.0
1995-09-13,-10.0857,-10.0812,-10.0936,-10.0902,11530800.0
1995-09-14,-10.0991,-10.0969,-10.1136,-10.1114,19675600.0
1995-09-15,-10.1348,-10.1125,-10.1516,-10.1482,43286800.0
1995-09-18,-10.1437,-10.1399,-10.1482,-10.141,22216400.0
1995-09-19,-10.1404,-10.137,-10.146,-10.1404,17512400.0
1995-09-20,-10.136,-10.1348,-10.1427,-10.1415,11500800.0
1995-09-21,-10.1427,-10.1337,-10.1437,-10.1382,12407600.0
1995-09-22,-10.1393,-10.136,-10.1437,-10.1377,14258000.0
1995-09-25,-10.127,-10.1269,-10.1348,-10.1336,11267600.0
1995-09-26,-10.1315,-10.1303,-10.137,-10.1348,8961200.0
1995-09-27,-10.1337,-10.1337,-10.1583,-10.1449,16135600.0
1995-09-28,-10.1427,-10.1303,-10.1427,-10.1315,11843600.0
1995-09-29,-10.1293,-10.127,-10.1393,-10.136,10123200.0
1995-10-02,-10.1315,-10.1248,-10.1337,-10.1326,14000000.0
1995-10-03,-10.1281,-10.1248,-10.137,-10.1326,10368000.0
1995-10-04,-10.1415,-10.1382,-10.1471,-10.1437,9532000.0
1995-10-05,-10.1449,-10.1415,-10.1482,-10.1427,8737600.0
1995-10-06,-10.1404,-10.1382,-10.1504,-10.1499,11058000.0
1995-10-09,-10.1527,-10.1494,-10.1616,-10.1578,13320800.0
1995-10-10,-10.1616,-10.1561,-10.1683,-10.1588,14303600.0
1995-10-11,-10.1538,-10.1504,-10.1638,-10.1571,11893200.0
1995-10-12,-10.1561,-10.1527,-10.1583,-10.1533,5803200.0
1995-10-13,-10.1494,-10.1393,-10.1516,-10.1471,8422000.0
1995-10-16,-10.1449,-10.1382,-10.1482,-10.146,6515200.0
1995-10-17,-10.1427,-10.1393,-10.1482,-10.1415,6390000.0
1995-10-18,-10.1382,-10.1153,-10.1404,-10.1348,18311200.0
1995-10-19,-10.1482,-10.146,-10.1583,-10.1583,33761200.0
1995-10-20,-10.1538,-10.1538,-10.1594,-10.1549,13818800.0
1995-10-23,-10.1549,-10.1549,-10.1583,-10.1549,7078000.0
1995-10-24,-10.1516,-10.1516,-10.1571,-10.1549,7638800.0
1995-10-25,-10.1538,-10.1527,-10.1583,-10.1583,4761200.0
1995-10-26,-10.1571,-10.1561,-10.1605,-10.1571,4503600.0
1995-10-27,-10.1571,-10.1571,-10.1638,-10.1583,5523200.0
1995-10-30,-10.1571,-10.1538,-10.1594,-10.1538,6291200.0
1995-10-31,-10.1538,-10.1415,-10.1549,-10.1444,10334400.0
1995-11-01,-10.1415,-10.137,-10.1516,-10.1415,6913200.0
1995-11-02,-10.1393,-10.1393,-10.1449,-10.1415,5464400.0
1995-11-03,-10.1404,-10.1393,-10.1482,-10.1427,6413200.0
1995-11-06,-10.1427,-10.1226,-10.1437,-10.1281,11143200.0
1995-11-07,-10.1315,-10.107,-10.1337,-10.1147,26310800.0
1995-11-08,-10.1136,-10.1025,-10.1226,-10.1214,12823600.0
1995-11-09,-10.1136,-10.1114,-10.1214,-10.117,9295200.0
1995-11-10,-10.117,-10.1092,-10.1214,-10.1136,7973200.0
1995-11-13,-10.1092,-10.1003,-10.1114,-10.1036,11343200.0
1995-11-14,-10.1025,-10.0891,-10.1025,-10.098,14560000.0
1995-11-15,-10.0936,-10.0936,-10.1103,-10.1025,8874400.0
1995-11-16,-10.1036,-10.098,-10.1159,-10.112,8102000.0
1995-11-17,-10.1114,-10.108,-10.1136,-10.1103,4607600.0
1995-11-20,-10.1092,-10.1092,-10.1248,-10.1236,5314400.0
1995-11-21,-10.1225,-10.1225,-10.1303,-10.1236,6845200.0
1995-11-22,-10.1236,-10.1181,-10.1248,-10.1236,3533600.0
1995-11-24,-10.1214,-10.108,-10.1225,-10.1097,3930800.0
1995-11-27,-10.1058,-10.1058,-10.1169,-10.1169,4148800.0
1995-11-28,-10.1169,-10.1102,-10.1181,-10.1114,6305200.0
1995-11-29,-10.1102,-10.1102,-10.1203,-10.1181,3782000.0
1995-11-30,-10.1214,-10.1203,-10.1292,-10.1281,6247600.0
1995-12-01,-10.1292,-10.127,-10.137,-10.1325,7300800.0
1995-12-04,-10.1102,-10.1102,-10.1203,-10.1158,17171200.0
1995-12-05,-10.1248,-10.1124,-10.127,-10.1158,13000000.0
1995-12-06,-10.1136,-10.1124,-10.1258,-10.1225,7195200.0
1995-12-07,-10.1225,-10.1225,-10.1303,-10.1242,5084800.0
1995-12-08,-10.1225,-10.1169,-10.1303,-10.1169,5053200.0
1995-12-11,-10.1158,-10.1147,-10.1258,-10.1236,4003200.0
1995-12-12,-10.1236,-10.1236,-10.1292,-10.1292,6353200.0
1995-12-13,-10.127,-10.1203,-10.1404,-10.1258,24472400.0
1995-12-14,-10.1214,-10.1169,-10.1292,-10.127,11928000.0
1995-12-15,-10.1516,-10.1415,-10.1616,-10.1538,25960000.0
1995-12-18,-10.1549,-10.1538,-10.184,-10.1806,23807600.0
1995-12-19,-10.1761,-10.1716,-10.1806,-10.1761,15403600.0
1995-12-20,-10.1694,-10.1683,-10.1783,-10.1772,13074400.0
1995-12-21,-10.1761,-10.1761,-10.1862,-10.1783,11893200.0
1995-12-22,-10.1772,-10.1749,-10.1816,-10.1806,8392400.0
1995-12-26,-10.1783,-10.1783,-10.185,-10.1823,4994800.0
1995-12-27,-10.1816,-10.1705,-10.184,-10.1794,9609200.0
1995-12-28,-10.1816,-10.1761,-10.184,-10.1828,8933200.0
1995-12-29,-10.1828,-10.1794,-10.1862,-10.184,10874400.0
1996-01-02,-10.1806,-10.1806,-10.185,-10.1816,4983200.0
1996-01-03,-10.1828,-10.1749,-10.184,-10.1816,15368800.0
1996-01-04,-10.1794,-10.1794,-10.1884,-10.1867,10721200.0
1996-01-05,-10.1862,-10.1627,-10.1884,-10.1627,15929200.0
1996-01-08,-10.1605,-10.1516,-10.1649,-10.1593,4341200.0
1996-01-09,-10.1593,-10.1593,-10.1761,-10.1761,8978800.0
1996-01-10,-10.1783,-10.1583,-10.1806,-10.1627,13057600.0
1996-01-11,-10.1772,-10.156,-10.1794,-10.156,27041200.0
1996-01-12,-10.1583,-10.1583,-10.1716,-10.166,14370000.0
1996-01-15,-10.1672,-10.1605,-10.1705,-10.1638,12971200.0
1996-01-16,-10.1616,-10.1583,-10.1683,-10.1599,12606400.0
1996-01-17,-10.1616,-10.1616,-10.1672,-10.1649,8445200.0
1996-01-18,-10.1749,-10.1705,-10.1974,-10.1833,24955200.0
1996-01-19,-10.1917,-10.185,-10.2063,-10.2018,29623600.0
1996-01-22,-10.2029,-10.1917,-10.2074,-10.1962,17852400.0
1996-01-23,-10.1672,-10.1649,-10.1917,-10.1862,35305200.0
1996-01-24,-10.1816,-10.1806,-10.185,-10.1806,23438800.0
1996-01-25,-10.185,-10.1828,-10.1996,-10.1984,15911200.0
1996-01-26,-10.1974,-10.1895,-10.213,-10.1951,26297600.0
1996-01-29,-10.2096,-10.2029,-10.2118,-10.2085,11900000.0
1996-01-30,-10.2274,-10.2174,-10.2287,-10.2247,22246800.0
1996-01-31,-10.2208,-10.2185,-10.2241,-10.2219,11736800.0
1996-02-01,-10.223,-10.2152,-10.223,-10.2152,11902400.0
1996-02-02,-10.2108,-10.2041,-10.2118,-10.2074,19865600.0
1996-02-05,-10.2034,-10.2029,-10.2096,-10.2074,11396400.0
1996-02-06,-10.2074,-10.2007,-10.2074,-10.2041,8101200.0
1996-02-07,-10.2029,-10.2029,-10.2208,-10.2163,12885200.0
1996-02-08,-10.223,-10.2174,-10.223,-10.2197,9420800.0
1996-02-09,-10.2197,-10.2141,-10.2219,-10.2208,7360800.0
1996-02-12,-10.2174,-10.2141,-10.2185,-10.2152,6948800.0
1996-02-13,-10.2185,-10.2108,-10.2197,-10.2174,8161200.0
1996-02-14,-10.2163,-10.2163,-10.2235,-10.2219,5843600.0
1996-02-15,-10.2219,-10.2174,-10.2241,-10.2185,4360000.0
1996-02-16,-10.2174,-10.2152,-10.223,-10.223,5602400.0
1996-02-20,-10.2185,-10.2051,-10.2185,-10.2096,13473200.0
1996-02-21,-10.2063,-10.2029,-10.2085,-10.2041,7924400.0
1996-02-22,-10.2007,-10.1996,-10.2041,-10.2018,6588000.0
1996-02-23,-10.2018,-10.1984,-10.2041,-10.2018,6205200.0
1996-02-26,-10.2007,-10.1996,-10.2051,-10.2051,4238000.0
1996-02-27,-10.2018,-10.2018,-10.2141,-10.213,5331200.0
1996-02-28,-10.2108,-10.2108,-10.2219,-10.2208,6728800.0
1996-02-29,-10.223,-10.2208,-10.2252,-10.223,4049200.0
1996-03-01,-10.2219,-10.2219,-10.2308,-10.2286,8263200.0
1996-03-04,-10.2252,-10.2241,-10.2341,-10.2341,6708800.0
1996-03-05,-10.2319,-10.2297,-10.2341,-10.2308,4246800.0
1996-03-06,-10.2297,-10.2286,-10.2353,-10.2347,3547600.0
1996-03-07,-10.2341,-10.2331,-10.242,-10.2381,9292400.0
1996-03-08,-10.2386,-10.2341,-10.2453,-10.2364,5322400.0
1996-03-11,-10.2341,-10.2331,-10.2386,-10.2375,4544800.0
1996-03-12,-10.2364,-10.2331,-10.2398,-10.2381,3453200.0
1996-03-13,-10.2375,-10.2353,-10.2398,-10.2386,3560000.0
1996-03-14,-10.2375,-10.2375,-10.2408,-10.2398,3342400.0
1996-03-15,-10.2364,-10.2364,-10.2408,-10.2375,3632400.0
1996-03-18,-10.2369,-10.2353,-10.2386,-10.2353,3907600.0
1996-03-19,-10.2331,-10.2319,-10.2398,-10.2386,4442400.0
1996-03-20,-10.2386,-10.2386,-10.2442,-10.2431,4154800.0
1996-03-21,-10.2408,-10.2408,-10.2453,-10.2442,3932400.0
1996-03-22,-10.2431,-10.242,-10.2465,-10.242,3842400.0
1996-03-25,-10.2408,-10.2386,-10.2542,-10.2542,5887600.0
1996-03-26,-10.2542,-10.2498,-10.2576,-10.2554,5755600.0
1996-03-27,-10.2609,-10.2431,-10.2632,-10.2431,15338800.0
1996-03-28,-10.2475,-10.2398,-10.2532,-10.2525,10572000.0
1996-03-29,-10.252,-10.2475,-10.2565,-10.2492,5962400.0
1996-04-01,-10.2442,-10.2375,-10.2496,-10.2408,5680000.0
1996-04-02,-10.2398,-10.2398,-10.2465,-10.2453,3635600.0
1996-04-03,-10.2442,-10.2442,-10.2513,-10.2492,2591200.0
1996-04-04,-10.2487,-10.2487,-10.2542,-10.2532,3092000.0
1996-04-08,-10.2554,-10.2498,-10.2565,-10.2509,6046400.0
1996-04-09,-10.2465,-10.2319,-10.2509,-10.2364,8415600.0
1996-04-10,-10.2353,-10.2319,-10.2375,-10.2364,6242400.0
1996-04-11,-10.2353,-10.2341,-10.2408,-10.2386,3526400.0
1996-04-12,-10.2375,-10.2375,-10.242,-10.2408,2924400.0
1996-04-15,-10.2408,-10.2386,-10.2453,-10.2386,5515600.0
1996-04-16,-10.2375,-10.2364,-10.2398,-10.2375,3634400.0
1996-04-17,-10.2375,-10.2364,-10.2442,-10.2431,3056400.0
1996-04-18,-10.242,-10.2418,-10.252,-10.2475,7780800.0
1996-04-19,-10.2487,-10.2442,-10.2487,-10.2448,3655600.0
1996-04-22,-10.2431,-10.2408,-10.2465,-10.2442,3973200.0
1996-04-23,-10.2442,-10.2431,-10.2487,-10.2475,6086400.0
1996-04-24,-10.2487,-10.2475,-10.2525,-10.252,4596800.0
1996-04-25,-10.2509,-10.2465,-10.2532,-10.2465,6245200.0
1996-04-26,-10.2453,-10.2442,-10.2487,-10.2475,6759200.0
1996-04-29,-10.2453,-10.2453,-10.2498,-10.2475,4324800.0
1996-04-30,-10.2465,-10.2465,-10.2532,-10.2509,4881200.0
1996-05-01,-10.2509,-10.2475,-10.2532,-10.2509,4039200.0
1996-05-02,-10.2498,-10.2498,-10.2587,-10.2565,6728000.0
1996-05-03,-10.2532,-10.2532,-10.2587,-10.2554,3892400.0
1996-05-06,-10.2465,-10.2375,-10.2475,-10.2398,10349200.0
1996-05-07,-10.2331,-10.2241,-10.2341,-10.2286,12641200.0
1996-05-08,-10.2252,-10.2252,-10.2398,-10.2297,6688800.0
1996-05-09,-10.2331,-10.2319,-10.2386,-10.2353,3515600.0
1996-05-10,-10.2341,-10.2241,-10.2364,-10.2252,3966400.0
1996-05-13,-10.2264,-10.2219,-10.2308,-10.2269,6701200.0
1996-05-14,-10.2208,-10.2185,-10.223,-10.223,7068000.0
1996-05-15,-10.2197,-10.2108,-10.2208,-10.2141,10442400.0
1996-05-16,-10.2163,-10.213,-10.2197,-10.2152,4648800.0
1996-05-17,-10.2152,-10.2152,-10.223,-10.2219,4405600.0
1996-05-20,-10.2197,-10.2174,-10.2219,-10.2191,3028800.0
1996-05-21,-10.2185,-10.2174,-10.2264,-10.2264,4088000.0
1996-05-22,-10.2241,-10.2241,-10.2386,-10.2358,7215600.0
1996-05-23,-10.2353,-10.2308,-10.2386,-10.2341,4447600.0
1996-05-24,-10.2341,-10.2286,-10.2353,-10.2297,4046800.0
1996-05-28,-10.2297,-10.2252,-10.2331,-10.2331,3658800.0
1996-05-29,-10.2341,-10.2341,-10.2475,-10.2465,7840000.0
1996-05-30,-10.2465,-10.2386,-10.2475,-10.2408,3703600.0
1996-05-31,-10.2398,-10.2308,-10.2408,-10.2353,5813600.0
1996-06-03,-10.2375,-10.2364,-10.2475,-10.2475,4481200.0
1996-06-04,-10.2542,-10.2509,-10.2554,-10.2525,27235600.0
1996-06-05,-10.242,-10.2408,-10.252,-10.2442,18228000.0
1996-06-06,-10.2453,-10.2431,-10.2532,-10.252,12938800.0
1996-06-07,-10.2542,-10.2509,-10.2587,-10.2509,9565200.0
1996-06-10,-10.2509,-10.2498,-10.2542,-10.2532,3820800.0
1996-06-11,-10.252,-10.252,-10.2542,-10.2542,5481200.0
1996-06-12,-10.2498,-10.2498,-10.2542,-10.252,5440000.0
1996-06-13,-10.2509,-10.246,-10.2542,-10.2487,6856800.0
1996-06-14,-10.2475,-10.2475,-10.2554,-10.2548,5186800.0
1996-06-17,-10.2532,-10.2532,-10.2576,-10.2576,4052000.0
1996-06-18,-10.2576,-10.2565,-10.2666,-10.2654,7979200.0
1996-06-19,-10.2621,-10.2599,-10.2666,-10.2621,4803600.0
1996-06-20,-10.2599,-10.2599,-10.2676,-10.2654,5260800.0
1996-06-21,-10.2643,-10.2643,-10.2688,-10.2666,5792000.0
1996-06-24,-10.2666,-10.2666,-10.271,-10.2699,4398000.0
1996-06-25,-10.271,-10.2699,-10.2866,-10.2844,8831200.0
1996-06-26,-10.2844,-10.2833,-10.2933,-10.2911,14440800.0
1996-06-27,-10.2899,-10.281,-10.2922,-10.2844,8202400.0
1996-06-28,-10.2822,-10.281,-10.2844,-10.281,4138000.0
1996-07-01,-10.2799,-10.2766,-10.281,-10.2766,4732400.0
1996-07-02,-10.2777,-10.2766,-10.281,-10.281,3189200.0
1996-07-03,-10.2866,-10.2866,-10.2956,-10.2956,10323200.0
1996-07-05,-10.2956,-10.2922,-10.2966,-10.2944,3808800.0
1996-07-08,-10.2933,-10.2911,-10.2989,-10.2978,6762000.0
1996-07-09,-10.2944,-10.2933,-10.2989,-10.2989,6723600.0
1996-07-10,-10.2978,-10.2944,-10.3011,-10.3011,6055200.0
1996-07-11,-10.3011,-10.3,-10.3134,-10.309,10420000.0
1996-07-12,-10.3045,-10.3045,-10.3145,-10.3073,9610800.0
1996-07-15,-10.3067,-10.3067,-10.3157,-10.315,4779200.0
1996-07-16,-10.3134,-10.3134,-10.3257,-10.3179,10334400.0
1996-07-17,-10.3134,-10.3123,-10.3201,-10.3179,8355600.0
1996-07-18,-10.2766,-10.2743,-10.2867,-10.2822,32058800.0
1996-07-19,-10.2822,-10.281,-10.2833,-10.2833,9510000.0
1996-07-22,-10.2822,-10.2822,-10.2899,-10.2877,5456400.0
1996-07-23,-10.2855,-10.2844,-10.2877,-10.2855,4651200.0
1996-07-24,-10.2899,-10.281,-10.2911,-10.2827,9448800.0
1996-07-25,-10.2799,-10.2777,-10.2833,-10.281,4090800.0
1996-07-26,-10.2766,-10.2721,-10.2799,-10.2721,4426800.0
1996-07-29,-10.2721,-10.2676,-10.2743,-10.2699,7005600.0
1996-07-30,-10.2666,-10.2654,-10.2788,-10.2777,6766800.0
1996-07-31,-10.2788,-10.2721,-10.2788,-10.2721,3332400.0
1996-08-01,-10.2721,-10.2721,-10.2799,-10.2788,3942400.0
1996-08-02,-10.2755,-10.2721,-10.2788,-10.2755,4574800.0
1996-08-05,-10.2755,-10.2733,-10.2822,-10.281,3612000.0
1996-08-06,-10.281,-10.2766,-10.2833,-10.2766,3354800.0
1996-08-07,-10.2743,-10.2666,-10.2755,-10.2688,8892400.0
1996-08-08,-10.2688,-10.2688,-10.2733,-10.271,3640000.0
1996-08-09,-10.2699,-10.2599,-10.271,-10.2621,8243600.0
1996-08-12,-10.2599,-10.2576,-10.2688,-10.2632,5408000.0
1996-08-13,-10.2643,-10.2621,-10.2688,-10.2676,3706400.0
1996-08-14,-10.2666,-10.2632,-10.2666,-10.2654,2570000.0
1996-08-15,-10.2666,-10.2654,-10.2699,-10.2699,3845600.0
1996-08-16,-10.2666,-10.2666,-10.271,-10.2676,5075600.0
1996-08-19,-10.2688,-10.2576,-10.2688,-10.2576,8084400.0
1996-08-20,-10.2554,-10.2554,-10.2599,-10.2587,7564400.0
1996-08-21,-10.2587,-10.2576,-10.2643,-10.2632,4052400.0
1996-08-22,-10.2632,-10.2609,-10.2643,-10.2609,3138000.0
1996-08-23,-10.2632,-10.2542,-10.2632,-10.2554,7281200.0
1996-08-26,-10.2554,-10.2532,-10.2587,-10.2532,3204400.0
1996-08-27,-10.2532,-10.2453,-10.2542,-10.2466,10339200.0
1996-08-28,-10.2465,-10.2453,-10.2498,-10.2465,5844400.0
1996-08-29,-10.2465,-10.2465,-10.2509,-10.2498,3829200.0
1996-08-30,-10.2475,-10.2475,-10.252,-10.252,3784800.0
1996-09-03,-10.2532,-10.2509,-10.2554,-10.2532,2461200.0
1996-09-04,-10.2554,-10.2487,-10.2554,-10.2532,3636400.0
1996-09-05,-10.2587,-10.2565,-10.2643,-10.2643,9999200.0
1996-09-06,-10.2621,-10.2609,-10.2666,-10.2632,8602000.0
1996-09-09,-10.2666,-10.2654,-10.2733,-10.2721,5302400.0
1996-09-10,-10.271,-10.271,-10.2766,-10.2766,5562000.0
1996-09-11,-10.2766,-10.2743,-10.281,-10.2799,5266800.0
1996-09-12,-10.281,-10.2799,-10.2877,-10.2866,9340000.0
1996-09-13,-10.2866,-10.2788,-10.2866,-10.281,5967600.0
1996-09-16,-10.2766,-10.2632,-10.2777,-10.2688,8747600.0
1996-09-17,-10.2643,-10.2621,-10.2676,-10.2632,7487600.0
1996-09-18,-10.2632,-10.2532,-10.2643,-10.2587,12631200.0
1996-09-19,-10.2576,-10.2576,-10.2599,-10.2599,4282000.0
1996-09-20,-10.2599,-10.2587,-10.2654,-10.2643,5330800.0
1996-09-23,-10.2643,-10.2643,-10.2688,-10.2688,1653600.0
1996-09-24,-10.2688,-10.2643,-10.2688,-10.2676,5143600.0
1996-09-25,-10.2676,-10.2666,-10.2721,-10.2688,3902400.0
1996-09-26,-10.2688,-10.2676,-10.2699,-10.2688,3693600.0
1996-09-27,-10.2699,-10.2688,-10.271,-10.2693,2932000.0
1996-09-30,-10.271,-10.2688,-10.271,-10.2704,3058000.0
1996-10-01,-10.2721,-10.2475,-10.2721,-10.2487,19269200.0
1996-10-02,-10.2576,-10.2487,-10.2621,-10.2576,9890000.0
1996-10-03,-10.2576,-10.2565,-10.2688,-10.2688,8140000.0
1996-10-04,-10.2643,-10.2621,-10.271,-10.2649,4770000.0
1996-10-07,-10.2632,-10.2599,-10.2643,-10.2621,3428800.0
1996-10-08,-10.2587,-10.252,-10.2609,-10.2609,6802000.0
1996-10-09,-10.2599,-10.2576,-10.2643,-10.2632,3044800.0
1996-10-10,-10.2554,-10.2498,-10.2565,-10.2525,9883200.0
1996-10-11,-10.2509,-10.2487,-10.2542,-10.252,4327600.0
1996-10-14,-10.2498,-10.242,-10.252,-10.2431,9649200.0
1996-10-15,-10.2386,-10.2375,-10.2453,-10.2431,12970000.0
1996-10-16,-10.2431,-10.2353,-10.2487,-10.2386,11975200.0
1996-10-17,-10.223,-10.2208,-10.2331,-10.2331,36679200.0
1996-10-18,-10.2319,-10.2308,-10.2364,-10.2314,13681200.0
1996-10-21,-10.2319,-10.2308,-10.2408,-10.2398,6712000.0
1996-10-22,-10.2398,-10.2398,-10.252,-10.2465,7651200.0
1996-10-23,-10.2475,-10.2431,-10.2509,-10.2475,5736800.0
1996-10-24,-10.2453,-10.2453,-10.2498,-10.2475,3020800.0
1996-10-25,-10.2465,-10.2453,-10.2498,-10.2498,2775600.0
1996-10-28,-10.2442,-10.2442,-10.2498,-10.2498,4288800.0
1996-10-29,-10.2487,-10.2475,-10.2621,-10.2609,7135200.0
1996-10-30,-10.2587,-10.2542,-10.2643,-10.2643,9192000.0
1996-10-31,-10.2609,-10.2599,-10.2699,-10.2632,6945600.0
1996-11-01,-10.2599,-10.252,-10.2621,-10.252,7563200.0
1996-11-04,-10.2509,-10.2498,-10.2565,-10.2509,3270800.0
1996-11-05,-10.2498,-10.2375,-10.2498,-10.2408,13517600.0
1996-11-06,-10.2398,-10.2386,-10.2465,-10.2408,6462000.0
1996-11-07,-10.242,-10.2364,-10.2431,-10.2375,5548800.0
1996-11-08,-10.2375,-10.2341,-10.2386,-10.2341,6750800.0
1996-11-11,-10.2331,-10.2331,-10.2375,-10.2364,3318800.0
1996-11-12,-10.2353,-10.2341,-10.2442,-10.2431,5120000.0
1996-11-13,-10.242,-10.2375,-10.2453,-10.2403,3000800.0
1996-11-14,-10.2408,-10.2386,-10.242,-10.2398,1740800.0
1996-11-15,-10.2375,-10.2364,-10.2453,-10.2453,4684400.0
1996-11-18,-10.2453,-10.2442,-10.2498,-10.2475,5468800.0
1996-11-19,-10.2465,-10.2442,-10.2487,-10.2465,4446400.0
1996-11-20,-10.2465,-10.242,-10.2465,-10.2453,3683200.0
1996-11-21,-10.2465,-10.2453,-10.2509,-10.2498,2522400.0
1996-11-22,-10.2498,-10.2431,-10.2498,-10.2431,3732400.0
1996-11-25,-10.242,-10.2408,-10.2453,-10.2453,2830800.0
1996-11-26,-10.2465,-10.2453,-10.2542,-10.252,4054800.0
1996-11-27,-10.2532,-10.2487,-10.2532,-10.2498,3191200.0
1996-11-29,-10.2498,-10.2487,-10.2542,-10.2532,1527600.0
1996-12-02,-10.2532,-10.2442,-10.2554,-10.2442,6254400.0
1996-12-03,-10.2431,-10.2408,-10.2453,-10.2442,9840800.0
1996-12-04,-10.2442,-10.242,-10.2465,-10.2453,6823600.0
1996-12-05,-10.2453,-10.2431,-10.2453,-10.2453,5096800.0
1996-12-06,-10.2509,-10.242,-10.2542,-10.2442,8210800.0
1996-12-09,-10.2431,-10.242,-10.247,-10.2453,5680800.0
1996-12-10,-10.2465,-10.2453,-10.252,-10.2498,6593600.0
1996-12-11,-10.2565,-10.252,-10.2565,-10.2542,5853600.0
1996-12-12,-10.2532,-10.252,-10.2554,-10.2554,3122400.0
1996-12-13,-10.2565,-10.2554,-10.2609,-10.2609,3194400.0
1996-12-16,-10.2587,-10.2587,-10.2676,-10.2666,5335600.0
1996-12-17,-10.2688,-10.2676,-10.2699,-10.2676,5625200.0
1996-12-18,-10.2654,-10.2621,-10.2666,-10.2621,7326400.0
1996-12-19,-10.2632,-10.2609,-10.2699,-10.2699,4893600.0
1996-12-20,-10.2676,-10.2576,-10.2777,-10.2587,19535600.0
1996-12-23,-10.2542,-10.252,-10.2609,-10.2609,11883600.0
1996-12-24,-10.2609,-10.2599,-10.2643,-10.2621,2067600.0
1996-12-26,-10.2609,-10.2609,-10.2643,-10.2632,3049200.0
1996-12-27,-10.2643,-10.2565,-10.2643,-10.2621,4900000.0
1996-12-30,-10.2621,-10.2609,-10.2743,-10.2743,9366800.0
1996-12-31,-10.2777,-10.2766,-10.2833,-10.2822,13719200.0
1997-01-02,-10.2799,-10.2788,-10.2833,-10.281,5128800.0
1997-01-03,-10.2799,-10.2699,-10.281,-10.2743,4295600.0
1997-01-06,-10.3112,-10.3048,-10.3145,-10.309,67246400.0
1997-01-07,-10.3067,-10.3056,-10.3123,-10.3123,34896400.0
1997-01-08,-10.3056,-10.3045,-10.3134,-10.3112,39296400.0
1997-01-09,-10.31,-10.309,-10.3123,-10.31,15970000.0
1997-01-10,-10.3112,-10.3056,-10.3112,-10.3056,12651200.0
1997-01-13,-10.3033,-10.3033,-10.3067,-10.3067,10942000.0
1997-01-14,-10.3045,-10.3045,-10.31,-10.309,9143200.0
1997-01-15,-10.3078,-10.3078,-10.3157,-10.3145,15483200.0
1997-01-16,-10.3157,-10.3157,-10.3201,-10.319,23983600.0
1997-01-17,-10.319,-10.3157,-10.3201,-10.319,11619200.0
1997-01-20,-10.3179,-10.3157,-10.319,-10.3173,10423600.0
1997-01-21,-10.3167,-10.3145,-10.3179,-10.3145,10179200.0
1997-01-22,-10.3134,-10.3123,-10.3167,-10.315,7356800.0
1997-01-23,-10.3145,-10.3134,-10.3157,-10.3145,6175200.0
1997-01-24,-10.3145,-10.3145,-10.3179,-10.3179,6726800.0
1997-01-27,-10.3157,-10.3145,-10.3201,-10.3201,7646800.0
1997-01-28,-10.3167,-10.3167,-10.3212,-10.3201,7520000.0
1997-01-29,-10.3201,-10.319,-10.3212,-10.3201,5428000.0
1997-01-30,-10.319,-10.319,-10.3212,-10.319,5018800.0
1997-01-31,-10.3201,-10.3201,-10.3212,-10.3201,7135200.0
1997-02-03,-10.3179,-10.3167,-10.3234,-10.3229,13162000.0
1997-02-04,-10.3234,-10.3224,-10.3334,-10.3312,25458000.0
1997-02-05,-10.3324,-10.329,-10.3324,-10.3324,14093600.0
1997-02-06,-10.3324,-10.3246,-10.3324,-10.3257,14283600.0
1997-02-07,-10.3212,-10.3212,-10.3279,-10.3274,8403600.0
1997-02-10,-10.3246,-10.3246,-10.329,-10.329,6633600.0
1997-02-11,-10.3267,-10.3257,-10.3301,-10.3284,5004400.0
1997-02-12,-10.3279,-10.3267,-10.3301,-10.3279,6303600.0
1997-02-13,-10.3279,-10.3246,-10.3301,-10.3246,7013200.0
1997-02-14,-10.3234,-10.3224,-10.3257,-10.3229,8492000.0
1997-02-18,-10.3201,-10.309,-10.3234,-10.309,13171200.0
1997-02-19,-10.309,-10.309,-10.3157,-10.3112,8627600.0
1997-02-20,-10.3112,-10.3112,-10.3167,-10.3167,4474800.0
1997-02-21,-10.3179,-10.3167,-10.3257,-10.3224,7549200.0
1997-02-24,-10.3234,-10.3179,-10.3234,-10.3201,4222000.0
1997-02-25,-10.3167,-10.3134,-10.3179,-10.3179,4938000.0
1997-02-26,-10.3167,-10.3157,-10.319,-10.3157,3687600.0
1997-02-27,-10.3167,-10.3157,-10.319,-10.3167,3700000.0
1997-02-28,-10.3179,-10.3179,-10.3234,-10.3234,4371200.0
1997-03-03,-10.3212,-10.3212,-10.3257,-10.3246,4670000.0
1997-03-04,-10.3234,-10.3212,-10.3257,-10.3212,3688800.0
1997-03-05,-10.3201,-10.3167,-10.3212,-10.3167,3453600.0
1997-03-06,-10.3167,-10.3167,-10.3212,-10.3201,4172000.0
1997-03-07,-10.319,-10.319,-10.3224,-10.3212,2523200.0
1997-03-10,-10.3201,-10.319,-10.3217,-10.3201,3554800.0
1997-03-11,-10.3201,-10.3201,-10.3257,-10.3224,3539200.0
1997-03-12,-10.3234,-10.319,-10.3246,-10.3234,2544400.0
1997-03-13,-10.3224,-10.3224,-10.3246,-10.3224,3772000.0
1997-03-14,-10.3224,-10.319,-10.3234,-10.3207,8245600.0
1997-03-17,-10.3234,-10.3212,-10.3257,-10.3212,6886400.0
1997-03-18,-10.3224,-10.3212,-10.3246,-10.3234,4548800.0
1997-03-19,-10.3224,-10.3224,-10.3267,-10.3246,7457600.0
1997-03-20,-10.3257,-10.3123,-10.3267,-10.3145,11324400.0
1997-03-21,-10.3123,-10.3123,-10.3224,-10.3201,4892400.0
1997-03-24,-10.3212,-10.3201,-10.3234,-10.3212,2556800.0
1997-03-25,-10.3201,-10.3201,-10.3249,-10.3212,4031200.0
1997-03-26,-10.3224,-10.3179,-10.3234,-10.319,3824400.0
1997-03-27,-10.3123,-10.2966,-10.3145,-10.3023,40695200.0
1997-03-31,-10.3023,-10.2956,-10.3145,-10.3056,34658000.0
1997-04-01,-10.3112,-10.3095,-10.3134,-10.3123,7881200.0
1997-04-02,-10.309,-10.3073,-10.3112,-10.3078,7957600.0
1997-04-03,-10.3033,-10.2978,-10.3056,-10.3,19603200.0
1997-04-04,-10.2978,-10.2933,-10.2989,-10.2966,16980800.0
1997-04-07,-10.2922,-10.2911,-10.2966,-10.2944,9136800.0
1997-04-08,-10.2933,-10.2933,-10.3023,-10.2978,6923600.0
1997-04-09,-10.2966,-10.2966,-10.3,-10.2989,8766400.0
1997-04-10,-10.2989,-10.2978,-10.3033,-10.3,4188000.0
1997-04-11,-10.3,-10.3,-10.3067,-10.3056,2842400.0
1997-04-14,-10.3045,-10.3,-10.3078,-10.3011,4020000.0
1997-04-15,-10.2978,-10.2966,-10.3067,-10.3039,4869200.0
1997-04-16,-10.3023,-10.2989,-10.3045,-10.3028,3101200.0
1997-04-17,-10.3056,-10.2978,-10.3067,-10.2989,7859200.0
1997-04-18,-10.2978,-10.2978,-10.3045,-10.3045,5058000.0
1997-04-21,-10.3023,-10.3023,-10.3078,-10.3078,3197600.0
1997-04-22,-10.3067,-10.3033,-10.309,-10.3033,3392000.0
1997-04-23,-10.3045,-10.3033,-10.3067,-10.3067,1960800.0
1997-04-24,-10.3033,-10.3033,-10.31,-10.309,2696800.0
1997-04-25,-10.3112,-10.309,-10.3134,-10.3123,3121200.0
1997-04-28,-10.31,-10.309,-10.3123,-10.3112,1687600.0
1997-04-29,-10.3078,-10.3078,-10.3123,-10.3106,1853200.0
1997-04-30,-10.3167,-10.3145,-10.319,-10.3167,9202000.0
1997-05-01,-10.3179,-10.3157,-10.319,-10.3167,2596800.0
1997-05-02,-10.3167,-10.3157,-10.319,-10.3167,3643600.0
1997-05-05,-10.3167,-10.3157,-10.319,-10.3167,3538800.0
1997-05-06,-10.3167,-10.3157,-10.319,-10.3179,2974800.0
1997-05-07,-10.3179,-10.3167,-10.3224,-10.3212,4101200.0
1997-05-08,-10.3201,-10.3157,-10.3212,-10.3167,2963200.0
1997-05-09,-10.3167,-10.3123,-10.3167,-10.3162,6732000.0
1997-05-12,-10.3145,-10.3112,-10.3167,-10.3117,5898800.0
1997-05-13,-10.3123,-10.309,-10.3167,-10.3117,7056800.0
1997-05-14,-10.309,-10.3078,-10.3123,-10.3106,4846800.0
1997-05-15,-10.31,-10.3078,-10.3123,-10.31,3544800.0
1997-05-16,-10.3123,-10.3112,-10.3145,-10.3145,3338800.0
1997-05-19,-10.3123,-10.3112,-10.3167,-10.3167,1881200.0
1997-05-20,-10.3167,-10.3128,-10.319,-10.3145,3046400.0
1997-05-21,-10.3157,-10.3157,-10.3212,-10.3179,4369200.0
1997-05-22,-10.319,-10.3179,-10.3212,-10.3201,2753600.0
1997-05-23,-10.3201,-10.3167,-10.3201,-10.3179,2413200.0
1997-05-27,-10.319,-10.3134,-10.319,-10.3145,2938000.0
1997-05-28,-10.3134,-10.3123,-10.3167,-10.3167,3130000.0
1997-05-29,-10.3157,-10.3157,-10.3201,-10.3201,3976800.0
1997-05-30,-10.3212,-10.3167,-10.3224,-10.3201,6340800.0
1997-06-02,-10.3167,-10.3167,-10.319,-10.3173,1488000.0
1997-06-03,-10.319,-10.3173,-10.3201,-10.3195,2335600.0
1997-06-04,-10.3201,-10.319,-10.3212,-10.3201,2889200.0
1997-06-05,-10.3201,-10.3157,-10.3207,-10.3195,2323200.0
1997-06-06,-10.3201,-10.319,-10.3212,-10.319,1893200.0
1997-06-09,-10.3195,-10.3173,-10.3201,-10.3201,2689200.0
1997-06-10,-10.319,-10.319,-10.3251,-10.3234,4969200.0
1997-06-11,-10.3229,-10.3217,-10.3234,-10.3229,3766800.0
1997-06-12,-10.3224,-10.3224,-10.3257,-10.3251,2816400.0
1997-06-13,-10.3251,-10.3246,-10.3279,-10.3274,4737600.0
1997-06-16,-10.3267,-10.3267,-10.3312,-10.3301,4800800.0
1997-06-17,-10.3296,-10.3212,-10.3301,-10.3226,5080800.0
1997-06-18,-10.3246,-10.3234,-10.3279,-10.3262,3936400.0
1997-06-19,-10.3257,-10.3257,-10.3284,-10.3279,4323600.0
1997-06-20,-10.3284,-10.3279,-10.3301,-10.3296,3943600.0
1997-06-23,-10.3301,-10.329,-10.3312,-10.3312,3574800.0
1997-06-24,-10.3307,-10.3296,-10.3324,-10.3318,3974800.0
1997-06-25,-10.3318,-10.3312,-10.3346,-10.3334,7102000.0
1997-06-26,-10.3334,-10.3334,-10.3379,-10.3374,13643600.0
1997-06-27,-10.3374,-10.3363,-10.3379,-10.3374,5642000.0
1997-06-30,-10.3368,-10.3368,-10.3435,-10.3413,6132400.0
1997-07-01,-10.3441,-10.3435,-10.3513,-10.3508,16104400.0
1997-07-02,-10.3502,-10.3491,-10.3524,-10.3519,8931200.0
1997-07-03,-10.3513,-10.3446,-10.3524,-10.3463,6688000.0
1997-07-07,-10.3441,-10.3413,-10.3458,-10.3452,6860000.0
1997-07-08,-10.3446,-10.3435,-10.3463,-10.3458,3427600.0
1997-07-09,-10.3452,-10.3446,-10.3468,-10.3463,5090000.0
1997-07-10,-10.3535,-10.3491,-10.3547,-10.3502,17606400.0
1997-07-11,-10.3491,-10.3301,-10.3497,-10.3329,26252400.0
1997-07-14,-10.3324,-10.329,-10.3357,-10.329,14700800.0
1997-07-15,-10.3279,-10.3257,-10.329,-10.3262,14953200.0
1997-07-16,-10.3274,-10.3212,-10.329,-10.3217,15947600.0
1997-07-17,-10.3167,-10.3067,-10.3217,-10.3123,26659200.0
1997-07-18,-10.309,-10.3083,-10.3162,-10.3137,11353600.0
1997-07-21,-10.3117,-10.3106,-10.3257,-10.3242,12695600.0
1997-07-22,-10.3224,-10.3195,-10.3229,-10.3207,8274400.0
1997-07-23,-10.319,-10.3179,-10.3257,-10.3246,5049200.0
1997-07-24,-10.3246,-10.3246,-10.329,-10.3274,4772000.0
1997-07-25,-10.3267,-10.3207,-10.3279,-10.3234,7798000.0
1997-07-28,-10.3217,-10.3212,-10.3234,-10.3217,3962000.0
1997-07-29,-10.3217,-10.3201,-10.3224,-10.3212,2558000.0
1997-07-30,-10.3173,-10.3106,-10.319,-10.3134,13372400.0
1997-07-31,-10.3134,-10.31,-10.3145,-10.3123,9434400.0
1997-08-01,-10.3112,-10.2972,-10.3117,-10.2972,17217600.0
1997-08-04,-10.2972,-10.2916,-10.2972,-10.2922,21851200.0
1997-08-05,-10.2905,-10.2899,-10.2946,-10.2922,8840800.0
1997-08-06,-10.2431,-10.2208,-10.2453,-10.2336,149671200.0
1997-08-07,-10.2118,-10.2046,-10.2152,-10.2079,134124400.0
1997-08-08,-10.2202,-10.2152,-10.2353,-10.2291,64809200.0
1997-08-11,-10.2336,-10.2324,-10.2587,-10.2492,55411200.0
1997-08-12,-10.2537,-10.252,-10.2733,-10.2716,37444400.0
1997-08-13,-10.2699,-10.2554,-10.286,-10.2576,42923600.0
1997-08-14,-10.2576,-10.252,-10.2659,-10.2632,15536400.0
1997-08-15,-10.2621,-10.2592,-10.2649,-10.2609,9320000.0
1997-08-18,-10.2604,-10.2565,-10.2654,-10.2576,7791200.0
1997-08-19,-10.257,-10.2498,-10.2604,-10.2503,10331200.0
1997-08-20,-10.2503,-10.2442,-10.2525,-10.2487,11595200.0
1997-08-21,-10.2498,-10.2481,-10.2554,-10.2542,9271200.0
1997-08-22,-10.2592,-10.2542,-10.2599,-10.2576,8135200.0
1997-08-25,-10.2576,-10.257,-10.2637,-10.2626,4968800.0
1997-08-26,-10.2666,-10.2632,-10.271,-10.2699,8100800.0
1997-08-27,-10.2688,-10.2654,-10.2733,-10.2659,6813200.0
1997-08-28,-10.271,-10.2676,-10.2721,-10.2721,3426400.0
1997-08-29,-10.2738,-10.2721,-10.2766,-10.2743,3937600.0
1997-09-02,-10.2721,-10.2671,-10.2726,-10.2688,6646800.0
1997-09-03,-10.2688,-10.2609,-10.2693,-10.2676,10163200.0
1997-09-04,-10.2671,-10.2643,-10.2699,-10.2676,4385600.0
1997-09-05,-10.2666,-10.2643,-10.2721,-10.2704,4883600.0
1997-09-08,-10.2699,-10.2699,-10.2771,-10.2766,6264400.0
1997-09-09,-10.2783,-10.2733,-10.2788,-10.2738,5702000.0
1997-09-10,-10.2743,-10.2621,-10.2749,-10.2637,9803600.0
1997-09-11,-10.2643,-10.2632,-10.2716,-10.2688,7504400.0
1997-09-12,-10.2704,-10.2699,-10.2771,-10.2716,4071200.0
1997-09-15,-10.2733,-10.271,-10.2766,-10.2766,3473200.0
1997-09-16,-10.2716,-10.2708,-10.2743,-10.2726,4812400.0
1997-09-17,-10.2721,-10.2721,-10.2749,-10.2738,3109200.0
1997-09-18,-10.2766,-10.2676,-10.2766,-10.2693,6042400.0
1997-09-19,-10.2704,-10.2704,-10.2743,-10.2726,3407600.0
1997-09-22,-10.271,-10.2626,-10.2721,-10.2649,7176400.0
1997-09-23,-10.2699,-10.2699,-10.2749,-10.2743,7163200.0
1997-09-24,-10.2749,-10.2743,-10.2777,-10.2766,7957600.0
1997-09-25,-10.2783,-10.2743,-10.281,-10.2799,7988000.0
1997-09-26,-10.2766,-10.2726,-10.2799,-10.2783,7440000.0
1997-09-29,-10.2749,-10.2699,-10.276,-10.2716,5980000.0
1997-09-30,-10.2721,-10.2693,-10.2749,-10.2749,5032000.0
1997-10-01,-10.2749,-10.2743,-10.2777,-10.2763,4670800.0
1997-10-02,-10.2771,-10.2721,-10.2777,-10.2726,4856400.0
1997-10-03,-10.2721,-10.2699,-10.2749,-10.271,5813200.0
1997-10-06,-10.2704,-10.2699,-10.2749,-10.2726,3338800.0
1997-10-07,-10.2733,-10.2721,-10.2738,-10.2738,3916400.0
1997-10-08,-10.2743,-10.2738,-10.2783,-10.2766,3891200.0
1997-10-09,-10.2788,-10.2676,-10.2793,-10.2743,6696400.0
1997-10-10,-10.2766,-10.2654,-10.2766,-10.2659,9666800.0
1997-10-13,-10.2654,-10.2643,-10.2704,-10.2659,5679200.0
1997-10-14,-10.2659,-10.2654,-10.2704,-10.2659,5923200.0
1997-10-15,-10.271,-10.2475,-10.271,-10.2559,28982000.0
1997-10-16,-10.2799,-10.2716,-10.2822,-10.2766,26422000.0
1997-10-17,-10.2799,-10.2799,-10.2911,-10.2889,15682000.0
1997-10-20,-10.2889,-10.2883,-10.3023,-10.3016,14724400.0
1997-10-21,-10.3,-10.2961,-10.3016,-10.2983,16982000.0
1997-10-22,-10.2983,-10.2966,-10.3033,-10.3028,5421200.0
1997-10-23,-10.3078,-10.3061,-10.31,-10.31,6688000.0
1997-10-24,-10.3067,-10.3045,-10.3212,-10.3207,13880000.0
1997-10-27,-10.319,-10.3067,-10.319,-10.319,11764400.0
1997-10-28,-10.3257,-10.3033,-10.3267,-10.3067,12273200.0
1997-10-29,-10.3039,-10.3033,-10.3145,-10.3123,6355200.0
1997-10-30,-10.3162,-10.3117,-10.3212,-10.3212,6764400.0
1997-10-31,-10.3134,-10.3134,-10.3201,-10.3165,9549200.0
1997-11-03,-10.3117,-10.31,-10.3162,-10.3134,4512000.0
1997-11-04,-10.31,-10.3067,-10.3123,-10.3083,6033200.0
1997-11-05,-10.3056,-10.3023,-10.3073,-10.3045,13840000.0
1997-11-06,-10.3,-10.2944,-10.3,-10.2989,22060800.0
1997-11-07,-10.3,-10.2899,-10.3011,-10.2922,28423200.0
1997-11-10,-10.281,-10.2766,-10.3033,-10.3016,49946800.0
1997-11-11,-10.2989,-10.2989,-10.3067,-10.3045,11893600.0
1997-11-12,-10.3073,-10.3033,-10.3117,-10.3112,7448000.0
1997-11-13,-10.3078,-10.3073,-10.3123,-10.3078,9218000.0
1997-11-14,-10.3056,-10.3033,-10.3078,-10.3039,4835600.0
1997-11-17,-10.3,-10.2994,-10.3049,-10.3033,7323600.0
1997-11-18,-10.3033,-10.3033,-10.3073,-10.3073,5258000.0
1997-11-19,-10.309,-10.305,-10.309,-10.3056,2843600.0
1997-11-20,-10.3061,-10.3023,-10.3067,-10.3033,4587600.0
1997-11-21,-10.3023,-10.3016,-10.3078,-10.3061,3498800.0
1997-11-24,-10.3117,-10.3078,-10.3123,-10.3112,5630800.0
1997-11-25,-10.3106,-10.309,-10.3179,-10.3134,7346400.0
1997-11-26,-10.3134,-10.3106,-10.3145,-10.3123,2178800.0
1997-11-28,-10.3112,-10.309,-10.3128,-10.31,1495600.0
1997-12-01,-10.3106,-10.3083,-10.3145,-10.31,3135600.0
1997-12-02,-10.3134,-10.3123,-10.3267,-10.3267,14178800.0
1997-12-03,-10.3251,-10.3246,-10.3284,-10.3279,12258800.0
1997-12-04,-10.3257,-10.3257,-10.329,-10.329,7135600.0
1997-12-05,-10.3296,-10.3257,-10.3296,-10.3274,7926400.0
1997-12-08,-10.3296,-10.3279,-10.3312,-10.3296,4776800.0
1997-12-09,-10.3301,-10.3284,-10.3346,-10.3324,8680800.0
1997-12-10,-10.3341,-10.3341,-10.3391,-10.3368,6960000.0
1997-12-11,-10.3396,-10.3385,-10.3446,-10.3385,9185600.0
1997-12-12,-10.3368,-10.3357,-10.3435,-10.3424,5742400.0
1997-12-15,-10.3424,-10.3413,-10.3458,-10.3441,5927600.0
1997-12-16,-10.3435,-10.3401,-10.3435,-10.3408,6646400.0
1997-12-17,-10.3408,-10.3385,-10.3441,-10.3441,9494400.0
1997-12-18,-10.3435,-10.3435,-10.3458,-10.3452,7225200.0
1997-12-19,-10.3474,-10.3446,-10.3502,-10.3463,6812000.0
1997-12-22,-10.3446,-10.3435,-10.3508,-10.3497,5704400.0
1997-12-23,-10.3513,-10.3497,-10.353,-10.353,16402000.0
1997-12-24,-10.3524,-10.3502,-10.3524,-10.3513,3502000.0
1997-12-26,-10.3519,-10.3491,-10.3524,-10.3497,3860000.0
1997-12-29,-10.3497,-10.3485,-10.3535,-10.3513,9944400.0
1997-12-30,-10.3524,-10.3485,-10.3547,-10.3508,12250800.0
1997-12-31,-10.3513,-10.3468,-10.353,-10.3513,14531200.0
1998-01-02,-10.3468,-10.3234,-10.348,-10.3234,25650800.0
1998-01-05,-10.3212,-10.3207,-10.3329,-10.3267,23282000.0
1998-01-06,-10.3262,-10.2899,-10.3368,-10.2994,64737600.0
1998-01-07,-10.3006,-10.2989,-10.314,-10.3123,37201200.0
1998-01-08,-10.3128,-10.3023,-10.3173,-10.3061,27645600.0
1998-01-09,-10.3067,-10.2956,-10.3123,-10.3061,31675200.0
1998-01-12,-10.3128,-10.3023,-10.3157,-10.3056,18444400.0
1998-01-13,-10.3023,-10.2933,-10.3033,-10.2944,22758800.0
1998-01-14,-10.2911,-10.2905,-10.2966,-10.2922,21048000.0
1998-01-15,-10.2972,-10.2922,-10.3023,-10.2972,19982000.0
1998-01-16,-10.2949,-10.2949,-10.3016,-10.3006,8820000.0
1998-01-20,-10.2983,-10.2961,-10.3023,-10.2983,8642400.0
1998-01-21,-10.3011,-10.2983,-10.3028,-10.2997,6812000.0
1998-01-22,-10.3016,-10.2922,-10.3023,-10.2966,11785200.0
1998-01-23,-10.2956,-10.2927,-10.2966,-10.2944,8331200.0
1998-01-26,-10.2949,-10.2939,-10.3006,-10.2949,5246800.0
1998-01-27,-10.2972,-10.2927,-10.2989,-10.2978,4013200.0
1998-01-28,-10.2972,-10.2956,-10.3023,-10.2972,5418000.0
1998-01-29,-10.2994,-10.2978,-10.3033,-10.3033,7571200.0
1998-01-30,-10.305,-10.3,-10.3056,-10.305,5802400.0
1998-02-02,-10.3033,-10.3033,-10.3134,-10.3106,22752400.0
1998-02-03,-10.3106,-10.3023,-10.3106,-10.305,14390000.0
1998-02-04,-10.3073,-10.3033,-10.3078,-10.3056,6100000.0
1998-02-05,-10.3056,-10.3033,-10.3078,-10.305,8526400.0
1998-02-06,-10.3045,-10.3016,-10.3056,-10.3033,7241200.0
1998-02-09,-10.3045,-10.2944,-10.3045,-10.2972,17682000.0
1998-02-10,-10.2978,-10.2939,-10.2983,-10.2949,15090000.0
1998-02-11,-10.2944,-10.2944,-10.3,-10.2989,7582000.0
1998-02-12,-10.2978,-10.2949,-10.2983,-10.2956,7297600.0
1998-02-13,-10.2972,-10.2911,-10.2989,-10.2944,7444400.0
1998-02-17,-10.2944,-10.2922,-10.2944,-10.2933,6530800.0
1998-02-18,-10.2939,-10.2833,-10.2939,-10.2849,17677600.0
1998-02-19,-10.2822,-10.2816,-10.2899,-10.286,14292400.0
1998-02-20,-10.2855,-10.2849,-10.2916,-10.2899,11634400.0
1998-02-23,-10.2889,-10.2755,-10.2899,-10.2788,17060800.0
1998-02-24,-10.2783,-10.2777,-10.2833,-10.2783,16322000.0
1998-02-25,-10.2783,-10.2654,-10.2816,-10.2693,25459200.0
1998-02-26,-10.2693,-10.2582,-10.2733,-10.2587,21263200.0
1998-02-27,-10.2604,-10.2554,-10.2671,-10.2576,18578000.0
1998-03-02,-10.2582,-10.2582,-10.2699,-10.2654,14313600.0
1998-03-03,-10.2733,-10.2615,-10.2755,-10.2621,11937600.0
1998-03-04,-10.2643,-10.2475,-10.2643,-10.2503,29212400.0
1998-03-05,-10.2609,-10.252,-10.2621,-10.2537,24129200.0
1998-03-06,-10.2554,-10.2498,-10.2599,-10.2503,23803600.0
1998-03-09,-10.2565,-10.2515,-10.2676,-10.2654,20540800.0
1998-03-10,-10.2632,-10.2498,-10.2637,-10.2537,25472400.0
1998-03-11,-10.2442,-10.2347,-10.2492,-10.2353,43374400.0
1998-03-12,-10.2353,-10.2274,-10.2403,-10.2274,26598000.0
1998-03-13,-10.2252,-10.2252,-10.2341,-10.2264,20231200.0
1998-03-16,-10.2264,-10.2252,-10.2347,-10.2302,14375600.0
1998-03-17,-10.2319,-10.2302,-10.2375,-10.2333,14658800.0
1998-03-18,-10.2364,-10.228,-10.2364,-10.228,9900000.0
1998-03-19,-10.2286,-10.228,-10.2314,-10.2297,5736800.0
1998-03-20,-10.2302,-10.2286,-10.2364,-10.2331,7704400.0
1998-03-23,-10.2369,-10.2341,-10.2487,-10.2353,14818800.0
1998-03-24,-10.2331,-10.2185,-10.2341,-10.2185,24152000.0
1998-03-25,-10.2219,-10.2208,-10.2331,-10.226,13854400.0
1998-03-26,-10.2297,-10.2274,-10.2324,-10.2314,7253600.0
1998-03-27,-10.2308,-10.2247,-10.2331,-10.228,9133200.0
1998-03-30,-10.2297,-10.223,-10.2297,-10.2235,8972400.0
1998-03-31,-10.2235,-10.2202,-10.2252,-10.223,9538800.0
1998-04-01,-10.2235,-10.2202,-10.2269,-10.223,6693600.0
1998-04-02,-10.2247,-10.2235,-10.228,-10.2247,6950800.0
1998-04-03,-10.2264,-10.2252,-10.2291,-10.2269,7259200.0
1998-04-06,-10.2274,-10.2274,-10.2347,-10.2341,12422000.0
1998-04-07,-10.2381,-10.2364,-10.2465,-10.2408,10461200.0
1998-04-08,-10.2431,-10.242,-10.2481,-10.2453,8044400.0
1998-04-09,-10.2448,-10.2375,-10.2453,-10.2398,6083600.0
1998-04-13,-10.2398,-10.2302,-10.2453,-10.2324,10305600.0
1998-04-14,-10.2331,-10.2252,-10.2331,-10.228,11725200.0
1998-04-15,-10.2258,-10.223,-10.2308,-10.2235,19928800.0
1998-04-16,-10.2074,-10.2041,-10.2168,-10.213,65642000.0
1998-04-17,-10.2135,-10.213,-10.2213,-10.2191,21165200.0
1998-04-20,-10.2219,-10.2051,-10.2224,-10.2096,18498800.0
1998-04-21,-10.2091,-10.2085,-10.2141,-10.2096,12446400.0
1998-04-22,-10.2118,-10.2096,-10.223,-10.223,10186400.0
1998-04-23,-10.2235,-10.2096,-10.2258,-10.2213,16983200.0
1998-04-24,-10.2208,-10.2163,-10.223,-10.2191,7708000.0
1998-04-27,-10.2297,-10.2208,-10.2297,-10.2208,14655600.0
1998-04-28,-10.2197,-10.2185,-10.2341,-10.228,8487600.0
1998-04-29,-10.228,-10.2235,-10.2297,-10.2274,6774400.0
1998-04-30,-10.2241,-10.2219,-10.2269,-10.2241,6442000.0
1998-05-01,-10.223,-10.2163,-10.2286,-10.2185,6582000.0
1998-05-04,-10.2108,-10.2051,-10.2108,-10.2091,20419200.0
1998-05-05,-10.2074,-10.2018,-10.2085,-10.2034,14982400.0
1998-05-06,-10.2018,-10.1967,-10.2074,-10.1979,32056400.0
1998-05-07,-10.1957,-10.1951,-10.2018,-10.199,19761200.0
1998-05-08,-10.2001,-10.1962,-10.2012,-10.1967,9690000.0
1998-05-11,-10.1929,-10.1862,-10.194,-10.1923,23768000.0
1998-05-12,-10.1957,-10.194,-10.2012,-10.1996,9212000.0
1998-05-13,-10.2001,-10.1934,-10.2041,-10.1967,11245600.0
1998-05-14,-10.1974,-10.1967,-10.2029,-10.2001,5815600.0
1998-05-15,-10.2001,-10.1974,-10.2074,-10.2046,9743600.0
1998-05-18,-10.2063,-10.2046,-10.2152,-10.2141,8310800.0
1998-05-19,-10.2101,-10.2057,-10.2113,-10.2063,7815200.0
1998-05-20,-10.2041,-10.2018,-10.2118,-10.2046,6810000.0
1998-05-21,-10.2046,-10.2034,-10.213,-10.2108,4700000.0
1998-05-22,-10.2118,-10.2118,-10.2247,-10.2197,9522000.0
1998-05-26,-10.218,-10.2163,-10.2308,-10.2302,11143200.0
1998-05-27,-10.2391,-10.2291,-10.2398,-10.2297,13233200.0
1998-05-28,-10.2297,-10.2197,-10.2297,-10.2235,10672000.0
1998-05-29,-10.223,-10.2224,-10.2324,-10.2308,7751200.0
1998-06-01,-10.2319,-10.2219,-10.2398,-10.2341,11427600.0
1998-06-02,-10.2324,-10.2247,-10.2364,-10.2286,6405600.0
1998-06-03,-10.2264,-10.2252,-10.2347,-10.2336,5196800.0
1998-06-04,-10.2308,-10.2286,-10.2381,-10.2291,5585600.0
1998-06-05,-10.2286,-10.2252,-10.2331,-10.2286,4406800.0
1998-06-08,-10.2274,-10.2213,-10.2291,-10.2252,4523600.0
1998-06-09,-10.2241,-10.2141,-10.2241,-10.2163,9852400.0
1998-06-10,-10.2185,-10.2096,-10.2219,-10.218,8202000.0
1998-06-11,-10.2168,-10.213,-10.2202,-10.2202,6451200.0
1998-06-12,-10.2219,-10.2163,-10.2241,-10.2174,8014400.0
1998-06-15,-10.2252,-10.2163,-10.2252,-10.223,4881200.0
1998-06-16,-10.2213,-10.2174,-10.2247,-10.2185,4649200.0
1998-06-17,-10.2185,-10.2135,-10.2191,-10.2174,6687600.0
1998-06-18,-10.2208,-10.218,-10.2258,-10.2247,4288800.0
1998-06-19,-10.2241,-10.2235,-10.2297,-10.2269,4931200.0
1998-06-22,-10.2274,-10.2224,-10.2297,-10.2241,4809200.0
1998-06-23,-10.2235,-10.2174,-10.2252,-10.2202,8258800.0
1998-06-24,-10.2208,-10.213,-10.2247,-10.2163,9788800.0
1998-06-25,-10.2135,-10.2113,-10.2158,-10.2135,6856400.0
1998-06-26,-10.2141,-10.213,-10.2208,-10.2168,3973200.0
1998-06-29,-10.2163,-10.2113,-10.218,-10.2124,5943600.0
1998-06-30,-10.213,-10.2113,-10.2174,-10.2124,4681200.0
1998-07-01,-10.2108,-10.2007,-10.2141,-10.2012,11228800.0
1998-07-02,-10.2034,-10.2001,-10.2096,-10.2096,10650800.0
1998-07-06,-10.2051,-10.1974,-10.2085,-10.1974,9697600.0
1998-07-07,-10.1974,-10.1929,-10.2007,-10.1962,8637600.0
1998-07-08,-10.194,-10.1744,-10.1945,-10.1778,33334400.0
1998-07-09,-10.1744,-10.1683,-10.1878,-10.1856,20256400.0
1998-07-10,-10.1811,-10.1772,-10.185,-10.1823,10806800.0
1998-07-13,-10.1833,-10.1638,-10.184,-10.1655,25566400.0
1998-07-14,-10.1655,-10.1649,-10.1727,-10.1699,19607600.0
1998-07-15,-10.1677,-10.1588,-10.1694,-10.161,21253600.0
1998-07-16,-10.1303,-10.1281,-10.1493,-10.1337,91497600.0
1998-07-17,-10.1359,-10.1359,-10.1454,-10.1392,22486400.0
1998-07-20,-10.1421,-10.1415,-10.1516,-10.1449,13727600.0
1998-07-21,-10.1459,-10.1382,-10.151,-10.1504,11772400.0
1998-07-22,-10.1566,-10.1504,-10.1627,-10.156,10040800.0
1998-07-23,-10.1577,-10.1504,-10.1583,-10.1566,9040800.0
1998-07-24,-10.1526,-10.1516,-10.1666,-10.1588,9693600.0
1998-07-27,-10.1627,-10.1571,-10.1716,-10.161,7657600.0
1998-07-28,-10.1644,-10.1593,-10.1739,-10.1683,8054400.0
1998-07-29,-10.1672,-10.1482,-10.1677,-10.1549,16006800.0
1998-07-30,-10.1488,-10.1404,-10.1516,-10.1426,12950000.0
1998-07-31,-10.1415,-10.1404,-10.1605,-10.1593,6550800.0
1998-08-03,-10.1627,-10.151,-10.1716,-10.1549,10786800.0
1998-08-04,-10.1516,-10.1471,-10.1649,-10.1633,10506800.0
1998-08-05,-10.1672,-10.1471,-10.1694,-10.1471,16226800.0
1998-08-06,-10.1555,-10.1392,-10.1571,-10.1392,15678800.0
1998-08-07,-10.1365,-10.1348,-10.1471,-10.1426,10645600.0
1998-08-10,-10.1443,-10.1287,-10.1449,-10.1298,17455600.0
1998-08-11,-10.1315,-10.1024,-10.1348,-10.1203,62860000.0
1998-08-12,-10.1136,-10.103,-10.116,-10.1108,24654400.0
1998-08-13,-10.1119,-10.1047,-10.1169,-10.1164,13976800.0
1998-08-14,-10.1052,-10.1047,-10.1158,-10.1069,16110000.0
1998-08-17,-10.1024,-10.0863,-10.1124,-10.0941,33248800.0
1998-08-18,-10.0896,-10.0812,-10.0913,-10.0885,21642000.0
1998-08-19,-10.0801,-10.0779,-10.1024,-10.1024,17377600.0
1998-08-20,-10.1024,-10.1013,-10.1091,-10.1058,14018000.0
1998-08-21,-10.1114,-10.0796,-10.1203,-10.0846,29054400.0
1998-08-24,-10.0807,-10.0801,-10.1102,-10.1008,21810000.0
1998-08-25,-10.0901,-10.0901,-10.1086,-10.1041,17709200.0
1998-08-26,-10.1124,-10.1013,-10.1158,-10.108,14538000.0
1998-08-27,-10.1181,-10.1181,-10.1504,-10.1337,39813600.0
1998-08-28,-10.137,-10.1248,-10.1638,-10.1633,33303200.0
1998-08-31,-10.1583,-10.1571,-10.1917,-10.19,31012400.0
1998-09-01,-10.1884,-10.1526,-10.1951,-10.1638,31060000.0
1998-09-02,-10.1516,-10.1348,-10.1538,-10.151,30122400.0
1998-09-03,-10.156,-10.1549,-10.1649,-10.1593,14653200.0
1998-09-04,-10.1516,-10.1432,-10.1672,-10.1549,13493200.0
1998-09-08,-10.1292,-10.127,-10.1404,-10.127,14400000.0
1998-09-09,-10.1287,-10.1281,-10.1382,-10.1348,12683200.0
1998-09-10,-10.1449,-10.127,-10.1493,-10.1281,18826800.0
1998-09-11,-10.1248,-10.1147,-10.1392,-10.1325,12593600.0
1998-09-14,-10.127,-10.122,-10.137,-10.1365,8837600.0
1998-09-15,-10.1404,-10.1242,-10.1426,-10.1275,15492000.0
1998-09-16,-10.1236,-10.1225,-10.1382,-10.1354,9248800.0
1998-09-17,-10.1466,-10.137,-10.1482,-10.1471,9627600.0
1998-09-18,-10.1466,-10.1404,-10.151,-10.1404,10904400.0
1998-09-21,-10.1499,-10.1387,-10.1533,-10.1387,10570800.0
1998-09-22,-10.137,-10.1325,-10.1437,-10.1382,9218800.0
1998-09-23,-10.1359,-10.1258,-10.1421,-10.1265,10284400.0
1998-09-24,-10.1303,-10.1153,-10.1315,-10.1248,17246800.0
1998-09-25,-10.1275,-10.1186,-10.1325,-10.1225,8172000.0
1998-09-28,-10.1136,-10.1097,-10.1292,-10.1198,14501200.0
1998-09-29,-10.1198,-10.1114,-10.1281,-10.1158,10907600.0
1998-09-30,-10.1225,-10.1181,-10.1292,-10.1281,5976800.0
1998-10-01,-10.1404,-10.1292,-10.1526,-10.1499,13234400.0
1998-10-02,-10.1516,-10.1449,-10.1638,-10.1555,16998800.0
1998-10-05,-10.1649,-10.1599,-10.1873,-10.1811,19726800.0
1998-10-06,-10.1677,-10.1622,-10.1783,-10.1778,14281200.0
1998-10-07,-10.1794,-10.1711,-10.184,-10.1833,16920000.0
1998-10-08,-10.1917,-10.19,-10.2141,-10.1934,24623200.0
1998-10-09,-10.185,-10.1538,-10.194,-10.1549,23880000.0
1998-10-12,-10.1337,-10.1253,-10.1421,-10.1342,22250000.0
1998-10-13,-10.1287,-10.1186,-10.1471,-10.1225,33646400.0
1998-10-14,-10.1136,-10.0997,-10.1399,-10.1348,81445600.0
1998-10-15,-10.1449,-10.1359,-10.1516,-10.1415,30037600.0
1998-10-16,-10.137,-10.1287,-10.1426,-10.1409,21998000.0
1998-10-19,-10.1409,-10.1287,-10.1482,-10.1337,17010000.0
1998-10-20,-10.1298,-10.1275,-10.1471,-10.1466,13649200.0
1998-10-21,-10.1404,-10.1342,-10.1493,-10.137,15390000.0
1998-10-22,-10.1392,-10.1325,-10.1449,-10.1404,11343200.0
1998-10-23,-10.1404,-10.1392,-10.1549,-10.1516,12732400.0
1998-10-26,-10.1466,-10.1315,-10.1516,-10.1342,17013600.0
1998-10-27,-10.1292,-10.1208,-10.1555,-10.1538,19233200.0
1998-10-28,-10.1538,-10.1382,-10.1549,-10.1399,13006400.0
1998-10-29,-10.1432,-10.1342,-10.1488,-10.1432,12321200.0
1998-10-30,-10.1399,-10.1337,-10.1449,-10.137,11358000.0
1998-11-02,-10.1337,-10.1315,-10.1359,-10.1325,9076400.0
1998-11-03,-10.1348,-10.127,-10.1354,-10.1309,13247600.0
1998-11-04,-10.1242,-10.1191,-10.1281,-10.1231,22438000.0
1998-11-05,-10.1258,-10.1169,-10.1287,-10.1275,21684400.0
1998-11-06,-10.1303,-10.127,-10.1359,-10.1287,28496800.0
1998-11-09,-10.132,-10.1281,-10.1516,-10.1415,23622000.0
1998-11-10,-10.1454,-10.1449,-10.156,-10.1549,31576800.0
1998-11-11,-10.1493,-10.1488,-10.1761,-10.1689,33895200.0
1998-11-12,-10.1727,-10.161,-10.1749,-10.1649,21261200.0
1998-11-13,-10.1566,-10.1466,-10.1588,-10.1499,28301200.0
1998-11-16,-10.1476,-10.1404,-10.1521,-10.1471,13740800.0
1998-11-17,-10.1493,-10.1488,-10.1583,-10.1577,7529200.0
1998-11-18,-10.1543,-10.1471,-10.1571,-10.1521,11781200.0
1998-11-19,-10.1516,-10.1365,-10.1521,-10.1493,12385200.0
1998-11-20,-10.1432,-10.1404,-10.1583,-10.1533,14268000.0
1998-11-23,-10.151,-10.1399,-10.1543,-10.1449,20642000.0
1998-11-24,-10.1459,-10.1404,-10.1493,-10.1476,11430800.0
1998-11-25,-10.1482,-10.1466,-10.1566,-10.1549,10855600.0
1998-11-27,-10.1555,-10.1549,-10.1583,-10.1555,5483600.0
1998-11-30,-10.1599,-10.1577,-10.185,-10.1833,20060800.0
1998-12-01,-10.1828,-10.1577,-10.1862,-10.1638,30941200.0
1998-12-02,-10.1638,-10.1392,-10.1694,-10.1471,34382400.0
1998-12-03,-10.1443,-10.1426,-10.1683,-10.1677,22380800.0
1998-12-04,-10.1622,-10.161,-10.1828,-10.1761,25765200.0
1998-12-07,-10.1705,-10.1672,-10.1761,-10.1672,20255600.0
1998-12-08,-10.1655,-10.1655,-10.1828,-10.1823,24295200.0
1998-12-09,-10.1766,-10.1749,-10.1862,-10.1828,21184400.0
1998-12-10,-10.1766,-10.1744,-10.184,-10.1828,13980800.0
1998-12-11,-10.1806,-10.1649,-10.1828,-10.1672,24644400.0
1998-12-14,-10.1749,-10.1711,-10.1806,-10.1783,17925200.0
1998-12-15,-10.1761,-10.1683,-10.1761,-10.1689,9462000.0
1998-12-16,-10.1672,-10.1633,-10.1772,-10.1756,13375200.0
1998-12-17,-10.1744,-10.1672,-10.1761,-10.1699,11812000.0
1998-12-18,-10.1705,-10.1526,-10.1716,-10.1543,28283200.0
1998-12-21,-10.1526,-10.1504,-10.1627,-10.1555,12769200.0
1998-12-22,-10.1437,-10.1281,-10.1471,-10.1292,41111200.0
1998-12-23,-10.1236,-10.1069,-10.1258,-10.1131,44124400.0
1998-12-24,-10.1124,-10.1114,-10.1186,-10.1181,7155200.0
1998-12-28,-10.1203,-10.1013,-10.1203,-10.1035,25917600.0
1998-12-29,-10.1013,-10.098,-10.1091,-10.1041,13853200.0
1998-12-30,-10.1102,-10.1013,-10.1114,-10.1108,8498000.0
1998-12-31,-10.1069,-10.0991,-10.1158,-10.103,9716400.0
1999-01-04,-10.0924,-10.0913,-10.1114,-10.1002,34049200.0
1999-01-05,-10.0941,-10.0762,-10.098,-10.0818,50362000.0
1999-01-06,-10.0745,-10.0745,-10.1024,-10.0958,48165200.0
1999-01-07,-10.0913,-10.0662,-10.0924,-10.0667,51056800.0
1999-01-08,-10.0528,-10.0499,-10.0757,-10.0667,24246400.0
1999-01-11,-10.06,-10.0573,-10.0678,-10.0589,20054400.0
1999-01-12,-10.055,-10.0522,-10.0745,-10.0566,29330000.0
1999-01-13,-10.0857,-10.0461,-10.0913,-10.0533,37434400.0
1999-01-14,-10.0623,-10.0578,-10.1019,-10.0991,61570000.0
1999-01-15,-10.0952,-10.0924,-10.1114,-10.0997,35933600.0
1999-01-19,-10.0941,-10.0908,-10.108,-10.1035,19116400.0
1999-01-20,-10.1019,-10.0935,-10.1069,-10.1064,27806800.0
1999-01-21,-10.1074,-10.1064,-10.1337,-10.122,21449200.0
1999-01-22,-10.132,-10.1158,-10.1376,-10.1225,12365200.0
1999-01-25,-10.1181,-10.1153,-10.122,-10.1169,13763200.0
1999-01-26,-10.1119,-10.1035,-10.1147,-10.1069,20002400.0
1999-01-27,-10.1024,-10.0991,-10.1119,-10.1102,13053200.0
1999-01-28,-10.1035,-10.1002,-10.1086,-10.1035,12015600.0
1999-01-29,-10.1008,-10.0974,-10.1114,-10.1008,8684400.0
1999-02-01,-10.0963,-10.0941,-10.1086,-10.103,9962000.0
1999-02-02,-10.108,-10.1047,-10.1203,-10.1186,10975600.0
1999-02-03,-10.1203,-10.1064,-10.1225,-10.1097,12108000.0
1999-02-04,-10.1097,-10.1091,-10.1315,-10.1303,16565600.0
1999-02-05,-10.127,-10.1258,-10.1516,-10.1443,27778000.0
1999-02-08,-10.1409,-10.1298,-10.1449,-10.1315,16723600.0
1999-02-09,-10.1298,-10.1198,-10.1376,-10.1365,25042000.0
1999-02-10,-10.1392,-10.1231,-10.1471,-10.1265,20135200.0
1999-02-11,-10.1225,-10.1136,-10.1242,-10.1147,20200000.0
1999-02-12,-10.1191,-10.1191,-10.1382,-10.132,15339200.0
1999-02-16,-10.1214,-10.1214,-10.1303,-10.1265,10723600.0
1999-02-17,-10.1281,-10.1231,-10.1387,-10.1382,10581200.0
1999-02-18,-10.1332,-10.1303,-10.151,-10.1471,17876400.0
1999-02-19,-10.1449,-10.132,-10.1454,-10.1365,12938800.0
1999-02-22,-10.1348,-10.1214,-10.1359,-10.1253,10682000.0
1999-02-23,-10.1242,-10.1153,-10.1298,-10.1253,11521200.0
1999-02-24,-10.122,-10.1203,-10.1348,-10.1342,7620000.0
1999-02-25,-10.1354,-10.132,-10.1426,-10.1387,9455600.0
1999-02-26,-10.1426,-10.1382,-10.1605,-10.1577,23847600.0
1999-03-01,-10.1577,-10.1577,-10.1683,-10.1672,17435200.0
1999-03-02,-10.1638,-10.1533,-10.1672,-10.1593,24414400.0
1999-03-03,-10.1583,-10.1549,-10.1694,-10.1633,10497600.0
1999-03-04,-10.1605,-10.1605,-10.1794,-10.1699,13137600.0
1999-03-05,-10.1622,-10.1622,-10.1794,-10.1722,16735600.0
1999-03-08,-10.1716,-10.1588,-10.1722,-10.1616,19682000.0
1999-03-09,-10.1622,-10.1616,-10.1694,-10.1638,11427600.0
1999-03-10,-10.1633,-10.1633,-10.1789,-10.1778,19526800.0
1999-03-11,-10.1806,-10.166,-10.1828,-10.1811,16936800.0
1999-03-12,-10.18,-10.1694,-10.18,-10.1722,9700000.0
1999-03-15,-10.1711,-10.156,-10.1716,-10.1644,12586800.0
1999-03-16,-10.156,-10.151,-10.1566,-10.1516,14302000.0
1999-03-17,-10.1476,-10.1466,-10.1655,-10.1644,13084400.0
1999-03-18,-10.1616,-10.1504,-10.1627,-10.1516,8126800.0
1999-03-19,-10.1476,-10.1471,-10.1749,-10.1694,19161200.0
1999-03-22,-10.1649,-10.1543,-10.1744,-10.1555,21200800.0
1999-03-23,-10.161,-10.161,-10.1761,-10.1739,14842000.0
1999-03-24,-10.1716,-10.1672,-10.1783,-10.1677,14297600.0
1999-03-25,-10.1616,-10.1571,-10.1705,-10.1666,14286800.0
1999-03-26,-10.1672,-10.1666,-10.1739,-10.1716,9080000.0
1999-03-29,-10.1694,-10.1521,-10.1699,-10.1526,20337600.0
1999-03-30,-10.156,-10.1437,-10.156,-10.1482,19806800.0
1999-03-31,-10.1437,-10.137,-10.1482,-10.1476,15086400.0
1999-04-01,-10.1466,-10.1409,-10.1493,-10.1466,9381200.0
1999-04-05,-10.1471,-10.1303,-10.1471,-10.1376,16474400.0
1999-04-06,-10.1399,-10.1265,-10.1399,-10.1292,22455200.0
1999-04-07,-10.1287,-10.127,-10.1437,-10.137,14723200.0
1999-04-08,-10.1392,-10.1376,-10.1471,-10.1392,10600800.0
1999-04-09,-10.1449,-10.1359,-10.1476,-10.1404,9608000.0
1999-04-12,-10.156,-10.1392,-10.1571,-10.1449,14145600.0
1999-04-13,-10.1443,-10.1399,-10.1605,-10.1593,14732400.0
1999-04-14,-10.1538,-10.1376,-10.156,-10.1513,24323600.0
1999-04-15,-10.1526,-10.1454,-10.1622,-10.1493,61960000.0
1999-04-16,-10.1482,-10.1466,-10.1538,-10.1521,17945600.0
1999-04-19,-10.1499,-10.1471,-10.1694,-10.166,32923200.0
1999-04-20,-10.166,-10.1583,-10.1694,-10.1644,18725600.0
1999-04-21,-10.1649,-10.1616,-10.1694,-10.1616,12566800.0
1999-04-22,-10.1555,-10.1415,-10.1555,-10.1437,26454400.0
1999-04-23,-10.1449,-10.1164,-10.1449,-10.1186,37402400.0
1999-04-26,-10.1158,-10.1002,-10.1181,-10.103,33152000.0
1999-04-27,-10.0846,-10.0595,-10.0846,-10.06,75225200.0
1999-04-28,-10.07,-10.0606,-10.079,-10.0751,34122000.0
1999-04-29,-10.0824,-10.0723,-10.0955,-10.0846,28206400.0
1999-04-30,-10.0757,-10.0477,-10.0757,-10.0578,52596400.0
1999-05-03,-10.0573,-10.0221,-10.06,-10.026,52535600.0
1999-05-04,-10.0377,-10.0343,-10.0561,-10.0533,28980000.0
1999-05-05,-10.055,-10.0489,-10.07,-10.0489,20694400.0
1999-05-06,-10.0528,-10.0499,-10.0757,-10.0712,15486400.0
1999-05-07,-10.07,-10.0589,-10.0868,-10.0589,15528800.0
1999-05-10,-10.0511,-10.0494,-10.07,-10.0645,14055600.0
1999-05-11,-10.0678,-10.0561,-10.0796,-10.069,16388800.0
1999-05-12,-10.0678,-10.0533,-10.0745,-10.0533,14129200.0
1999-05-13,-10.0539,-10.0506,-10.0623,-10.0561,10573600.0
1999-05-14,-10.0656,-10.0595,-10.0723,-10.0723,8102000.0
1999-05-17,-10.0779,-10.0695,-10.0846,-10.0723,7531200.0
1999-05-18,-10.0684,-10.0578,-10.0723,-10.0645,14954400.0
1999-05-19,-10.0623,-10.06,-10.0801,-10.065,10660000.0
1999-05-20,-10.0628,-10.06,-10.0891,-10.0891,14940000.0
1999-05-21,-10.0846,-10.0729,-10.0885,-10.0762,16555200.0
1999-05-24,-10.079,-10.0729,-10.0946,-10.0941,9340800.0
1999-05-25,-10.0974,-10.0896,-10.103,-10.098,13095200.0
1999-05-26,-10.0958,-10.0723,-10.1002,-10.0751,15642000.0
1999-05-27,-10.0829,-10.0779,-10.0874,-10.0801,12042400.0
1999-05-28,-10.0818,-10.0729,-10.0834,-10.0751,7196400.0
1999-06-01,-10.0667,-10.064,-10.0723,-10.0684,16479200.0
1999-06-02,-10.0712,-10.0405,-10.0757,-10.0528,18614400.0
1999-06-03,-10.0499,-10.0399,-10.0506,-10.0449,17450800.0
1999-06-04,-10.0433,-10.0383,-10.0466,-10.0388,13171200.0
1999-06-07,-10.0388,-10.031,-10.0444,-10.0316,14949200.0
1999-06-08,-10.0333,-10.0327,-10.0439,-10.0427,11203200.0
1999-06-09,-10.0449,-10.0355,-10.0449,-10.036,12655200.0
1999-06-10,-10.041,-10.0377,-10.0461,-10.0388,11325200.0
1999-06-11,-10.0388,-10.0355,-10.0556,-10.0539,6613600.0
1999-06-14,-10.0533,-10.0522,-10.0656,-10.0628,5615600.0
1999-06-15,-10.065,-10.0511,-10.0656,-10.0573,4666400.0
1999-06-16,-10.0544,-10.0394,-10.0544,-10.0405,8056800.0
1999-06-17,-10.0433,-10.0399,-10.06,-10.0544,8022400.0
1999-06-18,-10.0633,-10.0466,-10.065,-10.0477,7448000.0
1999-06-21,-10.0489,-10.0466,-10.0578,-10.0533,4842000.0
1999-06-22,-10.055,-10.0494,-10.0633,-10.0633,5415600.0
1999-06-23,-10.0662,-10.0659,-10.0796,-10.0784,18994400.0
1999-06-24,-10.079,-10.079,-10.0913,-10.0908,15498000.0
1999-06-25,-10.0891,-10.0874,-10.093,-10.0918,10518800.0
1999-06-28,-10.0896,-10.0851,-10.0901,-10.0885,9938800.0
1999-06-29,-10.0871,-10.0617,-10.0879,-10.0633,13599200.0
1999-06-30,-10.0606,-10.0494,-10.0673,-10.055,12270800.0
1999-07-01,-10.055,-10.0528,-10.0645,-10.064,5334400.0
1999-07-02,-10.062,-10.0499,-10.065,-10.055,4426800.0
1999-07-06,-10.0583,-10.0433,-10.0595,-10.0455,16212000.0
1999-07-07,-10.0455,-10.0154,-10.0489,-10.0232,39264400.0
1999-07-08,-10.012,-9.9769,-10.0142,-9.9819,58058000.0
1999-07-09,-9.9819,-9.9718,-9.9953,-9.9718,21750000.0
1999-07-12,-9.973,-9.9718,-9.9847,-9.9819,10862000.0
1999-07-13,-9.9908,-9.9847,-9.9964,-9.9891,10136800.0
1999-07-14,-9.9819,-9.9629,-9.9819,-9.9691,22320000.0
1999-07-15,-9.9696,-9.9691,-10.0104,-9.9931,60433600.0
1999-07-16,-9.9897,-9.9819,-9.9953,-9.9948,14705600.0
1999-07-19,-9.9869,-9.9702,-10.0015,-9.9824,20050000.0
1999-07-20,-9.9814,-9.973,-9.9975,-9.9964,15804400.0
1999-07-21,-9.9858,-9.9735,-9.9964,-9.9858,25653600.0
1999-07-22,-9.9897,-9.9874,-10.012,-10.0008,14529200.0
1999-07-23,-9.997,-9.9886,-9.9981,-9.9925,8192000.0
1999-07-26,-9.9964,-9.9953,-10.0142,-10.0137,12555200.0
1999-07-27,-9.9986,-9.9869,-9.9998,-9.9891,14150800.0
1999-07-28,-9.9874,-9.9741,-9.9953,-9.983,11762000.0
1999-07-29,-9.9919,-9.9752,-9.9941,-9.9874,9860000.0
1999-07-30,-9.9819,-9.9674,-9.9819,-9.9713,13685600.0
1999-08-02,-9.9718,-9.9507,-9.973,-9.9708,12958000.0
1999-08-03,-9.9618,-9.9557,-9.9897,-9.9752,13176800.0
1999-08-04,-9.9758,-9.9696,-9.9931,-9.9881,13279200.0
1999-08-05,-9.9908,-9.9785,-10.0031,-9.9797,11541200.0
1999-08-06,-9.9858,-9.9747,-9.9908,-9.9852,15575600.0
1999-08-09,-9.9833,-9.9758,-9.9841,-9.9824,8338000.0
1999-08-10,-9.9864,-9.9685,-9.9897,-9.9741,14879200.0
1999-08-11,-9.9685,-9.935,-9.9691,-9.9356,30374400.0
1999-08-12,-9.9412,-9.9205,-9.945,-9.9328,23806400.0
1999-08-13,-9.9272,-9.9149,-9.9339,-9.9323,10668800.0
1999-08-16,-9.9345,-9.9266,-9.9373,-9.9283,9896400.0
1999-08-17,-9.93,-9.9294,-9.9423,-9.93,11474400.0
1999-08-18,-9.9323,-9.9149,-9.9361,-9.9316,16743200.0
1999-08-19,-9.9345,-9.9283,-9.9457,-9.944,19645600.0
1999-08-20,-9.9395,-9.9383,-9.949,-9.94,11730800.0
1999-08-23,-9.9383,-9.9205,-9.939,-9.9261,12709200.0
1999-08-24,-9.9294,-9.9261,-9.9333,-9.9294,17948000.0
1999-08-25,-9.9266,-9.9194,-9.9316,-9.9205,10553600.0
1999-08-26,-9.9227,-9.9049,-9.9227,-9.9138,14449200.0
1999-08-27,-9.9083,-9.8882,-9.9088,-9.8904,15980000.0
1999-08-30,-9.8882,-9.8882,-9.9149,-9.9144,12033200.0
1999-08-31,-9.9097,-9.8804,-9.9144,-9.8859,22675200.0
1999-09-01,-9.8703,-9.8541,-9.8792,-9.8558,28168000.0
1999-09-02,-9.8648,-9.8307,-9.8715,-9.8385,31975200.0
1999-09-03,-9.8262,-9.7966,-9.8391,-9.8123,58403600.0
1999-09-07,-9.81,-9.7726,-9.8123,-9.7866,35177600.0
1999-09-08,-9.7883,-9.7749,-9.8033,-9.8033,27233600.0
1999-09-09,-9.7944,-9.7905,-9.809,-9.7939,19093600.0
1999-09-10,-9.7899,-9.7749,-9.8016,-9.7771,16398000.0
1999-09-13,-9.7805,-9.7805,-9.8006,-9.7989,9000000.0
1999-09-14,-9.8014,-9.7676,-9.8016,-9.7738,13883200.0
1999-09-15,-9.7643,-9.7621,-9.7966,-9.7956,12843200.0
1999-09-16,-9.7894,-9.7716,-9.809,-9.7827,15793600.0
1999-09-17,-9.7783,-9.7743,-9.7877,-9.7816,9915600.0
1999-09-20,-9.781,-9.7532,-9.7822,-9.7626,16326400.0
1999-09-21,-9.815,-9.8145,-9.8524,-9.8502,119931200.0
1999-09-22,-9.8458,-9.8291,-9.8523,-9.8408,40132000.0
1999-09-23,-9.8335,-9.8324,-9.906,-9.9033,40853200.0
1999-09-24,-9.9026,-9.8701,-9.906,-9.8887,42148800.0
1999-09-27,-9.8759,-9.8725,-9.9222,-9.9211,33877600.0
1999-09-28,-9.9194,-9.9149,-9.9557,-9.9361,50542400.0
1999-09-29,-9.9306,-9.9216,-9.9507,-9.9412,23493600.0
1999-09-30,-9.9367,-9.8954,-9.9395,-9.9033,32449200.0
1999-10-01,-9.9138,-9.911,-9.9373,-9.9174,21977600.0
1999-10-04,-9.9116,-9.8893,-9.9116,-9.8921,16408800.0
1999-10-05,-9.8826,-9.8603,-9.8904,-9.8619,29100800.0
1999-10-06,-9.8491,-9.8469,-9.8703,-9.8686,28726400.0
1999-10-07,-9.8574,-9.8558,-9.8893,-9.8759,21660800.0
1999-10-08,-9.8775,-9.8765,-9.9016,-9.8832,13689200.0
1999-10-11,-9.8792,-9.8591,-9.8792,-9.8731,9418000.0
1999-10-12,-9.8625,-9.8469,-9.8703,-9.8641,20142000.0
1999-10-13,-9.8737,-9.848,-9.8993,-9.8968,22752000.0
1999-10-14,-9.8502,-9.814,-9.8524,-9.815,67822400.0
1999-10-15,-9.8335,-9.7916,-9.8418,-9.8028,41910000.0
1999-10-18,-9.809,-9.8056,-9.8335,-9.8145,27733600.0
1999-10-19,-9.8291,-9.7989,-9.8574,-9.8569,36521200.0
1999-10-20,-9.8435,-9.7966,-9.8435,-9.7978,38633600.0
1999-10-21,-9.8207,-9.7805,-9.8224,-9.7889,28347600.0
1999-10-22,-9.7799,-9.7788,-9.8134,-9.8083,14995200.0
1999-10-25,-9.8056,-9.7889,-9.81,-9.8033,11677600.0
1999-10-26,-9.7994,-9.7944,-9.814,-9.7983,12924400.0
1999-10-27,-9.8045,-9.7844,-9.8128,-9.7866,15837600.0
1999-10-28,-9.7805,-9.7632,-9.7894,-9.7733,18005200.0
1999-10-29,-9.7649,-9.7448,-9.7649,-9.7532,18680800.0
1999-11-01,-9.7542,-9.7481,-9.7777,-9.7755,9965600.0
1999-11-02,-9.7721,-9.7391,-9.7783,-9.752,14268800.0
1999-11-03,-9.7398,-9.7252,-9.7453,-9.7408,11736800.0
1999-11-04,-9.7358,-9.7063,-9.7487,-9.7219,13549200.0
1999-11-05,-9.713,-9.6795,-9.7185,-9.68,14889200.0
1999-11-08,-9.685,-9.5959,-9.694,-9.6081,33962400.0
1999-11-09,-9.6259,-9.6248,-9.6828,-9.6683,28910000.0
1999-11-10,-9.6806,-9.6359,-9.6817,-9.6521,20661200.0
1999-11-11,-9.6508,-9.6416,-9.6661,-9.6449,9660000.0
1999-11-12,-9.6476,-9.6471,-9.6884,-9.6594,9970000.0
1999-11-15,-9.6683,-9.6393,-9.6783,-9.6699,9283600.0
1999-11-16,-9.6649,-9.6493,-9.6783,-9.6543,8370000.0
1999-11-17,-9.6588,-9.6225,-9.6649,-9.6627,13032000.0
1999-11-18,-9.6555,-9.6549,-9.6789,-9.6683,13043600.0
1999-11-19,-9.6694,-9.6393,-9.6823,-9.6432,11162000.0
1999-11-22,-9.6493,-9.6493,-9.6716,-9.6594,7242400.0
1999-11-23,-9.6493,-9.6181,-9.6783,-9.6399,19406400.0
1999-11-24,-9.6382,-9.6203,-9.6499,-9.6231,7683600.0
1999-11-26,-9.6225,-9.6158,-9.6282,-9.6198,4737600.0
1999-11-29,-9.627,-9.5779,-9.6359,-9.6242,16586800.0
1999-11-30,-9.5924,-9.5422,-9.5991,-9.5947,30132400.0
1999-12-01,-9.5667,-9.5355,-9.5751,-9.5483,22098000.0
1999-12-02,-9.5478,-9.4808,-9.56,-9.4847,20275600.0
1999-12-03,-9.4668,-9.4367,-9.4697,-9.4417,23151200.0
1999-12-06,-9.4457,-9.4211,-9.4735,-9.4328,16688000.0
1999-12-07,-9.4278,-9.4149,-9.4507,-9.4166,15901200.0
1999-12-08,-9.4306,-9.4161,-9.4908,-9.4858,14730800.0
1999-12-09,-9.4774,-9.4774,-9.5679,-9.5288,30555600.0
1999-12-10,-9.5283,-9.4931,-9.5846,-9.5489,22786800.0
1999-12-13,-9.5543,-9.5533,-9.5851,-9.5846,18931200.0
1999-12-14,-9.5902,-9.5779,-9.6225,-9.6215,15570800.0
1999-12-15,-9.6359,-9.6002,-9.6555,-9.6024,22254400.0
1999-12-16,-9.5935,-9.5902,-9.6292,-9.5908,16568000.0
1999-12-17,-9.5679,-9.5578,-9.5891,-9.5757,17700800.0
1999-12-20,-9.5796,-9.5791,-9.6058,-9.5935,10155200.0
1999-12-21,-9.5918,-9.5483,-9.5941,-9.5533,11000000.0
1999-12-22,-9.55,-9.5349,-9.5868,-9.5762,11682000.0
1999-12-23,-9.5595,-9.5377,-9.5662,-9.5444,8218800.0
1999-12-27,-9.5366,-9.536,-9.5824,-9.5818,6022000.0
1999-12-28,-9.5835,-9.5791,-9.6203,-9.5918,8843200.0
1999-12-29,-9.6041,-9.5561,-9.6158,-9.5695,10161200.0
1999-12-30,-9.5561,-9.5389,-9.5791,-9.5729,7419200.0
1999-12-31,-9.5673,-9.55,-9.5801,-9.5506,5856400.0
2000-01-03,-9.5322,-9.4641,-9.5606,-9.4691,19144400.0
2000-01-04,-9.502,-9.4808,-9.565,-9.5533,18310000.0
2000-01-05,-9.5422,-9.4814,-9.5489,-9.5399,27818000.0
2000-01-06,-9.521,-9.5132,-9.6203,-9.6203,27443200.0
2000-01-07,-9.6069,-9.5667,-9.6158,-9.5801,16463200.0
2000-01-10,-9.5578,-9.5556,-9.6225,-9.5958,18059200.0
2000-01-11,-9.6119,-9.5813,-9.6605,-9.6404,15775200.0
2000-01-12,-9.6203,-9.6158,-9.6962,-9.69,34870800.0
2000-01-13,-9.6249,-9.5868,-9.6426,-9.6047,36882400.0
2000-01-14,-9.5757,-9.5556,-9.5813,-9.5717,13954400.0
2000-01-18,-9.5667,-9.5221,-9.5717,-9.5405,16421200.0
2000-01-19,-9.5255,-9.4975,-9.5456,-9.5171,21358000.0
2000-01-20,-9.4373,-9.3837,-9.4551,-9.4551,65418800.0
2000-01-21,-9.4484,-9.4484,-9.4847,-9.4747,17729200.0
2000-01-24,-9.5003,-9.4618,-9.5299,-9.5199,15760000.0
2000-01-25,-9.531,-9.4585,-9.5545,-9.4663,17775200.0
2000-01-26,-9.4864,-9.449,-9.4886,-9.4847,13131200.0
2000-01-27,-9.497,-9.4596,-9.5132,-9.4864,12163600.0
2000-01-28,-9.5025,-9.4786,-9.5701,-9.5612,15142000.0
2000-01-31,-9.5667,-9.5411,-9.6248,-9.5422,25071200.0
2000-02-01,-9.5399,-9.531,-9.5757,-9.5734,11380000.0
2000-02-02,-9.569,-9.5567,-9.6024,-9.5863,16588800.0
2000-02-03,-9.5729,-9.5377,-9.5734,-9.5461,16977600.0
2000-02-04,-9.5405,-9.4864,-9.5433,-9.5042,15206800.0
2000-02-07,-9.5042,-9.4484,-9.5226,-9.4501,15770800.0
2000-02-08,-9.4507,-9.4317,-9.4752,-9.4429,14613600.0
2000-02-09,-9.4496,-9.4228,-9.4646,-9.463,10698000.0
2000-02-10,-9.4608,-9.4518,-9.4864,-9.4551,10832400.0
2000-02-11,-9.4541,-9.4496,-9.502,-9.4975,7592000.0
2000-02-14,-9.4925,-9.434,-9.4987,-9.4345,13130000.0
2000-02-15,-9.4395,-9.3976,-9.44,-9.406,17363600.0
2000-02-16,-9.4172,-9.4139,-9.4674,-9.4496,13525200.0
2000-02-17,-9.44,-9.4373,-9.4585,-9.4429,10350000.0
2000-02-18,-9.4451,-9.4384,-9.4786,-9.4752,8346800.0
2000-02-22,-9.4853,-9.4244,-9.5159,-9.4524,15083200.0
2000-02-23,-9.4575,-9.406,-9.4774,-9.4306,16905600.0
2000-02-24,-9.4211,-9.4049,-9.4708,-9.4399,13446400.0
2000-02-25,-9.4434,-9.4239,-9.4853,-9.4831,8908000.0
2000-02-28,-9.4853,-9.4417,-9.5009,-9.4574,11729200.0
2000-02-29,-9.4546,-9.4216,-9.4635,-9.4451,13186800.0
2000-03-01,-9.4099,-9.2894,-9.4105,-9.305,38478000.0
2000-03-02,-9.3346,-9.3262,-9.3909,-9.3792,11136800.0
2000-03-03,-9.3536,-9.3236,-9.3971,-9.3257,11565200.0
2000-03-06,-9.3435,-9.3156,-9.3524,-9.3463,7520000.0
2000-03-07,-9.3396,-9.3307,-9.3871,-9.3715,9767600.0
2000-03-08,-9.3715,-9.3619,-9.4099,-9.3792,9690800.0
2000-03-09,-9.3893,-9.3524,-9.4127,-9.377,9884400.0
2000-03-10,-9.382,-9.3262,-9.3882,-9.3458,8900800.0
2000-03-13,-9.3782,-9.3391,-9.4016,-9.3854,10864400.0
2000-03-14,-9.3862,-9.3591,-9.4507,-9.4484,15321200.0
2000-03-15,-9.4362,-9.3949,-9.4496,-9.4306,15845200.0
2000-03-16,-9.4211,-9.3792,-9.4462,-9.3832,13516800.0
2000-03-17,-9.396,-9.3524,-9.4005,-9.3524,10902400.0
2000-03-20,-9.3658,-9.3413,-9.3759,-9.3703,7316400.0
2000-03-21,-9.3742,-9.2475,-9.3826,-9.2637,18729200.0
2000-03-22,-9.283,-9.1794,-9.2939,-9.1811,20288800.0
2000-03-23,-9.2007,-9.1258,-9.2185,-9.2068,20098000.0
2000-03-24,-9.1967,-9.1833,-9.2587,-9.2302,15962000.0
2000-03-27,-9.2397,-9.1761,-9.2464,-9.2224,9976800.0
2000-03-28,-9.2431,-9.2007,-9.2441,-9.2263,7253600.0
2000-03-29,-9.2241,-9.2235,-9.2736,-9.2548,8568800.0
2000-03-30,-9.276,-9.2391,-9.3485,-9.3458,14800000.0
2000-03-31,-9.3307,-9.2431,-9.3435,-9.2559,14457600.0
2000-04-03,-9.2587,-9.223,-9.3128,-9.2783,11742400.0
2000-04-04,-9.2843,-9.281,-9.4261,-9.3318,23596400.0
2000-04-05,-9.3393,-9.2821,-9.3614,-9.3044,16359200.0
2000-04-06,-9.3022,-9.2676,-9.3681,-9.3508,9290800.0
2000-04-07,-9.3324,-9.291,-9.348,-9.2922,8668800.0
2000-04-10,-9.2927,-9.2833,-9.3547,-9.3524,7592400.0
2000-04-11,-9.3658,-9.3536,-9.4144,-9.4021,19368000.0
2000-04-12,-9.406,-9.406,-9.5322,-9.4931,33618800.0
2000-04-13,-9.473,-9.3971,-9.4998,-9.4524,18923600.0
2000-04-14,-9.4925,-9.4149,-9.4953,-9.4697,23845600.0
2000-04-17,-9.4908,-9.3619,-9.4948,-9.3625,14642400.0
2000-04-18,-9.3658,-9.3358,-9.4027,-9.3358,13962400.0
2000-04-19,-9.3418,-9.3056,-9.3993,-9.3871,18586400.0
2000-04-20,-9.3641,-9.3547,-9.4233,-9.4072,25806800.0
2000-04-24,-9.4417,-9.3926,-9.444,-9.3926,15845600.0
2000-04-25,-9.3782,-9.319,-9.3787,-9.3229,14002400.0
2000-04-26,-9.338,-9.3257,-9.3971,-9.3854,13117600.0
2000-04-27,-9.4222,-9.3346,-9.4276,-9.3368,11678000.0
2000-04-28,-9.3335,-9.3301,-9.3854,-9.3608,8932400.0
2000-05-01,-9.3536,-9.3514,-9.3804,-9.3586,8100000.0
2000-05-02,-9.3681,-9.3413,-9.4194,-9.4161,8446400.0
2000-05-03,-9.4066,-9.3859,-9.4719,-9.4412,17500000.0
2000-05-04,-9.4407,-9.4395,-9.4814,-9.4802,14284400.0
2000-05-05,-9.4791,-9.444,-9.4799,-9.4585,10160000.0
2000-05-08,-9.4677,-9.4534,-9.4864,-9.4853,6605600.0
2000-05-09,-9.4836,-9.4752,-9.5322,-9.5271,11685600.0
2000-05-10,-9.5394,-9.531,-9.5868,-9.5818,19127600.0
2000-05-11,-9.5634,-9.5377,-9.5846,-9.5506,17852400.0
2000-05-12,-9.5221,-9.4819,-9.5331,-9.5076,10962000.0
2000-05-15,-9.5037,-9.5037,-9.5746,-9.5667,24252000.0
2000-05-16,-9.5353,-9.4948,-9.5511,-9.5249,15736400.0
2000-05-17,-9.5433,-9.5427,-9.5724,-9.5634,14227600.0
2000-05-18,-9.5489,-9.5316,-9.5701,-9.569,13365600.0
2000-05-19,-9.5824,-9.5824,-9.6349,-9.6292,26459200.0
2000-05-22,-9.6315,-9.6315,-9.7007,-9.6655,26995200.0
2000-05-23,-9.6605,-9.6349,-9.7041,-9.7024,18488000.0
2000-05-24,-9.699,-9.6672,-9.7274,-9.6856,24248000.0
2000-05-25,-9.6783,-9.6412,-9.7007,-9.6893,14530800.0
2000-05-26,-9.6828,-9.6661,-9.7074,-9.6974,6486400.0
2000-05-30,-9.6862,-9.6817,-9.7386,-9.6867,25481200.0
2000-05-31,-9.6929,-9.6538,-9.7202,-9.7185,15483600.0
2000-06-01,-9.7386,-9.6689,-9.7509,-9.6728,32280000.0
2000-06-02,-9.6315,-9.5779,-9.6739,-9.6421,28336400.0
2000-06-05,-9.6354,-9.6181,-9.6677,-9.6533,11582000.0
2000-06-06,-9.6474,-9.6047,-9.6622,-9.6393,18771200.0
2000-06-07,-9.6326,-9.6024,-9.6505,-9.6064,12056800.0
2000-06-08,-9.5969,-9.5891,-9.6371,-9.622,8540800.0
2000-06-09,-9.6047,-9.5941,-9.6259,-9.6136,9020000.0
2000-06-12,-9.6081,-9.6074,-9.6572,-9.6543,10374400.0
2000-06-13,-9.6543,-9.6231,-9.6811,-9.6248,12570000.0
2000-06-14,-9.6231,-9.6091,-9.6639,-9.661,9925200.0
2000-06-15,-9.6538,-9.6349,-9.6739,-9.6438,8898800.0
2000-06-16,-9.6337,-9.6315,-9.6733,-9.6543,10842400.0
2000-06-19,-9.6599,-9.5947,-9.6666,-9.6058,14089200.0
2000-06-20,-9.5891,-9.5405,-9.5902,-9.5645,17922000.0
2000-06-21,-9.5667,-9.4517,-9.5701,-9.4751,17500000.0
2000-06-22,-9.473,-9.4394,-9.5121,-9.5087,16706200.0
2000-06-23,-9.5082,-9.493,-9.5612,-9.5455,7320400.0
2000-06-26,-9.531,-9.4908,-9.5376,-9.5019,6631000.0
2000-06-27,-9.5082,-9.4774,-9.5466,-9.5444,7270600.0
2000-06-28,-9.5166,-9.4796,-9.5489,-9.4964,10235000.0
2000-06-29,-9.521,-9.5053,-9.5567,-9.5533,7281200.0
2000-06-30,-9.5255,-9.4874,-9.5455,-9.5332,11550000.0
2000-07-03,-9.5376,-9.4987,-9.5376,-9.5166,2535000.0
2000-07-05,-9.5176,-9.483,-9.5623,-9.5466,9478800.0
2000-07-06,-9.531,-9.5232,-9.5823,-9.5433,11063800.0
2000-07-07,-9.5294,-9.4898,-9.5376,-9.4964,9422600.0
2000-07-10,-9.5026,-9.4283,-9.5087,-9.4483,14211000.0
2000-07-11,-9.4507,-9.4105,-9.4785,-9.4517,12783200.0
2000-07-12,-9.4305,-9.416,-9.4617,-9.4171,8057600.0
2000-07-13,-9.4239,-9.3858,-9.4908,-9.4596,15925600.0
2000-07-14,-9.4483,-9.4149,-9.4528,-9.4383,6804400.0
2000-07-17,-9.4283,-9.4183,-9.4483,-9.4273,9289000.0
2000-07-18,-9.4239,-9.4171,-9.4528,-9.4462,11378200.0
2000-07-19,-9.483,-9.4541,-9.5444,-9.5276,16359600.0
2000-07-20,-9.4864,-9.4496,-9.5019,-9.4841,16631800.0
2000-07-21,-9.4978,-9.4751,-9.5232,-9.5121,7013200.0
2000-07-24,-9.5299,-9.5242,-9.6203,-9.5991,14720600.0
2000-07-25,-9.5701,-9.5644,-9.5924,-9.5746,7567200.0
2000-07-26,-9.5785,-9.5533,-9.5891,-9.5746,7526200.0
2000-07-27,-9.5757,-9.5176,-9.5778,-9.5399,10543800.0
2000-07-28,-9.5349,-9.531,-9.6314,-9.6058,8505400.0
2000-07-31,-9.5907,-9.5466,-9.598,-9.5612,5550000.0
2000-08-01,-9.5701,-9.5549,-9.5891,-9.588,4904600.0
2000-08-02,-9.5935,-9.5767,-9.6258,-9.6248,5808800.0
2000-08-03,-9.6549,-9.6103,-9.6783,-9.6114,12150000.0
2000-08-04,-9.5851,-9.5533,-9.6416,-9.6224,9406800.0
2000-08-07,-9.6135,-9.5924,-9.6258,-9.6124,6697200.0
2000-08-08,-9.6124,-9.6114,-9.6416,-9.6337,6315400.0
2000-08-09,-9.6091,-9.6035,-9.6248,-9.6203,13569000.0
2000-08-10,-9.6114,-9.6035,-9.6224,-9.6192,8995400.0
2000-08-11,-9.6321,-9.6114,-9.6549,-9.6169,8503200.0
2000-08-14,-9.6187,-9.6169,-9.6416,-9.6282,5603400.0
2000-08-15,-9.6248,-9.6124,-9.6382,-9.6348,4089000.0
2000-08-16,-9.6314,-9.5935,-9.6326,-9.6024,5137600.0
2000-08-17,-9.6046,-9.5321,-9.6058,-9.5499,9683400.0
2000-08-18,-9.551,-9.5433,-9.5778,-9.5757,6798800.0
2000-08-21,-9.5712,-9.5478,-9.5823,-9.5667,4803800.0
2000-08-22,-9.5644,-9.5255,-9.5689,-9.5455,9889000.0
2000-08-23,-9.5494,-9.4908,-9.5567,-9.4987,8470400.0
2000-08-24,-9.4923,-9.4573,-9.5153,-9.4666,11109400.0
2000-08-25,-9.4596,-9.4417,-9.4617,-9.4541,11947800.0
2000-08-28,-9.4462,-9.4149,-9.4496,-9.4317,12822600.0
2000-08-29,-9.4349,-9.4071,-9.4383,-9.4116,9546200.0
2000-08-30,-9.4149,-9.3971,-9.4203,-9.406,10199600.0
2000-08-31,-9.4155,-9.3703,-9.416,-9.3803,14988800.0
2000-09-01,-9.3737,-9.3323,-9.3769,-9.3357,9181800.0
2000-09-05,-9.3496,-9.3235,-9.3569,-9.3535,10669000.0
2000-09-06,-9.3724,-9.3546,-9.4373,-9.4249,12700400.0
2000-09-07,-9.4126,-9.3514,-9.4283,-9.3614,7770400.0
2000-09-08,-9.368,-9.368,-9.4239,-9.4171,6984400.0
2000-09-11,-9.4205,-9.3903,-9.4305,-9.4249,6699000.0
2000-09-12,-9.4446,-9.396,-9.4507,-9.4373,6722200.0
2000-09-13,-9.4551,-9.406,-9.4551,-9.4328,10932600.0
2000-09-14,-9.4228,-9.4037,-9.4541,-9.4532,15241800.0
2000-09-15,-9.4373,-9.4294,-9.4998,-9.4823,14095400.0
2000-09-18,-9.4819,-9.3837,-9.4853,-9.3853,15163200.0
2000-09-19,-9.4016,-9.3882,-9.4228,-9.3982,9706200.0
2000-09-20,-9.4076,-9.3714,-9.4228,-9.3783,8121600.0
2000-09-21,-9.4239,-9.4037,-9.4819,-9.4562,18238400.0
2000-09-22,-9.5701,-9.5321,-9.5757,-9.5366,25961200.0
2000-09-25,-9.5266,-9.4774,-9.5389,-9.5132,15564000.0
2000-09-26,-9.5166,-9.4908,-9.551,-9.5499,10396600.0
2000-09-27,-9.5444,-9.5266,-9.6069,-9.5946,14370000.0
2000-09-28,-9.588,-9.5076,-9.6091,-9.5132,34988200.0
2000-09-29,-9.9651,-9.9507,-10.0155,-10.0087,265068992.0
2000-10-02,-9.9919,-9.9908,-10.0489,-10.0355,86610600.0
2000-10-03,-10.0232,-10.0221,-10.0723,-10.0701,72795600.0
2000-10-04,-10.0691,-10.0444,-10.078,-10.0467,52368200.0
2000-10-05,-10.0489,-10.031,-10.0757,-10.0746,31189400.0
2000-10-06,-10.0633,-10.0589,-10.0935,-10.0723,21881000.0
2000-10-09,-10.0646,-10.0601,-10.0914,-10.0801,21342600.0
2000-10-10,-10.0824,-10.0678,-10.1024,-10.0958,24683400.0
2000-10-11,-10.1092,-10.0935,-10.1271,-10.1182,42801200.0
2000-10-12,-10.1058,-10.0969,-10.1203,-10.1114,42548200.0
2000-10-13,-10.1069,-10.0735,-10.1114,-10.0746,44564000.0
2000-10-16,-10.0701,-10.0533,-10.0869,-10.0846,29298800.0
2000-10-17,-10.0812,-10.0767,-10.1169,-10.1092,21495600.0
2000-10-18,-10.1214,-10.0924,-10.1337,-10.1092,29803800.0
2000-10-19,-10.1264,-10.1148,-10.1416,-10.1303,53818200.0
2000-10-20,-10.1282,-10.1048,-10.1303,-10.1203,28270400.0
2000-10-23,-10.1066,-10.1014,-10.1214,-10.1048,19694000.0
2000-10-24,-10.0991,-10.0958,-10.1326,-10.1316,28736200.0
2000-10-25,-10.1282,-10.1258,-10.1392,-10.1382,23720600.0
2000-10-26,-10.1326,-10.1316,-10.156,-10.1382,25780600.0
2000-10-27,-10.1316,-10.1258,-10.1494,-10.1371,26594600.0
2000-10-30,-10.1271,-10.1124,-10.1337,-10.1237,22832800.0
2000-10-31,-10.1158,-10.1069,-10.1248,-10.1192,31649000.0
2000-11-01,-10.1214,-10.0958,-10.1214,-10.1024,20553800.0
2000-11-02,-10.0914,-10.0678,-10.0924,-10.0701,21105400.0
2000-11-03,-10.0578,-10.0578,-10.0767,-10.0712,18423400.0
2000-11-06,-10.0678,-10.0646,-10.0958,-10.0857,14060000.0
2000-11-07,-10.0846,-10.0791,-10.0969,-10.088,10786800.0
2000-11-08,-10.0869,-10.0857,-10.1148,-10.1103,15082800.0
2000-11-09,-10.1137,-10.1024,-10.1282,-10.108,17035400.0
2000-11-10,-10.1228,-10.1137,-10.1282,-10.1282,15080600.0
2000-11-13,-10.1337,-10.1114,-10.1426,-10.1226,15423200.0
2000-11-14,-10.1124,-10.1024,-10.1192,-10.1069,14611200.0
2000-11-15,-10.1108,-10.108,-10.1248,-10.1137,10086600.0
2000-11-16,-10.1203,-10.1148,-10.1316,-10.1292,8554000.0
2000-11-17,-10.1258,-10.1248,-10.1426,-10.1382,15943400.0
2000-11-20,-10.1366,-10.1203,-10.1426,-10.1303,14581600.0
2000-11-21,-10.1258,-10.1203,-10.1337,-10.1326,10786200.0
2000-11-22,-10.1326,-10.1271,-10.1405,-10.1382,10029600.0
2000-11-24,-10.1317,-10.1203,-10.1326,-10.1237,5751800.0
2000-11-27,-10.1137,-10.1124,-10.1382,-10.1348,9244000.0
2000-11-28,-10.1348,-10.1292,-10.1482,-10.1466,9618200.0
2000-11-29,-10.1455,-10.1416,-10.1605,-10.1549,17586200.0
2000-11-30,-10.1705,-10.1649,-10.1807,-10.1739,28922200.0
2000-12-01,-10.1649,-10.156,-10.1683,-10.1639,13783800.0
2000-12-04,-10.1616,-10.1616,-10.1749,-10.1705,13273400.0
2000-12-05,-10.166,-10.1571,-10.1762,-10.1649,21932200.0
2000-12-06,-10.2073,-10.2007,-10.2185,-10.213,49092400.0
2000-12-07,-10.2107,-10.2028,-10.2185,-10.213,14606600.0
2000-12-08,-10.2041,-10.1951,-10.2107,-10.1996,15568200.0
2000-12-11,-10.1973,-10.1939,-10.2028,-10.1973,11884000.0
2000-12-12,-10.1962,-10.1828,-10.2007,-10.1939,13803400.0
2000-12-13,-10.1907,-10.1907,-10.2028,-10.2007,12327200.0
2000-12-14,-10.2001,-10.1962,-10.2107,-10.2107,9406600.0
2000-12-15,-10.2085,-10.2062,-10.2185,-10.2174,18363800.0
2000-12-18,-10.2085,-10.2073,-10.2196,-10.2141,11645000.0
2000-12-19,-10.2117,-10.1962,-10.2185,-10.2185,13367200.0
2000-12-20,-10.2224,-10.2073,-10.2251,-10.2117,20196200.0
2000-12-21,-10.2141,-10.2007,-10.2207,-10.2174,13102600.0
2000-12-22,-10.2162,-10.2007,-10.2162,-10.2007,11369600.0
2000-12-26,-10.2028,-10.2007,-10.2141,-10.2062,7745400.0
2000-12-27,-10.2124,-10.2041,-10.2151,-10.2041,11626000.0
2000-12-28,-10.2117,-10.2017,-10.213,-10.2041,10910000.0
2000-12-29,-10.2062,-10.2007,-10.2096,-10.2028,22518800.0
2001-01-02,-10.3357,-10.3324,-10.3385,-10.3357,16161800.0
2001-01-03,-10.3396,-10.3196,-10.3396,-10.3223,29181800.0
2001-01-04,-10.3062,-10.3033,-10.3183,-10.3162,26411000.0
2001-01-05,-10.3173,-10.3133,-10.3251,-10.3223,14731000.0
2001-01-08,-10.3174,-10.3169,-10.3262,-10.3207,13350000.0
2001-01-09,-10.3183,-10.311,-10.3207,-10.3151,21040600.0
2001-01-10,-10.3196,-10.3167,-10.3251,-10.3207,20743400.0
2001-01-11,-10.3235,-10.3033,-10.3235,-10.3078,28707600.0
2001-01-12,-10.3089,-10.3078,-10.3166,-10.3151,15121000.0
2001-01-16,-10.3128,-10.3123,-10.3167,-10.3157,10940000.0
2001-01-17,-10.3117,-10.3117,-10.3212,-10.3183,30037600.0
2001-01-18,-10.3094,-10.2983,-10.3112,-10.3017,43822800.0
2001-01-19,-10.2949,-10.2939,-10.3017,-10.2944,27748200.0
2001-01-22,-10.2983,-10.2933,-10.3039,-10.2967,18551600.0
2001-01-23,-10.296,-10.2816,-10.2983,-10.2855,31418400.0
2001-01-24,-10.2839,-10.2832,-10.2939,-10.2855,25616200.0
2001-01-25,-10.2849,-10.2849,-10.2921,-10.2905,17495000.0
2001-01-26,-10.2944,-10.2916,-10.2983,-10.2939,17245600.0
2001-01-29,-10.2939,-10.2732,-10.2939,-10.2749,30562800.0
2001-01-30,-10.276,-10.2721,-10.2821,-10.2742,24734600.0
2001-01-31,-10.2766,-10.2676,-10.2771,-10.2755,26106000.0
2001-02-01,-10.2839,-10.2766,-10.2855,-10.2799,13205400.0
2001-02-02,-10.2799,-10.2726,-10.2855,-10.2844,15263400.0
2001-02-05,-10.2855,-10.2849,-10.2921,-10.2883,10228800.0
2001-02-06,-10.2885,-10.2771,-10.2899,-10.2799,16528400.0
2001-02-07,-10.2841,-10.2821,-10.2916,-10.2832,14071600.0
2001-02-08,-10.2849,-10.2805,-10.2883,-10.2832,21585000.0
2001-02-09,-10.2855,-10.2826,-10.3017,-10.2978,21082600.0
2001-02-12,-10.2983,-10.2899,-10.3005,-10.2928,9795600.0
2001-02-13,-10.2905,-10.286,-10.2989,-10.2978,8470600.0
2001-02-14,-10.2973,-10.2928,-10.3033,-10.2944,11040000.0
2001-02-15,-10.2928,-10.2849,-10.2939,-10.2894,11123200.0
2001-02-16,-10.2989,-10.2944,-10.301,-10.2989,9428400.0
2001-02-20,-10.2973,-10.2949,-10.3062,-10.3049,11249600.0
2001-02-21,-10.3057,-10.2905,-10.3057,-10.2999,13947800.0
2001-02-22,-10.2983,-10.2955,-10.3078,-10.3005,15431200.0
2001-02-23,-10.3023,-10.2999,-10.3057,-10.3005,10503800.0
2001-02-26,-10.2983,-10.2928,-10.3028,-10.2944,7380000.0
2001-02-27,-10.2964,-10.2949,-10.3017,-10.2955,12451000.0
2001-02-28,-10.2955,-10.2949,-10.3067,-10.3057,18157600.0
2001-03-01,-10.3094,-10.3005,-10.3151,-10.301,11803400.0
2001-03-02,-10.3049,-10.286,-10.3057,-10.2967,14511200.0
2001-03-05,-10.2955,-10.2855,-10.2978,-10.2866,11587600.0
2001-03-06,-10.2835,-10.2716,-10.2839,-10.2766,26144600.0
2001-03-07,-10.2782,-10.2755,-10.2832,-10.2789,14985600.0
2001-03-08,-10.2839,-10.2799,-10.286,-10.2826,7325600.0
2001-03-09,-10.2844,-10.2839,-10.2899,-10.2878,10685400.0
2001-03-12,-10.2928,-10.291,-10.3067,-10.3023,13967800.0
2001-03-13,-10.2999,-10.2939,-10.3062,-10.2939,15840600.0
2001-03-14,-10.3033,-10.2855,-10.3039,-10.286,17065400.0
2001-03-15,-10.2821,-10.2776,-10.2973,-10.2928,18906600.0
2001-03-16,-10.2999,-10.2871,-10.2999,-10.2933,16806600.0
2001-03-19,-10.2921,-10.281,-10.2944,-10.2849,12722800.0
2001-03-20,-10.2832,-10.2816,-10.2928,-10.2928,17833800.0
2001-03-21,-10.2919,-10.2821,-10.2955,-10.2889,13265400.0
2001-03-22,-10.2866,-10.2742,-10.2883,-10.2755,25839000.0
2001-03-23,-10.2721,-10.2582,-10.2721,-10.2632,33749400.0
2001-03-26,-10.2619,-10.2564,-10.2798,-10.2741,26230400.0
2001-03-27,-10.2726,-10.2626,-10.273,-10.2644,19422200.0
2001-03-28,-10.2714,-10.2676,-10.2766,-10.2707,20880800.0
2001-03-29,-10.2742,-10.2592,-10.2766,-10.2674,21895200.0
2001-03-30,-10.2671,-10.2657,-10.278,-10.2714,14298200.0
2001-04-02,-10.2714,-10.2662,-10.2796,-10.2757,12175400.0
2001-04-03,-10.2778,-10.2774,-10.2887,-10.2878,13167400.0
2001-04-04,-10.2921,-10.2878,-10.301,-10.2944,24481600.0
2001-04-05,-10.2846,-10.2753,-10.2899,-10.2823,15955800.0
2001-04-06,-10.2828,-10.2807,-10.2908,-10.2846,11603200.0
2001-04-09,-10.2839,-10.278,-10.2894,-10.2851,9520800.0
2001-04-10,-10.2819,-10.2658,-10.283,-10.2717,16334800.0
2001-04-11,-10.2633,-10.2632,-10.2785,-10.2739,11932000.0
2001-04-12,-10.2773,-10.263,-10.2796,-10.2683,10676200.0
2001-04-16,-10.2714,-10.2685,-10.2823,-10.2771,10186600.0
2001-04-17,-10.2792,-10.2791,-10.2935,-10.2864,24471400.0
2001-04-18,-10.276,-10.2535,-10.2803,-10.2651,39315800.0
2001-04-19,-10.241,-10.2385,-10.2578,-10.2389,66916800.0
2001-04-20,-10.2458,-10.2396,-10.2489,-10.2449,24764400.0
2001-04-23,-10.2516,-10.2453,-10.2542,-10.2521,19340200.0
2001-04-24,-10.2514,-10.2474,-10.2585,-10.2541,13469200.0
2001-04-25,-10.2523,-10.2466,-10.2582,-10.2478,11813600.0
2001-04-26,-10.2439,-10.2355,-10.2498,-10.2482,28560600.0
2001-04-27,-10.2435,-10.2337,-10.2474,-10.2346,16179000.0
2001-04-30,-10.2305,-10.2264,-10.2466,-10.241,17670600.0
2001-05-01,-10.2417,-10.2319,-10.2435,-10.2371,15259000.0
2001-05-02,-10.2333,-10.2301,-10.2385,-10.231,13161600.0
2001-05-03,-10.2342,-10.2342,-10.2478,-10.2457,10769400.0
2001-05-04,-10.2521,-10.2378,-10.2546,-10.2385,10037600.0
2001-05-07,-10.2398,-10.2385,-10.2467,-10.2457,9876800.0
2001-05-08,-10.2421,-10.2414,-10.2548,-10.2492,11265600.0
2001-05-09,-10.253,-10.2492,-10.2571,-10.2544,11603200.0
2001-05-10,-10.2523,-10.2498,-10.2646,-10.2632,10320600.0
2001-05-11,-10.2632,-10.2589,-10.2653,-10.2646,7251600.0
2001-05-14,-10.2641,-10.2571,-10.2653,-10.2607,11043600.0
2001-05-15,-10.2599,-10.2516,-10.2628,-10.2616,8465200.0
2001-05-16,-10.261,-10.2498,-10.2646,-10.2533,11511800.0
2001-05-17,-10.2521,-10.2514,-10.261,-10.2582,11861400.0
2001-05-18,-10.2599,-10.2574,-10.2621,-10.2585,5680400.0
2001-05-21,-10.2574,-10.2549,-10.2626,-10.2582,16464200.0
2001-05-22,-10.2542,-10.253,-10.2596,-10.2587,14747000.0
2001-05-23,-10.2564,-10.2564,-10.2644,-10.261,10037200.0
2001-05-24,-10.2607,-10.2605,-10.2666,-10.2614,9705600.0
2001-05-25,-10.2614,-10.2607,-10.2676,-10.2653,5669400.0
2001-05-29,-10.2692,-10.2676,-10.2857,-10.2767,18428200.0
2001-05-30,-10.2833,-10.2832,-10.2962,-10.2919,27752800.0
2001-05-31,-10.2917,-10.2878,-10.2946,-10.2905,15817600.0
2001-06-01,-10.2887,-10.2803,-10.2901,-10.2819,16288400.0
2001-06-04,-10.2801,-10.2801,-10.2858,-10.2841,10068600.0
2001-06-05,-10.2828,-10.2801,-10.2867,-10.2816,16849800.0
2001-06-06,-10.2817,-10.2817,-10.2871,-10.2835,7970600.0
2001-06-07,-10.2835,-10.2735,-10.286,-10.2751,11613600.0
2001-06-08,-10.2753,-10.2753,-10.2835,-10.2782,12236600.0
2001-06-11,-10.2805,-10.2803,-10.2905,-10.2896,10500000.0
2001-06-12,-10.2921,-10.2839,-10.2921,-10.2871,10849800.0
2001-06-13,-10.2773,-10.2746,-10.2894,-10.2857,18267400.0
2001-06-14,-10.2896,-10.286,-10.2921,-10.291,10619600.0
2001-06-15,-10.2891,-10.2832,-10.2957,-10.286,16236600.0
2001-06-18,-10.2864,-10.2824,-10.2899,-10.2871,12354000.0
2001-06-19,-10.2824,-10.2774,-10.2899,-10.2883,11467400.0
2001-06-20,-10.2899,-10.2735,-10.2901,-10.2749,15415000.0
2001-06-21,-10.276,-10.2632,-10.2801,-10.2678,12190400.0
2001-06-22,-10.2678,-10.2632,-10.2764,-10.2698,10215200.0
2001-06-25,-10.2676,-10.2542,-10.2682,-10.2542,15698200.0
2001-06-26,-10.2601,-10.2562,-10.2632,-10.2564,9742200.0
2001-06-27,-10.2557,-10.2542,-10.2676,-10.2601,13361800.0
2001-06-28,-10.2624,-10.2549,-10.2637,-10.2583,12443200.0
2001-06-29,-10.2573,-10.2444,-10.2614,-10.261,18406800.0
2001-07-02,-10.2574,-10.2521,-10.2619,-10.2551,8216000.0
2001-07-03,-10.2574,-10.2526,-10.2587,-10.2557,4019400.0
2001-07-05,-10.2578,-10.2564,-10.2632,-10.2616,5439000.0
2001-07-06,-10.2653,-10.2635,-10.2746,-10.2719,10818600.0
2001-07-09,-10.2714,-10.2632,-10.2749,-10.2658,12052400.0
2001-07-10,-10.2637,-10.2624,-10.2824,-10.2798,14116800.0
2001-07-11,-10.2808,-10.2667,-10.281,-10.2673,16803800.0
2001-07-12,-10.2605,-10.2469,-10.2605,-10.251,21957200.0
2001-07-13,-10.253,-10.2453,-10.2557,-10.2467,16240800.0
2001-07-16,-10.2464,-10.2444,-10.2551,-10.2546,9952400.0
2001-07-17,-10.2544,-10.2433,-10.2632,-10.2444,23136800.0
2001-07-18,-10.2735,-10.2721,-10.2862,-10.283,40607600.0
2001-07-19,-10.2789,-10.2773,-10.2921,-10.2903,30755000.0
2001-07-20,-10.2926,-10.2894,-10.2946,-10.2901,15878000.0
2001-07-23,-10.2892,-10.2855,-10.2949,-10.2941,8620000.0
2001-07-24,-10.2953,-10.2907,-10.3014,-10.2982,12442000.0
2001-07-25,-10.2978,-10.2962,-10.308,-10.3035,15852800.0
2001-07-26,-10.3035,-10.3007,-10.3091,-10.3024,13183600.0
2001-07-27,-10.301,-10.2967,-10.3033,-10.2992,11933400.0
2001-07-30,-10.2978,-10.2957,-10.3032,-10.2996,8691400.0
2001-07-31,-10.2964,-10.2951,-10.3032,-10.3008,8393800.0
2001-08-01,-10.2989,-10.2919,-10.2994,-10.2983,10862000.0
2001-08-02,-10.2932,-10.2899,-10.2966,-10.2916,9003200.0
2001-08-03,-10.2908,-10.2908,-10.2989,-10.2944,6644800.0
2001-08-06,-10.2985,-10.293,-10.2989,-10.2976,3559000.0
2001-08-07,-10.296,-10.2928,-10.2991,-10.2967,6019600.0
2001-08-08,-10.2966,-10.2926,-10.303,-10.2998,9863200.0
2001-08-09,-10.2992,-10.2973,-10.3014,-10.2983,7166600.0
2001-08-10,-10.2985,-10.296,-10.3024,-10.2987,6677200.0
2001-08-13,-10.298,-10.296,-10.301,-10.2982,5285600.0
2001-08-14,-10.2971,-10.2957,-10.3017,-10.3014,8176800.0
2001-08-15,-10.301,-10.2994,-10.306,-10.3039,10331400.0
2001-08-16,-10.3053,-10.301,-10.308,-10.3021,10289000.0
2001-08-17,-10.3078,-10.3039,-10.3078,-10.3071,7443800.0
2001-08-20,-10.3066,-10.3057,-10.3094,-10.3067,9010800.0
2001-08-21,-10.3066,-10.3066,-10.3105,-10.3085,6632200.0
2001-08-22,-10.3083,-10.3057,-10.3114,-10.3058,6213400.0
2001-08-23,-10.306,-10.3048,-10.3116,-10.3096,7752800.0
2001-08-24,-10.3078,-10.3023,-10.311,-10.3028,10369000.0
2001-08-27,-10.3024,-10.2962,-10.3064,-10.2996,6273000.0
2001-08-28,-10.2998,-10.2976,-10.3042,-10.3042,6133400.0
2001-08-29,-10.3039,-10.3003,-10.3092,-10.3092,8570400.0
2001-08-30,-10.3101,-10.3062,-10.3142,-10.3092,13167600.0
2001-08-31,-10.3103,-10.3024,-10.311,-10.3028,7746600.0
2001-09-04,-10.3033,-10.2982,-10.3062,-10.3057,12436200.0
2001-09-05,-10.3057,-10.2992,-10.3067,-10.3028,12859200.0
2001-09-06,-10.3042,-10.2996,-10.311,-10.3103,10084600.0
2001-09-07,-10.3123,-10.3069,-10.3149,-10.3142,8636800.0
2001-09-10,-10.3167,-10.3117,-10.3174,-10.3135,11030200.0
2001-09-17,-10.3257,-10.316,-10.3282,-10.3167,16357400.0
2001-09-18,-10.3176,-10.3103,-10.3242,-10.3232,11682200.0
2001-09-19,-10.3212,-10.3158,-10.3292,-10.3166,13332800.0
2001-09-20,-10.3232,-10.3173,-10.3301,-10.3285,14684800.0
2001-09-21,-10.3346,-10.3235,-10.3374,-10.3282,20375600.0
2001-09-24,-10.3248,-10.3182,-10.3262,-10.3217,10519200.0
2001-09-25,-10.3244,-10.3237,-10.3314,-10.3298,13371600.0
2001-09-26,-10.3273,-10.3266,-10.3353,-10.3332,17635600.0
2001-09-27,-10.3324,-10.3278,-10.3328,-10.3299,11508600.0
2001-09-28,-10.3282,-10.3264,-10.331,-10.3299,13039600.0
2001-10-01,-10.3303,-10.3257,-10.333,-10.3298,7436000.0
2001-10-02,-10.3307,-10.3271,-10.3357,-10.3341,8424400.0
2001-10-03,-10.3351,-10.3314,-10.336,-10.3348,24394400.0
2001-10-04,-10.3314,-10.3235,-10.3346,-10.3267,14325800.0
2001-10-05,-10.331,-10.3242,-10.3346,-10.3244,12238800.0
2001-10-08,-10.3294,-10.3224,-10.3301,-10.3239,7428000.0
2001-10-09,-10.3253,-10.3239,-10.3289,-10.3257,6215200.0
2001-10-10,-10.3248,-10.3182,-10.326,-10.3183,10991400.0
2001-10-11,-10.3174,-10.3101,-10.3182,-10.3101,11934400.0
2001-10-12,-10.3139,-10.3071,-10.318,-10.3078,10279000.0
2001-10-15,-10.3082,-10.3044,-10.3117,-10.3078,11384000.0
2001-10-16,-10.3071,-10.306,-10.3099,-10.3078,7248200.0
2001-10-17,-10.3048,-10.3042,-10.3199,-10.3167,10197800.0
2001-10-18,-10.3142,-10.3057,-10.3142,-10.3078,21877600.0
2001-10-19,-10.3083,-10.3042,-10.3089,-10.3051,5956800.0
2001-10-22,-10.306,-10.2982,-10.3071,-10.2987,13997800.0
2001-10-23,-10.2978,-10.2951,-10.3089,-10.3066,24463600.0
2001-10-24,-10.3073,-10.2982,-10.3099,-10.2992,13372400.0
2001-10-25,-10.3039,-10.2967,-10.3064,-10.2971,9105400.0
2001-10-26,-10.3001,-10.2967,-10.3023,-10.3017,9963000.0
2001-10-29,-10.3028,-10.3017,-10.3119,-10.311,8542200.0
2001-10-30,-10.3133,-10.3078,-10.3162,-10.3114,9884400.0
2001-10-31,-10.3103,-10.3042,-10.3128,-10.3117,9776800.0
2001-11-01,-10.311,-10.3008,-10.3146,-10.3024,11178400.0
2001-11-02,-10.3032,-10.3001,-10.3064,-10.3028,7043000.0
2001-11-05,-10.3003,-10.2967,-10.3024,-10.2982,8421200.0
2001-11-06,-10.2992,-10.2933,-10.3032,-10.2939,11286400.0
2001-11-07,-10.2948,-10.2889,-10.2958,-10.2935,13678200.0
2001-11-08,-10.2932,-10.2908,-10.3028,-10.3014,12219400.0
2001-11-09,-10.3024,-10.2967,-10.3028,-10.3014,4796200.0
2001-11-12,-10.3019,-10.2974,-10.3082,-10.301,7196400.0
2001-11-13,-10.2982,-10.2953,-10.3014,-10.2957,8024000.0
2001-11-14,-10.2935,-10.2908,-10.2974,-10.2935,7898200.0
2001-11-15,-10.2949,-10.2908,-10.2967,-10.2949,7608200.0
2001-11-16,-10.2964,-10.2964,-10.3042,-10.2992,8238000.0
2001-11-19,-10.2989,-10.2892,-10.2992,-10.2899,11878200.0
2001-11-20,-10.2916,-10.2882,-10.2944,-10.2942,9878000.0
2001-11-21,-10.2935,-10.2917,-10.2966,-10.2928,7199400.0
2001-11-23,-10.2924,-10.2903,-10.2939,-10.2914,2143000.0
2001-11-26,-10.2905,-10.276,-10.291,-10.2778,16453200.0
2001-11-27,-10.2792,-10.2764,-10.2853,-10.281,9591200.0
2001-11-28,-10.2824,-10.2792,-10.2864,-10.2853,8950400.0
2001-11-29,-10.2846,-10.2837,-10.2882,-10.2862,7241600.0
2001-11-30,-10.2857,-10.2771,-10.2878,-10.2783,10854000.0
2001-12-03,-10.2805,-10.2785,-10.2846,-10.2807,6470200.0
2001-12-04,-10.2807,-10.2671,-10.2835,-10.2685,13586400.0
2001-12-05,-10.2689,-10.2539,-10.2707,-10.2564,20306400.0
2001-12-06,-10.2589,-10.2587,-10.2708,-10.2651,12104800.0
2001-12-07,-10.268,-10.2657,-10.2721,-10.2673,7268400.0
2001-12-10,-10.2696,-10.2632,-10.2699,-10.2673,6071800.0
2001-12-11,-10.266,-10.2646,-10.2753,-10.2741,7338400.0
2001-12-12,-10.2732,-10.2728,-10.2789,-10.2767,6873600.0
2001-12-13,-10.2767,-10.276,-10.2855,-10.281,7065800.0
2001-12-14,-10.2835,-10.2824,-10.2892,-10.2864,6781600.0
2001-12-17,-10.2864,-10.281,-10.2882,-10.2844,6204000.0
2001-12-18,-10.2821,-10.2782,-10.288,-10.281,8401400.0
2001-12-19,-10.2848,-10.2749,-10.2857,-10.2755,10355600.0
2001-12-20,-10.2774,-10.2767,-10.2844,-10.2839,7888000.0
2001-12-21,-10.281,-10.2762,-10.2828,-10.281,9154800.0
2001-12-24,-10.2819,-10.2742,-10.2819,-10.2778,1808200.0
2001-12-26,-10.2778,-10.2694,-10.2798,-10.2767,5228600.0
2001-12-27,-10.2758,-10.2699,-10.2758,-10.2714,6839600.0
2001-12-28,-10.2724,-10.2632,-10.2724,-10.2682,10683000.0
2001-12-31,-10.2674,-10.2662,-10.2735,-10.273,4920800.0
2002-01-02,-10.2717,-10.2605,-10.2724,-10.2605,18910600.0
2002-01-03,-10.2632,-10.2564,-10.2653,-10.258,21857400.0
2002-01-04,-10.2601,-10.2546,-10.2632,-10.2571,14642000.0
2002-01-07,-10.2567,-10.2542,-10.2653,-10.2641,15878000.0
2002-01-08,-10.2653,-10.2628,-10.268,-10.2667,16072800.0
2002-01-09,-10.2649,-10.2639,-10.2785,-10.2753,11708400.0
2002-01-10,-10.2791,-10.2769,-10.2876,-10.2789,16169200.0
2002-01-11,-10.2774,-10.2735,-10.2846,-10.2807,12457200.0
2002-01-14,-10.281,-10.2774,-10.2819,-10.2796,14857000.0
2002-01-15,-10.2782,-10.2742,-10.2792,-10.2748,10368600.0
2002-01-16,-10.2774,-10.2774,-10.2855,-10.283,20246200.0
2002-01-17,-10.2724,-10.2655,-10.2732,-10.2678,23592000.0
2002-01-18,-10.2721,-10.2667,-10.2724,-10.2707,12100400.0
2002-01-22,-10.2696,-10.2689,-10.2737,-10.2737,11689800.0
2002-01-23,-10.2739,-10.2628,-10.2757,-10.263,15831400.0
2002-01-24,-10.2639,-10.2585,-10.2641,-10.2614,12285800.0
2002-01-25,-10.2642,-10.2594,-10.2662,-10.261,6639800.0
2002-01-28,-10.2596,-10.2582,-10.2657,-10.2607,6658800.0
2002-01-29,-10.2612,-10.2583,-10.2646,-10.2624,8583000.0
2002-01-30,-10.2624,-10.253,-10.2637,-10.2535,16842000.0
2002-01-31,-10.2528,-10.2474,-10.2532,-10.2478,16730200.0
2002-02-01,-10.2512,-10.2457,-10.2512,-10.2507,14225200.0
2002-02-04,-10.2514,-10.2382,-10.2524,-10.2421,18656200.0
2002-02-05,-10.2446,-10.2366,-10.2446,-10.2414,16317400.0
2002-02-06,-10.2399,-10.2366,-10.2528,-10.2482,21342000.0
2002-02-07,-10.2485,-10.2428,-10.2517,-10.2516,12422600.0
2002-02-08,-10.2507,-10.2485,-10.2599,-10.2539,12690400.0
2002-02-11,-10.2549,-10.2453,-10.2566,-10.2455,14235800.0
2002-02-12,-10.2483,-10.2449,-10.2503,-10.2478,8010000.0
2002-02-13,-10.2478,-10.2432,-10.2485,-10.2453,11174000.0
2002-02-14,-10.2449,-10.2432,-10.2508,-10.2489,9291800.0
2002-02-15,-10.2496,-10.2455,-10.2557,-10.2551,9292400.0
2002-02-19,-10.2564,-10.2551,-10.2678,-10.2666,13937800.0
2002-02-20,-10.2653,-10.2614,-10.2689,-10.2621,10194400.0
2002-02-21,-10.2639,-10.2587,-10.2771,-10.2766,15955400.0
2002-02-22,-10.2751,-10.2635,-10.2766,-10.2655,14517000.0
2002-02-25,-10.2646,-10.2478,-10.2689,-10.256,15244600.0
2002-02-26,-10.2549,-10.251,-10.261,-10.2571,9290400.0
2002-02-27,-10.2548,-10.2521,-10.2816,-10.2724,36791400.0
2002-02-28,-10.2707,-10.2667,-10.2778,-10.2748,16319200.0
2002-03-01,-10.2728,-10.2587,-10.2737,-10.2592,12464000.0
2002-03-04,-10.2608,-10.2491,-10.2653,-10.2517,12437800.0
2002-03-05,-10.2528,-10.2503,-10.2596,-10.2585,9810800.0
2002-03-06,-10.2589,-10.2512,-10.2639,-10.2535,8078800.0
2002-03-07,-10.2537,-10.2496,-10.2578,-10.2508,9223200.0
2002-03-08,-10.2476,-10.2446,-10.2516,-10.2483,9634800.0
2002-03-11,-10.2489,-10.2441,-10.2533,-10.2448,9385200.0
2002-03-12,-10.2496,-10.2476,-10.2533,-10.2478,9073400.0
2002-03-13,-10.251,-10.2466,-10.2528,-10.2499,7170200.0
2002-03-14,-10.2516,-10.2489,-10.2553,-10.2503,7760600.0
2002-03-15,-10.2501,-10.2453,-10.2521,-10.2457,8603600.0
2002-03-18,-10.2457,-10.2449,-10.2514,-10.2476,10877000.0
2002-03-19,-10.2482,-10.2426,-10.2516,-10.2467,8655200.0
2002-03-20,-10.2483,-10.2441,-10.2498,-10.246,10511400.0
2002-03-21,-10.2555,-10.2516,-10.2608,-10.2517,22012600.0
2002-03-22,-10.2523,-10.2492,-10.2553,-10.2535,7221200.0
2002-03-25,-10.2535,-10.2535,-10.261,-10.2599,9386800.0
2002-03-26,-10.2614,-10.2574,-10.2632,-10.2591,9208600.0
2002-03-27,-10.2599,-10.2567,-10.2608,-10.2589,4560800.0
2002-03-28,-10.2569,-10.2553,-10.2591,-10.2571,3873400.0
2002-04-01,-10.2598,-10.248,-10.2607,-10.2501,7108800.0
2002-04-02,-10.2542,-10.2516,-10.2553,-10.2535,7278400.0
2002-04-03,-10.2539,-10.2499,-10.2589,-10.2564,7661800.0
2002-04-04,-10.2571,-10.2449,-10.2571,-10.2462,12089200.0
2002-04-05,-10.2457,-10.2435,-10.2533,-10.2476,9941000.0
2002-04-08,-10.2528,-10.2482,-10.2562,-10.2492,9339800.0
2002-04-09,-10.2489,-10.2453,-10.2542,-10.2533,6840400.0
2002-04-10,-10.2524,-10.2457,-10.2542,-10.2483,8035000.0
2002-04-11,-10.2449,-10.2435,-10.2474,-10.2466,14544800.0
2002-04-12,-10.2453,-10.2439,-10.2492,-10.2448,11437200.0
2002-04-15,-10.2448,-10.2439,-10.2471,-10.2453,10691800.0
2002-04-16,-10.2439,-10.2364,-10.2442,-10.2387,21949200.0
2002-04-17,-10.2371,-10.2349,-10.2419,-10.2353,14151800.0
2002-04-18,-10.2408,-10.2399,-10.2474,-10.2417,14346800.0
2002-04-19,-10.241,-10.241,-10.246,-10.2455,13407400.0
2002-04-22,-10.2467,-10.246,-10.2521,-10.2496,9622400.0
2002-04-23,-10.2494,-10.2473,-10.2535,-10.2521,8338200.0
2002-04-24,-10.2516,-10.2498,-10.2571,-10.2564,5016000.0
2002-04-25,-10.2582,-10.2512,-10.2582,-10.2532,6935800.0
2002-04-26,-10.2517,-10.251,-10.2632,-10.2632,10892200.0
2002-04-29,-10.2617,-10.2507,-10.2624,-10.2546,9724600.0
2002-04-30,-10.2553,-10.2508,-10.2564,-10.2517,10034400.0
2002-05-01,-10.2517,-10.2517,-10.2599,-10.2544,7668000.0
2002-05-02,-10.256,-10.2512,-10.2578,-10.2571,8548000.0
2002-05-03,-10.2582,-10.2541,-10.2592,-10.2585,8242200.0
2002-05-06,-10.2599,-10.2587,-10.268,-10.2664,8916600.0
2002-05-07,-10.2637,-10.2635,-10.2708,-10.2678,8669600.0
2002-05-08,-10.2614,-10.2496,-10.2628,-10.251,15595800.0
2002-05-09,-10.2521,-10.251,-10.256,-10.2524,8022000.0
2002-05-10,-10.2517,-10.2517,-10.2633,-10.2603,8407000.0
2002-05-13,-10.2585,-10.2535,-10.2637,-10.2548,9486000.0
2002-05-14,-10.2503,-10.2392,-10.2523,-10.2399,18803800.0
2002-05-15,-10.2421,-10.2366,-10.2467,-10.2428,11993800.0
2002-05-16,-10.2448,-10.2414,-10.2474,-10.2435,8109000.0
2002-05-17,-10.241,-10.2383,-10.2489,-10.2453,8446200.0
2002-05-20,-10.2492,-10.246,-10.2496,-10.2476,9639800.0
2002-05-21,-10.2467,-10.2453,-10.2596,-10.2591,10035400.0
2002-05-22,-10.2599,-10.2503,-10.2603,-10.2514,10388400.0
2002-05-23,-10.2503,-10.2432,-10.2535,-10.2437,13192800.0
2002-05-24,-10.2453,-10.2453,-10.2546,-10.2528,5934800.0
2002-05-28,-10.2569,-10.2524,-10.2592,-10.2544,5347000.0
2002-05-29,-10.2549,-10.2503,-10.2592,-10.2544,7921200.0
2002-05-30,-10.2564,-10.2508,-10.2585,-10.2524,7013400.0
2002-05-31,-10.2535,-10.2521,-10.261,-10.2605,13053400.0
2002-06-03,-10.2596,-10.2592,-10.2669,-10.2639,8396800.0
2002-06-04,-10.2642,-10.2628,-10.2705,-10.2651,12422200.0
2002-06-05,-10.2646,-10.2642,-10.2689,-10.2657,9895800.0
2002-06-06,-10.2635,-10.261,-10.2766,-10.2707,9285600.0
2002-06-07,-10.2742,-10.2726,-10.2817,-10.2774,21870600.0
2002-06-10,-10.2767,-10.2735,-10.278,-10.2767,9913400.0
2002-06-11,-10.2753,-10.2748,-10.2864,-10.2858,12482000.0
2002-06-12,-10.2864,-10.2832,-10.2905,-10.2892,18882800.0
2002-06-13,-10.2898,-10.2896,-10.2955,-10.2941,12574400.0
2002-06-14,-10.2967,-10.2867,-10.3067,-10.2891,15175000.0
2002-06-17,-10.2878,-10.2842,-10.2914,-10.2851,11593200.0
2002-06-18,-10.2862,-10.2816,-10.3146,-10.2885,12620000.0
2002-06-19,-10.3135,-10.3114,-10.3178,-10.3157,61052400.0
2002-06-20,-10.3153,-10.3114,-10.3182,-10.3157,14165600.0
2002-06-21,-10.3171,-10.3124,-10.3185,-10.3182,15899200.0
2002-06-24,-10.3189,-10.3103,-10.3194,-10.3142,15426200.0
2002-06-25,-10.3132,-10.3107,-10.318,-10.3155,10757200.0
2002-06-26,-10.3185,-10.3142,-10.3258,-10.3207,19962600.0
2002-06-27,-10.3185,-10.3142,-10.3219,-10.3162,8987800.0
2002-06-28,-10.3158,-10.3094,-10.3167,-10.3103,9637800.0
2002-07-01,-10.3103,-10.3089,-10.3164,-10.3162,7953200.0
2002-07-02,-10.3164,-10.3153,-10.3182,-10.3173,10899600.0
2002-07-03,-10.3185,-10.3107,-10.3189,-10.3117,7108200.0
2002-07-05,-10.3103,-10.3007,-10.3103,-10.3012,5773200.0
2002-07-08,-10.3032,-10.3024,-10.3107,-10.3078,7543000.0
2002-07-09,-10.3071,-10.3053,-10.3126,-10.3121,8098200.0
2002-07-10,-10.3103,-10.3064,-10.3146,-10.3139,7388600.0
2002-07-11,-10.3144,-10.3046,-10.3171,-10.3051,13345600.0
2002-07-12,-10.3028,-10.3007,-10.3144,-10.3126,15839000.0
2002-07-15,-10.3128,-10.3049,-10.3185,-10.3057,10571200.0
2002-07-16,-10.3064,-10.3028,-10.3114,-10.3091,15956000.0
2002-07-17,-10.3246,-10.3239,-10.3328,-10.3289,43410200.0
2002-07-18,-10.3301,-10.3296,-10.3367,-10.3346,19980800.0
2002-07-19,-10.3373,-10.3332,-10.3389,-10.3349,13757400.0
2002-07-22,-10.3367,-10.3328,-10.3382,-10.3353,15389200.0
2002-07-23,-10.3355,-10.3335,-10.3399,-10.3392,14281800.0
2002-07-24,-10.3408,-10.3326,-10.3414,-10.3328,14521200.0
2002-07-25,-10.3353,-10.3349,-10.3435,-10.3403,17119800.0
2002-07-26,-10.3394,-10.3389,-10.3453,-10.3405,7418000.0
2002-07-29,-10.3392,-10.3264,-10.3403,-10.3344,9820000.0
2002-07-30,-10.336,-10.3299,-10.3385,-10.3307,12672800.0
2002-07-31,-10.331,-10.3308,-10.3355,-10.3323,11096400.0
2002-08-01,-10.3335,-10.3308,-10.3371,-10.3364,8177000.0
2002-08-02,-10.3369,-10.3346,-10.3414,-10.3396,6395000.0
2002-08-05,-10.3389,-10.3373,-10.3439,-10.3435,7286600.0
2002-08-06,-10.3417,-10.3324,-10.3428,-10.3369,9716200.0
2002-08-07,-10.3339,-10.3314,-10.3403,-10.3342,11909800.0
2002-08-08,-10.3364,-10.3312,-10.3367,-10.3319,8119600.0
2002-08-09,-10.3324,-10.3324,-10.3367,-10.3346,7347000.0
2002-08-12,-10.3355,-10.3344,-10.3374,-10.3346,6420200.0
2002-08-13,-10.3355,-10.3328,-10.3385,-10.3382,9638200.0
2002-08-14,-10.3374,-10.3314,-10.3387,-10.3332,14253000.0
2002-08-15,-10.3324,-10.3278,-10.3346,-10.3292,11502800.0
2002-08-16,-10.3307,-10.3248,-10.3321,-10.3274,8758000.0
2002-08-19,-10.3276,-10.3235,-10.3282,-10.3258,7734200.0
2002-08-20,-10.326,-10.3249,-10.3299,-10.3264,6665200.0
2002-08-21,-10.3257,-10.3235,-10.3307,-10.3246,7229600.0
2002-08-22,-10.3239,-10.3235,-10.3287,-10.326,9225400.0
2002-08-23,-10.3266,-10.3264,-10.3307,-10.3282,5830200.0
2002-08-26,-10.326,-10.326,-10.3332,-10.3299,6784600.0
2002-08-27,-10.3282,-10.328,-10.3371,-10.336,9365400.0
2002-08-28,-10.3364,-10.3335,-10.3378,-10.3373,8856200.0
2002-08-29,-10.3378,-10.3339,-10.3391,-10.3373,5863200.0
2002-08-30,-10.3371,-10.3333,-10.3383,-10.3367,6911400.0
2002-09-03,-10.3392,-10.3385,-10.3432,-10.3432,9890600.0
2002-09-04,-10.3417,-10.3366,-10.3421,-10.3392,15023600.0
2002-09-05,-10.3416,-10.3403,-10.3432,-10.3419,8077800.0
2002-09-06,-10.3389,-10.3378,-10.3414,-10.3401,6485400.0
2002-09-09,-10.341,-10.3389,-10.3421,-10.3403,5651600.0
2002-09-10,-10.3399,-10.3391,-10.3424,-10.3407,8909600.0
2002-09-11,-10.3405,-10.3382,-10.3421,-10.341,7229000.0
2002-09-12,-10.3417,-10.3389,-10.3428,-10.3423,9636800.0
2002-09-13,-10.3424,-10.3405,-10.3432,-10.3421,10105400.0
2002-09-16,-10.3423,-10.3382,-10.3424,-10.3391,10237200.0
2002-09-17,-10.3385,-10.3342,-10.3385,-10.3364,15285600.0
2002-09-18,-10.3374,-10.3339,-10.3389,-10.3344,11737200.0
2002-09-19,-10.3367,-10.3364,-10.3392,-10.3383,7355200.0
2002-09-20,-10.338,-10.3351,-10.3389,-10.3357,12599600.0
2002-09-23,-10.3367,-10.3349,-10.3396,-10.336,9418200.0
2002-09-24,-10.3399,-10.3362,-10.3399,-10.3378,8952200.0
2002-09-25,-10.3374,-10.3332,-10.3378,-10.3353,9095800.0
2002-09-26,-10.3337,-10.3328,-10.3385,-10.3373,7451600.0
2002-09-27,-10.3392,-10.336,-10.3392,-10.3371,7362600.0
2002-09-30,-10.3399,-10.3385,-10.3423,-10.3391,8489200.0
2002-10-01,-10.3382,-10.3382,-10.3435,-10.3389,12229400.0
2002-10-02,-10.3407,-10.3378,-10.3432,-10.3421,8191000.0
2002-10-03,-10.3419,-10.3385,-10.343,-10.3408,7782000.0
2002-10-04,-10.3403,-10.3399,-10.3435,-10.3432,6815200.0
2002-10-07,-10.3439,-10.3417,-10.3457,-10.3457,8739200.0
2002-10-08,-10.3444,-10.3439,-10.3492,-10.3464,16201600.0
2002-10-09,-10.3476,-10.3449,-10.3489,-10.3471,12738800.0
2002-10-10,-10.3467,-10.3416,-10.3473,-10.3424,11484800.0
2002-10-11,-10.3414,-10.3366,-10.3426,-10.3389,10524200.0
2002-10-14,-10.3385,-10.3348,-10.3396,-10.3367,6943000.0
2002-10-15,-10.3326,-10.3324,-10.3366,-10.3332,14482800.0
2002-10-16,-10.3358,-10.3333,-10.3394,-10.3385,10986600.0
2002-10-17,-10.3417,-10.3401,-10.3437,-10.3424,16760600.0
2002-10-18,-10.3435,-10.3403,-10.3442,-10.3405,10296400.0
2002-10-21,-10.3412,-10.3378,-10.3435,-10.3385,8518600.0
2002-10-22,-10.3392,-10.3357,-10.3412,-10.3373,7791000.0
2002-10-23,-10.3378,-10.3348,-10.3391,-10.3357,7465600.0
2002-10-24,-10.3344,-10.3328,-10.3385,-10.3374,6241000.0
2002-10-25,-10.3373,-10.3307,-10.3382,-10.3308,9966800.0
2002-10-28,-10.3296,-10.326,-10.3324,-10.3292,12475000.0
2002-10-29,-10.3296,-10.3267,-10.3349,-10.3307,9256400.0
2002-10-30,-10.3303,-10.3224,-10.3303,-10.3249,9667000.0
2002-10-31,-10.326,-10.3217,-10.3264,-10.3249,10565600.0
2002-11-01,-10.3262,-10.3212,-10.3267,-10.3224,6779600.0
2002-11-04,-10.3212,-10.3133,-10.3224,-10.3178,13457800.0
2002-11-05,-10.3189,-10.3171,-10.3224,-10.3176,7524800.0
2002-11-06,-10.316,-10.3139,-10.3194,-10.3148,7728200.0
2002-11-07,-10.3173,-10.3158,-10.3274,-10.3257,12006400.0
2002-11-08,-10.3255,-10.3239,-10.3299,-10.3271,6788000.0
2002-11-11,-10.328,-10.3267,-10.3335,-10.3332,5463400.0
2002-11-12,-10.3317,-10.3253,-10.3321,-10.3289,7992600.0
2002-11-13,-10.3301,-10.3249,-10.3321,-10.3292,8276400.0
2002-11-14,-10.3266,-10.3221,-10.3276,-10.323,5061200.0
2002-11-15,-10.3235,-10.3235,-10.3278,-10.326,5749800.0
2002-11-18,-10.3239,-10.3239,-10.3328,-10.3289,5877800.0
2002-11-19,-10.3296,-10.3278,-10.3346,-10.3321,7534000.0
2002-11-20,-10.3319,-10.3283,-10.3324,-10.3299,7455000.0
2002-11-21,-10.3266,-10.3217,-10.3278,-10.3224,14945800.0
2002-11-22,-10.3249,-10.323,-10.3266,-10.3257,8137800.0
2002-11-25,-10.3253,-10.3244,-10.3282,-10.326,7122400.0
2002-11-26,-10.3271,-10.3266,-10.3321,-10.331,8580800.0
2002-11-27,-10.3292,-10.3269,-10.3307,-10.3282,10242800.0
2002-11-29,-10.3274,-10.3267,-10.3308,-10.3301,5122600.0
2002-12-02,-10.3266,-10.3248,-10.3346,-10.333,14240800.0
2002-12-03,-10.3328,-10.3316,-10.3337,-10.3332,8138200.0
2002-12-04,-10.333,-10.3328,-10.3391,-10.3349,11634200.0
2002-12-05,-10.3342,-10.3339,-10.3389,-10.3378,8692800.0
2002-12-06,-10.3378,-10.3328,-10.3389,-10.3349,8762800.0
2002-12-09,-10.3351,-10.3349,-10.3374,-10.3367,8431600.0
2002-12-10,-10.3367,-10.3307,-10.3371,-10.3321,11021800.0
2002-12-11,-10.3319,-10.3303,-10.3339,-10.3303,9053600.0
2002-12-12,-10.3299,-10.3296,-10.3346,-10.3328,5333600.0
2002-12-13,-10.3333,-10.3332,-10.3378,-10.3364,5885000.0
2002-12-16,-10.3364,-10.3337,-10.3382,-10.336,8986600.0
2002-12-17,-10.336,-10.3328,-10.3376,-10.3339,7952200.0
2002-12-18,-10.3364,-10.3358,-10.3391,-10.3385,5382200.0
2002-12-19,-10.3389,-10.3353,-10.3426,-10.3417,12411400.0
2002-12-20,-10.3408,-10.3385,-10.3455,-10.3423,11360600.0
2002-12-23,-10.3421,-10.3385,-10.3424,-10.3392,4493800.0
2002-12-24,-10.3396,-10.3392,-10.3408,-10.3403,1405000.0
2002-12-26,-10.3398,-10.3364,-10.341,-10.3399,3050800.0
2002-12-27,-10.3407,-10.3401,-10.3435,-10.343,2858400.0
2002-12-30,-10.3428,-10.3421,-10.3449,-10.3432,5537200.0
2002-12-31,-10.3435,-10.3403,-10.3439,-10.3407,7168800.0
2003-01-02,-10.3403,-10.3353,-10.3403,-10.3364,6479600.0
2003-01-03,-10.3364,-10.3353,-10.3382,-10.3355,5266200.0
2003-01-06,-10.3342,-10.3312,-10.3357,-10.3355,13947600.0
2003-01-07,-10.3364,-10.3346,-10.3392,-10.336,12226600.0
2003-01-08,-10.3383,-10.3371,-10.3396,-10.3385,8201600.0
2003-01-09,-10.3382,-10.3353,-10.3391,-10.3374,7687600.0
2003-01-10,-10.3383,-10.3362,-10.3392,-10.3371,6253600.0
2003-01-13,-10.3355,-10.3355,-10.3403,-10.3378,6390800.0
2003-01-14,-10.3374,-10.3362,-10.3392,-10.3382,6673600.0
2003-01-15,-10.3382,-10.3373,-10.3439,-10.3396,13254600.0
2003-01-16,-10.3417,-10.3367,-10.3417,-10.338,19966800.0
2003-01-17,-10.3385,-10.3385,-10.3428,-10.3426,9527200.0
2003-01-21,-10.3417,-10.3399,-10.3435,-10.3433,9052000.0
2003-01-22,-10.3437,-10.3421,-10.3453,-10.3446,7683600.0
2003-01-23,-10.3432,-10.3403,-10.3439,-10.3421,8152000.0
2003-01-24,-10.3414,-10.3414,-10.3474,-10.3453,10909600.0
2003-01-27,-10.3464,-10.3391,-10.3467,-10.3424,13978800.0
2003-01-28,-10.3414,-10.3374,-10.3421,-10.3383,10223400.0
2003-01-29,-10.3389,-10.3337,-10.3408,-10.3353,13323000.0
2003-01-30,-10.3348,-10.3339,-10.341,-10.3407,14537800.0
2003-01-31,-10.3417,-10.3385,-10.3432,-10.3403,12186600.0
2003-02-03,-10.3399,-10.3353,-10.3403,-10.3376,9456600.0
2003-02-04,-10.3396,-10.3378,-10.3407,-10.3382,11336200.0
2003-02-05,-10.3371,-10.3353,-10.3396,-10.3396,7914800.0
2003-02-06,-10.3403,-10.3378,-10.3416,-10.3396,6398200.0
2003-02-07,-10.3385,-10.3382,-10.3428,-10.3421,9632200.0
2003-02-10,-10.3412,-10.3385,-10.343,-10.3403,5996000.0
2003-02-11,-10.3391,-10.3378,-10.3417,-10.3403,5885000.0
2003-02-12,-10.341,-10.3382,-10.341,-10.3399,8167400.0
2003-02-13,-10.3399,-10.3378,-10.3414,-10.3387,7446200.0
2003-02-14,-10.3382,-10.3371,-10.3403,-10.3374,8689200.0
2003-02-18,-10.3367,-10.3317,-10.3371,-10.3321,10389200.0
2003-02-19,-10.3339,-10.3332,-10.3374,-10.336,8584600.0
2003-02-20,-10.336,-10.3349,-10.3371,-10.3367,8012600.0
2003-02-21,-10.3362,-10.3341,-10.3378,-10.3346,5623000.0
2003-02-24,-10.3358,-10.3342,-10.3453,-10.3369,6437600.0
2003-02-25,-10.3374,-10.3339,-10.3383,-10.3344,6737200.0
2003-02-26,-10.3346,-10.3344,-10.3392,-10.3391,7753400.0
2003-02-27,-10.3385,-10.3346,-10.3389,-10.3358,5512200.0
2003-02-28,-10.3358,-10.3339,-10.3367,-10.3346,6967800.0
2003-03-03,-10.3346,-10.3332,-10.3385,-10.3378,7277200.0
2003-03-04,-10.3369,-10.3364,-10.3396,-10.3385,4514800.0
2003-03-05,-10.3382,-10.3364,-10.3389,-10.338,4524400.0
2003-03-06,-10.3383,-10.3382,-10.3399,-10.3385,3566400.0
2003-03-07,-10.3392,-10.3371,-10.3407,-10.3389,7178000.0
2003-03-10,-10.3389,-10.3374,-10.3408,-10.3403,4806200.0
2003-03-11,-10.3403,-10.3392,-10.3424,-10.3414,5756800.0
2003-03-12,-10.3421,-10.3399,-10.343,-10.3416,7948600.0
2003-03-13,-10.3392,-10.3364,-10.3421,-10.3371,11980200.0
2003-03-14,-10.3374,-10.3346,-10.3378,-10.3366,5467800.0
2003-03-17,-10.3353,-10.3339,-10.3371,-10.3346,14282600.0
2003-03-18,-10.3346,-10.3339,-10.3362,-10.3346,8213600.0
2003-03-19,-10.3339,-10.3332,-10.3364,-10.3349,5047000.0
2003-03-20,-10.3353,-10.3346,-10.3382,-10.3353,5827800.0
2003-03-21,-10.3339,-10.3332,-10.3362,-10.3346,10641000.0
2003-03-24,-10.3374,-10.3364,-10.3403,-10.3403,5753600.0
2003-03-25,-10.3399,-10.336,-10.3403,-10.3385,5989200.0
2003-03-26,-10.3385,-10.3385,-10.3408,-10.3399,6369400.0
2003-03-27,-10.3407,-10.3373,-10.3407,-10.3392,4371200.0
2003-03-28,-10.3399,-10.338,-10.3403,-10.3385,5189400.0
2003-03-31,-10.3403,-10.3389,-10.3432,-10.3423,9166400.0
2003-04-01,-10.3417,-10.3407,-10.3428,-10.3421,5512200.0
2003-04-02,-10.3399,-10.3374,-10.3412,-10.3382,6120400.0
2003-04-03,-10.3385,-10.3373,-10.3403,-10.3394,5204000.0
2003-04-04,-10.3389,-10.3374,-10.3399,-10.3399,5215000.0
2003-04-07,-10.3362,-10.3349,-10.3399,-10.3392,7030800.0
2003-04-08,-10.3389,-10.3378,-10.3403,-10.3396,4604800.0
2003-04-09,-10.3389,-10.338,-10.3423,-10.3417,5240200.0
2003-04-10,-10.3417,-10.3399,-10.3417,-10.3403,3825000.0
2003-04-11,-10.3432,-10.3396,-10.3532,-10.3507,49739600.0
2003-04-14,-10.346,-10.3457,-10.348,-10.3473,17962800.0
2003-04-15,-10.3471,-10.3471,-10.3498,-10.3489,10856000.0
2003-04-16,-10.3524,-10.3464,-10.3532,-10.3503,36292000.0
2003-04-17,-10.3507,-10.3503,-10.3549,-10.3514,22009200.0
2003-04-21,-10.3514,-10.3507,-10.3526,-10.3512,5440000.0
2003-04-22,-10.3507,-10.3469,-10.3517,-10.3478,10734600.0
2003-04-23,-10.3478,-10.3467,-10.3492,-10.3473,7488600.0
2003-04-24,-10.3478,-10.3471,-10.3524,-10.3485,11611000.0
2003-04-25,-10.3483,-10.3473,-10.3503,-10.3492,7332800.0
2003-04-28,-10.3482,-10.3439,-10.3485,-10.3448,22742800.0
2003-04-29,-10.3437,-10.3421,-10.3473,-10.343,16365600.0
2003-04-30,-10.3442,-10.3403,-10.3449,-10.3416,16363400.0
2003-05-01,-10.3414,-10.3399,-10.3435,-10.3403,12241400.0
2003-05-02,-10.3394,-10.3382,-10.3405,-10.3396,11470800.0
2003-05-05,-10.3367,-10.3178,-10.3367,-10.3249,55561000.0
2003-05-06,-10.3246,-10.3087,-10.3248,-10.3123,54089000.0
2003-05-07,-10.3139,-10.3057,-10.3157,-10.311,37656400.0
2003-05-08,-10.3103,-10.3071,-10.3141,-10.3078,24562000.0
2003-05-09,-10.3049,-10.3042,-10.3089,-10.3051,21013800.0
2003-05-12,-10.3064,-10.3012,-10.3067,-10.3028,14977600.0
2003-05-13,-10.3039,-10.2992,-10.3082,-10.3017,15957000.0
2003-05-14,-10.3003,-10.3003,-10.3039,-10.3028,12696000.0
2003-05-15,-10.3024,-10.3003,-10.3035,-10.3014,10178400.0
2003-05-16,-10.3021,-10.2989,-10.3053,-10.3007,12201000.0
2003-05-19,-10.3028,-10.3021,-10.3073,-10.3069,15924600.0
2003-05-20,-10.3069,-10.3064,-10.3114,-10.3096,14865000.0
2003-05-21,-10.3096,-10.3071,-10.3107,-10.3092,10893200.0
2003-05-22,-10.3089,-10.3042,-10.3101,-10.3057,6373600.0
2003-05-23,-10.3062,-10.3037,-10.3082,-10.3049,7382800.0
2003-05-27,-10.3082,-10.2998,-10.3085,-10.2999,10361800.0
2003-05-28,-10.3033,-10.3019,-10.3064,-10.3053,12131400.0
2003-05-29,-10.3053,-10.3033,-10.3087,-10.3069,11920200.0
2003-05-30,-10.3067,-10.3062,-10.3121,-10.3082,13669600.0
2003-06-02,-10.3064,-10.3053,-10.3142,-10.3128,14949600.0
2003-06-03,-10.3128,-10.3107,-10.3166,-10.3139,12887800.0
2003-06-04,-10.3141,-10.3096,-10.3155,-10.3114,9685800.0
2003-06-05,-10.3128,-10.3101,-10.3139,-10.311,7339200.0
2003-06-06,-10.3101,-10.3074,-10.3155,-10.3153,8621000.0
2003-06-09,-10.3173,-10.3164,-10.3199,-10.3185,9284000.0
2003-06-10,-10.3178,-10.3142,-10.3189,-10.3151,6308800.0
2003-06-11,-10.3153,-10.3121,-10.3183,-10.3128,8039800.0
2003-06-12,-10.3121,-10.3089,-10.3128,-10.3099,9021000.0
2003-06-13,-10.3099,-10.3082,-10.3157,-10.313,6830200.0
2003-06-16,-10.3114,-10.3053,-10.3128,-10.3053,8518800.0
2003-06-17,-10.3042,-10.3033,-10.3078,-10.306,6338000.0
2003-06-18,-10.3041,-10.2946,-10.3051,-10.2978,16249400.0
2003-06-19,-10.2957,-10.2935,-10.301,-10.2976,13626000.0
2003-06-20,-10.2942,-10.2937,-10.2998,-10.2971,12733800.0
2003-06-23,-10.2962,-10.2928,-10.301,-10.2983,10977200.0
2003-06-24,-10.2942,-10.2928,-10.3014,-10.3008,18370800.0
2003-06-25,-10.3001,-10.2953,-10.3014,-10.2982,11779000.0
2003-06-26,-10.3016,-10.296,-10.3016,-10.2964,5775200.0
2003-06-27,-10.2962,-10.296,-10.3035,-10.3014,13064000.0
2003-06-30,-10.3021,-10.2971,-10.3024,-10.2983,7934000.0
2003-07-01,-10.2994,-10.2973,-10.3032,-10.2982,6464000.0
2003-07-02,-10.2985,-10.2953,-10.2987,-10.2964,11617800.0
2003-07-03,-10.2989,-10.2939,-10.2991,-10.2978,4920400.0
2003-07-07,-10.2964,-10.2883,-10.2978,-10.291,10224000.0
2003-07-08,-10.2942,-10.2855,-10.2946,-10.2864,9169200.0
2003-07-09,-10.2882,-10.286,-10.291,-10.291,7630200.0
2003-07-10,-10.291,-10.2905,-10.2957,-10.2937,6104800.0
2003-07-11,-10.2928,-10.2899,-10.2941,-10.2914,4887800.0
2003-07-14,-10.2894,-10.2864,-10.291,-10.2908,6728800.0
2003-07-15,-10.2896,-10.2878,-10.2949,-10.2935,7380200.0
2003-07-16,-10.2903,-10.2899,-10.2955,-10.291,8961800.0
2003-07-17,-10.2882,-10.2814,-10.2889,-10.2819,26829000.0
2003-07-18,-10.2821,-10.2794,-10.2864,-10.2823,10672800.0
2003-07-21,-10.2835,-10.2828,-10.2873,-10.2846,6564600.0
2003-07-22,-10.2821,-10.2814,-10.2855,-10.2828,7086600.0
2003-07-23,-10.2816,-10.2814,-10.2858,-10.2828,5108400.0
2003-07-24,-10.2807,-10.2766,-10.2866,-10.2853,8187000.0
2003-07-25,-10.2864,-10.276,-10.2864,-10.2762,7738800.0
2003-07-28,-10.2766,-10.2766,-10.2823,-10.281,6084200.0
2003-07-29,-10.281,-10.2803,-10.2853,-10.2835,7040000.0
2003-07-30,-10.2832,-10.2819,-10.2885,-10.2874,6199800.0
2003-07-31,-10.2835,-10.2778,-10.2849,-10.2803,10766600.0
2003-08-01,-10.281,-10.2785,-10.2842,-10.2835,5343000.0
2003-08-04,-10.2853,-10.2766,-10.2874,-10.2792,8218400.0
2003-08-05,-10.2776,-10.2774,-10.2891,-10.2866,8908600.0
2003-08-06,-10.2894,-10.2885,-10.2944,-10.2932,8766600.0
2003-08-07,-10.2917,-10.2892,-10.2951,-10.2907,6227800.0
2003-08-08,-10.2891,-10.2889,-10.2935,-10.2932,4916400.0
2003-08-11,-10.2917,-10.2907,-10.2942,-10.293,4901000.0
2003-08-12,-10.2917,-10.2917,-10.2948,-10.2926,5872800.0
2003-08-13,-10.2914,-10.2869,-10.2937,-10.2883,10146400.0
2003-08-14,-10.2885,-10.2871,-10.2905,-10.2903,6885000.0
2003-08-15,-10.2898,-10.2892,-10.293,-10.2924,4495200.0
2003-08-18,-10.2914,-10.2864,-10.2924,-10.2869,6884800.0
2003-08-19,-10.2867,-10.286,-10.2899,-10.2871,4774600.0
2003-08-20,-10.2882,-10.2785,-10.2887,-10.281,9757600.0
2003-08-21,-10.2807,-10.2748,-10.2814,-10.2749,9118800.0
2003-08-22,-10.2721,-10.2721,-10.2842,-10.2821,8938000.0
2003-08-25,-10.283,-10.2817,-10.2857,-10.2823,4920800.0
2003-08-26,-10.2832,-10.2803,-10.2867,-10.2807,5891400.0
2003-08-27,-10.2817,-10.2767,-10.2841,-10.2767,8060800.0
2003-08-28,-10.2757,-10.2701,-10.2782,-10.2703,11415200.0
2003-08-29,-10.2703,-10.2646,-10.2717,-10.2667,9398400.0
2003-09-02,-10.266,-10.2641,-10.2685,-10.2646,8647600.0
2003-09-03,-10.2649,-10.2603,-10.2653,-10.2635,9601000.0
2003-09-04,-10.2617,-10.261,-10.2653,-10.2646,7135000.0
2003-09-05,-10.2658,-10.2617,-10.2685,-10.2676,8576200.0
2003-09-08,-10.2676,-10.2649,-10.2678,-10.2655,5973000.0
2003-09-09,-10.2671,-10.266,-10.271,-10.2689,6441800.0
2003-09-10,-10.2699,-10.2667,-10.271,-10.2705,8031800.0
2003-09-11,-10.2699,-10.2649,-10.2712,-10.2671,7631600.0
2003-09-12,-10.2678,-10.2619,-10.2692,-10.2623,6428200.0
2003-09-15,-10.2649,-10.2641,-10.271,-10.2703,8101600.0
2003-09-16,-10.2703,-10.2658,-10.2703,-10.2689,9607400.0
2003-09-17,-10.2689,-10.2687,-10.2733,-10.271,10335600.0
2003-09-18,-10.2717,-10.2632,-10.2724,-10.2642,9032400.0
2003-09-19,-10.2642,-10.2628,-10.2682,-10.2669,7355600.0
2003-09-22,-10.2705,-10.2676,-10.2728,-10.2714,6422200.0
2003-09-23,-10.2717,-10.268,-10.2732,-10.2682,4730400.0
2003-09-24,-10.2699,-10.2692,-10.2803,-10.2782,10760200.0
2003-09-25,-10.278,-10.2778,-10.2878,-10.286,20513600.0
2003-09-26,-10.2874,-10.2773,-10.2887,-10.2839,12401800.0
2003-09-29,-10.2753,-10.2749,-10.2842,-10.2783,13060800.0
2003-09-30,-10.2803,-10.2791,-10.286,-10.2835,10193800.0
2003-10-01,-10.2832,-10.2801,-10.2882,-10.2828,8432600.0
2003-10-02,-10.2828,-10.2828,-10.2874,-10.2849,7287800.0
2003-10-03,-10.281,-10.2733,-10.2821,-10.2749,10700000.0
2003-10-06,-10.2749,-10.2692,-10.2758,-10.2696,9583200.0
2003-10-07,-10.2717,-10.2596,-10.2728,-10.2612,14934800.0
2003-10-08,-10.261,-10.2583,-10.2657,-10.2626,15309600.0
2003-10-09,-10.2605,-10.2571,-10.2649,-10.2592,12419600.0
2003-10-10,-10.2587,-10.256,-10.2599,-10.2571,6244200.0
2003-10-13,-10.256,-10.2507,-10.2567,-10.251,9995200.0
2003-10-14,-10.2514,-10.2476,-10.2526,-10.2492,9836400.0
2003-10-15,-10.2464,-10.2451,-10.2491,-10.2469,21789400.0
2003-10-16,-10.256,-10.2557,-10.2685,-10.261,34845800.0
2003-10-17,-10.2589,-10.2589,-10.2682,-10.2653,12850400.0
2003-10-20,-10.2667,-10.2601,-10.2687,-10.2612,9969000.0
2003-10-21,-10.2603,-10.2596,-10.2653,-10.2616,6302200.0
2003-10-22,-10.2639,-10.2614,-10.266,-10.2653,5771400.0
2003-10-23,-10.2657,-10.2617,-10.2667,-10.2632,5900400.0
2003-10-24,-10.2671,-10.2646,-10.2699,-10.2667,7852000.0
2003-10-27,-10.2653,-10.2642,-10.2678,-10.2667,5786200.0
2003-10-28,-10.2673,-10.2564,-10.2685,-10.2567,8989800.0
2003-10-29,-10.2585,-10.2551,-10.2601,-10.2571,9538600.0
2003-10-30,-10.2542,-10.2542,-10.2642,-10.2624,9305600.0
2003-10-31,-10.2607,-10.2599,-10.2651,-10.2642,7791200.0
2003-11-03,-10.2646,-10.2605,-10.2651,-10.2617,10815800.0
2003-11-04,-10.2624,-10.2623,-10.2667,-10.2639,8901200.0
2003-11-05,-10.2648,-10.2621,-10.2678,-10.2628,11516800.0
2003-11-06,-10.2639,-10.2617,-10.2664,-10.2621,14181200.0
2003-11-07,-10.2614,-10.261,-10.2682,-10.2676,7505200.0
2003-11-10,-10.2682,-10.2664,-10.2735,-10.273,8367000.0
2003-11-11,-10.2735,-10.2719,-10.2767,-10.2762,7681200.0
2003-11-12,-10.2767,-10.2657,-10.2767,-10.2692,10714400.0
2003-11-13,-10.2714,-10.2671,-10.2728,-10.2683,7599000.0
2003-11-14,-10.2678,-10.2667,-10.2785,-10.2769,8466000.0
2003-11-17,-10.2778,-10.2778,-10.2814,-10.2799,8152000.0
2003-11-18,-10.2792,-10.278,-10.2867,-10.2864,9542600.0
2003-11-19,-10.2849,-10.2842,-10.2876,-10.2862,12306600.0
2003-11-20,-10.2858,-10.2803,-10.2891,-10.2866,8556800.0
2003-11-21,-10.2869,-10.2848,-10.2914,-10.2874,8637000.0
2003-11-24,-10.2857,-10.2785,-10.286,-10.2796,13636600.0
2003-11-25,-10.2789,-10.2789,-10.2844,-10.2839,9594800.0
2003-11-26,-10.2821,-10.2796,-10.2878,-10.2835,8754600.0
2003-11-28,-10.2832,-10.2803,-10.2853,-10.2817,2717800.0
2003-12-01,-10.2807,-10.2735,-10.281,-10.2746,12912000.0
2003-12-02,-10.2755,-10.273,-10.2774,-10.2762,7332000.0
2003-12-03,-10.2757,-10.2735,-10.2814,-10.2807,6832000.0
2003-12-04,-10.2816,-10.2796,-10.2832,-10.2796,6355000.0
2003-12-05,-10.2819,-10.2796,-10.2835,-10.2824,6649200.0
2003-12-08,-10.283,-10.2803,-10.2864,-10.2807,5294200.0
2003-12-09,-10.2796,-10.2789,-10.2864,-10.286,4826600.0
2003-12-10,-10.2853,-10.2846,-10.2903,-10.2866,9690600.0
2003-12-11,-10.2878,-10.278,-10.2882,-10.2792,6540600.0
2003-12-12,-10.2796,-10.2782,-10.2837,-10.2821,6881200.0
2003-12-15,-10.2774,-10.2767,-10.2892,-10.2885,13889600.0
2003-12-16,-10.2891,-10.2857,-10.2899,-10.2889,13355600.0
2003-12-17,-10.2899,-10.2889,-10.2917,-10.291,9795000.0
2003-12-18,-10.2908,-10.2883,-10.2908,-10.2896,11818400.0
2003-12-19,-10.2882,-10.2862,-10.2933,-10.2926,16198600.0
2003-12-22,-10.2932,-10.291,-10.2967,-10.2914,13466600.0
2003-12-23,-10.2907,-10.2903,-10.2935,-10.2917,11017800.0
2003-12-24,-10.2924,-10.2846,-10.2932,-10.2864,6338400.0
2003-12-26,-10.2867,-10.2817,-10.2869,-10.283,3703400.0
2003-12-29,-10.2817,-10.2796,-10.2823,-10.2796,8337800.0
2003-12-30,-10.2794,-10.2766,-10.2796,-10.2785,7316200.0
2003-12-31,-10.2778,-10.2764,-10.2794,-10.2778,6230400.0
2004-01-02,-10.276,-10.2742,-10.2794,-10.2785,5165800.0
2004-01-05,-10.2773,-10.2685,-10.2773,-10.2707,14107800.0
2004-01-06,-10.2699,-10.2683,-10.2746,-10.2714,18191000.0
2004-01-07,-10.2712,-10.2646,-10.2728,-10.2667,20959800.0
2004-01-08,-10.2648,-10.2567,-10.2664,-10.2599,16439400.0
2004-01-09,-10.261,-10.2532,-10.2649,-10.2632,15266400.0
2004-01-12,-10.2608,-10.2542,-10.2623,-10.2567,17412400.0
2004-01-13,-10.248,-10.2467,-10.2555,-10.2532,24250600.0
2004-01-14,-10.2507,-10.2494,-10.2562,-10.2524,22144400.0
2004-01-15,-10.2646,-10.2596,-10.2676,-10.2646,36364600.0
2004-01-16,-10.2632,-10.2628,-10.2667,-10.2657,13315000.0
2004-01-20,-10.266,-10.2649,-10.2699,-10.2657,11283800.0
2004-01-21,-10.2658,-10.2635,-10.2682,-10.2667,8095000.0
2004-01-22,-10.2664,-10.2646,-10.2705,-10.2705,7321600.0
2004-01-23,-10.2699,-10.2655,-10.2699,-10.2671,8113200.0
2004-01-26,-10.2674,-10.2626,-10.2682,-10.2632,9688200.0
2004-01-27,-10.2628,-10.261,-10.2649,-10.2624,10966800.0
2004-01-28,-10.2646,-10.2598,-10.2685,-10.2674,9835800.0
2004-01-29,-10.2666,-10.2649,-10.2703,-10.266,7596400.0
2004-01-30,-10.2664,-10.2642,-10.2683,-10.2671,6617800.0
2004-02-02,-10.268,-10.2649,-10.2714,-10.2692,10265400.0
2004-02-03,-10.2694,-10.2685,-10.2721,-10.2698,6457600.0
2004-02-04,-10.2721,-10.2714,-10.2748,-10.2739,10912600.0
2004-02-05,-10.2737,-10.2639,-10.2739,-10.2683,12601600.0
2004-02-06,-10.2682,-10.2642,-10.2685,-10.2657,6905000.0
2004-02-09,-10.2671,-10.2644,-10.2676,-10.2662,6723600.0
2004-02-10,-10.2666,-10.2621,-10.2682,-10.2633,9119400.0
2004-02-11,-10.2621,-10.2553,-10.2628,-10.256,12448000.0
2004-02-12,-10.2574,-10.2542,-10.2578,-10.2567,6571000.0
2004-02-13,-10.2557,-10.2533,-10.2646,-10.2632,11285000.0
2004-02-17,-10.2623,-10.2589,-10.2623,-10.2617,6105600.0
2004-02-18,-10.2617,-10.2592,-10.2628,-10.2608,5058400.0
2004-02-19,-10.2603,-10.2574,-10.2685,-10.2678,11538600.0
2004-02-20,-10.2678,-10.2674,-10.2703,-10.2685,9914400.0
2004-02-23,-10.2687,-10.268,-10.2732,-10.2703,6931400.0
2004-02-24,-10.271,-10.2655,-10.2721,-10.2689,9252000.0
2004-02-25,-10.2701,-10.2641,-10.2703,-10.2649,9867000.0
2004-02-26,-10.2646,-10.2616,-10.2649,-10.2628,7086000.0
2004-02-27,-10.2635,-10.2541,-10.2635,-10.2549,16744200.0
2004-03-01,-10.2535,-10.2516,-10.2553,-10.2541,11488600.0
2004-03-02,-10.2542,-10.2533,-10.2564,-10.256,9167400.0
2004-03-03,-10.2578,-10.2524,-10.2578,-10.2549,8040400.0
2004-03-04,-10.2546,-10.2433,-10.2549,-10.2439,23579400.0
2004-03-05,-10.2457,-10.2232,-10.2462,-10.2298,55021400.0
2004-03-08,-10.2292,-10.2292,-10.2382,-10.2364,18674000.0
2004-03-09,-10.2373,-10.2253,-10.2385,-10.2266,22084400.0
2004-03-10,-10.2271,-10.2173,-10.228,-10.2214,35963000.0
2004-03-11,-10.2251,-10.2182,-10.2267,-10.226,21280400.0
2004-03-12,-10.2246,-10.2205,-10.226,-10.2224,11758000.0
2004-03-15,-10.2274,-10.2242,-10.2341,-10.2324,17204200.0
2004-03-16,-10.2312,-10.231,-10.2417,-10.238,21622600.0
2004-03-17,-10.2357,-10.233,-10.2383,-10.2346,14694000.0
2004-03-18,-10.2371,-10.2358,-10.2399,-10.2392,11467200.0
2004-03-19,-10.2389,-10.228,-10.2405,-10.2376,14592000.0
2004-03-22,-10.2426,-10.2349,-10.2432,-10.2376,14965400.0
2004-03-23,-10.2371,-10.2364,-10.2433,-10.2428,13768400.0
2004-03-24,-10.2426,-10.2385,-10.2428,-10.2408,15293400.0
2004-03-25,-10.2355,-10.2282,-10.2374,-10.2285,20230200.0
2004-03-26,-10.2271,-10.2242,-10.2282,-10.2271,14996200.0
2004-03-29,-10.2239,-10.2185,-10.2257,-10.2192,12526000.0
2004-03-30,-10.2198,-10.2189,-10.2244,-10.2192,12845600.0
2004-03-31,-10.2194,-10.2187,-10.2278,-10.2271,13956200.0
2004-04-01,-10.2283,-10.2249,-10.2308,-10.2264,11369000.0
2004-04-02,-10.2208,-10.2192,-10.2253,-10.223,9802800.0
2004-04-05,-10.2232,-10.2153,-10.2235,-10.2157,13774000.0
2004-04-06,-10.2214,-10.2171,-10.2235,-10.2199,9214000.0
2004-04-07,-10.2219,-10.2212,-10.2282,-10.2246,9111400.0
2004-04-08,-10.2194,-10.2185,-10.2257,-10.2228,8604200.0
2004-04-12,-10.223,-10.2176,-10.2232,-10.2182,8233600.0
2004-04-13,-10.2182,-10.2182,-10.2289,-10.2282,15585600.0
2004-04-14,-10.2294,-10.2267,-10.2335,-10.2307,22847600.0
2004-04-15,-10.2112,-10.2044,-10.2171,-10.2069,62908800.0
2004-04-16,-10.2089,-10.2067,-10.2141,-10.208,14390400.0
2004-04-19,-10.2174,-10.2117,-10.2199,-10.2153,25441200.0
2004-04-20,-10.2162,-10.2149,-10.2224,-10.221,12661400.0
2004-04-21,-10.2221,-10.2174,-10.2242,-10.221,11638400.0
2004-04-22,-10.2223,-10.2169,-10.2264,-10.2205,12306600.0
2004-04-23,-10.2208,-10.2185,-10.2271,-10.2212,11279600.0
2004-04-26,-10.2224,-10.2217,-10.2274,-10.2264,8254600.0
2004-04-27,-10.2244,-10.2235,-10.2303,-10.228,10138000.0
2004-04-28,-10.2289,-10.2274,-10.2333,-10.2324,8256000.0
2004-04-29,-10.2335,-10.2274,-10.2366,-10.2296,16456800.0
2004-04-30,-10.2299,-10.2278,-10.241,-10.2383,16660800.0
2004-05-03,-10.2364,-10.2335,-10.2387,-10.2357,10629800.0
2004-05-04,-10.2358,-10.2314,-10.2408,-10.2351,9999400.0
2004-05-05,-10.2346,-10.2296,-10.2367,-10.2307,8503800.0
2004-05-06,-10.2328,-10.2296,-10.2373,-10.2312,9412800.0
2004-05-07,-10.2314,-10.2224,-10.2314,-10.2303,14965600.0
2004-05-10,-10.2339,-10.231,-10.2369,-10.2339,8927800.0
2004-05-11,-10.2328,-10.2257,-10.2328,-10.2262,10899000.0
2004-05-12,-10.2292,-10.2244,-10.2342,-10.2248,8765000.0
2004-05-13,-10.2264,-10.221,-10.2283,-10.2257,8209000.0
2004-05-14,-10.2264,-10.2246,-10.2324,-10.2269,9207200.0
2004-05-17,-10.2301,-10.2269,-10.2332,-10.2307,10730200.0
2004-05-18,-10.2278,-10.2249,-10.2292,-10.2269,7359400.0
2004-05-19,-10.2239,-10.223,-10.2326,-10.2321,13414000.0
2004-05-20,-10.2307,-10.2274,-10.2321,-10.2299,7010600.0
2004-05-21,-10.2278,-10.2257,-10.2299,-10.2264,6424800.0
2004-05-24,-10.2253,-10.2194,-10.2264,-10.2244,8414400.0
2004-05-25,-10.223,-10.2139,-10.2249,-10.2149,11427800.0
2004-05-26,-10.2157,-10.2116,-10.2185,-10.2139,11506000.0
2004-05-27,-10.2142,-10.2132,-10.2201,-10.2171,8427600.0
2004-05-28,-10.2178,-10.216,-10.2203,-10.218,5204200.0
2004-06-01,-10.2203,-10.2167,-10.2221,-10.218,6504800.0
2004-06-02,-10.2182,-10.2082,-10.2203,-10.2103,11382600.0
2004-06-03,-10.2121,-10.2096,-10.216,-10.2149,8961800.0
2004-06-04,-10.2135,-10.2074,-10.2139,-10.2116,14254000.0
2004-06-07,-10.2096,-10.2008,-10.2114,-10.2024,10567000.0
2004-06-08,-10.2014,-10.1967,-10.2021,-10.1974,14843600.0
2004-06-09,-10.1999,-10.1942,-10.2007,-10.1989,12471600.0
2004-06-10,-10.1989,-10.1921,-10.1989,-10.1941,9199200.0
2004-06-14,-10.1949,-10.1946,-10.2051,-10.1996,8713800.0
2004-06-15,-10.1983,-10.1905,-10.1983,-10.1946,15879800.0
2004-06-16,-10.1951,-10.171,-10.196,-10.1762,32487200.0
2004-06-17,-10.1762,-10.1728,-10.181,-10.1757,19690000.0
2004-06-18,-10.178,-10.1703,-10.1789,-10.1746,14509000.0
2004-06-21,-10.1728,-10.1694,-10.1817,-10.1799,13936200.0
2004-06-22,-10.1799,-10.1732,-10.1803,-10.1739,12875400.0
2004-06-23,-10.1739,-10.1664,-10.1749,-10.1676,13959600.0
2004-06-24,-10.1678,-10.1676,-10.1741,-10.1723,9018400.0
2004-06-25,-10.1739,-10.1676,-10.1739,-10.1676,11551000.0
2004-06-28,-10.1642,-10.1632,-10.181,-10.1785,18610600.0
2004-06-29,-10.1819,-10.1739,-10.1882,-10.1783,21091200.0
2004-06-30,-10.1783,-10.1742,-10.1839,-10.178,13323000.0
2004-07-01,-10.1821,-10.1785,-10.1837,-10.1801,12212200.0
2004-07-02,-10.1967,-10.1901,-10.2032,-10.191,32524400.0
2004-07-06,-10.1908,-10.188,-10.1935,-10.1921,12463600.0
2004-07-07,-10.1935,-10.1885,-10.1996,-10.1971,14214000.0
2004-07-08,-10.1996,-10.1946,-10.201,-10.1994,8335000.0
2004-07-09,-10.1982,-10.1962,-10.2003,-10.2003,7459400.0
2004-07-12,-10.2007,-10.2003,-10.2103,-10.2083,18272200.0
2004-07-13,-10.2074,-10.2042,-10.2094,-10.2076,11292000.0
2004-07-14,-10.208,-10.201,-10.2119,-10.2044,29850000.0
2004-07-15,-10.1769,-10.1682,-10.1817,-10.1746,63133000.0
2004-07-16,-10.1746,-10.1746,-10.1817,-10.181,17442200.0
2004-07-19,-10.1824,-10.1808,-10.1858,-10.1832,19041800.0
2004-07-20,-10.1835,-10.1796,-10.1867,-10.181,11562400.0
2004-07-21,-10.1801,-10.1764,-10.1887,-10.1862,10759200.0
2004-07-22,-10.1887,-10.1853,-10.1912,-10.1857,11932800.0
2004-07-23,-10.1853,-10.1849,-10.1964,-10.1944,9770400.0
2004-07-26,-10.1932,-10.1878,-10.1937,-10.1894,14069000.0
2004-07-27,-10.1849,-10.176,-10.1867,-10.1789,15178800.0
2004-07-28,-10.1799,-10.1792,-10.1903,-10.1803,10180400.0
2004-07-29,-10.1783,-10.1755,-10.1817,-10.1771,7934200.0
2004-07-30,-10.1767,-10.1739,-10.1828,-10.1798,8679400.0
2004-08-02,-10.1896,-10.181,-10.1907,-10.1866,13039000.0
2004-08-03,-10.1873,-10.1853,-10.1903,-10.1892,7558200.0
2004-08-04,-10.1899,-10.1817,-10.1903,-10.1846,9874600.0
2004-08-05,-10.1849,-10.1801,-10.1896,-10.1882,8732200.0
2004-08-06,-10.1926,-10.1908,-10.2033,-10.2026,17581800.0
2004-08-09,-10.2021,-10.1967,-10.2024,-10.198,10387400.0
2004-08-10,-10.1971,-10.1869,-10.1974,-10.1871,12537000.0
2004-08-11,-10.1908,-10.1907,-10.1983,-10.1917,11514000.0
2004-08-12,-10.1957,-10.1932,-10.1982,-10.1974,8078600.0
2004-08-13,-10.1948,-10.1892,-10.1971,-10.1932,11716000.0
2004-08-16,-10.1928,-10.1853,-10.1949,-10.1937,15559800.0
2004-08-17,-10.1953,-10.1907,-10.1974,-10.1928,11536400.0
2004-08-18,-10.196,-10.1842,-10.1964,-10.1851,13023400.0
2004-08-19,-10.1871,-10.1841,-10.1974,-10.1942,13890000.0
2004-08-20,-10.1942,-10.1917,-10.1964,-10.1935,11313600.0
2004-08-23,-10.193,-10.1892,-10.1953,-10.191,9095000.0
2004-08-24,-10.1894,-10.1832,-10.1899,-10.1832,13362000.0
2004-08-25,-10.1835,-10.1724,-10.1853,-10.1735,18057800.0
2004-08-26,-10.1724,-10.1544,-10.1762,-10.1591,34137800.0
2004-08-27,-10.1596,-10.1582,-10.1649,-10.1617,13886200.0
2004-08-30,-10.1648,-10.1585,-10.1653,-10.1639,7790800.0
2004-08-31,-10.1642,-10.1564,-10.1649,-10.1607,13448600.0
2004-09-01,-10.1623,-10.1471,-10.1632,-10.1483,18418800.0
2004-09-02,-10.1516,-10.1489,-10.1574,-10.1501,14511600.0
2004-09-03,-10.1557,-10.1478,-10.156,-10.1539,10481000.0
2004-09-07,-10.1524,-10.1453,-10.1539,-10.1492,10784200.0
2004-09-08,-10.1498,-10.1421,-10.1499,-10.1439,12268800.0
2004-09-09,-10.1462,-10.1444,-10.1535,-10.1498,16476400.0
2004-09-10,-10.1501,-10.1449,-10.1519,-10.1482,11714800.0
2004-09-13,-10.1483,-10.1464,-10.1532,-10.1507,10070600.0
2004-09-14,-10.1533,-10.151,-10.158,-10.1517,9100800.0
2004-09-15,-10.1542,-10.1517,-10.1578,-10.1542,8309600.0
2004-09-16,-10.1542,-10.1403,-10.1553,-10.1439,17925600.0
2004-09-17,-10.1421,-10.1348,-10.1435,-10.1369,17939600.0
2004-09-20,-10.1391,-10.1294,-10.1392,-10.1317,8750000.0
2004-09-21,-10.1319,-10.1214,-10.1341,-10.1292,13809000.0
2004-09-22,-10.1283,-10.128,-10.1399,-10.1389,14346000.0
2004-09-23,-10.1378,-10.1337,-10.1389,-10.1357,14193000.0
2004-09-24,-10.1346,-10.1292,-10.1367,-10.1357,13196000.0
2004-09-27,-10.1385,-10.1294,-10.1396,-10.1335,14197000.0
2004-09-28,-10.1341,-10.1267,-10.1342,-10.1289,12613800.0
2004-09-29,-10.1299,-10.1216,-10.1308,-10.1232,9768200.0
2004-09-30,-10.1203,-10.1178,-10.1253,-10.1224,15179000.0
2004-10-01,-10.1192,-10.1185,-10.1241,-10.1232,16621600.0
2004-10-04,-10.1187,-10.1187,-10.1224,-10.1221,20503000.0
2004-10-05,-10.1242,-10.1142,-10.1257,-10.1171,14505800.0
2004-10-06,-10.116,-10.1046,-10.116,-10.1057,15939400.0
2004-10-07,-10.1066,-10.1032,-10.1162,-10.1148,15219600.0
2004-10-08,-10.1153,-10.1135,-10.1217,-10.1198,12829600.0
2004-10-11,-10.1221,-10.1198,-10.1274,-10.1239,11566800.0
2004-10-12,-10.1248,-10.1241,-10.1324,-10.1267,16435400.0
2004-10-13,-10.1219,-10.1135,-10.1226,-10.1135,41536000.0
2004-10-14,-10.0842,-10.0599,-10.0885,-10.0669,98872400.0
2004-10-15,-10.0678,-10.0614,-10.0739,-10.0623,36826000.0
2004-10-18,-10.0685,-10.0421,-10.0694,-10.0421,42884000.0
2004-10-19,-10.0391,-10.0367,-10.046,-10.0451,28642600.0
2004-10-20,-10.048,-10.0435,-10.0521,-10.0446,21611000.0
2004-10-21,-10.0432,-10.0389,-10.0457,-10.0405,25875200.0
2004-10-22,-10.0453,-10.0428,-10.0487,-10.0453,17252400.0
2004-10-25,-10.0471,-10.0414,-10.0482,-10.0439,14023000.0
2004-10-26,-10.0449,-10.0396,-10.0492,-10.0403,21227200.0
2004-10-27,-10.0341,-10.0166,-10.0385,-10.0194,42624800.0
2004-10-28,-10.023,-10.0023,-10.0266,-10.0024,30866600.0
2004-10-29,-10.0046,-9.9935,-10.006,-10.0007,28936400.0
2004-11-01,-9.9998,-9.993,-10.0039,-10.0003,21501800.0
2004-11-02,-10.0003,-9.9857,-10.0007,-9.9908,26071000.0
2004-11-03,-9.9824,-9.9674,-9.9864,-9.9746,43006200.0
2004-11-04,-9.9767,-9.9724,-9.9832,-9.9824,33165200.0
2004-11-05,-9.9792,-9.9774,-10.0039,-9.9799,43037400.0
2004-11-08,-9.9839,-9.9735,-9.9876,-9.983,18818600.0
2004-11-09,-9.9846,-9.9814,-9.9919,-9.986,16991600.0
2004-11-10,-9.9867,-9.9739,-9.9871,-9.9796,18167000.0
2004-11-11,-9.9774,-9.9735,-9.9842,-9.9748,14546400.0
2004-11-12,-9.9774,-9.9714,-9.9789,-9.973,14132200.0
2004-11-15,-9.9767,-9.9733,-9.9833,-9.9753,13430200.0
2004-11-16,-9.976,-9.9757,-9.9821,-9.978,10539400.0
2004-11-17,-9.9757,-9.9735,-9.9844,-9.9783,14205400.0
2004-11-18,-9.9837,-9.9735,-9.9839,-9.9739,16398200.0
2004-11-19,-9.9732,-9.9603,-9.9819,-9.976,27331400.0
2004-11-22,-9.9505,-9.8971,-9.9516,-9.9207,91721800.0
2004-11-23,-9.9124,-9.911,-9.9235,-9.9214,32551800.0
2004-11-24,-9.9178,-9.8864,-9.9189,-9.8967,49671000.0
2004-11-26,-9.8849,-9.8814,-9.8941,-9.8921,19648000.0
2004-11-29,-9.8524,-9.8474,-9.8667,-9.8574,61175600.0
2004-11-30,-9.8542,-9.8542,-9.8699,-9.8699,36732800.0
2004-12-01,-9.8632,-9.8617,-9.8767,-9.8632,28591200.0
2004-12-02,-9.8782,-9.8712,-9.8912,-9.8864,35265800.0
2004-12-03,-9.8921,-9.8882,-9.9171,-9.9089,44244600.0
2004-12-06,-9.8949,-9.8771,-9.9064,-9.8812,44568600.0
2004-12-07,-9.8799,-9.8728,-9.9099,-9.9071,37746400.0
2004-12-08,-9.9053,-9.8932,-9.9146,-9.9035,24710800.0
2004-12-09,-9.9082,-9.8935,-9.9142,-9.8971,26482200.0
2004-12-10,-9.8878,-9.8789,-9.8908,-9.8867,27706200.0
2004-12-13,-9.8812,-9.8801,-9.8917,-9.8889,14108600.0
2004-12-14,-9.8851,-9.8803,-9.888,-9.8857,14847200.0
2004-12-15,-9.886,-9.8841,-9.8912,-9.8858,14227200.0
2004-12-16,-9.8771,-9.8658,-9.8789,-9.8739,40218400.0
2004-12-17,-9.8717,-9.8699,-9.8891,-9.8882,27982000.0
2004-12-20,-9.8839,-9.8792,-9.9171,-9.9085,41718800.0
2004-12-21,-9.901,-9.8992,-9.9185,-9.8999,38014800.0
2004-12-22,-9.9001,-9.8939,-9.9024,-9.8992,20208200.0
2004-12-23,-9.8992,-9.8949,-9.9007,-9.8971,8783200.0
2004-12-27,-9.8899,-9.8867,-9.9071,-9.9046,19981800.0
2004-12-28,-9.9033,-9.8949,-9.9146,-9.8955,21848400.0
2004-12-29,-9.8989,-9.8883,-9.901,-9.8932,16055800.0
2004-12-30,-9.8899,-9.8878,-9.8951,-9.8899,12333600.0
2004-12-31,-9.8892,-9.8882,-9.8967,-9.8935,9949600.0
2007-03-19,-7.2457,-7.1989,-7.2689,-7.2139,25471457.0
2007-03-20,-7.206,-7.1885,-7.2164,-7.2014,17474064.0
2007-03-21,-7.1832,-7.1114,-7.1953,-7.116,24551703.0
2007-03-22,-7.121,-7.0985,-7.1471,-7.1128,20188862.0
2007-03-23,-7.1346,-7.1089,-7.1364,-7.1285,16119797.0
2007-03-26,-7.1117,-7.0435,-7.1364,-7.0453,30916304.0
2007-03-27,-7.0503,-7.0103,-7.0757,-7.0592,33310415.0
2007-03-28,-7.0799,-7.0614,-7.1417,-7.1385,33906998.0
2007-03-29,-7.1046,-7.1046,-7.1746,-7.1203,25928348.0
2007-03-30,-7.1014,-7.0871,-7.156,-7.1503,21460993.0
2007-04-02,-7.1064,-7.1024,-7.1464,-7.1239,17936060.0
2007-04-03,-7.1064,-7.0674,-7.1199,-7.0935,20870473.0
2007-04-04,-7.0778,-7.0707,-7.1067,-7.1017,17039354.0
2007-04-05,-7.1071,-7.0871,-7.1285,-7.0871,12705136.0
2007-04-09,-7.0682,-7.0649,-7.1457,-7.1239,14772985.0
2007-04-10,-7.1232,-7.1024,-7.1324,-7.1024,12598044.0
2007-04-11,-7.1149,-7.1132,-7.171,-7.1617,19633372.0
2007-04-12,-7.1814,-7.1717,-7.2285,-7.176,23711969.0
2007-04-13,-7.2221,-7.2042,-7.2521,-7.2457,25722969.0
2007-04-16,-7.2339,-7.2007,-7.2453,-7.2032,21764792.0
2007-04-17,-7.1828,-7.1721,-7.2649,-7.2417,26870049.0
2007-04-18,-7.2485,-7.2239,-7.2685,-7.2399,16585134.0
2007-04-19,-7.2474,-7.2096,-7.2603,-7.2446,15230508.0
2007-04-20,-7.2224,-7.2121,-7.2346,-7.2196,18770432.0
2007-04-23,-7.1978,-7.1185,-7.2035,-7.1289,27903253.0
2007-04-24,-7.1128,-7.026,-7.2078,-7.1385,37729878.0
2007-04-25,-7.1032,-7.0614,-7.1185,-7.0635,43744704.0
2007-04-26,-6.8399,-6.8078,-6.9578,-6.9385,62153471.0
2007-04-27,-6.9621,-6.8989,-6.9796,-6.8999,25003311.0
2007-04-30,-6.8939,-6.8614,-6.9089,-6.9042,22051686.0
2007-05-01,-6.9117,-6.8846,-6.9489,-6.916,19023775.0
2007-05-02,-6.9096,-6.8778,-6.916,-6.8832,18125753.0
2007-05-03,-6.871,-6.8453,-6.8967,-6.8828,20599706.0
2007-05-04,-6.8685,-6.8399,-6.8792,-6.8682,13653785.0
2007-05-07,-6.8585,-6.7417,-6.861,-6.7571,30796827.0
2007-05-08,-6.7732,-6.7132,-6.7749,-6.7164,28026515.0
2007-05-09,-6.7217,-6.6485,-6.7224,-6.6514,25662805.0
2007-05-10,-6.6603,-6.5814,-6.6857,-6.6349,42777381.0
2007-05-11,-6.6207,-6.571,-6.6549,-6.5849,23325550.0
2007-05-14,-6.5535,-6.5399,-6.6024,-6.5628,23298835.0
2007-05-15,-6.5553,-6.5328,-6.6657,-6.6285,34116236.0
2007-05-16,-6.5924,-6.5817,-6.7749,-6.6349,40275055.0
2007-05-17,-6.6417,-6.5446,-6.6417,-6.5599,26358332.0
2007-05-18,-6.5317,-6.5171,-6.5482,-6.5392,22197222.0
2007-05-21,-6.5289,-6.4524,-6.5382,-6.4692,22896870.0
2007-05-22,-6.451,-6.406,-6.4682,-6.4135,20457942.0
2007-05-23,-6.3964,-6.3614,-6.4474,-6.4367,32699553.0
2007-05-24,-6.4396,-6.3807,-6.5267,-6.5153,31740524.0
2007-05-25,-6.4685,-6.4049,-6.4864,-6.4107,22607957.0
2007-05-29,-6.381,-6.3664,-6.4439,-6.3846,23074604.0
2007-05-30,-6.3864,-6.2228,-6.4139,-6.2267,52962727.0
2007-05-31,-6.1803,-6.1053,-6.1992,-6.1403,46464443.0
2007-06-01,-6.1435,-6.1403,-6.2439,-6.2399,31642848.0
2007-06-04,-6.2317,-6.121,-6.2578,-6.1353,31714050.0
2007-06-05,-6.1324,-6.0867,-6.1649,-6.0874,32923607.0
2007-06-06,-6.1007,-6.0382,-6.1132,-6.0528,39784327.0
2007-06-07,-6.0046,-5.911,-6.0689,-6.0374,68502341.0
2007-06-08,-5.9749,-5.9746,-6.101,-6.0224,44441019.0
2007-06-11,-5.9685,-5.9632,-6.1992,-6.176,67169301.0
2007-06-12,-6.206,-6.1217,-6.2432,-6.1692,50996330.0
2007-06-13,-6.1417,-6.1403,-6.3471,-6.2721,61533464.0
2007-06-14,-6.2828,-6.2024,-6.3107,-6.2274,34787691.0
2007-06-15,-6.1607,-6.1589,-6.1878,-6.1649,29000628.0
2007-06-18,-6.0657,-5.9978,-6.0921,-6.001,32567397.0
2007-06-19,-6.0153,-6.0039,-6.0789,-6.0521,33739070.0
2007-06-20,-6.0446,-6.0164,-6.1292,-6.1274,32081485.0
2007-06-21,-6.1221,-6.0296,-6.1571,-6.0435,30988733.0
2007-06-22,-6.0453,-6.0239,-6.0978,-6.0757,22707862.0
2007-06-25,-6.0332,-6.001,-6.1449,-6.0992,34502566.0
2007-06-26,-6.0407,-6.0399,-6.2285,-6.1953,48035816.0
2007-06-27,-6.161,-6.1099,-6.2092,-6.1153,34843108.0
2007-06-28,-6.0985,-6.0939,-6.1828,-6.1628,30085840.0
2007-06-29,-6.1124,-6.0399,-6.1439,-6.1099,40637106.0
2007-07-02,-6.1453,-6.1082,-6.2078,-6.1378,35578565.0
2007-07-03,-6.1114,-5.9185,-6.1292,-5.9267,41517190.0
2007-07-05,-5.8685,-5.7196,-5.8724,-5.7274,51894676.0
2007-07-06,-5.7139,-5.7064,-5.8114,-5.7435,31239020.0
2007-07-09,-5.7407,-5.7221,-5.8549,-5.8139,35565002.0
2007-07-10,-5.8657,-5.6649,-5.8682,-5.7417,44821783.0
2007-07-11,-5.7517,-5.6935,-5.7789,-5.7403,29348984.0
2007-07-12,-5.6882,-5.6742,-5.7403,-5.6803,25164507.0
2007-07-13,-5.646,-5.5453,-5.6642,-5.5496,32414435.0
2007-07-16,-5.526,-5.4692,-5.5578,-5.5364,33432591.0
2007-07-17,-5.5292,-5.4828,-5.5578,-5.5074,25355612.0
2007-07-18,-5.5332,-5.5242,-5.6099,-5.5357,27049910.0
2007-07-19,-5.4578,-5.4396,-5.481,-5.4685,26174616.0
2007-07-20,-5.4096,-5.3192,-5.4685,-5.3346,41706200.0
2007-07-23,-5.3503,-5.2821,-5.4353,-5.3364,37017446.0
2007-07-24,-5.5085,-5.4328,-5.6774,-5.651,64468105.0
2007-07-25,-5.5632,-5.5271,-5.6471,-5.5664,58254048.0
2007-07-26,-5.2574,-5.1649,-5.5771,-5.2542,78198293.0
2007-07-27,-5.2474,-5.1499,-5.3335,-5.331,41468016.0
2007-07-30,-5.3139,-5.2739,-5.4839,-5.4174,39590684.0
2007-07-31,-5.3624,-5.3442,-5.7714,-5.7628,63252957.0
2007-08-01,-5.6957,-5.6335,-5.9053,-5.6471,62549932.0
2007-08-02,-5.5882,-5.5771,-5.6774,-5.5939,30492699.0
2007-08-03,-5.6378,-5.6132,-5.7721,-5.7596,24256611.0
2007-08-06,-5.7221,-5.6374,-5.8864,-5.6382,33068267.0
2007-08-07,-5.6492,-5.5671,-5.7317,-5.646,33981278.0
2007-08-08,-5.5842,-5.5807,-5.7542,-5.6824,28883504.0
2007-08-09,-5.786,-5.7185,-6.001,-5.9546,40243225.0
2007-08-10,-6.0714,-5.906,-6.1721,-6.0042,50384937.0
2007-08-13,-5.8857,-5.8489,-5.9507,-5.9046,26932558.0
2007-08-14,-5.8867,-5.8864,-6.0503,-6.0389,26398699.0
2007-08-15,-6.0849,-6.0092,-6.1953,-6.1864,35458951.0
2007-08-16,-6.2896,-6.2364,-6.4821,-6.2882,66667828.0
2007-08-17,-6.111,-6.0578,-6.1892,-6.1092,42680817.0
2007-08-20,-6.0414,-6.0221,-6.1649,-6.1035,28697254.0
2007-08-21,-6.1039,-5.8628,-6.1471,-5.9124,46537395.0
2007-08-22,-5.7821,-5.7274,-5.8139,-5.736,37920229.0
2007-08-23,-5.7153,-5.7064,-5.8342,-5.7874,30958438.0
2007-08-24,-5.8067,-5.6339,-5.8324,-5.6364,32565459.0
2007-08-27,-5.7046,-5.6592,-5.7507,-5.7453,25265816.0
2007-08-28,-5.7903,-5.7396,-5.946,-5.9392,42120365.0
2007-08-29,-5.8299,-5.6764,-5.8421,-5.6799,41674427.0
2007-08-30,-5.7303,-5.531,-5.7435,-5.6024,51272577.0
2007-08-31,-5.4867,-5.481,-5.561,-5.5228,31317540.0
2007-09-04,-5.4707,-5.2639,-5.4742,-5.3199,47030096.0
2007-09-05,-5.291,-5.2599,-5.6078,-5.5842,83151957.0
2007-09-06,-5.6271,-5.5553,-5.7289,-5.6467,67902198.0
2007-09-07,-5.7539,-5.7435,-5.8257,-5.7624,51091917.0
2007-09-10,-5.576,-5.5385,-5.6846,-5.586,53137352.0
2007-09-11,-5.5435,-5.5292,-5.6917,-5.6296,34710176.0
2007-09-12,-5.6117,-5.4899,-5.6203,-5.581,36548046.0
2007-09-13,-5.5103,-5.5042,-5.5882,-5.5685,23434314.0
2007-09-14,-5.591,-5.5049,-5.6042,-5.511,21689990.0
2007-09-17,-5.5046,-5.4474,-5.5542,-5.5253,28334614.0
2007-09-18,-5.5021,-5.3667,-5.546,-5.4357,38003145.0
2007-09-19,-5.3607,-5.3557,-5.4899,-5.441,36674264.0
2007-09-20,-5.4632,-5.4046,-5.4928,-5.4574,24708539.0
2007-09-21,-5.4278,-5.3024,-5.4574,-5.3203,40674221.0
2007-09-24,-5.2282,-5.1167,-5.231,-5.1728,37577154.0
2007-09-25,-5.2242,-4.9964,-5.2249,-4.9978,42591025.0
2007-09-26,-4.9517,-4.9328,-5.0667,-5.0124,34830970.0
2007-09-27,-4.9767,-4.9499,-5.0285,-4.9507,23507014.0
2007-09-28,-4.9885,-4.9471,-5.0132,-4.9874,21967883.0
2007-10-01,-4.946,-4.8467,-5.0067,-4.8849,29895206.0
2007-10-02,-4.8774,-4.8046,-4.901,-4.8096,28288192.0
2007-10-03,-4.8335,-4.7835,-4.861,-4.8285,24732737.0
2007-10-04,-4.8257,-4.8228,-4.9864,-4.8885,23462781.0
2007-10-05,-4.8124,-4.6978,-4.8364,-4.7024,33695315.0
2007-10-08,-4.6296,-4.4717,-4.6482,-4.4717,29854511.0
2007-10-09,-4.3899,-4.3574,-4.5157,-4.4735,39494476.0
2007-10-10,-4.4846,-4.4728,-4.5542,-4.5117,23842437.0
2007-10-11,-4.4153,-4.3299,-4.9967,-4.6746,58713949.0
2007-10-12,-4.6467,-4.4942,-4.6899,-4.4953,35291917.0
2007-10-15,-4.4692,-4.4124,-4.6292,-4.5049,38497463.0
2007-10-16,-4.5564,-4.3907,-4.5703,-4.4121,38136777.0
2007-10-17,-4.301,-4.2885,-4.4264,-4.2989,40271862.0
2007-10-18,-4.3435,-4.2474,-4.3596,-4.2721,29440947.0
2007-10-19,-4.2457,-4.2317,-4.3971,-4.3821,46134986.0
2007-10-22,-4.3846,-4.2221,-4.3985,-4.2414,58910605.0
2007-10-23,-3.7342,-3.7328,-3.9414,-3.8199,64112989.0
2007-10-24,-3.8324,-3.7824,-4.0671,-3.8282,46017132.0
2007-10-25,-3.866,-3.8292,-3.9807,-3.9407,34771995.0
2007-10-26,-3.851,-3.8482,-3.9371,-3.8721,25245570.0
2007-10-29,-3.8453,-3.8046,-3.8721,-3.8582,19305477.0
2007-10-30,-3.8192,-3.7053,-3.871,-3.7899,33550461.0
2007-10-31,-3.7674,-3.6785,-3.8632,-3.6846,29761088.0
2007-11-01,-3.7328,-3.6792,-4.0399,-3.7742,28751248.0
2007-11-02,-3.711,-3.7028,-3.9153,-3.7589,35789773.0
2007-11-05,-3.851,-3.7199,-3.8885,-3.8192,28720523.0
2007-11-06,-3.7882,-3.6114,-3.8517,-3.6189,34097332.0
2007-11-07,-3.661,-3.5871,-3.821,-3.8149,35511653.0
2007-11-08,-3.8017,-3.7935,-4.4767,-4.2021,67513466.0
2007-11-09,-4.356,-4.2142,-4.5682,-4.5624,54513504.0
2007-11-12,-4.5657,-4.4792,-5.0889,-4.9771,63180824.0
2007-11-13,-4.7232,-4.3621,-4.9771,-4.3985,62123079.0
2007-11-14,-4.1389,-4.1267,-4.6207,-4.536,51755984.0
2007-11-15,-4.526,-4.4117,-4.7435,-4.6007,53121785.0
2007-11-16,-4.5649,-4.5035,-4.7782,-4.526,49410423.0
2007-11-19,-4.5364,-4.4614,-4.6792,-4.6132,41229585.0
2007-11-20,-4.5517,-4.3332,-4.6282,-4.4382,55130014.0
2007-11-21,-4.5457,-4.3132,-4.5874,-4.4521,43520912.0
2007-11-23,-4.3257,-4.3239,-4.406,-4.3421,16634143.0
2007-11-26,-4.2689,-4.1374,-4.3132,-4.3064,46634062.0
2007-11-27,-4.2107,-4.1903,-4.3967,-4.2253,47036711.0
2007-11-28,-4.1535,-4.0185,-4.206,-4.0321,41103967.0
2007-11-29,-4.0603,-3.8553,-4.0703,-3.8867,37533058.0
2007-11-30,-3.7778,-3.7649,-4.0507,-3.9607,42421483.0
2007-12-03,-3.9735,-3.8921,-4.1221,-4.0807,34338178.0
2007-12-04,-4.1417,-4.0078,-4.1474,-4.0467,27635681.0
2007-12-05,-3.9367,-3.8257,-3.9539,-3.8435,31871473.0
2007-12-06,-3.8189,-3.6792,-3.8214,-3.6846,32159573.0
2007-12-07,-3.6635,-3.5046,-3.7528,-3.5292,38073707.0
2007-12-10,-3.5546,-3.4807,-3.5867,-3.5324,25799130.0
2007-12-11,-3.5132,-3.4389,-3.776,-3.7349,39675869.0
2007-12-12,-3.5599,-3.5228,-3.8342,-3.6521,43773562.0
2007-12-13,-3.676,-3.6071,-3.7607,-3.6174,30925621.0
2007-12-14,-3.6696,-3.3257,-3.6992,-3.6689,24092389.0
2007-12-17,-3.6571,-3.5882,-3.9335,-3.8828,36596134.0
2007-12-18,-3.8071,-3.7782,-4.0899,-3.9335,43664353.0
2007-12-19,-3.9335,-3.8742,-4.0078,-3.9285,29552784.0
2007-12-20,-3.846,-3.7603,-3.921,-3.7824,27644803.0
2007-12-21,-3.6785,-3.5432,-3.6867,-3.5432,35544882.0
2007-12-24,-3.5032,-3.3496,-3.5117,-3.3685,17152410.0
2007-12-26,-3.361,-3.2914,-3.4392,-3.3632,25133289.0
2007-12-27,-3.3696,-3.2199,-3.4042,-3.3767,28411624.0
2007-12-28,-3.3046,-3.2699,-3.4371,-3.3317,24987398.0
2007-12-31,-3.3435,-3.3078,-3.406,-3.3942,19261842.0
2008-01-02,-3.3517,-3.3164,-3.5917,-3.5099,38542020.0
2008-01-03,-3.4896,-3.4189,-3.5867,-3.5067,30073780.0
2008-01-04,-3.631,-3.5757,-4.0796,-4.0382,51993904.0
2008-01-07,-3.9953,-3.9114,-4.3889,-4.1242,74006846.0
2008-01-08,-4.0349,-3.9521,-4.3685,-4.3524,54421984.0
2008-01-09,-4.3507,-4.0578,-4.4578,-4.0614,64840673.0
2008-01-10,-4.1264,-4.0042,-4.2039,-4.1107,52963350.0
2008-01-11,-4.1828,-4.1167,-4.3971,-4.301,44010111.0
2008-01-14,-4.1285,-4.0607,-4.2124,-4.0835,39301774.0
2008-01-15,-4.1214,-4.0678,-4.5878,-4.4314,83937922.0
2008-01-16,-4.5674,-4.4324,-4.8721,-4.7671,79191989.0
2008-01-17,-4.7003,-4.5628,-4.8107,-4.7224,62853413.0
2008-01-18,-4.6932,-4.5489,-4.7682,-4.7057,61583651.0
2008-01-22,-5.1821,-4.7549,-5.2542,-4.9099,86963480.0
2008-01-23,-5.6039,-5.4685,-5.9635,-5.5017,120466292.0
2008-01-24,-5.4689,-5.4435,-5.7539,-5.6257,71638013.0
2008-01-25,-5.5046,-5.501,-5.8396,-5.8253,55526314.0
2008-01-28,-5.8914,-5.7114,-5.9524,-5.8253,52672974.0
2008-01-29,-5.7846,-5.726,-5.8596,-5.7707,39285086.0
2008-01-30,-5.7767,-5.631,-5.8257,-5.7478,44394619.0
2008-01-31,-5.8453,-5.5882,-5.8471,-5.6342,48059713.0
2008-02-01,-5.6028,-5.5903,-5.7478,-5.6917,36097982.0
2008-02-04,-5.6753,-5.6149,-5.7749,-5.7667,32115481.0
2008-02-05,-5.8103,-5.6828,-5.8649,-5.8485,40751491.0
2008-02-06,-5.796,-5.7571,-6.1196,-6.1114,56188205.0
2008-02-07,-6.1839,-6.0121,-6.2803,-6.1385,74450275.0
2008-02-08,-6.1085,-5.9792,-6.1257,-5.9871,48427520.0
2008-02-11,-5.8967,-5.8264,-5.9257,-5.8453,42908217.0
2008-02-12,-5.8007,-5.7899,-6.0535,-6.0092,43784943.0
2008-02-13,-5.9442,-5.8335,-5.9817,-5.8471,34590469.0
2008-02-14,-5.8471,-5.7971,-5.9324,-5.9164,34080728.0
2008-02-15,-5.9589,-5.9299,-6.0378,-6.0174,32189246.0
2008-02-19,-5.9689,-5.9417,-6.1314,-6.1049,35894478.0
2008-02-20,-6.1042,-6.0185,-6.1228,-6.0464,34551356.0
2008-02-21,-5.9667,-5.9517,-6.1521,-6.1278,33504078.0
2008-02-22,-6.0942,-6.0932,-6.3303,-6.2021,54638437.0
2008-02-25,-6.2332,-6.1767,-6.3021,-6.1921,44884740.0
2008-02-26,-6.2671,-6.1439,-6.3457,-6.2132,53745939.0
2008-02-27,-6.246,-6.0739,-6.251,-6.0771,52683413.0
2008-02-28,-5.9257,-5.7471,-5.9767,-5.8289,57794704.0
2008-02-29,-5.851,-5.8182,-6.0114,-6.0035,44838544.0
2008-03-03,-6.0242,-5.9692,-6.2542,-6.121,56920466.0
2008-03-04,-6.1117,-6.0085,-6.1685,-6.0178,63763682.0
2008-03-05,-6.0549,-5.9992,-6.1024,-6.0224,43636940.0
2008-03-06,-6.0182,-5.9149,-6.1539,-6.1496,52632054.0
2008-03-07,-6.1682,-6.0764,-6.2167,-6.1024,43953695.0
2008-03-10,-6.1121,-6.0592,-6.2053,-6.1939,35739047.0
2008-03-11,-6.0364,-5.9157,-6.1114,-5.9203,41622202.0
2008-03-12,-5.9314,-5.8728,-5.9982,-5.9674,37843856.0
2008-03-13,-6.0364,-5.8435,-6.0757,-5.8992,45151255.0
2008-03-14,-5.8299,-5.8149,-6.0328,-5.9467,41316269.0
2008-03-17,-6.0917,-5.876,-6.0917,-5.9424,38307074.0
2008-03-18,-5.8549,-5.7185,-5.8732,-5.7249,43039945.0
2008-03-19,-5.7142,-5.6724,-5.8374,-5.8374,36090600.0
2008-03-20,-5.7857,-5.7082,-5.8549,-5.7089,32456650.0
2008-03-24,-5.6824,-5.4382,-5.6957,-5.4853,38119507.0
2008-03-25,-5.4699,-5.3578,-5.5639,-5.4335,37596140.0
2008-03-26,-5.4374,-5.2635,-5.4457,-5.2878,42217233.0
2008-03-27,-5.2917,-5.2789,-5.4689,-5.4596,35708131.0
2008-03-28,-5.4042,-5.3024,-5.4114,-5.361,25547083.0
2008-03-31,-5.3517,-5.2646,-5.3785,-5.3435,27430839.0
2008-04-01,-5.2435,-5.1235,-5.3396,-5.1282,36877317.0
2008-04-02,-5.1549,-5.0685,-5.2596,-5.201,37320214.0
2008-04-03,-5.2164,-4.9817,-5.2185,-5.0539,37563004.0
2008-04-04,-5.0332,-4.9432,-5.0846,-5.0014,30527914.0
2008-04-07,-4.8924,-4.7653,-4.9289,-4.901,41395988.0
2008-04-08,-4.9846,-4.881,-5.0285,-5.0099,36258626.0
2008-04-09,-4.9932,-4.9724,-5.0949,-5.0599,31211125.0
2008-04-10,-5.071,-4.9178,-5.0899,-4.9489,34160321.0
2008-04-11,-5.0142,-4.9935,-5.2399,-5.2135,43216946.0
2008-04-14,-5.2267,-5.1382,-5.3064,-5.1907,30189396.0
2008-04-15,-5.1328,-5.1214,-5.2642,-5.1692,24929883.0
2008-04-16,-5.0499,-4.9649,-5.0892,-4.9792,28420420.0
2008-04-17,-4.9624,-4.8971,-4.9917,-4.951,25189279.0
2008-04-18,-4.7857,-4.6735,-4.8121,-4.7171,36670142.0
2008-04-21,-4.6753,-4.4507,-4.6914,-4.4628,37112590.0
2008-04-22,-4.4899,-4.4685,-4.8224,-4.7471,51413219.0
2008-04-23,-4.6096,-4.5814,-4.7157,-4.651,53721101.0
2008-04-24,-4.5635,-4.3978,-4.7832,-4.4349,60616273.0
2008-04-25,-4.3721,-4.3578,-4.5249,-4.4067,35445425.0
2008-04-28,-4.406,-4.2632,-4.4282,-4.3171,28114734.0
2008-04-29,-4.3574,-4.1949,-4.3882,-4.2167,32981265.0
2008-04-30,-4.176,-4.0399,-4.2928,-4.256,40697228.0
2008-05-01,-4.2199,-4.0399,-4.2235,-4.0399,32270581.0
2008-05-02,-4.0332,-3.9714,-4.0917,-4.0064,35931418.0
2008-05-05,-3.9714,-3.8503,-4.0024,-3.871,30519889.0
2008-05-06,-3.8735,-3.7857,-3.9621,-3.8021,32816765.0
2008-05-07,-3.8239,-3.7471,-4.0207,-3.9474,41326175.0
2008-05-08,-3.9053,-3.8078,-3.9303,-3.8592,32110148.0
2008-05-09,-3.9271,-3.8882,-3.991,-3.9167,24038245.0
2008-05-12,-3.8539,-3.7232,-3.9382,-3.7485,29263070.0
2008-05-13,-3.7324,-3.631,-3.7592,-3.6842,29401281.0
2008-05-14,-3.6389,-3.6028,-3.841,-3.8164,32743680.0
2008-05-15,-3.7967,-3.6864,-3.8899,-3.6924,31185978.0
2008-05-16,-3.6789,-3.6721,-3.7899,-3.7678,27348837.0
2008-05-19,-3.7592,-3.7296,-3.9935,-3.9114,33796411.0
2008-05-20,-3.9749,-3.8199,-4.0357,-3.8292,34637473.0
2008-05-21,-3.8374,-3.7542,-4.1739,-4.1046,41344865.0
2008-05-22,-4.0664,-3.9924,-4.3257,-4.1453,43105919.0
2008-05-23,-4.0124,-3.9689,-4.1185,-3.9982,32440244.0
2008-05-27,-3.9417,-3.8103,-3.9742,-3.8103,28210871.0
2008-05-28,-3.7753,-3.756,-3.9071,-3.7896,26570641.0
2008-05-29,-3.7985,-3.7471,-3.8435,-3.801,23113799.0
2008-05-30,-3.7739,-3.6992,-3.7764,-3.7274,21792225.0
2008-06-02,-3.7328,-3.6953,-3.8782,-3.8221,24280000.0
2008-06-03,-3.7949,-3.7471,-3.9567,-3.8482,27049567.0
2008-06-04,-3.8964,-3.7867,-3.9246,-3.8546,25981128.0
2008-06-05,-3.8135,-3.6885,-3.8364,-3.7032,26980102.0
2008-06-06,-3.7542,-3.6846,-3.8417,-3.8385,34515075.0
2008-06-09,-3.8689,-3.8635,-4.1917,-3.9824,67442535.0
2008-06-10,-4.0217,-3.7978,-4.0749,-3.8385,40747845.0
2008-06-11,-3.8849,-3.8257,-4.0546,-4.011,34341045.0
2008-06-12,-3.9867,-3.9471,-4.3542,-4.2807,46726115.0
2008-06-13,-4.3385,-4.2485,-4.5646,-4.3124,48069881.0
2008-06-16,-4.3507,-4.1149,-4.4303,-4.1528,37561768.0
2008-06-17,-4.1078,-3.9689,-4.1324,-3.9889,32148419.0
2008-06-18,-3.9999,-3.9614,-4.1346,-4.0846,28980970.0
2008-06-19,-4.0917,-3.9564,-4.1542,-4.0078,28311343.0
2008-06-20,-4.0632,-4.0042,-4.2185,-4.2089,31727397.0
2008-06-23,-4.2278,-4.1871,-4.3414,-4.2842,23072024.0
2008-06-24,-4.3124,-4.1907,-4.3389,-4.281,22216923.0
2008-06-25,-4.2324,-4.0817,-4.2585,-4.1332,23016067.0
2008-06-26,-4.2517,-4.2242,-4.4682,-4.4592,31057440.0
2008-06-27,-4.5217,-4.3767,-4.606,-4.3939,37223115.0
2008-06-30,-4.3903,-4.3257,-4.5178,-4.4885,24440648.0
2008-07-01,-4.6032,-4.2285,-4.6114,-4.2299,39688556.0
2008-07-02,-4.2114,-4.131,-4.4621,-4.4621,29951728.0
2008-07-03,-4.4117,-4.3196,-4.5489,-4.3928,18694175.0
2008-07-07,-4.2842,-4.1424,-4.3292,-4.2128,29299603.0
2008-07-08,-4.2042,-4.0507,-4.2992,-4.056,31738989.0
2008-07-09,-4.0328,-4.0074,-4.2492,-4.2453,32003589.0
2008-07-10,-4.2214,-4.1349,-4.3482,-4.1603,30024547.0
2008-07-11,-4.2017,-4.1432,-4.3614,-4.3049,33214614.0
2008-07-14,-4.0671,-4.0649,-4.2871,-4.2585,31644790.0
2008-07-15,-4.3085,-4.2635,-4.526,-4.4099,37144352.0
2008-07-16,-4.3899,-4.2924,-4.4471,-4.2967,26716567.0
2008-07-17,-4.2507,-4.2192,-4.3474,-4.3324,27054456.0
2008-07-18,-4.4499,-4.4096,-4.5757,-4.5703,31014721.0
2008-07-21,-4.5078,-4.4864,-4.7142,-4.5296,48588195.0
2008-07-22,-5.1471,-4.6557,-5.2353,-4.6821,67128289.0
2008-07-23,-4.576,-4.4553,-4.6985,-4.5307,37920218.0
2008-07-24,-4.5999,-4.5664,-4.8096,-4.7889,29986320.0
2008-07-25,-4.7399,-4.6471,-4.8024,-4.6785,22629822.0
2008-07-28,-4.6707,-4.666,-4.9678,-4.9542,27891235.0
2008-07-29,-4.9182,-4.7739,-4.981,-4.8585,24437215.0
2008-07-30,-4.8335,-4.7367,-4.8942,-4.7585,25902261.0
2008-07-31,-4.8421,-4.6757,-4.8621,-4.7917,22768525.0
2008-08-01,-4.7578,-4.7546,-4.906,-4.8735,19461195.0
2008-08-04,-4.8757,-4.8292,-5.0074,-4.996,21167696.0
2008-08-05,-4.9178,-4.7257,-4.9392,-4.7314,24594669.0
2008-08-06,-4.7553,-4.4899,-4.8257,-4.6046,28266458.0
2008-08-07,-4.6574,-4.5346,-4.7007,-4.6267,24017815.0
2008-08-08,-4.6164,-4.4096,-4.6203,-4.4132,25508020.0
2008-08-11,-4.3946,-4.1649,-4.4089,-4.2699,31832206.0
2008-08-12,-4.2714,-4.0653,-4.2717,-4.1567,29872166.0
2008-08-13,-4.1121,-4.0399,-4.1864,-4.0649,30100786.0
2008-08-14,-4.0996,-4.0239,-4.1171,-4.0642,25403601.0
2008-08-15,-4.0742,-4.0489,-4.2167,-4.1921,25297183.0
2008-08-18,-4.1982,-4.1182,-4.2607,-4.2046,19714732.0
2008-08-19,-4.2349,-4.1446,-4.3324,-4.271,22007236.0
2008-08-20,-4.2267,-4.1492,-4.2682,-4.1885,18111738.0
2008-08-21,-4.2374,-4.2024,-4.3296,-4.2439,19286365.0
2008-08-22,-4.1892,-4.1292,-4.1982,-4.1546,15705673.0
2008-08-25,-4.1774,-4.1746,-4.3378,-4.306,17303450.0
2008-08-26,-4.2985,-4.2228,-4.3039,-4.2671,15920648.0
2008-08-27,-4.2789,-4.1914,-4.3189,-4.2303,17063546.0
2008-08-28,-4.2085,-4.1739,-4.2989,-4.2635,15406578.0
2008-08-29,-4.2914,-4.2721,-4.4314,-4.4139,21405304.0
2008-09-02,-4.3114,-4.2721,-4.5757,-4.5332,27908193.0
2008-09-03,-4.5099,-4.4442,-4.6114,-4.5057,26248117.0
2008-09-04,-4.5449,-4.4717,-4.7253,-4.7107,26578982.0
2008-09-05,-4.8046,-4.6685,-4.8382,-4.7478,28102959.0
2008-09-08,-4.591,-4.5796,-5.0596,-4.8285,37365411.0
2008-09-09,-4.8664,-4.7557,-5.1189,-5.0514,44465156.0
2008-09-10,-5.0285,-4.9332,-5.1542,-5.0539,34761594.0
2008-09-11,-5.1764,-5.0046,-5.2542,-5.0167,34683322.0
2008-09-12,-5.0789,-5.0789,-5.2364,-5.1492,28332372.0
2008-09-15,-5.396,-5.1939,-5.4557,-5.4557,32879787.0
2008-09-16,-5.6878,-5.3792,-5.7489,-5.4728,42851292.0
2008-09-17,-5.5224,-5.5217,-5.9032,-5.9032,42873320.0
2008-09-18,-5.8053,-5.6317,-6.1585,-5.6796,59866187.0
2008-09-19,-5.3757,-5.3185,-5.6003,-5.436,51134048.0
2008-09-22,-5.4707,-5.4596,-5.8021,-5.7882,30596882.0
2008-09-23,-5.7596,-5.6185,-5.9449,-5.9385,45827195.0
2008-09-24,-5.9232,-5.7917,-5.9989,-5.8717,37405903.0
2008-09-25,-5.8328,-5.6546,-5.8785,-5.7567,35930140.0
2008-09-26,-6.0074,-5.8328,-6.0757,-5.8885,40230348.0
2008-09-29,-6.1964,-6.1942,-6.876,-6.7092,93644809.0
2008-09-30,-6.6024,-6.3614,-6.6721,-6.4092,58133772.0
2008-10-01,-6.4714,-6.4557,-6.6332,-6.5714,46335451.0
2008-10-02,-6.611,-6.5832,-6.8971,-6.8935,57518522.0
2008-10-03,-6.7542,-6.6649,-7.0882,-7.0017,82140284.0
2008-10-06,-7.1842,-6.9407,-7.3421,-6.9635,75279639.0
2008-10-07,-6.8799,-6.8435,-7.2917,-7.2842,67205977.0
2008-10-08,-7.4003,-7.0282,-7.4085,-7.2617,78903010.0
2008-10-09,-7.1346,-7.0471,-7.3757,-7.2992,57792499.0
2008-10-10,-7.4078,-6.8971,-7.4328,-7.0114,79296481.0
2008-10-13,-6.7346,-6.521,-6.8607,-6.5307,55017170.0
2008-10-14,-6.3164,-6.3114,-6.7849,-6.7514,70799596.0
2008-10-15,-6.7599,-6.6471,-6.9724,-6.9703,56577695.0
2008-10-16,-6.9053,-6.7746,-7.1921,-6.8296,70732875.0
2008-10-17,-6.9114,-6.8242,-7.4014,-6.9899,62969711.0
2008-10-20,-6.9049,-6.896,-7.1242,-6.9528,55327434.0
2008-10-21,-7.006,-6.9721,-7.2128,-7.201,78344909.0
2008-10-22,-6.991,-6.8524,-7.1496,-7.0089,80314583.0
2008-10-23,-7.0217,-6.9239,-7.1864,-6.9603,59836774.0
2008-10-24,-7.2424,-6.9721,-7.2503,-7.0264,56787793.0
2008-10-27,-7.0732,-6.9817,-7.1878,-7.1796,43192456.0
2008-10-28,-7.0603,-6.8792,-7.1696,-6.9003,58418200.0
2008-10-29,-6.8664,-6.5564,-6.8992,-6.7346,69761344.0
2008-10-30,-6.6032,-6.4617,-6.6253,-6.5028,58503130.0
2008-10-31,-6.6328,-6.5121,-6.7135,-6.626,59291831.0
2008-11-03,-6.6853,-6.5721,-6.7235,-6.6485,37801380.0
2008-11-04,-6.5403,-6.476,-6.6589,-6.5046,49998779.0
2008-11-05,-6.5789,-6.5499,-6.7903,-6.7792,44915163.0
2008-11-06,-6.8596,-6.7978,-6.9685,-6.9292,47129942.0
2008-11-07,-6.9242,-6.9024,-7.0499,-6.9599,39129879.0
2008-11-10,-6.891,-6.8828,-7.0935,-7.0442,40210214.0
2008-11-11,-7.0824,-6.9982,-7.1735,-7.0839,43749871.0
2008-11-12,-7.1674,-7.1385,-7.2539,-7.2499,42104581.0
2008-11-13,-7.2589,-7.0242,-7.3964,-7.0242,66262918.0
2008-11-14,-7.1199,-7.1117,-7.2542,-7.2457,50188530.0
2008-11-17,-7.3085,-7.2346,-7.3521,-7.3207,41532997.0
2008-11-18,-7.2671,-7.2189,-7.3664,-7.2574,43226932.0
2008-11-19,-7.2742,-7.1978,-7.3896,-7.3867,41866901.0
2008-11-20,-7.4242,-7.381,-7.6114,-7.5939,61312137.0
2008-11-21,-7.5424,-7.4642,-7.6421,-7.5192,56056064.0
2008-11-24,-7.4253,-7.0832,-7.4385,-7.1489,51524734.0
2008-11-25,-7.0889,-7.086,-7.3199,-7.2257,44127030.0
2008-11-26,-7.2571,-7.0667,-7.2596,-7.0757,32160801.0
2008-11-28,-7.0864,-7.0842,-7.1878,-7.1589,10757337.0
2008-12-01,-7.2078,-7.1732,-7.2928,-7.2924,33005789.0
2008-12-02,-7.2532,-7.1596,-7.3792,-7.166,41050587.0
2008-12-03,-7.2757,-7.0317,-7.2971,-7.0435,47864908.0
2008-12-04,-7.096,-7.0682,-7.2878,-7.2039,38988771.0
2008-12-05,-7.2417,-7.0939,-7.2949,-7.1114,37300120.0
2008-12-08,-6.9942,-6.8685,-7.0471,-6.9071,42346166.0
2008-12-09,-6.9671,-6.7685,-6.9967,-6.8949,43004198.0
2008-12-10,-6.9732,-6.9153,-7.0221,-6.961,33517137.0
2008-12-11,-6.9917,-6.8528,-7.0817,-7.0757,37260007.0
2008-12-12,-7.1542,-6.9328,-7.1639,-6.9589,37243348.0
2008-12-15,-7.0403,-7.0324,-7.1471,-7.0846,31858968.0
2008-12-16,-7.1121,-7.0228,-7.156,-7.0603,40159758.0
2008-12-17,-7.2174,-7.2149,-7.3249,-7.2842,46432736.0
2008-12-18,-7.2789,-7.2246,-7.3099,-7.2746,30633639.0
2008-12-19,-7.2564,-7.2207,-7.2971,-7.2542,29105844.0
2008-12-22,-7.2535,-7.2532,-7.4439,-7.4064,30182216.0
2008-12-23,-7.366,-7.3303,-7.4007,-7.3835,22917026.0
2008-12-24,-7.3921,-7.3882,-7.4489,-7.4314,9694994.0
2008-12-26,-7.3742,-7.3464,-7.4242,-7.4039,11043071.0
2008-12-29,-7.3785,-7.3392,-7.4303,-7.3753,24567225.0
2008-12-30,-7.3464,-7.3239,-7.4428,-7.3867,34579620.0
2008-12-31,-7.3982,-7.3349,-7.4207,-7.4203,21715763.0
2009-01-02,-7.4014,-7.2171,-7.4271,-7.2274,26964210.0
2009-01-05,-7.141,-7.0335,-7.1574,-7.0907,42458779.0
2009-01-06,-7.0417,-6.9982,-7.1689,-7.1464,46149129.0
2009-01-07,-7.1896,-7.1649,-7.2449,-7.2182,27042958.0
2009-01-08,-7.2389,-7.1417,-7.2528,-7.1578,24052284.0
2009-01-09,-7.1396,-7.1335,-7.2492,-7.2335,19635107.0
2009-01-12,-7.2378,-7.2189,-7.3417,-7.3021,22075734.0
2009-01-13,-7.3171,-7.2635,-7.3846,-7.336,28532683.0
2009-01-14,-7.3885,-7.3524,-7.4428,-7.421,38285202.0
2009-01-15,-7.591,-7.4642,-7.6096,-7.4907,65829770.0
2009-01-16,-7.4578,-7.4549,-7.5971,-7.5282,37445787.0
2009-01-20,-7.5424,-7.5399,-7.6757,-7.6757,32886821.0
2009-01-21,-7.6332,-7.5085,-7.636,-7.5103,39287517.0
2009-01-22,-7.3242,-7.2542,-7.4035,-7.3128,50340261.0
2009-01-23,-7.3678,-7.2589,-7.3792,-7.3128,27277482.0
2009-01-26,-7.2949,-7.2196,-7.3149,-7.2671,24979122.0
2009-01-27,-7.2474,-7.1989,-7.2635,-7.2282,22090209.0
2009-01-28,-7.1785,-7.0757,-7.2007,-7.1042,31385983.0
2009-01-29,-7.1439,-7.0992,-7.1614,-7.1471,21185715.0
2009-01-30,-7.1614,-7.1249,-7.2539,-7.2496,23279341.0
2009-02-02,-7.2864,-7.1828,-7.2935,-7.2003,19943336.0
2009-02-03,-7.1857,-7.1335,-7.2442,-7.1478,21408688.0
2009-02-04,-7.1392,-7.031,-7.1435,-7.1274,28871894.0
2009-02-05,-7.1553,-6.9953,-7.1607,-7.0235,26764791.0
2009-02-06,-7.0035,-6.8971,-7.0042,-6.9071,24540631.0
2009-02-09,-6.8971,-6.7899,-6.9149,-6.8074,25535704.0
2009-02-10,-6.8496,-6.8074,-7.0021,-6.9746,30332806.0
2009-02-11,-7.0267,-6.9574,-7.0482,-7.0107,24110999.0
2009-02-12,-7.046,-6.906,-7.046,-6.9232,29190809.0
2009-02-13,-6.9332,-6.8992,-6.9642,-6.9271,21752370.0
2009-02-17,-7.0089,-7.0028,-7.1014,-7.0924,24222626.0
2009-02-18,-7.0739,-7.0453,-7.1571,-7.0982,24448863.0
2009-02-19,-7.1339,-7.1024,-7.2503,-7.2314,32957221.0
2009-02-20,-7.2757,-7.1685,-7.2899,-7.2114,26796442.0
2009-02-23,-7.1953,-7.1828,-7.3789,-7.3632,28106145.0
2009-02-24,-7.3457,-7.2224,-7.3614,-7.2453,28824737.0
2009-02-25,-7.2592,-7.1499,-7.281,-7.2128,29761143.0
2009-02-26,-7.1828,-7.1499,-7.2914,-7.2832,22501991.0
2009-02-27,-7.3282,-7.2078,-7.3374,-7.2789,25240864.0
2009-03-02,-7.3214,-7.2114,-7.3374,-7.3278,27534710.0
2009-03-03,-7.2924,-7.2278,-7.3299,-7.3124,25869274.0
2009-03-04,-7.2478,-7.1553,-7.2739,-7.2124,26483089.0
2009-03-05,-7.2378,-7.1874,-7.3096,-7.2957,25246234.0
2009-03-06,-7.3135,-7.3114,-7.5282,-7.4221,36112366.0
2009-03-09,-7.4621,-7.3399,-7.5196,-7.5003,24945622.0
2009-03-10,-7.4374,-7.2839,-7.4557,-7.3035,30160893.0
2009-03-11,-7.261,-7.1089,-7.2692,-7.1585,30242322.0
2009-03-12,-7.1507,-7.0192,-7.1828,-7.0274,27457620.0
2009-03-13,-7.0292,-6.9971,-7.0753,-7.0424,21474296.0
2009-03-16,-7.021,-6.9903,-7.1049,-7.0607,28483820.0
2009-03-17,-7.0671,-6.9082,-7.0732,-6.9092,28143586.0
2009-03-18,-6.9003,-6.7728,-6.9071,-6.8428,28435765.0
2009-03-19,-6.831,-6.7828,-6.8882,-6.8392,17868495.0
2009-03-20,-6.8224,-6.786,-6.8767,-6.8403,24846589.0
2009-03-23,-6.8003,-6.6057,-6.8346,-6.6235,23805871.0
2009-03-24,-6.6699,-6.5599,-6.7049,-6.6649,22979535.0
2009-03-25,-6.6264,-6.5985,-6.7592,-6.6653,23094698.0
2009-03-26,-6.6174,-6.5407,-6.6264,-6.5446,22008968.0
2009-03-27,-6.6032,-6.5924,-6.6685,-6.6524,17608669.0
2009-03-30,-6.736,-6.7182,-6.8039,-6.7367,17959335.0
2009-03-31,-6.7024,-6.631,-6.7185,-6.7142,20359987.0
2009-04-01,-6.751,-6.5757,-6.7582,-6.5867,21056938.0
2009-04-02,-6.5349,-6.3703,-6.5478,-6.4432,29013066.0
2009-04-03,-6.3903,-6.321,-6.4142,-6.326,22726609.0
2009-04-06,-6.3635,-6.2274,-6.4228,-6.2382,23502232.0
2009-04-07,-6.3067,-6.3017,-6.3903,-6.3614,19170924.0
2009-04-08,-6.346,-6.2974,-6.3764,-6.3142,16272481.0
2009-04-09,-6.2392,-6.1828,-6.2557,-6.1982,18962010.0
2009-04-13,-6.1824,-6.1478,-6.2185,-6.1749,13909579.0
2009-04-14,-6.1982,-6.1767,-6.281,-6.2432,16241275.0
2009-04-15,-6.2828,-6.2453,-6.3342,-6.2671,14750970.0
2009-04-16,-6.2117,-6.0703,-6.226,-6.131,21199366.0
2009-04-17,-6.1407,-6.031,-6.1739,-6.0607,17774382.0
2009-04-20,-6.121,-6.076,-6.2128,-6.1649,16666217.0
2009-04-21,-6.2224,-6.1064,-6.2328,-6.1199,16810144.0
2009-04-22,-6.0889,-5.9917,-6.1399,-6.1289,33527396.0
2009-04-23,-5.9464,-5.9257,-6.0574,-5.9899,33755599.0
2009-04-24,-6.0171,-5.9992,-6.0767,-6.0435,19319523.0
2009-04-27,-6.0792,-6.0042,-6.0878,-6.0139,17171919.0
2009-04-28,-6.0632,-5.961,-6.0664,-6.0435,16280594.0
2009-04-29,-6.0096,-5.9382,-6.046,-5.9992,16366365.0
2009-04-30,-5.9607,-5.9328,-6.0071,-5.9746,17803154.0
2009-05-01,-5.9757,-5.8989,-5.9757,-5.9242,14199605.0
2009-05-04,-5.8885,-5.7453,-5.9085,-5.7517,21770742.0
2009-05-05,-5.7632,-5.7235,-5.7857,-5.7289,14228616.0
2009-05-06,-5.7067,-5.7007,-5.8178,-5.7364,16915788.0
2009-05-07,-5.7424,-5.7403,-5.9007,-5.8592,18996275.0
2009-05-08,-5.8599,-5.7817,-5.9592,-5.8546,16715152.0
2009-05-11,-5.9196,-5.7914,-5.9285,-5.841,14452181.0
2009-05-12,-5.8414,-5.836,-6.0667,-6.0249,21757209.0
2009-05-13,-6.0682,-6.0392,-6.2049,-6.201,21268988.0
2009-05-14,-6.1907,-6.0567,-6.1935,-6.0774,15994155.0
2009-05-15,-6.0999,-6.0178,-6.1253,-6.0964,13125520.0
2009-05-18,-6.0496,-5.9435,-6.1267,-5.9453,16394068.0
2009-05-19,-5.9392,-5.8503,-5.9778,-5.9167,13290807.0
2009-05-20,-5.9103,-5.8539,-5.9935,-5.9732,13884031.0
2009-05-21,-5.9989,-5.9407,-6.0796,-6.0335,14574744.0
2009-05-22,-6.0382,-6.0335,-6.1203,-6.0935,10645315.0
2009-05-26,-6.0128,-5.796,-6.0203,-5.7978,22727040.0
2009-05-27,-5.7621,-5.6478,-5.7932,-5.7167,23104100.0
2009-05-28,-5.7024,-5.6332,-5.7532,-5.6446,17409624.0
2009-05-29,-5.6332,-5.6149,-5.6882,-5.6182,16309086.0
2009-06-01,-5.5946,-5.4689,-5.6114,-5.4917,16165868.0
2009-06-02,-5.5046,-5.4207,-5.5274,-5.4867,16289927.0
2009-06-03,-5.4685,-5.4289,-5.5017,-5.4346,20184645.0
2009-06-04,-5.4639,-5.3192,-5.4671,-5.3349,19561246.0
2009-06-05,-5.2789,-5.2399,-5.3539,-5.3017,22596982.0
2009-06-08,-5.3321,-5.3174,-5.4889,-5.331,33270765.0
2009-06-09,-5.3324,-5.3057,-5.4489,-5.3714,24169551.0
2009-06-10,-5.3871,-5.3846,-5.5292,-5.4596,24599561.0
2009-06-11,-5.4846,-5.4128,-5.5203,-5.4703,18738620.0
2009-06-12,-5.511,-5.5007,-5.6099,-5.5767,20110176.0
2009-06-15,-5.611,-5.5782,-5.651,-5.6082,19280038.0
2009-06-16,-5.5878,-5.5232,-5.6078,-5.5989,18385691.0
2009-06-17,-5.5874,-5.5596,-5.6639,-5.6264,20404246.0
2009-06-18,-5.6074,-5.5399,-5.626,-5.6157,15268069.0
2009-06-19,-5.5374,-5.4864,-5.5792,-5.4871,25780518.0
2009-06-22,-5.4446,-5.4128,-5.5996,-5.5624,22659036.0
2009-06-23,-5.5971,-5.5774,-5.7228,-5.6824,25226770.0
2009-06-24,-5.6321,-5.5578,-5.6521,-5.6035,17338233.0
2009-06-25,-5.6203,-5.4614,-5.6396,-5.4735,21059298.0
2009-06-26,-5.476,-5.3414,-5.4778,-5.3814,15695426.0
2009-06-29,-5.3449,-5.3274,-5.4135,-5.3982,20273057.0
2009-06-30,-5.3764,-5.3328,-5.4042,-5.3817,15508920.0
2009-07-01,-5.3435,-5.3021,-5.3785,-5.3674,14794889.0
2009-07-02,-5.4239,-5.3674,-5.476,-5.4678,13236264.0
2009-07-06,-5.5149,-5.5046,-5.6024,-5.5182,17803745.0
2009-07-07,-5.5228,-5.4799,-5.6407,-5.6328,16488859.0
2009-07-08,-5.6142,-5.5385,-5.6678,-5.5678,20568564.0
2009-07-09,-5.5485,-5.5403,-5.6139,-5.5985,12254847.0
2009-07-10,-5.5992,-5.5053,-5.5999,-5.5214,15901347.0
2009-07-13,-5.4849,-5.3849,-5.5567,-5.3849,17276082.0
2009-07-14,-5.396,-5.3549,-5.4271,-5.3874,12408693.0
2009-07-15,-5.2885,-5.2185,-5.3142,-5.2228,17337629.0
2009-07-16,-5.2628,-5.1821,-5.2696,-5.1999,14055385.0
2009-07-17,-5.1442,-5.0392,-5.1603,-5.0489,21490313.0
2009-07-20,-4.9946,-4.9317,-5.0796,-5.0074,26238227.0
2009-07-21,-4.9939,-4.9889,-5.1203,-5.0574,31216353.0
2009-07-22,-4.8332,-4.7996,-4.8932,-4.8707,31213703.0
2009-07-23,-4.8746,-4.8099,-4.9128,-4.8321,18817444.0
2009-07-24,-4.8632,-4.7542,-4.8792,-4.7549,15653102.0
2009-07-27,-4.7482,-4.7228,-4.8521,-4.7507,15475101.0
2009-07-28,-4.7942,-4.7507,-4.8399,-4.7542,12982446.0
2009-07-29,-4.7935,-4.7382,-4.8167,-4.7532,13656318.0
2009-07-30,-4.6935,-4.5857,-4.7007,-4.6546,16768270.0
2009-07-31,-4.6474,-4.5757,-4.6503,-4.6332,15096136.0
2009-08-03,-4.5682,-4.5171,-4.5803,-4.5246,14075832.0
2009-08-04,-4.5782,-4.5553,-4.6039,-4.556,14086212.0
2009-08-05,-4.5489,-4.4903,-4.6039,-4.5717,14743654.0
2009-08-06,-4.5549,-4.5217,-4.6439,-4.6146,12176266.0
2009-08-07,-4.5582,-4.5185,-4.5828,-4.5574,13813876.0
2009-08-10,-4.5521,-4.5185,-4.6235,-4.5857,10712965.0
2009-08-11,-4.6224,-4.5978,-4.6871,-4.6532,12673536.0
2009-08-12,-4.6632,-4.5146,-4.6664,-4.5646,15845009.0
2009-08-13,-4.5167,-4.4446,-4.5221,-4.4535,15687899.0
2009-08-14,-4.4707,-4.4603,-4.5567,-4.5121,10905474.0
2009-08-17,-4.6274,-4.626,-4.7749,-4.7689,18638915.0
2009-08-18,-4.696,-4.6028,-4.7039,-4.6114,15138421.0
2009-08-19,-4.656,-4.5649,-4.6667,-4.5899,14706802.0
2009-08-20,-4.5764,-4.5142,-4.5896,-4.5282,12194282.0
2009-08-21,-4.481,-4.4196,-4.5114,-4.4249,14803147.0
2009-08-24,-4.3928,-4.3717,-4.4589,-4.4307,14497546.0
2009-08-25,-4.4164,-4.3635,-4.4282,-4.4185,11535594.0
2009-08-26,-4.4357,-4.4132,-4.5128,-4.4896,10817683.0
2009-08-27,-4.4417,-4.4124,-4.5817,-4.4167,15971201.0
2009-08-28,-4.316,-4.3082,-4.4496,-4.3953,16177947.0
2009-08-31,-4.4628,-4.4382,-4.5221,-4.461,11090367.0
2009-09-01,-4.4689,-4.3971,-4.5778,-4.5649,16714537.0
2009-09-02,-4.5892,-4.4824,-4.6074,-4.5692,12995417.0
2009-09-03,-4.5242,-4.5007,-4.5757,-4.5203,10485845.0
2009-09-04,-4.4946,-4.3721,-4.501,-4.386,13379522.0
2009-09-07,-4.4942,-4.3721,-4.501,-4.386,13379522.0
2009-09-08,-4.2907,-4.2849,-4.3257,-4.2924,11212247.0
2009-09-09,-4.2978,-4.2374,-4.4078,-4.3564,28922118.0
2009-09-10,-4.3235,-4.281,-4.3682,-4.3057,17512842.0
2009-09-11,-4.2932,-4.2835,-4.366,-4.3199,12440163.0
2009-09-14,-4.3674,-4.2578,-4.3882,-4.2642,11468073.0
2009-09-15,-4.2528,-4.1953,-4.2689,-4.2128,14791179.0
2009-09-16,-4.1117,-3.9417,-4.1157,-3.9732,26486534.0
2009-09-17,-3.9692,-3.7974,-3.9696,-3.8774,28945041.0
2009-09-18,-3.8317,-3.806,-3.8699,-3.8607,21428926.0
2009-09-21,-3.8867,-3.8557,-3.9821,-3.8964,15615327.0
2009-09-22,-3.8546,-3.8478,-3.9382,-3.8799,12326115.0
2009-09-23,-3.8471,-3.7221,-3.8603,-3.8435,21117031.0
2009-09-24,-3.7828,-3.7649,-3.941,-3.9035,19665619.0
2009-09-25,-3.9682,-3.8435,-3.9885,-3.9553,15889632.0
2009-09-28,-3.9017,-3.8014,-3.921,-3.8203,12022252.0
2009-09-29,-3.7996,-3.7757,-3.886,-3.8478,12073165.0
2009-09-30,-3.821,-3.8096,-3.9467,-3.8489,19224259.0
2009-10-01,-3.8489,-3.8178,-4.0149,-4.0092,18623859.0
2009-10-02,-3.9896,-3.8278,-3.9917,-3.8649,19733997.0
2009-10-05,-3.8185,-3.7949,-3.8874,-3.8249,14993553.0
2009-10-06,-3.7635,-3.6824,-3.7792,-3.6824,21555413.0
2009-10-07,-3.6914,-3.6632,-3.7174,-3.6739,16569591.0
2009-10-08,-3.6592,-3.631,-3.7224,-3.7089,15611727.0
2009-10-09,-3.7196,-3.6578,-3.7321,-3.666,10455953.0
2009-10-12,-3.6464,-3.6289,-3.6957,-3.6539,10277893.0
2009-10-13,-3.6603,-3.641,-3.6935,-3.6821,12288749.0
2009-10-14,-3.6024,-3.5999,-3.6746,-3.6367,13389808.0
2009-10-15,-3.696,-3.6499,-3.6996,-3.6628,13235766.0
2009-10-16,-3.706,-3.6699,-3.7599,-3.7524,15272590.0
2009-10-19,-3.7596,-3.6828,-3.8417,-3.6878,29067314.0
2009-10-20,-3.3053,-3.2632,-3.4024,-3.3699,40422307.0
2009-10-21,-3.3428,-3.0146,-3.3532,-3.1499,42504633.0
2009-10-22,-3.1578,-3.0453,-3.236,-3.1399,28194635.0
2009-10-23,-3.1221,-3.1185,-3.2103,-3.1849,14995366.0
2009-10-26,-3.1946,-3.0846,-3.3221,-3.2371,17186371.0
2009-10-27,-3.2664,-3.2253,-3.4524,-3.4196,26912966.0
2009-10-28,-3.4074,-3.3964,-3.6435,-3.5971,29111359.0
2009-10-29,-3.5042,-3.4396,-3.6064,-3.456,20309245.0
2009-10-30,-3.4664,-3.4399,-3.8232,-3.7364,25501871.0
2009-11-02,-3.6899,-3.5799,-3.841,-3.7096,23184989.0
2009-11-03,-3.7596,-3.6999,-3.8285,-3.7328,17344394.0
2009-11-04,-3.6567,-3.5453,-3.6746,-3.6446,16039007.0
2009-11-05,-3.5971,-3.5042,-3.6178,-3.5599,12268079.0
2009-11-06,-3.5932,-3.4974,-3.5971,-3.5382,9732086.0
2009-11-09,-3.4349,-3.2821,-3.4592,-3.2964,16931806.0
2009-11-10,-3.2892,-3.1478,-3.2896,-3.2382,13253783.0
2009-11-11,-3.1628,-3.1471,-3.2603,-3.211,14981910.0
2009-11-12,-3.2135,-3.1517,-3.2746,-3.2646,11361095.0
2009-11-13,-3.2232,-3.1532,-3.2517,-3.171,10991352.0
2009-11-16,-3.1299,-3.0399,-3.1467,-3.0992,15121476.0
2009-11-17,-3.1085,-3.0599,-3.1471,-3.1057,12705298.0
2009-11-18,-3.0921,-3.0757,-3.1828,-3.1332,12111850.0
2009-11-19,-3.161,-3.161,-3.3328,-3.2892,17639725.0
2009-11-20,-3.356,-3.3117,-3.4057,-3.3271,12970850.0
2009-11-23,-3.2185,-3.1314,-3.2203,-3.1514,15057401.0
2009-11-24,-3.1353,-3.1157,-3.2221,-3.1689,10121553.0
2009-11-25,-3.1328,-3.1239,-3.1889,-3.1799,9177958.0
2009-11-27,-3.3535,-3.2199,-3.3839,-3.3046,10540899.0
2009-11-30,-3.286,-3.2657,-3.3696,-3.3099,13338072.0
2009-12-01,-3.2457,-3.2267,-3.3421,-3.3314,12395372.0
2009-12-02,-3.3628,-3.2749,-3.4774,-3.451,22393211.0
2009-12-03,-3.4178,-3.3621,-3.4589,-3.4253,14290900.0
2009-12-04,-3.3364,-3.3299,-3.6728,-3.5578,27970512.0
2009-12-07,-3.5642,-3.5482,-3.7299,-3.7139,23456956.0
2009-12-08,-3.7057,-3.5989,-3.7292,-3.6821,23164530.0
2009-12-09,-3.6371,-3.4271,-3.6717,-3.4282,21274853.0
2009-12-10,-3.3435,-3.3364,-3.4642,-3.4517,16073135.0
2009-12-11,-3.4049,-3.3971,-3.5578,-3.5178,13653220.0
2009-12-14,-3.491,-3.4174,-3.5914,-3.4446,15167115.0
2009-12-15,-3.4746,-3.4146,-3.566,-3.5549,13619905.0
2009-12-16,-3.5007,-3.4507,-3.5203,-3.5096,10939589.0
2009-12-17,-3.5307,-3.5042,-3.6149,-3.5996,11963217.0
2009-12-18,-3.5696,-3.4996,-3.5899,-3.5032,18178063.0
2009-12-21,-3.4667,-3.3346,-3.4803,-3.3907,20839514.0
2009-12-22,-3.3457,-3.2953,-3.3735,-3.3232,11285607.0
2009-12-23,-3.281,-3.2407,-3.2967,-3.251,11480733.0
2009-12-24,-3.1989,-2.9917,-3.206,-3.0028,17884651.0
2009-12-28,-2.9071,-2.8274,-2.9824,-2.9203,21405091.0
2009-12-29,-2.8746,-2.8714,-3.011,-3.0021,14643342.0
2009-12-30,-3.0103,-2.9046,-3.0289,-2.9146,13233402.0
2009-12-31,-2.8567,-2.8489,-2.9485,-2.9399,10726954.0
2010-01-04,-2.846,-2.8078,-2.8835,-2.8182,16137968.0
2010-01-05,-2.8042,-2.7689,-2.8524,-2.8189,20494531.0
2010-01-06,-2.8121,-2.7817,-2.931,-2.9249,17732950.0
2010-01-07,-2.906,-2.8971,-3.0024,-2.9674,15649371.0
2010-01-08,-2.9578,-2.9046,-3.0021,-2.9107,14369803.0
2010-01-11,-2.8685,-2.8614,-3.0239,-2.9589,15225556.0
2010-01-12,-2.9974,-2.9767,-3.0964,-3.0799,19590155.0
2010-01-13,-3.0446,-2.9353,-3.1792,-2.9442,20042347.0
2010-01-14,-2.9646,-2.9521,-3.0035,-2.981,14210536.0
2010-01-15,-2.9353,-2.9114,-3.1064,-3.1028,18764539.0
2010-01-19,-3.0282,-2.7871,-3.0671,-2.7946,23823993.0
2010-01-20,-2.7932,-2.7703,-2.9864,-2.9146,20420762.0
2010-01-21,-2.8942,-2.8503,-3.0682,-3.0246,19302617.0
2010-01-22,-3.0835,-3.0578,-3.4235,-3.4157,27632123.0
2010-01-25,-3.236,-3.1578,-3.3189,-3.1917,30110141.0
2010-01-26,-3.1132,-2.836,-3.2335,-3.1264,63398681.0
2010-01-27,-3.081,-2.9478,-3.3424,-3.0403,58476580.0
2010-01-28,-3.1496,-3.1292,-3.3721,-3.3239,38940301.0
2010-01-29,-3.2871,-3.2471,-3.6739,-3.5839,41446941.0
2010-02-01,-3.5982,-3.4685,-3.6364,-3.5235,25007904.0
2010-02-02,-3.4717,-3.4571,-3.5621,-3.4735,24933416.0
2010-02-03,-3.4982,-3.3185,-3.5249,-3.3532,21960068.0
2010-02-04,-3.4424,-3.3839,-3.6267,-3.6096,27038037.0
2010-02-05,-3.5892,-3.4685,-3.6524,-3.4878,30351714.0
2010-02-08,-3.4796,-3.4014,-3.5399,-3.5357,17038514.0
2010-02-09,-3.4535,-3.4149,-3.5132,-3.4617,22598287.0
2010-02-10,-3.4724,-3.4471,-3.5307,-3.4999,13182384.0
2010-02-11,-3.5085,-3.3346,-3.5378,-3.3732,19497034.0
2010-02-12,-3.3932,-3.2671,-3.4864,-3.3121,22973301.0
2010-02-16,-3.2564,-3.1939,-3.2714,-3.2042,19364754.0
2010-02-17,-3.176,-3.1717,-3.2949,-3.2346,15524086.0
2010-02-18,-3.2674,-3.1867,-3.2928,-3.221,14996822.0
2010-02-19,-3.2592,-3.2114,-3.286,-3.266,14825016.0
2010-02-22,-3.2421,-3.2364,-3.3546,-3.3107,13940237.0
2010-02-23,-3.3257,-3.2782,-3.4789,-3.4307,20528061.0
2010-02-24,-3.3889,-3.2742,-3.4028,-3.3021,16428643.0
2010-02-25,-3.4192,-3.2235,-3.4367,-3.2542,23733065.0
2010-02-26,-3.2407,-3.141,-3.2542,-3.1607,18078289.0
2010-03-01,-3.1203,-2.9864,-3.131,-3.0046,19606818.0
2010-03-02,-2.971,-2.9389,-3.0492,-3.0096,20208319.0
2010-03-03,-3.0064,-2.9732,-3.0421,-2.9924,13258018.0
2010-03-04,-2.9942,-2.9357,-3.0174,-2.9432,12792635.0
2010-03-05,-2.7921,-2.6221,-2.8032,-2.6489,32066941.0
2010-03-08,-2.611,-2.6082,-2.6739,-2.6442,15327179.0
2010-03-09,-2.6717,-2.4328,-2.6867,-2.5035,32837405.0
2010-03-10,-2.4746,-2.4157,-2.4971,-2.4385,21265741.0
2010-03-11,-2.4717,-2.4149,-2.4928,-2.4149,14441396.0
2010-03-12,-2.3482,-2.3353,-2.406,-2.3757,14825808.0
2010-03-15,-2.4192,-2.4149,-2.6024,-2.4742,17575582.0
2010-03-16,-2.4621,-2.4335,-2.5217,-2.4524,15944477.0
2010-03-17,-2.4364,-2.381,-2.4946,-2.4642,16076915.0
2010-03-18,-2.4649,-2.4328,-2.5182,-2.4453,12169801.0
2010-03-19,-2.4403,-2.4242,-2.5674,-2.531,19955124.0
2010-03-22,-2.5946,-2.3971,-2.606,-2.4417,16263453.0
2010-03-23,-2.4099,-2.2978,-2.4649,-2.3128,21487200.0
2010-03-24,-2.3385,-2.2471,-2.3432,-2.2767,21348547.0
2010-03-25,-2.2214,-2.2196,-2.3882,-2.3739,19360045.0
2010-03-26,-2.2917,-2.1846,-2.306,-2.2221,22858329.0
2010-03-29,-2.1471,-2.116,-2.1964,-2.1689,18907825.0
2010-03-30,-2.0185,-1.9871,-2.1024,-2.0457,18762297.0
2010-03-31,-2.0582,-2.0182,-2.0949,-2.0757,15352691.0
2010-04-01,-1.9867,-1.9424,-2.156,-2.041,21514577.0
2010-04-05,-2.0767,-1.9503,-2.0839,-1.951,24345651.0
2010-04-06,-1.9614,-1.8885,-2.0042,-1.9135,15924750.0
2010-04-07,-1.9071,-1.8285,-1.9449,-1.8757,22419797.0
2010-04-08,-1.8814,-1.8421,-1.9671,-1.8989,20448486.0
2010-04-09,-1.846,-1.8296,-1.8807,-1.8332,11922310.0
2010-04-12,-1.8185,-1.7874,-1.8324,-1.8153,11892931.0
2010-04-13,-1.8307,-1.7971,-1.8574,-1.8103,10890658.0
2010-04-14,-1.7085,-1.6896,-1.7517,-1.6939,14411290.0
2010-04-15,-1.6907,-1.5746,-1.7003,-1.5785,13452315.0
2010-04-16,-1.591,-1.4992,-1.7346,-1.6328,26803796.0
2010-04-19,-1.646,-1.6153,-1.8339,-1.6446,20241493.0
2010-04-20,-1.5921,-1.5667,-1.7914,-1.7332,26297345.0
2010-04-21,-1.226,-1.1739,-1.3353,-1.2107,35082638.0
2010-04-22,-1.2457,-0.9417,-1.3185,-0.9517,28328795.0
2010-04-23,-0.8974,-0.7478,-0.9328,-0.796,28457569.0
2010-04-26,-0.7585,-0.7378,-0.8903,-0.8435,17107636.0
2010-04-27,-0.9232,-0.9028,-1.1642,-1.1099,25330299.0
2010-04-28,-1.0667,-1.0399,-1.311,-1.1257,27077046.0
2010-04-29,-1.0749,-0.8257,-1.111,-0.8742,19952965.0
2010-04-30,-0.8503,-0.8053,-1.1471,-1.1439,19373668.0
2010-05-03,-1.0457,-0.9014,-1.0799,-0.956,16224205.0
2010-05-04,-1.0796,-1.0653,-1.2989,-1.2299,25840419.0
2010-05-05,-1.4317,-1.2492,-1.5853,-1.326,31523334.0
2010-05-06,-1.4032,-1.2453,-3.3524,-1.6739,45901563.0
2010-05-07,-1.7646,-1.6624,-2.4253,-2.0449,59857756.0
2010-05-10,-1.5314,-1.3739,-1.5924,-1.3974,35139516.0
2010-05-11,-1.4742,-1.1867,-1.5221,-1.3071,30363502.0
2010-05-12,-1.2096,-1.071,-1.2292,-1.1082,23366926.0
2010-05-13,-1.0678,-1.0042,-1.3114,-1.2414,21402707.0
2010-05-14,-1.3557,-1.3085,-1.5578,-1.4035,27120051.0
2010-05-17,-1.3721,-1.3192,-1.6217,-1.3892,27238638.0
2010-05-18,-1.2907,-1.2346,-1.5307,-1.4557,27931617.0
2010-05-19,-1.5578,-1.4357,-1.7239,-1.5992,36627466.0
2010-05-20,-1.8299,-1.7596,-2.0324,-1.9771,45799626.0
2010-05-21,-2.1535,-1.7364,-2.206,-1.8142,43710965.0
2010-05-24,-1.6371,-1.5078,-1.6735,-1.6557,26929259.0
2010-05-25,-1.9203,-1.6557,-1.9985,-1.7107,37417361.0
2010-05-26,-1.5371,-1.4639,-1.7632,-1.7503,30364211.0
2010-05-27,-1.5185,-1.401,-1.5717,-1.4203,23783290.0
2010-05-28,-1.2046,-1.2042,-1.4203,-1.2942,29129031.0
2010-06-01,-1.1939,-0.9707,-1.2199,-1.1532,31286065.0
2010-06-02,-1.0207,-1.0114,-1.171,-1.0417,24571856.0
2010-06-03,-0.9978,-0.9846,-1.1682,-1.0714,23215662.0
2010-06-04,-1.2467,-1.1149,-1.3746,-1.3267,27087206.0
2010-06-07,-1.2439,-1.2132,-1.5203,-1.5064,31669899.0
2010-06-08,-1.4242,-1.4042,-1.6953,-1.5639,35730676.0
2010-06-09,-1.4874,-1.4721,-1.8082,-1.7828,30497516.0
2010-06-10,-1.7242,-1.5049,-1.8185,-1.5217,27715417.0
2010-06-11,-1.6035,-1.4021,-1.6339,-1.4146,19491412.0
2010-06-14,-1.3271,-1.2132,-1.3967,-1.3871,21528502.0
2010-06-15,-1.3385,-1.1882,-1.3435,-1.1939,20875569.0
2010-06-16,-1.1435,-0.906,-1.1603,-0.9239,27981801.0
2010-06-17,-0.8042,-0.7221,-0.8435,-0.7589,31185911.0
2010-06-18,-0.7453,-0.6471,-0.7749,-0.6803,28022135.0
2010-06-21,-0.551,-0.5039,-0.871,-0.8196,27727130.0
2010-06-22,-0.7485,-0.6124,-0.7721,-0.6882,25605297.0
2010-06-23,-0.6621,-0.6592,-0.9007,-0.791,27440564.0
2010-06-24,-0.7899,-0.7117,-0.8935,-0.8614,25525981.0
2010-06-25,-0.8235,-0.816,-0.9753,-0.9435,19640753.0
2010-06-28,-0.9353,-0.8346,-1.0214,-0.8864,20903083.0
2010-06-29,-1.0357,-1.026,-1.3864,-1.3196,40466546.0
2010-06-30,-1.3003,-1.2553,-1.5396,-1.4853,26398177.0
2010-07-01,-1.3864,-1.3685,-1.7821,-1.5942,36530395.0
2010-07-02,-1.5224,-1.5067,-1.7828,-1.6492,24803483.0
2010-07-06,-1.5042,-1.4399,-1.6771,-1.5889,21963773.0
2010-07-07,-1.5224,-1.2267,-1.5489,-1.2303,23370575.0
2010-07-08,-1.0942,-1.0792,-1.3653,-1.251,26357383.0
2010-07-09,-1.2939,-1.1864,-1.3557,-1.1964,15484791.0
2010-07-12,-1.2353,-1.1167,-1.3664,-1.2796,20096721.0
2010-07-13,-1.3142,-1.3114,-1.6674,-1.4757,42523482.0
2010-07-14,-1.5621,-1.3328,-1.5757,-1.4424,29004012.0
2010-07-15,-1.6032,-1.291,-1.6364,-1.4882,29445743.0
2010-07-16,-1.4264,-1.3624,-1.5967,-1.5435,37137768.0
2010-07-19,-1.5442,-1.5442,-1.9114,-1.6978,36577177.0
2010-07-20,-1.7935,-1.4364,-1.8967,-1.4724,38363299.0
2010-07-21,-1.0042,-0.9989,-1.3971,-1.3885,42341300.0
2010-07-22,-1.2657,-1.1828,-1.3503,-1.2178,23042049.0
2010-07-23,-1.2867,-1.1692,-1.3157,-1.1849,19049523.0
2010-07-26,-1.1828,-1.1792,-1.2646,-1.2085,15017756.0
2010-07-27,-1.1517,-1.0114,-1.1721,-1.0371,20879673.0
2010-07-28,-1.0517,-0.9689,-1.1739,-1.1485,18566041.0
2010-07-29,-1.1574,-1.0882,-1.3221,-1.2503,22990736.0
2010-07-30,-1.3296,-1.1935,-1.3649,-1.281,16016280.0
2010-08-02,-1.1671,-1.0903,-1.1964,-1.1167,15248407.0
2010-08-03,-1.1467,-1.0664,-1.2035,-1.1139,14912876.0
2010-08-04,-1.0814,-1.0299,-1.1717,-1.0764,15018350.0
2010-08-05,-1.121,-1.0692,-1.1632,-1.1221,10332762.0
2010-08-06,-1.1907,-1.1296,-1.2674,-1.1796,15893330.0
2010-08-09,-1.1299,-1.106,-1.1982,-1.1203,10822908.0
2010-08-10,-1.1882,-1.1667,-1.2703,-1.2039,16138560.0
2010-08-11,-1.3471,-1.3367,-1.5467,-1.5332,22133436.0
2010-08-12,-1.6582,-1.4292,-1.6785,-1.476,19093244.0
2010-08-13,-1.481,-1.4728,-1.5724,-1.5721,12673805.0
2010-08-16,-1.6264,-1.5396,-1.6607,-1.6242,11364322.0
2010-08-17,-1.5371,-1.3746,-1.5685,-1.4696,15091210.0
2010-08-18,-1.4557,-1.3732,-1.4835,-1.4303,12106769.0
2010-08-19,-1.4385,-1.4157,-1.5871,-1.5442,15236111.0
2010-08-20,-1.5617,-1.3999,-1.5757,-1.5528,13722458.0
2010-08-23,-1.476,-1.4685,-1.7096,-1.6899,14785811.0
2010-08-24,-1.8017,-1.7899,-1.9453,-1.8996,21502556.0
2010-08-25,-1.9671,-1.7546,-1.9971,-1.7939,21313319.0
2010-08-26,-1.7024,-1.6917,-1.8871,-1.8871,16655689.0
2010-08-27,-1.8346,-1.8039,-2.0557,-1.8392,19592368.0
2010-08-30,-1.8699,-1.6917,-1.8728,-1.8078,13685583.0
2010-08-31,-1.831,-1.7342,-1.8846,-1.7864,15002895.0
2010-09-01,-1.6303,-1.4878,-1.6728,-1.5282,24887951.0
2010-09-02,-1.4949,-1.4624,-1.591,-1.4624,14804751.0
2010-09-03,-1.3582,-1.2264,-1.3792,-1.2267,18599581.0
2010-09-07,-1.3028,-1.1996,-1.3167,-1.261,12240641.0
2010-09-08,-1.1907,-1.026,-1.2149,-1.0785,18802723.0
2010-09-09,-1.0028,-0.9499,-1.0785,-1.0732,15652671.0
2010-09-10,-1.0689,-1.0221,-1.1328,-1.061,13848617.0
2010-09-13,-0.9749,-0.8871,-0.9771,-0.9314,13883489.0
2010-09-14,-0.961,-0.8553,-0.9857,-0.8949,14564173.0
2010-09-15,-0.891,-0.8121,-0.9028,-0.8178,15305050.0
2010-09-16,-0.8171,-0.5874,-0.8435,-0.591,23224167.0
2010-09-17,-0.551,-0.5414,-0.6942,-0.6339,22659813.0
2010-09-20,-0.6085,-0.3335,-0.6167,-0.3532,23518285.0
2010-09-21,-0.3307,-0.206,-0.3689,-0.3339,23914006.0
2010-09-22,-0.3717,-0.1835,-0.3824,-0.1917,20884021.0
2010-09-23,-0.2424,-0.0128,-0.2542,-0.1499,28065128.0
2010-09-24,-0.0364,0.0147,-0.0917,-0.0285,23195972.0
2010-09-27,0.0308,0.0576,-0.0753,-0.0699,17248434.0
2010-09-28,-0.0482,-0.0482,-0.6471,-0.2235,36936223.0
2010-09-29,-0.2103,-0.1182,-0.2542,-0.2053,16768694.0
2010-09-30,-0.1471,-0.1114,-0.4239,-0.3346,24029147.0
2010-10-01,-0.2489,-0.2335,-0.4203,-0.3785,16014492.0
2010-10-04,-0.4114,-0.3649,-0.5482,-0.5171,15521767.0
2010-10-05,-0.3971,-0.131,-0.4035,-0.1492,17872948.0
2010-10-06,-0.126,-0.0403,-0.2807,-0.1403,23893058.0
2010-10-07,-0.0503,-0.0149,-0.0896,-0.0407,3236436.0
2010-10-08,-0.0503,0.0493,-0.1114,0.034,23514402.0
2010-10-11,0.0579,0.1472,0.0529,0.0801,15241040.0
2010-10-12,0.0818,0.2279,-0.0224,0.1936,19941320.0
2010-10-13,0.2529,0.3158,0.2386,0.2508,22207569.0
2010-10-14,0.3061,0.334,0.2601,0.3283,15482070.0
2010-10-15,0.5115,0.7815,0.4211,0.7722,32935492.0
2010-10-18,0.9054,0.9243,0.7561,0.8886,38795950.0
2010-10-19,0.3701,0.7376,0.2465,0.5847,43880778.0
2010-10-20,0.5672,0.7547,0.4911,0.6218,25647970.0
2010-10-21,0.6872,0.7722,0.4886,0.5858,19549676.0
2010-10-22,0.5697,0.6043,0.4708,0.5126,13313408.0
2010-10-25,0.5704,0.6601,0.5472,0.5615,13746320.0
2010-10-26,0.4911,0.5936,0.4476,0.5333,13894408.0
2010-10-27,0.519,0.5993,0.4458,0.5254,14027563.0
2010-10-28,0.5297,0.5315,0.2779,0.4329,19594613.0
2010-10-29,0.3968,0.4558,0.2768,0.2808,15375304.0
2010-11-01,0.3251,0.4458,0.3243,0.3951,15072562.0
2010-11-02,0.4958,0.6097,0.4958,0.5801,15393549.0
2010-11-03,0.6518,0.7058,0.5504,0.7029,18101121.0
2010-11-04,0.7976,0.9665,0.7826,0.8983,22809371.0
2010-11-05,0.8883,0.9447,0.844,0.8576,12901895.0
2010-11-08,0.8601,0.9518,0.8443,0.9108,9979102.0
2010-11-09,0.9976,1.0065,0.7636,0.8201,13629725.0
2010-11-10,0.8401,0.9161,0.7297,0.8897,13524481.0
2010-11-11,0.7815,0.9029,0.7547,0.8404,12880271.0
2010-11-12,0.8172,0.8351,0.3754,0.5326,28423066.0
2010-11-15,0.5479,0.6222,0.4697,0.4972,14328021.0
2010-11-16,0.4501,0.5172,0.2215,0.3026,23425851.0
2010-11-17,0.2886,0.3883,0.1658,0.2636,17086914.0
2010-11-18,0.4315,0.5911,0.4133,0.5468,17556497.0
2010-11-19,0.5304,0.5458,0.4329,0.4861,13744399.0
2010-11-22,0.4843,0.7229,0.4554,0.7229,13948259.0
2010-11-23,0.619,0.6654,0.4801,0.5576,18458096.0
2010-11-24,0.6743,0.7958,0.6654,0.7743,14795448.0
2010-11-26,0.7365,0.8779,0.7079,0.7815,8490891.0
2010-11-29,0.7993,0.8701,0.6522,0.8483,15777092.0
2010-11-30,0.7293,0.7586,0.634,0.644,17838897.0
2010-12-01,0.7911,0.8797,0.7815,0.8315,16491096.0
2010-12-02,0.8718,0.9243,0.7776,0.894,16511813.0
2010-12-03,0.8533,0.9118,0.8293,0.8686,12227469.0
2010-12-06,0.9115,1.0433,0.9036,0.9654,15875367.0
2010-12-07,0.9468,0.9733,0.8568,0.8729,3920125.0
2010-12-08,0.9468,0.9965,0.8568,0.9961,11433030.0
2010-12-09,1.0361,1.0493,0.9251,0.9515,10474694.0
2010-12-10,0.9476,0.9976,0.9101,0.9801,9377749.0
2010-12-13,1.1161,1.1408,0.9958,1.0197,15642677.0
2010-12-14,1.0218,1.0508,0.9243,0.9704,12512910.0
2010-12-15,0.9601,1.0672,0.9311,0.9729,14809880.0
2010-12-16,0.999,1.0533,0.9636,1.0047,11226999.0
2010-12-17,1.0183,1.024,0.9683,0.9818,13826724.0
2010-12-20,1.0172,1.0761,0.8968,1.039,13681551.0
2010-12-21,1.0672,1.1168,1.0333,1.1101,9099204.0
2010-12-22,1.1158,1.1643,1.0868,1.1443,9459163.0
2010-12-23,1.1386,1.144,1.0733,1.0886,7982168.0
2010-12-27,1.0618,1.1543,1.0143,1.1272,8886355.0
2010-12-28,1.1711,1.1979,1.1408,1.1554,6268402.0
2010-12-29,1.1822,1.1904,1.1422,1.149,5817500.0
2010-12-30,1.1558,1.1568,1.069,1.0908,5616028.0
2010-12-31,1.0654,1.0843,1.0068,1.0515,6916261.0
2011-01-03,1.1615,1.3265,1.1329,1.3018,15835566.0
2011-01-04,1.4043,1.4065,1.2511,1.3633,11019265.0
2011-01-05,1.3011,1.4722,1.2993,1.4601,9074409.0
2011-01-06,1.4858,1.5047,1.4208,1.4504,10705797.0
2011-01-07,1.4597,1.544,1.3851,1.5358,11140316.0
2011-01-10,1.6326,1.7897,1.5733,1.7618,15970331.0
2011-01-11,1.8486,1.8515,1.6554,1.7329,15759255.0
2011-01-12,1.7904,1.8326,1.7458,1.8322,10768729.0
2011-01-13,1.8586,1.9115,1.8118,1.8772,10536100.0
2011-01-14,1.8847,1.9772,1.8329,1.9772,11029964.0
2011-01-18,1.299,1.8443,1.1743,1.6976,62293119.0
2011-01-19,1.9729,1.9815,1.5629,1.6329,40409433.0
2011-01-20,1.5468,1.6136,1.3215,1.4129,27217619.0
2011-01-21,1.4518,1.4915,1.1968,1.2001,26942816.0
2011-01-24,1.2054,1.5833,1.2001,1.5833,20442654.0
2011-01-25,1.5433,1.7258,1.4804,1.7243,19417257.0
2011-01-26,1.7801,1.8743,1.7279,1.8118,17990443.0
2011-01-27,1.8093,1.8418,1.7754,1.789,10068016.0
2011-01-28,1.8233,1.8315,1.4429,1.5351,20451851.0
2011-01-31,1.5243,1.6758,1.4708,1.6501,13347214.0
2011-02-01,1.7208,1.8761,1.7093,1.854,15063083.0
2011-02-02,1.8333,1.8618,1.8011,1.8286,9196862.0
2011-02-03,1.8101,1.8258,1.6226,1.7972,14006982.0
2011-02-04,1.8043,1.9136,1.7997,1.9065,11436127.0
2011-02-07,1.9561,2.1476,1.9472,2.0986,17061579.0
2011-02-08,2.1629,2.2286,2.1083,2.2172,13434889.0
2011-02-09,2.2168,2.3529,2.2054,2.3229,17089330.0
2011-02-10,2.2954,2.3886,1.9601,2.1936,32878344.0
2011-02-11,2.2011,2.3101,2.1579,2.2761,13067054.0
2011-02-14,2.274,2.3701,2.2711,2.3593,11002321.0
2011-02-15,2.3597,2.3876,2.3011,2.3851,9994761.0
2011-02-16,2.4172,2.5636,2.4065,2.5004,16864990.0
2011-02-17,2.2904,2.3983,2.2643,2.3279,18811723.0
2011-02-18,2.3426,2.3708,2.0143,2.0515,29144532.0
2011-02-22,1.7511,1.8672,1.5929,1.6247,30904642.0
2011-02-23,1.6304,1.8401,1.6247,1.7679,23826372.0
2011-02-24,1.8179,1.8583,1.6161,1.7772,17608418.0
2011-02-25,1.8622,1.9754,1.8458,1.9658,13368900.0
2011-02-28,2.0758,2.2118,2.0715,2.1461,14061428.0
2011-03-01,2.2268,2.2358,1.9486,2.0068,16018591.0
2011-03-02,2.0301,2.1868,1.9743,2.1072,21414198.0
2011-03-03,2.2883,2.3811,2.2429,2.3729,17746095.0
2011-03-04,2.3911,2.399,2.3083,2.3886,15532253.0
2011-03-07,2.4386,2.4483,2.0783,2.2229,19308532.0
2011-03-08,2.2068,2.2958,2.1118,2.2372,12589684.0
2011-03-09,2.199,2.2015,2.0529,2.1197,16115916.0
2011-03-10,2.0001,2.0233,1.8493,1.9126,17964119.0
2011-03-11,1.8647,2.1143,1.8529,2.1026,16722402.0
2011-03-14,2.1451,2.2629,2.0783,2.1586,15392611.0
2011-03-15,1.7493,1.9543,1.6779,1.8683,25434014.0
2011-03-16,1.7458,1.7815,1.1836,1.3176,40739464.0
2011-03-17,1.5611,1.6604,1.3408,1.4829,23321071.0
2011-03-18,1.5718,1.6101,1.3172,1.3411,26221516.0
2011-03-21,1.5311,1.6651,1.5051,1.6493,14488835.0
2011-03-22,1.7658,1.7679,1.6436,1.7172,11562447.0
2011-03-23,1.6486,1.6822,1.5297,1.6454,13275021.0
2011-03-24,1.7404,1.8886,1.6336,1.8518,14274352.0
2011-03-25,1.9626,2.1051,1.9251,2.0865,15876736.0
2011-03-28,2.144,2.1858,2.0472,2.0472,10879890.0
2011-03-29,1.9479,2.0658,1.8908,2.0658,12434509.0
2011-03-30,2.0543,2.0629,1.9401,1.9826,11627409.0
2011-03-31,1.9015,2.0243,1.8908,1.9779,9635221.0
2011-04-01,2.0711,2.0879,1.7922,1.8372,14741937.0
2011-04-04,1.8283,1.8386,1.6172,1.7168,16338321.0
2011-04-05,1.5668,1.7547,1.5315,1.6347,17074032.0
2011-04-06,1.7179,1.8136,1.5722,1.6043,14209435.0
2011-04-07,1.6065,1.6897,1.5326,1.6058,13276704.0
2011-04-08,1.6715,1.6797,1.4583,1.4979,13403514.0
2011-04-11,1.4622,1.5197,1.3179,1.3458,14182767.0
2011-04-12,1.3347,1.4504,1.3243,1.4029,15113003.0
2011-04-13,1.4965,1.5365,1.4072,1.5361,12147974.0
2011-04-14,1.4886,1.5315,1.3908,1.4036,10658202.0
2011-04-15,1.4351,1.4472,1.2029,1.2265,16063189.0
2011-04-18,1.1779,1.3968,0.9658,1.3833,21643468.0
2011-04-19,1.4279,1.6022,1.3783,1.5979,14777699.0
2011-04-20,1.7997,1.8797,1.7279,1.7604,19745974.0
2011-04-21,2.2101,2.2147,1.9786,2.0561,26746331.0
2011-04-25,2.0436,2.1654,2.0422,2.1386,9396092.0
2011-04-26,2.1608,2.2097,2.0083,2.0465,11959787.0
2011-04-27,2.1115,2.1154,1.9279,2.0368,12495702.0
2011-04-28,1.8954,2.0226,1.8715,1.9154,12650806.0
2011-04-29,1.9165,2.1726,1.9122,2.0361,28671115.0
2011-05-02,2.0222,2.0479,1.8708,1.8986,15732208.0
2011-05-03,1.9597,2.0276,1.8751,1.9672,11093036.0
2011-05-04,1.9693,2.0968,1.9201,2.0161,13624382.0
2011-05-05,1.9743,2.0654,1.8904,1.9154,11859289.0
2011-05-06,2.0204,2.0315,1.8961,1.9122,9915649.0
2011-05-09,1.9551,2.0029,1.9072,1.9458,7216205.0
2011-05-10,1.9918,2.0204,1.9122,2.0118,9892036.0
2011-05-11,1.9965,2.0315,1.8615,1.9326,11865025.0
2011-05-12,1.8929,1.9286,1.7554,1.909,11347005.0
2011-05-13,1.8765,1.8976,1.6868,1.6922,11537376.0
2011-05-16,1.6458,1.7179,1.4101,1.4351,15871384.0
2011-05-17,1.3886,1.5365,1.3433,1.5365,16092594.0
2011-05-18,1.5483,1.7118,1.5315,1.6697,11900471.0
2011-05-19,1.7486,1.7604,1.6268,1.6933,9118493.0
2011-05-20,1.6586,1.7083,1.4965,1.5036,11966380.0
2011-05-23,1.3161,1.5308,1.2965,1.4743,13574667.0
2011-05-24,1.5136,1.5276,1.3651,1.3954,11435117.0
2011-05-25,1.4397,1.6229,1.419,1.5593,10392327.0
2011-05-26,1.5304,1.5633,1.4754,1.4958,7842296.0
2011-05-27,1.4886,1.5897,1.4711,1.5818,7214975.0
2011-05-31,1.7136,1.954,1.7101,1.954,14432921.0
2011-06-01,1.9911,2.1076,1.8404,1.8711,19667083.0
2011-06-02,1.8965,1.9543,1.8361,1.8965,16780815.0
2011-06-03,1.7879,1.8647,1.7461,1.7972,11027105.0
2011-06-06,1.8779,1.9261,1.5961,1.6043,16309959.0
2011-06-07,1.609,1.6108,1.3851,1.3901,18806935.0
2011-06-08,1.3808,1.4886,1.3404,1.3972,11844874.0
2011-06-09,1.4333,1.4483,1.344,1.3704,9764713.0
2011-06-10,1.3368,1.3765,1.1568,1.1708,15365802.0
2011-06-13,1.2172,1.2568,1.1411,1.1958,11726178.0
2011-06-14,1.3172,1.4333,1.2926,1.4043,11663024.0
2011-06-15,1.3083,1.3279,1.1343,1.2011,13695747.0
2011-06-16,1.2065,1.2701,0.9004,1.1443,18033630.0
2011-06-17,1.2811,1.2904,0.9372,0.9693,21395808.0
2011-06-20,0.8654,0.8779,0.6208,0.7929,22770148.0
2011-06-21,0.8415,1.1672,0.7886,1.1493,17468389.0
2011-06-22,1.1443,1.2779,1.0451,1.0533,13856682.0
2011-06-23,0.9222,1.3776,0.8929,1.3611,19820526.0
2011-06-24,1.3661,1.4297,1.1418,1.1868,15373054.0
2011-06-27,1.2311,1.4565,1.219,1.3901,12044073.0
2011-06-28,1.4476,1.5565,1.4401,1.5051,10351819.0
2011-06-29,1.5329,1.5447,1.3843,1.4615,12555867.0
2011-06-30,1.4851,1.5361,1.4186,1.5197,11420240.0
2011-07-01,1.5297,1.7993,1.4672,1.7908,15450575.0
2011-07-05,1.7815,2.0254,1.7636,2.0111,12561327.0
2011-07-06,1.994,2.1779,1.914,2.0943,15793787.0
2011-07-07,2.1983,2.3172,2.1743,2.2886,14158328.0
2011-07-08,2.1508,2.3886,2.1101,2.3783,17381049.0
2011-07-11,2.2579,2.3804,2.1322,2.1743,15679191.0
2011-07-12,2.1576,2.3058,1.9822,2.1654,16043538.0
2011-07-13,2.329,2.3886,2.2593,2.3179,13847071.0
2011-07-14,2.4247,2.4461,2.2579,2.309,14982998.0
2011-07-15,2.4304,2.5672,2.359,2.5643,17063115.0
2011-07-18,2.5826,2.9118,2.5772,2.8815,20250016.0
2011-07-19,3.0315,3.0547,2.8643,2.9904,24570247.0
2011-07-20,3.6786,3.684,3.3172,3.3493,33459356.0
2011-07-21,3.3511,3.4622,3.2422,3.3633,18478111.0
2011-07-22,3.4001,3.6404,3.3797,3.5779,18341935.0
2011-07-25,3.4726,3.8172,3.4465,3.7636,20944106.0
2011-07-26,3.8172,3.9779,3.8058,3.939,16911938.0
2011-07-27,3.8383,3.9115,3.5368,3.5526,23344066.0
2011-07-28,3.5179,3.7097,3.3933,3.5251,21062882.0
2011-07-29,3.3758,3.644,3.2458,3.4772,22373677.0
2011-08-01,3.7379,3.7993,3.5447,3.7011,21653206.0
2011-08-02,3.7333,3.7422,3.4011,3.4211,22700509.0
2011-08-03,3.4951,3.5868,3.1829,3.5518,25783213.0
2011-08-04,3.439,3.5072,3.0083,3.009,30858066.0
2011-08-05,3.1186,3.2279,2.4804,2.8751,42719143.0
2011-08-08,2.449,2.6661,2.1393,2.1461,40355888.0
2011-08-09,2.4351,2.9104,2.2101,2.889,38170750.0
2011-08-10,2.7868,2.9118,2.4779,2.5204,31123138.0
2011-08-11,2.7643,2.9404,2.5572,2.8779,26140897.0
2011-08-12,3.034,3.0901,2.8968,2.9954,18817569.0
2011-08-15,3.0897,3.2804,3.0347,3.2247,16323133.0
2011-08-16,3.1572,3.2233,2.9622,3.1201,17671571.0
2011-08-17,3.1854,3.2643,3.0315,3.1186,15634891.0
2011-08-18,2.7758,2.8404,2.4376,2.6047,30138885.0
2011-08-19,2.4661,2.6386,2.2458,2.2468,27485367.0
2011-08-22,2.5497,2.5629,2.2133,2.2615,19039076.0
2011-08-23,2.3993,2.8758,2.2815,2.8743,23239125.0
2011-08-24,2.8697,3.0658,2.7672,2.9665,20832685.0
2011-08-25,2.5701,2.9404,2.5672,2.8786,30981372.0
2011-08-26,2.7876,3.2386,2.7743,3.2308,22758664.0
2011-08-29,3.3951,3.5136,3.3886,3.459,14376215.0
2011-08-30,3.3976,3.5258,3.3247,3.4597,14868989.0
2011-08-31,3.4804,3.5343,3.1693,3.2754,18378515.0
2011-09-01,3.3108,3.3651,3.1286,3.1397,12087458.0
2011-09-02,2.9151,3.0315,2.8111,2.8904,15547467.0
2011-09-06,2.6518,3.1147,2.6201,3.0936,18099979.0
2011-09-07,3.3015,3.3029,3.1743,3.2433,12365902.0
2011-09-08,3.1886,3.4104,3.1854,3.2508,14778833.0
2011-09-09,3.2433,3.3172,2.9251,3.0129,20058033.0
2011-09-12,2.8529,3.1343,2.8136,3.1008,16554022.0
2011-09-13,3.1793,3.3247,3.1118,3.2679,15620673.0
2011-09-14,3.3536,3.539,3.3086,3.4351,18924253.0
2011-09-15,3.5111,3.5908,3.4565,3.5658,14513050.0
2011-09-16,3.6579,3.8351,3.6397,3.8351,23930950.0
2011-09-19,3.7101,4.2897,3.6458,4.2326,29266264.0
2011-09-20,4.3618,4.6336,4.2168,4.2976,27472280.0
2011-09-21,4.5186,4.5883,4.2458,4.2508,21404617.0
2011-09-22,3.854,4.1679,3.6993,3.8822,34330721.0
2011-09-23,3.8272,4.0579,3.8118,3.9708,19336597.0
2011-09-26,3.8122,3.9593,3.5065,3.9304,28821009.0
2011-09-27,4.129,4.1476,3.7479,3.7908,22434335.0
2011-09-28,3.824,3.9508,3.6926,3.7104,15211914.0
2011-09-29,3.8858,3.8961,3.3247,3.4804,23181445.0
2011-09-30,3.3572,3.4204,3.1451,3.1501,19218286.0
2011-10-03,3.1161,3.1972,2.859,2.9101,23618255.0
2011-10-04,2.909,3.1672,2.1829,2.8351,43740903.0
2011-10-05,2.6693,3.0965,2.3993,3.0404,27901296.0
2011-10-06,2.8647,3.2736,2.8101,3.009,28896516.0
2011-10-07,2.9522,3.0222,2.6915,2.7386,18998434.0
2011-10-10,3.0704,3.4176,3.039,3.4176,15566257.0
2011-10-11,3.5518,3.9308,3.5136,3.8276,21537162.0
2011-10-12,4.0793,4.1476,3.8222,3.8954,22076844.0
2011-10-13,3.9951,4.1183,3.919,4.1183,14851382.0
2011-10-14,4.4183,4.6029,4.3626,4.6029,19984956.0
2011-10-17,4.5936,4.7708,4.3865,4.5311,23974401.0
2011-10-18,4.5943,4.7029,4.3883,4.6115,24299067.0
2011-10-19,3.8654,4.1176,3.7386,3.7679,39262346.0
2011-10-20,3.8172,3.8297,3.6104,3.6497,19500267.0
2011-10-21,3.7493,3.7865,3.4868,3.5626,21950962.0
2011-10-24,3.6808,4.0493,3.6529,4.0233,17842424.0
2011-10-25,3.9968,4.0511,3.7236,3.7376,15214579.0
2011-10-26,3.8801,3.9083,3.5726,3.8386,16067516.0
2011-10-27,4.0872,4.1386,3.8847,3.9847,17399338.0
2011-10-28,3.9243,4.044,3.9068,3.994,11327285.0
2011-10-31,3.9036,4.1504,3.8547,3.9879,13617546.0
2011-11-01,3.7247,3.7993,3.5751,3.6926,18851286.0
2011-11-02,3.8204,3.8329,3.6426,3.7247,11376477.0
2011-11-03,3.784,3.9386,3.6515,3.9268,15640256.0
2011-11-04,3.8897,3.9401,3.7872,3.8279,10592860.0
2011-11-07,3.814,3.8172,3.679,3.8076,9505252.0
2011-11-08,3.8961,4.1029,3.8729,4.0397,14163741.0
2011-11-09,3.709,3.849,3.6111,3.6486,19663510.0
2011-11-10,3.7111,3.7176,3.1797,3.2893,26498687.0
2011-11-11,3.339,3.4136,3.1122,3.2679,23189218.0
2011-11-14,3.2286,3.2904,3.0386,3.0765,15257196.0
2011-11-15,3.1315,3.4422,3.0833,3.4183,15286678.0
2011-11-16,3.4333,3.5008,3.2572,3.2733,12340203.0
2011-11-17,3.2451,3.2665,2.9422,3.0104,17019512.0
2011-11-18,3.0643,3.1026,2.9201,2.9222,13088070.0
2011-11-21,2.7601,2.8058,2.5997,2.7104,15780318.0
2011-11-22,2.7822,3.029,2.7793,2.9783,14291595.0
2011-11-23,2.9068,2.9543,2.6343,2.6383,15195163.0
2011-11-25,2.6893,2.7868,2.5072,2.5161,9092755.0
2011-11-28,2.8297,2.9858,2.7576,2.9643,12136756.0
2011-11-29,2.9543,3.0611,2.7529,2.8601,13376608.0
2011-11-30,3.149,3.1815,3.0422,3.1815,14038533.0
2011-12-01,3.1936,3.4243,3.1297,3.3861,13529916.0
2011-12-02,3.454,3.5897,3.4093,3.4493,13421692.0
2011-12-05,3.5847,3.689,3.4736,3.5676,12603785.0
2011-12-06,3.5497,3.6254,3.4379,3.494,10094360.0
2011-12-07,3.4576,3.4936,3.3443,3.4276,10692779.0
2011-12-08,3.5118,3.6565,3.4683,3.4836,13353407.0
2011-12-09,3.5618,3.6043,3.4968,3.5893,10531982.0
2011-12-12,3.5201,3.5993,3.4404,3.5258,10612882.0
2011-12-13,3.5672,3.6529,3.3565,3.4176,11991133.0
2011-12-14,3.3422,3.3665,3.0201,3.1097,14412374.0
2011-12-15,3.2218,3.2365,3.0426,3.0651,9107179.0
2011-12-16,3.1158,3.2511,3.0876,3.1393,13746207.0
2011-12-19,3.1911,3.2761,3.1201,3.1818,8235349.0
2011-12-20,3.3801,3.6779,3.3622,3.6726,11886001.0
2011-12-21,3.699,3.7208,3.5318,3.6901,9284041.0
2011-12-22,3.7101,3.7861,3.6779,3.7654,7096689.0
2011-12-23,3.8061,3.9454,3.799,3.9361,9588317.0
2011-12-27,3.9279,4.1418,3.9251,4.0504,9430760.0
2011-12-28,4.0633,4.1118,3.8651,3.9115,8080603.0
2011-12-29,3.9386,4.019,3.8354,4.0001,7308723.0
2011-12-30,3.9426,4.0415,3.9418,3.9958,6295885.0
2012-01-03,4.1529,4.2636,4.1386,4.2183,10690270.0
2012-01-04,4.1743,4.3415,4.1486,4.2972,9181249.0
2012-01-05,4.3511,4.4797,4.2697,4.4611,9606776.0
2012-01-06,4.5233,4.6297,4.5036,4.6172,11291702.0
2012-01-09,4.7279,4.8083,4.5797,4.5933,13988481.0
2012-01-10,4.7426,4.7458,4.5851,4.6472,9101673.0
2012-01-11,4.6272,4.6333,4.5068,4.6226,7625850.0
2012-01-12,4.6129,4.6351,4.4868,4.5811,7560105.0
2012-01-13,4.5208,4.5476,4.4836,4.5247,7951992.0
2012-01-17,4.6815,4.7454,4.6372,4.6993,8518366.0
2012-01-18,4.7801,4.8697,4.7565,4.8568,9736615.0
2012-01-19,4.894,4.9372,4.764,4.8083,9185228.0
2012-01-20,4.799,4.7993,4.5226,4.5422,14555057.0
2012-01-23,4.6268,4.8333,4.6136,4.7958,10801856.0
2012-01-24,4.7136,4.7136,4.5154,4.5461,13458650.0
2012-01-25,5.7615,5.7618,5.379,5.4836,34048471.0
2012-01-26,5.5443,5.5597,5.3579,5.4111,11497751.0
2012-01-27,5.4008,5.5486,5.3804,5.5058,10630874.0
2012-01-30,5.4497,5.7422,5.4383,5.7104,13295526.0
2012-01-31,5.8026,5.8972,5.7126,5.8343,13481635.0
2012-02-01,5.9033,5.924,5.8011,5.824,9508157.0
2012-02-02,5.8136,5.859,5.7451,5.7858,6625272.0
2012-02-03,5.8636,5.9601,5.8015,5.9486,10164851.0
2012-02-06,5.9022,6.1379,5.8958,6.1018,8825968.0
2012-02-07,6.1476,6.3083,6.1236,6.2754,11235701.0
2012-02-08,6.3351,6.5597,6.3065,6.5558,14458651.0
2012-02-09,6.7015,7.2726,6.6943,7.1447,31376086.0
2012-02-10,7.0658,7.3036,6.9797,7.1536,22330169.0
2012-02-13,7.3718,7.5254,7.2847,7.4815,18274178.0
2012-02-14,7.5551,7.7301,7.4601,7.7265,16232930.0
2012-02-15,7.8979,8.3276,7.2776,7.3054,53306870.0
2012-02-16,7.0851,7.5633,6.9111,7.4676,33241808.0
2012-02-17,7.4997,7.6661,7.3993,7.4643,18765242.0
2012-02-21,7.6343,7.919,7.5358,7.919,21287220.0
2012-02-22,7.9272,8.0254,7.7279,7.974,20172814.0
2012-02-23,7.9272,8.0254,7.7279,7.974,20172814.0
2012-02-24,8.0911,8.2065,8.0543,8.189,14442899.0
2012-02-27,8.1497,8.4065,7.9701,8.3086,19391974.0
2012-02-28,8.3872,8.6533,8.3118,8.6533,21056216.0
2012-02-29,8.8729,9.089,8.6636,8.9043,33320628.0
2012-03-01,9.109,9.1104,8.7733,8.9768,24292048.0
2012-03-02,8.9686,9.0601,8.9072,9.0022,15181228.0
2012-03-05,9.0108,9.0843,8.3172,8.5729,28771193.0
2012-03-06,8.2336,8.5918,7.9679,8.4693,28794217.0
2012-03-07,8.7029,8.7379,8.2208,8.4847,28293036.0
2012-03-08,8.6276,8.924,8.5358,8.8883,18340291.0
2012-03-09,8.9676,9.0936,8.9283,9.0018,14838263.0
2012-03-12,9.1379,9.2458,9.0672,9.2458,14337321.0
2012-03-13,9.4436,9.8236,9.3797,9.8208,24296862.0
2012-03-14,10.1761,10.7715,10.0815,10.5879,50357525.0
2012-03-15,10.9461,10.9604,10.194,10.4443,41222038.0
2012-03-16,10.4143,10.5743,10.1743,10.4454,18913416.0
2012-03-19,10.9018,11.0233,10.569,10.9993,31650160.0
2012-03-20,10.9426,11.2065,10.3172,11.1729,28873489.0
2012-03-21,11.0579,11.3047,11.0104,11.0493,22272427.0
2012-03-22,10.8808,11.1208,10.8004,10.9365,22095841.0
2012-03-23,10.9776,11.0243,10.7601,10.819,15216789.0
2012-03-26,10.9526,11.2001,10.7908,11.1868,17195036.0
2012-03-27,11.1808,11.5415,11.1765,11.4772,21477276.0
2012-03-28,11.6165,11.7261,11.3283,11.5893,23153951.0
2012-03-29,11.4165,11.5515,11.2183,11.3122,21099577.0
2012-03-30,11.2733,11.3372,10.8865,10.944,25766741.0
2012-04-02,11.0254,11.6304,10.9736,11.6254,21195261.0
2012-04-03,11.9351,12.1104,11.764,12.0072,29658352.0
2012-04-04,11.8297,11.8836,11.5672,11.8283,20146150.0
2012-04-05,11.9236,12.1979,11.7958,12.1629,22784225.0
2012-04-09,11.8933,12.3829,11.8636,12.254,21230393.0
2012-04-10,12.3861,12.5315,11.8886,11.9758,31555681.0
2012-04-11,12.2529,12.2768,11.7936,11.8958,24749920.0
2012-04-12,11.8529,12.079,11.6922,11.7733,21746783.0
2012-04-13,11.8211,11.8422,11.0854,11.1468,30541381.0
2012-04-16,11.3193,11.3272,10.1833,10.2504,37345204.0
2012-04-17,10.2079,11.3172,9.9568,11.3065,36263222.0
2012-04-18,11.4501,11.6833,11.0568,11.2579,33833839.0
2012-04-19,10.9679,11.129,10.4072,10.539,27782816.0
2012-04-20,10.6522,10.7679,9.9036,9.9951,36396709.0
2012-04-23,9.9104,10.1268,9.4108,9.9493,34356921.0
2012-04-24,9.6247,9.8061,9.3529,9.5415,32093202.0
2012-04-25,11.5183,11.6029,11.1743,11.3172,32164585.0
2012-04-26,11.4697,11.4847,11.0361,11.2351,18935027.0
2012-04-27,11.1411,11.1808,10.9779,11.0672,14399693.0
2012-04-30,10.8815,10.9029,10.3529,10.3879,17860973.0
2012-05-01,10.4208,10.8443,10.2897,10.3218,21668674.0
2012-05-02,10.2543,10.5101,10.2051,10.4593,15183387.0
2012-05-03,10.6208,10.6529,10.2565,10.3108,13739505.0
2012-05-04,10.1415,10.1872,9.7161,9.719,18752364.0
2012-05-07,9.5851,9.9876,9.5754,9.8701,16387245.0
2012-05-08,9.8736,9.9422,9.4861,9.8236,17674209.0
2012-05-09,9.6636,10.0304,9.5618,9.8593,17045096.0
2012-05-10,10.0522,10.0986,9.8329,9.9072,11742281.0
2012-05-11,9.7101,10.0483,9.6868,9.7711,14182292.0
2012-05-14,9.6233,9.7997,9.4458,9.4679,12510803.0
2012-05-15,9.5833,9.6465,9.2368,9.2876,16938245.0
2012-05-16,9.319,9.4204,8.8543,9.034,19899741.0
2012-05-17,9.0068,9.0851,8.4643,8.4643,25364722.0
2012-05-18,8.6015,8.939,8.1808,8.4736,25937677.0
2012-05-21,8.6208,9.5865,8.6047,9.5772,22281521.0
2012-05-22,9.8726,10.0272,9.2665,9.4233,24717703.0
2012-05-23,9.4422,9.9886,9.2897,9.9086,20587044.0
2012-05-24,10.0983,10.1208,9.5754,9.7215,17631778.0
2012-05-25,9.6954,9.7404,9.4768,9.6133,11669061.0
2012-05-29,9.9208,10.0315,9.7211,9.9697,13464166.0
2012-05-30,9.8601,10.2454,9.7658,10.2161,18798659.0
2012-05-31,10.2722,10.2993,9.9408,10.1647,17280851.0
2012-06-01,9.8586,9.9833,9.5501,9.5668,18494664.0
2012-06-04,9.5851,9.7993,9.1208,9.6847,19754906.0
2012-06-05,9.5768,9.7626,9.4718,9.6326,13798208.0
2012-06-06,9.809,10.0261,9.7279,9.9408,14245285.0
2012-06-07,10.149,10.1501,9.9065,9.9501,13480672.0
2012-06-08,9.9458,10.2665,9.8529,10.2572,12217633.0
2012-06-11,10.5215,10.5493,9.9111,9.9304,20940058.0
2012-06-12,10.0479,10.1251,9.7708,10.1086,15377065.0
2012-06-13,10.0501,10.1915,9.9022,9.9658,10117134.0
2012-06-14,9.9329,10.0136,9.7908,9.9433,12254015.0
2012-06-15,9.9243,10.0536,9.8726,10.0361,11418748.0
2012-06-18,9.9229,10.5276,9.9018,10.4522,15506726.0
2012-06-19,10.3672,10.6029,10.3565,10.5104,12813489.0
2012-06-20,10.539,10.5761,10.2743,10.4508,12706191.0
2012-06-21,10.4401,10.5393,10.1543,10.1626,11549648.0
2012-06-22,10.2115,10.324,10.0822,10.3208,9660953.0
2012-06-25,10.1493,10.2386,9.9018,9.9158,10797549.0
2012-06-26,9.9361,10.049,9.7933,9.9608,9800576.0
2012-06-27,10.0672,10.1293,9.9572,10.0493,7222796.0
2012-06-28,9.9483,10.0315,9.7318,9.8547,10013701.0
2012-07-02,10.4147,10.7268,10.3743,10.6929,14186051.0
2012-07-03,10.7772,10.9601,10.7458,10.939,8625608.0
2012-07-05,10.9801,11.4722,10.9476,11.3151,17186072.0
2012-07-06,11.2133,11.2615,11.0165,11.1701,14906219.0
2012-07-09,11.1493,11.4565,11.1068,11.4561,13471926.0
2012-07-10,11.6018,11.6697,11.1497,11.2533,18165175.0
2012-07-11,11.1786,11.2336,10.8608,11.1183,16617613.0
2012-07-12,10.9686,11.084,10.6986,10.9208,15239351.0
2012-07-13,11.0654,11.2168,10.9601,11.1376,11062114.0
2012-07-16,11.1429,11.3751,11.1393,11.2068,10661257.0
2012-07-17,11.3454,11.3708,11.0726,11.2079,10429507.0
2012-07-18,11.1954,11.2579,11.0872,11.1836,8799789.0
2012-07-19,11.3629,11.5083,11.1743,11.4715,15496417.0
2012-07-20,11.4254,11.4758,11.0922,11.1136,14030992.0
2012-07-23,10.7601,11.1708,10.5211,11.0968,17317457.0
2012-07-24,11.2236,11.3058,10.9068,10.9929,15481042.0
2012-07-25,10.0479,10.2743,9.8886,10.0661,31250167.0
2012-07-26,10.2372,10.2601,9.9015,10.0629,14467071.0
2012-07-27,10.0676,10.454,9.9454,10.4301,14335922.0
2012-07-30,10.6358,10.9401,10.5251,10.7826,13464349.0
2012-07-31,11.0754,11.3779,11.0572,11.3443,16362464.0
2012-08-01,11.5279,11.5458,11.0672,11.2033,13685396.0
2012-08-02,11.0615,11.3418,10.969,11.2383,11142125.0
2012-08-03,11.4468,11.6022,11.3729,11.5208,12186234.0
2012-08-06,11.5776,11.8479,11.5051,11.7654,10759421.0
2012-08-07,11.7733,11.8529,11.6043,11.7068,10348051.0
2012-08-08,11.6526,11.8129,11.5708,11.6693,8676148.0
2012-08-09,11.6111,11.7496,11.6093,11.7139,7840259.0
2012-08-10,11.6418,11.7507,11.6414,11.7486,6929456.0
2012-08-13,11.8089,12.045,11.8039,12.045,9884385.0
2012-08-14,12.1118,12.3525,12.0525,12.1054,12084206.0
2012-08-15,12.0914,12.1879,11.9646,12.0746,9148419.0
2012-08-16,12.0882,12.2864,12.0629,12.2714,9040252.0
2012-08-17,12.4021,12.6946,12.3596,12.6918,15683848.0
2012-08-20,12.7596,13.3004,12.7557,13.3004,21807417.0
2012-08-21,13.5029,13.6479,12.7711,12.9757,28806279.0
2012-08-22,12.9171,13.4379,12.6918,13.4332,20091618.0
2012-08-23,13.3346,13.47,13.1575,13.2104,14934753.0
2012-08-24,13.0989,13.455,12.9575,13.2314,15249541.0
2012-08-27,13.8304,13.8618,13.6,13.6764,15150681.0
2012-08-28,13.6511,13.6914,13.4975,13.645,9477019.0
2012-08-29,13.6611,13.7475,13.5664,13.5971,7181017.0
2012-08-30,13.4964,13.5289,13.2182,13.2543,10536301.0
2012-08-31,13.3754,13.4236,13.0182,13.3036,11913095.0
2012-09-04,13.3221,13.6571,13.2771,13.6511,13090385.0
2012-09-05,13.6725,13.7004,13.4593,13.4818,11965453.0
2012-09-06,13.5868,13.7696,13.5021,13.6975,13882778.0
2012-09-07,13.7611,13.9193,13.6796,13.8464,11651332.0
2012-09-10,13.8468,13.9482,13.1914,13.2143,17157880.0
2012-09-11,13.2989,13.4771,12.9914,13.1375,17932537.0
2012-09-12,13.3611,13.47,12.9736,13.4661,25161970.0
2012-09-13,13.7368,14.0271,13.6439,13.9371,21258553.0
2012-09-14,14.1861,14.4371,14.1125,14.2336,21314633.0
2012-09-17,14.5218,14.5379,14.3525,14.5371,13832452.0
2012-09-18,14.5407,14.6282,14.4171,14.6132,13127569.0
2012-09-19,14.5543,14.6875,14.5296,14.62,11561454.0
2012-09-20,14.515,14.5471,14.3171,14.4986,11936829.0
2012-09-21,14.6311,14.7261,14.5221,14.5482,19195495.0
2012-09-24,14.0757,14.3707,13.9379,14.2161,22716319.0
2012-09-25,14.1257,14.2871,13.5807,13.6,18274398.0
2012-09-26,13.4286,13.5696,13.1593,13.3014,20521751.0
2012-09-27,13.2696,13.9082,13.1289,13.8779,21046667.0
2012-09-28,13.7861,13.8704,13.3575,13.37,18953936.0
2012-10-01,13.515,13.7146,12.9914,13.0946,19321086.0
2012-10-02,13.1811,13.3432,12.7825,13.1632,22280413.0
2012-10-03,13.29,13.54,13.2104,13.5254,15027250.0
2012-10-04,13.5182,13.6254,13.3146,13.3593,13144251.0
2012-10-05,13.3021,13.3307,12.805,12.8518,20925361.0
2012-10-08,12.6479,12.6721,12.2632,12.3368,22689941.0
2012-10-09,12.3539,12.4196,11.8146,12.2539,29830301.0
2012-10-10,12.3929,12.58,12.295,12.4346,18149307.0
2012-10-11,12.6343,12.6593,11.9771,11.9771,19425720.0
2012-10-12,12.0293,12.2371,11.8771,12.0346,16345527.0
2012-10-15,12.1289,12.2282,11.8254,12.215,15371571.0
2012-10-16,12.2368,12.77,12.0807,12.7518,19504205.0
2012-10-17,12.7189,12.8589,12.545,12.5668,13855138.0
2012-10-18,12.3875,12.4757,12.045,12.1393,16953029.0
2012-10-19,12.0825,12.1082,11.3171,11.325,26273765.0
2012-10-22,11.4171,12.2371,11.3579,12.1889,19395313.0
2012-10-23,12.0807,12.1843,11.3914,11.4504,25155946.0
2012-10-24,11.7393,11.9218,11.3536,11.5746,19823377.0
2012-10-25,11.6879,11.7593,11.1718,11.3139,20143462.0
2012-10-26,11.3104,11.4736,10.6521,11.1164,36276458.0
2012-10-31,10.7907,11.0436,10.5343,10.8064,18043028.0
2012-11-01,10.91,11.0807,10.7654,10.85,12680892.0
2012-11-02,10.8268,10.8646,10.0718,10.145,21216045.0
2012-11-05,10.3846,10.5368,10.1736,10.4243,18833909.0
2012-11-06,10.6246,10.6429,10.2625,10.3611,13228409.0
2012-11-07,10.1336,10.1589,9.4879,9.5682,28188519.0
2012-11-08,9.6621,9.7193,8.7571,8.845,37540077.0
2012-11-09,8.9404,9.4568,8.7011,9.1775,33137967.0
2012-11-12,9.4307,9.4432,8.8771,9.0264,18527030.0
2012-11-13,8.8864,9.2996,8.7954,9.0286,18714088.0
2012-11-14,9.1218,9.1914,8.7889,8.8139,16918792.0
2012-11-15,8.8371,8.9075,8.3046,8.4118,28112056.0
2012-11-16,8.3968,8.5682,7.7021,8.485,44930252.0
2012-11-19,8.9507,9.9075,8.9211,9.8443,29176652.0
2012-11-20,10.065,11.3004,9.4461,9.6721,22906806.0
2012-11-21,9.7914,9.9029,9.5182,9.7004,13240795.0
2012-11-23,9.8957,10.0682,9.7325,10.0504,9738065.0
2012-11-26,10.2075,10.7111,10.1293,10.6943,22404298.0
2012-11-27,10.695,10.7261,10.3575,10.5246,18955234.0
2012-11-28,10.2564,10.5611,10.0775,10.4589,18519191.0
2012-11-29,10.7186,10.8629,10.5414,10.6882,18268534.0
2012-11-30,10.5964,10.6539,10.4496,10.5425,13436871.0
2012-12-03,10.8414,10.875,10.5504,10.575,12929634.0
2012-12-04,10.4182,10.4182,10.0729,10.2054,19652237.0
2012-12-05,9.9579,9.97,8.8814,8.8821,36819185.0
2012-12-06,8.5304,9.4007,8.1621,9.1839,41823059.0
2012-12-07,9.4039,9.4682,8.5682,8.6843,27988293.0
2012-12-10,8.3896,8.8721,8.2675,8.5618,22362559.0
2012-12-11,8.9171,9.2668,8.8314,8.9746,21037756.0
2012-12-12,9.2029,9.2111,8.7921,8.8896,17343894.0
2012-12-13,8.6093,8.8411,8.4182,8.5571,22160229.0
2012-12-14,8.0236,8.1443,7.6961,7.8464,35798627.0
2012-12-17,7.8157,8.2111,7.5407,8.1693,26869029.0
2012-12-18,8.3896,8.7432,8.22,8.7075,22230362.0
2012-12-19,8.6207,8.7004,8.4075,8.4364,15943141.0
2012-12-20,8.5682,8.5754,8.1711,8.2729,16986997.0
2012-12-21,7.9421,8.1993,7.8625,8.1871,20496211.0
2012-12-24,8.2236,8.3629,8.165,8.2168,6275120.0
2012-12-26,8.1754,8.1918,7.8939,7.9611,10739501.0
2012-12-27,7.9804,8.0771,7.6632,8.0346,16146587.0
2012-12-28,7.8643,8.0139,7.7868,7.8389,12458115.0
2012-12-31,7.8729,8.7611,7.8182,8.6457,23202165.0
2013-01-02,9.4189,9.4611,8.9836,9.2479,19918296.0
2013-01-03,9.2068,9.2707,8.9611,9.0,12457760.0
2013-01-04,8.8168,8.8764,8.4189,8.4611,21116100.0
2013-01-07,8.2825,8.5432,8.0396,8.3504,17237398.0
2013-01-08,8.54,8.6357,8.2557,8.4007,16237608.0
2013-01-09,8.3004,8.3896,8.0679,8.1075,14476472.0
2013-01-10,8.5164,8.5225,8.0511,8.3364,21379755.0
2013-01-11,8.2468,8.4011,8.1761,8.2218,12378489.0
2013-01-14,7.5925,7.7646,7.4436,7.5593,26040750.0
2013-01-15,7.4361,7.4607,6.9032,6.9939,30978767.0
2013-01-16,7.3054,7.8339,7.2289,7.7143,24519615.0
2013-01-17,7.865,7.8807,7.5693,7.5925,16052095.0
2013-01-18,7.4436,7.5761,7.3682,7.4968,16605202.0
2013-01-22,7.6596,7.7782,7.3764,7.6671,16128528.0
2013-01-23,7.8114,8.0321,7.6671,7.9968,22232471.0
2013-01-24,6.0682,6.2729,5.72,5.7289,51888775.0
2013-01-25,5.7714,5.9336,5.1754,5.3496,42653526.0
2013-01-28,5.2761,5.8257,5.2061,5.705,27873491.0
2013-01-29,6.0146,6.0754,5.7868,6.0064,20313194.0
2013-01-30,5.9611,6.1611,5.8718,5.955,14717980.0
2013-01-31,5.9604,6.0425,5.8889,5.9071,11228690.0
2013-02-01,6.0364,6.0496,5.6521,5.8404,19196848.0
2013-02-04,5.8507,5.9232,5.4254,5.4364,16931445.0
2013-02-05,5.4986,6.0589,5.4332,5.9911,20330063.0
2013-02-06,5.9421,6.3004,5.8032,5.9736,21035785.0
2013-02-07,6.2789,6.52,5.9529,6.4564,24922500.0
2013-02-08,6.6629,6.8346,6.5289,6.6979,22529866.0
2013-02-11,6.7521,7.0536,6.6361,6.8746,18170425.0
2013-02-12,6.8596,6.9621,6.4393,6.445,21604505.0
2013-02-13,6.4204,6.65,6.2779,6.4132,16924996.0
2013-02-14,6.3243,6.5786,6.3064,6.3982,12366681.0
2013-02-15,6.4789,6.5257,6.16,6.1686,13892780.0
2013-02-19,6.2021,6.2604,5.9432,6.1625,15487334.0
2013-02-20,6.0804,6.0804,5.7629,5.7646,16889065.0
2013-02-21,5.6629,5.7761,5.5493,5.665,15541637.0
2013-02-22,5.7789,5.8629,5.6843,5.8346,11682732.0
2013-02-25,5.9432,5.9886,5.5404,5.5486,13117898.0
2013-02-26,5.585,5.8607,5.365,5.7689,17822423.0
2013-02-27,5.7496,5.8929,5.4718,5.6118,20905531.0
2013-02-28,5.5932,5.7296,5.4986,5.4986,11116028.0
2013-03-01,5.3771,5.3836,5.0907,5.1082,19544287.0
2013-03-04,5.0129,5.0271,4.6986,4.7361,20562691.0
2013-03-05,4.7871,5.2768,4.7611,5.1321,22548015.0
2013-03-06,5.2525,5.2789,4.8925,4.9364,16363743.0
2013-03-07,4.895,5.1632,4.7721,5.1121,16638398.0
2013-03-08,5.0843,5.2854,5.0418,5.1529,13815814.0
2013-03-11,5.0825,5.4132,4.9179,5.3725,16474783.0
2013-03-12,5.2914,5.4086,5.0046,5.0354,16533808.0
2013-03-13,5.0361,5.2521,4.9257,5.0325,14389219.0
2013-03-14,5.1925,5.2571,5.1075,5.1807,10750828.0
2013-03-15,5.3746,5.5996,5.3504,5.5793,22431493.0
2013-03-18,5.5004,6.0721,5.4914,6.01,21323310.0
2013-03-19,6.145,6.1975,5.7521,5.9661,18718733.0
2013-03-20,6.0707,6.0782,5.7911,5.88,10929598.0
2013-03-21,5.8136,6.0907,5.8093,5.9032,13535977.0
2013-03-22,5.9693,6.2379,5.9168,6.2311,13919378.0
2013-03-25,6.3304,6.5182,6.2264,6.2907,17807602.0
2013-03-26,6.3571,6.3714,6.1818,6.2032,10402131.0
2013-03-27,6.0364,6.0486,5.8318,5.88,11623487.0
2013-03-28,5.7993,5.8704,5.5064,5.5436,15574723.0
2013-04-01,5.5164,5.5804,5.0107,5.0525,13795202.0
2013-04-02,5.0057,5.3821,4.9629,5.0839,18649096.0
2013-04-03,5.1404,5.3514,5.1025,5.1625,12883821.0
2013-04-04,5.2257,5.27,4.9218,5.01,12765029.0
2013-04-05,4.895,4.9111,4.7229,4.8486,13602267.0
2013-04-08,4.9075,5.0021,4.8232,4.9561,10683094.0
2013-04-09,4.9614,5.0379,4.8325,4.9836,10909171.0
2013-04-10,5.0236,5.3436,4.9489,5.2946,13369846.0
2013-04-11,5.2243,5.3768,5.1343,5.2461,11699081.0
2013-04-12,5.2396,5.2396,5.0589,5.0843,8418531.0
2013-04-15,4.9843,5.0161,4.7182,4.7289,11231721.0
2013-04-16,4.7904,4.9704,4.7546,4.9571,10819025.0
2013-04-17,4.7439,4.7557,3.9525,4.12,33630797.0
2013-04-18,4.1982,4.2268,3.6536,3.7361,23672170.0
2013-04-19,3.5904,4.0057,3.4879,3.6818,21630475.0
2013-04-22,3.7571,4.0986,3.7082,3.9725,15271434.0
2013-04-23,4.1625,4.3193,3.9775,4.2389,18496158.0
2013-04-24,3.7893,4.5646,3.7521,4.215,34277609.0
2013-04-25,4.4207,4.5179,4.27,4.3193,13681215.0
2013-04-26,4.3704,4.69,4.3146,4.6343,27217949.0
2013-04-29,4.7504,5.2204,4.7343,5.0957,22768940.0
2013-04-30,5.2736,5.6361,5.1654,5.5479,24506982.0
2013-05-01,5.6079,5.6246,5.2482,5.4232,18049279.0
2013-05-02,5.5121,5.7554,5.4711,5.6457,14999234.0
2013-05-03,5.8525,5.9211,5.7754,5.805,12829211.0
2013-05-06,6.0096,6.2414,5.9596,6.1882,17656752.0
2013-05-07,6.3404,6.3682,5.9379,6.1146,17185826.0
2013-05-08,6.1286,6.3546,6.0132,6.3,16741560.0
2013-05-09,6.265,6.3789,6.1139,6.1564,13928899.0
2013-05-10,6.1993,6.2614,5.9318,6.0207,11899096.0
2013-05-13,5.9686,6.1968,5.9682,6.0839,11260518.0
2013-05-14,6.0521,6.1004,5.6343,5.6954,15839824.0
2013-05-15,5.5275,5.5932,4.9275,5.1593,25683158.0
2013-05-16,4.9589,5.4807,4.8039,5.3636,21493167.0
2013-05-17,5.5236,5.5607,5.2364,5.3168,15239018.0
2013-05-20,5.2686,5.7646,5.2039,5.6621,15936816.0
2013-05-21,5.4914,5.7532,5.3504,5.5454,16242694.0
2013-05-22,5.7021,5.8557,5.4939,5.6057,15745635.0
2013-05-23,5.4129,5.7775,5.4071,5.6339,12537936.0
2013-05-24,5.5879,5.7596,5.5704,5.7414,9710046.0
2013-05-28,5.9111,5.9543,5.5879,5.6086,13663179.0
2013-05-29,5.5575,5.8254,5.5361,5.7343,11760963.0
2013-05-30,5.7593,6.0754,5.7186,5.9711,12552222.0
2013-05-31,6.0039,6.1682,5.8968,5.905,13067676.0
2013-06-03,5.9407,5.9989,5.6461,5.9404,13175665.0
2013-06-04,6.0296,6.0729,5.8214,5.89,10260581.0
2013-06-05,5.7593,5.9404,5.69,5.74,10308490.0
2013-06-06,5.7529,5.8075,5.345,5.5025,14774923.0
2013-06-07,5.4325,5.6732,5.2993,5.6221,14364826.0
2013-06-10,5.7264,5.8814,5.4432,5.5179,15969384.0
2013-06-11,5.4054,5.6561,5.3189,5.4718,10194324.0
2013-06-12,5.5396,5.6021,5.2539,5.2786,9416279.0
2013-06-13,5.2896,5.4554,5.1557,5.4132,10099092.0
2013-06-14,5.3932,5.425,5.1468,5.2021,9348249.0
2013-06-17,5.2518,5.4039,5.2132,5.2718,9189258.0
2013-06-18,5.2561,5.3754,5.2079,5.2636,6877502.0
2013-06-19,5.2504,5.2596,4.9504,4.9504,10345190.0
2013-06-20,4.8182,5.0568,4.6707,4.73,12604898.0
2013-06-21,4.7893,4.8432,4.4182,4.6111,16829170.0
2013-06-24,4.3932,4.4382,4.0593,4.2196,16630294.0
2013-06-25,4.3325,4.4071,4.0871,4.2229,11193057.0
2013-06-26,4.2682,4.3,3.9739,4.06,13088762.0
2013-06-27,4.1021,4.1786,3.8982,3.9068,11734600.0
2013-06-28,3.8204,4.1386,3.7314,4.005,16841623.0
2013-07-01,4.225,4.5671,4.1725,4.4582,13904204.0
2013-07-02,4.4846,4.9014,4.4671,4.7893,16643113.0
2013-07-03,4.8739,4.9496,4.7521,4.8718,8603985.0
2013-07-05,4.8571,4.9607,4.6771,4.7511,9577696.0
2013-07-08,4.8471,4.8789,4.5093,4.6664,10432375.0
2013-07-09,4.6146,4.9682,4.4996,4.9271,12549966.0
2013-07-10,4.8289,5.0146,4.7807,4.8693,9970138.0
2013-07-11,4.9486,5.1379,4.885,5.1032,11600975.0
2013-07-12,5.1164,5.1929,4.965,5.0757,9926730.0
2013-07-15,5.0221,5.2525,5.0146,5.1089,8618095.0
2013-07-16,5.0761,5.2257,4.9921,5.2071,7617346.0
2013-07-17,5.1896,5.2796,5.1368,5.2114,7091064.0
2013-07-18,5.3211,5.3743,5.2221,5.2629,7777683.0
2013-07-19,5.3111,5.3425,4.9986,5.02,9485232.0
2013-07-22,5.1811,5.1914,5.0382,5.0686,7271905.0
2013-07-23,5.0575,5.0918,4.7971,4.8071,9407814.0
2013-07-24,5.5193,5.7214,5.3882,5.5757,21050187.0
2013-07-25,5.5825,5.6075,5.4079,5.5039,8178860.0
2013-07-26,5.3896,5.5946,5.3554,5.5929,7115630.0
2013-07-29,5.5861,5.9143,5.5646,5.8357,8814022.0
2013-07-30,5.9132,6.17,5.8871,6.0332,11010899.0
2013-07-31,6.0929,6.1768,5.8943,6.005,11488900.0
2013-08-01,6.12,6.1575,6.0311,6.1529,7294178.0
2013-08-02,6.2007,6.3736,6.1525,6.3625,9695154.0
2013-08-05,6.4393,6.6529,6.3486,6.6093,11307912.0
2013-08-06,6.5582,6.6964,6.3493,6.4593,11809093.0
2013-08-07,6.4075,6.5218,6.335,6.4496,10635261.0
2013-08-08,6.5182,6.5271,6.3075,6.4168,9112579.0
2013-08-09,6.3321,6.3971,6.1539,6.1825,9451904.0
2013-08-12,6.2686,6.6896,6.2604,6.6436,12941550.0
2013-08-13,6.7714,7.6186,6.6682,7.4368,31220429.0
2013-08-14,7.7336,7.9611,7.5736,7.7557,26793605.0
2013-08-15,7.6814,7.8946,7.4193,7.7346,17274963.0
2013-08-16,7.8146,7.9143,7.7686,7.8925,12129344.0
2013-08-19,7.9643,8.3,7.9521,8.0857,18128174.0
2013-08-20,8.1561,8.1868,7.8386,7.8475,12718777.0
2013-08-21,7.9375,8.0646,7.8521,7.8936,11815580.0
2013-08-22,7.9871,8.0089,7.745,7.915,8669317.0
2013-08-23,7.9261,7.9289,7.7861,7.8457,7878271.0
2013-08-26,7.8361,8.1736,7.8271,7.9154,11748281.0
2013-08-27,7.7379,7.8989,7.32,7.4018,15068218.0
2013-08-28,7.3093,7.6593,7.3093,7.4839,10861444.0
2013-08-29,7.5111,7.6843,7.4925,7.5129,8454973.0
2013-08-30,7.5236,7.5575,7.3271,7.3525,9537385.0
2013-09-03,7.5629,7.8307,7.3575,7.4014,11824824.0
2013-09-04,7.7936,7.8893,7.6764,7.7625,12236672.0
2013-09-05,7.8182,7.8336,7.5821,7.6404,8348169.0
2013-09-06,7.7536,7.7871,7.4504,7.7457,12497319.0
2013-09-09,7.9879,8.0921,7.9336,8.0296,12004896.0
2013-09-10,8.0307,8.0754,7.4343,7.6179,26314428.0
2013-09-11,6.6311,6.8696,6.5525,6.6561,31712886.0
2013-09-12,6.6843,6.9307,6.5954,6.8339,14366516.0
2013-09-13,6.7143,6.8029,6.5486,6.5557,10552171.0
2013-09-16,6.4164,6.4382,5.9243,6.0279,19424286.0
2013-09-17,5.9507,6.3704,5.9343,6.2136,14217192.0
2013-09-18,6.4943,6.6075,6.4043,6.5479,16182035.0
2013-09-19,6.7629,6.9461,6.7111,6.82,14321462.0
2013-09-20,7.0236,7.0432,6.595,6.6454,21014197.0
2013-09-23,7.67,7.6989,7.1879,7.475,27096208.0
2013-09-24,7.6264,7.6475,7.3743,7.42,12901860.0
2013-09-25,7.4236,7.4393,7.1461,7.1496,11240103.0
2013-09-26,7.3093,7.4007,7.2343,7.3171,8300802.0
2013-09-27,7.23,7.2618,7.1207,7.1932,8073543.0
2013-09-30,6.9968,7.1543,6.8954,6.9789,9147113.0
2013-10-01,7.0396,7.4214,7.0371,7.3793,12000740.0
2013-10-02,7.2961,7.5164,7.2289,7.4364,10218213.0
2013-10-03,7.4704,7.5361,7.1211,7.2168,10476127.0
2013-10-04,7.2329,7.2593,7.045,7.2032,9201717.0
2013-10-07,7.3293,7.5468,7.2861,7.3718,11086670.0
2013-10-08,7.45,7.475,7.1143,7.1286,10234876.0
2013-10-09,7.2607,7.3732,7.0336,7.33,10340236.0
2013-10-10,7.4993,7.5371,7.3464,7.4389,9813733.0
2013-10-11,7.3446,7.5893,7.2793,7.5525,9497347.0
2013-10-14,7.4461,7.7229,7.4289,7.6679,9276534.0
2013-10-15,7.72,7.8807,7.6493,7.7621,11337014.0
2013-10-16,7.8375,7.8996,7.7818,7.8489,8857223.0
2013-10-17,7.8086,7.98,7.7979,7.97,8944990.0
2013-10-18,8.0232,8.14,8.0132,8.1268,10228743.0
2013-10-21,8.2296,8.6771,8.2207,8.5721,14044336.0
2013-10-22,8.7521,8.8254,8.0961,8.5186,18995236.0
2013-10-23,8.4879,8.7261,8.4879,8.7007,11133678.0
2013-10-24,8.7021,8.9689,8.6111,8.9489,12283362.0
2013-10-25,8.9275,8.9961,8.7061,8.7361,11966505.0
2013-10-28,8.8464,8.9164,8.6382,8.8761,14244044.0
2013-10-29,9.1046,9.2111,8.3286,8.4046,22548872.0
2013-10-30,8.5096,8.7921,8.4171,8.6982,12517318.0
2013-10-31,8.7021,8.7911,8.5689,8.62,9476817.0
2013-11-01,8.6671,8.695,8.375,8.5246,9691573.0
2013-11-04,8.5629,8.7671,8.4811,8.7646,8676409.0
2013-11-05,8.6871,8.8407,8.6307,8.7179,9391326.0
2013-11-06,8.7807,8.8061,8.5682,8.6654,7460519.0
2013-11-07,8.6175,8.7464,8.3604,8.3643,9309980.0
2013-11-08,8.4389,8.6729,8.3679,8.6525,9889882.0
2013-11-11,8.6321,8.6921,8.4329,8.5982,8090822.0
2013-11-12,8.5493,8.7725,8.5254,8.6329,7277666.0
2013-11-13,8.5611,8.7129,8.5239,8.655,6986345.0
2013-11-14,8.7329,8.9639,8.6993,8.9239,10008490.0
2013-11-15,8.8675,8.9571,8.7929,8.8107,11313140.0
2013-11-18,8.8107,8.8893,8.5682,8.5832,8685237.0
2013-11-19,8.5979,8.7532,8.56,8.6164,7396988.0
2013-11-20,8.605,8.6475,8.43,8.4539,6873146.0
2013-11-21,8.5468,8.6757,8.4064,8.6729,9284785.0
2013-11-22,8.6154,8.7096,8.58,8.6254,7252882.0
2013-11-25,8.6689,8.8421,8.6682,8.7661,8162701.0
2013-11-26,8.7796,9.2089,8.7754,9.1111,13589260.0
2013-11-27,9.215,9.5611,9.21,9.5596,12828079.0
2013-11-29,9.6854,10.0014,9.6257,9.9207,11353916.0
2013-12-02,9.9896,10.2157,9.7332,9.7479,16773781.0
2013-12-03,10.0004,10.2889,9.9782,10.2868,15977418.0
2013-12-04,10.2575,10.3893,10.0904,10.2396,13441048.0
2013-12-05,10.5129,10.6014,10.29,10.3432,15906061.0
2013-12-06,10.2679,10.3021,10.0457,10.0618,12181090.0
2013-12-09,10.0932,10.4032,10.0932,10.2907,11378451.0
2013-12-10,10.1889,10.3425,10.1039,10.2593,9434633.0
2013-12-11,10.3111,10.4529,10.05,10.1096,12785322.0
2013-12-12,10.1375,10.2518,10.0621,10.0804,9274940.0
2013-12-13,10.1629,10.1639,9.835,9.8621,11808403.0
2013-12-16,9.8832,10.155,9.8829,9.9718,10016255.0
2013-12-17,9.9114,10.0411,9.8243,9.8821,8121883.0
2013-12-18,9.6932,9.7557,9.3039,9.7314,20019525.0
2013-12-19,9.6861,9.7039,9.48,9.5061,11370063.0
2013-12-20,9.5407,9.7614,9.5186,9.6689,14234716.0
2013-12-23,10.3468,10.4439,10.1596,10.4214,17753807.0
2013-12-24,10.4143,10.4854,10.2764,10.335,5980842.0
2013-12-26,10.3504,10.4004,10.1814,10.2004,7261541.0
2013-12-27,10.1975,10.2186,10.0432,10.0643,8014229.0
2013-12-30,9.9704,9.9914,9.7868,9.8654,8833377.0
2013-12-31,9.8529,10.1068,9.8468,10.0975,7917083.0
2014-01-02,9.9068,9.955,9.7761,9.8157,8307539.0
2014-01-03,9.8061,9.8361,9.3621,9.3818,13865515.0
2014-01-06,9.2557,9.5896,9.1182,9.4871,14506214.0
2014-01-07,9.5011,9.5596,9.2725,9.3479,11377006.0
2014-01-08,9.3043,9.5454,9.3,9.4704,9141088.0
2014-01-09,9.5896,9.5918,9.1807,9.2221,9913317.0
2014-01-10,9.3407,9.3754,9.0293,9.0946,10838490.0
2014-01-13,8.9864,9.4361,8.9854,9.1943,13550709.0
2014-01-14,9.2832,9.5871,9.2632,9.575,11795088.0
2014-01-15,9.8296,10.0682,9.7632,9.9668,13763437.0
2014-01-16,9.8789,9.9486,9.7639,9.8557,8151629.0
2014-01-17,9.7568,9.7779,9.3432,9.3707,15145596.0
2014-01-21,9.3821,9.7064,9.3618,9.6707,11649150.0
2014-01-22,9.7364,9.9643,9.6257,9.7579,13516116.0
2014-01-23,9.7018,9.9361,9.5182,9.9246,14346031.0
2014-01-24,9.8468,9.9046,9.5164,9.5636,15349129.0
2014-01-27,9.7064,9.8754,9.5521,9.7218,15087736.0
2014-01-28,8.2311,8.4539,7.9921,8.1504,37009491.0
2014-01-29,8.0593,8.1814,7.8689,7.945,17902189.0
2014-01-30,8.0089,8.1504,7.8004,7.9104,24131649.0
2014-01-31,7.7461,7.9729,7.6879,7.9396,16465665.0
2014-02-03,8.0114,8.1943,7.8932,7.9729,13705873.0
2014-02-04,8.1271,8.2561,8.0168,8.2321,13715155.0
2014-02-05,8.1525,8.4639,8.1414,8.3679,11540851.0
2014-02-06,8.3864,8.5093,8.3061,8.4739,9179317.0
2014-02-07,8.7907,8.8461,8.6479,8.73,13176301.0
2014-02-10,8.6936,9.1696,8.67,9.0664,12308288.0
2014-02-11,9.1204,9.3754,9.0807,9.3114,10030234.0
2014-02-12,9.3468,9.44,9.2143,9.3096,10979741.0
2014-02-13,9.265,9.6289,9.2486,9.6136,10938196.0
2014-02-14,9.5439,9.6693,9.4989,9.5986,9724007.0
2014-02-18,9.67,9.8554,9.6561,9.6679,9259399.0
2014-02-19,9.6254,9.7018,9.2539,9.3618,11077559.0
2014-02-20,9.2054,9.3486,9.0629,9.1396,10868982.0
2014-02-21,9.1982,9.2618,8.9057,8.9289,9903193.0
2014-02-24,8.8539,9.0957,8.8279,9.0111,10135383.0
2014-02-25,9.0764,9.0829,8.7771,8.815,8251273.0
2014-02-26,8.8704,8.92,8.5843,8.6468,9821812.0
2014-02-27,8.6393,9.055,8.6004,9.0154,10605129.0
2014-02-28,9.0657,9.1968,8.8171,8.9643,13047056.0
2014-03-03,8.8636,9.1218,8.8418,9.0186,8485142.0
2014-03-04,9.1343,9.1929,9.0189,9.1429,9225291.0
2014-03-05,9.1314,9.2682,9.0675,9.1829,7102358.0
2014-03-06,9.1982,9.2571,9.0307,9.1254,6332715.0
2014-03-07,9.1375,9.1693,8.9575,9.1143,7819701.0
2014-03-10,9.04,9.2175,9.0389,9.1314,6236914.0
2014-03-11,9.2932,9.4107,9.1911,9.3161,9906677.0
2014-03-12,9.2596,9.3611,9.17,9.3346,7104558.0
2014-03-13,9.3643,9.4436,9.0686,9.1218,9156898.0
2014-03-14,9.0554,9.1304,8.8486,8.9089,8407142.0
2014-03-17,9.0164,9.0975,8.9504,8.9821,7067002.0
2014-03-18,8.9521,9.1689,8.9271,9.1457,7450577.0
2014-03-19,9.1793,9.3214,9.0629,9.1436,7996733.0
2014-03-20,9.0946,9.1939,9.0039,9.0521,7398578.0
2014-03-21,9.1675,9.2325,8.9675,9.2011,12773939.0
2014-03-24,9.3993,9.4736,9.2793,9.4268,12559176.0
2014-03-25,9.5093,9.6611,9.4411,9.6339,9956036.0
2014-03-26,9.6886,9.7771,9.415,9.4479,10530916.0
2014-03-27,9.4561,9.5093,9.2814,9.365,7877778.0
2014-03-28,9.3957,9.4179,9.2504,9.3436,7068978.0
2014-03-31,9.4282,9.4846,9.3104,9.3389,5957782.0
2014-04-01,9.3757,9.5225,9.3404,9.5146,7135437.0
2014-04-02,9.5407,9.58,9.465,9.5468,6387115.0
2014-04-03,9.5054,9.545,9.3714,9.4125,5774737.0
2014-04-04,9.4489,9.4557,9.1193,9.1636,9778646.0
2014-04-07,9.0279,9.1307,8.8089,8.8654,10250516.0
2014-04-08,8.9268,8.96,8.695,8.8643,8684407.0
2014-04-09,8.8357,9.1161,8.8136,9.11,7312505.0
2014-04-10,9.1229,9.1786,8.8546,8.8657,8493543.0
2014-04-11,8.7057,8.8425,8.6393,8.7275,9687084.0
2014-04-14,8.8093,8.8186,8.6418,8.8014,7305003.0
2014-04-15,8.7511,8.8,8.4318,8.6686,9460375.0
2014-04-16,8.6718,8.7804,8.5318,8.7061,7460654.0
2014-04-17,8.7414,9.0186,8.7129,8.9179,10086672.0
2014-04-21,8.9321,9.175,8.8829,9.1404,6503377.0
2014-04-22,9.0382,9.1636,8.9736,9.1589,7201111.0
2014-04-23,9.065,9.1389,8.9004,8.9111,9412480.0
2014-04-24,10.4632,10.5271,10.1961,10.4475,26993490.0
2014-04-25,10.3318,10.5982,10.3114,10.5964,13844013.0
2014-04-28,10.6271,11.4468,10.6182,11.3875,23834137.0
2014-04-29,11.375,11.455,11.2239,11.3246,11948444.0
2014-04-30,11.3357,11.5782,11.2343,11.2446,16139441.0
2014-05-01,11.3129,11.4129,11.1114,11.2943,8693603.0
2014-05-02,11.325,11.3914,11.2311,11.3336,6773534.0
2014-05-05,11.2464,11.6343,11.2414,11.6329,10008699.0
2014-05-06,11.6629,11.7561,11.3989,11.3989,13203343.0
2014-05-07,11.4289,11.5018,11.1604,11.3246,10043238.0
2014-05-08,11.2964,11.5489,11.2304,11.2871,8157473.0
2014-05-09,11.1639,11.225,11.0136,11.1996,10381509.0
2014-05-12,11.2693,11.4896,11.2661,11.46,7574251.0
2014-05-13,11.4304,11.5211,11.3839,11.4932,5685246.0
2014-05-14,11.4457,11.6232,11.4211,11.4971,5914424.0
2014-05-15,11.5268,11.5946,11.2889,11.3168,8183686.0
2014-05-16,11.31,11.6279,11.1946,11.6271,9800339.0
2014-05-19,11.6393,11.9779,11.6207,11.88,11237928.0
2014-05-20,11.8771,11.9446,11.7421,11.8843,8299732.0
2014-05-21,11.8529,11.9554,11.7896,11.9414,7021664.0
2014-05-22,11.9518,12.0679,11.8625,11.9757,7156763.0
2014-05-23,11.975,12.2418,11.9471,12.2207,8255316.0
2014-05-27,12.2832,12.6396,12.2743,12.6314,12385615.0
2014-05-28,12.6454,12.7814,12.5654,12.5736,11197092.0
2014-05-29,12.7107,13.0329,12.7079,12.9796,13349622.0
2014-05-30,13.0725,13.2936,12.7482,12.8946,20048504.0
2014-06-02,12.9289,12.96,12.5196,12.7393,13149270.0
2014-06-03,12.7325,13.0996,12.725,13.0568,10418117.0
2014-06-04,13.0532,13.4264,13.0057,13.3168,11948915.0
2014-06-05,13.3661,13.4793,13.2379,13.4071,10653582.0
2014-06-06,13.4982,13.5468,13.3043,13.3436,12444887.0
2014-06-09,13.4625,13.7575,13.225,13.7125,74772959.0
2014-06-10,13.97,14.05,13.68,13.85,62456975.0
2014-06-11,13.82,13.9775,13.655,13.7525,45468152.0
2014-06-12,13.7975,13.8175,13.2625,13.36,54407287.0
2014-06-13,13.3375,13.3975,13.0075,13.1075,54206612.0
2014-06-16,13.165,13.475,13.15,13.3375,34969622.0
2014-06-17,13.365,13.4625,13.2375,13.3075,29657413.0
2014-06-18,13.355,13.36,13.125,13.3325,33285334.0
2014-06-19,13.36,13.3625,13.1225,13.2525,35423532.0
2014-06-20,13.25,13.425,13.0125,13.015,88578875.0
2014-06-23,13.1175,13.1925,12.9375,12.995,43539287.0
2014-06-24,12.975,13.2225,12.835,12.8575,38894434.0
2014-06-25,12.84,12.9625,12.7,12.8775,36631760.0
2014-06-26,12.88,13.05,12.7375,13.0125,32111724.0
2014-06-27,12.9925,13.2875,12.98,13.2775,50894644.0
2014-06-30,13.3125,13.7175,13.31,13.52,49386780.0
2014-07-01,13.6675,13.805,13.57,13.6675,38037121.0
2014-07-02,13.7525,13.8025,13.56,13.6575,28343765.0
2014-07-03,13.705,13.8125,13.5875,13.795,22886359.0
2014-07-07,13.8225,14.285,13.8125,14.2775,54570619.0
2014-07-08,14.355,14.4875,13.7675,14.125,65074661.0
2014-07-09,14.1475,14.275,13.9775,14.135,36236232.0
2014-07-10,13.7275,14.175,13.6675,14.045,39570082.0
2014-07-11,14.1275,14.26,14.0025,14.0925,33914154.0
2014-07-14,14.2525,14.51,14.2,14.4,42575961.0
2014-07-15,14.53,14.5625,13.9725,13.9825,52974407.0
2014-07-17,14.045,14.1075,13.43,13.56,56733209.0
2014-07-18,13.6925,13.9725,13.5425,13.895,49301565.0
2014-07-21,14.035,14.0375,13.7175,13.7725,38644135.0
2014-07-22,13.9575,14.01,13.8175,13.9675,49090426.0
2014-07-23,14.1425,14.7575,14.08,14.585,90553266.0
2014-07-24,14.545,14.6175,14.3925,14.545,45397505.0
2014-07-25,14.5,14.7475,14.4475,14.705,42670488.0
2014-07-28,14.7425,15.0975,14.675,15.0425,53357141.0
2014-07-29,15.12,15.1475,14.85,14.8825,42823320.0
2014-07-30,14.8975,14.9625,14.705,14.825,32820948.0
2014-07-31,14.5775,14.65,14.12,14.1875,56011277.0
2014-08-01,14.0125,14.4425,13.99,14.32,48106779.0
2014-08-04,14.38,14.4325,14.08,14.185,39482091.0
2014-08-05,14.1275,14.2075,13.8775,14.0675,55726491.0
2014-08-06,13.975,14.1575,13.965,14.0275,36470299.0
2014-08-07,14.1375,14.3925,13.93,14.025,45683802.0
2014-08-08,13.97,14.11,13.725,14.09,41687523.0
2014-08-11,14.2225,14.425,14.1125,14.4025,36373831.0
2014-08-12,14.415,14.625,14.3075,14.3975,33332465.0
2014-08-13,14.4425,14.715,14.415,14.715,31752828.0
2014-08-14,14.7375,14.7975,14.605,14.78,27995904.0
2014-08-15,14.88,14.9525,14.62,14.9,48566668.0
2014-08-18,15.0275,15.2475,14.9,15.195,45923961.0
2014-08-19,15.2575,15.575,15.235,15.5375,68907841.0
2014-08-20,15.515,15.6775,15.3925,15.5475,52013032.0
2014-08-21,15.5475,15.64,15.4325,15.55,33236081.0
2014-08-22,15.4775,15.7725,15.4525,15.735,43668706.0
2014-08-25,15.8525,15.9475,15.725,15.79,39998789.0
2014-08-26,15.76,15.78,15.62,15.6275,32786749.0
2014-08-27,15.66,16.0475,15.58,15.9375,46636284.0
2014-08-28,15.8025,16.1,15.795,15.9675,67850210.0
2014-08-29,16.12,16.13,15.955,16.03,43036344.0
2014-09-02,16.17,16.34,16.085,16.23,53005018.0
2014-09-03,16.18,16.205,15.05,15.14,124419956.0
2014-09-04,15.1175,15.4275,14.8525,14.935,85177863.0
2014-09-05,15.105,15.2525,14.9825,15.1475,57315005.0
2014-09-08,15.23,15.2325,14.9175,14.9925,45914526.0
2014-09-09,15.175,16.175,14.44,14.9025,188968299.0
2014-09-10,14.9075,15.6825,14.845,15.655,99914457.0
2014-09-11,15.5075,15.765,15.31,15.7625,61703948.0
2014-09-12,15.7075,15.9525,15.675,15.82,62377851.0
2014-09-15,16.1075,16.1675,15.765,15.805,60922636.0
2014-09-16,15.355,15.72,15.1275,15.62,66538949.0
2014-09-17,15.7225,15.855,15.5525,15.8,60572156.0
2014-09-18,15.8875,15.9925,15.795,15.8525,36684935.0
2014-09-19,15.9775,15.9925,15.53,15.645,64082802.0
2014-09-22,15.855,15.94,15.55,15.6725,51828046.0
2014-09-23,15.555,16.14,15.54,16.065,62457203.0
2014-09-24,15.945,16.1175,15.705,15.8375,59683737.0
2014-09-25,15.5325,15.5825,14.835,14.8725,99212535.0
2014-09-26,15.0375,15.5925,15.005,15.5925,61969503.0
2014-09-29,15.0675,15.5125,15.0625,15.4325,48358424.0
2014-09-30,15.6075,15.79,15.5375,15.5925,53825369.0
2014-10-01,15.5525,15.5775,15.08,15.2,50979438.0
2014-10-02,15.2225,15.46,14.915,15.38,46901901.0
2014-10-03,15.265,15.4575,15.165,15.31,43294537.0
2014-10-06,15.3925,15.5675,15.26,15.31,36634150.0
2014-10-07,15.2625,15.435,15.0875,15.0925,41682271.0
2014-10-08,15.095,15.6825,14.9825,15.605,57154990.0
2014-10-09,15.79,16.0,15.5575,15.66,76012441.0
2014-10-10,15.5775,15.9125,15.48,15.5875,65815091.0
2014-10-13,15.7375,15.85,15.3575,15.3575,53195148.0
2014-10-14,15.5025,15.535,15.0475,15.0925,63219839.0
2014-10-15,14.8975,15.1925,14.2,14.79,99712880.0
2014-10-16,14.2925,14.835,14.2575,14.47,71780146.0
2014-10-17,14.78,15.155,14.6075,14.8225,67510006.0
2014-10-20,14.9825,15.395,14.96,15.345,65923560.0
2014-10-21,16.16,16.16,15.7225,16.0225,93317209.0
2014-10-22,16.115,16.4325,16.055,16.1525,66985937.0
2014-10-23,16.425,16.6675,16.3125,16.6125,69703727.0
2014-10-24,16.7,16.7775,16.5375,16.71,44285746.0
2014-10-27,16.6175,16.775,16.58,16.6825,33575985.0
2014-10-28,16.755,17.09,16.7425,17.09,44559449.0
2014-10-29,17.0675,17.2475,16.995,17.24,52422678.0
2014-10-30,17.145,17.2425,16.88,17.15,40432696.0
2014-10-31,17.4075,17.415,17.2075,17.405,43558852.0
2014-11-03,17.46,17.98,17.4075,17.755,51850856.0
2014-11-04,17.745,17.7775,17.335,17.555,41338461.0
2014-11-05,17.68,17.73,17.435,17.62,34695092.0
2014-11-06,17.6725,17.72,17.4725,17.6975,34394437.0
2014-11-07,17.71,17.8525,17.66,17.775,31237676.0
2014-11-10,17.7775,17.855,17.69,17.73,26990603.0
2014-11-11,17.6975,17.96,17.6225,17.9475,27039663.0
2014-11-12,17.8675,18.38,17.865,18.335,46248700.0
2014-11-13,18.4725,18.885,18.4225,18.7275,59295310.0
2014-11-14,18.81,19.07,18.785,19.0675,42988621.0
2014-11-17,19.09,19.8425,18.8475,19.02,46505601.0
2014-11-18,19.0075,19.445,18.995,19.39,42716607.0
2014-11-19,19.3825,19.4575,18.9725,19.1875,41693807.0
2014-11-20,19.25,19.7375,19.235,19.6,42799527.0
2014-11-21,19.9,19.915,19.53,19.61,56545658.0
2014-11-24,19.735,20.215,19.6775,20.1775,46178432.0
2014-11-25,20.29,20.46,19.885,19.925,67418118.0
2014-11-26,20.0075,20.2975,19.98,20.2725,40234040.0
2014-11-28,20.34,20.3725,20.035,20.255,24813038.0
2014-12-01,20.225,20.335,18.34,19.285,83375327.0
2014-12-02,18.8975,19.46,18.71,19.18,59056541.0
2014-12-03,19.46,19.61,19.3,19.51,42561296.0
2014-12-04,19.465,19.8225,19.345,19.3875,41826869.0
2014-12-05,19.52,19.5425,19.1825,19.2675,37853309.0
2014-12-08,19.0475,19.1825,18.4275,18.6225,57241451.0
2014-12-09,18.07,19.0975,17.86,19.055,59979644.0
2014-12-10,19.125,19.235,18.4075,18.52,44291075.0
2014-12-11,18.5875,18.9725,18.3575,18.4275,41199481.0
2014-12-12,18.1375,18.49,17.9175,17.985,55294242.0
2014-12-15,18.1975,18.4225,17.11,17.5825,66952449.0
2014-12-16,17.115,18.0625,17.0875,17.195,60213091.0
2014-12-17,17.3025,17.9825,17.2275,17.845,52822001.0
2014-12-18,18.49,18.685,18.1875,18.685,58115649.0
2014-12-19,18.5875,18.8325,18.4375,18.4675,77769246.0
2014-12-22,18.5625,18.895,18.515,18.7575,42983036.0
2014-12-23,18.83,18.855,18.6375,18.6575,25694516.0
2014-12-24,18.6675,18.7,18.525,18.525,14477978.0
2014-12-26,18.5475,19.1525,18.525,19.02,33376330.0
2014-12-29,18.97,19.215,18.9475,19.0,27403882.0
2014-12-30,18.9325,19.0025,18.55,18.6525,28898816.0
2014-12-31,18.7275,18.805,18.075,18.1175,40897671.0
2015-01-02,18.37,18.3825,17.36,17.855,53096191.0
2015-01-05,17.595,17.685,16.875,17.085,61065973.0
2015-01-06,17.1575,17.38,16.68,17.0875,65565949.0
2015-01-07,17.3225,17.5725,17.195,17.46,39723689.0
2015-01-08,17.83,18.56,17.6975,18.49,58761565.0
2015-01-09,18.69,18.835,18.075,18.525,53452528.0
2015-01-12,18.6725,18.68,17.7225,17.835,49297135.0
2015-01-13,18.38,18.7225,17.75,18.0625,66704571.0
2015-01-14,17.7825,18.145,17.6475,17.9475,48197982.0
2015-01-15,18.0225,18.0375,17.1875,17.2375,58558205.0
2015-01-16,17.28,17.4175,16.8225,17.0075,76790477.0
2015-01-20,17.4825,17.7625,17.1475,17.7175,47700888.0
2015-01-21,17.76,18.2875,17.59,18.115,22291410.0
2015-01-22,18.0875,18.64,17.9525,18.6225,49684704.0
2015-01-23,18.5975,18.96,18.405,18.7675,45951078.0
2015-01-26,18.9575,19.1125,18.7225,18.7975,52580597.0
2015-01-27,18.6275,18.6425,17.78,17.805,77719040.0
2015-01-28,19.9275,20.0525,19.35,19.35,145104646.0
2015-01-29,19.6025,20.32,19.4125,20.2475,83729464.0
2015-01-30,20.1225,20.5225,19.735,19.8125,82447706.0
2015-02-02,20.035,20.315,19.5425,20.18,62078735.0
2015-02-03,20.1475,20.295,19.925,20.165,51573567.0
2015-02-04,20.1475,20.65,20.1,20.4125,69707153.0
2015-02-05,20.645,20.6975,20.4525,20.625,42049717.0
2015-02-06,20.645,20.7025,20.2525,20.3725,43327287.0
2015-02-09,20.2775,20.6,20.2475,20.565,37748448.0
2015-02-10,20.6825,21.1775,20.68,21.145,61615410.0
2015-02-11,21.3325,21.87,21.265,21.86,72734227.0
2015-02-12,22.155,22.51,22.0325,22.2425,73386944.0
2015-02-13,22.46,22.46,22.0525,22.41,52053515.0
2015-02-17,22.5125,22.86,22.37,22.5975,62947443.0
2015-02-18,22.545,22.835,22.5025,22.8175,44050161.0
2015-02-19,22.76,22.8975,22.7225,22.7525,37172719.0
2015-02-20,22.795,23.015,22.6525,23.0125,48442705.0
2015-02-23,23.145,23.89,23.055,23.89,67810009.0
2015-02-24,23.875,24.04,23.4325,23.6825,68916484.0
2015-02-25,23.53,23.54,22.6775,22.8225,73773018.0
2015-02-26,22.835,23.3575,22.2925,23.2425,88008744.0
2015-02-27,23.14,23.2825,22.7,22.76,61180707.0
2015-03-02,22.9525,23.21,22.715,22.9125,47911463.0
2015-03-03,22.88,23.02,22.6625,22.9825,37341916.0
2015-03-04,22.915,23.03,22.72,22.775,30327290.0
2015-03-05,22.785,22.8275,22.08,22.235,55911547.0
2015-03-06,22.74,22.9825,22.205,22.29,72129896.0
2015-03-09,22.63,23.0325,21.905,22.4125,88277136.0
2015-03-10,22.2425,22.445,21.59,21.7775,68119299.0
2015-03-11,21.8275,21.8325,21.1675,21.2,68140747.0
2015-03-12,21.2175,21.865,21.0475,21.7525,48061226.0
2015-03-13,21.74,21.9875,21.285,21.525,51551864.0
2015-03-16,21.61,21.8775,21.3575,21.8775,35419236.0
2015-03-17,22.115,22.47,22.0525,22.4,50809550.0
2015-03-18,22.39,22.93,22.2325,22.765,64987351.0
2015-03-19,22.8275,22.95,22.49,22.5125,45582287.0
2015-03-20,22.7025,22.74,21.93,22.1525,64530868.0
2015-03-23,22.42,22.6025,22.27,22.4425,36732439.0
2015-03-24,22.4475,22.65,22.28,22.3125,32630243.0
2015-03-25,22.275,22.345,21.485,21.485,51018821.0
2015-03-26,21.33,21.86,21.29,21.7,47331485.0
2015-03-27,21.7825,21.815,21.3675,21.4525,39008160.0
2015-03-30,21.6525,22.24,21.64,22.2325,46765028.0
2015-03-31,22.1625,22.2625,21.7275,21.7475,41524877.0
2015-04-01,21.845,21.92,21.415,21.6975,40281311.0
2015-04-02,21.8975,22.03,21.6875,21.9675,32025449.0
2015-04-06,21.7575,22.5175,21.7225,22.4775,36810662.0
2015-04-07,22.55,22.67,22.135,22.1425,34783598.0
2015-04-08,22.1025,22.24,21.8825,22.04,37155299.0
2015-04-09,22.1025,22.285,21.805,22.28,32051764.0
2015-04-10,22.1275,22.4425,21.955,22.415,40006020.0
2015-04-13,22.7325,22.7825,22.2925,22.3525,35920646.0
2015-04-14,22.39,22.4625,22.1175,22.215,25308109.0
2015-04-15,22.2425,22.4225,22.1425,22.3325,28723069.0
2015-04-16,22.21,22.415,22.1675,22.1825,27820704.0
2015-04-17,22.0275,22.175,21.755,21.8275,51200870.0
2015-04-20,22.0325,22.67,21.9325,22.54,46904457.0
2015-04-21,22.665,22.69,22.3075,22.3675,32151426.0
2015-04-22,22.3875,22.8575,22.22,22.795,37353142.0
2015-04-23,22.715,23.245,22.675,23.0575,45364469.0
2015-04-24,23.2625,23.2975,22.9475,23.21,43082986.0
2015-04-27,23.7175,23.9225,23.4275,23.8025,80014663.0
2015-04-28,24.2525,24.275,23.0325,23.28,118453393.0
2015-04-29,23.18,23.5375,22.715,22.8,58838154.0
2015-04-30,22.515,22.61,21.785,21.9275,82218415.0
2015-05-01,22.165,23.1725,21.965,22.8775,56985694.0
2015-05-04,23.015,23.2825,22.705,22.815,50694608.0
2015-05-05,22.6775,22.7525,22.085,22.09,48842861.0
2015-05-06,22.28,22.3275,21.48,21.8925,71773614.0
2015-05-07,21.9625,22.29,21.775,22.08,42348847.0
2015-05-08,22.44,22.675,22.2975,22.65,55529272.0
2015-05-11,22.6175,22.66,22.175,22.35,41477605.0
2015-05-12,22.17,22.49,21.975,22.235,47108261.0
2015-05-13,22.3075,22.5675,22.2375,22.2725,34288330.0
2015-05-14,22.6225,23.0075,22.56,23.0075,44176463.0
2015-05-15,23.0375,23.1425,22.8225,22.9575,37816314.0
2015-05-18,22.865,23.45,22.86,23.3175,49831842.0
2015-05-19,23.4425,23.49,23.18,23.2875,44273523.0
2015-05-20,23.27,23.515,23.105,23.2975,35942565.0
2015-05-21,23.2875,23.6775,23.2275,23.6175,39297340.0
2015-05-22,23.67,24.0125,23.62,23.905,45079070.0
2015-05-26,23.92,23.9975,23.05,23.175,65519215.0
2015-05-27,23.355,23.835,23.2825,23.78,45563271.0
2015-05-28,23.735,23.7575,23.545,23.715,30638331.0
2015-05-29,23.5775,23.6325,23.245,23.35,46672858.0
2015-06-01,23.57,23.6175,23.2825,23.4025,31951288.0
2015-06-02,23.235,23.4325,23.1,23.26,33548717.0
2015-06-03,23.435,23.505,23.245,23.31,30856938.0
2015-06-04,23.165,23.415,22.9975,23.11,38191860.0
2015-06-05,23.145,23.1925,22.86,22.9325,35243828.0
2015-06-08,22.995,23.0725,22.4775,22.72,52527641.0
2015-06-09,22.445,22.79,22.175,22.625,55746184.0
2015-06-10,22.75,23.105,22.7325,22.99,38898205.0
2015-06-11,23.065,23.315,22.8875,22.9175,35080002.0
2015-06-12,22.815,22.8525,22.5475,22.5625,36697451.0
2015-06-15,22.295,22.58,22.1975,22.5,39646000.0
2015-06-16,22.5275,22.7325,22.3625,22.67,31313044.0
2015-06-17,22.7,22.74,22.455,22.595,32670853.0
2015-06-18,22.5775,22.8475,22.575,22.7325,35211674.0
2015-06-19,22.6975,22.725,22.37,22.42,49048480.0
2015-06-22,22.6425,22.785,22.54,22.6725,33799604.0
2015-06-23,22.64,22.6725,22.49,22.5275,29950032.0
2015-06-24,22.5725,23.22,22.55,22.815,54924245.0
2015-06-25,22.985,23.07,22.645,22.645,31798666.0
2015-06-26,22.6875,22.7675,22.3975,22.4675,37976986.0
2015-06-29,22.135,22.3875,21.89,21.9075,48849032.0
2015-06-30,22.1625,22.3,21.985,22.125,43794410.0
2015-07-01,22.495,22.505,22.2675,22.4,30028055.0
2015-07-02,22.3775,22.4425,22.2125,22.37,26997705.0
2015-07-06,22.005,22.3275,21.9825,22.27,27844079.0
2015-07-07,22.2425,22.3075,21.7125,22.1925,46692274.0
2015-07-08,21.89,21.93,21.405,21.4175,60291169.0
2015-07-09,21.7325,21.785,20.575,20.7875,77719722.0
2015-07-10,21.255,21.7325,21.0725,21.595,60995670.0
2015-07-13,22.0275,22.2075,21.85,22.185,37144543.0
2015-07-14,22.28,22.3625,22.03,22.17,31494459.0
2015-07-15,22.2,22.5575,22.165,22.475,33425557.0
2015-07-16,22.705,22.9125,22.6075,22.8925,35758398.0
2015-07-17,23.04,23.175,22.8475,23.1625,45638110.0
2015-07-20,23.5125,24.0125,23.445,23.7875,54109241.0
2015-07-21,23.9825,24.0,23.35,23.4475,58670648.0
2015-07-22,21.2675,22.145,21.2675,22.055,114535846.0
2015-07-23,22.32,22.5425,22.035,22.06,50322371.0
2015-07-24,22.1,22.205,21.745,21.89,41021612.0
2015-07-27,21.5425,21.6725,21.3,21.4925,44233507.0
2015-07-28,21.615,21.7475,21.4075,21.6,33346467.0
2015-07-29,21.5575,21.645,21.3375,21.5175,35803824.0
2015-07-30,21.35,21.4125,21.1975,21.365,31949522.0
2015-07-31,21.42,21.43,20.9975,21.135,41840314.0
2015-08-03,21.145,21.4125,20.15,20.3775,69287823.0
2015-08-04,20.125,20.195,19.0825,19.43,123109831.0
2015-08-05,19.0075,20.13,18.795,19.62,99099556.0
2015-08-06,19.8925,20.025,19.4275,19.6925,52522639.0
2015-08-07,19.545,19.9625,19.525,19.7775,38400676.0
2015-08-10,20.0325,20.8975,20.0325,20.8225,54369105.0
2015-08-11,20.3525,20.445,19.2325,19.2875,95642638.0
2015-08-12,19.0325,19.755,18.3075,19.71,100940069.0
2015-08-13,19.91,20.0,19.535,19.6875,48169510.0
2015-08-14,19.48,19.9775,19.4025,19.9,42648949.0
2015-08-17,19.91,20.3125,19.775,20.19,40691480.0
2015-08-18,20.0075,20.26,19.9025,20.025,34430532.0
2015-08-19,19.925,20.03,19.57,19.6525,47393371.0
2015-08-20,19.42,19.4875,18.8075,19.0625,67628667.0
2015-08-21,18.5075,18.875,17.31,17.4125,126102401.0
2015-08-24,14.6175,18.1,13.9,16.6875,161237945.0
2015-08-25,18.6775,18.6775,16.775,16.835,102075436.0
2015-08-26,17.67,18.3725,17.1625,18.305,96088856.0
2015-08-27,18.9575,19.21,18.405,19.11,83056017.0
2015-08-28,18.9425,19.2275,18.785,19.22,52848964.0
2015-08-31,18.9075,19.5325,18.9,19.09,55818896.0
2015-09-01,18.4375,18.87,17.74,17.89,75779924.0
2015-09-02,18.4575,18.985,18.1825,18.985,61456220.0
2015-09-03,19.0225,19.095,18.41,18.4925,52876736.0
2015-09-04,18.1425,18.5125,18.0275,18.2175,49588899.0
2015-09-08,18.8125,19.04,18.48,18.9775,53918828.0
2015-09-09,19.34,19.405,18.3425,18.4375,84256455.0
2015-09-10,18.4675,19.22,18.375,19.0425,62646669.0
2015-09-11,18.8475,19.4525,18.84,19.4525,49380376.0
2015-09-14,20.045,20.1225,19.615,19.725,57795498.0
2015-09-15,19.8825,20.0325,19.505,19.97,42897721.0
2015-09-16,19.9625,20.035,19.76,19.9875,36896469.0
2015-09-17,19.815,20.0225,19.3275,19.3825,63355565.0
2015-09-18,18.9525,19.475,18.8675,19.2625,71116161.0
2015-09-21,19.3175,19.7425,19.315,19.7025,46068491.0
2015-09-22,19.245,19.445,19.03,19.2575,49721342.0
2015-09-23,19.3075,19.58,19.225,19.48,35549888.0
2015-09-24,19.2125,19.775,18.9925,19.65,49555865.0
2015-09-25,20.01,20.0725,19.405,19.58,55710956.0
2015-09-28,19.3625,19.5425,19.01,19.01,51609501.0
2015-09-29,19.1075,19.2775,17.865,18.1925,73002489.0
2015-09-30,18.4425,18.785,18.0825,18.3875,65855140.0
2015-10-01,18.1675,18.305,17.7275,18.2925,63521560.0
2015-10-02,17.9025,18.6525,17.7875,18.47,57475884.0
2015-10-05,18.37,18.7425,18.1675,18.595,51702594.0
2015-10-06,18.5575,18.835,18.34,18.7275,48391545.0
2015-10-07,18.835,18.8425,18.2525,18.5675,46589157.0
2015-10-08,18.4475,18.4475,17.9525,18.275,61633372.0
2015-10-09,18.4,18.97,18.2725,18.9225,51847168.0
2015-10-12,19.0825,19.0875,18.76,18.795,30060536.0
2015-10-13,18.605,19.0125,18.57,18.8475,32245682.0
2015-10-14,18.7225,18.78,18.29,18.4525,44169251.0
2015-10-15,18.6325,18.925,18.5225,18.85,37330049.0
2015-10-16,18.845,18.9,18.5325,18.655,38149742.0
2015-10-19,18.6,18.8375,18.4275,18.8325,29595225.0
2015-10-20,18.735,19.4425,18.605,19.345,48758213.0
2015-10-21,19.4,19.795,19.325,19.34,41735296.0
2015-10-22,19.4825,19.775,19.425,19.7675,41007136.0
2015-10-23,20.075,20.705,19.9825,20.6725,58815443.0
2015-10-26,20.42,20.4325,19.63,19.7025,65967988.0
2015-10-27,19.75,20.035,19.3975,19.5375,57725775.0
2015-10-28,20.1325,20.725,19.915,20.7225,84799574.0
2015-10-29,20.575,21.0725,20.4675,21.0325,50131673.0
2015-10-30,21.1475,21.205,20.7625,20.775,48522708.0
2015-11-02,20.8675,21.24,20.8025,21.195,31744041.0
2015-11-03,21.0975,21.7725,21.075,21.5425,45205251.0
2015-11-04,21.6825,21.855,21.305,21.4,44315025.0
2015-11-05,21.4925,21.7025,21.075,21.26,39390763.0
2015-11-06,21.3075,21.4825,21.185,21.295,32946033.0
2015-11-09,21.27,21.4825,21.0425,21.1725,33671674.0
2015-11-10,20.255,20.5475,20.045,20.2125,58718419.0
2015-11-11,20.1225,20.385,19.8325,20.06,45106003.0
2015-11-12,20.095,20.235,19.9425,19.96,32280318.0
2015-11-13,19.83,19.9225,19.0975,19.115,45174623.0
2015-11-16,18.875,19.59,18.78,19.5725,37732241.0
2015-11-17,19.76,19.7925,19.36,19.4525,27271168.0
2015-11-18,19.97,20.4025,19.905,20.3525,46168632.0
2015-11-19,20.44,20.9675,20.22,20.725,42908979.0
2015-11-20,20.83,21.01,20.7425,20.855,34116462.0
2015-11-23,20.8475,20.9625,20.365,20.47,32331458.0
2015-11-24,20.3625,20.8675,20.31,20.75,42428511.0
2015-11-25,20.8325,20.8375,20.51,20.5375,21323962.0
2015-11-27,20.6025,20.6325,20.43,20.4825,13043720.0
2015-11-30,20.5275,20.8825,20.4675,20.6175,37741074.0
2015-12-01,20.7175,20.7325,20.245,20.365,34707566.0
2015-12-02,20.2925,20.5575,20.05,20.1,33242860.0
2015-12-03,20.1675,20.2275,19.585,19.83,41481588.0
2015-12-04,19.8525,20.8425,19.8075,20.7875,57329283.0
2015-12-07,20.775,20.995,20.4825,20.5975,32023214.0
2015-12-08,20.41,20.68,20.245,20.5875,34258913.0
2015-12-09,20.44,20.4525,19.8,19.935,45024538.0
2015-12-10,20.04,20.265,19.9075,20.0725,29105438.0
2015-12-11,19.8275,19.8775,19.2425,19.325,46658825.0
2015-12-14,19.075,19.2,18.4775,19.1425,64424377.0
2015-12-15,19.015,19.23,18.6175,18.645,53109075.0
2015-12-16,18.7975,19.0275,18.23,18.8625,55998747.0
2015-12-17,19.035,19.0925,18.275,18.28,44577847.0
2015-12-18,18.2575,18.41,17.4825,17.505,95840992.0
2015-12-21,17.85,17.8725,17.4225,17.8625,47200280.0
2015-12-22,17.88,17.96,17.6425,17.8375,32692694.0
2015-12-23,17.8475,18.2425,17.83,18.185,32563176.0
2015-12-24,18.28,18.28,18.0175,18.0375,13595753.0
2015-12-28,17.9275,17.9525,17.575,17.735,26589783.0
2015-12-29,17.77,18.3875,17.745,18.215,30856272.0
2015-12-30,18.175,18.205,17.825,17.86,25119371.0
2015-12-31,17.7825,17.7875,17.235,17.3375,40662306.0
2016-01-04,16.6825,17.37,16.53,17.3625,67350475.0
2016-01-05,17.4675,17.4925,16.6325,16.7075,55324704.0
2016-01-06,16.17,16.6225,15.9975,16.205,68253944.0
2016-01-07,15.7,16.0625,15.1375,15.17,80471152.0
2016-01-08,15.6675,15.8075,15.22,15.27,70534672.0
2016-01-11,15.7725,15.795,15.365,15.6625,49570798.0
2016-01-12,16.1675,16.2025,15.74,16.0225,48885086.0
2016-01-13,16.11,16.3275,15.355,15.3725,62207388.0
2016-01-14,15.52,16.15,14.965,15.91,62427712.0
2016-01-15,15.08,15.4575,14.87,15.2925,79056816.0
2016-01-19,15.6325,15.6925,14.905,15.2,52843989.0
2016-01-20,14.805,15.5775,14.385,15.235,72020767.0
2016-01-21,15.295,15.5,14.765,15.1025,52063481.0
2016-01-22,15.6875,16.395,15.6225,16.385,65567471.0
2016-01-25,16.41,16.4125,15.8325,15.8825,51296581.0
2016-01-26,16.0125,16.25,15.5475,16.0275,65735133.0
2016-01-27,15.04,15.1875,14.365,14.385,133162294.0
2016-01-28,14.4775,14.66,14.1275,14.5525,55626535.0
2016-01-29,14.7275,15.365,14.6175,15.365,64335619.0
2016-02-01,15.1475,15.2075,14.88,15.1375,40815093.0
2016-02-02,14.885,15.04,14.6,14.65,37204107.0
2016-02-03,14.78,15.24,14.55,15.1175,45881429.0
2016-02-04,15.125,15.4925,14.9575,15.31,46425539.0
2016-02-05,15.29,15.39,14.5825,14.665,46327213.0
2016-02-08,14.4425,15.085,14.42,14.9125,53989732.0
2016-02-09,14.7325,15.145,14.6425,14.9075,44290152.0
2016-02-10,15.14,15.2475,14.685,14.7275,42300225.0
2016-02-11,14.6075,14.84,14.3075,14.585,50023107.0
2016-02-12,14.7075,14.785,14.4125,14.6575,40323252.0
2016-02-16,14.915,15.3725,14.8125,15.32,48123160.0
2016-02-17,15.3275,15.7125,15.1975,15.69,44814070.0
2016-02-18,15.87,15.8825,15.1825,15.225,38915119.0
2016-02-19,15.16,15.35,15.11,15.17,35304263.0
2016-02-22,15.2375,15.385,15.14,15.38,34248101.0
2016-02-23,15.26,15.285,14.7975,14.8325,31858749.0
2016-02-24,14.655,15.255,14.49,15.185,36195864.0
2016-02-25,15.1725,15.35,14.9725,15.35,27527313.0
2016-02-26,15.46,15.665,15.305,15.3875,28951699.0
2016-02-29,15.375,15.7175,15.3225,15.3325,35134974.0
2016-03-01,15.5725,16.3525,15.515,16.2925,50306260.0
2016-03-02,16.2875,16.3825,16.07,16.3475,33130261.0
2016-03-03,16.305,16.5875,16.2725,16.535,36887816.0
2016-03-04,16.7525,17.0975,16.5025,16.9125,46028635.0
2016-03-07,16.7575,16.8675,16.4,16.6275,35894097.0
2016-03-08,16.355,16.6,16.26,16.4175,31540011.0
2016-03-09,16.4875,16.555,16.2275,16.44,27149730.0
2016-03-10,16.5125,16.72,16.1975,16.4525,33494298.0
2016-03-11,16.72,16.73,16.535,16.725,27411975.0
2016-03-14,16.6375,16.8875,16.605,16.79,25059912.0
2016-03-15,17.15,17.455,17.1225,17.305,40028408.0
2016-03-16,17.3125,17.7375,17.3075,17.6525,38250029.0
2016-03-17,17.54,17.7775,17.4,17.61,34395898.0
2016-03-18,17.745,17.785,17.4575,17.64,43588345.0
2016-03-21,17.6425,18.0725,17.445,17.6375,35461853.0
2016-03-22,17.4725,17.9825,17.4625,17.84,32348253.0
2016-03-23,17.78,17.9275,17.635,17.6925,25687967.0
2016-03-24,17.5275,17.7225,17.3825,17.5775,25881055.0
2016-03-28,17.66,17.7075,17.425,17.4575,19375349.0
2016-03-29,17.3825,18.1075,17.38,18.08,31156123.0
2016-03-30,18.3225,18.765,18.31,18.55,45553831.0
2016-03-31,18.59,18.635,18.38,18.4075,25870281.0
2016-04-01,18.355,18.66,18.21,18.6575,25824427.0
2016-04-04,18.765,19.2075,18.7275,18.94,37325902.0
2016-04-05,18.5375,18.8425,18.515,18.6125,26562168.0
2016-04-06,18.7175,18.905,18.46,18.9,26370512.0
2016-04-07,18.6475,18.765,18.19,18.295,31741981.0
2016-04-08,18.3875,18.6025,18.2025,18.325,23554920.0
2016-04-11,18.4025,18.8125,18.3675,18.415,29362091.0
2016-04-12,18.495,18.785,18.325,18.77,27153415.0
2016-04-13,18.86,19.245,18.86,19.17,33229215.0
2016-04-14,19.065,19.2575,18.9925,19.185,25367601.0
2016-04-15,19.1875,19.235,18.5925,18.6225,46884697.0
2016-04-18,18.3825,18.3975,17.895,18.03,60787091.0
2016-04-19,18.13,18.16,17.7175,17.8875,32343740.0
2016-04-20,17.82,18.1825,17.675,17.9425,30585716.0
2016-04-21,17.8925,17.8925,17.54,17.6525,31439426.0
2016-04-22,17.4125,17.78,17.315,17.58,33661909.0
2016-04-25,17.41,17.5725,17.2875,17.43,28011101.0
2016-04-26,17.1375,17.485,17.1375,17.2475,53916253.0
2016-04-27,15.16,15.8375,15.08,15.615,114481056.0
2016-04-28,15.5625,15.63,14.7225,14.8675,82145557.0
2016-04-29,14.6575,14.84,14.2875,14.595,68449915.0
2016-05-02,14.65,14.68,14.26,14.57,47880187.0
2016-05-03,14.71,15.095,14.58,14.955,56778182.0
2016-05-04,14.96,15.135,14.615,14.7075,40987290.0
2016-05-05,14.8025,14.82,14.4725,14.6125,35853612.0
2016-05-06,14.645,14.665,14.265,14.4825,43669334.0
2016-05-09,14.5525,14.745,14.45,14.5,32899501.0
2016-05-10,14.635,14.695,14.33,14.6575,33655288.0
2016-05-11,14.6725,14.695,14.4175,14.43,28672877.0
2016-05-12,14.4825,14.4975,13.67,13.8875,76194690.0
2016-05-13,13.8025,14.22,13.8025,13.9325,44337703.0
2016-05-16,14.4,14.9,14.215,14.7725,61195802.0
2016-05-17,14.94,14.9775,14.555,14.675,46862564.0
2016-05-18,14.8425,15.105,14.775,14.9425,42019707.0
2016-05-19,14.9625,14.9625,14.695,14.8525,30418556.0
2016-05-20,14.9625,15.16,14.9325,15.1075,31840795.0
2016-05-23,15.27,15.6,15.22,15.41,37978108.0
2016-05-24,15.6075,15.825,15.5125,15.7775,35093988.0
2016-05-25,15.97,16.2375,15.83,16.2075,38264530.0
2016-05-26,16.2225,16.485,15.9625,16.405,56308978.0
2016-05-27,16.1625,16.42,16.1125,16.39,36309750.0
2016-05-31,16.2025,16.4025,16.0075,16.2675,42269041.0
2016-06-01,16.0575,16.1875,15.885,15.9175,29141459.0
2016-06-02,15.7025,15.7625,15.46,15.7325,40173487.0
2016-06-03,15.75,15.87,15.665,15.7825,28488266.0
2016-06-06,15.8,16.775,15.69,15.96,23269272.0
2016-06-07,16.115,16.27,16.0425,16.06,22389975.0
2016-06-08,16.0575,16.1925,15.9725,16.0375,20839962.0
2016-06-09,15.9275,16.3,15.9175,16.215,26576389.0
2016-06-10,15.935,16.1375,15.9225,16.01,31673522.0
2016-06-13,15.975,16.0825,15.5775,15.6375,37963009.0
2016-06-14,15.6325,15.92,15.49,15.6675,31904866.0
2016-06-15,15.7575,15.905,15.56,15.5875,29414892.0
2016-06-16,15.415,15.74,15.32,15.69,31256237.0
2016-06-17,15.4575,15.465,15.1275,15.135,60899727.0
2016-06-20,15.3025,15.445,15.06,15.0775,34359678.0
2016-06-21,15.0375,15.39,14.97,15.28,35433857.0
2016-06-22,15.365,15.525,15.14,15.19,29163295.0
2016-06-23,15.2875,15.375,15.115,15.3275,32046033.0
2016-06-24,14.53,14.965,14.465,14.6525,75226324.0
2016-06-27,14.5525,14.565,14.28,14.2825,5199206.0
2016-06-28,14.5275,14.7175,14.3375,14.7,40396753.0
2016-06-29,14.795,14.94,14.71,14.9025,36508623.0
2016-06-30,14.9125,15.245,14.8775,15.2025,35819997.0
2016-07-01,15.175,15.4175,15.135,15.275,25982640.0
2016-07-05,15.15,15.1525,14.9175,15.0625,27692895.0
2016-07-06,14.9525,15.2175,14.895,15.185,30877539.0
2016-07-07,15.2275,15.4275,15.2075,15.2875,24463250.0
2016-07-08,15.425,15.525,15.315,15.4725,28878352.0
2016-07-11,15.49,15.715,15.485,15.5475,23320137.0
2016-07-12,15.595,15.7275,15.5825,15.6575,24129808.0
2016-07-13,15.655,15.72,15.5125,15.52,25880916.0
2016-07-14,15.65,16.05,15.6325,16.0,38890562.0
2016-07-15,16.0325,16.1275,15.9275,15.9975,30048063.0
2016-07-18,15.9775,16.335,15.9525,16.26,36482746.0
2016-07-19,16.1925,16.3025,16.1375,16.27,23767714.0
2016-07-20,16.3025,16.4175,16.235,16.2925,26238016.0
2016-07-21,16.26,16.5525,16.085,16.16,32713153.0
2016-07-22,16.1175,16.1275,15.88,15.9675,28259407.0
2016-07-25,15.865,16.0125,15.5325,15.6375,40295391.0
2016-07-26,15.5075,15.795,15.4075,15.47,54525662.0
2016-07-27,17.3675,17.39,16.99,17.04,92153927.0
2016-07-28,17.01,17.415,17.0075,17.3875,38781019.0
2016-07-29,17.35,17.44,17.2225,17.355,27703415.0
2016-08-01,17.405,17.84,17.405,17.815,38050547.0
2016-08-02,17.815,17.82,17.3025,17.4225,33771402.0
2016-08-03,17.505,17.7625,17.495,17.75,30155882.0
2016-08-04,17.84,17.945,17.765,17.9125,26787586.0
2016-08-05,18.0125,18.3575,17.99,18.315,39553042.0
2016-08-08,18.325,18.5375,18.235,18.5375,28012348.0
2016-08-09,18.5025,18.68,18.4475,18.6475,26298170.0
2016-08-10,18.6225,18.67,18.385,18.445,23865560.0
2016-08-11,18.575,18.6775,18.4075,18.4275,27460690.0
2016-08-12,18.39,18.555,18.39,18.49,18650951.0
2016-08-15,18.48,18.83,18.465,18.815,25713808.0
2016-08-16,18.8525,19.0025,18.7475,18.79,33758908.0
2016-08-17,18.72,18.7875,18.53,18.75,25330383.0
2016-08-18,18.7525,18.845,18.7,18.715,21937570.0
2016-08-19,18.6375,18.8675,18.535,18.785,25110724.0
2016-08-22,18.66,18.72,18.4075,18.5725,25792882.0
2016-08-23,18.5925,18.775,18.5775,18.6575,21238293.0
2016-08-24,18.585,18.6325,18.365,18.4525,23607398.0
2016-08-25,18.2925,18.415,18.115,18.3375,25056494.0
2016-08-26,18.2975,18.4325,18.0225,18.18,27744430.0
2016-08-29,18.1,18.305,18.0175,18.15,24935895.0
2016-08-30,17.895,18.07,17.82,17.945,24820535.0
2016-08-31,17.86,18.0875,17.855,17.97,31643037.0
2016-09-01,17.98,18.145,17.85,18.1275,26677458.0
2016-09-02,18.37,18.445,18.15,18.3775,26446979.0
2016-09-06,18.42,18.52,18.3225,18.37,26672175.0
2016-09-07,18.4025,18.635,18.2125,18.535,42256233.0
2016-09-08,18.2575,18.2625,17.755,17.825,52962240.0
2016-09-09,17.605,17.875,17.2275,17.2275,46469296.0
2016-09-12,17.1075,17.875,17.0775,17.805,45123027.0
2016-09-13,18.3225,18.6425,18.255,18.4325,62090266.0
2016-09-14,18.6275,19.7025,18.595,19.3875,111188584.0
2016-09-15,19.91,20.3775,19.8175,20.3375,90480397.0
2016-09-16,20.225,20.4775,19.955,20.175,79774346.0
2016-09-19,20.2425,20.49,19.7575,19.84,46942749.0
2016-09-20,19.7075,19.975,19.5725,19.8375,34497736.0
2016-09-21,19.9075,19.9425,19.555,19.8325,35954094.0
2016-09-22,20.0325,20.18,19.945,20.1,31048487.0
2016-09-23,20.05,20.1425,19.3325,19.6225,52423526.0
2016-09-26,19.355,19.7925,19.3325,19.665,29817758.0
2016-09-27,19.695,19.74,19.53,19.7175,24588226.0
2016-09-28,19.8675,20.105,19.8025,19.9325,29613175.0
2016-09-29,19.735,19.895,19.395,19.49,35855884.0
2016-09-30,19.56,19.7875,19.395,19.7075,36343003.0
2016-10-03,19.6225,19.7075,19.515,19.575,21688897.0
2016-10-04,19.71,20.0225,19.6025,19.695,29709251.0
2016-10-05,19.795,19.86,19.6175,19.7075,21409495.0
2016-10-06,19.87,20.03,19.7275,19.9175,28748170.0
2016-10-07,20.0225,20.085,19.8225,19.96,24339516.0
2016-10-10,20.2,20.6325,20.125,20.4575,36129675.0
2016-10-11,20.87,21.1175,20.495,20.52,63967575.0
2016-10-12,20.7825,20.94,20.6325,20.78,37538535.0
2016-10-13,20.6425,20.805,20.375,20.69,35049854.0
2016-10-14,20.915,20.9875,20.7275,20.8525,35633687.0
2016-10-17,20.7775,20.905,20.64,20.8325,23598247.0
2016-10-18,20.99,20.9975,20.8075,20.8125,24506854.0
2016-10-19,20.7575,20.885,19.895,20.725,19992614.0
2016-10-20,20.66,20.79,20.5275,20.71,24105541.0
2016-10-21,20.6475,20.6725,20.515,20.595,22529486.0
2016-10-24,20.72,20.88,20.695,20.8575,23506417.0
2016-10-25,20.9325,21.035,20.7725,21.0075,47394866.0
2016-10-26,20.0225,20.37,19.7725,20.3425,66031410.0
2016-10-27,20.2925,20.41,19.97,20.065,34422012.0
2016-10-28,19.9125,20.2475,19.8075,19.875,36795783.0
2016-10-31,19.8575,20.0025,19.745,19.83,26379632.0
2016-11-01,19.81,19.8875,19.0775,19.3175,43661178.0
2016-11-02,19.295,19.5325,19.2525,19.3425,28191471.0
2016-11-03,19.3325,19.4525,18.975,19.045,26541093.0
2016-11-04,18.72,19.15,18.615,18.7975,30804148.0
2016-11-07,19.1075,19.215,18.9525,19.19,32364590.0
2016-11-08,19.165,19.5175,19.0125,19.3525,24132181.0
2016-11-09,19.0575,19.4175,18.6,19.3075,59156836.0
2016-11-10,19.36,19.36,18.045,18.535,57105664.0
2016-11-11,18.3675,18.805,18.225,18.695,34125281.0
2016-11-14,18.515,18.54,17.6075,18.015,50907153.0
2016-11-15,18.23,18.5075,18.1275,18.365,32230627.0
2016-11-16,18.2625,19.145,18.2375,19.085,58809804.0
2016-11-17,19.04,19.175,18.795,19.075,27624576.0
2016-11-18,19.0175,19.2225,19.0025,19.1025,28331669.0
2016-11-21,19.1175,19.585,19.09,19.52,29170024.0
2016-11-22,19.575,19.6925,19.4375,19.5375,25936177.0
2016-11-23,19.4275,19.465,19.17,19.395,27420959.0
2016-11-25,19.37,19.555,19.325,19.535,11475922.0
2016-11-28,19.445,19.7025,19.435,19.48,27099626.0
2016-11-29,19.2825,19.595,19.105,19.4525,28510409.0
2016-11-30,19.4875,19.6375,19.155,19.2175,36152776.0
2016-12-01,19.1775,19.3225,18.845,18.96,37035119.0
2016-12-02,18.88,19.11,18.8,19.0625,26482265.0
2016-12-05,19.0875,19.095,18.65,18.865,34114147.0
2016-12-06,18.9625,19.1775,18.885,19.075,26165916.0
2016-12-07,18.9025,19.385,18.8775,19.345,29978926.0
2016-12-08,19.3025,19.695,19.2375,19.6175,27053247.0
2016-12-09,19.665,20.2625,19.665,20.075,34376027.0
2016-12-12,19.91,20.3375,19.71,19.9125,26180189.0
2016-12-13,20.0475,20.5675,20.025,20.385,43296981.0
2016-12-14,20.3475,20.6375,20.3325,20.385,33968745.0
2016-12-15,20.4325,20.77,20.395,20.5425,46286513.0
2016-12-16,20.705,20.7125,20.4975,20.58,44285171.0
2016-12-19,20.5375,20.9325,20.525,20.7475,27759619.0
2016-12-20,20.7725,20.9625,20.7575,20.825,21401196.0
2016-12-21,20.7875,20.9375,20.7825,20.8525,23724774.0
2016-12-22,20.675,20.715,20.4975,20.66,26044771.0
2016-12-23,20.485,20.7175,20.485,20.7175,14244752.0
2016-12-27,20.7175,21.0375,20.71,20.9025,18133456.0
2016-12-28,20.9675,21.09,20.6375,20.7775,20691106.0
2016-12-29,20.7,20.865,20.6875,20.77,14980035.0
2016-12-30,20.75,20.8875,20.445,20.5425,30561669.0
2017-01-03,20.5375,20.67,20.2775,20.625,28763145.0
2017-01-04,20.55,20.715,20.525,20.5925,21082181.0
2017-01-05,20.5675,20.8025,20.54,20.74,22115396.0
2017-01-06,20.7825,21.1275,20.705,21.065,31717029.0
2017-01-09,21.075,21.445,21.0725,21.335,33523959.0
2017-01-10,21.28,21.4325,21.1625,21.365,24434145.0
2017-01-11,21.2725,21.57,21.2375,21.525,27453380.0
2017-01-12,21.31,21.4125,21.14,21.4,27065129.0
2017-01-13,21.365,21.4925,21.29,21.3475,26087411.0
2017-01-17,21.1725,21.6475,21.1425,21.5875,34413608.0
2017-01-18,21.5875,21.7125,21.515,21.585,23687925.0
2017-01-19,21.4375,21.61,21.43,21.5325,25556709.0
2017-01-20,21.7,21.7,21.52,21.5875,29923001.0
2017-01-23,21.5875,21.79,21.53,21.6075,21985311.0
2017-01-24,21.475,21.6125,21.4625,21.58,23193797.0
2017-01-25,21.6925,22.1125,21.6575,22.0575,32564729.0
2017-01-26,22.005,22.1975,21.9875,22.0725,26322394.0
2017-01-27,22.1225,22.175,21.9875,22.075,20496585.0
2017-01-30,21.82,21.995,21.7525,21.995,30329859.0
2017-01-31,21.875,21.935,21.7425,21.925,48247083.0
2017-02-01,23.345,24.21,23.34,23.775,111855283.0
2017-02-02,23.58,23.935,23.5325,23.72,33672447.0
2017-02-03,23.665,23.885,23.6275,23.8575,24471696.0
2017-02-06,23.87,24.2125,23.8125,24.16,26793715.0
2017-02-07,24.2225,24.61,24.2,24.47,38161997.0
2017-02-08,24.425,24.6425,24.3925,24.5975,22945646.0
2017-02-09,24.6425,24.84,24.51,24.835,28323962.0
2017-02-10,24.845,24.965,24.7425,24.76,20050615.0
2017-02-13,25.0,25.185,24.9175,25.0525,22998364.0
2017-02-14,25.0975,25.5025,25.0425,25.485,33064858.0
2017-02-15,25.61,25.7975,25.385,25.6075,35579916.0
2017-02-16,25.6475,25.705,25.44,25.565,22543246.0
2017-02-17,25.505,25.6875,25.505,25.66,22180744.0
2017-02-21,25.7875,25.9175,25.725,25.905,24488341.0
2017-02-22,25.8375,26.01,25.7575,26.0075,20794431.0
2017-02-23,26.075,26.1,25.805,25.8625,20762716.0
2017-02-24,25.7075,25.895,25.55,25.895,21755623.0
2017-02-27,26.015,26.0875,25.8,25.9625,20224176.0
2017-02-28,26.0,26.0875,25.905,25.9775,23449576.0
2017-03-01,26.2025,26.7675,26.1275,26.6775,36363807.0
2017-03-02,26.73,26.8,26.42,26.47,26182197.0
2017-03-03,26.425,26.6875,26.3775,26.675,21556130.0
2017-03-06,26.57,26.6725,26.3775,26.565,21230350.0
2017-03-07,26.495,26.725,26.4275,26.61,17439815.0
2017-03-08,26.4675,26.68,26.435,26.48,18697403.0
2017-03-09,26.415,26.4275,25.9925,26.4,22134841.0
2017-03-10,26.5425,26.5675,26.39,26.515,19586140.0
2017-03-13,26.4425,26.5875,26.435,26.53,17052208.0
2017-03-14,26.555,26.6425,26.44,26.4775,15291388.0
2017-03-15,26.5825,26.9175,26.485,26.845,25678446.0
2017-03-16,26.91,26.985,26.795,26.9025,19214921.0
2017-03-17,26.98,26.98,26.7025,26.7275,43710004.0
2017-03-20,26.83,27.105,26.7875,27.095,21479678.0
2017-03-21,27.2575,27.43,26.6625,26.69,39463155.0
2017-03-22,26.69,27.13,26.67,27.085,25811516.0
2017-03-23,27.045,27.125,26.8825,26.96,20299845.0
2017-03-24,27.105,27.165,26.8175,26.89,22365272.0
2017-03-27,26.5775,27.035,26.385,26.95,23562018.0
2017-03-28,26.9575,27.74,26.885,27.68,33353285.0
2017-03-29,27.65,27.8525,27.5275,27.76,29174267.0
2017-03-30,27.7775,27.855,27.605,27.7125,21189560.0
2017-03-31,27.66,27.7975,27.4825,27.645,19642715.0
2017-04-03,27.6575,27.76,27.4925,27.655,19975980.0
2017-04-04,27.5425,27.9525,27.5225,27.9225,19877676.0
2017-04-05,27.785,28.095,27.6825,27.735,27663728.0
2017-04-06,27.8025,27.86,27.5925,27.645,21132002.0
2017-04-07,27.6625,27.775,27.5475,27.565,16659657.0
2017-04-10,27.63,27.7,27.455,27.5225,18905364.0
2017-04-11,27.465,27.5675,26.745,27.1375,30353007.0
2017-04-12,27.13,27.2675,26.9825,27.18,20321631.0
2017-04-13,27.2075,27.325,26.9925,26.9925,17778143.0
2017-04-17,27.1,27.2,26.9475,27.1875,16557234.0
2017-04-18,27.0825,27.24,27.0075,27.03,14677941.0
2017-04-19,27.2,27.23,26.8425,26.9,17303881.0
2017-04-20,27.035,27.46,27.02,27.34,23297505.0
2017-04-21,27.34,27.4,27.1925,27.2975,17297819.0
2017-04-24,27.605,27.7175,27.525,27.64,17118457.0
2017-04-25,27.7075,27.955,27.6975,27.8625,18671987.0
2017-04-26,27.8475,27.88,27.5725,27.65,20016925.0
2017-04-27,27.71,27.77,27.5575,27.6775,14207643.0
2017-04-28,27.7525,27.805,27.5475,27.6425,20831183.0
2017-05-01,28.005,28.53,27.97,28.375,33527080.0
2017-05-02,28.615,28.7525,28.44,28.6075,44432690.0
2017-05-03,28.1275,28.6025,27.7975,28.495,45609582.0
2017-05-04,28.36,28.515,28.1825,28.3625,23346293.0
2017-05-05,28.42,28.975,28.42,28.97,27290897.0
2017-05-08,28.9875,30.155,28.9875,29.9825,48684137.0
2017-05-09,30.1975,30.45,30.0925,30.2275,39031970.0
2017-05-10,30.1375,30.215,29.7575,30.045,25780583.0
2017-05-11,30.0,30.405,29.965,30.375,27239428.0
2017-05-12,30.5625,30.9925,30.555,30.9125,32498413.0
2017-05-15,30.89,31.05,30.65,30.8125,25915047.0
2017-05-16,30.8725,30.9025,30.5675,30.755,19996232.0
2017-05-17,30.2875,30.53,29.315,29.45,50679848.0
2017-05-18,29.705,30.2225,29.67,30.0225,33525106.0
2017-05-19,30.2325,30.3825,30.045,30.1525,26933815.0
2017-05-22,30.3875,30.5325,30.115,30.385,22934398.0
2017-05-23,30.6125,30.6125,30.215,30.3375,19908957.0
2017-05-24,30.3475,30.43,30.055,30.2225,19207232.0
2017-05-25,30.32,30.475,30.145,30.355,19219081.0
2017-05-26,30.3875,30.4475,30.215,30.29,21902211.0
2017-05-30,30.2425,30.495,30.22,30.305,20119009.0
2017-05-31,30.38,30.43,29.9825,30.0775,24455800.0
2017-06-01,30.18,30.22,29.9425,30.1825,16384407.0
2017-06-02,30.2825,30.75,30.11,30.75,27732984.0
2017-06-05,30.4725,30.5,30.2525,30.37,25284641.0
2017-06-06,30.3625,30.84,30.3325,30.5,26593991.0
2017-06-07,30.6425,30.8825,30.5075,30.73,21020366.0
2017-06-08,30.7,30.7725,30.4875,30.635,21146643.0
2017-06-09,30.685,30.685,28.3925,29.1325,64788624.0
2017-06-12,28.3225,28.41,27.515,28.2425,72202819.0
2017-06-13,28.6775,28.75,28.175,28.535,34096538.0
2017-06-14,28.7625,28.7625,27.8475,28.1775,31455996.0
2017-06-15,27.7175,28.0075,27.44,27.96,31662421.0
2017-06-16,27.8325,28.0125,27.4375,27.455,50267760.0
2017-06-19,27.8025,28.5725,27.8025,28.4725,32466322.0
2017-06-20,28.605,28.605,28.1225,28.14,24886167.0
2017-06-21,28.2675,28.405,28.04,28.355,21248410.0
2017-06-22,28.33,28.5625,28.1675,28.295,19086118.0
2017-06-23,28.17,28.6775,28.165,28.4575,35423678.0
2017-06-26,28.68,28.9575,28.2325,28.3425,25679183.0
2017-06-27,28.14,28.4275,27.7925,27.82,24731399.0
2017-06-28,28.01,28.415,27.6775,28.345,22056060.0
2017-06-29,28.065,28.17,27.4575,27.8075,31454522.0
2017-06-30,28.0,28.1275,27.8325,27.8925,23004137.0
2017-07-03,28.1075,28.2125,27.6625,27.7625,14277848.0
2017-07-05,27.81,28.085,27.5675,27.91,21551200.0
2017-07-06,27.6425,27.7625,27.49,27.57,24110718.0
2017-07-07,27.6125,28.075,27.6125,27.9325,19201712.0
2017-07-10,27.915,28.375,27.73,28.1525,21090636.0
2017-07-11,28.0675,28.35,27.9825,28.27,12952980.0
2017-07-12,28.3625,28.4325,28.0925,28.3225,15622552.0
2017-07-13,28.2825,29.01,28.2625,28.83,15984458.0
2017-07-14,28.8875,29.22,28.72,29.1475,12909463.0
2017-07-17,29.115,29.605,29.03,29.2775,16357705.0
2017-07-18,29.1875,29.42,29.055,29.4075,11481325.0
2017-07-19,29.5075,29.7425,29.375,29.6425,20922969.0
2017-07-20,29.7975,29.8225,29.435,29.4725,10861372.0
2017-07-21,29.36,29.4975,29.1075,29.455,17818298.0
2017-07-24,29.5275,29.995,29.3625,29.91,14446538.0
2017-07-25,29.9475,30.3475,29.9475,30.0725,12179278.0
2017-07-26,30.2375,30.37,30.1525,30.2525,10545034.0
2017-07-27,30.325,30.385,28.7125,29.5275,32476337.0
2017-07-28,29.3175,29.445,29.185,29.2625,11174280.0
2017-07-31,29.3625,29.47,28.92,29.07,19845920.0
2017-08-01,29.205,29.4425,28.99,29.4,20354202.0
2017-08-02,31.7625,31.825,30.9275,31.1725,44794779.0
2017-08-03,31.145,31.1875,30.6425,30.78,17882106.0
2017-08-04,30.9175,31.2375,30.81,30.985,13787215.0
2017-08-07,31.1375,31.6175,31.0575,31.59,14999747.0
2017-08-08,31.53,32.345,31.455,31.9075,23260923.0
2017-08-09,31.7025,32.205,31.665,32.1525,26131530.0
2017-08-10,32.02,32.045,30.7025,30.875,40804273.0
2017-08-11,31.17,31.6875,31.0625,31.415,26257096.0
2017-08-14,31.875,32.0975,31.7325,32.0075,22122734.0
2017-08-15,32.21,32.5925,32.08,32.445,29465487.0
2017-08-16,32.53,32.6725,32.0825,32.2825,27671612.0
2017-08-17,32.175,32.2225,31.505,31.51,27940565.0
2017-08-18,31.51,31.92,31.225,31.42,27428069.0
2017-08-21,31.42,31.5175,30.8225,31.3475,26368528.0
2017-08-22,31.6025,32.045,31.55,31.99,21604585.0
2017-08-23,31.8125,32.1625,31.765,32.04,19399081.0
2017-08-24,32.1525,32.23,31.6825,31.8625,19818918.0
2017-08-25,31.9575,32.185,31.8625,32.01,25480063.0
2017-08-28,32.08,32.545,32.0275,32.4125,25965972.0
2017-08-29,32.07,32.825,32.045,32.7725,29516910.0
2017-08-30,32.995,33.0175,32.6975,32.8825,27269584.0
2017-08-31,32.955,33.175,32.915,33.045,26785096.0
2017-09-01,33.245,33.28,32.9525,33.0575,16591051.0
2017-09-05,32.9825,33.1075,32.185,32.565,29536314.0
2017-09-06,32.7225,32.7925,32.175,32.5225,21651726.0
2017-09-07,32.5675,32.605,32.135,32.36,21928502.0
2017-09-08,32.26,32.3325,31.6775,31.7025,28611535.0
2017-09-11,32.17,32.5575,32.0175,32.42,31580798.0
2017-09-12,32.6975,33.035,31.7375,32.26,71714046.0
2017-09-13,32.0125,32.035,31.5225,31.9575,44907361.0
2017-09-14,31.7925,31.895,31.5675,31.615,23760749.0
2017-09-15,31.6625,32.2875,31.545,32.015,49114602.0
2017-09-18,32.0725,32.17,31.545,31.7125,28269435.0
2017-09-19,31.9225,31.9875,31.655,31.7275,20810632.0
2017-09-20,31.52,31.61,30.5025,31.0625,52951364.0
2017-09-21,30.995,30.995,30.2325,30.3925,37511661.0
2017-09-22,30.05,30.1125,29.685,30.0175,46645443.0
2017-09-25,29.5425,30.0025,29.335,29.6825,44387336.0
2017-09-26,29.99,30.525,29.9675,30.33,36660045.0
2017-09-27,30.495,30.725,30.43,30.6025,25504227.0
2017-09-28,30.5175,30.615,30.22,30.365,22005455.0
2017-09-29,30.3475,30.5775,30.045,30.575,26299810.0
2017-10-02,30.61,30.6575,30.225,30.4975,18698842.0
2017-10-03,30.5475,30.8175,30.5225,30.665,16230293.0
2017-10-04,30.4525,30.51,30.16,30.415,20163750.0
2017-10-05,30.59,30.905,30.5575,30.8925,21283769.0
2017-10-06,30.7875,30.9175,30.685,30.87,17407558.0
2017-10-09,30.9975,31.2275,30.9175,31.005,16262923.0
2017-10-10,31.06,31.545,30.82,31.02,15617014.0
2017-10-11,31.0375,31.29,30.9825,31.1825,16905640.0
2017-10-12,31.1325,31.3875,30.9775,31.045,16125054.0
2017-10-13,31.2275,31.365,31.1475,31.2925,16394188.0
2017-10-16,31.52,32.045,31.4575,32.015,24121452.0
2017-10-17,31.99,32.2625,31.8525,32.1625,18997275.0
2017-10-18,32.15,32.2225,31.945,31.985,16374164.0
2017-10-19,31.2325,31.315,30.8,31.04,42584166.0
2017-10-20,31.1975,31.4825,31.035,31.1075,23974146.0
2017-10-23,31.2675,31.4675,30.92,31.0875,21984327.0
2017-10-24,31.1175,31.4,31.095,31.32,17757230.0
2017-10-25,31.2725,31.4325,30.8625,31.1475,21207098.0
2017-10-26,31.3525,31.5025,31.24,31.3975,17000469.0
2017-10-27,31.8675,32.945,31.72,32.8075,44454160.0
2017-10-30,33.0175,34.0625,32.975,33.725,44700772.0
2017-10-31,34.02,34.4575,33.78,34.305,36046828.0
2017-11-01,34.5125,34.53,33.4475,33.7675,33637762.0
2017-11-02,33.955,34.17,33.365,34.0725,41393373.0
2017-11-03,35.57,35.6075,34.825,35.17,59398631.0
2017-11-06,35.1375,35.7925,34.975,35.6075,35026306.0
2017-11-07,35.5225,35.8575,35.445,35.7475,24361485.0
2017-11-08,35.71,36.105,35.6275,36.105,24409527.0
2017-11-09,35.8225,36.07,35.33,36.015,29482596.0
2017-11-10,35.98,36.0475,35.77,35.87,25145500.0
2017-11-13,35.5775,35.8275,35.5525,35.695,16982080.0
2017-11-14,35.4625,35.5725,34.9975,35.0375,24782487.0
2017-11-15,34.695,34.7825,34.2975,34.4725,29158070.0
2017-11-16,34.9975,35.17,34.7775,34.9775,23637484.0
2017-11-17,34.9625,35.05,34.6125,34.74,21899544.0
2017-11-20,34.775,34.8425,34.5925,34.6975,16262447.0
2017-11-21,34.8975,35.6275,34.8975,35.4875,25131295.0
2017-11-22,35.5425,35.9525,35.465,35.9425,25588925.0
2017-11-24,35.9775,36.0775,35.865,35.945,14026673.0
2017-11-27,35.965,35.9725,35.5375,35.725,20716802.0
2017-11-28,35.7775,35.92,35.1675,35.47,26428802.0
2017-11-29,35.36,35.4325,33.9925,34.5725,41666364.0
2017-11-30,34.81,35.2375,34.3125,35.165,41527218.0
2017-12-01,34.69,35.12,34.3275,34.965,39759288.0
2017-12-04,35.3225,35.3575,34.61,34.6525,32542385.0
2017-12-05,34.4675,35.0825,34.3025,34.6125,27350154.0
2017-12-06,34.0775,34.7525,33.8175,34.455,28560000.0
2017-12-07,34.46,34.8125,34.43,34.5325,25673308.0
2017-12-08,34.825,34.9525,34.4075,34.545,23355231.0
2017-12-11,34.5025,35.425,34.4,35.37,35273759.0
2017-12-12,35.24,35.3,35.0675,35.1275,19409230.0
2017-12-13,35.3275,35.5875,35.2025,35.27,23818447.0
2017-12-14,35.3025,35.485,35.115,35.2575,20476541.0
2017-12-15,35.61,35.745,35.3175,35.695,40169307.0
2017-12-18,35.9225,36.5025,35.9175,36.3075,29421114.0
2017-12-19,35.96,36.05,35.725,35.8375,27436447.0
2017-12-20,35.92,36.0575,35.515,35.79,23475649.0
2017-12-21,35.745,36.2075,35.7275,35.955,20949896.0
2017-12-22,35.8725,36.0575,35.8275,35.955,16349444.0
2017-12-26,34.9025,35.07,34.6225,34.845,33185536.0
2017-12-27,34.7275,34.8975,34.63,34.8525,21498213.0
2017-12-28,34.9525,35.165,34.8225,34.9725,16480187.0
2017-12-29,34.8325,34.85,34.5075,34.51,25999922.0
2018-01-02,34.7425,35.2775,34.5175,35.2675,25555934.0
2018-01-03,35.335,35.84,35.1925,35.26,29517899.0
2018-01-04,35.3375,35.57,35.2225,35.46,22434597.0
2018-01-05,35.5625,36.045,35.465,35.9525,23660018.0
2018-01-08,35.79,36.105,35.685,35.79,20567766.0
2018-01-09,35.84,35.9675,35.555,35.785,21583997.0
2018-01-10,35.4925,35.7775,35.4525,35.775,23959895.0
2018-01-11,35.85,36.075,35.825,36.0225,18667729.0
2018-01-12,36.2475,36.5425,36.115,36.475,25418080.0
2018-01-16,36.6775,37.05,36.2375,36.25,29565947.0
2018-01-17,36.24,37.015,35.97,36.9775,34386836.0
2018-01-18,37.045,37.2275,36.765,37.0175,31193352.0
2018-01-19,36.855,37.0975,36.555,36.8175,32425067.0
2018-01-22,36.5275,36.6475,36.3525,36.4525,27108551.0
2018-01-23,36.5275,37.0625,36.4075,36.4625,32689146.0
2018-01-24,36.515,36.5275,35.5025,35.7575,51105090.0
2018-01-25,35.83,35.94,34.835,34.98,41529004.0
2018-01-26,35.2025,35.2025,34.7175,35.08,39143011.0
2018-01-29,34.7425,34.7425,33.97,34.1925,50640406.0
2018-01-30,33.585,34.045,33.3775,33.945,46048185.0
2018-01-31,33.92,34.3125,33.8275,34.06,32478930.0
2018-02-01,33.995,34.3575,33.8925,34.1475,47230787.0
2018-02-02,33.7025,33.9025,32.2275,32.3275,86593825.0
2018-02-05,31.9775,33.1725,31.2025,31.325,72738522.0
2018-02-06,30.91,33.1325,30.7025,32.96,68243838.0
2018-02-07,32.975,33.0525,31.97,32.0875,51608580.0
2018-02-08,32.275,32.4525,30.96,30.99,54390516.0
2018-02-09,31.6275,31.8325,29.92,31.4625,70672608.0
2018-02-12,31.985,33.3325,31.7375,33.0375,60819539.0
2018-02-13,32.8475,33.5475,32.7725,33.445,32549163.0
2018-02-14,33.12,34.245,33.08,34.2025,40644933.0
2018-02-15,34.8075,35.6325,34.61,35.6075,51147171.0
2018-02-16,35.45,36.065,35.3025,35.4675,40176091.0
2018-02-20,35.3725,35.925,35.215,35.3225,33930540.0
2018-02-21,35.5675,35.89,35.1125,35.1275,37471623.0
2018-02-22,35.31,35.8475,35.2875,35.485,30991940.0
2018-02-23,35.7775,36.2725,35.745,36.235,33812360.0
2018-02-26,36.4475,37.2075,36.4125,37.1025,38162174.0
2018-02-27,37.135,37.48,36.9,36.9575,38928125.0
2018-02-28,37.175,37.515,36.8725,36.89,37782138.0
2018-03-01,36.995,37.305,35.525,36.11,48801970.0
2018-03-02,35.56,36.435,35.4725,36.4125,38453950.0
2018-03-05,36.1625,36.795,35.99,36.565,28401366.0
2018-03-06,36.8375,36.9225,36.3925,36.5275,23788506.0
2018-03-07,36.095,36.3225,35.9275,36.1175,31703462.0
2018-03-08,36.23,36.64,36.1275,36.595,23774107.0
2018-03-09,36.85,37.36,36.7075,37.355,32185162.0
2018-03-12,37.4325,37.9575,37.4125,37.79,32207081.0
2018-03-13,38.0075,38.235,37.17,37.3525,31693529.0
2018-03-14,37.44,37.49,36.8125,36.97,29368356.0
2018-03-15,36.985,37.42,36.8775,37.0225,22743798.0
2018-03-16,37.0225,37.14,36.765,36.865,39404688.0
2018-03-19,36.69,36.7275,35.775,36.185,33446771.0
2018-03-20,36.17,36.56,36.095,36.17,19649350.0
2018-03-21,36.12,36.1325,35.175,35.1775,37054935.0
2018-03-22,34.86,35.53,34.51,34.5725,41490767.0
2018-03-23,34.4575,34.84,33.595,33.595,41028784.0
2018-03-26,34.3775,35.635,33.97,35.5525,37541236.0
2018-03-27,35.78,36.1475,34.09,34.445,40922579.0
2018-03-28,34.1725,34.865,33.6575,33.98,41668545.0
2018-03-29,34.3125,35.2975,34.085,34.305,38398505.0
2018-04-02,34.33,34.595,33.4775,34.03,37445578.0
2018-04-03,34.27,34.5475,33.58,34.4575,30278046.0
2018-04-04,33.58,35.3625,33.5525,35.2625,34605489.0
2018-04-05,35.505,35.9175,35.38,35.56,26933197.0
2018-04-06,35.1025,35.48,34.41,34.455,35005290.0
2018-04-09,34.83,35.6325,34.8225,34.8725,29017718.0
2018-04-10,35.61,35.86,35.2425,35.6725,28614241.0
2018-04-11,35.4175,35.84,35.285,35.47,22431640.0
2018-04-12,35.7125,36.11,35.62,35.895,22889285.0
2018-04-13,36.055,36.32,35.8225,36.0425,25124255.0
2018-04-16,36.1175,36.4075,36.0675,36.315,21578420.0
2018-04-17,36.4825,37.095,36.4625,36.92,26605442.0
2018-04-18,36.8125,37.065,36.58,36.82,20754538.0
2018-04-19,36.0975,36.2075,35.525,35.56,34808800.0
2018-04-20,35.01,35.165,33.7175,33.79,65491140.0
2018-04-23,34.0675,34.09,33.3825,33.67,36515477.0
2018-04-24,33.7775,33.9425,32.665,33.095,33692017.0
2018-04-25,33.015,33.715,32.9625,33.2725,28382084.0
2018-04-26,33.39,33.7925,33.2025,33.415,27963014.0
2018-04-27,33.36,33.4425,32.5175,32.94,35655839.0
2018-04-30,32.8925,34.175,32.82,33.675,42427424.0
2018-05-01,33.9625,34.66,33.6775,34.635,53569376.0
2018-05-02,36.1675,36.7975,35.81,36.5025,66539371.0
2018-05-03,36.33,36.735,35.97,36.5825,34068180.0
2018-05-04,36.9225,38.4225,36.9025,38.3175,56201317.0
2018-05-07,38.655,39.2775,38.5475,38.65,42451423.0
2018-05-08,38.6075,38.915,38.2775,38.8725,28402777.0
2018-05-09,38.9975,39.21,38.665,39.2,23211241.0
2018-05-10,39.295,39.9525,39.2725,39.87,27989289.0
2018-05-11,39.915,40.0575,39.405,39.69,26212221.0
2018-05-14,39.795,39.925,39.5075,39.58,20778772.0
2018-05-15,39.2375,39.31,38.8175,39.1525,23695159.0
2018-05-16,39.06,39.6575,39.0425,39.5875,19183064.0
2018-05-17,39.5425,39.77,39.1325,39.29,17294029.0
2018-05-18,39.34,39.495,39.075,39.12,18297728.0
2018-05-21,39.5425,39.86,39.27,39.45,18400787.0
2018-05-22,39.6375,39.7625,39.2375,39.3325,15240704.0
2018-05-23,39.13,39.6675,38.9825,39.6325,20058415.0
2018-05-24,39.735,39.7525,39.095,39.58,23233975.0
2018-05-25,39.6,39.955,39.455,39.6875,17460963.0
2018-05-29,39.4425,39.73,39.26,39.5175,22514075.0
2018-05-30,39.4725,39.5425,39.2375,39.4175,18690547.0
2018-05-31,39.3475,39.6,39.0775,39.26,27482793.0
2018-06-01,39.54,40.1075,39.48,40.1025,23442510.0
2018-06-04,40.4525,40.8975,40.38,40.5,26266174.0
2018-06-05,40.81,41.0275,40.6325,40.87,21565963.0
2018-06-06,40.95,41.0625,40.5225,41.0375,20933619.0
2018-06-07,41.0775,41.0925,40.6275,40.9075,21347180.0
2018-06-08,40.335,40.5425,39.985,40.4675,26656799.0
2018-06-11,40.38,40.535,40.095,40.35,18308460.0
2018-06-12,40.39,40.695,40.33,40.6125,16911141.0
2018-06-13,40.6475,40.7625,40.1525,40.2175,21638393.0
2018-06-14,40.43,40.435,40.0975,40.2425,21610074.0
2018-06-15,40.05,40.0825,39.6075,39.7525,61719160.0
2018-06-18,39.5125,39.8475,39.3425,39.7275,18484865.0
2018-06-19,38.8275,39.125,38.405,38.965,33578455.0
2018-06-20,39.13,39.3425,38.975,39.1675,20628701.0
2018-06-21,39.355,39.63,38.7775,38.9075,25711898.0
2018-06-22,39.0725,39.08,38.7175,38.7725,27200447.0
2018-06-25,38.3925,38.7725,37.725,38.085,31663096.0
2018-06-26,38.29,39.175,38.1775,38.65,24569201.0
2018-06-27,38.85,39.3625,38.55,38.5825,25285328.0
2018-06-28,38.5675,39.095,38.4925,38.9175,17365235.0
2018-06-29,39.115,39.34,38.27,38.82,22737666.0
2018-07-02,38.4975,39.3675,38.3975,39.3375,17731343.0
2018-07-03,39.49,39.53,38.4275,38.5225,13954806.0
2018-07-05,38.8575,39.145,38.6125,38.8925,16604248.0
2018-07-06,38.8975,39.65,38.8425,39.535,17485245.0
2018-07-09,39.9175,40.2125,39.8675,40.1875,19756634.0
2018-07-10,40.22,40.3625,40.0875,40.13,15939149.0
2018-07-11,39.6675,39.9875,39.445,39.5125,18831470.0
2018-07-12,39.925,40.395,39.87,40.3,18041131.0
2018-07-13,40.3125,40.5025,40.2675,40.375,12519792.0
2018-07-16,40.4225,40.705,40.1475,40.27,15043110.0
2018-07-17,39.98,40.51,39.8425,40.405,15534523.0
2018-07-18,40.4875,40.4925,40.025,40.1425,16393381.0
2018-07-19,39.965,40.68,39.965,40.5125,20286752.0
2018-07-20,40.4875,40.65,40.085,40.4025,20706042.0
2018-07-23,40.2125,40.5325,39.9325,40.445,15989365.0
2018-07-24,40.655,40.9575,40.555,40.7925,18697898.0
2018-07-25,40.8075,41.255,40.65,41.2475,16826483.0
2018-07-26,41.195,41.5325,40.945,41.095,19075964.0
2018-07-27,41.29,41.34,40.0675,40.2875,24023972.0
2018-07-30,40.5175,40.5925,39.81,40.02,21029535.0
2018-07-31,40.1175,40.5775,39.8775,40.115,39373038.0
2018-08-01,42.325,42.9825,41.87,42.9175,67935716.0
2018-08-02,42.6875,44.6375,42.63,44.39,62404012.0
2018-08-03,44.3,44.7275,43.9125,44.54,33447396.0
2018-08-06,44.5425,44.855,44.31,44.81,25425387.0
2018-08-07,44.8725,44.9175,44.2325,44.32,25587387.0
2018-08-08,44.055,44.495,43.6725,44.355,22525487.0
2018-08-09,44.3625,44.9875,44.3425,44.7625,23492626.0
2018-08-10,44.565,45.0,44.3925,44.6075,24611202.0
2018-08-13,44.65,45.4625,44.65,44.9425,25890880.0
2018-08-14,45.265,45.365,44.79,45.1625,20748010.0
2018-08-15,45.03,45.41,44.8075,45.285,28807564.0
2018-08-16,45.6625,46.1775,45.5925,46.055,28500367.0
2018-08-17,46.085,47.2125,46.015,47.12,35426997.0
2018-08-20,47.25,47.52,46.5025,46.59,30287695.0
2018-08-21,46.925,47.0225,46.2325,46.485,26159755.0
2018-08-22,46.25,46.815,46.185,46.4875,19018131.0
2018-08-23,46.3875,46.9875,46.375,46.5975,18883224.0
2018-08-24,46.875,46.95,46.5025,46.765,18476356.0
2018-08-27,47.0125,47.41,46.8075,47.21,20525117.0
2018-08-28,47.4775,47.86,47.455,47.65,22776766.0
2018-08-29,47.7625,48.5975,47.5775,48.47,27254804.0
2018-08-30,48.5375,49.79,48.325,48.9825,48793824.0
2018-08-31,49.385,49.9425,49.225,49.6325,43340134.0
2018-09-04,49.8275,50.02,49.3825,49.815,27390132.0
2018-09-05,49.9725,50.1425,49.0,49.4425,33332960.0
2018-09-06,49.2825,49.5625,48.05,48.5,34289976.0
2018-09-07,48.1875,49.0675,47.9025,48.05,37619810.0
2018-09-10,47.9625,48.1875,46.8425,47.3075,39516453.0
2018-09-11,47.2275,48.8,46.865,48.6875,35749049.0
2018-09-12,48.96,48.975,47.685,47.9925,49278740.0
2018-09-13,48.605,49.8125,48.3675,49.3275,41706377.0
2018-09-14,49.1625,49.435,48.355,48.685,31999289.0
2018-09-17,48.2625,48.4625,47.0425,47.195,37195133.0
2018-09-18,47.1725,48.1875,47.005,47.285,31571712.0
2018-09-19,47.35,47.63,46.55,47.3175,27123833.0
2018-09-20,47.785,48.295,47.5125,47.7325,26608794.0
2018-09-21,47.92,48.065,47.0475,47.14,96246748.0
2018-09-24,46.93,48.04,46.8825,47.9225,27693358.0
2018-09-25,47.6625,48.43,47.65,48.2725,24554379.0
2018-09-26,47.975,48.6625,47.665,47.83,23984706.0
2018-09-27,48.68,49.335,48.61,48.9625,30181227.0
2018-09-28,48.9225,49.185,48.73,49.16,22929364.0
2018-10-01,49.7125,50.08,49.3125,49.54,23600802.0
2018-10-02,49.5375,50.225,49.3825,50.045,24788170.0
2018-10-03,50.2375,51.0925,50.17,50.7425,28654799.0
2018-10-04,50.42,50.8125,49.4075,49.7225,32042000.0
2018-10-05,49.715,49.8275,47.87,48.7975,33580463.0
2018-10-08,48.2775,48.925,47.775,48.6675,29663923.0
2018-10-09,48.635,49.5425,48.2875,49.4425,26891029.0
2018-10-10,49.09,49.3125,46.7375,46.815,41990554.0
2018-10-11,46.355,47.6,45.805,46.3375,53124392.0
2018-10-12,47.83,48.445,46.935,48.2525,40337851.0
2018-10-15,48.015,48.1825,47.0425,47.065,30791007.0
2018-10-16,47.4575,48.4725,46.915,48.2625,29183963.0
2018-10-17,48.3,48.385,47.56,48.0225,22885397.0
2018-10-18,47.19,47.66,45.975,46.73,32581315.0
2018-10-19,47.24,48.04,47.0825,47.5525,33078726.0
2018-10-22,47.6725,48.565,47.46,47.8875,28792082.0
2018-10-23,46.6825,48.5375,46.4,48.4075,38767846.0
2018-10-24,48.375,48.7825,46.36,46.4975,40925163.0
2018-10-25,47.1525,48.07,46.9125,47.675,29855768.0
2018-10-26,46.7,47.7725,45.8925,46.8,47258375.0
2018-10-29,47.5225,47.6475,44.2475,45.785,45935520.0
2018-10-30,45.5125,46.52,45.0425,46.05,36659990.0
2018-10-31,46.945,47.8375,46.88,47.44,38358933.0
2018-11-01,47.4875,48.315,46.9275,48.28,58323180.0
2018-11-02,45.1125,46.1375,44.0825,44.595,91328654.0
2018-11-05,43.8,43.8225,42.2675,43.1225,66163669.0
2018-11-06,43.205,43.905,43.1475,43.6675,31882881.0
2018-11-07,44.2175,45.24,43.7575,45.2125,33424434.0
2018-11-08,45.4025,45.4375,44.595,45.03,25362636.0
2018-11-09,44.295,44.41,43.47,44.025,34365750.0
2018-11-12,42.6575,42.87,41.355,41.45,51135518.0
2018-11-13,40.815,42.2025,40.77,40.965,46882936.0
2018-11-14,41.3825,41.5275,39.39,39.6075,60800957.0
2018-11-15,40.005,40.9,39.6325,40.76,46478801.0
2018-11-16,40.5325,41.65,40.2725,41.29,36928253.0
2018-11-19,40.4075,40.5825,39.155,39.3725,41920872.0
2018-11-20,37.5,38.275,36.785,37.1525,67825247.0
2018-11-21,37.84,37.975,37.045,37.1025,31124210.0
2018-11-23,36.6425,37.0575,35.9325,35.98,23623972.0
2018-11-26,36.4675,36.645,35.4725,36.5625,44998520.0
2018-11-27,35.785,36.6,35.6275,36.4675,41387377.0
2018-11-28,37.09,38.23,36.64,38.1425,46062539.0
2018-11-29,38.5725,38.6075,37.3325,37.795,41769992.0
2018-11-30,37.98,37.99,37.165,37.5525,39531549.0
2018-12-03,39.0225,39.1425,38.21,39.1125,40798002.0
2018-12-04,38.145,38.505,36.975,37.08,41344282.0
2018-12-06,35.8475,36.6025,35.5125,36.5875,43098410.0
2018-12-07,36.28,36.53,34.9825,35.03,42281631.0
2018-12-10,34.1575,35.43,33.74,35.3075,62025994.0
2018-12-11,35.8225,35.855,34.6575,35.065,47281665.0
2018-12-12,35.5075,35.8875,35.1625,35.1825,35627674.0
2018-12-13,35.53,36.05,35.295,35.645,31897827.0
2018-12-14,35.1575,35.1775,34.2275,34.2775,40703710.0
2018-12-17,34.27,34.995,33.59,33.8925,44287922.0
2018-12-18,34.2525,34.79,34.005,34.425,33841518.0
2018-12-19,34.4075,34.77,32.68,33.13,49047297.0
2018-12-20,33.0075,33.435,31.7325,32.115,64772960.0
2018-12-21,32.1225,32.4475,30.315,30.59,95744384.0
2018-12-24,29.945,30.795,29.555,29.615,37169232.0
2018-12-26,29.9825,32.215,29.5875,32.2,58582544.0
2018-12-27,31.8675,32.1,30.425,31.945,53117065.0
2018-12-28,32.2825,32.5375,31.545,31.965,42291424.0
2018-12-31,32.54,32.745,32.035,32.3425,35003466.0
2019-01-02,31.63,32.62,31.465,32.3875,37039737.0
2019-01-03,28.9025,29.3375,28.4075,28.455,91312195.0
2019-01-04,29.04,30.045,28.8575,29.9725,58607070.0
2019-01-07,30.0825,30.115,29.3825,29.89,54777764.0
2019-01-08,30.2975,30.8625,30.0375,30.595,41025314.0
2019-01-09,30.73,31.54,30.315,31.235,45099081.0
2019-01-10,31.0325,31.4,30.6225,31.3575,35780670.0
2019-01-11,31.1275,31.3325,30.785,30.98,27023241.0
2019-01-14,30.62,30.725,30.2125,30.4075,32439186.0
2019-01-15,30.475,31.255,30.42,31.175,28710324.0
2019-01-16,31.1775,31.8775,31.1575,31.6425,30569706.0
2019-01-17,31.4575,32.3225,31.2225,31.8725,29821160.0
2019-01-18,32.3075,32.375,31.9025,32.1125,33751023.0
2019-01-22,32.01,32.09,31.0625,31.2325,30393970.0
2019-01-23,31.445,31.6925,30.8325,31.3875,23130570.0
2019-01-24,31.435,31.5275,30.8425,31.0825,25441549.0
2019-01-25,31.7775,32.44,31.4875,32.3475,33547893.0
2019-01-28,31.855,31.99,31.3225,31.9825,26192058.0
2019-01-29,31.97,32.44,31.435,31.5775,41587239.0
2019-01-30,33.72,34.445,32.965,34.22,61109780.0
2019-01-31,34.435,35.1575,34.0475,34.5175,40739649.0
2019-02-01,34.6475,35.1525,34.39,34.5375,32668138.0
2019-02-04,34.76,35.8225,34.7275,35.72,31495582.0
2019-02-05,36.1225,36.6775,35.995,36.4525,36101628.0
2019-02-06,36.57,36.8,36.12,36.4675,28239591.0
2019-02-07,36.0075,36.3925,35.4925,35.6425,31741690.0
2019-02-08,35.3375,35.755,35.195,35.6925,23819966.0
2019-02-11,35.8525,35.8925,35.4025,35.4475,20993425.0
2019-02-12,35.615,35.84,35.515,35.8125,22283523.0
2019-02-13,35.9375,36.21,35.57,35.635,22490233.0
2019-02-14,35.5175,35.905,35.435,35.79,21835747.0
2019-02-15,35.9025,36.015,35.5275,35.695,24626814.0
2019-02-19,35.5175,35.95,35.4625,35.8225,18972826.0
2019-02-20,35.8875,36.42,35.8375,36.0975,26114362.0
2019-02-21,36.04,36.1825,35.665,35.855,17249670.0
2019-02-22,35.985,36.34,35.935,36.3325,18913154.0
2019-02-25,36.63,37.0575,36.5775,36.6475,21873358.0
2019-02-26,36.5175,36.915,36.3825,36.6725,17070211.0
2019-02-27,36.3925,36.84,36.2725,36.8075,27835389.0
2019-02-28,36.67,36.8175,36.32,36.3775,28215416.0
2019-03-01,36.66,36.8775,36.3125,36.8325,25886167.0
2019-03-04,37.0125,37.5275,36.5825,37.0525,27436203.0
2019-03-05,37.075,37.09,36.725,36.9725,19737419.0
2019-03-06,36.7575,36.9625,36.575,36.72,20810384.0
2019-03-07,36.5575,36.7,36.095,36.215,24796374.0
2019-03-08,35.67,36.3575,35.465,36.3175,23999358.0
2019-03-11,36.9625,37.87,36.9275,37.815,32011034.0
2019-03-12,38.09,38.7575,37.9325,38.3175,32467584.0
2019-03-13,38.6525,38.915,38.32,38.5175,31032524.0
2019-03-14,39.065,39.115,38.73,39.0225,23579508.0
2019-03-15,39.3025,39.9225,39.025,39.62,39042912.0
2019-03-18,39.54,40.1875,39.5375,40.095,26219832.0
2019-03-19,40.1775,40.3375,39.57,39.7225,31646369.0
2019-03-20,39.6475,40.4625,39.2725,40.13,31035231.0
2019-03-21,40.595,42.1725,40.5425,41.8625,51034237.0
2019-03-22,41.925,42.5125,40.785,40.8525,42407666.0
2019-03-25,40.9675,41.085,39.74,40.275,43845293.0
2019-03-26,41.005,41.31,39.235,39.7875,49800538.0
2019-03-27,40.2775,40.53,39.7275,40.2075,29848427.0
2019-03-28,40.3275,40.48,39.9725,40.27,20780363.0
2019-03-29,40.5475,40.61,40.225,40.5775,23563961.0
2019-04-01,41.0,41.01,40.185,40.9,27861964.0
2019-04-02,40.8625,41.705,40.8525,41.595,22765732.0
2019-04-03,41.4025,42.215,41.3775,41.9275,23271830.0
2019-04-04,41.7875,42.1825,41.375,42.0125,19114275.0
2019-04-05,42.2025,42.365,42.0725,42.34,18526644.0
2019-04-08,42.195,43.1475,42.175,43.115,25881697.0
2019-04-09,43.17,43.8025,42.8975,42.965,35768237.0
2019-04-10,42.76,43.275,42.635,43.245,21695288.0
2019-04-11,43.3025,43.34,42.7,42.8275,20900808.0
2019-04-12,42.89,43.125,42.1425,42.8075,27760668.0
2019-04-15,42.735,43.0525,42.5925,42.8975,17536646.0
2019-04-16,42.955,43.4325,42.73,42.9025,25696385.0
2019-04-17,42.975,43.935,42.7425,43.8725,28906780.0
2019-04-18,43.9525,44.1275,43.72,44.055,24195766.0
2019-04-22,43.7975,44.325,43.675,44.2225,19439545.0
2019-04-23,44.1975,45.0275,44.065,44.96,23322991.0
2019-04-24,44.93,45.21,44.8525,44.88,17540609.0
2019-04-25,44.7975,45.03,44.37,44.41,18543206.0
2019-04-26,44.315,44.34,43.62,44.165,18649102.0
2019-04-29,44.19,44.5825,44.055,44.2425,22204716.0
2019-04-30,43.855,43.94,42.8675,43.2575,46534923.0
2019-05-01,45.56,46.9175,45.3975,45.72,64827328.0
2019-05-02,45.55,46.2525,45.1225,45.3775,31996324.0
2019-05-03,45.8125,46.05,45.6475,46.0275,20892378.0
2019-05-06,44.1625,45.3,43.965,45.21,32443113.0
2019-05-07,44.56,44.945,43.2975,43.805,38763698.0
2019-05-08,43.565,44.425,43.5275,43.815,26339504.0
2019-05-09,43.19,43.51,42.255,43.27,34908607.0
2019-05-10,42.6375,42.995,41.475,42.5775,41208712.0
2019-05-13,40.21,40.6525,38.995,39.7125,57430623.0
2019-05-14,39.885,40.7075,39.635,40.4475,36529677.0
2019-05-15,39.85,41.22,39.7875,41.0125,26544718.0
2019-05-16,40.76,41.4,40.4925,40.8025,33031364.0
2019-05-17,40.015,41.0075,39.9725,40.5325,32879090.0
2019-05-20,39.1625,39.37,38.3525,39.055,38612290.0
2019-05-21,39.5875,40.2825,39.4575,39.9325,28364848.0
2019-05-22,39.4475,39.71,38.92,38.9775,29748556.0
2019-05-23,38.2325,38.4175,37.735,38.1975,36529736.0
2019-05-24,38.3325,38.815,37.9375,38.025,23714686.0
2019-05-28,38.0125,38.43,37.76,37.84,27948160.0
2019-05-29,37.3875,38.12,37.2825,37.6275,28481165.0
2019-05-30,37.77,38.09,37.45,37.8575,21218412.0
2019-05-31,37.34,37.78,37.03,37.05,27043584.0
2019-06-03,37.1825,37.7625,35.85,36.6075,40396069.0
2019-06-04,37.1425,38.24,36.9125,38.1925,30967961.0
2019-06-05,39.3525,39.53,38.5675,38.9175,29773427.0
2019-06-06,39.0525,39.65,38.82,39.5875,22526311.0
2019-06-07,39.91,41.2625,39.725,40.82,30684393.0
2019-06-10,41.235,42.125,41.1875,41.4275,26220851.0
2019-06-11,41.9975,42.2825,41.6825,41.985,26932882.0
2019-06-12,41.77,42.275,41.63,41.83,18253189.0
2019-06-13,41.9575,42.48,41.6825,41.82,21674625.0
2019-06-14,41.17,41.68,40.8575,41.4675,18761474.0
2019-06-17,41.5075,42.0225,41.325,41.755,14669144.0
2019-06-18,42.295,43.355,42.085,42.895,26551004.0
2019-06-19,43.2025,43.2525,42.61,42.75,21124235.0
2019-06-20,43.375,43.435,42.79,43.1475,21513988.0
2019-06-21,42.9825,43.495,42.82,42.9775,47800589.0
2019-06-24,42.9175,43.3225,42.825,42.9275,18220421.0
2019-06-25,42.89,43.0975,42.105,42.175,21070334.0
2019-06-26,42.725,43.53,42.62,43.2325,26067512.0
2019-06-27,43.355,43.675,43.175,43.2175,20899717.0
2019-06-28,42.9525,43.1575,42.545,42.7625,31110642.0
2019-07-01,44.075,44.405,43.445,43.67,27316739.0
2019-07-02,43.635,44.065,43.6225,43.965,16935217.0
2019-07-03,44.1025,44.3925,43.955,44.385,11362045.0
2019-07-05,44.12,44.5525,44.0075,44.34,17265518.0
2019-07-08,43.485,43.6325,42.885,43.2875,25338628.0
2019-07-09,43.0825,43.66,42.985,43.5925,20578015.0
2019-07-10,43.745,44.215,43.6725,44.09,17897138.0
2019-07-11,44.11,44.38,43.71,43.72,20191842.0
2019-07-12,43.895,44.2825,43.8325,44.1075,17595212.0
2019-07-15,44.305,44.75,44.2825,44.585,16947420.0
2019-07-16,44.43,44.81,44.1575,44.4075,16866816.0
2019-07-17,44.295,44.555,44.1,44.12,14107450.0
2019-07-18,44.2825,44.7525,44.2075,44.6975,18582161.0
2019-07-19,44.73,44.9075,43.8725,43.93,20929307.0
2019-07-22,44.195,45.09,44.185,45.0875,22277932.0
2019-07-23,45.3975,45.51,45.105,45.4925,18355210.0
2019-07-24,45.2,45.57,45.075,45.45,14991567.0
2019-07-25,45.505,45.5925,44.965,45.0375,13909562.0
2019-07-26,45.1525,45.715,45.0675,45.2175,17618874.0
2019-07-29,45.3975,45.9425,45.3925,45.7025,21673389.0
2019-07-30,45.4725,45.8225,45.11,45.4775,33935718.0
2019-07-31,47.3875,48.625,46.1075,46.5425,69281361.0
2019-08-01,46.7575,47.79,44.9675,45.39,54017922.0
2019-08-02,44.665,44.89,43.69,44.2875,40862122.0
2019-08-05,42.78,42.945,41.4275,41.6175,52392969.0
2019-08-06,42.36,42.8,41.7925,42.5325,35824787.0
2019-08-07,42.135,43.1725,41.7375,43.0425,33364400.0
2019-08-08,43.3325,44.165,43.13,44.14,27009523.0
2019-08-09,43.8,44.165,43.2975,43.7225,24619746.0
2019-08-12,43.38,43.9875,43.2625,43.595,22481889.0
2019-08-13,43.73,46.51,43.6825,45.7175,47539786.0
2019-08-14,44.265,45.085,44.1225,44.1625,36547443.0
2019-08-15,44.34,44.76,43.3925,43.91,27883363.0
2019-08-16,44.545,45.265,44.435,45.1,28813624.0
2019-08-19,46.13,46.6575,45.9825,46.0625,24431915.0
2019-08-20,46.195,46.8125,46.055,46.065,26919529.0
2019-08-21,46.7225,46.8875,46.375,46.635,21564747.0
2019-08-22,46.7725,47.085,46.1625,46.59,22267819.0
2019-08-23,45.8325,46.4875,43.725,44.135,46882843.0
2019-08-26,44.94,45.2725,44.74,45.0975,26066130.0
2019-08-27,45.44,45.6125,44.3575,44.515,25897344.0
2019-08-28,44.5,44.905,44.305,44.8575,15957632.0
2019-08-29,45.6,45.805,45.14,45.7275,21007652.0
2019-08-30,46.015,46.0875,45.275,45.66,21162561.0
2019-09-03,45.0825,45.22,44.53,44.9,20059574.0
2019-09-04,45.5725,45.845,45.305,45.7725,19216820.0
2019-09-05,46.475,46.9675,46.3525,46.795,23946984.0
2019-09-06,46.9875,47.08,46.6025,46.79,19362294.0
2019-09-09,47.185,47.585,46.2425,47.0175,27309401.0
2019-09-10,46.94,47.67,46.4025,47.65,31777931.0
2019-09-11,47.9925,49.4025,47.9075,49.3725,44289646.0
2019-09-12,49.675,50.08,49.19,49.2475,32226669.0
2019-09-13,48.475,48.6725,47.73,48.1625,39763296.0
2019-09-16,47.9075,48.5075,47.865,48.45,21158141.0
2019-09-17,48.465,48.68,48.255,48.65,18386468.0
2019-09-18,48.74,49.1875,48.335,49.1675,25643093.0
2019-09-19,48.9775,49.415,48.5675,48.715,22187876.0
2019-09-20,48.82,49.115,47.8425,47.9075,57977094.0
2019-09-23,48.2125,48.435,47.8875,48.155,19419648.0
2019-09-24,48.7325,49.0975,47.7725,47.895,31434367.0
2019-09-25,48.1125,48.85,47.76,48.7325,22481006.0
2019-09-26,48.475,48.71,48.1825,48.4475,19088312.0
2019-09-27,48.61,48.715,47.795,48.18,25361285.0
2019-09-30,48.7,49.62,48.6725,49.4675,26318583.0
2019-10-01,49.7425,50.53,49.525,49.6225,36187163.0
2019-10-02,49.24,49.37,47.9575,48.215,35767257.0
2019-10-03,48.0825,48.715,47.2575,48.68,30352686.0
2019-10-04,49.885,50.3475,49.4475,50.2275,34755553.0
2019-10-07,50.0425,50.9575,49.935,50.24,30889269.0
2019-10-08,49.93,50.49,49.5575,49.575,29282700.0
2019-10-09,50.2325,50.4225,49.885,50.2325,19029424.0
2019-10-10,50.4575,51.085,50.3,50.9975,28962984.0
2019-10-11,51.7125,52.885,51.5525,52.5275,41990210.0
2019-10-14,52.2,53.0075,52.1425,52.4425,24413484.0
2019-10-15,52.5725,52.8875,52.195,52.305,23040483.0
2019-10-16,51.8175,52.285,51.775,52.0675,19286694.0
2019-10-17,52.2475,52.5125,51.855,52.295,17272897.0
2019-10-18,52.1225,52.87,52.0475,52.5775,24377166.0
2019-10-21,52.855,53.7225,52.805,53.6025,22367483.0
2019-10-22,53.765,54.025,53.38,53.465,22684001.0
2019-10-23,54.0,54.285,53.78,54.27,19932545.0
2019-10-24,54.6025,54.675,53.9275,54.37,17916255.0
2019-10-25,54.265,55.1575,54.195,55.12,18369296.0
2019-10-28,55.33,55.7875,55.155,55.7375,24143241.0
2019-10-29,55.7175,55.9125,54.1175,54.2975,35709867.0
2019-10-30,54.665,54.8,53.7775,54.29,31130522.0
2019-10-31,55.285,55.7675,52.79,55.665,34790520.0
2019-11-01,55.86,57.4575,55.765,57.43,37781334.0
2019-11-04,57.8075,57.9375,57.32,57.85,25817952.0
2019-11-05,57.7375,58.0225,57.555,57.7575,19974427.0
2019-11-06,57.6675,57.8475,57.3175,57.785,18966124.0
2019-11-07,58.3525,58.755,58.195,58.525,23735083.0
2019-11-08,58.34,58.7775,57.88,58.7025,17520495.0
2019-11-11,58.2425,59.285,58.2375,59.2175,20507459.0
2019-11-12,59.055,59.365,58.8975,59.1575,21847226.0
2019-11-13,58.95,59.8625,58.935,59.785,25817593.0
2019-11-14,59.605,59.8875,59.1925,59.3275,22395556.0
2019-11-15,59.5875,60.1125,59.42,60.1075,25093666.0
2019-11-18,60.1175,60.525,59.725,60.4425,21700897.0
2019-11-19,60.6425,60.6675,60.015,60.24,19069597.0
2019-11-20,60.0525,60.1875,58.7675,59.465,26609919.0
2019-11-21,59.59,59.67,58.9625,59.17,30348778.0
2019-11-22,59.315,59.4625,58.8775,59.1125,16331263.0
2019-11-25,59.345,60.2775,59.2975,60.26,21029517.0
2019-11-26,60.4025,60.4575,59.2925,59.74,26334882.0
2019-11-27,60.0625,60.6625,59.995,60.6275,16386122.0
2019-11-29,60.3175,60.6675,60.1425,60.48,11654363.0
2019-12-02,60.485,60.73,59.53,59.7075,23693550.0
2019-12-03,58.245,58.55,57.74,58.53,29377268.0
2019-12-04,58.935,59.495,58.8375,59.1025,16810388.0
2019-12-05,59.615,60.14,59.35,60.0625,18661343.0
2019-12-06,60.5375,61.4175,60.4925,61.345,26547493.0
2019-12-09,61.1675,61.3675,59.895,60.3975,32182645.0
2019-12-10,60.8175,61.185,60.1325,60.7875,22632383.0
2019-12-11,60.87,61.4425,60.7925,61.36,19723391.0
2019-12-12,60.6125,61.8075,60.4975,61.5325,34437042.0
2019-12-13,61.5325,62.4925,61.4,62.455,33432806.0
2019-12-16,62.9175,63.865,62.9125,63.6325,32081105.0
2019-12-17,63.56,64.11,63.3675,63.77,28575798.0
2019-12-18,63.6175,64.1425,63.4475,63.6025,29024687.0
2019-12-19,63.5425,63.9625,63.405,63.6725,24626947.0
2019-12-20,64.225,64.33,63.3075,63.5275,69032743.0
2019-12-23,63.8,64.73,63.76,64.6675,24677883.0
2019-12-24,64.84,64.89,64.3975,64.735,12119714.0
2019-12-26,64.8725,66.1625,64.8425,66.145,23334004.0
2019-12-27,66.4475,67.16,65.6975,66.1175,36592936.0
2019-12-30,66.0325,66.84,64.9725,66.5475,36059614.0
2019-12-31,66.15,67.0875,66.0475,67.08,25247625.0
2020-01-02,67.7275,68.8175,67.465,68.755,33911864.0
2020-01-03,67.955,68.8125,67.7925,68.025,36633878.0
2020-01-06,67.115,68.6575,66.855,68.6175,29644644.0
2020-01-07,68.6275,68.8925,68.0375,68.265,27877655.0
2020-01-08,67.9575,69.7775,67.9575,69.465,33090946.0
2020-01-09,70.4775,71.275,70.2175,71.075,42621542.0
2020-01-10,71.3175,71.835,70.73,71.25,35217272.0
2020-01-13,71.5775,72.935,71.455,72.9075,30521722.0
2020-01-14,72.8425,73.06,71.71,71.8375,40653457.0
2020-01-15,71.63,72.5425,71.055,71.5025,30480882.0
2020-01-16,72.065,72.5925,71.69,72.4775,27207254.0
2020-01-17,72.735,73.3525,72.4175,73.35,34454117.0
2020-01-21,72.965,73.4225,72.6675,72.81,27710814.0
2020-01-22,73.3125,73.665,72.995,73.0925,25458115.0
2020-01-23,73.1475,73.5575,72.58,73.475,26117993.0
2020-01-24,73.73,74.5,73.0475,73.245,36634380.0
2020-01-27,71.1825,71.61,69.8875,70.905,40485005.0
2020-01-28,71.8175,73.2675,71.715,73.09,40558486.0
2020-01-29,74.78,75.63,74.0125,74.7525,54149928.0
2020-01-30,73.8025,74.69,73.355,74.635,31685808.0
2020-01-31,73.9,74.3375,70.74,71.045,49897096.0
2020-02-03,69.7425,72.04,69.2225,70.8325,43496401.0
2020-02-04,72.495,73.5775,72.075,73.38,34154134.0
2020-02-05,74.5475,74.8575,73.405,74.03,29706718.0
2020-02-06,74.31,74.9725,73.7325,74.97,26356385.0
2020-02-07,74.4525,74.71,73.36,73.8675,29421012.0
2020-02-10,72.405,74.2475,72.3225,74.2475,27337215.0
2020-02-11,74.76,74.835,73.5375,73.7625,23580780.0
2020-02-12,74.2275,75.665,74.2275,75.66,28432573.0
2020-02-13,74.9075,75.415,74.6975,75.0775,23686892.0
2020-02-14,75.045,75.355,74.5725,75.0975,20028447.0
2020-02-18,72.7,73.7975,72.5125,73.61,38190545.0
2020-02-19,73.86,75.0025,73.86,74.765,23495991.0
2020-02-20,74.5175,75.0225,73.4125,73.935,25141489.0
2020-02-21,73.515,73.9725,71.485,72.1225,32426415.0
2020-02-24,68.175,69.905,66.1675,68.405,55548828.0
2020-02-25,69.0975,69.4925,65.3925,65.88,57668364.0
2020-02-26,65.4925,68.33,65.485,67.0225,49678431.0
2020-02-27,64.135,65.36,62.1,62.24,80151381.0
2020-02-28,58.175,63.4625,57.9525,62.2,106721230.0
2020-03-02,64.43,69.22,63.29,68.5625,85349339.0
2020-03-03,69.7775,69.86,65.31,66.19,79868852.0
2020-03-04,67.97,69.71,67.1425,69.545,54794568.0
2020-03-05,67.74,68.7475,66.7125,67.09,46893219.0
2020-03-06,64.36,66.565,64.1675,66.1175,56544246.0
2020-03-09,59.7975,63.3825,59.61,60.4025,71686208.0
2020-03-10,63.145,65.47,61.2025,65.195,71322520.0
2020-03-11,63.2075,64.165,61.825,62.7175,64094970.0
2020-03-12,57.845,61.36,55.86,55.9175,104618517.0
2020-03-13,60.0825,63.84,57.0975,63.3525,92683032.0
2020-03-16,54.3475,58.63,53.86,54.4125,80605865.0
2020-03-17,55.7375,58.2625,53.46,57.075,81013965.0
2020-03-18,53.8025,56.36,53.14,55.5275,75058406.0
2020-03-19,55.7075,57.07,54.5125,55.055,67964255.0
2020-03-20,55.655,56.8175,50.86,51.17,100423346.0
2020-03-23,50.88,50.985,47.0125,49.9525,84188208.0
2020-03-24,52.95,55.7825,52.435,55.58,71882773.0
2020-03-25,56.5475,58.4225,54.935,55.24,75900510.0
2020-03-26,55.49,58.53,55.45,58.47,63140169.0
2020-03-27,57.0475,57.8275,55.6225,55.795,51054153.0
2020-03-30,56.545,57.74,56.21,57.5625,41994110.0
2020-03-31,57.76,59.4825,56.86,57.4325,49250501.0
2020-04-01,55.485,56.04,53.6425,54.0875,44054638.0
2020-04-02,53.945,55.1475,53.085,55.0925,41483493.0
2020-04-03,54.56,55.285,53.6025,54.2125,32470017.0
2020-04-06,56.585,59.6375,56.205,59.4775,50455071.0
2020-04-07,61.56,61.785,58.61,58.7175,50721831.0
2020-04-08,59.545,60.7025,59.1675,60.3775,42223821.0
2020-04-09,61.035,61.3775,60.035,60.8575,40529123.0
2020-04-13,60.9375,62.285,60.3175,62.1725,32755731.0
2020-04-14,63.86,65.9225,63.3725,65.6225,48748672.0
2020-04-15,64.46,65.4425,64.0175,64.9675,32788641.0
2020-04-16,65.705,65.91,64.4475,65.5325,39281290.0
2020-04-17,65.0325,65.5975,63.075,64.56,53812478.0
2020-04-20,63.3475,64.28,63.0725,63.0925,32503750.0
2020-04-21,62.93,63.1725,60.2175,60.9525,45247893.0
2020-04-22,62.2625,63.335,61.91,62.885,29264342.0
2020-04-23,62.8275,64.2975,62.5775,62.6175,31203582.0
2020-04-24,63.16,64.6125,63.11,64.6025,31627183.0
2020-04-27,64.31,64.995,63.8475,64.6525,29271893.0
2020-04-28,65.13,65.3175,63.41,63.505,28001187.0
2020-04-29,65.0425,66.2775,64.8325,65.7925,34320204.0
2020-04-30,66.35,67.4925,65.9475,67.31,45765968.0
2020-05-01,65.4225,68.61,65.3225,66.1275,60154175.0
2020-05-04,66.1525,67.2825,65.44,67.15,33391986.0
2020-05-05,67.625,69.11,67.475,68.25,36937795.0
2020-05-06,68.975,69.67,68.5775,69.0175,35583438.0
2020-05-07,69.665,70.1525,69.3525,69.795,28803764.0
2020-05-08,70.475,71.6525,70.1375,71.5975,33511985.0
2020-05-11,71.09,73.3275,70.875,72.8175,36486561.0
2020-05-12,73.5225,73.9875,71.7925,71.9175,40575263.0
2020-05-13,72.1025,73.0525,69.8675,70.9775,50155639.0
2020-05-14,70.1925,71.5125,69.4475,71.45,39732269.0
2020-05-15,69.1525,71.04,69.1175,70.9925,41587094.0
2020-05-18,72.3575,73.19,71.645,72.805,33843125.0
2020-05-19,72.8225,73.695,72.3175,72.35,25432385.0
2020-05-20,73.235,73.945,73.115,73.8725,27876215.0
2020-05-21,73.73,74.2875,73.0325,73.2775,25672211.0
2020-05-22,73.0075,73.8725,72.9025,73.7875,20450754.0
2020-05-26,74.94,75.125,73.19,73.2475,31380454.0
2020-05-27,73.1,73.7425,72.3375,73.5925,28236274.0
2020-05-28,73.2575,74.925,72.9725,73.6275,33449103.0
2020-05-29,73.8775,74.3525,73.1825,73.55,38399532.0
2020-06-01,73.5025,74.6525,73.3675,74.5275,20254653.0
2020-06-02,74.2525,74.925,73.7975,74.9,21910704.0
2020-06-03,75.23,75.615,74.64,75.345,26122804.0
2020-06-04,75.1625,75.47,74.26,74.645,21890091.0
2020-06-05,74.9025,77.0025,74.8725,76.94,34312550.0
2020-06-08,76.6275,77.465,75.895,77.43,23913634.0
2020-06-09,77.1,80.4675,77.0675,80.0625,36928091.0
2020-06-10,81.04,82.7575,80.5875,82.275,41662938.0
2020-06-11,81.3925,81.83,77.935,78.04,50415613.0
2020-06-12,80.245,81.015,77.62,78.765,50036513.0
2020-06-15,77.3775,80.485,77.21,79.8125,34702230.0
2020-06-16,81.93,82.365,80.245,82.085,41357182.0
2020-06-17,82.8525,82.915,81.8375,81.9625,28601626.0
2020-06-18,81.9175,82.4275,81.37,81.9975,24205096.0
2020-06-19,82.725,83.205,80.3525,81.495,66118952.0
2020-06-22,81.9,83.93,81.8525,83.7825,33861316.0
2020-06-23,85.065,87.16,84.6325,85.6975,53038869.0
2020-06-24,85.315,86.2625,83.695,84.08,48155849.0
2020-06-25,84.24,85.315,83.4575,85.275,34380628.0
2020-06-26,85.1675,85.395,82.32,82.4725,51314211.0
2020-06-29,82.3775,84.6075,81.885,84.51,32661519.0
2020-06-30,84.085,85.56,84.065,85.265,35055821.0
2020-07-01,85.345,85.905,85.0425,85.0925,27684309.0
2020-07-02,86.0275,86.6825,84.975,85.0925,28510367.0
2020-07-06,86.565,88.01,86.5325,87.5275,29663913.0
2020-07-07,87.9175,88.72,87.1225,87.2375,28106114.0
2020-07-08,88.245,89.44,88.155,89.4075,29272970.0
2020-07-09,90.3275,90.3825,88.7375,89.7475,31410652.0
2020-07-10,89.4,90.045,88.77,89.985,22564330.0
2020-07-13,91.33,94.02,89.3225,89.5425,47912285.0
2020-07-14,88.905,91.32,87.9425,91.1225,42747341.0
2020-07-15,93.055,93.3125,90.555,91.79,38299483.0
2020-07-16,90.6275,91.47,89.97,90.5875,27644418.0
2020-07-17,91.0525,91.2125,89.905,90.3925,23046725.0
2020-07-20,90.4825,92.565,90.1275,92.4225,22579477.0
2020-07-21,93.2375,93.315,90.8075,91.065,25911459.0
2020-07-22,90.7575,92.04,90.6675,91.3375,22250413.0
2020-07-23,91.0625,91.1425,86.075,86.91,49251108.0
2020-07-24,85.0525,87.035,83.21,86.68,46359716.0
2020-07-27,87.775,88.97,87.545,88.875,30303548.0
2020-07-28,88.4325,88.615,87.3125,87.3175,25906375.0
2020-07-29,87.815,89.295,87.7775,89.105,22582314.0
2020-07-30,88.2525,90.3625,87.8325,90.255,39532505.0
2020-07-31,96.95,100.48,94.89,100.325,93573867.0
2020-08-03,102.265,105.7025,101.9575,103.0025,77037847.0
2020-08-04,103.1975,104.855,102.4525,103.73,43198092.0
2020-08-05,103.4425,104.4575,102.9625,104.1275,30497988.0
2020-08-06,104.47,108.4775,103.8625,107.9675,50607225.0
2020-08-07,107.475,107.945,104.5625,105.3825,49511403.0
2020-08-10,106.87,108.045,104.27,106.9975,53100856.0
2020-08-11,106.24,106.7525,103.3775,103.645,46975594.0
2020-08-12,104.7675,107.545,104.5675,107.28,41486205.0
2020-08-13,108.7,110.3125,108.1975,109.28,52520516.0
2020-08-14,109.1,109.27,107.315,109.1775,41391302.0
2020-08-17,110.3325,110.3575,108.2325,108.8775,29890361.0
2020-08-18,108.6225,110.27,108.2775,109.8325,26408385.0
2020-08-19,110.2525,111.4325,109.88,109.9775,36384502.0
2020-08-20,110.02,112.6625,110.0025,112.545,31726797.0
2020-08-21,113.5325,119.1375,113.52,118.64,84513660.0
2020-08-24,122.9675,123.055,118.2075,120.1275,86484442.0
2020-08-25,118.9675,119.45,117.3225,119.095,52873947.0
2020-08-26,120.45,121.2625,119.3525,120.7925,40755567.0
2020-08-27,121.4125,121.755,118.1025,119.28,38888096.0
2020-08-28,120.2825,120.7125,118.8475,119.0775,46907479.0
2020-08-31,121.85,125.27,120.27,123.31,225702688.0
2020-09-01,127.03,129.07,124.8,128.45,152470142.0
2020-09-02,131.86,132.25,121.27,125.67,200118991.0
2020-09-03,121.18,123.11,114.77,115.15,257599640.0
2020-09-04,114.34,117.97,105.16,115.23,332607168.0
2020-09-08,108.22,113.26,106.95,107.09,231366563.0
2020-09-09,111.53,113.41,109.53,111.59,176940455.0
2020-09-10,114.63,114.77,106.77,107.76,182274391.0
2020-09-11,108.84,109.5,104.27,106.27,180860325.0
2020-09-14,108.99,110.2,107.07,109.63,140150087.0
2020-09-15,112.6,113.1,107.88,109.81,184642039.0
2020-09-16,109.5,110.27,106.31,106.4,155026675.0
2020-09-17,103.99,106.47,102.98,104.61,178010968.0
2020-09-18,104.67,105.15,100.36,101.11,287104880.0
2020-09-21,98.81,104.46,97.37,104.35,195713815.0
2020-09-22,106.95,107.13,103.43,106.08,183055373.0
2020-09-23,105.89,106.38,101.04,101.39,150718671.0
2020-09-24,99.44,104.52,99.27,102.49,167743349.0
2020-09-25,102.7,106.71,101.94,106.55,149981441.0
2020-09-28,109.28,109.59,107.05,109.23,137672403.0
2020-09-29,108.82,109.58,107.84,108.36,100060526.0
2020-09-30,108.06,111.53,107.89,110.08,142675184.0
2020-10-01,111.91,111.99,110.1,111.06,116120440.0
2020-10-02,107.16,109.64,106.49,107.29,144711986.0
2020-10-05,108.18,110.92,107.82,110.77,106243839.0
2020-10-06,109.97,110.39,106.52,107.43,161498212.0
2020-10-07,108.89,109.82,108.4,109.35,96848985.0
2020-10-08,110.52,110.67,108.86,109.24,83477153.0
2020-10-09,109.55,111.27,109.19,111.24,100506865.0
2020-10-12,114.33,119.45,113.55,118.67,240226769.0
2020-10-13,119.54,119.66,113.92,115.37,262330451.0
2020-10-14,115.27,117.3,113.89,115.46,151062308.0
2020-10-15,112.99,115.47,112.42,114.98,112559219.0
2020-10-16,115.55,115.82,113.08,113.29,115393808.0
2020-10-19,114.23,114.69,109.93,110.25,120639337.0
2020-10-20,110.47,113.25,109.9,111.78,124423728.0
2020-10-21,110.94,112.98,110.72,111.14,89945980.0
2020-10-22,111.72,112.31,108.86,110.02,101987954.0
2020-10-23,110.66,110.82,108.55,109.31,82572645.0
2020-10-26,108.28,110.82,107.15,109.32,111850657.0
2020-10-27,109.76,111.55,108.81,110.87,92276772.0
2020-10-28,109.32,109.7,105.37,105.47,143937823.0
2020-10-29,106.64,111.2,106.47,109.59,146129173.0
2020-10-30,105.33,106.26,101.99,103.13,190573476.0
2020-11-02,103.38,104.95,101.59,103.04,122866899.0
2020-11-03,103.93,105.76,103.0,104.71,107624448.0
2020-11-04,108.41,109.86,106.62,109.22,138235482.0
2020-11-05,112.22,113.89,111.14,113.3,126387074.0
2020-11-06,112.795,113.675,110.605,113.165,114457922.0
2020-11-09,114.975,116.465,110.525,110.795,154515315.0
2020-11-10,110.025,112.065,108.605,110.445,138023390.0
2020-11-11,111.665,114.105,110.915,113.965,112294954.0
2020-11-12,114.095,115.005,113.045,113.685,103350674.0
2020-11-13,113.915,114.145,112.345,113.735,81688586.0
2020-11-16,113.395,115.465,112.625,114.775,91183018.0
2020-11-17,114.025,115.145,113.435,113.865,74270973.0
2020-11-18,113.085,114.295,112.475,112.505,76322111.0
2020-11-19,112.065,113.535,111.285,113.115,74112972.0
2020-11-20,113.115,113.245,111.765,111.815,73604287.0
2020-11-23,111.655,112.095,108.225,108.325,127959318.0
2020-11-24,108.385,110.325,107.065,109.645,113874218.0
2020-11-25,110.025,111.225,109.645,110.505,76499234.0
2020-11-27,111.045,111.965,110.695,111.065,46691331.0
2020-11-30,111.445,115.445,111.285,113.525,169410176.0
2020-12-01,115.485,117.945,114.485,117.195,128166803.0
2020-12-02,116.495,117.845,115.365,117.555,89004195.0
2020-12-03,117.995,118.255,116.685,117.415,78967630.0
2020-12-04,117.075,117.335,115.995,116.725,78260421.0
2020-12-07,116.785,119.045,116.725,118.225,86711990.0
2020-12-08,118.845,119.455,117.565,118.855,82225512.0
2020-12-09,119.005,120.425,115.475,116.255,115089193.0
2020-12-10,114.975,118.345,114.625,117.715,81312170.0
2020-12-11,116.905,117.235,115.025,116.885,86939786.0
2020-12-14,117.075,117.825,116.015,116.255,79075988.0
2020-12-15,118.815,122.375,118.605,122.355,157572262.0
2020-12-16,121.885,122.845,121.035,122.285,98208591.0
2020-12-17,123.375,124.055,122.515,123.175,94359811.0
2020-12-18,123.435,123.575,120.595,121.135,192541496.0
2020-12-21,119.495,122.785,117.925,122.705,121251553.0
2020-12-22,126.085,128.885,124.125,126.355,169351825.0
2020-12-23,126.635,126.905,125.255,125.435,88223692.0
2020-12-24,125.795,127.935,125.575,126.445,54930064.0
2020-12-28,128.465,131.815,127.985,131.165,124486237.0
2020-12-29,132.525,133.265,128.815,129.345,121047324.0
2020-12-30,130.055,130.465,127.875,128.195,96452124.0
2020-12-31,128.555,129.215,126.195,127.165,99116586.0
2021-01-04,127.995,128.085,121.235,123.885,143224253.0
2021-01-05,123.365,126.215,122.905,125.485,97664898.0
2021-01-06,122.195,125.525,120.855,121.075,155087970.0
2021-01-07,122.835,126.105,122.335,125.395,109578157.0
2021-01-08,126.905,127.105,124.705,126.525,105158245.0
2021-01-11,123.665,124.645,122.975,123.455,100620880.0
2021-01-12,122.975,124.165,121.335,123.275,91951145.0
2021-01-13,123.235,125.925,122.965,125.365,88636831.0
2021-01-14,125.275,125.475,123.235,123.385,90221755.0
2021-01-15,123.255,124.695,121.475,121.615,111598531.0
2021-01-19,122.255,123.185,121.415,122.305,90757329.0
2021-01-20,123.135,126.965,123.025,126.505,104319489.0
2021-01-21,128.275,134.145,128.065,131.345,120529544.0
2021-01-22,130.755,134.325,129.495,133.545,114459360.0
2021-01-25,137.545,139.565,131.015,137.395,157611713.0
2021-01-26,138.075,138.775,135.845,137.635,98390555.0
2021-01-27,137.905,138.775,134.885,136.535,140843759.0
2021-01-28,133.995,136.465,131.175,131.565,142621128.0
2021-01-29,130.305,131.215,124.685,126.435,177523812.0
2021-02-01,128.225,129.855,125.405,128.615,106239823.0
2021-02-02,130.205,130.785,129.085,129.465,83305367.0
2021-02-03,130.235,130.245,128.085,128.415,89880937.0
2021-02-04,130.775,131.875,129.065,131.865,84183061.0
2021-02-05,132.03,132.1,130.54,131.44,75693830.0
2021-02-08,130.71,131.64,129.6,131.59,71297214.0
2021-02-09,131.3,132.56,130.53,130.69,76774213.0
2021-02-10,131.16,131.67,129.08,130.07,73046563.0
2021-02-11,130.58,131.07,128.45,129.81,64280029.0
2021-02-12,129.03,130.21,128.37,130.05,60145130.0
2021-02-16,130.17,130.69,127.47,127.87,80576316.0
2021-02-17,125.93,126.9,124.15,125.52,98085249.0
2021-02-18,123.88,124.68,122.09,124.39,96856748.0
2021-02-19,124.92,125.39,123.48,124.55,87668834.0
2021-02-22,122.69,124.4,120.28,120.68,103916419.0
2021-02-23,118.44,121.39,113.07,120.54,158273022.0
2021-02-24,119.62,120.24,116.91,120.03,111039904.0
2021-02-25,119.36,121.14,115.22,115.67,148199540.0
2021-02-26,117.27,119.53,115.88,115.94,164560394.0
2021-03-01,118.43,122.61,117.47,122.47,116307892.0
2021-03-02,123.09,123.4,119.69,119.8,102260945.0
2021-03-03,119.49,120.39,116.52,116.74,112966340.0
2021-03-04,116.43,118.28,113.3,114.81,178154975.0
2021-03-05,115.66,116.62,112.25,116.1,153766601.0
2021-03-08,115.61,115.68,110.89,111.04,154376610.0
2021-03-09,113.71,116.74,113.47,115.76,129525780.0
2021-03-10,116.37,116.85,114.13,114.66,111943326.0
2021-03-11,117.22,117.89,115.94,116.64,103026514.0
2021-03-12,115.08,115.85,113.84,115.71,88105050.0
2021-03-15,116.09,118.68,115.1,118.67,92590555.0
2021-03-16,120.38,121.9,119.4,120.25,115227936.0
2021-03-17,118.73,120.54,117.02,119.44,111932636.0
2021-03-18,117.56,117.86,115.0,115.21,121469755.0
2021-03-19,114.58,116.11,114.36,114.67,185549522.0
2021-03-22,115.01,118.55,114.94,118.07,111912284.0
2021-03-23,118.01,118.92,116.82,117.22,95467142.0
2021-03-24,117.5,117.58,114.75,114.77,88530485.0
2021-03-25,114.22,116.34,113.68,115.27,98844681.0
2021-03-26,115.03,116.16,113.6,115.89,94071234.0
2021-03-29,116.33,117.26,115.41,116.07,80819203.0
2021-03-30,114.79,115.08,113.54,114.58,85671919.0
2021-03-31,116.33,118.2,115.83,116.83,118323826.0
2021-04-01,118.34,118.86,117.17,117.68,75089134.0
2021-04-05,118.55,120.84,117.75,120.58,88651175.0
2021-04-06,121.18,121.81,120.33,120.89,80171253.0
2021-04-07,120.51,122.6,119.82,122.58,83466716.0
2021-04-08,123.63,125.07,123.2,125.04,88844591.0
2021-04-09,124.48,127.72,124.15,127.68,106686703.0
2021-04-12,127.2,127.53,125.31,125.92,91419983.0
2021-04-13,127.12,129.34,126.61,129.11,91266545.0
2021-04-14,129.62,129.68,126.34,126.71,87222782.0
2021-04-15,128.5,129.68,128.32,129.18,89347102.0
2021-04-16,128.98,129.35,127.96,128.84,84922386.0
2021-04-19,128.19,130.15,128.02,129.52,94264215.0
2021-04-20,129.7,130.21,126.49,127.79,94812349.0
2021-04-21,127.04,128.43,125.98,128.18,68847136.0
2021-04-22,127.72,128.83,126.09,126.62,84566456.0
2021-04-23,126.84,129.8,126.84,129.0,78756779.0
2021-04-26,129.51,129.74,128.24,129.4,66905069.0
2021-04-27,129.69,130.09,128.79,129.07,66015804.0
2021-04-28,128.99,129.7,127.76,128.26,107760097.0
2021-04-29,131.15,131.75,127.13,128.16,151100953.0
2021-04-30,126.46,128.24,125.75,126.14,109839466.0
2021-05-03,126.72,128.75,126.51,127.22,75135100.0
2021-05-04,125.87,126.17,121.38,122.53,137564718.0
2021-05-05,123.88,125.13,122.65,122.78,84000900.0
2021-05-06,122.57,124.43,121.81,124.42,78128334.0
2021-05-07,125.75,126.16,124.37,125.11,78973273.0
2021-05-10,124.31,124.44,121.71,121.75,88071229.0
2021-05-11,118.4,121.17,117.67,120.81,126142826.0
2021-05-12,118.3,119.54,117.15,117.67,112172282.0
2021-05-13,119.48,121.05,119.16,119.87,105861339.0
2021-05-14,121.15,122.79,120.75,122.35,81917951.0
2021-05-17,121.72,121.83,120.07,121.17,74244624.0
2021-05-18,121.46,121.89,119.68,119.75,63342929.0
2021-05-19,118.06,119.82,117.76,119.59,92611989.0
2021-05-20,120.13,122.62,120.0,122.21,76857123.0
2021-05-21,122.72,122.9,120.11,120.33,79295436.0
2021-05-24,120.91,122.84,120.84,122.0,63092945.0
2021-05-25,122.72,123.22,121.22,121.8,72009482.0
2021-05-26,121.86,122.29,121.32,121.75,56575920.0
2021-05-27,121.34,122.54,119.98,120.18,94625601.0
2021-05-28,120.47,120.7,119.45,119.51,71311109.0
2021-06-01,119.98,120.25,118.84,119.18,67637118.0
2021-06-02,119.18,120.14,118.95,119.96,59278862.0
2021-06-03,119.58,119.75,118.03,118.44,76229170.0
2021-06-04,118.97,121.06,118.75,120.79,75169343.0
2021-06-07,121.07,121.22,119.73,120.8,71057550.0
2021-06-08,121.5,123.36,121.11,121.64,74403774.0
2021-06-09,122.11,122.65,121.42,122.03,56877937.0
2021-06-10,121.92,123.09,120.84,121.01,71186421.0
2021-06-11,121.43,122.34,121.0,122.25,53522373.0
2021-06-14,122.72,125.44,121.97,125.38,96906490.0
2021-06-15,124.84,125.5,124.29,124.54,62746332.0
2021-06-16,125.27,125.79,123.36,125.05,91815026.0
2021-06-17,124.7,127.45,124.55,126.69,96721669.0
2021-06-18,125.61,126.41,125.14,125.36,108953309.0
2021-06-21,125.2,127.31,124.11,127.2,79663316.0
2021-06-22,127.03,128.98,126.52,128.88,74783618.0
2021-06-23,128.67,129.22,128.13,128.6,60214200.0
2021-06-24,129.35,129.54,127.83,128.31,68710998.0
2021-06-25,128.36,128.79,127.71,128.01,70783746.0
2021-06-28,128.31,130.15,128.25,129.68,62111303.0
2021-06-29,129.7,131.39,129.25,131.23,64556081.0
2021-06-30,131.07,132.31,130.77,131.86,63261393.0
2021-07-01,131.5,132.23,130.66,132.17,52485781.0
2021-07-02,132.8,134.9,132.65,134.86,78945572.0
2021-07-06,134.97,138.05,134.97,136.92,108181793.0
2021-07-07,138.44,139.79,137.56,139.47,104911589.0
2021-07-08,136.48,138.96,135.56,138.14,105575458.0
2021-07-09,137.65,140.55,137.55,140.01,99890800.0
2021-07-12,141.11,141.22,138.9,139.4,76299719.0
2021-07-13,138.93,142.36,138.53,140.54,100827099.0
2021-07-14,143.0,144.47,142.58,144.05,127050785.0
2021-07-15,144.14,144.9,141.99,143.38,106820297.0
2021-07-16,143.36,144.66,140.78,141.29,93251426.0
2021-07-19,138.65,138.97,136.57,137.35,121434571.0
2021-07-20,138.36,142.0,137.86,141.05,96350036.0
2021-07-21,140.43,141.03,139.53,140.3,74993460.0
2021-07-22,140.84,143.09,140.71,141.7,77338156.0
2021-07-23,142.45,143.62,141.82,143.46,71447416.0
2021-07-26,143.17,144.73,142.6,143.89,72434089.0
2021-07-27,144.02,144.11,140.45,141.67,104818578.0
2021-07-28,139.71,141.87,137.44,139.88,118931191.0
2021-07-29,139.59,141.45,139.48,140.54,56699475.0
2021-07-30,139.28,141.23,139.01,140.76,70440626.0
2021-08-02,141.26,141.85,140.15,140.42,62879961.0
2021-08-03,140.71,142.94,140.08,142.26,64786618.0
2021-08-04,142.17,142.69,141.18,141.85,56368271.0
2021-08-05,141.88,142.74,141.07,141.96,46397674.0
2021-08-06,141.47,142.23,140.75,141.26,54126813.0
2021-08-09,141.32,141.82,140.64,141.21,48908689.0
2021-08-10,141.56,142.83,140.42,140.72,69023081.0
2021-08-11,141.17,141.84,140.65,140.98,48493463.0
2021-08-12,141.31,144.17,140.96,144.01,73779113.0
2021-08-13,144.09,144.56,143.39,144.22,59375009.0
2021-08-16,143.66,146.31,141.59,146.24,103558782.0
2021-08-17,145.35,146.8,144.21,145.31,92229735.0
2021-08-18,144.92,145.84,141.27,141.48,86325990.0
2021-08-19,140.15,143.12,139.62,141.82,86960310.0
2021-08-20,142.56,143.62,141.9,143.31,60549630.0
2021-08-23,143.43,145.31,143.01,144.83,60131810.0
2021-08-24,144.57,145.98,144.27,144.74,48606428.0
2021-08-25,144.93,145.44,142.92,143.48,58991297.0
2021-08-26,143.47,144.24,142.63,142.66,48597195.0
2021-08-27,142.6,143.87,141.95,143.72,55802388.0
2021-08-30,144.12,148.61,143.73,148.24,90956723.0
2021-08-31,147.78,147.92,146.41,146.95,86453117.0
2021-09-01,147.95,150.1,147.46,147.63,80313711.0
2021-09-02,148.99,149.84,147.52,148.77,71171317.0
2021-09-03,148.88,149.75,148.21,149.42,57866066.0
2021-09-07,150.09,152.38,149.51,151.81,82278261.0
2021-09-08,152.1,152.16,149.09,150.23,74420207.0
2021-09-09,150.61,151.23,149.07,149.19,57305730.0
2021-09-10,150.12,150.6,143.82,144.09,140893235.0
2021-09-13,145.75,146.54,143.87,144.67,102404329.0
2021-09-14,145.47,146.19,142.03,143.24,109296295.0
2021-09-15,143.68,144.56,141.49,144.15,83281315.0
2021-09-16,143.56,144.09,142.34,143.91,68034149.0
2021-09-17,143.94,143.94,140.88,141.18,129868824.0
2021-09-20,138.92,139.96,136.39,138.06,123478863.0
2021-09-21,139.05,139.72,137.9,138.55,75833962.0
2021-09-22,139.57,141.55,138.82,140.97,76404341.0
2021-09-23,141.77,142.2,140.76,141.95,64838170.0
2021-09-24,140.78,142.59,140.68,142.04,53477869.0
2021-09-27,140.59,141.08,138.94,140.49,74150729.0
2021-09-28,138.37,139.87,136.81,137.03,108972340.0
2021-09-29,137.59,139.57,137.15,137.95,74602044.0
2021-09-30,138.78,139.5,136.4,136.62,89056664.0
2021-10-01,137.02,138.04,134.23,137.77,94639581.0
2021-10-04,136.88,137.33,133.39,134.26,98322008.0
2021-10-05,134.61,137.36,134.48,136.23,80861062.0
2021-10-06,134.59,137.27,133.49,137.12,83221119.0
2021-10-07,138.18,139.34,137.84,138.41,61732656.0
2021-10-08,139.15,139.3,137.68,138.02,58773155.0
2021-10-11,137.39,139.93,136.93,137.93,64452219.0
2021-10-12,138.35,138.37,136.16,136.63,73035859.0
2021-10-13,136.36,136.52,134.32,136.03,78762721.0
2021-10-14,137.23,139.0,136.63,138.88,69907100.0
2021-10-15,138.89,140.02,138.63,139.96,67940334.0
2021-10-18,138.56,141.96,138.28,141.67,85589175.0
2021-10-19,142.13,144.29,141.67,143.88,76378894.0
2021-10-20,143.82,144.87,143.24,144.38,58418788.0
2021-10-21,143.93,144.76,142.99,144.6,61420990.0
2021-10-22,144.81,145.3,143.76,143.81,58883443.0
2021-10-25,143.8,144.49,142.74,143.76,50720556.0
2021-10-26,144.45,145.96,144.13,144.44,60893395.0
2021-10-27,144.48,144.85,143.61,143.97,56094929.0
2021-10-28,144.94,148.28,144.84,147.69,100077888.0
2021-10-29,142.34,145.06,141.53,144.92,124953168.0
2021-11-01,144.11,144.82,142.92,144.08,74588258.0
2021-11-02,143.78,146.69,143.77,145.14,69121987.0
2021-11-03,145.51,147.09,144.94,146.61,54511534.0
2021-11-04,146.7,147.55,145.76,146.08,60394616.0
2021-11-05,147.23,147.54,145.4,146.62,65463883.0
2021-11-08,146.75,146.91,145.5,145.78,55020868.0
2021-11-09,145.54,146.77,145.4,146.15,56787930.0
2021-11-10,145.36,145.47,143.19,143.26,65187092.0
2021-11-11,144.3,144.77,143.02,143.21,40999950.0
2021-11-12,143.77,145.74,142.82,145.33,63804008.0
2021-11-15,145.71,147.22,144.77,145.34,59222803.0
2021-11-16,145.28,146.83,144.68,146.34,59256210.0
2021-11-17,146.34,150.34,146.33,148.83,88807000.0
2021-11-18,149.05,154.01,148.39,153.21,137827673.0
2021-11-19,152.99,156.36,151.87,155.89,117305597.0
2021-11-22,157.02,161.04,156.34,156.36,117467889.0
2021-11-23,156.46,157.14,154.4,156.75,96041899.0
2021-11-24,156.09,157.48,154.98,157.28,69463623.0
2021-11-26,154.91,155.79,151.7,152.15,76959752.0
2021-11-29,154.71,156.53,154.13,155.58,88748217.0
2021-11-30,155.33,160.86,155.26,160.64,174048056.0
2021-12-01,162.82,165.64,159.87,160.11,152423003.0
2021-12-02,154.08,159.54,153.14,159.1,136739174.0
2021-12-03,159.36,160.3,155.06,157.18,118023116.0
2021-12-06,159.63,163.22,159.62,160.66,107496982.0
2021-12-07,164.42,166.92,163.68,166.52,120405352.0
2021-12-08,167.47,171.3,166.04,170.42,116998901.0
2021-12-09,170.25,172.09,169.26,169.9,108923739.0
2021-12-10,170.55,174.97,170.03,174.79,115402731.0
2021-12-13,176.46,177.47,170.87,171.08,153237019.0
2021-12-14,170.59,173.08,167.55,169.67,139380382.0
2021-12-15,170.45,174.84,167.65,174.64,131063257.0
2021-12-16,174.62,176.48,166.09,167.6,150185843.0
2021-12-17,165.27,168.81,165.03,166.48,195923441.0
2021-12-20,163.62,165.92,162.8,165.09,107499114.0
2021-12-21,166.9,168.54,164.46,168.33,91185905.0
2021-12-22,168.38,171.2,167.49,170.98,92135303.0
2021-12-23,171.19,172.19,170.61,171.62,68356567.0
2021-12-27,172.43,175.76,172.41,175.67,74919582.0
2021-12-28,175.5,176.67,173.87,174.63,79144339.0
2021-12-29,174.67,175.97,173.48,174.72,62348931.0
2021-12-30,174.81,175.91,173.43,173.54,59773014.0
2021-12-31,173.43,174.57,172.6,172.91,64062261.0
2022-01-03,173.17,178.22,173.05,177.35,104701220.0
2022-01-04,177.97,178.28,174.46,175.04,99310438.0
2022-01-05,174.95,175.51,169.98,170.26,94537602.0
2022-01-06,168.04,170.64,166.98,167.34,96903955.0
2022-01-07,168.23,169.48,166.37,167.51,86709147.0
2022-01-10,164.42,167.84,163.51,167.53,106765552.0
2022-01-11,167.66,170.52,166.16,170.42,76138312.0
2022-01-12,171.46,172.52,170.16,170.87,74805173.0
2022-01-13,171.12,171.96,167.13,167.53,84505760.0
2022-01-14,166.7,169.12,166.43,168.41,80440780.0
2022-01-18,166.85,167.88,164.75,165.14,91168729.0
2022-01-19,165.34,166.42,161.28,161.57,94814990.0
2022-01-20,162.32,165.02,159.52,159.85,91420515.0
2022-01-21,159.76,161.67,157.64,157.75,122848858.0
2022-01-24,155.36,157.64,150.04,156.96,162706686.0
2022-01-25,154.32,158.1,152.36,155.12,115798367.0
2022-01-26,158.84,159.73,153.16,155.03,108275308.0
2022-01-27,157.79,159.18,153.62,154.56,121954638.0
2022-01-28,161.05,165.69,158.14,165.67,179935660.0
2022-01-31,165.5,170.34,164.85,170.12,115541590.0
2022-02-01,169.35,170.18,167.65,169.95,86213911.0
2022-02-02,170.09,171.22,168.67,171.18,84914256.0
2022-02-03,169.82,171.58,167.46,168.24,89418074.0
2022-02-04,167.24,169.66,166.24,167.95,82465400.0
2022-02-07,168.42,169.51,166.51,167.22,77251204.0
2022-02-08,167.29,170.91,166.99,170.39,74829217.0
2022-02-09,171.61,172.21,170.46,171.84,71285038.0
2022-02-10,169.7,171.04,167.11,167.68,90865899.0
2022-02-11,167.89,168.64,163.6,164.2,98670687.0
2022-02-14,162.93,165.14,162.12,164.44,86185530.0
2022-02-15,166.53,168.51,165.81,168.35,64286320.0
2022-02-16,167.41,168.9,165.61,168.11,61177398.0
2022-02-17,166.59,167.47,164.03,164.44,69589344.0
2022-02-18,165.38,166.1,161.75,162.86,82772674.0
2022-02-22,160.54,162.25,157.71,159.88,91162758.0
2022-02-23,161.1,161.71,155.31,155.63,90009247.0
2022-02-24,148.14,158.41,147.56,158.3,141147540.0
2022-02-25,159.4,160.68,156.43,160.41,91974222.0
2022-02-28,158.62,160.98,157.99,160.68,95056629.0
2022-03-01,160.26,162.16,157.53,158.76,83474425.0
2022-03-02,159.95,162.92,158.51,162.12,79724750.0
2022-03-03,164.03,164.47,161.11,161.79,76678441.0
2022-03-04,160.05,161.11,157.66,158.73,83819592.0
2022-03-07,158.92,160.58,154.6,154.86,96418845.0
2022-03-08,154.38,158.44,151.36,153.0,131148280.0
2022-03-09,157.03,158.97,154.97,158.51,91454905.0
2022-03-10,155.76,155.95,151.54,154.08,105342033.0
2022-03-11,154.49,154.84,150.06,150.29,96970102.0
2022-03-14,147.01,149.68,145.66,146.18,108732111.0
2022-03-15,146.46,151.13,145.94,150.65,92964302.0
2022-03-16,152.61,155.56,150.02,155.15,102300157.0
2022-03-17,154.17,156.56,153.19,156.18,75615376.0
2022-03-18,156.07,160.04,155.32,159.54,123511692.0
2022-03-21,159.07,161.91,158.57,160.94,95811352.0
2022-03-22,161.07,164.98,160.47,164.38,81532007.0
2022-03-23,163.55,168.2,163.21,165.77,98062674.0
2022-03-24,166.62,169.7,165.77,169.63,90131418.0
2022-03-25,169.44,170.84,168.31,170.28,80546156.0
2022-03-28,167.73,171.29,167.56,171.16,90371916.0
2022-03-29,172.25,174.57,171.9,174.52,100589440.0
2022-03-30,174.11,175.17,172.26,173.33,92633154.0
2022-03-31,173.4,173.59,169.96,170.17,103049285.0
2022-04-01,169.59,170.44,167.5,169.87,78751328.0
2022-04-04,170.13,174.05,170.0,174.0,76545983.0
2022-04-05,173.06,173.86,169.98,170.62,73401786.0
2022-04-06,167.92,169.19,165.69,167.39,89058782.0
2022-04-07,166.72,168.92,165.41,167.7,77594650.0
2022-04-08,167.34,167.34,164.76,165.65,76575508.0
2022-04-11,164.27,164.59,161.06,161.31,72246706.0
2022-04-12,163.58,165.43,162.2,163.22,79265181.0
2022-04-13,162.95,166.6,162.33,165.96,70618925.0
2022-04-14,166.18,166.83,160.6,160.85,75329376.0
2022-04-18,159.48,162.16,159.13,160.63,69023941.0
2022-04-19,160.58,163.38,159.47,162.96,67723833.0
2022-04-20,164.32,164.44,161.66,162.79,67929814.0
2022-04-21,164.47,167.09,161.47,161.98,87227768.0
2022-04-22,162.02,163.43,157.06,157.35,84882424.0
2022-04-25,156.68,158.73,154.02,158.44,96046376.0
2022-04-26,157.81,157.9,152.28,152.36,95623240.0
2022-04-27,151.47,155.35,150.94,152.13,88063191.0
2022-04-28,154.81,160.08,154.49,159.2,130216792.0
2022-04-29,157.4,161.76,152.81,153.21,131747571.0
2022-05-02,152.27,153.79,148.83,153.52,123055265.0
2022-05-03,153.71,156.27,151.88,155.04,88966526.0
2022-05-04,155.23,162.04,154.82,161.58,108256503.0
2022-05-05,159.41,159.64,150.51,152.33,130525275.0
2022-05-06,151.8,155.23,149.97,153.07,116124647.0
2022-05-09,150.72,151.62,147.28,147.85,131577921.0
2022-05-10,151.31,152.53,148.72,150.3,115366736.0
2022-05-11,149.29,151.24,141.6,142.29,142689825.0
2022-05-12,138.56,141.99,134.59,138.35,182602041.0
2022-05-13,140.38,143.89,138.9,142.9,113990852.0
2022-05-16,141.34,143.31,139.97,141.33,86643781.0
2022-05-17,144.65,145.56,142.47,145.03,78336254.0
2022-05-18,142.64,143.15,135.69,136.61,109742890.0
2022-05-19,135.67,137.45,132.39,133.14,136095640.0
2022-05-20,134.88,136.49,128.4,133.38,137426125.0
2022-05-23,133.58,139.05,133.44,138.9,117726265.0
2022-05-24,136.6,137.76,133.12,136.15,104132746.0
2022-05-25,134.22,137.58,134.13,136.31,92482696.0
2022-05-26,133.18,140.13,132.93,139.57,90601548.0
2022-05-27,141.18,145.47,141.05,145.43,90978503.0
2022-05-31,144.86,146.45,142.63,144.63,103718416.0
2022-06-01,145.69,147.53,143.47,144.5,74286635.0
2022-06-02,143.62,147.06,142.65,147.0,72348055.0
2022-06-03,142.69,143.76,140.25,141.17,88570289.0
2022-06-06,142.82,144.36,140.69,141.93,71598380.0
2022-06-07,140.14,144.79,139.89,144.5,67808150.0
2022-06-08,144.37,145.66,143.25,143.75,53950201.0
2022-06-09,142.87,143.74,138.32,138.43,69472976.0
2022-06-10,136.07,136.55,132.85,132.92,91566637.0
2022-06-13,128.66,130.99,127.23,127.67,122207099.0
2022-06-14,128.92,129.68,127.27,128.55,84784326.0
2022-06-15,130.08,133.13,127.95,131.22,91532972.0
2022-06-16,127.87,128.18,124.83,125.85,107961508.0
2022-06-17,125.86,128.87,125.6,127.35,134520290.0
2022-06-21,129.21,132.85,129.11,131.66,81000488.0
2022-06-22,130.58,133.55,129.7,131.14,73409234.0
2022-06-23,132.61,134.38,131.42,134.06,72433768.0
2022-06-24,135.69,137.7,135.56,137.45,89116837.0
2022-06-27,138.48,139.28,136.76,137.45,70207908.0
2022-06-28,137.92,139.21,133.11,133.23,67315328.0
2022-06-29,133.25,136.46,132.46,135.02,66242411.0
2022-06-30,133.04,134.16,129.56,132.51,98964467.0
2022-07-01,131.83,134.83,131.45,134.72,71051552.0
2022-07-05,133.56,137.4,132.72,137.35,73429641.0
2022-07-06,137.14,139.91,136.87,138.71,74064254.0
2022-07-07,139.08,142.34,139.07,142.14,66253709.0
2022-07-08,141.05,143.34,140.79,142.83,64547798.0
2022-07-11,141.46,142.43,139.57,140.66,63305113.0
2022-07-12,141.55,144.24,140.84,141.65,77588759.0
2022-07-13,138.78,142.24,137.91,141.28,71185560.0
2022-07-14,139.87,144.74,139.04,144.26,78140744.0
2022-07-15,145.57,146.65,143.99,145.96,76259931.0
2022-07-18,146.53,147.36,142.49,142.86,81420868.0
2022-07-19,143.71,147.02,142.7,146.79,82982367.0
2022-07-20,146.91,149.51,146.16,148.83,64823413.0
2022-07-21,150.29,151.36,147.73,151.14,65086636.0
2022-07-22,151.18,152.07,149.2,149.88,66675408.0
2022-07-25,149.8,150.83,148.07,148.74,53623945.0
2022-07-26,148.05,148.88,146.59,147.39,55138691.0
2022-07-27,148.37,153.12,147.95,152.58,78620688.0
2022-07-28,152.77,153.43,150.2,153.14,81378731.0
2022-07-29,157.03,159.42,155.29,158.3,101786860.0
2022-08-01,156.8,159.38,156.68,157.3,67829379.0
2022-08-02,155.89,158.2,155.42,155.8,59907025.0
2022-08-03,156.63,162.38,156.54,161.92,82507488.0
2022-08-04,161.8,162.98,160.22,161.6,55474144.0
2022-08-05,159.23,161.87,159.02,161.37,56696985.0
2022-08-08,162.39,163.83,160.22,160.89,60362338.0
2022-08-09,160.04,161.84,159.27,160.94,63135503.0
2022-08-10,163.7,165.36,162.92,165.26,70170540.0
2022-08-11,166.08,167.01,164.21,164.51,57149159.0
2022-08-12,165.84,168.19,165.42,168.12,68039382.0
2022-08-15,167.54,169.41,167.37,169.21,54091694.0
2022-08-16,168.8,169.73,167.68,169.05,56377050.0
2022-08-17,168.79,172.17,168.59,170.57,79542037.0
2022-08-18,169.77,170.92,169.14,170.17,62290075.0
2022-08-19,169.05,169.76,167.33,167.54,70346295.0
2022-08-22,165.71,165.88,163.16,163.59,69026809.0
2022-08-23,163.1,164.73,162.67,163.25,54147079.0
2022-08-24,163.34,164.13,162.27,163.55,53841524.0
2022-08-25,164.8,166.16,164.37,166.05,51218209.0
2022-08-26,166.59,167.07,159.58,159.64,78960980.0
2022-08-29,157.17,158.92,155.84,157.4,73313953.0
2022-08-30,158.15,158.58,153.74,154.93,77906197.0
2022-08-31,156.33,156.6,153.16,153.24,87991091.0
2022-09-01,152.66,154.44,150.69,153.98,74229896.0
2022-09-02,155.77,156.38,150.99,151.83,76957768.0
2022-09-06,152.49,153.11,149.71,150.55,73714843.0
2022-09-07,150.84,152.69,149.63,151.98,87449574.0
2022-09-08,150.66,152.38,148.7,150.48,84923847.0
2022-09-09,151.49,153.84,150.77,153.39,68081006.0
2022-09-12,155.61,160.28,155.32,159.45,104955962.0
2022-09-13,155.92,156.56,149.39,149.86,122656614.0
2022-09-14,150.81,153.12,149.63,151.33,87965409.0
2022-09-15,150.67,151.26,147.4,148.39,90481110.0
2022-09-16,147.23,147.37,144.39,146.72,162278841.0
2022-09-19,145.33,150.58,145.12,150.5,81474246.0
2022-09-20,149.42,154.1,149.1,152.92,107689796.0
2022-09-21,153.36,154.76,149.62,149.74,101696790.0
2022-09-22,148.4,150.49,146.93,148.76,86652542.0
2022-09-23,147.21,147.49,144.58,146.45,96029909.0
2022-09-26,145.68,149.79,145.66,146.79,93339409.0
2022-09-27,148.76,150.74,145.97,147.78,84442741.0
2022-09-28,143.66,146.66,140.86,145.86,146691387.0
2022-09-29,142.12,142.74,136.7,138.5,128138237.0
2022-09-30,137.3,139.12,134.02,134.22,124925274.0
2022-10-03,134.23,139.09,133.71,138.47,114311663.0
2022-10-04,141.05,142.24,140.28,142.12,87830064.0
2022-10-05,140.1,143.4,139.03,142.42,79470968.0
2022-10-06,141.83,143.56,141.24,141.45,68402169.0
2022-10-07,138.56,139.12,135.47,136.11,85925559.0
2022-10-10,136.44,137.91,134.59,136.44,74899002.0
2022-10-11,135.92,137.37,134.24,135.0,77033672.0
2022-10-12,135.15,136.38,134.18,134.36,70433744.0
2022-10-13,131.01,139.61,130.39,139.01,113223975.0
2022-10-14,140.33,140.54,134.21,134.4,88597969.0
2022-10-17,137.09,138.92,136.29,138.43,85250939.0
2022-10-18,141.51,142.72,136.63,139.77,99136610.0
2022-10-19,137.71,140.97,137.52,139.88,61758340.0
2022-10-20,139.04,141.91,138.67,139.41,64521989.0
2022-10-21,138.89,143.87,138.67,143.29,86548609.0
2022-10-24,143.21,146.25,142.02,145.47,75981918.0
2022-10-25,146.11,148.51,145.38,148.36,74732290.0
2022-10-26,146.98,148.01,144.06,145.37,88436172.0
2022-10-27,144.09,145.07,140.15,140.82,109180150.0
2022-10-28,144.22,153.52,143.84,151.76,164762371.0
2022-10-31,149.18,150.26,147.94,149.36,97943171.0
2022-11-01,151.1,151.47,145.15,146.67,80379345.0
2022-11-02,144.97,148.19,141.02,141.05,93604623.0
2022-11-03,138.08,138.82,134.77,134.9,97918516.0
2022-11-04,138.34,138.92,130.63,134.63,140814796.0
2022-11-07,133.36,135.4,131.92,135.17,83374628.0
2022-11-08,136.66,137.68,133.74,135.75,89908477.0
2022-11-09,134.75,134.8,130.84,131.12,74917794.0
2022-11-10,137.49,143.12,135.75,143.12,118854028.0
2022-11-11,142.07,146.26,140.62,145.95,93979665.0
2022-11-14,145.22,146.53,143.68,144.53,73374114.0
2022-11-15,148.47,149.84,144.81,146.29,89868332.0
2022-11-16,145.38,146.12,143.54,145.04,64218266.0
2022-11-17,142.68,147.73,142.4,146.97,80389400.0
2022-11-18,148.56,148.95,146.22,147.54,74829573.0
2022-11-21,146.41,146.62,143.97,144.26,58724070.0
2022-11-22,144.38,146.67,143.18,146.43,51804132.0
2022-11-23,145.7,148.08,145.59,147.32,58301395.0
2022-11-25,144.56,145.13,143.37,144.36,35195860.0
2022-11-28,141.39,142.89,139.63,140.47,69346522.0
2022-11-29,140.54,141.06,136.61,137.42,83763803.0
2022-11-30,137.65,144.97,136.8,144.28,111380880.0
2022-12-01,144.46,145.38,142.86,144.56,71250416.0
2022-12-02,142.21,144.25,141.9,144.06,65447446.0
2022-12-05,144.02,147.17,142.02,142.88,68826442.0
2022-12-06,143.33,143.55,138.17,139.16,64727186.0
2022-12-07,138.44,139.62,136.25,137.19,69721094.0
2022-12-08,138.61,139.77,137.35,138.9,62128338.0
2022-12-09,138.59,141.82,137.15,138.41,76097011.0
2022-12-12,138.95,140.75,137.31,140.74,70462654.0
2022-12-13,145.75,146.22,140.49,141.72,93886161.0
2022-12-14,141.6,142.91,137.41,139.46,82291182.0
2022-12-15,137.36,138.05,132.28,132.75,98931907.0
2022-12-16,132.94,133.9,129.98,130.76,160156900.0
2022-12-19,131.36,131.45,127.57,128.62,79592614.0
2022-12-20,127.64,129.5,126.14,128.55,77432819.0
2022-12-21,129.23,133.06,129.0,131.7,85927993.0
2022-12-22,130.6,130.81,126.55,128.48,77852108.0
2022-12-23,127.17,128.67,125.89,128.11,63814893.0
2022-12-27,127.63,127.66,124.97,126.28,69007830.0
2022-12-28,125.92,127.28,122.12,122.29,85438391.0
2022-12-29,124.24,126.73,123.98,125.86,75703710.0
2022-12-30,124.66,126.2,123.68,126.18,77034209.0
2023-01-03,126.53,127.15,120.42,121.32,112117471.0
2023-01-04,123.14,124.91,121.33,122.61,89113633.0
2023-01-05,123.38,124.02,121.01,121.27,80962708.0
2023-01-06,122.26,126.54,121.14,125.87,87754715.0
2023-01-09,126.72,129.66,126.14,126.4,70790813.0
2023-01-10,126.51,127.51,124.37,126.98,63896155.0
2023-01-11,127.5,129.76,126.71,129.74,69458949.0
2023-01-12,130.13,130.51,127.69,129.66,71379648.0
2023-01-13,128.28,131.17,127.91,131.01,57809719.0
2023-01-17,131.08,133.54,130.38,132.19,63646627.0
2023-01-18,133.07,134.86,131.28,131.46,69672800.0
2023-01-19,130.33,132.5,130.02,131.52,58280413.0
2023-01-20,131.53,134.27,130.47,134.12,80223626.0
2023-01-23,134.37,139.57,134.15,137.36,81760313.0
2023-01-24,136.56,139.41,136.55,138.78,66435142.0
2023-01-25,137.14,138.68,135.06,138.11,65799349.0
2023-01-26,139.42,140.5,138.15,140.21,54105068.0
2023-01-27,139.41,143.48,139.33,142.18,70555843.0
2023-01-30,141.21,141.8,139.1,139.25,64015274.0
2023-01-31,138.95,140.59,138.53,140.54,65874459.0
2023-02-01,140.22,142.86,137.57,141.68,77663633.0
2023-02-02,145.15,147.43,144.42,147.07,118338980.0
2023-02-03,144.28,153.63,144.08,150.75,154357337.0
2023-02-06,148.83,149.35,147.03,147.98,69858306.0
2023-02-07,146.89,151.48,146.89,150.9,83322551.0
2023-02-08,150.13,150.83,147.42,148.17,64120079.0
2023-02-09,150.03,150.58,146.67,147.12,56007143.0
2023-02-10,145.94,147.82,145.7,147.49,57450708.0
2023-02-13,147.43,150.74,147.4,150.33,62199013.0
2023-02-14,148.6,150.25,147.34,149.68,61707573.0
2023-02-15,149.59,151.98,149.36,151.81,65669252.0
2023-02-16,149.99,152.81,149.83,150.19,68167942.0
2023-02-17,148.83,149.48,147.33,149.03,59144118.0
2023-02-21,146.68,147.78,144.89,144.96,58867230.0
2023-02-22,145.35,146.43,143.64,145.39,51011305.0
2023-02-23,146.57,146.82,143.72,145.88,48394249.0
2023-02-24,143.59,143.67,142.2,143.19,55469606.0
2023-02-27,144.19,145.65,143.93,144.4,44998470.0
2023-02-28,143.53,145.56,143.31,143.89,50546998.0
2023-03-01,143.31,143.71,141.49,141.79,55478991.0
2023-03-02,140.86,143.19,140.38,142.39,52279761.0
2023-03-03,144.53,147.59,143.81,147.51,70732297.0
2023-03-06,150.27,152.78,149.94,150.31,87558028.0
2023-03-07,150.18,150.51,147.61,148.08,56182028.0
2023-03-08,149.29,149.95,148.31,149.35,47204791.0
2023-03-09,150.04,151.02,146.71,147.07,53833582.0
2023-03-10,146.69,147.42,144.09,144.98,68572400.0
2023-03-13,144.29,149.62,144.18,146.95,84457122.0
2023-03-14,147.76,149.88,146.58,149.07,73695893.0
2023-03-15,147.67,149.73,146.4,149.47,77167866.0
2023-03-16,148.64,152.94,148.12,152.33,76254419.0
2023-03-17,152.56,153.22,150.76,151.48,98944633.0
2023-03-20,151.55,154.3,150.63,153.88,73641415.0
2023-03-21,153.8,155.88,153.02,155.76,73938285.0
2023-03-22,155.78,158.62,154.29,154.31,75701811.0
2023-03-23,155.31,158.03,154.16,155.41,67622060.0
2023-03-24,155.34,156.82,154.33,156.73,59256343.0
2023-03-27,156.42,157.25,154.35,154.76,52390266.0
2023-03-28,154.45,154.97,152.46,154.13,45992152.0
2023-03-29,155.85,157.53,155.83,157.25,51305691.0
2023-03-30,158.01,158.95,157.75,158.84,49501689.0
2023-03-31,158.92,161.48,158.39,161.38,68749792.0
2023-04-03,160.75,162.77,160.7,162.65,56976187.0
2023-04-04,163.08,163.32,161.59,162.11,46278295.0
2023-04-05,161.22,161.53,158.28,160.24,51511744.0
2023-04-06,158.91,161.44,158.48,161.14,45390123.0
2023-04-10,157.9,158.51,156.56,158.51,47716882.0
2023-04-11,158.83,158.84,156.99,157.28,47644217.0
2023-04-12,157.7,158.54,156.26,156.58,50133062.0
2023-04-13,158.11,162.28,157.9,162.04,68445649.0
2023-04-14,161.07,162.8,160.3,161.69,49386480.0
2023-04-17,161.57,161.87,160.51,161.71,41516217.0
2023-04-18,162.58,163.89,162.13,162.95,49923008.0
2023-04-19,162.28,164.64,162.02,164.11,47720166.0
2023-04-20,162.57,164.35,162.04,163.13,52456377.0
2023-04-21,161.53,162.93,160.97,161.5,58337341.0
2023-04-24,161.48,162.08,160.37,161.81,41949581.0
2023-04-25,161.67,162.79,160.21,160.25,48714063.0
2023-04-26,159.54,161.76,159.28,160.24,45498796.0
2023-04-27,161.67,165.04,161.67,164.89,64902329.0
2023-04-28,164.97,166.33,164.36,166.16,55275851.0
2023-05-01,165.76,166.93,165.12,166.07,52472936.0
2023-05-02,166.57,166.83,164.02,165.02,48425696.0
2023-05-03,165.98,167.4,163.64,163.93,65136018.0
2023-05-04,161.37,163.52,160.79,162.27,81235427.0
2023-05-05,167.46,170.78,167.24,170.05,113453171.0
2023-05-08,168.96,170.33,168.59,169.98,55962793.0
2023-05-09,169.53,170.02,168.08,168.25,45326874.0
2023-05-10,169.5,170.51,168.38,170.04,53724501.0
2023-05-11,170.33,171.07,168.65,170.23,49514676.0
2023-05-12,170.34,170.78,167.72,169.29,45533138.0
2023-05-15,169.88,169.93,168.19,168.79,37266659.0
2023-05-16,168.71,169.86,168.52,168.79,42110293.0
2023-05-17,168.43,169.65,167.14,169.41,57951604.0
2023-05-18,169.72,171.96,169.3,171.77,65496657.0
2023-05-19,173.11,173.11,171.66,171.88,55809475.0
2023-05-22,170.7,171.43,170.17,170.92,43570932.0
2023-05-23,169.85,170.1,168.0,168.28,50747263.0
2023-05-24,167.81,169.14,167.24,168.56,45143488.0
2023-05-25,169.13,170.62,168.41,169.71,56058258.0
2023-05-26,170.04,172.49,169.83,172.15,54834975.0
2023-05-30,173.68,175.71,173.29,174.02,55964401.0
2023-05-31,174.05,176.07,173.48,173.97,99625288.0
2023-06-01,174.42,176.84,173.65,176.81,68901809.0
2023-06-02,177.75,178.5,175.98,177.67,61996913.0
2023-06-05,179.35,181.67,174.76,176.3,121946497.0
2023-06-06,176.69,176.84,174.15,175.93,64848374.0
2023-06-07,175.16,177.93,174.04,174.54,61944615.0
2023-06-08,174.62,177.56,174.18,177.29,50214881.0
2023-06-09,178.22,178.95,177.35,177.68,48899973.0
2023-06-12,177.99,180.61,177.69,180.51,54754995.0
2023-06-13,179.52,180.87,179.16,180.03,54929129.0
2023-06-14,180.09,181.11,178.74,180.67,57462882.0
2023-06-15,180.68,183.24,180.5,182.73,65433166.0
2023-06-16,183.45,183.71,180.99,181.64,101256225.0
2023-06-20,181.13,182.82,181.13,181.73,49799092.0
2023-06-21,181.62,182.13,179.31,180.68,49515697.0
2023-06-22,180.46,183.77,180.39,183.72,51245327.0
2023-06-23,182.27,184.28,181.73,183.4,53116996.0
2023-06-26,183.55,184.77,181.95,181.99,48088661.0
2023-06-27,182.61,185.11,182.39,184.78,50730846.0
2023-06-28,184.65,186.62,184.32,185.97,51216801.0
2023-06-29,185.8,186.79,185.66,186.31,46347308.0
2023-06-30,188.35,191.2,187.98,190.69,85213216.0
2023-07-03,190.5,190.6,188.48,189.18,31458200.0
2023-07-05,188.29,189.7,187.34,188.05,46920261.0
2023-07-06,186.56,188.74,185.92,188.53,45156009.0
2023-07-07,188.13,189.39,186.96,187.4,46814998.0
2023-07-10,185.98,186.71,183.76,185.33,59922163.0
2023-07-11,185.88,186.02,183.32,184.8,46638119.0
2023-07-12,186.4,188.42,185.19,186.49,60750248.0
2023-07-13,187.22,187.91,186.5,187.26,41342338.0
2023-07-14,186.95,187.9,186.35,187.41,41616242.0
2023-07-17,188.62,191.04,188.53,190.71,50520159.0
2023-07-18,190.07,191.05,189.14,190.45,48353774.0
2023-07-19,189.82,194.95,189.37,191.82,80507323.0
2023-07-20,191.81,193.19,189.22,189.85,59581196.0
2023-07-21,190.82,191.69,187.95,188.66,71951683.0
2023-07-24,190.13,191.63,188.97,189.47,45505097.0
2023-07-25,190.05,191.16,189.64,190.34,37283201.0
2023-07-26,190.39,192.36,190.04,191.22,47471868.0
2023-07-27,192.74,193.92,189.27,189.94,47460180.0
2023-07-28,191.39,193.35,190.86,192.55,48291443.0
2023-07-31,192.78,193.21,191.98,193.17,38824113.0
2023-08-01,192.96,193.45,192.0,192.33,35281426.0
2023-08-02,191.76,191.9,188.57,189.3,50389327.0
2023-08-03,188.29,189.09,187.41,187.89,62243282.0
2023-08-04,182.24,184.1,178.64,178.71,115956841.0
2023-08-07,178.85,179.85,174.07,175.57,97576069.0
2023-08-08,176.41,176.99,174.3,176.52,67823003.0
2023-08-09,177.59,177.65,173.73,174.91,60378492.0
2023-08-10,176.2,177.47,174.32,174.69,54686851.0
2023-08-11,174.28,175.58,173.51,174.75,52036672.0
2023-08-14,174.93,176.65,174.27,176.42,43675627.0
2023-08-15,175.84,176.44,174.01,174.41,43622593.0
2023-08-16,174.09,175.5,173.46,173.53,46964857.0
2023-08-17,174.1,174.47,170.44,170.96,66062882.0
2023-08-18,169.26,172.06,168.92,171.45,61172150.0
2023-08-21,172.03,173.09,170.7,172.8,46311879.0
2023-08-22,174.02,174.64,173.21,174.19,42084245.0
2023-08-23,175.48,178.51,175.29,178.08,52722752.0
2023-08-24,177.63,178.06,172.97,173.34,54945798.0
2023-08-25,174.34,176.11,172.78,175.57,51449594.0
2023-08-28,177.05,177.55,175.51,177.15,43820697.0
2023-08-29,176.66,181.86,176.46,181.08,53003948.0
2023-08-30,181.9,184.81,181.7,184.61,60813888.0
2023-08-31,184.8,186.08,184.44,184.83,60794467.0
2023-09-01,186.45,186.88,185.24,186.42,45766503.0
2023-09-05,185.24,186.94,184.57,186.66,45280027.0
2023-09-06,185.36,185.81,178.43,179.87,81755816.0
2023-09-07,172.14,175.17,170.5,174.52,112488803.0
2023-09-08,175.31,177.2,174.75,175.14,65602066.0
2023-09-11,177.03,177.26,174.3,176.32,58953052.0
2023-09-12,176.45,177.09,171.78,173.26,90370192.0
2023-09-13,173.47,174.26,170.94,171.17,84267928.0
2023-09-14,170.96,173.06,170.54,172.7,60895757.0
2023-09-15,173.44,173.46,170.78,171.97,109259461.0
2023-09-18,173.44,176.34,173.13,174.93,67257573.0
2023-09-19,174.48,176.59,174.09,176.03,51826941.0
2023-09-20,176.22,176.66,172.36,172.45,58436181.0
2023-09-21,171.51,173.26,170.82,170.89,63149116.0
2023-09-22,171.63,174.04,171.01,171.75,56725385.0
2023-09-25,171.16,173.93,171.11,173.04,46172740.0
2023-09-26,171.78,172.16,168.62,168.92,64588945.0
2023-09-27,169.58,170.0,166.01,167.39,66921808.0
2023-09-28,166.3,168.99,164.58,167.65,56294419.0
2023-09-29,168.98,170.03,167.3,168.17,51861083.0
2023-10-02,168.18,171.26,167.89,170.71,52164535.0
2023-10-03,169.22,170.59,167.78,169.36,49594613.0
2023-10-04,168.05,171.17,167.93,170.62,53020286.0
2023-10-05,170.75,172.41,169.64,171.87,48527918.0
2023-10-06,170.76,174.95,170.14,174.45,57266675.0
2023-10-09,173.77,176.01,172.76,175.95,42390772.0
2023-10-10,175.06,176.68,174.91,175.35,43698019.0
2023-10-11,175.16,176.81,174.56,176.76,47551098.0
2023-10-12,177.03,179.3,176.0,177.67,56743119.0
2023-10-13,178.38,178.89,175.1,175.81,51456082.0
2023-10-16,173.71,176.04,173.47,175.68,52516984.0
2023-10-17,173.61,175.38,171.76,174.11,57549350.0
2023-10-18,172.54,174.54,172.07,172.8,54764375.0
2023-10-19,173.0,174.8,172.15,172.42,59302863.0
2023-10-20,172.27,172.38,169.6,169.84,64244028.0
2023-10-23,167.87,170.97,166.89,169.96,55980108.0
2023-10-24,170.01,170.63,168.41,170.4,43816509.0
2023-10-25,168.84,170.02,167.61,168.06,57156955.0
2023-10-26,167.33,168.3375,162.63,163.85,70625251.0
2023-10-27,163.87,165.92,163.79,165.18,58499005.0
2023-10-30,165.98,168.13,165.83,167.25,51130941.0
2023-10-31,166.31,167.86,164.86,167.73,44845959.0
2023-11-01,167.96,171.19,167.08,170.93,56934745.0
2023-11-02,172.48,174.74,172.42,174.53,77334576.0
2023-11-03,171.2,173.78,170.31,173.61,79829245.0
2023-11-06,173.34,176.39,173.17,176.19,63840954.0
2023-11-07,176.14,179.4,175.93,178.78,70529898.0
2023-11-08,179.31,180.41,178.55,179.85,49340226.0
2023-11-09,179.92,181.08,178.77,179.37,53762757.0
2023-11-10,181.17,183.765,180.73,183.6,66177922.0
2023-11-13,183.02,183.23,181.41,182.0,43627292.0
2023-11-14,184.9,185.31,183.5,184.64,60108352.0
2023-11-15,185.045,186.7,184.98,185.21,53790272.0
2023-11-16,186.77,188.16,185.85,186.91,54412623.0
2023-11-17,187.45,187.58,185.77,186.89,50941404.0
2023-11-20,187.09,189.105,187.08,188.65,46538598.0
2023-11-21,188.61,188.72,186.94,187.84,38134485.0
2023-11-22,188.69,190.13,188.025,188.51,39630010.0
2023-11-24,188.07,188.1,186.45,187.17,23918892.0
2023-11-27,187.12,187.87,186.1,186.99,40552608.0
2023-11-28,186.98,188.28,186.6,187.6,38415419.0
2023-11-29,188.1,189.29,186.17,186.57,43014224.0
2023-11-30,187.04,187.52,185.39,187.15,48794365.0
2023-12-01,187.53,188.76,186.43,188.44,45704812.0
2023-12-04,187.18,187.25,184.6511,186.63,43389452.0
2023-12-05,187.41,191.6,187.38,190.62,66628301.0
2023-12-06,191.65,191.96,189.31,189.52,41089617.0
2023-12-07,190.83,192.2,190.79,191.47,47477600.0
2023-12-08,191.4,193.19,190.87,192.91,53406187.0
2023-12-11,190.31,190.69,188.62,190.38,60943541.0
2023-12-12,190.28,191.92,188.921,191.91,52696829.0
2023-12-13,192.29,195.2,192.05,195.16,70404177.0
2023-12-14,195.22,196.82,193.36,195.31,66831470.0
2023-12-15,194.73,195.5999,194.2,194.77,128538401.0
2023-12-18,193.29,193.83,191.59,193.09,55751758.0
2023-12-19,193.36,194.15,193.09,194.14,40713979.0
2023-12-20,194.1,194.88,192.03,192.03,52242815.0
2023-12-21,193.3,194.28,190.7,191.88,46482437.0
2023-12-22,192.38,192.61,190.17,190.8,37149566.0
2023-12-26,190.81,191.09,190.03,190.25,28919231.0
2023-12-27,189.69,190.7,188.29,190.35,48087675.0
2023-12-28,191.34,191.86,190.37,190.78,34049893.0
2023-12-29,191.1,191.6,188.925,189.73,42672148.0
2024-01-02,184.35,185.64,181.085,182.84,82488674.0
2024-01-03,181.42,183.08,180.63,181.45,58414447.0
2024-01-04,179.35,180.2872,178.08,179.11,71983557.0
2024-01-05,179.19,179.96,177.37,178.38,62379430.0
2024-01-08,179.285,182.8,178.7,182.76,59144244.0
2024-01-09,181.12,182.35,179.93,182.34,42841575.0
2024-01-10,181.55,183.6,181.12,183.39,46792902.0
2024-01-11,183.74,184.25,180.82,182.79,49128302.0
2024-01-12,183.26,183.94,182.39,183.12,40477750.0
2024-01-16,179.36,181.46,178.134,180.83,65602937.0
2024-01-17,178.47,180.13,177.5,179.88,47317405.0
2024-01-18,183.29,186.34,183.03,185.83,78005668.0
2024-01-19,186.53,189.15,186.02,188.76,68902893.0
2024-01-22,189.5,192.53,189.46,191.09,60133828.0
2024-01-23,192.22,192.95,191.0299,192.38,42355537.0
2024-01-24,192.62,193.58,191.54,191.7,53631306.0
2024-01-25,192.42,193.4675,190.3125,191.37,54822126.0
2024-01-26,191.47,191.96,189.14,189.62,44593815.0
2024-01-29,189.21,189.4,186.78,188.93,47145335.0
2024-01-30,188.14,189.0,184.67,185.24,55859113.0
2024-01-31,184.24,184.295,181.55,181.6,55467788.0
2024-02-01,181.185,184.15,181.02,184.06,64885308.0
2024-02-02,177.06,184.53,176.45,183.05,102551492.0
2024-02-05,185.35,186.45,183.04,184.88,69668790.0
2024-02-06,184.06,186.51,183.9695,186.5,43490752.0
2024-02-07,187.84,188.25,185.81,186.61,53438919.0
2024-02-08,186.585,186.735,184.55,185.52,40961800.0
2024-02-09,186.09,187.43,185.44,186.29,45155208.0
2024-02-12,185.855,186.11,184.23,184.59,41781918.0
2024-02-13,183.21,183.65,180.9528,182.48,56529210.0
2024-02-14,182.76,182.97,179.88,181.59,54630501.0
2024-02-15,180.99,181.93,178.79,181.3,65434476.0
2024-02-16,180.86,182.29,179.105,179.75,49752342.0
2024-02-20,179.23,179.87,177.44,179.0,53665461.0
2024-02-21,179.38,180.3288,178.1,179.76,41529506.0
2024-02-22,180.92,182.395,179.9,181.81,52292207.0
2024-02-23,182.45,182.48,179.67,179.96,45119612.0
2024-02-26,179.68,180.2,178.09,178.6,40867380.0
2024-02-27,178.54,181.3625,177.0,180.07,54318811.0
2024-02-28,179.95,180.56,177.57,178.86,48953923.0
2024-02-29,178.71,180.01,176.97,178.19,136682472.0
2024-03-01,176.99,177.97,174.82,177.1,73563079.0
2024-03-04,173.59,174.34,171.23,172.53,81509778.0
2024-03-05,168.2,169.48,167.06,167.56,95132254.0
2024-03-06,168.5,168.68,166.12,166.56,68587488.0
2024-03-07,166.59,168.17,165.93,166.44,71765061.0
2024-03-08,166.44,171.14,166.38,168.17,76266949.0
2024-03-11,170.38,171.82,169.49,170.19,60139468.0
2024-03-12,170.59,171.47,168.45,170.67,59824896.0
2024-03-13,170.21,170.625,168.2,168.57,52488383.0
2024-03-14,170.35,171.7478,169.49,170.44,72913285.0
2024-03-15,168.61,170.06,167.725,170.06,121752612.0
2024-03-18,173.01,175.15,170.96,171.16,75604154.0
2024-03-19,171.78,174.045,170.47,173.52,55215164.0
2024-03-20,173.16,176.11,172.53,176.11,53423022.0
2024-03-21,174.49,174.93,168.28,168.81,106181174.0
2024-03-22,169.2,170.49,167.5,169.72,71159977.0
2024-03-25,168.005,169.38,166.89,168.29,54288126.0
2024-03-26,167.44,168.86,167.02,167.15,57388243.0
2024-03-27,167.85,171.04,167.55,170.75,60273206.0
2024-03-28,169.19,169.67,167.95,168.92,65672690.0
2024-04-01,168.63,168.69,166.92,167.47,46240500.0
2024-04-02,166.52,166.78,165.67,166.28,49329481.0
2024-04-03,166.23,168.12,166.02,167.09,47691715.0
2024-04-04,167.73,169.36,166.26,166.26,53704386.0
2024-04-05,167.03,167.83,166.39,167.02,42104826.0
2024-04-08,166.47,166.64,165.68,165.89,37425513.0
2024-04-09,166.14,167.52,165.79,167.11,42451209.0
2024-04-10,166.24,166.53,164.55,165.22,49709336.0
2024-04-11,165.78,172.9,165.6,172.48,91070275.0
2024-04-12,171.7,175.8,171.65,173.99,101670886.0
2024-04-15,172.8,174.07,169.94,170.13,73531773.0
2024-04-16,169.19,171.2,165.71,166.82,73711235.0
2024-04-17,167.05,168.09,165.44,165.44,50901210.0
2024-04-18,165.47,166.08,163.99,164.48,43122903.0
2024-04-19,163.65,163.84,161.52,162.44,68149377.0
2024-04-22,162.96,164.7,162.21,163.28,48116443.0
2024-04-23,162.79,164.49,162.36,164.34,49537761.0
2024-04-24,163.98,166.74,163.65,166.46,48251835.0
2024-04-25,166.97,168.05,165.59,167.33,50558329.0
2024-04-26,167.32,168.78,166.62,166.74,44838354.0
2024-04-29,170.81,173.47,170.54,170.94,68169419.0
2024-04-30,170.77,172.43,167.44,167.77,65934776.0
2024-05-01,167.02,170.15,166.55,166.74,50383147.0
2024-05-02,169.95,170.86,168.33,170.47,94214915.0
2024-05-03,184.085,184.44,180.1,180.82,163223714.0
2024-05-06,179.794,181.64,177.86,179.15,78569574.0
2024-05-07,180.89,182.34,178.76,179.84,77305341.0
2024-05-08,180.29,180.51,178.89,180.18,45056899.0
2024-05-09,180.0,182.1,179.55,182.01,48981797.0
2024-05-10,182.59,182.78,179.82,180.74,50759495.0
2024-05-13,183.125,184.79,182.31,183.97,72044733.0
2024-05-14,185.2,185.99,183.98,185.12,52393609.0
2024-05-15,185.6,188.34,185.06,187.41,70399929.0
2024-05-16,188.16,188.785,187.3501,187.53,52845139.0
2024-05-17,187.2,188.5,186.87,187.56,41282905.0
2024-05-20,187.015,189.6099,186.7,188.73,44361266.0
2024-05-21,188.78,190.42,188.6101,190.04,42309399.0
2024-05-22,189.955,190.5131,187.96,188.59,34648342.0
2024-05-23,188.67,188.69,184.315,184.57,51005905.0
2024-05-24,186.51,188.27,185.7304,187.67,36326975.0
2024-05-28,189.2,190.69,186.79,187.68,52279828.0
2024-05-29,187.3,189.937,187.2,187.98,53068004.0
2024-05-30,188.45,189.87,188.32,188.98,49947924.0
2024-05-31,189.13,190.26,187.6,189.94,75158276.0
2024-06-03,190.59,192.68,190.21,191.72,50080442.0
2024-06-04,192.325,193.01,190.7242,192.04,47471127.0
2024-06-05,193.09,194.59,192.56,193.56,54156781.0
2024-06-06,193.375,194.19,191.86,192.17,41181752.0
2024-06-07,192.34,194.63,191.83,194.58,53103885.0
2024-06-10,194.59,194.99,189.84,190.81,97262011.0
2024-06-11,191.34,204.85,191.32,204.84,172373286.0
2024-06-12,205.06,217.89,204.59,210.76,198134281.0
2024-06-13,212.43,214.44,209.29,211.93,97862406.0
2024-06-14,211.54,212.86,208.99,210.18,70122699.0
2024-06-17,211.06,216.64,210.41,214.36,93728290.0
2024-06-18,215.28,216.32,210.69,211.98,79943203.0
2024-06-20,211.62,211.93,206.54,207.37,86172434.0
2024-06-21,208.08,209.58,204.8,205.18,246421144.0
2024-06-24,205.41,210.39,204.28,205.83,80726994.0
2024-06-25,206.84,209.07,206.3,206.76,56713839.0
2024-06-26,209.19,212.55,208.33,210.94,66212994.0
2024-06-27,212.38,213.4295,210.04,211.79,49772706.0
2024-06-28,213.46,213.76,207.99,208.31,82542718.0
2024-07-01,209.78,215.2,209.61,214.44,60402663.0
2024-07-02,213.84,218.07,212.79,217.96,58045870.0
2024-07-03,217.69,219.24,216.72,219.24,37124249.0
2024-07-05,219.34,224.14,219.34,224.03,60412394.0
2024-07-08,224.78,225.54,220.94,225.51,59085858.0
2024-07-09,225.62,227.09,224.0621,226.37,48169810.0
2024-07-10,226.99,230.77,226.94,230.67,62627506.0
2024-07-11,229.08,230.08,223.46,225.26,64710562.0
2024-07-12,226.61,230.33,226.37,228.23,53046495.0
2024-07-15,234.17,234.92,230.78,232.09,62631251.0
2024-07-16,232.69,233.96,230.02,232.51,43234040.0
2024-07-17,227.14,229.1499,224.33,226.57,57345884.0
2024-07-18,227.97,228.13,219.96,221.87,66034513.0
2024-07-19,222.51,224.49,220.965,222.0,49151450.0
2024-07-22,224.7,225.47,220.78,221.65,48201644.0
2024-07-23,222.055,224.63,220.37,222.7,39960256.0
2024-07-24,221.69,222.49,214.82,216.23,61777333.0
2024-07-25,216.62,218.54,212.31,215.18,51390839.0
2024-07-26,216.39,217.18,213.7,215.65,41601145.0
2024-07-29,214.65,216.99,213.44,215.93,36311778.0
2024-07-30,216.88,218.015,213.81,216.49,41643559.0
2024-07-31,219.13,221.51,218.32,219.77,50036262.0
2024-08-01,222.06,222.17,214.71,216.05,62500976.0
2024-08-02,216.84,223.29,215.4,217.55,105568452.0
2024-08-05,196.78,211.19,193.69,206.96,119548525.0
2024-08-06,202.99,207.68,198.76,204.92,69660455.0
2024-08-07,204.59,211.33,204.08,207.51,63516009.0
2024-08-08,210.8,211.89,206.52,211.0,47161022.0
2024-08-09,209.79,214.47,209.66,213.93,42201622.0
2024-08-12,214.01,217.4499,213.54,215.47,38028092.0
2024-08-13,216.95,219.83,216.95,219.21,44155331.0
2024-08-14,218.51,220.97,217.64,219.66,41960574.0
2024-08-15,222.54,223.29,220.7,222.66,46413923.0
2024-08-16,221.86,224.7671,221.5901,223.99,44340011.0
2024-08-19,223.66,223.93,220.98,223.83,40687787.0
2024-08-20,223.71,225.11,223.39,224.45,30298722.0
2024-08-21,224.46,225.92,222.99,224.34,34765326.0
2024-08-22,225.73,226.28,221.84,222.47,43695246.0
2024-08-23,223.5989,226.16,222.27,224.78,38677245.0
2024-08-26,224.7,225.22,221.8305,225.12,30602162.0
2024-08-27,223.935,226.79,222.83,225.97,35934550.0
2024-08-28,225.86,227.8,223.62,224.43,38052009.0
2024-08-29,228.04,230.86,226.82,227.73,51906147.0
2024-08-30,228.13,228.34,225.42,226.94,52990754.0
2024-09-03,226.49,226.94,219.11,220.71,50190496.0
2024-09-04,219.6,219.72,215.42,218.79,43840185.0
2024-09-05,219.565,223.42,219.46,220.32,36615398.0
2024-09-06,221.89,223.18,217.71,218.76,48422989.0
2024-09-09,218.76,219.21,214.65,218.85,67179964.0
2024-09-10,216.86,219.42,214.67,218.05,51590919.0
2024-09-11,219.395,221.03,215.83,220.6,44587072.0
2024-09-12,220.44,221.49,217.76,220.71,37498225.0
2024-09-13,221.52,221.98,219.85,220.44,36766529.0
2024-09-16,214.48,215.16,211.86,214.26,59357427.0
2024-09-17,213.69,214.84,212.44,214.73,45519339.0
2024-09-18,215.49,220.65,215.48,218.63,59894927.0
2024-09-19,222.93,227.76,222.57,226.81,66781310.0
2024-09-20,227.91,231.03,225.56,226.14,318679842.0
2024-09-23,225.28,227.39,223.75,224.41,54145958.0
2024-09-24,226.585,227.29,223.67,225.31,43556024.0
2024-09-25,222.87,225.23,221.96,224.31,42308665.0
2024-09-26,225.24,226.44,223.35,225.46,36636697.0
2024-09-27,226.4,227.46,225.24,225.73,34025897.0
2024-09-30,227.98,230.94,227.59,230.94,54793382.0
2024-10-01,227.46,227.59,221.68,224.15,63284925.0
2024-10-02,223.83,225.31,220.96,224.72,32880300.0
2024-10-03,223.08,224.745,221.26,223.61,34044127.0
2024-10-04,225.84,225.94,222.07,224.74,37345068.0
2024-10-07,222.44,223.63,219.27,219.63,39505338.0
2024-10-08,222.24,223.92,221.19,223.71,31855693.0
2024-10-09,223.17,227.69,222.77,227.48,33590963.0
2024-10-10,225.72,227.44,225.11,226.98,28183544.0
2024-10-11,227.24,227.35,225.28,225.49,31759187.0
2024-10-14,226.64,229.67,226.54,229.24,39881968.0
2024-10-15,231.55,235.43,230.31,231.79,64751367.0
2024-10-16,229.54,230.06,227.78,229.72,34082213.0
2024-10-17,231.37,231.79,228.46,230.09,32993610.0
2024-10-18,234.12,234.12,231.95,232.94,46431468.0
2024-10-21,232.39,234.79,232.39,234.42,36254409.0
2024-10-22,231.825,234.16,230.54,233.8,38846363.0
2024-10-23,232.02,233.084,225.7,228.7,52286739.0
2024-10-24,227.92,228.76,226.35,228.51,31109443.0
2024-10-25,227.68,231.16,227.51,229.35,38801850.0
2024-10-28,231.26,232.67,230.49,231.34,36086980.0
2024-10-29,231.04,232.265,230.26,231.61,35417159.0
2024-10-30,230.55,231.41,227.49,228.04,47070907.0
2024-10-31,227.28,227.77,223.31,223.85,64370085.0
2024-11-01,218.905,223.29,218.21,220.85,65276720.0
2024-11-04,218.93,220.73,217.65,219.95,44944242.0
2024-11-05,219.735,221.89,219.08,221.39,28111331.0
2024-11-06,220.55,224.005,219.13,220.66,54561121.0
2024-11-07,222.565,225.815,222.51,225.42,42137616.0
2024-11-08,225.36,226.85,224.595,225.15,38328770.0
2024-11-11,223.44,224.14,219.94,222.67,42005304.0
2024-11-12,222.99,224.03,221.795,222.67,40398181.0
2024-11-13,222.45,225.09,221.2,223.56,48566217.0
2024-11-14,223.46,227.31,223.44,226.66,44923426.0
2024-11-15,224.84,225.36,222.71,223.44,47923639.0
2024-11-18,223.69,228.18,223.61,226.46,44685799.0
2024-11-19,225.42,228.6,225.1,226.72,36211357.0
2024-11-20,226.5,228.37,224.33,227.44,35169566.0
2024-11-21,227.32,228.595,224.1503,226.96,42108253.0
2024-11-22,226.5,229.1599,226.5,228.31,38167924.0
2024-11-25,229.9,231.685,228.18,231.31,90152830.0
2024-11-26,231.77,234.01,231.77,233.5,45986189.0
2024-11-27,232.905,234.13,232.2501,233.37,33498051.0
2024-11-29,233.245,236.25,232.41,235.77,28234830.0
2024-12-02,235.71,239.23,235.6,238.03,48136919.0
2024-12-03,238.25,241.2,237.34,241.09,38860816.0
2024-12-04,241.31,242.55,239.69,241.45,44383930.0
2024-12-05,242.43,242.98,240.57,241.48,40033859.0
2024-12-06,241.345,243.07,240.52,241.28,36870617.0
2024-12-09,240.27,245.68,240.19,245.19,44649231.0
2024-12-10,245.33,246.65,243.78,246.21,36914707.0
2024-12-11,246.4,249.24,244.7001,244.93,45205620.0
2024-12-12,245.33,247.18,244.12,246.4,32777525.0
2024-12-13,246.255,247.7302,244.68,246.57,33155207.0
2024-12-16,246.43,249.82,246.09,249.48,51694654.0
2024-12-17,248.52,252.27,248.22,251.92,51356319.0
2024-12-18,250.6,252.72,246.18,246.49,56774097.0
2024-12-19,245.94,250.44,245.5349,248.23,60882204.0
2024-12-20,246.48,253.44,244.13,252.93,147495266.0
2024-12-23,253.21,254.09,251.89,253.71,40858774.0
2024-12-24,253.93,256.65,253.73,256.64,20968585.0
2024-12-26,256.63,258.54,256.07,257.46,27262774.0
2024-12-27,256.27,257.14,251.5,254.03,42355256.0
2024-12-30,250.67,251.94,249.19,250.64,35557542.0
2024-12-31,250.88,251.72,247.87,248.86,39480442.0
2025-01-02,247.37,247.54,240.2601,242.29,55740727.0
2025-01-03,241.8,242.62,240.33,241.8,40244098.0
2025-01-06,242.75,245.77,241.64,243.44,45045570.0
2025-01-07,241.42,243.99,239.79,240.65,40855888.0
2025-01-08,240.36,242.1523,238.49,241.14,37628938.0
2025-01-10,238.45,238.6,231.44,235.29,61710839.0
2025-01-13,231.97,233.11,228.16,232.84,49630589.0
2025-01-14,233.19,234.56,230.912,231.72,39435194.0
2025-01-15,233.075,237.4,232.87,236.31,39831968.0
2025-01-16,235.79,236.45,226.47,226.7,71758956.0
2025-01-17,230.555,230.73,226.92,228.42,68488066.0
2025-01-21,222.44,222.86,217.82,221.08,98070285.0
2025-01-22,218.23,222.56,218.23,222.27,64126500.0
2025-01-23,223.18,225.47,220.74,222.1,60234680.0
2025-01-24,223.22,224.07,219.85,221.22,54697821.0
2025-01-27,222.46,230.59,222.42,228.3,94863311.0
2025-01-28,229.29,238.63,229.25,236.7,75707549.0
2025-01-29,232.56,238.295,232.45,237.8,45486094.0
2025-01-30,237.105,239.23,235.65,236.03,55658036.0
2025-01-31,245.63,245.63,231.88,234.44,101075110.0
2025-02-03,228.43,230.27,224.14,226.45,73063240.0
2025-02-04,225.69,231.57,225.09,231.24,45067234.0
2025-02-05,226.97,231.11,226.71,230.91,39664953.0
2025-02-06,229.725,232.24,228.865,231.66,29924943.0
2025-02-07,231.04,232.44,225.7,226.07,39707148.0
2025-02-10,228.26,229.275,225.89,226.34,33115573.0
2025-02-11,226.89,233.92,226.82,231.31,53717894.0
2025-02-12,229.89,235.65,229.37,235.56,45242936.0
2025-02-13,235.6,241.0299,234.26,240.22,53614052.0
2025-02-14,239.94,244.24,239.68,243.29,40896125.0
2025-02-18,242.84,243.87,240.53,243.16,48822355.0
2025-02-19,243.35,244.7,241.8504,243.56,32204015.0
2025-02-20,243.63,245.47,242.98,244.52,32316907.0
2025-02-21,244.64,247.38,243.91,244.24,53197360.0
2025-02-24,243.615,247.55,243.11,245.79,51326021.0
2025-02-25,246.69,248.69,243.6,245.73,48013196.0
2025-02-26,243.02,243.67,237.82,239.05,44433359.0
2025-02-27,238.1,241.15,235.75,235.99,41153349.0
2025-02-28,235.64,240.78,228.89,240.53,56833310.0
2025-03-03,240.48,242.7172,234.802,236.72,47183985.0
2025-03-04,236.395,238.76,233.37,234.62,53797735.0
2025-03-05,234.11,235.24,227.92,234.43,47227643.0
2025-03-06,233.125,236.55,231.8481,234.02,45170419.0
2025-03-07,233.795,240.06,233.45,237.76,46273564.0
2025-03-10,234.23,234.85,222.91,226.17,72070924.0
2025-03-11,222.495,224.5299,216.14,219.53,76137395.0
2025-03-12,218.83,220.44,213.6,215.67,62546947.0
2025-03-13,214.64,215.5294,207.11,208.37,61368329.0
2025-03-14,209.94,212.64,208.27,212.18,60107524.0
2025-03-17,212.0,213.91,208.66,212.69,48073426.0
2025-03-18,212.85,213.84,210.18,211.38,42432426.0
2025-03-19,212.91,217.45,212.44,213.93,54385154.0
2025-03-20,212.68,216.1799,210.91,212.79,48862686.0
2025-03-21,210.25,217.53,209.97,216.96,94127168.0
2025-03-24,219.69,220.17,217.27,219.42,44299481.0
2025-03-25,219.46,222.79,218.77,222.44,34493551.0
2025-03-26,222.2,223.71,219.16,220.22,34532656.0
2025-03-27,220.08,223.68,219.2501,222.54,37094774.0
2025-03-28,220.36,222.5,216.37,216.59,39818617.0
2025-03-31,215.695,224.31,214.92,220.82,65299321.0
2025-04-01,218.495,222.37,217.59,221.88,36412484.0
2025-04-02,220.005,223.88,219.71,222.58,35905778.0
2025-04-03,204.23,206.18,199.94,201.88,103418657.0
2025-04-04,192.58,198.57,186.03,187.07,125910308.0
2025-04-07,175.89,192.84,173.31,180.15,160466254.0
2025-04-08,185.39,189.025,167.9001,171.11,120859488.0
2025-04-09,170.64,199.3,170.58,197.54,184395885.0
2025-04-10,187.755,193.4699,181.69,189.11,121879825.0
2025-04-11,184.79,198.23,184.75,196.84,87435811.0
2025-04-14,210.13,211.63,199.8521,201.21,101352816.0
2025-04-15,200.545,202.2,198.49,200.83,51343832.0
2025-04-16,197.05,199.39,191.06,192.96,59732310.0
2025-04-17,195.89,197.5235,193.11,195.67,52164583.0
2025-04-21,191.955,192.49,188.5012,191.85,46742537.0
2025-04-22,194.81,200.28,194.66,198.43,52975852.0
2025-04-23,204.69,206.69,201.489,203.29,52929145.0
2025-04-24,203.58,207.5199,201.63,207.06,47310928.0
2025-04-25,205.055,208.44,204.89,207.97,38222233.0
2025-04-28,208.69,210.19,206.15,208.83,38742989.0
2025-04-29,207.383,210.93,207.06,209.9,36827481.0
2025-04-30,207.99,212.27,205.3605,211.19,52286229.0
2025-05-01,207.77,213.25,207.59,212.01,57365674.0
2025-05-02,204.78,205.68,200.85,204.04,101010494.0
2025-05-05,201.79,202.79,196.9,197.58,69018393.0
2025-05-06,196.9,199.34,195.71,197.2,51216428.0
2025-05-07,197.86,198.13,191.94,194.94,68616943.0
2025-05-08,196.41,198.74,193.3696,196.18,50478522.0
2025-05-09,197.69,199.2299,196.225,197.22,36453822.0
2025-05-12,209.92,210.2179,205.7,209.74,63775814.0
2025-05-13,209.38,212.35,207.95,211.88,51909319.0
2025-05-14,211.38,212.89,209.5301,211.28,49325595.0
2025-05-15,209.9,211.91,208.49,210.4,45029441.0
2025-05-16,211.31,211.52,208.72,210.21,54737779.0
2025-05-19,206.86,208.43,203.21,207.73,46140474.0
2025-05-20,206.62,207.42,203.98,205.81,42496414.0
2025-05-21,204.12,205.99,199.66,201.04,59211623.0
2025-05-22,199.66,201.7,198.65,200.31,46742407.0
2025-05-23,192.615,196.65,192.41,194.22,78432849.0
2025-05-27,197.25,199.69,196.38,199.16,56288417.0
2025-05-28,199.54,201.68,198.85,199.37,45339533.0
2025-05-29,202.525,202.76,197.46,198.9,51477938.0
2025-05-30,198.32,200.91,195.73,199.8,70819942.0
2025-06-02,199.23,201.08,199.07,200.65,35423023.0
2025-06-03,200.3,202.72,199.905,202.22,46381267.0
2025-06-04,201.86,205.19,201.05,201.77,43603984.0
2025-06-05,202.45,203.7,199.1,199.58,55220483.0
2025-06-06,201.95,204.65,201.0,202.87,46607044.0
2025-06-09,203.34,204.95,198.97,200.4,72862557.0
2025-06-10,199.55,203.3,199.52,201.62,54672478.0
2025-06-11,202.45,203.45,197.36,197.73,60989806.0
2025-06-12,198.03,198.63,196.3101,198.15,43904219.0
2025-06-13,198.68,199.32,194.65,195.4,51447344.0
2025-06-16,196.25,197.635,195.5136,197.37,43020685.0
2025-06-17,196.15,197.34,194.16,194.59,38855812.0
2025-06-18,194.89,196.52,194.02,195.53,45394686.0
2025-06-20,197.185,200.65,195.805,199.95,96813485.0
2025-06-23,200.575,201.25,197.91,200.45,55814122.0
2025-06-24,201.54,202.39,199.15,199.25,54063931.0
2025-06-25,200.4,202.62,199.5701,200.51,39525728.0
2025-06-26,200.38,201.59,198.41,199.95,50799041.0
2025-06-27,200.84,202.17,198.95,200.03,73188396.0
2025-06-30,200.96,206.34,198.2107,204.12,91912798.0
2025-07-01,205.615,209.1365,205.0901,206.77,78788866.0
2025-07-02,207.86,212.29,207.09,211.39,67941811.0
2025-07-03,211.095,213.6,210.7601,212.5,34707833.0
2025-07-07,211.63,215.18,207.75,208.9,50228959.0
2025-07-08,209.05,210.38,207.4,208.96,42848928.0
2025-07-09,208.48,210.28,206.17,210.09,48749277.0
2025-07-10,209.455,212.43,208.98,211.36,44443614.0
2025-07-11,209.515,211.08,208.81,210.11,39765734.0
2025-07-14,208.875,209.86,206.49,207.57,38840111.0
2025-07-15,208.17,210.84,207.87,208.06,42296339.0
2025-07-16,209.245,211.35,207.59,209.11,47490530.0
2025-07-17,209.52,210.75,208.54,208.97,48068141.0
2025-07-18,209.82,210.74,208.6545,210.13,48974588.0
2025-07-21,211.05,214.73,210.58,211.43,51377358.0
2025-07-22,212.09,213.9,211.1801,213.35,46403972.0
2025-07-23,213.95,214.1,211.36,213.1,46989272.0
2025-07-24,212.85,214.64,212.48,212.71,46022620.0
2025-07-25,213.65,214.19,212.35,212.83,40268686.0
2025-07-28,212.98,213.795,212.01,213.0,37857992.0
2025-07-29,213.125,213.76,209.77,210.22,51411721.0
2025-07-30,210.845,211.34,206.67,208.0,45512393.0
2025-07-31,207.44,208.79,206.11,206.52,80698392.0
2025-08-01,209.815,212.53,200.45,201.33,104434472.0
2025-08-04,203.455,206.83,200.625,202.3,75109291.0
2025-08-05,202.35,204.29,201.11,201.87,44154854.0
2025-08-06,204.58,214.33,204.54,212.2,108483103.0
2025-08-07,217.825,219.8,215.53,218.98,90224834.0
2025-08-08,219.78,229.95,218.2,228.3,113853412.0
2025-08-11,227.13,228.77,223.97,226.39,61806086.0
2025-08-12,227.215,230.01,226.28,228.86,55672299.0
2025-08-13,230.28,234.21,229.64,232.54,69878545.0
2025-08-14,233.265,234.33,230.06,231.99,51916242.0
2025-08-15,233.21,233.49,228.545,230.8,56038587.0
2025-08-18,230.91,232.33,229.32,230.1,37476149.0
2025-08-19,230.485,232.08,228.56,229.77,39402455.0
2025-08-20,229.19,229.68,224.98,225.22,42263854.0
2025-08-21,225.48,225.73,222.9904,224.11,30620838.0
2025-08-22,225.38,228.3,224.62,226.97,42477803.0
2025-08-25,225.69,228.51,225.44,226.37,30983024.0
2025-08-26,226.08,228.7,223.9,228.52,54574913.0
2025-08-27,227.82,230.11,227.47,229.7,31259478.0
2025-08-28,230.03,232.62,228.545,231.77,38074679.0
2025-08-29,231.72,232.59,230.58,231.35,39418268.0
2025-09-02,228.46,230.06,226.18,228.93,44075552.0
2025-09-03,236.42,238.06,233.57,237.68,66427742.0
2025-09-04,237.66,239.1099,235.95,238.99,47549396.0
2025-09-05,239.205,240.53,237.7001,238.9,54870397.0
2025-09-08,238.51,239.36,235.55,237.09,48999440.0
2025-09-09,236.21,237.9905,232.57,233.56,66313868.0
2025-09-10,231.395,231.63,225.16,226.0,83440810.0
2025-09-11,226.085,229.66,225.86,229.24,50207866.0
2025-09-12,228.43,233.72,228.23,233.28,55824075.0
2025-09-15,236.21,237.4,234.24,235.91,42699514.0
2025-09-16,236.385,240.43,235.5335,237.36,63421098.0
2025-09-17,238.18,239.31,236.9401,238.2,46508017.0
2025-09-18,239.18,240.41,235.86,237.09,44249563.0
2025-09-19,240.435,245.51,239.4206,244.71,163741269.0
2025-09-22,247.51,255.85,247.33,255.29,105517415.0
2025-09-23,255.085,256.55,252.79,253.64,60275126.0
2025-09-24,254.43,254.95,250.25,251.52,42303706.0
2025-09-25,252.415,256.38,250.922,256.08,55202013.0
2025-09-26,253.305,256.81,252.99,254.67,46076136.0
2025-09-29,253.77,254.21,252.22,253.64,40127520.0
2025-09-30,254.065,255.129,252.32,253.84,37703571.0
2025-10-01,254.25,258.0,254.14,254.66,48713820.0
2025-10-02,255.785,257.39,253.36,256.34,42630179.0
2025-10-03,253.875,258.45,253.16,257.23,49155614.0
2025-10-06,257.2,258.28,254.26,255.9,44664081.0
2025-10-07,256.015,256.61,254.64,255.69,31955297.0
2025-10-08,255.73,257.73,255.32,257.27,36496845.0
2025-10-09,257.015,257.21,252.35,253.25,38321900.0
2025-10-10,254.15,255.59,243.21,244.48,61999050.0
2025-10-13,248.59,248.9,244.77,246.87,38142755.0
2025-10-14,245.81,248.055,243.91,246.98,35477865.0
2025-10-15,248.695,251.03,246.68,248.55,33893577.0
2025-10-16,247.46,248.25,244.34,246.66,39776781.0
2025-10-17,247.23,252.59,246.48,251.5,49146662.0
2025-10-20,255.095,263.585,254.84,261.45,90483005.0
2025-10-21,261.09,264.5,261.04,261.98,46695671.0
2025-10-22,261.86,262.06,254.64,257.66,45015182.0
2025-10-23,259.15,259.83,257.2201,258.79,32754925.0
2025-10-24,260.4,263.34,258.39,262.03,38253714.0
2025-10-27,264.09,268.33,263.8601,268.02,44888152.0
2025-10-28,268.195,269.1,267.36,268.21,41534759.0
2025-10-29,268.485,270.62,266.32,268.91,51086687.0
2025-10-30,271.2,273.35,267.69,270.61,69886534.0
2025-10-31,276.2,276.53,268.37,269.58,86167061.0
2025-11-03,269.63,270.06,265.46,268.26,50194575.0
2025-11-04,267.535,270.696,266.825,269.25,49274846.0
2025-11-05,267.82,270.91,266.14,269.35,43682531.0
2025-11-06,267.1,272.61,267.1,268.98,51203783.0
2025-11-07,269.005,271.5,265.98,267.68,48227176.0
2025-11-10,268.43,273.2,266.925,268.9,41312151.0
2025-11-11,269.28,275.38,269.27,274.72,46208200.0
2025-11-12,274.47,275.2,271.17,272.94,48397981.0
2025-11-13,273.58,276.169,271.56,272.42,49602754.0
2025-11-14,270.52,275.43,269.07,271.88,47431331.0
2025-11-17,268.285,269.96,265.2,266.93,45018260.0
2025-11-18,269.46,270.18,264.79,266.91,45677169.0
2025-11-19,264.995,271.68,264.97,268.03,40424414.0
2025-11-20,270.3,274.9,265.39,265.72,45823540.0
2025-11-21,265.42,272.8,265.14,270.96,59030832.0
2025-11-24,270.37,276.47,270.37,275.39,65585613.0
2025-11-25,274.74,279.85,274.72,276.44,46914220.0
2025-11-26,276.43,279.0,276.1,277.02,33431421.0
2025-11-28,276.73,278.47,275.4565,278.32,19039075.0
2025-12-01,277.48,282.89,275.61,282.57,46587722.0
2025-12-02,282.47,286.87,282.1001,285.66,53669393.0
2025-12-03,285.67,288.09,282.77,283.62,43538674.0
2025-12-04,283.565,284.2,278.06,280.17,43989031.0
2025-12-05,280.01,280.61,277.52,278.25,47265691.0
2025-12-08,277.6,279.1393,275.62,277.36,38211741.0
2025-12-09,277.63,279.5,276.39,276.65,32192972.0
2025-12-10,277.22,279.22,275.91,278.25,33038011.0
2025-12-11,278.565,279.06,273.28,277.5,33247766.0
2025-12-12,277.37,278.69,276.29,277.75,39532668.0
2025-12-15,279.62,279.62,272.31,273.58,50409068.0
2025-12-16,272.29,274.97,271.26,274.08,37648627.0
2025-12-17,274.48,275.63,271.11,271.31,50138466.0
2025-12-18,273.075,273.1,266.42,271.66,51630473.0
2025-12-19,271.615,274.07,269.37,273.14,144631573.0
2025-12-22,272.33,273.35,269.975,270.44,36571827.0
2025-12-23,270.31,271.97,269.03,271.83,29641997.0
2025-12-24,271.81,274.9,271.665,273.28,17133225.0
2025-12-26,273.63,274.84,272.33,272.87,21521796.0
2025-12-29,272.16,273.83,271.82,273.23,23714986.0
2025-12-30,272.28,273.55,271.75,272.55,22139615.0
2025-12-31,272.53,273.15,271.22,271.33,27293584.0
2026-01-02,271.725,277.31,268.47,270.48,37838054.0
2026-01-05,270.11,270.98,265.61,266.73,45647185.0
2026-01-06,266.47,267.02,261.59,261.83,52352090.0
2026-01-07,262.67,263.15,259.28,259.8,48309414.0
2026-01-08,256.49,258.76,255.17,258.51,50419336.0
2026-01-09,258.545,259.68,255.69,258.84,39996966.0
2026-01-12,258.63,260.77,256.27,259.72,45263372.0
2026-01-13,258.19,261.28,257.86,260.52,45730796.0
2026-01-14,258.96,261.29,256.18,259.43,40019349.0
2026-01-15,260.12,260.51,256.52,257.68,39388475.0
2026-01-16,257.37,258.37,254.4,255.0,72142772.0
2026-01-20,252.2,254.26,242.89,246.17,80267504.0
2026-01-21,248.17,251.03,244.65,247.12,54641725.0
2026-01-22,248.67,250.47,247.62,247.82,39708293.0
2026-01-23,246.79,248.88,244.15,247.51,41688953.0
2026-01-26,250.95,256.03,249.27,254.88,55969183.0
2026-01-27,258.64,261.42,257.68,257.74,49648271.0
2026-01-28,257.12,258.325,253.98,255.91,41287969.0
2026-01-29,257.47,259.12,253.88,257.75,67252891.0
2026-01-30,254.635,261.3699,251.65,258.95,92443303.0
2026-02-02,259.5,269.96,258.675,269.48,73913423.0
2026-02-03,268.67,271.345,267.08,268.95,64394650.0
2026-02-04,271.755,278.42,271.755,275.96,90545398.0
2026-02-05,277.6,278.97,272.7,275.38,52977396.0
2026-02-06,276.59,280.375,276.395,277.59,50453279.0
2026-02-09,277.635,277.93,271.43,274.35,44623355.0
2026-02-10,274.615,275.1,272.67,273.41,34376605.0
2026-02-11,274.425,279.91,274.18,275.23,51931208.0
2026-02-12,275.32,275.45,259.91,261.46,81077219.0
2026-02-13,261.74,261.96,255.18,255.51,56290673.0
2026-02-17,257.78,266.02,255.27,263.61,58468913.0
2026-02-18,263.33,266.55,262.18,264.08,34202996.0
2026-02-19,262.33,264.21,259.78,260.31,30845258.0
2026-02-20,258.7,264.48,257.89,264.31,42070374.0
2026-02-23,263.22,269.16,263.111,265.91,37308000.0
2026-02-24,267.59,274.62,267.44,271.87,47014549.0
2026-02-25,271.51,274.67,270.78,273.96,33714222.0
2026-02-26,274.675,275.84,270.525,272.68,32345105.0
2026-02-27,272.54,272.54,262.62,263.91,72366505.0
2026-03-02,262.14,266.26,259.93,264.45,41827920.0
2026-03-03,263.21,265.29,259.86,263.48,38568896.0
2026-03-04,264.38,265.88,261.15,262.25,39802859.0
2026-03-05,260.52,261.285,256.98,260.02,49658509.0
2026-03-06,258.36,258.5,254.1,257.19,41119995.0
2026-03-09,255.42,260.88,253.4105,259.61,38218531.0
2026-03-10,257.375,262.21,256.68,260.56,30590691.0
2026-03-11,260.82,261.86,259.28,260.54,26218534.0
2026-03-12,258.39,258.68,253.91,255.49,40793922.0
2026-03-13,255.21,256.06,249.25,249.85,36929911.0
2026-03-16,251.835,253.615,249.61,252.55,32074181.0
2026-03-17,252.685,254.86,251.91,253.96,32361394.0
2026-03-18,252.355,254.67,248.73,249.67,35757686.0
2026-03-19,249.13,251.56,247.03,248.69,34864055.0
2026-03-20,247.705,248.9299,245.73,247.72,88331039.0
2026-03-23,253.7,254.33,250.01,251.22,40546003.0
2026-03-24,250.08,254.555,249.28,251.37,45151904.0
2026-03-25,253.825,254.73,251.33,252.35,28476668.0
2026-03-26,251.845,256.73,250.5,252.62,41796650.0
2026-03-27,253.63,255.223,247.8,248.53,47899998.0
2026-03-30,249.8,250.6,245.24,246.36,39446015.0
2026-03-31,247.64,255.21,246.831,253.52,49597194.0
2026-04-01,253.81,255.91,253.06,255.36,40059432.0
2026-04-02,253.93,255.86,250.38,255.65,31288896.0
2026-04-06,256.24,261.89,256.19,258.59,29329910.0
2026-04-07,255.885,255.93,245.43,253.23,62147944.0
2026-04-08,258.18,259.4799,256.26,258.63,41032627.0
2026-04-09,258.73,260.85,255.8,260.22,28121302.0
2026-04-10,259.71,261.92,258.7531,260.21,31291385.0
2026-04-13,259.46,259.91,256.39,258.93,36234480.0
2026-04-14,258.975,261.66,256.92,258.56,48370710.0
2026-04-15,257.89,266.29,257.54,266.16,49913490.0
2026-04-16,266.53,266.89,261.0,263.13,43322984.0
2026-04-17,266.69,272.03,266.45,269.96,61436160.0
2026-04-20,270.06,274.005,270.02,272.78,36590135.0
2026-04-21,271.23,272.53,265.13,265.9,50209699.0
2026-04-22,267.55,273.47,266.6,272.9,43249072.0
2026-04-23,274.775,275.5,271.38,273.16,33399530.0
2026-04-24,272.485,272.79,269.38,270.79,38156959.0
2026-04-27,265.82,268.09,264.8,267.34,41466553.0
2026-04-28,272.065,272.96,268.39,270.44,40018566.0
2026-04-29,267.28,270.77,266.77,269.9,30047854.0
2026-04-30,270.23,275.73,267.87,271.08,91848046.0
2026-05-01,278.585,286.95,278.1,279.87,79915442.0
2026-05-04,279.385,280.36,274.5901,276.56,46668395.0
2026-05-05,276.655,284.3,276.231,283.91,49311712.0
2026-05-06,281.645,287.76,280.8,287.24,58336056.0
2026-05-07,289.0,291.86,285.51,287.17,45224299.0
2026-05-08,289.74,294.49,289.73,293.05,52692736.0
2026-05-11,291.979,293.88,290.23,292.68,42247239.0
2026-05-12,292.56,295.27,292.56,294.8,45748129.0
2026-05-13,293.5,300.92,293.5,298.87,52684226.0
2026-05-14,299.82,300.45,295.38,298.21,35324918.0
2026-05-15,297.9,303.2,296.52,300.23,54862836.0
2026-05-18,300.24,300.66,294.91,297.84,34482925.0
2026-05-19,296.97,300.51,296.35,298.97,42243561.0
2026-05-20,298.18,302.8,298.08,302.25,38229843.0
2026-05-21,301.055,305.54,300.4,304.99,42965126.0
2026-05-22,306.12,311.4,305.84,308.82,43670211.0
2026-05-26,309.56,311.82,307.67,308.33,48000493.0
2026-05-27,308.33,313.26,308.3,310.85,50430918.0
2026-05-28,310.68,312.8,309.57,312.51,48220309.0
2026-05-29,311.775,315.0,309.53,312.06,70026752.0
2026-06-01,309.625,310.94,305.02,306.31,48849913.0
2026-06-02,307.46,315.45,306.685,315.2,44534686.0
2026-06-03,314.175,316.94,308.85,310.26,50836553.0
2026-06-04,313.23,313.54,309.65,311.23,44869122.0
2026-06-05,312.86,315.17,307.15,307.34,65310417.0
2026-06-08,308.739,317.4,301.17,301.54,77949069.0
2026-06-09,300.275,300.75,287.78,290.55,70108797.0
2026-06-10,290.74,294.75,287.38,291.58,52793241.0
2026-06-11,293.72,297.0,289.59,295.63,42572471.0
2026-06-12,296.03,297.14,289.62,291.13,38784770.0
2026-06-15,294.12,297.78,291.7,296.42,45732467.0
2026-06-16,295.245,300.48,293.97,299.24,39874404.0
2026-06-17,300.845,302.07,294.36,295.95,42745016.0
2026-06-18,298.11,300.57,295.62,298.01,85962167.0
2026-06-22,297.31,302.42,296.76,297.01,44879903.0
2026-06-23,297.538,301.64,294.18,294.3,52010924.0
2026-06-24,295.355,299.7,292.94,293.08,53081699.0
2026-06-25,287.4,288.8,273.75,275.15,107253600.0
2026-06-26,275.0,285.95,274.21,283.78,261775448.0
2026-06-29,286.73,288.3697,279.85,281.74,66427002.0
2026-06-30,281.17,289.94,280.695,289.36,65100140.0
2026-07-01,293.44,296.59,289.195,294.38,50164212.0
2026-07-02,294.12,309.42,293.68,308.63,75400625.0
2026-07-06,307.36,314.2,307.0,312.66,53589968.0
2026-07-07,315.29,315.48,310.15,310.66,42490001.0
2026-07-08,311.91,314.82,307.05,313.39,41323441.0
2026-07-09,310.51,316.53,308.16,316.22,48124426.0
2026-07-10,314.72,316.91,312.17,315.32,34132284.0
2026-07-13,317.015,323.45,315.78,317.31,43257790.0
2026-07-14,313.76,316.19,311.91,314.86,36336718.0
2026-07-15,317.615,328.73,317.32,327.5,60957641.0
2026-07-16,328.005,334.68,326.79,333.26,62970581.0
2026-07-17,331.98,334.99,329.0006,333.74,63407018.0
2026-07-20,333.505,333.71,323.68,326.59,53467988.0
2026-07-21,323.13,329.6,322.2204,327.74,41338916.0
2026-07-22,327.87,328.9995,323.34,325.89,38755929.0
2026-07-23,321.73,323.3,319.35,321.66,40840661.0
2026-07-24,321.79,334.37,321.62,333.02,47489415.0
