date,open,high,low,close,volume
1983-12-30,-29.1133,-28.9467,-29.28,-29.1133,211500.0
1984-01-03,-29.1333,-29.03,-29.2367,-29.1133,385500.0
1984-01-04,-28.8333,-28.4867,-29.03,-28.4867,292500.0
1984-01-05,-28.1767,-27.9867,-28.3633,-27.9867,344100.0
1984-01-06,-28.1533,-27.9867,-28.32,-28.1533,194400.0
1984-01-09,-28.1133,-27.9867,-28.2367,-28.1133,216300.0
1984-01-10,-27.8833,-27.6967,-28.07,-27.82,143100.0
1984-01-11,-27.82,-27.4467,-27.9867,-27.4867,397800.0
1984-01-12,-27.4867,-27.2367,-27.57,-27.32,297900.0
1984-01-13,-27.1533,-27.03,-27.28,-27.2367,591300.0
1984-01-16,-27.32,-27.2367,-27.4033,-27.4033,103800.0
1984-01-17,-27.4033,-27.4033,-27.78,-27.6967,134100.0
1984-01-18,-27.4667,-27.28,-27.6533,-27.32,1352700.0
1984-01-19,-27.32,-27.2367,-27.4033,-27.32,245100.0
1984-01-20,-27.32,-27.32,-27.53,-27.4467,168300.0
1984-01-23,-27.3,-27.1967,-27.4033,-27.2367,246000.0
1984-01-24,-27.1333,-27.03,-27.2367,-27.03,292500.0
1984-01-25,-26.8,-26.6967,-26.9033,-26.8633,243000.0
1984-01-26,-26.8633,-26.82,-27.07,-27.03,212400.0
1984-01-27,-27.03,-27.03,-27.2367,-27.1133,183000.0
1984-01-30,-27.1967,-27.1533,-27.2367,-27.1967,99900.0
1984-01-31,-27.1967,-26.6967,-27.1967,-26.9467,352200.0
1984-02-01,-26.9467,-26.78,-27.2367,-27.1967,225300.0
1984-02-02,-27.1967,-27.1533,-27.32,-27.32,230700.0
1984-02-03,-27.1133,-26.9467,-27.28,-27.1967,319800.0
1984-02-06,-27.4667,-27.2367,-27.6967,-27.57,67500.0
1984-02-07,-27.78,-27.6533,-27.9033,-27.78,212400.0
1984-02-08,-27.78,-27.4867,-27.9033,-27.6967,395100.0
1984-02-09,-27.6967,-27.6133,-27.8633,-27.78,196500.0
1984-02-10,-27.78,-27.57,-27.78,-27.57,232500.0
1984-02-13,-27.57,-27.4467,-27.6133,-27.6133,324000.0
1984-02-14,-27.6133,-27.28,-27.6533,-27.28,135000.0
1984-02-15,-27.28,-26.9467,-27.3633,-27.03,543600.0
1984-02-16,-27.03,-26.6533,-27.1133,-26.78,362100.0
1984-02-17,-26.78,-26.7367,-27.07,-27.07,654300.0
1984-02-21,-27.07,-26.9867,-27.2367,-27.2367,108000.0
1984-02-22,-27.2367,-27.1533,-27.6967,-27.6967,197400.0
1984-02-23,-27.6967,-27.6533,-28.07,-27.8633,466200.0
1984-02-24,-27.8633,-27.6967,-27.9467,-27.78,66600.0
1984-02-27,-27.78,-27.57,-28.07,-27.57,613200.0
1984-02-28,-27.7167,-27.6133,-27.9033,-27.78,294300.0
1984-02-29,-27.78,-27.4867,-27.82,-27.6967,210000.0
1984-03-01,-27.8633,-27.78,-27.9467,-27.8633,273600.0
1984-03-02,-27.8633,-27.28,-27.8633,-27.4467,205500.0
1984-03-05,-27.4467,-27.3633,-27.78,-27.6967,532800.0
1984-03-06,-27.6967,-27.6133,-27.8633,-27.8633,218100.0
1984-03-07,-27.8633,-27.8633,-28.1133,-28.1133,150600.0
1984-03-08,-28.1133,-27.8633,-28.1133,-27.8633,120900.0
1984-03-09,-28.1967,-28.1133,-28.28,-28.28,381900.0
1984-03-12,-28.28,-28.1533,-28.6967,-28.6967,427500.0
1984-03-13,-28.51,-28.3633,-28.6533,-28.4033,280200.0
1984-03-14,-28.5933,-28.4467,-28.7367,-28.6133,327900.0
1984-03-15,-28.6133,-28.4033,-28.6967,-28.4467,358500.0
1984-03-16,-27.9467,-27.78,-28.1133,-27.9867,230700.0
1984-03-19,-28.2167,-28.03,-28.4033,-28.2367,196200.0
1984-03-20,-28.1133,-27.9467,-28.28,-27.9467,227700.0
1984-03-21,-27.9467,-27.78,-27.9467,-27.78,90300.0
1984-03-22,-27.78,-27.6533,-27.9467,-27.9467,125400.0
1984-03-23,-27.9467,-27.82,-28.07,-28.07,51300.0
1984-03-26,-28.07,-27.9867,-28.1533,-28.07,75600.0
1984-03-27,-28.07,-28.03,-28.2367,-28.1133,527700.0
1984-03-28,-28.1133,-28.03,-28.1533,-28.1133,97500.0
1984-03-29,-28.1133,-28.03,-28.28,-28.28,125100.0
1984-03-30,-28.28,-28.28,-28.6533,-28.6533,207900.0
1984-04-02,-28.53,-28.4033,-28.6533,-28.6533,253200.0
1984-04-03,-28.6533,-28.4867,-28.9467,-28.9467,105600.0
1984-04-04,-28.9467,-28.82,-29.03,-29.03,281700.0
1984-04-05,-29.03,-28.9467,-29.32,-29.32,290100.0
1984-04-06,-29.32,-29.32,-29.53,-29.4867,65700.0
1984-04-09,-29.4867,-29.3633,-29.6967,-29.57,215400.0
1984-04-10,-29.4467,-29.3633,-29.53,-29.53,57900.0
1984-04-11,-29.4467,-29.4033,-29.4867,-29.4033,86700.0
1984-04-12,-29.4033,-28.82,-29.6533,-28.82,372900.0
1984-04-13,-28.82,-28.6967,-28.82,-28.82,136200.0
1984-04-16,-33.9467,-33.8233,-34.03,-33.9067,75900.0
1984-04-17,-33.9067,-33.6967,-33.9067,-33.78,137100.0
1984-04-18,-33.78,-33.6967,-33.8233,-33.8233,55800.0
1984-04-19,-33.8233,-33.6967,-33.8233,-33.78,111900.0
1984-04-23,-33.78,-33.78,-34.03,-33.78,73500.0
1984-04-24,-33.78,-33.53,-33.78,-33.6567,186000.0
1984-04-25,-33.49,-33.3633,-33.6133,-33.4467,184200.0
1984-04-26,-33.4467,-33.28,-33.5733,-33.3633,203400.0
1984-04-27,-33.3633,-33.1567,-33.4467,-33.28,206700.0
1984-04-30,-33.28,-33.1967,-33.3633,-33.24,88800.0
1984-05-01,-33.24,-33.07,-33.28,-33.07,225000.0
1984-05-02,-32.76,-32.6967,-32.82,-32.82,138000.0
1984-05-03,-32.82,-32.6967,-32.9033,-32.82,111900.0
1984-05-04,-32.82,-32.82,-33.07,-33.03,102300.0
1984-05-07,-33.03,-32.8633,-33.03,-33.03,47700.0
1984-05-08,-32.8633,-32.78,-32.9467,-32.9033,331200.0
1984-05-09,-32.9033,-32.9033,-33.4467,-33.3633,290100.0
1984-05-10,-33.3633,-33.24,-33.4467,-33.3633,282900.0
1984-05-11,-33.5933,-33.4467,-33.9467,-33.8633,273000.0
1984-05-14,-33.9667,-33.9067,-34.03,-33.99,241200.0
1984-05-15,-33.99,-33.74,-33.99,-33.78,248400.0
1984-05-16,-33.78,-33.78,-33.9067,-33.8233,114000.0
1984-05-17,-33.8233,-33.78,-33.99,-33.9467,188100.0
1984-05-18,-33.9467,-33.78,-33.9467,-33.8233,62700.0
1984-05-21,-33.8233,-33.8233,-33.99,-33.99,622500.0
1984-05-22,-34.1567,-34.0733,-34.6133,-34.3633,105600.0
1984-05-23,-34.3633,-34.24,-34.6567,-34.6567,221100.0
1984-05-24,-34.49,-34.03,-34.6133,-34.5733,4020000.0
1984-05-25,-34.5733,-34.4467,-34.74,-34.6133,230100.0
1984-05-29,-34.6133,-34.5733,-35.1133,-34.9467,217500.0
1984-05-30,-35.4467,-35.03,-35.53,-35.4067,1063200.0
1984-05-31,-35.4067,-35.3633,-35.9467,-35.74,388800.0
1984-06-01,-35.74,-35.6567,-35.9467,-35.78,741000.0
1984-06-04,-35.4467,-35.1133,-35.6133,-35.3233,584700.0
1984-06-05,-35.3233,-35.24,-35.53,-35.4067,5370300.0
1984-06-06,-35.4067,-35.24,-35.4067,-35.24,365700.0
1984-06-07,-35.24,-35.1967,-35.3233,-35.24,904800.0
1984-06-08,-35.1967,-35.1133,-35.28,-35.1133,708000.0
1984-06-11,-35.3233,-35.3233,-35.6133,-35.53,198900.0
1984-06-12,-35.6133,-35.6133,-35.8633,-35.6133,691500.0
1984-06-13,-35.5733,-35.49,-35.6967,-35.6567,424500.0
1984-06-14,-35.6967,-35.6967,-35.9467,-35.8233,614700.0
1984-06-15,-35.78,-35.6567,-35.8633,-35.78,358500.0
1984-06-18,-35.6967,-35.3633,-35.78,-35.3633,235200.0
1984-06-19,-35.3633,-35.1967,-35.4067,-35.24,170700.0
1984-06-20,-35.3233,-34.9467,-35.4067,-34.9467,340200.0
1984-06-21,-34.9467,-34.6967,-35.03,-34.78,424800.0
1984-06-22,-34.8633,-34.8633,-35.03,-34.99,179100.0
1984-06-25,-35.0733,-34.9067,-35.1133,-35.0733,123900.0
1984-06-26,-35.1567,-35.1567,-35.24,-35.1967,346800.0
1984-06-27,-35.28,-35.1967,-35.4067,-35.3633,100500.0
1984-06-28,-35.3633,-35.3633,-35.6133,-35.49,195900.0
1984-06-29,-35.8233,-35.6567,-35.9467,-35.78,724500.0
1984-07-02,-35.78,-35.5733,-35.8633,-35.6567,532500.0
1984-07-03,-35.5733,-35.28,-35.5733,-35.3633,528000.0
1984-07-05,-35.3633,-35.24,-35.3633,-35.24,87900.0
1984-07-06,-35.3233,-35.28,-35.4067,-35.3633,112200.0
1984-07-09,-35.4067,-34.9467,-35.4067,-34.9467,159600.0
1984-07-10,-34.99,-34.8633,-35.1133,-34.99,237600.0
1984-07-11,-35.03,-34.99,-35.1133,-35.0733,354300.0
1984-07-12,-35.0733,-35.0733,-35.3233,-35.1967,106200.0
1984-07-13,-35.1967,-35.1133,-35.28,-35.1133,125400.0
1984-07-16,-35.1567,-35.1133,-35.24,-35.1567,63000.0
1984-07-17,-35.0733,-34.74,-35.1133,-34.78,283500.0
1984-07-18,-34.78,-34.6967,-35.03,-35.03,225000.0
1984-07-19,-35.03,-35.03,-35.49,-35.4067,287400.0
1984-07-20,-35.4067,-35.1967,-35.53,-35.49,327900.0
1984-07-23,-35.53,-35.4467,-35.6133,-35.49,260400.0
1984-07-24,-35.53,-35.53,-35.74,-35.5733,647700.0
1984-07-25,-35.6567,-35.49,-35.6567,-35.53,726300.0
1984-07-26,-35.53,-35.24,-35.53,-35.24,90000.0
1984-07-27,-35.1967,-34.6567,-35.24,-34.6567,325800.0
1984-07-30,-34.8633,-34.78,-34.99,-34.9467,153300.0
1984-07-31,-34.9467,-34.9067,-35.03,-34.9467,151200.0
1984-08-01,-35.1133,-34.6967,-35.24,-34.8233,428100.0
1984-08-02,-34.8633,-34.6967,-34.9467,-34.6967,1133400.0
1984-08-03,-34.6133,-34.3633,-34.6567,-34.49,1203000.0
1984-08-06,-34.28,-34.24,-34.49,-34.4067,896100.0
1984-08-07,-34.4067,-34.3233,-34.49,-34.4467,264300.0
1984-08-08,-34.4467,-34.3233,-34.49,-34.49,267000.0
1984-08-09,-34.4067,-34.1967,-34.49,-34.1967,1067400.0
1984-08-10,-33.78,-33.6967,-34.1133,-33.9467,783000.0
1984-08-13,-33.9467,-33.9467,-34.1133,-34.03,80100.0
1984-08-14,-33.99,-33.99,-34.28,-34.1567,211800.0
1984-08-15,-34.1967,-34.1967,-34.6133,-34.53,151500.0
1984-08-16,-34.6133,-34.1967,-34.6567,-34.3233,372900.0
1984-08-17,-34.28,-34.24,-34.3233,-34.28,173700.0
1984-08-20,-34.28,-34.28,-34.4067,-34.28,170700.0
1984-08-21,-34.3633,-34.0733,-34.4467,-34.1133,668700.0
1984-08-22,-34.03,-34.03,-34.28,-34.0733,356100.0
1984-08-23,-34.0733,-33.99,-34.1567,-34.0733,328200.0
1984-08-24,-34.1133,-34.0733,-34.28,-34.1567,141900.0
1984-08-27,-34.1567,-34.1567,-34.4067,-34.24,141300.0
1984-08-28,-34.24,-34.1133,-34.28,-34.24,166500.0
1984-08-29,-34.1967,-34.1967,-34.3233,-34.28,258600.0
1984-08-30,-34.3633,-34.3633,-34.49,-34.4467,118500.0
1984-08-31,-34.6133,-34.53,-34.74,-34.6133,140700.0
1984-09-04,-34.53,-34.53,-34.74,-34.6567,1391700.0
1984-09-05,-34.6567,-34.6133,-34.78,-34.6967,203400.0
1984-09-06,-34.6967,-34.53,-34.74,-34.53,499200.0
1984-09-07,-34.53,-34.4067,-34.53,-34.49,1620900.0
1984-09-10,-34.74,-34.5733,-34.74,-34.6133,840900.0
1984-09-11,-34.03,-34.03,-34.3233,-34.1133,776700.0
1984-09-12,-34.1567,-34.03,-34.24,-34.0733,286800.0
1984-09-13,-34.03,-33.4467,-34.03,-33.49,938400.0
1984-09-14,-33.28,-33.1967,-33.3633,-33.28,564300.0
1984-09-17,-33.3633,-33.1133,-33.4467,-33.1133,365100.0
1984-09-18,-33.1133,-33.1133,-33.3233,-33.24,117000.0
1984-09-19,-33.4467,-33.3233,-33.53,-33.4467,407100.0
1984-09-20,-33.4467,-32.8633,-33.4467,-33.03,398400.0
1984-09-21,-32.9467,-32.9033,-33.24,-33.1967,612300.0
1984-09-24,-33.1967,-33.1567,-33.6567,-33.49,105300.0
1984-09-25,-33.6133,-33.49,-33.6967,-33.53,155700.0
1984-09-26,-33.4467,-33.4467,-33.6567,-33.6133,299100.0
1984-09-27,-33.53,-33.4067,-33.53,-33.4067,408600.0
1984-09-28,-33.3633,-33.3633,-33.6967,-33.6133,194100.0
1984-10-01,-33.8633,-33.8633,-34.03,-34.03,724200.0
1984-10-02,-34.03,-33.99,-34.1967,-34.03,408300.0
1984-10-03,-34.1133,-34.1133,-34.5733,-34.4067,489000.0
1984-10-04,-34.4467,-34.3233,-34.4467,-34.4067,168600.0
1984-10-05,-34.3633,-34.3633,-34.4467,-34.4467,584400.0
1984-10-08,-34.4467,-34.4467,-34.6967,-34.4467,169200.0
1984-10-09,-34.4467,-34.3633,-34.49,-34.4467,648000.0
1984-10-10,-34.49,-34.3633,-34.5733,-34.4067,358500.0
1984-10-11,-34.3233,-34.03,-34.3233,-34.1133,1082700.0
1984-10-12,-34.03,-33.78,-34.03,-33.8633,984000.0
1984-10-15,-33.9467,-33.6967,-33.99,-33.8233,966600.0
1984-10-16,-33.8233,-33.78,-33.8633,-33.78,553500.0
1984-10-17,-33.8633,-33.6967,-33.9467,-33.8633,187800.0
1984-10-18,-33.8633,-33.49,-33.8633,-33.49,1123500.0
1984-10-19,-33.3633,-33.3233,-33.74,-33.6133,1036500.0
1984-10-22,-33.5733,-33.53,-33.6567,-33.6567,332700.0
1984-10-23,-33.5733,-33.4467,-33.74,-33.6567,261300.0
1984-10-24,-33.53,-33.53,-33.74,-33.6967,40800.0
1984-10-25,-33.6967,-33.6567,-33.8633,-33.78,177300.0
1984-10-26,-33.8633,-33.78,-33.9067,-33.8633,122100.0
1984-10-29,-33.8233,-33.74,-33.8633,-33.8233,37800.0
1984-10-30,-33.78,-33.5733,-33.8233,-33.6567,1027800.0
1984-10-31,-33.6967,-33.6567,-33.78,-33.78,309900.0
1984-11-01,-33.6967,-33.5733,-33.6967,-33.5733,1022100.0
1984-11-02,-33.6133,-33.3233,-33.6133,-33.4467,241800.0
1984-11-05,-33.4467,-33.1967,-33.4467,-33.24,79800.0
1984-11-06,-33.1967,-33.07,-33.24,-33.1133,421800.0
1984-11-07,-33.1567,-33.1133,-33.28,-33.1133,310200.0
1984-11-08,-33.1567,-33.1567,-33.28,-33.1567,267600.0
1984-11-09,-33.1567,-33.1567,-33.24,-33.24,199800.0
1984-11-12,-33.1567,-33.1567,-33.49,-33.3633,53700.0
1984-11-13,-33.28,-33.28,-33.6967,-33.53,94200.0
1984-11-14,-33.4467,-33.28,-33.4467,-33.28,271800.0
1984-11-15,-33.1967,-32.9467,-33.1967,-33.1133,737400.0
1984-11-16,-33.1133,-33.03,-33.24,-33.24,294300.0
1984-11-19,-33.28,-33.28,-33.4067,-33.3633,76800.0
1984-11-20,-33.3233,-33.28,-33.4067,-33.28,290700.0
1984-11-21,-33.3633,-33.1967,-33.4467,-33.28,282300.0
1984-11-23,-33.28,-32.9467,-33.28,-32.9467,240300.0
1984-11-26,-32.9867,-32.9867,-33.1567,-33.07,191700.0
1984-11-27,-33.07,-32.9467,-33.1133,-32.9467,308700.0
1984-11-28,-32.8633,-32.78,-32.9467,-32.78,205200.0
1984-11-29,-32.8633,-32.82,-32.9033,-32.8633,582900.0
1984-11-30,-32.9033,-32.9033,-33.28,-33.07,906300.0
1984-12-03,-33.1567,-32.8633,-33.1967,-32.9467,397200.0
1984-12-04,-32.9867,-32.4467,-33.03,-32.57,1001100.0
1984-12-05,-32.53,-32.4867,-32.78,-32.78,1670700.0
1984-12-06,-32.78,-32.57,-32.78,-32.6967,1269600.0
1984-12-07,-32.6967,-32.53,-32.6967,-32.6133,249300.0
1984-12-10,-32.7367,-32.57,-32.82,-32.7367,976500.0
1984-12-11,-32.6533,-32.6133,-32.78,-32.78,1806900.0
1984-12-12,-32.78,-32.6133,-32.82,-32.6533,1794300.0
1984-12-13,-32.6967,-32.6133,-32.78,-32.7367,2069700.0
1984-12-14,-32.7367,-32.4467,-32.78,-32.57,1721700.0
1984-12-17,-32.6133,-32.3633,-32.9867,-32.3633,377700.0
1984-12-18,-32.1967,-31.82,-32.2367,-32.1133,949500.0
1984-12-19,-32.1133,-31.9867,-32.1533,-32.1133,533100.0
1984-12-20,-32.1533,-32.03,-32.4867,-32.4867,743400.0
1984-12-21,-32.4867,-32.4033,-32.7367,-32.7367,215700.0
1984-12-24,-32.6533,-32.32,-32.6533,-32.4033,65700.0
1984-12-26,-32.32,-32.32,-32.4033,-32.4033,77400.0
1984-12-27,-32.3633,-32.1133,-32.4467,-32.1533,650700.0
1984-12-28,-32.1533,-32.1133,-32.2367,-32.1967,473100.0
1984-12-31,-32.3633,-32.28,-32.6967,-32.28,321300.0
1985-01-02,-32.3633,-32.32,-32.57,-32.32,162900.0
1985-01-03,-32.3633,-32.32,-32.4467,-32.32,87300.0
1985-01-04,-32.4033,-32.32,-32.6133,-32.6133,495300.0
1985-01-07,-32.53,-32.4867,-32.7367,-32.4867,301500.0
1985-01-08,-32.53,-32.4033,-32.53,-32.4467,337800.0
1985-01-09,-32.3633,-32.3633,-32.4867,-32.4467,395700.0
1985-01-10,-32.4033,-31.9867,-32.4467,-32.07,698700.0
1985-01-11,-32.07,-32.07,-32.2367,-32.1533,470700.0
1985-01-14,-32.1133,-31.9033,-32.28,-31.9867,465300.0
1985-01-15,-31.6967,-31.6133,-31.8633,-31.6967,1166400.0
1985-01-16,-31.6133,-31.1967,-31.6133,-31.4467,986700.0
1985-01-17,-31.4033,-31.1967,-31.53,-31.28,388200.0
1985-01-18,-31.1967,-31.1967,-31.6967,-31.57,551400.0
1985-01-21,-31.53,-31.28,-31.57,-31.32,504300.0
1985-01-22,-31.3633,-31.2367,-31.4033,-31.28,1063200.0
1985-01-23,-31.28,-30.8633,-31.3633,-30.9467,1024800.0
1985-01-24,-30.9467,-30.78,-31.1967,-31.1533,1039200.0
1985-01-25,-30.8633,-30.78,-31.03,-31.03,893400.0
1985-01-28,-30.9867,-30.9867,-31.3633,-31.2367,230400.0
1985-01-29,-31.2367,-31.1133,-31.4467,-31.1133,180900.0
1985-01-30,-30.9867,-30.9867,-31.2367,-31.2367,489000.0
1985-01-31,-31.3633,-31.28,-31.4467,-31.28,213300.0
1985-02-01,-31.3633,-31.1533,-31.3633,-31.1967,316800.0
1985-02-04,-31.1967,-30.7367,-31.1967,-30.7367,304200.0
1985-02-05,-30.7367,-30.4867,-30.7367,-30.57,334800.0
1985-02-06,-30.4467,-29.8633,-30.4467,-30.32,1901100.0
1985-02-07,-30.32,-30.1133,-30.3633,-30.2367,540000.0
1985-02-08,-30.1533,-29.9467,-30.2367,-29.9867,598200.0
1985-02-11,-29.9867,-29.9867,-30.2367,-30.1533,543300.0
1985-02-12,-30.1533,-30.1533,-30.32,-30.32,305400.0
1985-02-13,-30.32,-29.9033,-30.32,-30.1133,1089600.0
1985-02-14,-29.9467,-29.4467,-29.9467,-29.6967,697200.0
1985-02-15,-29.7367,-29.6133,-30.03,-29.9033,229500.0
1985-02-19,-29.8633,-29.8633,-30.07,-30.03,158400.0
1985-02-20,-30.28,-30.2367,-30.57,-30.4867,919500.0
1985-02-21,-30.4867,-30.4033,-30.9867,-30.8633,1057500.0
1985-02-22,-30.9033,-30.82,-31.1133,-31.03,375300.0
1985-02-25,-31.1133,-31.1133,-31.57,-31.2367,561600.0
1985-02-26,-31.2367,-30.9467,-31.28,-30.9867,522300.0
1985-02-27,-30.9033,-30.4033,-30.9867,-30.6133,1265400.0
1985-02-28,-30.6133,-30.4867,-30.6533,-30.6533,1411800.0
1985-03-01,-30.6533,-30.3633,-30.6533,-30.3633,580200.0
1985-03-04,-30.4467,-30.4033,-30.6133,-30.57,1133100.0
1985-03-05,-30.6133,-30.53,-30.6133,-30.57,291300.0
1985-03-06,-30.53,-30.53,-30.78,-30.7367,234300.0
1985-03-07,-30.82,-30.6967,-30.8633,-30.78,1189800.0
1985-03-08,-30.7367,-30.6133,-30.8633,-30.78,369300.0
1985-03-11,-30.9033,-30.9033,-31.07,-31.07,621600.0
1985-03-12,-31.1533,-31.1133,-31.28,-31.1533,2201700.0
1985-03-13,-31.1133,-30.9467,-31.3633,-31.1967,531000.0
1985-03-14,-31.1533,-30.9867,-31.1967,-31.03,1030800.0
1985-03-15,-31.07,-30.9867,-31.1967,-31.1967,1032900.0
1985-03-18,-31.03,-31.03,-31.1133,-31.07,90000.0
1985-03-19,-31.1133,-31.03,-31.1967,-31.03,865200.0
1985-03-20,-31.03,-30.9867,-31.1967,-31.1133,369000.0
1985-03-21,-31.1533,-31.1133,-31.3633,-31.1967,411600.0
1985-03-22,-31.1533,-31.1533,-31.32,-31.1967,240600.0
1985-03-25,-31.1967,-31.03,-31.28,-31.2367,231300.0
1985-03-26,-31.1967,-31.1533,-31.28,-31.28,135300.0
1985-03-27,-31.3633,-31.28,-31.4033,-31.28,298200.0
1985-03-28,-31.28,-31.1533,-31.32,-31.1967,3330000.0
1985-03-29,-31.1967,-31.1533,-31.28,-31.28,849000.0
1985-04-01,-31.2367,-31.1533,-31.28,-31.2367,386400.0
1985-04-02,-31.1533,-31.03,-31.1967,-31.1133,1743900.0
1985-04-03,-31.1967,-31.1967,-31.4467,-31.3633,322200.0
1985-04-04,-31.28,-31.1133,-31.3633,-31.1133,390900.0
1985-04-08,-31.03,-30.9467,-31.07,-31.07,293400.0
1985-04-09,-31.1133,-30.9867,-31.1133,-31.03,222600.0
1985-04-10,-30.9867,-30.7367,-30.9867,-30.78,366000.0
1985-04-11,-30.6967,-30.4867,-30.6967,-30.6133,378300.0
1985-04-12,-30.57,-30.53,-30.6967,-30.6133,88500.0
1985-04-15,-30.53,-30.28,-30.57,-30.3633,312600.0
1985-04-16,-30.3633,-30.3633,-30.57,-30.4467,308100.0
1985-04-17,-30.4467,-30.1967,-30.4867,-30.2367,298200.0
1985-04-18,-30.1533,-30.1533,-30.3633,-30.28,198000.0
1985-04-19,-30.28,-30.2367,-30.3633,-30.28,253800.0
1985-04-22,-30.3633,-30.32,-30.4033,-30.4033,261900.0
1985-04-23,-30.4467,-30.2367,-30.4467,-30.2367,2493600.0
1985-04-24,-30.1967,-30.1533,-30.32,-30.32,612300.0
1985-04-25,-30.32,-30.28,-30.4033,-30.3633,342900.0
1985-04-26,-30.3633,-30.32,-30.4033,-30.3633,173100.0
1985-04-29,-30.4467,-30.4467,-30.7367,-30.6967,140700.0
1985-04-30,-30.6133,-30.57,-31.1533,-31.1533,647700.0
1985-05-01,-30.9867,-30.9467,-31.03,-30.9867,978300.0
1985-05-02,-30.9867,-30.9467,-31.07,-31.03,720300.0
1985-05-03,-30.9867,-30.78,-30.9867,-30.9467,607800.0
1985-05-06,-30.9467,-30.8633,-30.9867,-30.9033,219600.0
1985-05-07,-30.9033,-30.6133,-30.9033,-30.6133,778500.0
1985-05-08,-30.6533,-30.4867,-30.6967,-30.57,1035300.0
1985-05-09,-30.57,-30.1533,-30.6133,-30.1533,679500.0
1985-05-10,-29.78,-29.78,-29.9467,-29.82,1201800.0
1985-05-13,-29.82,-29.82,-29.9467,-29.9467,120300.0
1985-05-14,-29.9033,-29.78,-30.1133,-30.03,612900.0
1985-05-15,-29.9467,-29.6133,-29.9867,-29.6967,1057500.0
1985-05-16,-29.7367,-29.57,-29.7367,-29.6133,1316400.0
1985-05-17,-29.78,-29.57,-29.78,-29.57,1755000.0
1985-05-20,-29.4033,-29.28,-29.57,-29.4867,949800.0
1985-05-21,-29.53,-29.4033,-29.6533,-29.4033,1710300.0
1985-05-22,-29.4467,-29.4033,-29.78,-29.6533,894000.0
1985-05-23,-29.6533,-29.6533,-30.28,-30.07,1218900.0
1985-05-24,-30.07,-29.9033,-30.07,-29.9467,2248800.0
1985-05-28,-29.82,-29.6967,-29.9867,-29.9033,510900.0
1985-05-29,-29.9467,-29.9467,-30.32,-30.1967,742800.0
1985-05-30,-30.1967,-30.1533,-30.3633,-30.1967,567300.0
1985-05-31,-30.1967,-29.9867,-30.2367,-29.9867,636900.0
1985-06-03,-29.8633,-29.82,-30.03,-29.9033,2117400.0
1985-06-04,-29.9467,-29.9033,-30.03,-29.9867,382800.0
1985-06-05,-29.9867,-29.9867,-30.1533,-30.03,351600.0
1985-06-06,-30.1133,-29.82,-30.1967,-29.9467,1058400.0
1985-06-07,-29.9867,-29.9867,-30.1533,-30.03,600900.0
1985-06-10,-30.28,-30.28,-30.4033,-30.28,1154700.0
1985-06-11,-30.28,-30.1967,-30.32,-30.2367,139500.0
1985-06-12,-30.1967,-30.1967,-30.28,-30.28,99600.0
1985-06-13,-30.28,-30.2367,-30.4467,-30.4467,433500.0
1985-06-14,-30.4467,-30.4033,-30.6133,-30.4867,317700.0
1985-06-17,-30.57,-30.4867,-30.57,-30.53,569400.0
1985-06-18,-30.4867,-30.28,-30.4867,-30.28,718500.0
1985-06-19,-30.28,-30.28,-30.4467,-30.4467,172800.0
1985-06-20,-30.4867,-30.4467,-30.57,-30.53,235500.0
1985-06-21,-30.57,-30.4467,-30.6133,-30.4467,328800.0
1985-06-24,-30.53,-30.4033,-30.57,-30.4033,455400.0
1985-06-25,-30.4033,-30.32,-30.4467,-30.32,273900.0
1985-06-26,-30.32,-30.28,-30.3633,-30.28,169500.0
1985-06-27,-30.2367,-30.07,-30.2367,-30.1133,328800.0
1985-06-28,-30.1967,-30.03,-30.2367,-30.03,347700.0
1985-07-01,-30.07,-30.07,-30.1533,-30.1533,407700.0
1985-07-02,-30.1533,-29.82,-30.1533,-29.8633,471600.0
1985-07-03,-29.8633,-29.7367,-29.8633,-29.78,406500.0
1985-07-05,-29.78,-29.4867,-29.78,-29.57,375000.0
1985-07-08,-29.57,-29.28,-29.6133,-29.32,435300.0
1985-07-09,-29.32,-29.2367,-29.3633,-29.28,840900.0
1985-07-10,-29.28,-29.2367,-29.3633,-29.28,443400.0
1985-07-11,-29.2367,-28.9467,-29.2367,-29.03,858000.0
1985-07-12,-28.9867,-28.9867,-29.1967,-29.1967,572400.0
1985-07-15,-29.28,-29.28,-29.53,-29.4467,691500.0
1985-07-16,-29.4467,-29.2367,-29.6133,-29.2367,671400.0
1985-07-17,-29.1533,-29.1133,-29.4033,-29.1967,573900.0
1985-07-18,-29.2367,-29.1967,-29.3633,-29.3633,263100.0
1985-07-19,-29.4467,-29.4467,-29.8633,-29.78,267300.0
1985-07-22,-29.7367,-29.7367,-29.9467,-29.8633,418200.0
1985-07-23,-29.8633,-29.78,-29.9033,-29.82,204600.0
1985-07-24,-29.8633,-29.8633,-30.1133,-30.1133,537600.0
1985-07-25,-30.1133,-30.1133,-30.4033,-30.4033,710700.0
1985-07-26,-30.3633,-30.1533,-30.4033,-30.1533,1191600.0
1985-07-29,-30.1967,-30.1533,-30.28,-30.2367,1430400.0
1985-07-30,-30.2367,-30.1967,-30.3633,-30.28,352500.0
1985-07-31,-30.1967,-30.07,-30.28,-30.1533,421200.0
1985-08-01,-30.03,-29.9033,-30.32,-30.2367,475800.0
1985-08-02,-30.2367,-30.2367,-30.4033,-30.32,821700.0
1985-08-05,-30.32,-30.28,-30.4467,-30.4467,1197600.0
1985-08-06,-30.3633,-30.3633,-30.6967,-30.6967,261000.0
1985-08-07,-30.6967,-30.6133,-30.82,-30.78,863700.0
1985-08-08,-30.6967,-30.4867,-30.6967,-30.53,419100.0
1985-08-09,-30.4467,-30.3633,-30.53,-30.4867,1092300.0
1985-08-12,-30.4467,-30.4467,-30.53,-30.4867,1300800.0
1985-08-13,-30.4867,-30.4467,-30.4867,-30.4867,183000.0
1985-08-14,-30.57,-30.4867,-30.57,-30.57,266700.0
1985-08-15,-30.53,-30.4467,-30.53,-30.53,706500.0
1985-08-16,-30.4867,-30.4867,-30.53,-30.53,725400.0
1985-08-19,-30.4467,-30.3633,-30.53,-30.53,1380000.0
1985-08-20,-30.6133,-30.53,-30.7367,-30.6533,517200.0
1985-08-21,-30.6533,-30.57,-30.6967,-30.6967,228600.0
1985-08-22,-30.6533,-30.6133,-30.78,-30.7367,550500.0
1985-08-23,-30.6967,-30.6533,-30.7367,-30.7367,777000.0
1985-08-26,-30.6967,-30.4867,-30.7367,-30.53,1134600.0
1985-08-27,-30.4867,-30.3633,-30.4867,-30.3633,205200.0
1985-08-28,-30.32,-30.28,-30.3633,-30.28,356700.0
1985-08-29,-30.28,-30.28,-30.4467,-30.3633,176400.0
1985-08-30,-30.3633,-30.3633,-30.4467,-30.4467,106200.0
1985-09-03,-30.4467,-30.4033,-30.53,-30.4867,398400.0
1985-09-04,-30.4867,-30.4467,-30.6533,-30.57,425100.0
1985-09-05,-30.53,-30.4867,-30.57,-30.57,1046700.0
1985-09-06,-30.57,-30.53,-30.7367,-30.53,4860000.0
1985-09-09,-30.78,-30.6967,-30.8633,-30.78,210900.0
1985-09-10,-30.78,-30.6533,-30.78,-30.6533,239400.0
1985-09-11,-30.6533,-30.6533,-30.8633,-30.8633,394500.0
1985-09-12,-30.8633,-30.8633,-31.4033,-31.28,272400.0
1985-09-13,-31.4467,-31.28,-32.03,-31.7367,756300.0
1985-09-16,-31.78,-31.7367,-32.1967,-31.9867,548100.0
1985-09-17,-31.8633,-31.78,-32.03,-31.78,779400.0
1985-09-18,-31.6967,-31.4867,-31.6967,-31.53,274800.0
1985-09-19,-31.4867,-31.4467,-31.7367,-31.6133,373500.0
1985-09-20,-31.6133,-31.6133,-31.78,-31.7367,286200.0
1985-09-23,-31.6533,-31.6133,-31.78,-31.7367,214500.0
1985-09-24,-31.7367,-31.7367,-32.1133,-32.03,265500.0
1985-09-25,-32.03,-32.03,-32.1967,-32.1533,1030800.0
1985-09-26,-32.1533,-32.1133,-32.2367,-32.2367,782700.0
1985-09-30,-32.1967,-32.1533,-32.6967,-32.6133,283500.0
1985-10-01,-32.6133,-32.07,-32.6133,-32.07,1000800.0
1985-10-02,-31.9867,-31.6967,-31.9867,-31.9033,797400.0
1985-10-03,-31.8633,-31.8633,-31.9467,-31.8633,186000.0
1985-10-04,-31.8633,-31.82,-32.03,-31.82,206700.0
1985-10-07,-31.82,-31.53,-31.9033,-31.6133,369300.0
1985-10-08,-31.57,-31.3633,-31.6533,-31.4033,296100.0
1985-10-09,-31.4033,-31.03,-31.4033,-31.1533,349200.0
1985-10-10,-31.1533,-30.78,-31.2367,-31.07,320700.0
1985-10-11,-31.03,-30.8633,-31.03,-30.8633,232200.0
1985-10-14,-30.8633,-30.82,-31.1133,-30.8633,283200.0
1985-10-15,-30.82,-30.7367,-30.9867,-30.78,969900.0
1985-10-16,-30.78,-30.6533,-30.82,-30.6533,208200.0
1985-10-17,-30.7367,-30.57,-30.7367,-30.6533,599700.0
1985-10-18,-30.6533,-30.6533,-30.9867,-30.9867,106200.0
1985-10-21,-31.03,-31.03,-31.32,-31.28,649800.0
1985-10-22,-31.28,-31.1533,-31.53,-31.1967,683700.0
1985-10-23,-31.1967,-31.03,-31.28,-31.03,258900.0
1985-10-24,-31.07,-30.9033,-31.07,-30.9033,177900.0
1985-10-25,-30.9033,-30.82,-31.1533,-31.03,183000.0
1985-10-28,-30.9867,-30.8633,-31.03,-30.9867,210000.0
1985-10-29,-30.9033,-30.6533,-30.9867,-30.78,353700.0
1985-10-30,-30.6967,-30.6533,-30.82,-30.78,366600.0
1985-10-31,-30.78,-30.7367,-30.8633,-30.82,327300.0
1985-11-01,-30.78,-30.6967,-30.9033,-30.6967,467100.0
1985-11-04,-30.6967,-30.57,-30.6967,-30.6133,341400.0
1985-11-05,-30.6533,-30.57,-30.6533,-30.57,231300.0
1985-11-06,-30.6133,-30.3633,-30.6533,-30.57,420000.0
1985-11-07,-30.4867,-30.4867,-30.7367,-30.6533,417300.0
1985-11-08,-30.6133,-30.6133,-30.9467,-30.7367,640800.0
1985-11-11,-30.7367,-30.57,-30.8633,-30.57,377700.0
1985-11-12,-30.4867,-30.1133,-30.53,-30.1533,754200.0
1985-11-13,-30.2367,-30.1133,-30.28,-30.1967,555300.0
1985-11-14,-30.1967,-30.1533,-30.32,-30.1967,336000.0
1985-11-15,-30.28,-30.28,-30.6133,-30.4867,332100.0
1985-11-18,-30.4467,-30.4033,-30.57,-30.4033,654900.0
1985-11-19,-30.3633,-30.2367,-30.3633,-30.28,390000.0
1985-11-20,-30.28,-30.28,-30.3633,-30.28,242400.0
1985-11-21,-30.28,-30.03,-30.28,-30.1133,1210200.0
1985-11-22,-30.07,-29.8633,-30.07,-29.9867,910200.0
1985-11-25,-29.9867,-29.9467,-30.1967,-30.1133,271200.0
1985-11-26,-30.1533,-30.07,-30.2367,-30.1967,535200.0
1985-11-27,-30.2367,-29.9033,-30.2367,-29.9867,680700.0
1985-11-29,-29.9033,-29.8633,-30.03,-29.9467,173700.0
1985-12-02,-29.9033,-29.8633,-30.07,-29.9867,650700.0
1985-12-03,-29.9033,-29.82,-29.9867,-29.8633,1135500.0
1985-12-04,-29.9033,-29.6967,-29.9033,-29.7367,1002600.0
1985-12-05,-29.6533,-29.03,-29.6533,-29.1533,1556100.0
1985-12-06,-29.1967,-29.1967,-29.32,-29.1967,809700.0
1985-12-09,-29.1133,-29.07,-29.4467,-29.1133,954000.0
1985-12-10,-29.1133,-28.9467,-29.32,-28.9867,836100.0
1985-12-11,-28.9867,-28.6533,-28.9867,-28.9033,484500.0
1985-12-12,-28.9867,-28.9033,-29.03,-28.9867,255300.0
1985-12-13,-29.03,-28.57,-29.03,-28.7367,1144800.0
1985-12-16,-28.6133,-28.4467,-28.6967,-28.4467,919500.0
1985-12-17,-28.3633,-28.3633,-28.53,-28.4867,603300.0
1985-12-18,-28.4867,-28.4867,-28.6533,-28.57,439500.0
1985-12-19,-28.6533,-28.6533,-28.82,-28.78,311700.0
1985-12-20,-28.82,-28.6533,-28.9033,-28.7367,727800.0
1985-12-23,-28.6967,-28.6967,-28.9467,-28.9467,166500.0
1985-12-24,-29.03,-28.9867,-29.4033,-29.1967,309900.0
1985-12-26,-29.2367,-29.07,-29.2367,-29.07,328200.0
1985-12-27,-29.1133,-28.78,-29.1133,-28.78,703200.0
1985-12-30,-28.7367,-28.4467,-28.82,-28.4467,552000.0
1985-12-31,-28.4867,-28.4033,-28.6533,-28.6533,587700.0
1986-01-02,-28.6133,-28.4033,-28.7367,-28.4867,1145400.0
1986-01-03,-28.4867,-28.2367,-28.4867,-28.4033,380100.0
1986-01-06,-28.3633,-27.9467,-28.57,-28.03,277500.0
1986-01-07,-28.03,-27.4867,-28.03,-27.53,810900.0
1986-01-08,-27.4467,-27.4467,-28.2367,-28.1133,682800.0
1986-01-09,-28.28,-28.28,-28.9033,-28.7367,784200.0
1986-01-10,-28.6967,-28.53,-28.78,-28.7367,236100.0
1986-01-13,-28.6533,-28.6533,-28.78,-28.6967,190200.0
1986-01-14,-28.6533,-28.53,-28.6533,-28.6133,399000.0
1986-01-15,-28.6533,-28.4467,-28.6533,-28.4467,503400.0
1986-01-16,-28.4467,-28.2367,-28.53,-28.32,209700.0
1986-01-17,-28.2367,-28.1967,-28.4033,-28.32,138000.0
1986-01-20,-28.4033,-28.32,-28.4467,-28.4033,85500.0
1986-01-21,-28.3633,-28.3633,-29.07,-29.03,686400.0
1986-01-22,-28.9867,-28.9867,-29.78,-29.78,1581600.0
1986-01-23,-30.1133,-29.8633,-30.1967,-29.9033,1701300.0
1986-01-24,-29.82,-29.6133,-29.82,-29.6133,634200.0
1986-01-27,-29.6133,-29.6133,-29.9033,-29.7367,1017600.0
1986-01-28,-29.6967,-29.1967,-29.7367,-29.2367,539700.0
1986-01-29,-29.1967,-28.78,-29.2367,-28.9867,798300.0
1986-01-30,-29.03,-28.9033,-29.1967,-29.1533,1025100.0
1986-01-31,-29.1533,-28.9467,-29.28,-29.03,966300.0
1986-02-03,-28.9867,-28.82,-29.07,-28.8633,696600.0
1986-02-04,-28.9033,-28.9033,-29.6133,-29.4467,1266600.0
1986-02-05,-29.3633,-29.3633,-30.1133,-29.9033,1281000.0
1986-02-06,-29.78,-29.6133,-29.78,-29.6533,495900.0
1986-02-07,-29.6967,-29.3633,-29.9467,-29.6133,717900.0
1986-02-10,-29.53,-29.3633,-29.6133,-29.4867,204600.0
1986-02-11,-29.4867,-29.28,-29.53,-29.53,319200.0
1986-02-12,-29.57,-29.32,-29.57,-29.3633,364200.0
1986-02-13,-29.32,-28.9467,-29.32,-29.03,681900.0
1986-02-14,-28.9467,-28.78,-28.9867,-28.8633,321000.0
1986-02-18,-28.8633,-28.53,-29.1133,-28.57,528600.0
1986-02-19,-28.57,-28.57,-28.9033,-28.9033,803400.0
1986-02-20,-28.9467,-28.6967,-29.1133,-28.6967,290400.0
1986-02-21,-28.6967,-28.6133,-29.1133,-28.9867,942600.0
1986-02-24,-29.07,-28.8633,-29.1967,-28.9867,603900.0
1986-02-25,-28.9467,-28.9033,-29.1133,-29.07,630300.0
1986-02-26,-29.07,-28.8633,-29.07,-28.9467,929400.0
1986-02-27,-28.6967,-27.9467,-28.7367,-27.9467,1902600.0
1986-02-28,-27.6533,-27.6533,-28.03,-27.78,1302000.0
1986-03-03,-27.8633,-27.78,-28.1533,-28.03,587700.0
1986-03-04,-27.9467,-27.6967,-28.03,-27.9867,1091700.0
1986-03-05,-28.07,-28.07,-28.28,-28.1533,1429800.0
1986-03-06,-27.9467,-27.9467,-28.1533,-27.9467,653400.0
1986-03-07,-27.78,-27.28,-27.78,-27.28,6297000.0
1986-03-10,-27.1133,-27.1133,-27.53,-27.1133,2479500.0
1986-03-11,-27.1133,-26.3633,-27.1133,-26.57,994500.0
1986-03-12,-26.57,-25.9467,-26.6133,-26.28,573900.0
1986-03-13,-26.53,-26.4467,-26.8633,-26.78,837900.0
1986-03-14,-26.6967,-26.2367,-26.82,-26.3633,836400.0
1986-03-17,-26.3633,-26.3633,-26.6967,-26.6533,521700.0
1986-03-18,-26.78,-26.78,-27.1133,-26.78,407400.0
1986-03-19,-26.6967,-26.4467,-26.6967,-26.57,230100.0
1986-03-20,-26.53,-26.32,-26.6967,-26.32,530400.0
1986-03-21,-26.1133,-25.9467,-26.28,-26.28,532500.0
1986-03-24,-26.1967,-25.9867,-26.2367,-26.07,785100.0
1986-03-25,-26.1133,-25.9467,-26.1533,-26.03,379800.0
1986-03-26,-26.03,-25.53,-26.03,-25.57,711300.0
1986-03-27,-25.4467,-25.3633,-25.57,-25.3633,544800.0
1986-03-31,-25.4467,-25.3633,-25.6533,-25.57,622500.0
1986-04-01,-25.6533,-25.6533,-26.4467,-26.32,577800.0
1986-04-02,-26.53,-26.4867,-26.8633,-26.6133,724200.0
1986-04-03,-26.6133,-26.32,-26.6533,-26.6133,587700.0
1986-04-04,-26.57,-26.4467,-26.9033,-26.8633,459000.0
1986-04-07,-27.03,-26.78,-27.07,-26.8633,304200.0
1986-04-08,-26.8633,-26.53,-26.8633,-26.53,479100.0
1986-04-09,-26.4467,-26.32,-26.57,-26.4033,562200.0
1986-04-10,-26.4033,-25.6133,-26.4033,-25.6967,987600.0
1986-04-11,-25.6133,-25.4033,-25.9867,-25.82,1117500.0
1986-04-14,-25.78,-25.78,-25.9467,-25.82,540300.0
1986-04-15,-25.8633,-25.8633,-26.1967,-25.9867,438300.0
1986-04-16,-25.9867,-25.6967,-25.9867,-25.78,369000.0
1986-04-17,-25.8633,-25.6533,-25.8633,-25.78,250500.0
1986-04-18,-25.7367,-25.6533,-25.82,-25.78,101400.0
1986-04-21,-25.82,-25.4033,-25.9033,-25.4033,1303800.0
1986-04-22,-25.28,-25.03,-25.57,-25.4467,347100.0
1986-04-23,-25.53,-25.4467,-25.6133,-25.57,180900.0
1986-04-24,-25.6133,-25.4467,-25.7367,-25.6133,97800.0
1986-04-25,-25.53,-25.4467,-25.6133,-25.4867,159000.0
1986-04-28,-25.4033,-25.4033,-25.9033,-25.6133,502800.0
1986-04-29,-25.57,-25.53,-25.9467,-25.6533,182700.0
1986-04-30,-25.7367,-25.7367,-26.1133,-26.03,280800.0
1986-05-01,-26.03,-26.03,-26.2367,-26.1967,839700.0
1986-05-02,-26.28,-26.1533,-26.4467,-26.2367,501000.0
1986-05-05,-26.2367,-26.03,-26.28,-26.1133,875100.0
1986-05-06,-26.1133,-26.1133,-26.6133,-26.3633,575700.0
1986-05-07,-26.6533,-26.6133,-26.9467,-26.6967,697800.0
1986-05-08,-26.6967,-26.6533,-26.7367,-26.6967,199800.0
1986-05-09,-26.78,-26.53,-26.9467,-26.82,1140300.0
1986-05-12,-26.8633,-26.8633,-27.03,-27.03,221100.0
1986-05-13,-26.9867,-26.9867,-27.3633,-27.3633,453600.0
1986-05-14,-27.3633,-27.07,-27.4867,-27.1133,1222500.0
1986-05-15,-27.07,-27.07,-27.32,-27.28,685800.0
1986-05-16,-27.32,-27.1967,-27.3633,-27.1967,409800.0
1986-05-19,-27.1133,-27.03,-27.32,-27.1533,183300.0
1986-05-20,-27.1533,-26.78,-27.1967,-26.78,890400.0
1986-05-21,-26.82,-26.78,-27.07,-27.07,1026300.0
1986-05-22,-26.9867,-26.4467,-26.9867,-26.6133,589800.0
1986-05-23,-26.6133,-26.3633,-26.6967,-26.3633,735000.0
1986-05-27,-26.28,-26.1967,-26.4467,-26.28,218400.0
1986-05-28,-26.2367,-26.03,-26.28,-26.03,610500.0
1986-05-29,-25.9467,-25.9467,-26.1967,-25.9467,173400.0
1986-05-30,-25.9467,-25.82,-26.03,-25.9867,353100.0
1986-06-02,-26.03,-25.9867,-26.4467,-26.32,171900.0
1986-06-03,-26.4033,-26.2367,-26.57,-26.2367,347100.0
1986-06-04,-26.1533,-26.1133,-26.4033,-26.28,143100.0
1986-06-05,-26.28,-26.28,-26.4467,-26.32,206100.0
1986-06-06,-26.3633,-25.9867,-26.3633,-26.28,2619300.0
1986-06-09,-26.9033,-26.53,-26.9467,-26.9033,3210000.0
1986-06-10,-27.1133,-26.9033,-27.1133,-27.03,5016000.0
1986-06-11,-26.9467,-26.78,-26.9867,-26.9033,693300.0
1986-06-12,-26.8633,-26.78,-26.9867,-26.82,2109900.0
1986-06-13,-26.82,-26.57,-26.82,-26.7367,200400.0
1986-06-16,-26.7367,-26.6533,-26.8633,-26.6533,245700.0
1986-06-17,-26.6533,-26.6533,-26.9033,-26.8633,206100.0
1986-06-18,-26.9467,-26.8633,-27.07,-26.9867,236100.0
1986-06-19,-27.07,-27.03,-27.1133,-27.1133,207900.0
1986-06-20,-27.1133,-27.03,-27.1967,-27.03,620100.0
1986-06-23,-26.9467,-26.82,-27.1967,-27.1133,407700.0
1986-06-24,-27.1133,-26.82,-27.2367,-26.9467,387600.0
1986-06-25,-26.6967,-26.57,-26.78,-26.57,432600.0
1986-06-26,-26.6133,-26.53,-26.7367,-26.6533,225900.0
1986-06-27,-26.57,-26.4867,-26.6133,-26.53,54000.0
1986-06-30,-26.53,-26.53,-26.78,-26.6967,211800.0
1986-07-01,-26.6967,-26.3633,-26.6967,-26.6533,569400.0
1986-07-02,-26.6133,-26.4867,-26.7367,-26.4867,253200.0
1986-07-03,-26.4467,-26.4467,-26.6133,-26.4867,68400.0
1986-07-07,-26.4867,-26.4867,-26.8633,-26.82,594600.0
1986-07-08,-27.1133,-27.03,-27.3633,-27.28,609900.0
1986-07-09,-27.28,-27.1967,-27.4033,-27.28,436800.0
1986-07-10,-27.1967,-27.1133,-27.6133,-27.28,254700.0
1986-07-11,-27.4467,-27.4033,-27.57,-27.4867,421800.0
1986-07-14,-27.57,-27.57,-28.2367,-28.1967,665700.0
1986-07-15,-28.1133,-28.07,-28.53,-28.28,851400.0
1986-07-16,-28.4033,-28.2367,-28.4033,-28.32,274800.0
1986-07-17,-28.4033,-28.2367,-28.4033,-28.3633,265800.0
1986-07-18,-28.28,-28.28,-28.7367,-28.6133,672900.0
1986-07-21,-28.6967,-28.6133,-28.7367,-28.6133,276000.0
1986-07-22,-28.6967,-28.6533,-28.7367,-28.6533,188400.0
1986-07-23,-28.6533,-28.57,-28.6533,-28.57,387300.0
1986-07-24,-28.57,-28.57,-28.78,-28.78,152700.0
1986-07-25,-28.78,-28.53,-28.78,-28.53,584400.0
1986-07-28,-28.6133,-28.2367,-28.82,-28.6967,243600.0
1986-07-29,-28.82,-28.6967,-29.1133,-29.1133,216900.0
1986-07-30,-29.1133,-28.9467,-29.2367,-29.2367,528000.0
1986-07-31,-29.2367,-29.1133,-29.28,-29.1533,102600.0
1986-08-01,-29.1533,-29.03,-29.1967,-29.1533,336900.0
1986-08-04,-29.1533,-29.03,-29.32,-29.03,281100.0
1986-08-05,-28.78,-28.57,-28.78,-28.78,1017900.0
1986-08-06,-28.6533,-28.1133,-28.6533,-28.1133,475200.0
1986-08-07,-28.28,-28.1967,-28.4467,-28.28,203700.0
1986-08-08,-28.3633,-28.1533,-28.3633,-28.3633,381600.0
1986-08-11,-28.28,-28.1133,-28.4467,-28.1967,322200.0
1986-08-12,-28.1133,-28.07,-28.4467,-28.32,399000.0
1986-08-13,-28.2367,-28.03,-28.3633,-28.07,1065300.0
1986-08-14,-28.07,-28.03,-28.2367,-28.03,418200.0
1986-08-15,-27.9867,-27.9467,-28.07,-27.9467,1053900.0
1986-08-18,-27.9467,-27.9033,-27.9867,-27.9467,671700.0
1986-08-19,-27.9033,-27.4867,-28.03,-27.6967,839100.0
1986-08-20,-27.6967,-27.4867,-27.7367,-27.53,377100.0
1986-08-21,-27.53,-27.4867,-27.6967,-27.6133,154200.0
1986-08-22,-27.6967,-27.6533,-27.7367,-27.6533,418800.0
1986-08-25,-27.6967,-27.6967,-27.9467,-27.78,200700.0
1986-08-26,-27.78,-27.4467,-27.78,-27.57,365700.0
1986-08-27,-27.6133,-27.53,-27.78,-27.57,270000.0
1986-08-28,-27.53,-27.53,-27.6533,-27.57,109800.0
1986-08-29,-27.57,-27.4467,-27.6133,-27.53,98700.0
1986-09-02,-27.53,-27.53,-27.6967,-27.6967,615600.0
1986-09-03,-27.6967,-27.6533,-27.7367,-27.6967,324600.0
1986-09-04,-27.6533,-27.53,-27.78,-27.53,353400.0
1986-09-05,-27.4033,-27.3633,-28.03,-27.9467,738000.0
1986-09-08,-28.03,-27.9867,-28.6133,-28.3633,1013100.0
1986-09-09,-28.4867,-28.32,-28.53,-28.4867,240600.0
1986-09-10,-28.4867,-28.4467,-28.6967,-28.57,543000.0
1986-09-11,-28.6533,-28.6533,-28.9867,-28.9867,602700.0
1986-09-12,-28.9033,-28.9033,-29.6533,-29.53,693300.0
1986-09-15,-29.4467,-29.1967,-29.4867,-29.2367,4230000.0
1986-09-16,-29.2367,-29.1133,-29.4467,-29.1133,612900.0
1986-09-17,-29.1133,-28.78,-29.1533,-28.9867,368100.0
1986-09-18,-28.9867,-28.9867,-29.1967,-29.1533,283500.0
1986-09-19,-29.1533,-29.1533,-29.4033,-29.32,318300.0
1986-09-22,-29.28,-29.1133,-29.57,-29.1133,379200.0
1986-09-23,-29.03,-28.78,-29.07,-28.78,279000.0
1986-09-24,-28.82,-28.6133,-28.8633,-28.6533,271800.0
1986-09-25,-28.6533,-28.53,-29.07,-28.9867,532800.0
1986-09-26,-29.03,-28.6967,-29.07,-28.8633,361800.0
1986-09-29,-28.9467,-28.8633,-29.1533,-29.1533,563100.0
1986-09-30,-29.1533,-29.1533,-29.3633,-29.32,378300.0
1986-10-01,-29.32,-29.1133,-29.3633,-29.32,495600.0
1986-10-02,-29.32,-29.32,-29.3633,-29.3633,241500.0
1986-10-03,-29.1967,-29.1133,-29.4033,-29.3633,710700.0
1986-10-06,-29.32,-29.28,-29.3633,-29.28,234300.0
1986-10-07,-29.2367,-29.1533,-29.3633,-29.1533,147300.0
1986-10-08,-28.82,-28.82,-29.28,-28.82,270000.0
1986-10-09,-28.82,-28.78,-29.07,-29.07,329400.0
1986-10-10,-29.03,-29.03,-29.4467,-29.2367,550800.0
1986-10-13,-29.1533,-29.1533,-29.3633,-29.2367,173100.0
1986-10-14,-29.28,-29.2367,-29.3633,-29.32,226800.0
1986-10-15,-29.28,-28.9033,-29.32,-28.9033,323700.0
1986-10-16,-28.82,-28.82,-28.9867,-28.9033,258900.0
1986-10-17,-28.9867,-28.8633,-29.1967,-29.03,268800.0
1986-10-20,-29.03,-29.03,-29.3633,-29.3633,219900.0
1986-10-21,-29.32,-29.1967,-29.3633,-29.3633,376800.0
1986-10-22,-29.3633,-29.32,-29.4467,-29.4467,241800.0
1986-10-23,-29.4033,-29.28,-29.6133,-29.32,533700.0
1986-10-24,-29.28,-29.2367,-29.3633,-29.32,225000.0
1986-10-27,-29.32,-29.32,-29.6133,-29.4467,326400.0
1986-10-28,-29.4033,-29.3633,-29.57,-29.57,170100.0
1986-10-29,-29.4867,-29.28,-29.57,-29.3633,381900.0
1986-10-30,-29.1133,-29.03,-29.1967,-29.1133,713100.0
1986-10-31,-29.1133,-29.1133,-29.2367,-29.1533,177600.0
1986-11-03,-29.2367,-29.07,-29.28,-29.28,357000.0
1986-11-04,-29.07,-28.9033,-29.1133,-28.9033,284700.0
1986-11-05,-28.9867,-28.82,-28.9867,-28.82,283800.0
1986-11-06,-28.82,-28.82,-29.07,-29.03,227400.0
1986-11-07,-28.9867,-28.9033,-29.07,-28.9867,198900.0
1986-11-10,-29.03,-28.9867,-29.07,-28.9867,117300.0
1986-11-11,-28.9867,-28.9867,-29.1133,-29.1133,189600.0
1986-11-12,-29.1133,-28.9467,-29.4033,-28.9467,402300.0
1986-11-13,-28.9867,-28.9867,-29.4467,-29.1967,451800.0
1986-11-14,-29.32,-29.2367,-29.4467,-29.2367,261300.0
1986-11-17,-29.32,-29.32,-29.53,-29.4467,414600.0
1986-11-18,-29.4467,-29.4467,-29.6533,-29.4867,588000.0
1986-11-19,-29.4467,-29.32,-29.53,-29.32,459600.0
1986-11-20,-29.2367,-29.1533,-29.57,-29.2367,522600.0
1986-11-21,-29.1967,-28.9033,-29.28,-28.9033,344100.0
1986-11-24,-28.9467,-28.7367,-28.9467,-28.9467,650400.0
1986-11-25,-28.9033,-28.82,-29.03,-28.8633,318900.0
1986-11-26,-28.8633,-28.82,-28.9867,-28.8633,286500.0
1986-11-28,-28.8633,-28.8633,-28.9867,-28.9467,84000.0
1986-12-01,-28.9867,-28.6967,-29.1133,-28.6967,200100.0
1986-12-02,-28.6967,-28.1133,-28.6967,-28.1533,869400.0
1986-12-03,-28.1133,-27.9467,-28.1533,-28.1133,1077600.0
1986-12-04,-28.07,-28.07,-28.28,-28.2367,452400.0
1986-12-05,-28.1967,-28.1967,-28.53,-28.4467,442200.0
1986-12-08,-28.4467,-28.1533,-28.57,-28.28,911400.0
1986-12-09,-28.6533,-28.4033,-28.6533,-28.6533,1275900.0
1986-12-10,-28.78,-28.4867,-28.82,-28.53,292800.0
1986-12-11,-28.53,-28.53,-28.82,-28.78,200700.0
1986-12-12,-28.78,-28.78,-29.03,-28.9867,249600.0
1986-12-15,-29.07,-29.07,-29.6133,-29.28,5100000.0
1986-12-16,-29.1967,-29.03,-29.1967,-29.03,670200.0
1986-12-17,-28.9467,-28.8633,-29.03,-28.9867,480600.0
1986-12-18,-28.9467,-28.78,-28.9467,-28.9033,509400.0
1986-12-19,-28.9467,-28.9033,-29.03,-28.9867,883200.0
1986-12-22,-29.03,-28.9033,-29.32,-29.1533,660300.0
1986-12-23,-29.1967,-29.03,-29.3633,-29.28,285900.0
1986-12-24,-29.3633,-29.1133,-29.3633,-29.32,236100.0
1986-12-26,-29.3633,-29.28,-29.3633,-29.28,141300.0
1986-12-29,-29.3633,-29.28,-29.4033,-29.32,427200.0
1986-12-30,-29.3633,-29.2367,-29.3633,-29.28,551100.0
1986-12-31,-29.32,-29.32,-29.6967,-29.6967,1362300.0
1987-01-02,-29.6967,-29.4867,-29.6967,-29.4867,248700.0
1987-01-05,-29.4033,-29.1967,-29.4867,-29.1967,790800.0
1987-01-06,-29.1533,-28.9467,-29.2367,-29.1133,957600.0
1987-01-07,-29.1133,-28.9033,-29.1533,-28.9467,592500.0
1987-01-08,-28.9467,-28.57,-28.9467,-28.57,1139400.0
1987-01-09,-28.53,-28.4867,-28.6533,-28.53,790200.0
1987-01-12,-28.53,-28.4033,-28.53,-28.4467,445500.0
1987-01-13,-28.4467,-28.4467,-28.6967,-28.4867,771000.0
1987-01-14,-28.4867,-28.4467,-28.6133,-28.4867,328200.0
1987-01-15,-28.53,-28.4033,-28.53,-28.4033,583500.0
1987-01-16,-28.32,-28.1967,-28.3633,-28.2367,479700.0
1987-01-19,-28.28,-28.03,-28.3633,-28.1133,395400.0
1987-01-20,-28.1133,-27.9033,-28.1533,-27.9467,702000.0
1987-01-21,-27.9467,-27.9467,-28.07,-27.9467,323700.0
1987-01-22,-27.9467,-27.78,-27.9467,-27.8633,385500.0
1987-01-23,-27.8633,-27.6133,-27.9867,-27.8633,615900.0
1987-01-26,-27.9467,-27.9033,-27.9867,-27.9467,202500.0
1987-01-27,-27.9467,-27.7367,-27.9867,-27.7367,750000.0
1987-01-28,-27.6967,-27.6967,-27.9467,-27.8633,287100.0
1987-01-29,-27.78,-27.78,-28.07,-28.03,613500.0
1987-01-30,-27.9867,-27.9867,-28.1967,-28.1533,612600.0
1987-02-02,-28.1133,-28.1133,-28.2367,-28.1967,208800.0
1987-02-03,-28.1967,-28.1967,-28.32,-28.2367,482400.0
1987-02-04,-28.1967,-27.9867,-28.2367,-28.03,550200.0
1987-02-05,-27.9867,-27.4867,-27.9867,-27.4867,522000.0
1987-02-06,-27.4467,-27.4467,-27.6967,-27.6533,224400.0
1987-02-09,-27.6133,-27.6133,-27.78,-27.7367,178800.0
1987-02-10,-27.78,-27.7367,-28.1533,-28.1133,342300.0
1987-02-11,-28.1133,-27.9867,-28.1133,-28.03,216600.0
1987-02-12,-28.07,-27.9467,-28.2367,-28.1133,390300.0
1987-02-13,-28.03,-27.82,-28.1133,-27.82,416100.0
1987-02-17,-27.78,-27.6133,-27.9033,-27.82,273300.0
1987-02-18,-27.7367,-27.6533,-28.03,-27.7367,453000.0
1987-02-19,-27.6533,-27.28,-27.6533,-27.28,687900.0
1987-02-20,-27.3633,-27.28,-27.4867,-27.4033,299100.0
1987-02-23,-27.57,-27.57,-28.4033,-28.28,1107300.0
1987-02-24,-28.1967,-28.07,-28.2367,-28.1533,543000.0
1987-02-25,-28.1533,-28.1533,-28.4467,-28.4033,848700.0
1987-02-26,-28.4467,-28.4033,-28.6533,-28.6133,808500.0
1987-02-27,-28.6133,-28.28,-28.6133,-28.28,748800.0
1987-03-02,-28.28,-28.28,-28.53,-28.4867,401700.0
1987-03-03,-28.4867,-28.32,-28.4867,-28.32,502200.0
1987-03-04,-28.28,-28.1967,-28.4033,-28.1967,263400.0
1987-03-05,-28.1533,-27.9467,-28.1967,-27.9467,320700.0
1987-03-06,-27.9467,-27.8633,-28.03,-27.9867,721800.0
1987-03-09,-28.32,-28.32,-28.57,-28.4467,2527500.0
1987-03-10,-28.53,-28.4467,-28.6133,-28.4467,3390000.0
1987-03-11,-28.4467,-28.4467,-28.78,-28.6533,247800.0
1987-03-12,-28.6133,-28.6133,-28.78,-28.6133,258000.0
1987-03-13,-28.7367,-28.6967,-28.8633,-28.8633,253800.0
1987-03-16,-28.9467,-28.9033,-29.1533,-29.03,384000.0
1987-03-17,-29.03,-28.8633,-29.1133,-28.8633,282000.0
1987-03-18,-28.6967,-28.6967,-29.1133,-28.9033,291900.0
1987-03-19,-29.03,-28.9467,-29.07,-28.9467,328800.0
1987-03-20,-28.9467,-28.9033,-29.1533,-28.9867,395100.0
1987-03-23,-28.9467,-28.7367,-29.03,-28.82,705600.0
1987-03-24,-28.82,-28.7367,-28.9867,-28.9033,385500.0
1987-03-25,-28.82,-28.57,-28.82,-28.6533,464400.0
1987-03-26,-28.6533,-28.6533,-28.8633,-28.7367,537600.0
1987-03-27,-28.7367,-28.57,-28.78,-28.78,384600.0
1987-03-30,-29.1967,-29.03,-29.28,-29.1967,834000.0
1987-03-31,-29.1533,-29.1133,-29.2367,-29.1967,663600.0
1987-04-01,-29.28,-29.1533,-29.4033,-29.1533,985500.0
1987-04-02,-29.1133,-28.9033,-29.1133,-28.9467,536100.0
1987-04-03,-28.9467,-28.57,-28.9867,-28.6533,349500.0
1987-04-06,-28.6133,-28.6133,-28.6967,-28.6133,196200.0
1987-04-07,-28.6967,-28.6533,-28.9867,-28.9867,248100.0
1987-04-08,-28.9867,-28.6533,-28.9867,-28.78,840300.0
1987-04-09,-28.8633,-28.8633,-29.07,-28.9867,166800.0
1987-04-10,-29.03,-28.9867,-29.1133,-29.1133,177300.0
1987-04-13,-29.07,-29.03,-29.9033,-29.78,405000.0
1987-04-14,-29.8633,-29.82,-30.3633,-30.1967,407100.0
1987-04-15,-30.07,-29.9867,-30.1533,-30.07,328800.0
1987-04-16,-29.9467,-29.9033,-30.03,-30.03,373800.0
1987-04-20,-29.9867,-29.9467,-30.1133,-30.07,218700.0
1987-04-21,-30.1133,-29.8633,-30.1533,-29.8633,287400.0
1987-04-22,-29.78,-29.78,-30.2367,-30.2367,273000.0
1987-04-23,-30.1967,-29.9033,-30.4033,-29.9867,869400.0
1987-04-24,-30.07,-29.7367,-30.1967,-30.03,1177200.0
1987-04-27,-30.03,-30.03,-30.2367,-30.07,695100.0
1987-04-28,-30.03,-29.82,-30.07,-30.03,481500.0
1987-04-29,-29.9867,-29.6967,-29.9867,-29.82,541800.0
1987-04-30,-29.78,-29.57,-29.82,-29.6133,492000.0
1987-05-01,-29.6133,-29.2367,-29.6533,-29.53,921300.0
1987-05-04,-29.57,-29.3633,-29.57,-29.3633,820500.0
1987-05-05,-29.4033,-28.9033,-29.4033,-28.9033,609600.0
1987-05-06,-28.9033,-28.9033,-29.03,-28.9467,423600.0
1987-05-07,-28.9467,-28.9467,-29.07,-29.03,478200.0
1987-05-08,-28.9867,-28.9467,-29.07,-28.9467,341100.0
1987-05-11,-28.9867,-28.82,-28.9867,-28.9867,315600.0
1987-05-12,-28.9467,-28.9467,-29.28,-29.1967,1170000.0
1987-05-13,-29.2367,-28.9867,-29.53,-29.53,248100.0
1987-05-14,-29.4867,-29.4467,-29.53,-29.4867,496800.0
1987-05-15,-29.53,-29.4867,-29.6967,-29.6533,255600.0
1987-05-18,-29.7367,-29.7367,-29.9033,-29.82,446700.0
1987-05-19,-29.82,-29.78,-30.1533,-30.1133,751200.0
1987-05-20,-30.1967,-29.9033,-30.57,-30.57,840600.0
1987-05-21,-30.4467,-29.9867,-30.4467,-30.07,629100.0
1987-05-22,-29.9867,-29.78,-30.03,-29.8633,741900.0
1987-05-26,-29.78,-29.3633,-29.78,-29.4033,343500.0
1987-05-27,-29.4867,-29.4867,-29.78,-29.78,187200.0
1987-05-28,-29.78,-29.6533,-29.9033,-29.78,178200.0
1987-05-29,-29.6967,-29.57,-29.82,-29.78,320400.0
1987-06-01,-29.78,-29.6133,-29.9033,-29.6133,269100.0
1987-06-02,-29.57,-29.57,-29.78,-29.6967,986700.0
1987-06-03,-29.7367,-29.4867,-29.7367,-29.4867,1314600.0
1987-06-04,-29.4867,-29.4033,-29.57,-29.4467,1091700.0
1987-06-05,-29.4467,-29.03,-29.4867,-29.1133,985500.0
1987-06-08,-29.1967,-28.7367,-29.2367,-28.78,1468200.0
1987-06-09,-28.9467,-28.8633,-29.07,-28.9467,343800.0
1987-06-10,-28.9467,-28.8633,-29.1533,-29.1533,326700.0
1987-06-11,-29.2367,-28.8633,-29.2367,-28.8633,263400.0
1987-06-12,-28.8633,-28.6967,-28.8633,-28.6967,713400.0
1987-06-15,-28.6533,-28.4867,-28.6533,-28.53,7290000.0
1987-06-16,-28.57,-28.2367,-28.57,-28.28,1184700.0
1987-06-17,-28.28,-28.1967,-28.3633,-28.2367,393900.0
1987-06-18,-28.1967,-28.1133,-28.2367,-28.1967,652500.0
1987-06-19,-28.1533,-28.07,-28.32,-28.28,733500.0
1987-06-22,-28.2367,-28.2367,-28.4467,-28.4033,286800.0
1987-06-23,-28.4033,-28.4033,-28.82,-28.78,246900.0
1987-06-24,-28.8633,-28.8633,-29.07,-28.9867,354600.0
1987-06-25,-29.03,-28.9467,-29.1967,-29.1533,481500.0
1987-06-26,-29.1533,-29.1533,-29.28,-29.1967,183300.0
1987-06-29,-29.1967,-29.1533,-29.4867,-29.32,213300.0
1987-06-30,-29.32,-29.32,-29.78,-29.78,564000.0
1987-07-01,-29.8633,-29.6133,-29.9033,-29.82,447600.0
1987-07-02,-29.78,-29.4867,-29.78,-29.57,295500.0
1987-07-06,-29.4867,-29.3633,-29.57,-29.4467,748800.0
1987-07-07,-29.4467,-29.4467,-29.53,-29.53,580200.0
1987-07-08,-29.53,-29.53,-29.78,-29.6533,332400.0
1987-07-09,-29.6967,-29.6967,-29.8633,-29.8633,228300.0
1987-07-10,-29.78,-29.6533,-29.8633,-29.6967,90900.0
1987-07-13,-29.6967,-29.6533,-29.82,-29.78,230100.0
1987-07-14,-29.78,-29.6967,-29.8633,-29.7367,1361100.0
1987-07-15,-29.8633,-29.78,-29.9867,-29.9467,441900.0
1987-07-16,-29.8633,-29.8633,-30.1967,-29.9033,237300.0
1987-07-17,-29.9033,-29.9033,-30.07,-29.9467,402300.0
1987-07-20,-30.07,-30.03,-30.1533,-30.1133,208500.0
1987-07-21,-30.1133,-29.8633,-30.28,-30.2367,322200.0
1987-07-22,-30.1967,-30.1967,-30.4033,-30.32,342600.0
1987-07-23,-30.32,-30.28,-30.53,-30.4033,595800.0
1987-07-24,-30.4467,-30.2367,-30.4467,-30.2367,319200.0
1987-07-27,-30.2367,-30.2367,-30.32,-30.32,268500.0
1987-07-28,-30.3633,-30.3633,-30.6133,-30.53,651300.0
1987-07-29,-30.53,-30.3633,-30.6133,-30.3633,490800.0
1987-07-30,-30.4033,-30.4033,-30.6133,-30.4467,449400.0
1987-07-31,-30.53,-30.4467,-30.57,-30.53,505500.0
1987-08-03,-30.57,-30.53,-30.7367,-30.6533,837900.0
1987-08-04,-30.6533,-30.4467,-30.6533,-30.57,411900.0
1987-08-05,-30.4867,-30.32,-30.57,-30.4033,526800.0
1987-08-06,-30.4033,-30.4033,-30.6533,-30.6133,1257600.0
1987-08-07,-30.57,-30.4867,-30.57,-30.53,328800.0
1987-08-10,-30.57,-30.07,-30.6133,-30.1133,2010000.0
1987-08-11,-29.9033,-29.1133,-29.9033,-29.1133,3210000.0
1987-08-12,-29.1533,-28.9867,-29.32,-29.1533,1247100.0
1987-08-13,-29.03,-28.6533,-29.03,-28.6967,999600.0
1987-08-14,-28.78,-28.7367,-29.1133,-29.07,813900.0
1987-08-17,-29.07,-28.9033,-29.07,-28.9033,418500.0
1987-08-18,-28.9033,-28.9033,-29.1967,-29.1133,629700.0
1987-08-19,-29.1967,-29.1967,-29.57,-29.53,817800.0
1987-08-20,-29.57,-29.53,-29.7367,-29.53,463500.0
1987-08-21,-29.4867,-29.4867,-29.9467,-29.82,546600.0
1987-08-24,-29.8633,-29.82,-30.03,-30.03,241500.0
1987-08-25,-29.9467,-29.53,-29.9467,-29.78,523500.0
1987-08-26,-29.7367,-29.7367,-29.9467,-29.9467,610800.0
1987-08-27,-29.8633,-29.8633,-30.2367,-30.2367,644400.0
1987-08-28,-30.1967,-30.1967,-30.4467,-30.4033,940200.0
1987-08-31,-30.4033,-30.32,-30.4467,-30.32,531000.0
1987-09-01,-30.3633,-30.32,-30.53,-30.4867,854400.0
1987-09-02,-30.4867,-30.4467,-30.6967,-30.6133,703200.0
1987-09-03,-30.57,-30.53,-30.78,-30.6133,342900.0
1987-09-04,-30.6133,-30.53,-30.9033,-30.82,321900.0
1987-09-08,-30.8633,-30.7367,-30.9467,-30.7367,3660000.0
1987-09-09,-30.9867,-30.9467,-31.07,-30.9867,284100.0
1987-09-10,-30.9867,-30.9033,-31.07,-30.9467,835800.0
1987-09-11,-30.9467,-30.9033,-31.07,-30.9867,468000.0
1987-09-14,-30.9467,-30.53,-30.9467,-30.53,529500.0
1987-09-15,-30.4467,-30.4467,-30.6967,-30.6533,3210000.0
1987-09-16,-30.7367,-30.7367,-31.03,-30.9467,597600.0
1987-09-17,-30.9033,-30.9033,-31.1133,-31.1133,473700.0
1987-09-18,-31.1133,-31.03,-31.2367,-31.1967,438300.0
1987-09-21,-31.1133,-31.07,-31.3633,-31.32,462000.0
1987-09-22,-31.2367,-31.1133,-31.3633,-31.1533,661500.0
1987-09-23,-31.1533,-31.1133,-31.28,-31.1533,349200.0
1987-09-24,-31.2367,-31.1133,-31.32,-31.32,345000.0
1987-09-25,-31.3633,-31.1533,-31.57,-31.4467,471300.0
1987-09-28,-31.28,-31.1533,-31.3633,-31.1533,468900.0
1987-09-29,-31.1533,-31.1533,-31.4033,-31.3633,299400.0
1987-09-30,-31.3633,-31.07,-31.4033,-31.07,996600.0
1987-10-01,-31.07,-30.82,-31.07,-30.9467,953400.0
1987-10-02,-30.9467,-30.8633,-31.03,-31.03,824100.0
1987-10-05,-31.07,-31.07,-31.2367,-31.1533,230700.0
1987-10-06,-31.1533,-31.1533,-31.4867,-31.4467,276600.0
1987-10-07,-31.4033,-31.4033,-31.6133,-31.4467,486300.0
1987-10-08,-31.4467,-31.4467,-31.6133,-31.6133,277800.0
1987-10-09,-31.57,-31.57,-31.6967,-31.6533,263100.0
1987-10-12,-31.7367,-31.53,-31.7367,-31.53,271200.0
1987-10-13,-31.4467,-31.1133,-31.4467,-31.1533,324300.0
1987-10-14,-31.2367,-31.2367,-31.4867,-31.4033,334800.0
1987-10-15,-31.4033,-31.32,-31.53,-31.32,545100.0
1987-10-16,-31.3633,-31.2367,-31.9033,-31.9033,716400.0
1987-10-19,-31.9033,-31.9033,-35.1967,-35.1967,1687200.0
1987-10-20,-34.4467,-33.78,-35.6133,-35.3633,1669200.0
1987-10-21,-34.4067,-33.8233,-34.4467,-34.4467,701400.0
1987-10-22,-34.4467,-34.24,-34.6967,-34.4067,1230000.0
1987-10-23,-34.5733,-34.3633,-34.6567,-34.6133,642000.0
1987-10-26,-34.9467,-34.8633,-35.4467,-35.3633,866100.0
1987-10-27,-35.1967,-34.9467,-35.3633,-35.24,539400.0
1987-10-28,-35.24,-34.9467,-35.3633,-35.1133,756900.0
1987-10-29,-35.1133,-34.9467,-35.1567,-35.1567,617100.0
1987-10-30,-35.03,-34.78,-35.03,-34.78,837000.0
1987-11-02,-34.78,-34.3633,-34.8633,-34.3633,495300.0
1987-11-03,-34.28,-34.1133,-34.78,-34.6133,1133700.0
1987-11-04,-34.6133,-34.1967,-34.78,-34.3233,241200.0
1987-11-05,-34.6967,-34.1133,-34.74,-34.1967,717900.0
1987-11-06,-34.28,-34.03,-34.28,-34.28,418800.0
1987-11-09,-34.28,-34.0733,-34.3633,-34.28,814500.0
1987-11-10,-34.3633,-34.1567,-34.4067,-34.24,559800.0
1987-11-11,-34.1567,-34.03,-34.1967,-34.03,370500.0
1987-11-12,-33.9467,-33.78,-34.24,-34.1967,863400.0
1987-11-13,-34.1133,-34.1133,-34.3633,-34.28,479400.0
1987-11-16,-34.24,-34.24,-34.4467,-34.3633,224400.0
1987-11-17,-34.4467,-34.4467,-34.6567,-34.49,503100.0
1987-11-18,-34.49,-34.4467,-34.6567,-34.6567,343800.0
1987-11-19,-34.6133,-34.5733,-34.74,-34.74,321000.0
1987-11-20,-34.74,-34.4067,-34.74,-34.49,507300.0
1987-11-23,-34.5733,-34.49,-34.6133,-34.6133,343200.0
1987-11-24,-34.6133,-34.5733,-34.78,-34.6567,272700.0
1987-11-25,-34.6567,-34.6567,-34.9067,-34.9067,830100.0
1987-11-27,-34.9067,-34.8633,-34.9467,-34.9067,221100.0
1987-11-30,-35.28,-35.1967,-35.53,-35.1967,649800.0
1987-12-01,-35.24,-35.0733,-35.24,-35.24,275400.0
1987-12-02,-35.1567,-35.03,-35.28,-35.0733,373500.0
1987-12-03,-35.1133,-35.1133,-35.53,-35.49,329700.0
1987-12-04,-35.5733,-35.49,-35.9467,-35.6967,549600.0
1987-12-07,-35.78,-35.6567,-35.9067,-35.8633,652800.0
1987-12-08,-35.8633,-35.6567,-35.8633,-35.6967,6825300.0
1987-12-09,-35.9467,-35.6967,-35.99,-35.78,677700.0
1987-12-10,-35.8233,-35.74,-35.9067,-35.8233,497100.0
1987-12-11,-35.9067,-35.78,-35.9467,-35.78,336900.0
1987-12-14,-35.8233,-35.78,-36.03,-35.78,522900.0
1987-12-15,-36.0733,-36.03,-37.03,-36.8633,5734200.0
1987-12-16,-36.6967,-36.49,-36.8633,-36.49,1605900.0
1987-12-17,-36.3633,-36.3633,-36.78,-36.6567,875100.0
1987-12-18,-36.4067,-36.1133,-36.74,-36.1133,1286400.0
1987-12-21,-36.1567,-35.99,-36.24,-36.1133,783600.0
1987-12-22,-36.1133,-36.0733,-36.3233,-36.1567,981600.0
1987-12-23,-36.1567,-36.03,-36.3233,-36.03,645600.0
1987-12-24,-36.0733,-36.03,-36.1967,-36.1133,351900.0
1987-12-28,-36.1133,-36.1133,-36.24,-36.1967,648000.0
1987-12-29,-36.1967,-35.99,-36.1967,-36.1567,573900.0
1987-12-30,-36.0733,-36.03,-36.24,-36.1967,859200.0
1987-12-31,-36.28,-36.28,-36.6967,-36.6567,966600.0
1988-01-04,-36.78,-36.1133,-36.8233,-36.1133,871800.0
1988-01-05,-36.0733,-36.0733,-36.6567,-36.53,909000.0
1988-01-06,-36.4467,-36.3633,-36.6133,-36.49,1200900.0
1988-01-07,-36.4467,-36.4467,-36.5733,-36.4467,701700.0
1988-01-08,-36.4467,-36.4467,-36.99,-36.99,619800.0
1988-01-11,-36.9067,-36.5733,-37.03,-36.5733,493800.0
1988-01-12,-36.53,-36.53,-36.9467,-36.78,2596800.0
1988-01-13,-36.78,-36.53,-36.9467,-36.8233,667800.0
1988-01-14,-36.74,-36.6967,-37.03,-36.9467,875400.0
1988-01-15,-36.78,-36.6967,-36.9067,-36.9067,1612200.0
1988-01-18,-36.9467,-36.9067,-37.03,-36.99,774000.0
1988-01-19,-36.99,-36.78,-37.0733,-36.9467,448800.0
1988-01-20,-36.9067,-36.8233,-36.9467,-36.9067,547200.0
1988-01-21,-36.8633,-36.8233,-37.03,-36.9467,559800.0
1988-01-22,-36.9467,-36.9067,-37.1133,-37.0733,576000.0
1988-01-25,-36.99,-36.8633,-37.03,-36.8633,408900.0
1988-01-26,-36.9467,-36.9067,-37.03,-36.99,429600.0
1988-01-27,-36.99,-36.8233,-36.99,-36.9067,711600.0
1988-01-28,-36.8633,-36.8233,-36.9467,-36.8633,942600.0
1988-01-29,-36.8633,-36.6133,-37.0733,-36.6133,1708200.0
1988-02-01,-36.6567,-36.6567,-36.8633,-36.8233,1091700.0
1988-02-02,-36.78,-36.78,-36.9067,-36.8633,882000.0
1988-02-03,-36.8233,-36.6967,-36.8633,-36.8233,1443600.0
1988-02-04,-36.78,-36.6133,-36.78,-36.6133,454500.0
1988-02-05,-36.6133,-36.3233,-36.6567,-36.3233,921600.0
1988-02-08,-36.4067,-36.4067,-36.53,-36.49,1033800.0
1988-02-09,-36.4467,-36.4467,-36.5733,-36.49,258900.0
1988-02-10,-36.49,-36.4067,-36.5733,-36.4067,980700.0
1988-02-11,-36.4067,-36.3233,-36.49,-36.3633,864300.0
1988-02-12,-36.3233,-36.1967,-36.3633,-36.1967,546300.0
1988-02-16,-36.03,-35.8633,-36.24,-35.9467,1056600.0
1988-02-17,-35.9067,-35.9067,-36.1133,-36.0733,487200.0
1988-02-18,-36.1133,-36.0733,-36.1967,-36.1133,472800.0
1988-02-19,-36.1133,-36.03,-36.24,-36.03,432300.0
1988-02-22,-35.99,-35.78,-36.1133,-35.9067,1245600.0
1988-02-23,-35.9467,-35.8633,-36.03,-35.99,1050900.0
1988-02-24,-35.99,-35.8233,-35.99,-35.8233,2294400.0
1988-02-25,-35.8233,-35.6567,-35.8633,-35.78,2328600.0
1988-02-26,-35.6967,-35.6133,-35.74,-35.6567,1952400.0
1988-02-29,-35.6567,-35.4467,-35.6967,-35.4467,1953000.0
1988-03-01,-35.4467,-35.3633,-35.49,-35.4067,2120700.0
1988-03-02,-35.3633,-35.24,-35.4067,-35.28,2132700.0
1988-03-03,-35.3633,-35.24,-35.4067,-35.28,2072400.0
1988-03-04,-35.3633,-35.24,-35.6133,-35.6133,2847900.0
1988-03-07,-35.6567,-35.4467,-35.78,-35.49,2917800.0
1988-03-08,-35.49,-35.3233,-35.49,-35.3633,29754300.0
1988-03-09,-35.6133,-35.5733,-35.78,-35.78,614100.0
1988-03-10,-35.74,-35.6967,-35.9067,-35.8633,635700.0
1988-03-11,-35.8633,-35.6967,-35.8633,-35.78,684000.0
1988-03-14,-35.8233,-35.6567,-35.8633,-35.6567,499200.0
1988-03-15,-35.6133,-35.53,-35.78,-35.74,2360700.0
1988-03-16,-35.8233,-35.78,-35.9067,-35.78,405600.0
1988-03-17,-35.78,-35.6567,-35.78,-35.6967,563400.0
1988-03-18,-35.6567,-35.6567,-35.9067,-35.8633,855600.0
1988-03-21,-35.8233,-35.8233,-35.99,-35.9067,483600.0
1988-03-22,-35.8633,-35.78,-36.03,-35.9467,703200.0
1988-03-23,-35.9467,-35.9467,-36.03,-35.9467,317100.0
1988-03-24,-36.03,-35.9067,-36.24,-36.1967,1151700.0
1988-03-25,-36.1967,-35.9067,-36.3233,-36.28,459900.0
1988-03-28,-36.3233,-35.99,-36.4467,-36.3233,730500.0
1988-03-29,-36.3233,-36.1967,-36.3633,-36.3633,526500.0
1988-03-30,-36.3233,-36.24,-36.4467,-36.4467,706800.0
1988-03-31,-36.4467,-36.4467,-36.74,-36.6567,1236600.0
1988-04-04,-36.6567,-36.5733,-36.6967,-36.6133,565200.0
1988-04-05,-36.5733,-36.3233,-36.5733,-36.3233,510300.0
1988-04-06,-36.3233,-35.9467,-36.3233,-35.99,1300500.0
1988-04-07,-35.99,-35.9467,-36.1133,-35.99,575700.0
1988-04-08,-35.99,-35.8233,-36.1133,-35.99,594600.0
1988-04-11,-35.9067,-35.8633,-36.03,-35.8633,543900.0
1988-04-12,-35.9467,-35.8233,-35.99,-35.8633,272100.0
1988-04-13,-35.8633,-35.8633,-35.99,-35.8633,432000.0
1988-04-14,-35.9467,-35.8633,-36.1133,-36.0733,723900.0
1988-04-15,-35.99,-35.99,-36.1133,-36.0733,642000.0
1988-04-18,-35.9467,-35.8633,-35.99,-35.9467,526800.0
1988-04-19,-35.9067,-35.8233,-35.9467,-35.9067,475200.0
1988-04-20,-35.8633,-35.8233,-36.03,-36.03,621600.0
1988-04-21,-35.99,-35.9067,-36.03,-35.99,683100.0
1988-04-22,-35.9467,-35.8633,-35.99,-35.9467,397800.0
1988-04-25,-35.78,-35.6567,-35.8233,-35.78,629700.0
1988-04-26,-35.74,-35.49,-35.74,-35.53,766500.0
1988-04-27,-35.53,-35.4467,-35.74,-35.53,657300.0
1988-04-28,-35.53,-35.53,-35.6133,-35.53,543000.0
1988-04-29,-35.5733,-35.53,-35.6567,-35.5733,632400.0
1988-05-02,-35.5733,-35.53,-35.6133,-35.53,338400.0
1988-05-03,-35.49,-35.4467,-35.5733,-35.53,538200.0
1988-05-04,-35.53,-35.53,-35.6567,-35.5733,324300.0
1988-05-05,-35.6567,-35.6133,-35.78,-35.6967,450000.0
1988-05-06,-35.6567,-35.5733,-35.6967,-35.6133,354000.0
1988-05-09,-35.6133,-35.53,-35.6567,-35.53,303900.0
1988-05-10,-35.49,-35.4467,-35.5733,-35.49,285600.0
1988-05-11,-35.4467,-35.4467,-35.53,-35.49,717300.0
1988-05-12,-35.49,-35.3233,-35.49,-35.3233,465300.0
1988-05-13,-35.28,-35.1567,-35.3233,-35.1567,2145900.0
1988-05-16,-35.0733,-34.9467,-35.0733,-34.9467,1815900.0
1988-05-17,-34.8233,-34.78,-35.03,-35.03,1538100.0
1988-05-18,-34.99,-34.99,-35.3633,-35.28,1359600.0
1988-05-19,-35.28,-35.1133,-35.3233,-35.1567,1649400.0
1988-05-20,-35.1133,-34.9067,-35.1133,-34.9067,1203300.0
1988-05-23,-34.8233,-34.8233,-35.03,-34.8633,1207800.0
1988-05-24,-34.8233,-34.6967,-34.9067,-34.74,1686900.0
1988-05-25,-34.74,-34.49,-34.74,-34.6133,1975500.0
1988-05-26,-34.5733,-34.49,-34.6133,-34.49,1466700.0
1988-05-27,-34.49,-34.4067,-34.5733,-34.4467,1394400.0
1988-05-31,-34.4467,-34.0733,-34.6967,-34.1567,1886400.0
1988-06-01,-34.1567,-33.6133,-34.1967,-33.74,2968200.0
1988-06-02,-33.8233,-33.74,-33.99,-33.8633,2278500.0
1988-06-03,-33.8633,-33.6133,-33.8633,-33.6133,2134500.0
1988-06-06,-33.53,-33.1967,-33.5733,-33.3233,2798400.0
1988-06-07,-33.3233,-33.03,-33.4067,-33.3233,3240000.0
1988-06-08,-33.3233,-33.1567,-33.4067,-33.28,22963500.0
1988-06-09,-33.6567,-33.6567,-33.9467,-33.8233,1405500.0
1988-06-10,-33.8633,-33.6133,-33.8633,-33.74,947100.0
1988-06-13,-33.74,-33.6133,-33.78,-33.74,433500.0
1988-06-14,-33.6567,-33.49,-33.6567,-33.5733,657300.0
1988-06-15,-33.6133,-33.5733,-33.74,-33.6567,423000.0
1988-06-16,-33.8633,-33.8633,-34.24,-34.24,836700.0
1988-06-17,-34.1967,-33.9067,-34.1967,-33.9467,864900.0
1988-06-20,-33.9067,-33.9067,-34.0733,-33.9067,479400.0
1988-06-21,-33.8633,-33.6567,-33.8633,-33.78,638100.0
1988-06-22,-33.6967,-33.49,-33.78,-33.5733,877200.0
1988-06-23,-33.6133,-33.53,-33.8233,-33.6133,807900.0
1988-06-24,-33.6133,-33.4467,-33.6133,-33.49,410700.0
1988-06-27,-33.49,-33.49,-33.74,-33.74,309900.0
1988-06-28,-33.78,-33.6567,-33.8633,-33.6967,315600.0
1988-06-29,-33.6567,-33.6133,-33.8633,-33.78,439500.0
1988-06-30,-33.8233,-33.53,-33.8233,-33.5733,369900.0
1988-07-01,-33.6567,-33.6133,-34.0733,-34.0733,844200.0
1988-07-05,-33.99,-33.6567,-33.99,-33.6567,462600.0
1988-07-06,-33.74,-33.5733,-33.9467,-33.8633,393000.0
1988-07-07,-33.78,-33.74,-33.8633,-33.78,200700.0
1988-07-08,-33.8233,-33.74,-33.9067,-33.8633,257100.0
1988-07-11,-33.8233,-33.78,-33.9467,-33.8633,301200.0
1988-07-12,-33.9067,-33.8633,-34.1133,-33.99,739800.0
1988-07-13,-34.03,-33.74,-34.03,-33.78,490200.0
1988-07-14,-33.78,-33.74,-33.8633,-33.74,315300.0
1988-07-15,-33.6967,-33.5733,-33.74,-33.5733,1110300.0
1988-07-18,-33.6133,-33.5733,-33.78,-33.78,1061400.0
1988-07-19,-33.74,-33.74,-33.99,-33.99,388200.0
1988-07-20,-33.9067,-33.8633,-33.99,-33.8633,362700.0
1988-07-21,-33.8633,-33.8633,-33.9467,-33.9067,303600.0
1988-07-22,-33.9467,-33.8633,-33.9467,-33.9467,369300.0
1988-07-25,-33.9467,-33.9067,-34.0733,-33.9067,247200.0
1988-07-26,-33.99,-33.9067,-33.99,-33.9467,157500.0
1988-07-27,-33.99,-33.8633,-33.99,-33.9467,242100.0
1988-07-28,-33.99,-33.78,-34.03,-33.8233,278700.0
1988-07-29,-33.78,-33.28,-33.78,-33.3233,901500.0
1988-08-01,-33.3233,-33.1133,-33.3633,-33.1967,575700.0
1988-08-02,-33.1567,-32.9467,-33.1567,-32.9867,1028700.0
1988-08-03,-33.03,-32.9033,-33.07,-32.9467,365400.0
1988-08-04,-32.8633,-32.6967,-32.9033,-32.82,936900.0
1988-08-05,-32.9033,-32.6133,-32.9033,-32.6967,370800.0
1988-08-08,-32.6133,-32.53,-32.6967,-32.57,970200.0
1988-08-09,-32.6533,-32.6533,-32.8633,-32.6967,765300.0
1988-08-10,-32.78,-32.78,-33.1567,-33.1567,586800.0
1988-08-11,-33.1567,-33.03,-33.1967,-33.1133,339300.0
1988-08-12,-33.07,-33.07,-33.24,-33.1133,175800.0
1988-08-15,-33.1133,-33.1133,-33.3633,-33.3633,235200.0
1988-08-16,-33.53,-33.1967,-33.6133,-33.3233,1500900.0
1988-08-17,-33.3233,-32.9467,-33.3233,-33.07,824700.0
1988-08-18,-33.1133,-32.9867,-33.1567,-33.07,322800.0
1988-08-19,-33.07,-33.03,-33.07,-33.03,212100.0
1988-08-22,-33.1133,-33.03,-33.3633,-33.28,651300.0
1988-08-23,-33.3233,-33.1567,-33.3233,-33.24,792900.0
1988-08-24,-33.28,-33.1133,-33.28,-33.1133,200400.0
1988-08-25,-33.1567,-33.1133,-33.1967,-33.1567,1857000.0
1988-08-26,-33.24,-33.1567,-33.24,-33.1967,1708500.0
1988-08-29,-33.1967,-33.07,-33.1967,-33.1567,1691700.0
1988-08-30,-33.1133,-33.07,-33.1967,-33.1567,1690200.0
1988-08-31,-33.24,-33.07,-33.24,-33.1133,2054100.0
1988-09-01,-33.1567,-33.1133,-33.3233,-33.24,1851000.0
1988-09-02,-33.1567,-32.82,-33.1967,-32.8633,2145000.0
1988-09-06,-32.7367,-32.6967,-32.78,-32.78,2004300.0
1988-09-07,-32.7367,-32.57,-32.7367,-32.6533,2202900.0
1988-09-08,-32.6533,-32.6533,-33.03,-32.9467,13296900.0
1988-09-09,-33.1967,-33.1967,-33.3233,-33.24,498000.0
1988-09-12,-33.24,-33.1567,-33.3233,-33.24,273000.0
1988-09-13,-33.24,-33.1967,-33.3233,-33.24,124500.0
1988-09-14,-33.1567,-33.1133,-33.28,-33.1967,412500.0
1988-09-15,-33.1567,-33.1567,-33.1967,-33.1567,240900.0
1988-09-16,-33.24,-33.1133,-33.24,-33.1133,462600.0
1988-09-19,-33.1967,-32.9033,-33.1967,-32.9867,472200.0
1988-09-20,-33.07,-32.9033,-33.07,-32.9033,197700.0
1988-09-21,-32.9033,-32.6967,-32.9467,-32.7367,385200.0
1988-09-22,-32.7367,-32.6533,-32.9867,-32.9033,502200.0
1988-09-23,-32.9467,-32.9467,-33.07,-33.07,269700.0
1988-09-26,-33.03,-33.03,-33.24,-33.1967,175500.0
1988-09-27,-33.1567,-33.1567,-33.24,-33.1567,355500.0
1988-09-28,-33.3233,-33.1567,-33.3233,-33.1567,237300.0
1988-09-29,-33.1567,-33.1567,-33.3633,-33.28,393600.0
1988-09-30,-33.28,-33.1133,-33.3233,-33.1133,735000.0
1988-10-03,-33.1967,-33.1133,-33.78,-33.53,1554600.0
1988-10-04,-33.49,-33.3633,-33.49,-33.3633,685200.0
1988-10-05,-33.3633,-33.3633,-33.4467,-33.3633,908100.0
1988-10-06,-33.28,-33.28,-33.49,-33.4467,840000.0
1988-10-07,-33.3233,-33.1967,-33.3633,-33.24,718200.0
1988-10-10,-33.24,-33.1967,-33.3633,-33.28,176700.0
1988-10-11,-33.24,-33.24,-33.4467,-33.3233,444300.0
1988-10-12,-33.4067,-33.4067,-33.53,-33.49,649500.0
1988-10-13,-33.5733,-33.49,-33.6133,-33.49,677100.0
1988-10-14,-33.4067,-33.28,-33.4067,-33.3633,555000.0
1988-10-17,-33.3633,-33.3233,-33.49,-33.3233,340200.0
1988-10-18,-33.3233,-33.24,-33.3633,-33.28,566100.0
1988-10-19,-33.24,-33.24,-33.4067,-33.28,562200.0
1988-10-20,-33.28,-32.53,-33.28,-32.9467,638100.0
1988-10-21,-33.03,-32.9867,-33.1567,-33.07,498600.0
1988-10-24,-32.9867,-32.9867,-33.1567,-33.1567,327600.0
1988-10-25,-33.07,-33.07,-33.1567,-33.1567,290700.0
1988-10-26,-33.1133,-32.9867,-33.1567,-33.03,805800.0
1988-10-27,-33.03,-32.9867,-33.1967,-33.1567,568800.0
1988-10-28,-33.1567,-33.07,-33.1567,-33.1133,362400.0
1988-10-31,-33.1133,-33.1133,-33.1967,-33.1567,691200.0
1988-11-01,-33.1967,-33.07,-33.24,-33.07,347700.0
1988-11-02,-33.03,-32.9467,-33.07,-32.9867,426900.0
1988-11-03,-32.9467,-32.8633,-32.9867,-32.9467,280500.0
1988-11-04,-33.03,-32.9033,-33.03,-32.9867,542400.0
1988-11-07,-33.03,-32.9867,-33.1567,-33.1567,306300.0
1988-11-08,-33.07,-32.9033,-33.1133,-32.9467,773100.0
1988-11-09,-32.9467,-32.53,-32.9867,-32.82,642000.0
1988-11-10,-32.8633,-32.6533,-32.8633,-32.6533,415500.0
1988-11-11,-32.7367,-32.7367,-32.82,-32.82,375900.0
1988-11-14,-32.8633,-32.82,-33.03,-32.9867,557400.0
1988-11-15,-32.9867,-32.8633,-32.9867,-32.9867,310200.0
1988-11-16,-32.9467,-32.9467,-33.1967,-33.1967,677700.0
1988-11-17,-33.24,-33.07,-33.24,-33.1967,264900.0
1988-11-18,-33.1133,-32.82,-33.1133,-32.8633,329100.0
1988-11-21,-32.8633,-32.82,-32.9467,-32.8633,305100.0
1988-11-22,-32.78,-32.7367,-32.8633,-32.82,261300.0
1988-11-23,-32.8633,-32.7367,-32.8633,-32.82,330600.0
1988-11-25,-32.9033,-32.8633,-32.9467,-32.9033,120300.0
1988-11-28,-32.9467,-32.8633,-33.1133,-32.9867,182100.0
1988-11-29,-32.9867,-32.78,-33.03,-32.8633,244800.0
1988-11-30,-32.82,-32.6133,-32.8633,-32.6533,239400.0
1988-12-01,-32.6533,-32.6533,-32.78,-32.6967,239100.0
1988-12-02,-32.7367,-32.4867,-32.7367,-32.4867,305400.0
1988-12-05,-32.6133,-32.6133,-33.1133,-32.9467,1139100.0
1988-12-06,-32.9467,-32.78,-32.9467,-32.82,605400.0
1988-12-07,-32.78,-32.6967,-32.82,-32.7367,480900.0
1988-12-08,-32.78,-32.6533,-32.82,-32.6967,499500.0
1988-12-09,-32.9467,-32.82,-32.9467,-32.82,305400.0
1988-12-12,-32.8633,-32.8633,-33.1967,-33.1967,417900.0
1988-12-13,-33.28,-33.1967,-33.4467,-33.4067,472800.0
1988-12-14,-33.3233,-33.28,-33.53,-33.4467,338100.0
1988-12-15,-33.4067,-33.24,-33.4467,-33.4467,314400.0
1988-12-16,-33.53,-33.53,-33.5733,-33.5733,3052800.0
1988-12-19,-33.5733,-33.53,-33.6567,-33.5733,425400.0
1988-12-20,-33.53,-33.53,-33.5733,-33.53,354600.0
1988-12-21,-33.53,-33.49,-33.5733,-33.53,505500.0
1988-12-22,-33.5733,-33.3633,-33.5733,-33.49,598800.0
1988-12-23,-33.49,-33.4467,-33.5733,-33.49,291600.0
1988-12-27,-33.5733,-33.3633,-33.5733,-33.4067,500100.0
1988-12-28,-33.49,-33.4067,-33.53,-33.4067,202500.0
1988-12-29,-33.4467,-33.4067,-33.49,-33.4467,275400.0
1988-12-30,-33.53,-33.4467,-33.53,-33.4467,209400.0
1989-01-03,-33.53,-33.4467,-33.6133,-33.53,459600.0
1989-01-04,-33.49,-33.4467,-33.5733,-33.4467,452100.0
1989-01-05,-33.4467,-33.4467,-33.5733,-33.53,413700.0
1989-01-06,-33.49,-33.3633,-33.49,-33.4467,348000.0
1989-01-09,-33.4067,-33.3233,-33.4467,-33.4067,585300.0
1989-01-10,-33.4067,-33.3633,-33.4067,-33.4067,378000.0
1989-01-11,-33.4067,-33.24,-33.4067,-33.28,444900.0
1989-01-12,-33.28,-33.03,-33.3233,-33.1967,1650300.0
1989-01-13,-33.1567,-33.1133,-33.24,-33.1133,1219800.0
1989-01-16,-33.1133,-32.9467,-33.1133,-33.03,777900.0
1989-01-17,-32.9467,-32.82,-33.03,-32.9867,804600.0
1989-01-18,-33.07,-33.03,-33.4467,-33.1567,749700.0
1989-01-19,-33.1567,-33.1133,-33.3233,-33.3233,2532000.0
1989-01-20,-33.24,-33.24,-33.3233,-33.28,600600.0
1989-01-23,-33.28,-33.28,-33.4067,-33.4067,448200.0
1989-01-24,-33.4067,-33.1567,-33.4067,-33.1567,691800.0
1989-01-25,-33.1567,-33.1133,-33.24,-33.1567,661800.0
1989-01-26,-33.1967,-32.8633,-33.24,-32.9467,1036500.0
1989-01-27,-32.9033,-32.6133,-32.9467,-32.7367,1433400.0
1989-01-30,-32.6133,-32.6133,-32.78,-32.78,474300.0
1989-01-31,-32.82,-32.78,-33.07,-32.9467,696300.0
1989-02-01,-32.9867,-32.78,-33.03,-32.8633,720900.0
1989-02-02,-32.8633,-32.57,-32.9033,-32.6967,904200.0
1989-02-03,-32.7367,-32.6533,-32.9467,-32.8633,1056300.0
1989-02-06,-32.9467,-32.9033,-33.1133,-32.9867,870600.0
1989-02-07,-33.07,-32.6133,-33.07,-32.82,1726200.0
1989-02-08,-32.7367,-32.6133,-32.8633,-32.7367,617100.0
1989-02-09,-32.9033,-32.6967,-33.1567,-33.1567,655500.0
1989-02-10,-33.1567,-32.9867,-33.24,-33.1133,789600.0
1989-02-13,-33.07,-33.03,-33.24,-33.03,614700.0
1989-02-14,-32.9467,-32.9033,-33.1133,-33.07,787800.0
1989-02-15,-33.1133,-33.07,-33.1967,-33.1567,575700.0
1989-02-16,-33.07,-32.9867,-33.1133,-32.9867,370500.0
1989-02-17,-32.9033,-32.9033,-33.1133,-32.9867,370500.0
1989-02-21,-32.9467,-32.9033,-33.1133,-33.1133,432600.0
1989-02-22,-33.1133,-33.07,-33.4067,-33.3233,634800.0
1989-02-23,-33.3633,-33.3633,-33.53,-33.4067,1110900.0
1989-02-24,-33.4067,-33.4067,-33.6133,-33.5733,429900.0
1989-02-27,-33.5733,-33.49,-33.6133,-33.49,335100.0
1989-02-28,-33.4467,-33.3633,-33.4467,-33.3633,419100.0
1989-03-01,-33.28,-33.24,-33.5733,-33.49,735300.0
1989-03-02,-33.4467,-33.4467,-33.53,-33.4467,699300.0
1989-03-03,-33.4467,-33.4467,-33.6133,-33.53,555600.0
1989-03-06,-33.4467,-33.4067,-33.5733,-33.53,527700.0
1989-03-07,-33.53,-33.3633,-33.6133,-33.3633,2121000.0
1989-03-08,-33.4467,-33.3633,-33.49,-33.3633,580200.0
1989-03-09,-33.6133,-33.49,-33.6967,-33.49,1854000.0
1989-03-10,-33.49,-33.4467,-33.6133,-33.5733,1415700.0
1989-03-13,-33.53,-33.49,-33.6133,-33.5733,429900.0
1989-03-14,-33.53,-33.4467,-33.5733,-33.4467,947700.0
1989-03-15,-33.4067,-33.28,-33.49,-33.28,784800.0
1989-03-16,-33.3633,-32.8633,-33.3633,-32.9033,2035800.0
1989-03-17,-33.03,-32.3633,-33.4067,-32.4867,3410700.0
1989-03-20,-32.53,-32.53,-32.82,-32.78,1250100.0
1989-03-21,-32.7367,-32.6533,-32.78,-32.6967,708300.0
1989-03-22,-32.6967,-32.6533,-32.7367,-32.6967,969300.0
1989-03-23,-32.6533,-32.6533,-32.9467,-32.9033,552600.0
1989-03-27,-32.9033,-32.78,-32.9467,-32.78,386400.0
1989-03-28,-32.82,-32.57,-32.82,-32.6533,711000.0
1989-03-29,-32.6533,-32.53,-32.6967,-32.57,957300.0
1989-03-30,-32.4467,-31.9467,-32.4467,-31.9867,3659700.0
1989-03-31,-31.8633,-31.6967,-31.9033,-31.7367,2132400.0
1989-04-03,-31.6967,-31.6967,-31.8633,-31.78,1144200.0
1989-04-04,-31.8633,-31.8633,-32.1133,-32.07,876600.0
1989-04-05,-32.1133,-32.03,-32.1967,-32.1967,931500.0
1989-04-06,-32.1967,-32.1967,-32.3633,-32.32,662100.0
1989-04-07,-32.32,-32.1533,-32.3633,-32.32,1083900.0
1989-04-10,-32.2367,-32.1533,-32.2367,-32.2367,272100.0
1989-04-11,-32.2367,-31.9467,-32.28,-31.9867,730800.0
1989-04-12,-31.9867,-31.8633,-32.1533,-32.1533,1099500.0
1989-04-13,-32.1133,-32.1133,-32.4033,-32.2367,912600.0
1989-04-14,-32.1533,-32.03,-32.28,-32.1533,942300.0
1989-04-17,-32.1967,-32.1967,-32.4033,-32.32,943800.0
1989-04-18,-32.28,-32.03,-32.3633,-32.07,963900.0
1989-04-19,-32.07,-31.9033,-32.1133,-31.9033,750300.0
1989-04-20,-31.9033,-31.82,-32.1133,-31.9467,456000.0
1989-04-21,-32.03,-31.82,-32.07,-31.82,620400.0
1989-04-24,-31.9467,-31.82,-31.9867,-31.82,399300.0
1989-04-25,-31.78,-31.6967,-31.82,-31.7367,624600.0
1989-04-26,-31.6967,-31.6533,-31.78,-31.6967,391500.0
1989-04-27,-31.6533,-31.57,-31.7367,-31.6533,657900.0
1989-04-28,-31.6533,-31.6533,-31.82,-31.78,489300.0
1989-05-01,-31.78,-31.6967,-31.82,-31.6967,738000.0
1989-05-02,-31.6533,-31.6133,-31.9033,-31.8633,372600.0
1989-05-03,-31.9867,-31.9467,-32.28,-32.07,600900.0
1989-05-04,-32.1133,-32.1133,-32.2367,-32.1967,389400.0
1989-05-05,-32.1533,-32.03,-32.3633,-32.28,524700.0
1989-05-08,-32.2367,-32.2367,-32.4033,-32.28,365700.0
1989-05-09,-32.28,-32.1967,-32.4467,-32.3633,389100.0
1989-05-10,-32.32,-32.28,-32.3633,-32.32,287100.0
1989-05-11,-32.3633,-32.32,-32.6133,-32.57,967800.0
1989-05-12,-32.4467,-32.3633,-32.53,-32.4467,643500.0
1989-05-15,-32.4467,-32.4033,-32.57,-32.4867,1425600.0
1989-05-16,-32.4467,-32.32,-32.4867,-32.4033,661800.0
1989-05-17,-32.3633,-32.32,-32.4867,-32.4467,461700.0
1989-05-18,-32.4033,-32.2367,-32.4033,-32.2367,565500.0
1989-05-19,-32.1133,-31.8633,-32.1533,-31.9033,1713900.0
1989-05-22,-31.78,-31.6533,-31.82,-31.78,972600.0
1989-05-23,-31.9033,-31.82,-32.03,-31.9867,726900.0
1989-05-24,-31.9867,-31.9467,-32.1533,-32.1133,567600.0
1989-05-25,-32.1133,-32.03,-32.1967,-32.1533,396900.0
1989-05-26,-32.1967,-32.07,-32.2367,-32.1133,578400.0
1989-05-30,-32.07,-31.9467,-32.1533,-32.07,1029600.0
1989-05-31,-32.03,-31.9033,-32.07,-31.9867,380100.0
1989-06-01,-31.82,-31.82,-31.9033,-31.82,436500.0
1989-06-02,-31.6967,-31.4033,-31.6967,-31.4867,1535400.0
1989-06-05,-31.3633,-31.3633,-31.7367,-31.53,694500.0
1989-06-06,-31.6533,-31.57,-31.78,-31.6967,824100.0
1989-06-07,-31.78,-31.4467,-31.78,-31.4467,665400.0
1989-06-08,-31.4033,-31.4033,-31.57,-31.4867,709500.0
1989-06-09,-31.78,-31.6533,-31.78,-31.7367,1104900.0
1989-06-12,-31.7367,-31.7367,-32.07,-31.9867,540600.0
1989-06-13,-32.1133,-32.07,-32.1967,-32.1967,400500.0
1989-06-14,-32.1533,-32.03,-32.1533,-32.07,380400.0
1989-06-15,-31.9867,-31.9867,-32.1967,-32.1967,600000.0
1989-06-16,-32.32,-32.07,-32.32,-32.1133,801600.0
1989-06-19,-32.07,-31.9033,-32.1133,-31.9033,526800.0
1989-06-20,-31.82,-31.7367,-31.9467,-31.7367,478200.0
1989-06-21,-31.7367,-31.6967,-31.9867,-31.9033,417600.0
1989-06-22,-31.8633,-31.82,-32.03,-31.82,279300.0
1989-06-23,-31.6967,-31.6533,-31.82,-31.6533,399000.0
1989-06-26,-31.6967,-31.6967,-31.8633,-31.78,344400.0
1989-06-27,-31.6967,-31.6133,-31.78,-31.6533,382800.0
1989-06-28,-31.7367,-31.53,-31.7367,-31.6533,967800.0
1989-06-29,-31.57,-31.57,-31.8633,-31.82,724500.0
1989-06-30,-31.82,-31.53,-32.07,-31.82,643200.0
1989-07-03,-31.7367,-31.6967,-31.82,-31.78,458700.0
1989-07-05,-31.78,-31.78,-31.9033,-31.82,546900.0
1989-07-06,-31.7367,-31.6533,-31.78,-31.78,596100.0
1989-07-07,-31.7367,-31.53,-31.7367,-31.6133,669300.0
1989-07-10,-31.57,-31.3633,-31.6133,-31.4033,560100.0
1989-07-11,-31.1133,-31.1133,-31.2367,-31.2367,896100.0
1989-07-12,-31.2367,-31.1133,-31.3633,-31.1967,1026300.0
1989-07-13,-31.28,-31.1533,-31.3633,-31.1533,1443900.0
1989-07-14,-31.1533,-31.1133,-31.32,-31.1967,1796100.0
1989-07-17,-31.1967,-31.1533,-31.32,-31.28,471900.0
1989-07-18,-31.4467,-31.4467,-31.6133,-31.4867,687600.0
1989-07-19,-31.4467,-31.3633,-31.4867,-31.4467,429000.0
1989-07-20,-31.53,-31.2367,-31.53,-31.53,1121100.0
1989-07-21,-31.4467,-31.4033,-31.57,-31.4467,228900.0
1989-07-24,-31.4033,-31.32,-31.4467,-31.32,652200.0
1989-07-25,-31.28,-31.1967,-31.3633,-31.3633,309000.0
1989-07-26,-31.3633,-31.2367,-31.3633,-31.28,253800.0
1989-07-27,-31.28,-31.1133,-31.28,-31.1133,371700.0
1989-07-28,-31.1533,-30.9867,-31.4033,-31.07,658800.0
1989-07-31,-31.07,-30.78,-31.07,-30.82,660000.0
1989-08-01,-30.78,-30.57,-30.8633,-30.8633,1289400.0
1989-08-02,-30.82,-30.78,-30.9033,-30.78,271200.0
1989-08-03,-30.78,-30.78,-30.8633,-30.78,273600.0
1989-08-04,-30.8633,-30.82,-31.07,-31.07,534000.0
1989-08-07,-30.9467,-30.6967,-31.07,-30.7367,733200.0
1989-08-08,-30.78,-30.78,-30.9467,-30.8633,577500.0
1989-08-09,-30.9467,-30.8633,-30.9867,-30.9867,165000.0
1989-08-10,-31.03,-30.8633,-31.1133,-30.8633,884700.0
1989-08-11,-30.8633,-30.82,-30.9467,-30.9033,450300.0
1989-08-14,-30.9467,-30.82,-30.9867,-30.9867,368400.0
1989-08-15,-30.9867,-30.8633,-31.07,-31.03,731400.0
1989-08-16,-30.9867,-30.9867,-31.1133,-31.03,491400.0
1989-08-17,-31.03,-30.9467,-31.2367,-31.1967,463800.0
1989-08-18,-31.2367,-31.1533,-31.28,-31.1967,292200.0
1989-08-21,-31.1967,-31.1967,-31.4867,-31.3633,382800.0
1989-08-22,-31.3633,-31.32,-31.4467,-31.3633,860100.0
1989-08-23,-31.3633,-31.28,-31.4033,-31.28,488400.0
1989-08-24,-31.2367,-31.07,-31.28,-31.1533,414000.0
1989-08-25,-31.1533,-31.07,-31.3633,-31.32,351000.0
1989-08-28,-31.2367,-31.1967,-31.4033,-31.1967,180600.0
1989-08-29,-31.1967,-31.03,-31.2367,-31.1967,249300.0
1989-08-30,-31.1967,-30.9867,-31.1967,-31.03,309900.0
1989-08-31,-31.07,-31.07,-31.1967,-31.07,434400.0
1989-09-01,-31.1533,-30.9467,-31.1967,-31.03,414900.0
1989-09-05,-30.9467,-30.9033,-31.07,-31.07,361500.0
1989-09-06,-31.1133,-31.1133,-31.4467,-31.4467,542700.0
1989-09-07,-31.4467,-31.2367,-31.4467,-31.28,375600.0
1989-09-08,-31.32,-31.2367,-31.4867,-31.2367,764100.0
1989-09-11,-31.53,-31.4033,-31.6133,-31.4033,364200.0
1989-09-12,-31.4033,-31.3633,-31.4467,-31.4033,398400.0
1989-09-13,-31.3633,-31.3633,-31.53,-31.4867,308700.0
1989-09-14,-31.4467,-31.4467,-31.7367,-31.6133,483900.0
1989-09-15,-31.6533,-31.6133,-31.78,-31.6533,826200.0
1989-09-18,-31.6967,-31.1967,-31.6967,-31.1967,452100.0
1989-09-19,-31.1967,-31.1133,-31.28,-31.1967,431700.0
1989-09-20,-31.28,-30.9467,-31.3633,-31.03,649500.0
1989-09-21,-30.82,-30.57,-30.82,-30.6533,1390500.0
1989-09-22,-30.6967,-30.6533,-30.82,-30.78,812400.0
1989-09-25,-31.03,-30.82,-31.03,-30.82,389700.0
1989-09-26,-30.8633,-30.8633,-30.9867,-30.9867,315900.0
1989-09-27,-30.9867,-30.8633,-30.9867,-30.9033,234600.0
1989-09-28,-30.8633,-30.4867,-31.03,-30.4867,860400.0
1989-09-29,-30.53,-30.1533,-30.53,-30.1533,1196700.0
1989-10-02,-30.2367,-30.07,-30.4033,-30.1133,878400.0
1989-10-03,-30.1967,-30.1133,-30.2367,-30.1133,423300.0
1989-10-04,-30.1533,-30.1133,-30.4467,-30.1533,799500.0
1989-10-05,-30.2367,-30.1967,-30.28,-30.2367,453900.0
1989-10-06,-30.2367,-30.1533,-30.2367,-30.1533,479700.0
1989-10-09,-30.1967,-30.07,-30.32,-30.07,322500.0
1989-10-10,-30.1533,-30.1533,-30.3633,-30.28,434400.0
1989-10-11,-30.28,-30.2367,-30.4467,-30.3633,466800.0
1989-10-12,-30.3633,-30.3633,-30.6967,-30.6133,526800.0
1989-10-13,-30.8633,-30.8633,-31.9467,-31.9467,1491600.0
1989-10-16,-31.9467,-31.3633,-32.1133,-31.4867,1140000.0
1989-10-17,-31.4867,-31.4867,-31.8633,-31.78,668100.0
1989-10-18,-31.7367,-31.6133,-31.8633,-31.7367,333000.0
1989-10-19,-31.7367,-31.6533,-31.82,-31.7367,507600.0
1989-10-20,-31.82,-31.78,-32.1133,-31.8633,691800.0
1989-10-23,-31.9867,-31.9467,-32.1967,-32.1133,723900.0
1989-10-24,-32.1133,-32.07,-32.9467,-32.2367,818700.0
1989-10-25,-32.2367,-32.1133,-32.32,-32.1967,209100.0
1989-10-26,-32.2367,-32.2367,-32.57,-32.4867,721800.0
1989-10-27,-32.57,-32.4467,-32.8633,-32.57,554100.0
1989-10-30,-32.6533,-32.53,-32.9033,-32.8633,604800.0
1989-10-31,-32.78,-32.53,-32.82,-32.57,1164300.0
1989-11-01,-32.6133,-32.57,-32.6967,-32.6133,151500.0
1989-11-02,-32.6967,-32.6967,-32.8633,-32.78,311700.0
1989-11-03,-32.78,-32.6967,-32.82,-32.78,375600.0
1989-11-06,-32.9467,-32.8633,-33.3633,-33.3633,368400.0
1989-11-07,-33.4467,-33.3233,-33.4467,-33.4067,9070200.0
1989-11-08,-33.3633,-33.03,-33.3633,-33.07,4515000.0
1989-11-09,-33.03,-32.9033,-33.07,-32.9467,1715400.0
1989-11-10,-32.9033,-32.82,-32.9867,-32.9467,2254800.0
1989-11-13,-32.9467,-32.8633,-32.9867,-32.9867,801300.0
1989-11-14,-32.9033,-32.82,-33.1133,-33.03,812700.0
1989-11-15,-33.07,-32.9867,-33.1567,-33.1133,915300.0
1989-11-16,-33.03,-32.9467,-33.03,-32.9467,2247600.0
1989-11-17,-32.9467,-32.82,-33.03,-32.8633,2165700.0
1989-11-20,-32.82,-32.82,-33.28,-33.1967,1137600.0
1989-11-21,-33.1567,-32.9867,-33.1567,-33.1567,736200.0
1989-11-22,-33.1567,-32.9867,-33.1967,-33.03,1069500.0
1989-11-24,-33.07,-32.8633,-33.1133,-32.9867,2319900.0
1989-11-27,-32.9033,-32.82,-32.9467,-32.8633,2196600.0
1989-11-28,-32.82,-32.82,-32.9467,-32.9033,1189500.0
1989-11-29,-32.9867,-32.9867,-33.1567,-33.07,6804900.0
1989-11-30,-33.03,-33.03,-33.28,-33.1967,1127100.0
1989-12-01,-33.24,-32.9867,-33.28,-33.1133,2268300.0
1989-12-04,-33.07,-32.78,-33.07,-32.8633,2380200.0
1989-12-05,-32.9467,-32.82,-33.1133,-33.1133,667200.0
1989-12-06,-33.1133,-32.9467,-33.1133,-33.07,746100.0
1989-12-07,-33.03,-32.9867,-33.1567,-33.1133,442500.0
1989-12-08,-33.07,-32.9467,-33.07,-32.9467,2162700.0
1989-12-11,-33.1967,-33.03,-33.1967,-33.03,2323200.0
1989-12-12,-33.07,-32.9867,-33.1567,-33.07,708000.0
1989-12-13,-33.07,-32.9467,-33.3233,-33.28,9190200.0
1989-12-14,-33.28,-33.24,-33.3633,-33.28,3951900.0
1989-12-15,-33.24,-33.24,-33.4067,-33.3633,938400.0
1989-12-18,-33.4467,-33.4067,-34.28,-34.03,1252800.0
1989-12-19,-34.1567,-34.1133,-34.28,-34.1567,2007000.0
1989-12-20,-34.1567,-33.8633,-34.1967,-33.8633,1774500.0
1989-12-21,-33.8633,-33.74,-33.9467,-33.8633,2544000.0
1989-12-22,-33.9067,-33.8233,-34.1133,-33.9067,968400.0
1989-12-26,-33.99,-33.8633,-34.0733,-33.9067,893700.0
1989-12-27,-33.9467,-33.8633,-34.03,-33.9467,1022100.0
1989-12-28,-33.9467,-33.74,-33.99,-33.78,1029000.0
1989-12-29,-33.8233,-33.78,-33.9067,-33.8233,1011300.0
1990-01-02,-33.8233,-33.74,-33.8233,-33.78,1180500.0
1990-01-03,-33.6567,-33.4467,-33.78,-33.4467,1597200.0
1990-01-04,-33.4467,-33.3633,-33.49,-33.4067,1010100.0
1990-01-05,-33.3633,-33.3633,-33.53,-33.3633,936900.0
1990-01-08,-33.4067,-33.3233,-33.49,-33.3633,569400.0
1990-01-09,-33.4467,-33.4067,-33.74,-33.6967,655800.0
1990-01-10,-33.74,-33.6967,-33.78,-33.74,1230600.0
1990-01-11,-33.6967,-33.6567,-33.8633,-33.8633,1338900.0
1990-01-12,-33.9467,-33.6967,-34.1133,-33.9467,2210100.0
1990-01-15,-33.9467,-33.9467,-34.03,-33.9467,613800.0
1990-01-16,-34.03,-33.9467,-34.0733,-33.99,1009200.0
1990-01-17,-33.99,-33.9067,-34.1567,-34.03,844500.0
1990-01-18,-34.03,-33.9467,-34.1567,-34.1133,702300.0
1990-01-19,-34.1567,-34.1133,-34.28,-34.1567,881700.0
1990-01-22,-34.1967,-34.1567,-34.49,-34.4467,846000.0
1990-01-23,-34.4067,-34.3633,-34.78,-34.6967,1272600.0
1990-01-24,-34.6967,-34.5733,-35.1133,-34.6567,1248000.0
1990-01-25,-34.74,-34.6567,-34.8233,-34.74,1087800.0
1990-01-26,-34.8633,-34.8233,-35.3233,-34.9467,4777800.0
1990-01-29,-35.03,-34.99,-35.24,-35.1567,1417800.0
1990-01-30,-35.3633,-35.28,-35.4467,-35.3633,1292700.0
1990-01-31,-35.3633,-35.1567,-35.4467,-35.1967,1134300.0
1990-02-01,-35.1967,-35.03,-35.1967,-35.1133,1519200.0
1990-02-02,-35.1567,-34.9467,-35.1967,-35.0733,1077900.0
1990-02-05,-35.1133,-35.03,-35.1567,-35.1133,604800.0
1990-02-06,-35.1133,-35.0733,-35.24,-35.1567,711600.0
1990-02-07,-35.24,-35.03,-35.28,-35.1133,694500.0
1990-02-08,-35.03,-34.9467,-35.1133,-35.1133,893400.0
1990-02-09,-35.03,-35.03,-35.1967,-35.1567,830700.0
1990-02-12,-35.1133,-35.03,-35.1567,-35.1133,1071300.0
1990-02-13,-35.1133,-35.0733,-35.1967,-35.1967,687000.0
1990-02-14,-35.1967,-34.99,-35.28,-34.99,1067400.0
1990-02-15,-35.0733,-34.6967,-35.1567,-34.78,2999400.0
1990-02-16,-34.74,-34.5733,-34.8633,-34.74,4536600.0
1990-02-20,-34.9467,-34.9067,-35.03,-34.99,2715000.0
1990-02-21,-35.1967,-35.03,-35.24,-35.03,4536900.0
1990-02-22,-35.03,-34.99,-35.24,-35.1567,1777800.0
1990-02-23,-35.24,-35.1567,-35.28,-35.28,1215900.0
1990-02-26,-35.24,-35.0733,-35.28,-35.1133,985200.0
1990-02-27,-35.1133,-35.1133,-35.3233,-35.28,1374900.0
1990-02-28,-35.3633,-35.1133,-35.4467,-35.24,1464300.0
1990-03-01,-35.24,-35.1567,-35.28,-35.28,1395300.0
1990-03-02,-35.1967,-35.1133,-35.28,-35.1133,910500.0
1990-03-05,-35.1133,-34.8233,-35.1133,-34.99,1162800.0
1990-03-06,-34.9467,-34.9067,-35.03,-34.9067,1168500.0
1990-03-07,-34.9067,-34.8233,-34.9067,-34.8633,2542800.0
1990-03-08,-34.78,-34.6133,-34.78,-34.6133,2952000.0
1990-03-09,-34.8633,-34.78,-35.0733,-35.03,2984400.0
1990-03-12,-35.03,-34.78,-35.0733,-34.8233,2977200.0
1990-03-13,-34.8633,-34.78,-34.9067,-34.8233,2759700.0
1990-03-14,-34.8633,-34.8233,-34.9067,-34.9067,2339700.0
1990-03-15,-34.9067,-34.9067,-35.0733,-35.0733,3381300.0
1990-03-16,-35.03,-35.03,-35.28,-35.24,1104600.0
1990-03-19,-35.3233,-35.1133,-35.4067,-35.1567,860700.0
1990-03-20,-35.24,-35.1967,-35.53,-35.4067,2268900.0
1990-03-21,-35.5733,-35.4467,-35.6967,-35.5733,2156400.0
1990-03-22,-35.6967,-35.6567,-35.78,-35.74,1935300.0
1990-03-23,-35.6567,-35.3633,-35.6967,-35.4067,2757900.0
1990-03-26,-35.4467,-35.3233,-35.6967,-35.6567,1483800.0
1990-03-27,-35.6967,-35.6567,-35.78,-35.6967,1767900.0
1990-03-28,-35.74,-35.6567,-35.78,-35.74,1627200.0
1990-03-29,-35.8233,-35.78,-35.9467,-35.8633,1602900.0
1990-03-30,-35.9467,-35.9067,-36.1967,-35.99,2167500.0
1990-04-02,-36.1133,-35.9067,-36.1967,-36.1133,1743600.0
1990-04-03,-36.0733,-35.8233,-36.1133,-35.8633,1313400.0
1990-04-04,-35.78,-35.6967,-36.03,-35.8633,1348500.0
1990-04-05,-35.9067,-35.8633,-36.1567,-36.1133,1519800.0
1990-04-06,-36.1133,-35.8633,-36.1967,-36.1567,2200500.0
1990-04-09,-36.1133,-35.99,-36.1567,-36.03,2100300.0
1990-04-10,-35.9467,-35.9467,-36.03,-36.03,1065300.0
1990-04-11,-36.0733,-35.99,-36.1967,-35.99,2661900.0
1990-04-12,-35.99,-35.5733,-36.03,-35.6133,3758400.0
1990-04-16,-35.53,-35.49,-35.74,-35.74,1863000.0
1990-04-17,-35.74,-35.6567,-35.9067,-35.6967,1216200.0
1990-04-18,-35.6133,-35.5733,-35.78,-35.74,879900.0
1990-04-19,-35.6567,-35.6567,-35.8633,-35.8233,888000.0
1990-04-20,-35.8233,-35.8233,-36.0733,-36.03,1187700.0
1990-04-23,-35.9067,-35.8633,-35.99,-35.8633,1614900.0
1990-04-24,-35.8233,-35.78,-35.8233,-35.78,958500.0
1990-04-25,-35.78,-35.74,-35.8633,-35.78,1428000.0
1990-04-26,-35.78,-35.78,-35.99,-35.8633,770700.0
1990-04-27,-35.8233,-35.78,-35.9467,-35.9067,648000.0
1990-04-30,-35.8633,-35.8633,-36.1133,-35.99,1017900.0
1990-05-01,-35.99,-35.8633,-36.03,-35.8633,754200.0
1990-05-02,-35.9067,-35.8633,-35.9467,-35.9467,771300.0
1990-05-03,-35.8633,-35.8233,-35.9067,-35.8633,818100.0
1990-05-04,-35.8633,-35.49,-35.9067,-35.49,1502100.0
1990-05-07,-35.49,-35.28,-35.53,-35.3233,1253400.0
1990-05-08,-35.3233,-35.3233,-35.49,-35.3633,635100.0
1990-05-09,-35.4067,-35.1967,-35.6133,-35.53,890700.0
1990-05-10,-35.4467,-35.3233,-35.5733,-35.4467,1267800.0
1990-05-11,-35.3633,-35.1967,-35.4467,-35.1967,1133700.0
1990-05-14,-35.1133,-34.8633,-35.1133,-35.0733,1546500.0
1990-05-15,-35.0733,-34.74,-35.1133,-34.8233,1902000.0
1990-05-16,-34.9067,-34.8633,-35.1133,-34.9467,1177800.0
1990-05-17,-34.8633,-34.8233,-35.03,-34.9467,882900.0
1990-05-18,-34.8233,-34.78,-34.8633,-34.8633,97800.0
1990-05-21,-34.9467,-34.74,-34.99,-34.8233,833100.0
1990-05-22,-34.8233,-34.6967,-34.8233,-34.78,1283700.0
1990-05-23,-34.78,-34.74,-34.8633,-34.78,682200.0
1990-05-24,-34.78,-34.74,-34.8633,-34.78,637200.0
1990-05-25,-34.8233,-34.74,-34.8233,-34.74,485700.0
1990-05-29,-34.6967,-34.6133,-34.74,-34.6567,641100.0
1990-05-30,-34.6133,-34.6133,-34.74,-34.6567,508800.0
1990-05-31,-34.6567,-34.6133,-34.6967,-34.6567,522000.0
1990-06-01,-34.5733,-34.4467,-34.6967,-34.4467,1617600.0
1990-06-04,-34.4067,-34.3233,-34.5733,-34.3233,1354200.0
1990-06-05,-34.24,-34.1567,-34.28,-34.1967,1629300.0
1990-06-06,-34.1567,-34.0733,-34.3233,-34.24,1200000.0
1990-06-07,-34.28,-34.24,-34.3633,-34.28,1105800.0
1990-06-08,-34.3633,-34.28,-34.4067,-34.3233,1878900.0
1990-06-11,-34.5733,-34.53,-34.6133,-34.5733,607500.0
1990-06-12,-34.5733,-34.53,-34.78,-34.6133,954900.0
1990-06-13,-34.5733,-34.5733,-34.8233,-34.78,714900.0
1990-06-14,-34.8633,-34.8633,-35.1133,-34.9467,871200.0
1990-06-15,-35.1967,-34.99,-35.1967,-35.03,1313100.0
1990-06-18,-34.99,-34.99,-35.1967,-35.1133,659100.0
1990-06-19,-35.1967,-34.99,-35.1967,-34.99,679500.0
1990-06-20,-34.99,-34.99,-35.28,-35.24,750300.0
1990-06-21,-35.1967,-35.1567,-35.4467,-35.1967,1062300.0
1990-06-22,-35.24,-35.1567,-35.4067,-35.4067,610800.0
1990-06-25,-35.4067,-35.3633,-35.6967,-35.6133,1102800.0
1990-06-26,-35.5733,-35.4467,-35.6133,-35.53,827100.0
1990-06-27,-35.49,-35.28,-35.53,-35.28,530400.0
1990-06-28,-35.1967,-35.1967,-35.4467,-35.1967,392100.0
1990-06-29,-35.1967,-35.1567,-35.3233,-35.28,624300.0
1990-07-02,-35.24,-35.1967,-35.3233,-35.28,534300.0
1990-07-03,-35.1967,-35.1567,-35.4067,-35.28,569100.0
1990-07-05,-35.3233,-35.24,-35.4067,-35.24,469500.0
1990-07-06,-35.24,-35.1967,-35.3633,-35.28,428700.0
1990-07-09,-35.1967,-35.1967,-35.4467,-35.28,495000.0
1990-07-10,-35.3233,-35.28,-35.6133,-35.53,567900.0
1990-07-11,-35.4467,-35.3633,-35.5733,-35.49,766800.0
1990-07-12,-35.6133,-35.6133,-35.8233,-35.6567,2295600.0
1990-07-13,-35.6567,-35.49,-35.6567,-35.5733,668100.0
1990-07-16,-35.5733,-35.5733,-35.78,-35.78,1011300.0
1990-07-17,-35.78,-35.4067,-35.78,-35.6567,1523100.0
1990-07-18,-35.5733,-35.4467,-35.6133,-35.53,730800.0
1990-07-19,-35.4467,-35.4467,-35.5733,-35.53,424800.0
1990-07-20,-35.53,-35.53,-35.78,-35.6967,704700.0
1990-07-23,-35.78,-35.74,-35.9067,-35.8633,783300.0
1990-07-24,-35.8633,-35.6967,-35.9067,-35.8233,693600.0
1990-07-25,-35.8233,-35.74,-35.8633,-35.74,427200.0
1990-07-26,-35.74,-35.74,-35.8633,-35.8233,524100.0
1990-07-27,-35.8233,-35.8233,-35.99,-35.9467,497400.0
1990-07-30,-36.0733,-35.99,-36.1133,-35.99,616200.0
1990-07-31,-36.03,-35.9067,-36.1567,-36.1133,1002000.0
1990-08-01,-36.1967,-36.1967,-36.6567,-36.4467,1738500.0
1990-08-02,-36.4467,-36.4467,-36.74,-36.74,2193900.0
1990-08-03,-36.6967,-36.6133,-37.03,-36.9067,1673400.0
1990-08-06,-37.03,-36.6133,-37.1567,-36.6567,1804800.0
1990-08-07,-36.4467,-36.28,-36.4467,-36.28,2769000.0
1990-08-08,-36.28,-35.9467,-36.3633,-35.9467,1466400.0
1990-08-09,-35.8633,-35.8233,-35.99,-35.8633,893100.0
1990-08-10,-35.9467,-35.9067,-35.99,-35.9067,1029600.0
1990-08-13,-35.99,-35.78,-36.0733,-35.78,653700.0
1990-08-14,-35.78,-35.6133,-35.8233,-35.74,659700.0
1990-08-15,-35.6967,-35.6567,-35.9467,-35.9467,1313400.0
1990-08-16,-35.99,-35.9467,-36.0733,-36.0733,1176600.0
1990-08-17,-36.0733,-36.03,-36.1133,-36.0733,583200.0
1990-08-20,-36.0733,-36.0733,-36.1967,-36.1967,574800.0
1990-08-21,-36.1967,-36.1967,-36.3233,-36.28,1270800.0
1990-08-22,-36.24,-36.1967,-36.3633,-36.3233,671100.0
1990-08-23,-36.49,-36.4467,-36.6133,-36.6133,1303500.0
1990-08-24,-36.53,-36.49,-36.6967,-36.6567,1122000.0
1990-08-27,-36.6567,-36.53,-36.6567,-36.5733,1472700.0
1990-08-28,-36.5733,-36.53,-36.6967,-36.6967,1002900.0
1990-08-29,-36.6567,-36.6567,-36.74,-36.74,963300.0
1990-08-30,-36.6967,-36.6567,-36.8233,-36.74,1249800.0
1990-08-31,-36.78,-36.53,-36.78,-36.5733,768600.0
1990-09-04,-36.5733,-36.4467,-36.6133,-36.4467,815100.0
1990-09-05,-36.4467,-36.28,-36.4467,-36.28,620400.0
1990-09-06,-36.28,-36.28,-36.4067,-36.3633,403500.0
1990-09-07,-36.3633,-36.1133,-36.4067,-36.1567,900900.0
1990-09-10,-36.24,-36.1967,-36.5733,-36.49,723600.0
1990-09-11,-36.5733,-36.53,-36.6567,-36.6133,671700.0
1990-09-12,-36.6133,-36.5733,-36.6967,-36.6567,476100.0
1990-09-13,-36.74,-36.6967,-36.8633,-36.8233,730500.0
1990-09-14,-36.8633,-36.8633,-37.1967,-37.03,5145600.0
1990-09-17,-37.03,-37.03,-37.28,-37.28,1553100.0
1990-09-18,-37.28,-37.24,-37.3633,-37.28,1461900.0
1990-09-19,-37.3633,-37.3233,-37.6133,-37.5733,1054200.0
1990-09-20,-37.5733,-37.5733,-37.9467,-37.8633,1548900.0
1990-09-21,-37.8233,-37.74,-38.24,-38.1133,2584200.0
1990-09-24,-38.1567,-38.1567,-38.9033,-38.7367,4232400.0
1990-09-25,-38.6533,-38.4867,-38.7367,-38.53,1944000.0
1990-09-26,-38.57,-38.53,-38.82,-38.78,2136900.0
1990-09-27,-38.8633,-38.82,-39.3633,-39.07,3895800.0
1990-09-28,-39.1133,-38.6133,-39.32,-38.6133,2832300.0
1990-10-01,-38.6133,-38.4867,-38.7367,-38.6133,2023500.0
1990-10-02,-38.53,-38.3233,-38.6133,-38.6133,1384800.0
1990-10-03,-38.57,-38.57,-38.9467,-38.8633,1465500.0
1990-10-04,-38.8633,-38.6533,-38.9033,-38.7367,811200.0
1990-10-05,-38.8633,-38.4867,-38.9867,-38.53,1175400.0
1990-10-08,-38.4467,-38.4067,-38.6133,-38.57,592800.0
1990-10-09,-38.6533,-38.53,-38.6967,-38.6533,967800.0
1990-10-10,-38.78,-38.6967,-38.82,-38.78,1449300.0
1990-10-11,-38.82,-38.78,-39.3633,-39.3633,6369000.0
1990-10-12,-39.4033,-39.4033,-39.6967,-39.57,4977300.0
1990-10-15,-39.6133,-39.4033,-39.6533,-39.4867,2130000.0
1990-10-16,-39.4867,-39.32,-39.53,-39.4867,2117100.0
1990-10-17,-39.6133,-39.57,-39.6533,-39.6133,1655700.0
1990-10-18,-39.6133,-39.53,-39.6133,-39.6133,1320900.0
1990-10-19,-39.6133,-39.4867,-39.6133,-39.53,1536600.0
1990-10-22,-39.6133,-39.4467,-39.6533,-39.53,972300.0
1990-10-23,-39.4867,-39.4867,-39.6133,-39.57,911100.0
1990-10-24,-39.6133,-39.6133,-39.7367,-39.6967,1369800.0
1990-10-25,-39.6967,-39.6533,-39.7367,-39.6967,1362300.0
1990-10-26,-39.7367,-39.6967,-40.2367,-40.03,2263800.0
1990-10-29,-39.9867,-39.9867,-40.2367,-40.2367,1353900.0
1990-10-30,-40.28,-40.1533,-40.57,-40.1533,2746800.0
1990-10-31,-40.1533,-40.1133,-40.4467,-40.4033,984600.0
1990-11-01,-40.3633,-40.07,-40.3633,-40.1533,2182500.0
1990-11-02,-40.1967,-39.8633,-40.28,-39.9033,2423100.0
1990-11-05,-39.8633,-39.82,-40.03,-39.9467,1050600.0
1990-11-06,-39.9033,-39.9033,-40.07,-40.07,1511400.0
1990-11-07,-40.07,-40.03,-40.2367,-40.1967,1910100.0
1990-11-08,-40.2367,-40.03,-40.2367,-40.03,1413600.0
1990-11-09,-40.07,-39.9467,-40.1533,-40.07,1630800.0
1990-11-12,-40.03,-39.6967,-40.07,-39.78,1608300.0
1990-11-13,-39.78,-39.7367,-39.9033,-39.8633,639300.0
1990-11-14,-39.8633,-39.53,-39.9033,-39.6533,1391400.0
1990-11-15,-39.78,-39.6967,-39.8633,-39.78,936300.0
1990-11-16,-39.7367,-39.6133,-39.78,-39.6967,832800.0
1990-11-19,-39.6533,-39.4867,-39.7367,-39.6133,843300.0
1990-11-20,-39.6533,-39.57,-39.8633,-39.8633,1521600.0
1990-11-21,-39.9033,-39.8633,-40.1133,-39.9033,1342200.0
1990-11-23,-39.9033,-39.8633,-39.9867,-39.9867,236100.0
1990-11-26,-40.03,-39.8633,-40.07,-39.8633,924000.0
1990-11-27,-39.8633,-39.78,-39.9033,-39.8633,937500.0
1990-11-28,-39.9033,-39.8633,-39.9867,-39.9867,824400.0
1990-11-29,-40.03,-39.9867,-40.1133,-40.1133,855600.0
1990-11-30,-40.07,-39.9467,-40.1133,-39.9867,1034400.0
1990-12-03,-39.9033,-39.7367,-39.9467,-39.78,977100.0
1990-12-04,-39.6533,-39.53,-39.78,-39.6133,4585800.0
1990-12-05,-39.6133,-39.2367,-39.6533,-39.28,8360400.0
1990-12-06,-39.1133,-39.1133,-39.4867,-39.3633,5669700.0
1990-12-07,-39.3633,-39.32,-39.4867,-39.3633,4098600.0
1990-12-10,-39.4467,-39.4033,-39.6133,-39.4867,1259700.0
1990-12-11,-39.4867,-39.4867,-39.6133,-39.57,1089300.0
1990-12-12,-39.53,-39.4867,-39.6133,-39.53,1382100.0
1990-12-13,-39.57,-39.53,-39.7367,-39.6533,923100.0
1990-12-14,-39.78,-39.7367,-39.9467,-39.82,1229400.0
1990-12-17,-39.9033,-39.9033,-40.1533,-40.1133,2350200.0
1990-12-18,-40.1133,-39.9033,-40.1533,-39.9033,2639400.0
1990-12-19,-39.9033,-39.82,-39.9467,-39.8633,2386500.0
1990-12-20,-39.8633,-39.7367,-39.9467,-39.82,1809600.0
1990-12-21,-39.82,-39.82,-39.9867,-39.9867,1153500.0
1990-12-24,-39.9467,-39.9467,-40.03,-40.03,300300.0
1990-12-26,-39.9867,-39.9467,-40.07,-39.9867,785400.0
1990-12-27,-39.9867,-39.9867,-40.1133,-40.07,3094200.0
1990-12-28,-40.1133,-40.07,-40.1967,-40.1533,1118700.0
1990-12-31,-40.1533,-40.1133,-40.2367,-40.1967,1360500.0
1991-01-02,-40.1533,-39.9867,-40.1967,-40.03,2010000.0
1991-01-03,-39.9867,-39.9867,-40.1133,-40.03,1107600.0
1991-01-04,-40.03,-39.9033,-40.07,-39.9867,1329600.0
1991-01-07,-40.07,-39.9867,-40.1533,-40.1533,1274400.0
1991-01-08,-40.1133,-40.07,-40.1533,-40.1533,624000.0
1991-01-09,-40.1133,-40.03,-40.28,-40.28,1032000.0
1991-01-10,-40.2367,-40.1533,-40.2367,-40.1967,436500.0
1991-01-11,-40.1533,-40.1133,-40.2367,-40.1133,523200.0
1991-01-14,-40.1967,-40.1533,-40.2367,-40.2367,528900.0
1991-01-15,-40.1533,-40.1133,-40.1967,-40.1533,577500.0
1991-01-16,-40.1533,-40.07,-40.1533,-40.1133,740700.0
1991-01-17,-39.9467,-39.8633,-40.1133,-40.1133,2193000.0
1991-01-18,-40.1133,-40.07,-40.1533,-40.07,887100.0
1991-01-21,-40.03,-39.8633,-40.07,-39.8633,709200.0
1991-01-22,-39.6533,-39.53,-39.6533,-39.6133,1699800.0
1991-01-23,-39.53,-39.4467,-39.6133,-39.57,1368000.0
1991-01-24,-39.4867,-39.4033,-39.6133,-39.6133,749400.0
1991-01-25,-39.53,-39.32,-39.57,-39.3633,687300.0
1991-01-28,-39.4033,-39.32,-39.4033,-39.3633,490800.0
1991-01-29,-39.32,-39.28,-39.4033,-39.32,1639500.0
1991-01-30,-39.28,-39.28,-39.4467,-39.4467,1397100.0
1991-01-31,-39.4467,-39.3633,-39.4467,-39.4033,1020600.0
1991-02-01,-39.3633,-39.1967,-39.4033,-39.2367,5620800.0
1991-02-04,-39.1133,-38.57,-39.1133,-38.6133,6176100.0
1991-02-05,-38.4467,-38.4467,-38.6967,-38.6533,8288400.0
1991-02-06,-38.6533,-38.6533,-38.82,-38.6533,1107900.0
1991-02-07,-38.53,-38.3633,-38.6133,-38.6133,1902600.0
1991-02-08,-38.53,-38.3633,-38.53,-38.4867,1315800.0
1991-02-11,-38.4067,-37.9467,-38.4067,-37.99,2500500.0
1991-02-12,-37.99,-37.9467,-38.28,-38.0733,2641200.0
1991-02-13,-38.0733,-37.8233,-38.1133,-37.8633,2153400.0
1991-02-14,-37.78,-37.78,-38.1967,-38.1133,1630800.0
1991-02-15,-38.03,-37.9467,-38.1567,-37.99,1184400.0
1991-02-19,-37.99,-37.99,-38.24,-38.1133,873600.0
1991-02-20,-38.1133,-38.1133,-38.4467,-38.3633,1516800.0
1991-02-21,-38.3633,-38.24,-38.53,-38.4467,1099500.0
1991-02-22,-38.3633,-38.1967,-38.4067,-38.28,1138500.0
1991-02-25,-38.1567,-38.1567,-38.4067,-38.28,948000.0
1991-02-26,-38.28,-38.24,-38.4067,-38.28,505500.0
1991-02-27,-38.3633,-38.1967,-38.3633,-38.24,442200.0
1991-02-28,-38.28,-38.24,-38.4067,-38.28,623400.0
1991-03-01,-38.24,-37.99,-38.4067,-38.03,1131000.0
1991-03-04,-37.9067,-37.8233,-38.0733,-38.0733,1870800.0
1991-03-05,-37.9067,-37.78,-37.9467,-37.8633,1368900.0
1991-03-06,-37.78,-37.6567,-37.8633,-37.78,2894400.0
1991-03-07,-37.78,-37.74,-37.9067,-37.78,1424700.0
1991-03-08,-37.78,-37.74,-38.03,-37.8633,793800.0
1991-03-11,-37.9467,-37.8233,-37.99,-37.8233,876600.0
1991-03-12,-37.9067,-37.8633,-38.03,-38.03,820800.0
1991-03-13,-38.03,-37.9467,-38.03,-37.9467,513300.0
1991-03-14,-37.9067,-37.8633,-38.03,-37.99,1066500.0
1991-03-15,-37.99,-37.99,-38.0733,-38.03,729300.0
1991-03-18,-38.03,-37.9067,-38.0733,-37.99,1027200.0
1991-03-19,-38.0733,-38.03,-38.1133,-38.03,515100.0
1991-03-20,-38.0733,-38.03,-38.24,-38.24,924900.0
1991-03-21,-38.24,-38.1567,-38.4467,-38.4467,969000.0
1991-03-22,-38.4467,-38.4467,-38.6967,-38.6533,1041900.0
1991-03-25,-38.6133,-38.4067,-38.6533,-38.4467,683400.0
1991-03-26,-38.4467,-38.1133,-38.4467,-38.1133,1046700.0
1991-03-27,-38.1133,-38.03,-38.1567,-38.0733,1122000.0
1991-03-28,-38.0733,-37.99,-38.1133,-37.99,569100.0
1991-04-01,-37.99,-37.99,-38.28,-38.28,489000.0
1991-04-02,-38.1967,-37.9067,-38.1967,-37.9067,1530000.0
1991-04-03,-37.6133,-37.4067,-37.6133,-37.5733,3333300.0
1991-04-04,-37.53,-37.1967,-37.5733,-37.4067,2847300.0
1991-04-05,-37.24,-37.24,-37.53,-37.4067,1053600.0
1991-04-08,-37.4067,-37.3633,-37.49,-37.3633,611700.0
1991-04-09,-37.4467,-37.4067,-37.6133,-37.6133,651900.0
1991-04-10,-37.6567,-37.6133,-37.78,-37.6967,725700.0
1991-04-11,-37.6967,-37.49,-37.6967,-37.49,1186200.0
1991-04-12,-37.4067,-37.4067,-37.6133,-37.53,860100.0
1991-04-15,-37.4067,-37.24,-37.4467,-37.24,1514700.0
1991-04-16,-37.1967,-36.9067,-37.1967,-36.99,2891400.0
1991-04-17,-36.8633,-36.4067,-36.9067,-36.4467,4269300.0
1991-04-18,-36.6567,-36.4067,-36.6567,-36.6133,2229000.0
1991-04-19,-36.5733,-36.53,-36.74,-36.74,858900.0
1991-04-22,-36.8233,-36.78,-36.99,-36.99,989100.0
1991-04-23,-36.9067,-36.6967,-36.9067,-36.74,978000.0
1991-04-24,-36.6967,-36.6967,-36.8633,-36.78,986700.0
1991-04-25,-36.8633,-36.6967,-36.8633,-36.78,660600.0
1991-04-26,-36.8233,-36.8233,-36.8633,-36.8633,342600.0
1991-04-29,-36.8233,-36.6567,-36.8633,-36.8233,460200.0
1991-04-30,-36.8633,-36.53,-37.0733,-36.9467,1165200.0
1991-05-01,-36.99,-36.9467,-37.0733,-36.99,1023000.0
1991-05-02,-36.9467,-36.8633,-37.0733,-37.0733,831000.0
1991-05-03,-37.1133,-36.99,-37.3633,-37.1567,1960200.0
1991-05-06,-37.1567,-37.1567,-37.3633,-37.28,434700.0
1991-05-07,-37.28,-37.0733,-37.28,-37.24,945900.0
1991-05-08,-37.1967,-37.1567,-37.28,-37.1967,403800.0
1991-05-09,-37.1967,-37.0733,-37.24,-37.1133,1286700.0
1991-05-10,-37.1133,-37.0733,-37.3633,-37.3233,705600.0
1991-05-13,-37.3233,-37.24,-37.3633,-37.28,668700.0
1991-05-14,-37.3233,-37.3233,-37.5733,-37.5733,1050600.0
1991-05-15,-37.6133,-37.53,-37.74,-37.6133,1661400.0
1991-05-16,-37.53,-37.49,-37.5733,-37.53,642300.0
1991-05-17,-37.53,-37.53,-37.6567,-37.5733,644700.0
1991-05-20,-37.53,-37.4467,-37.5733,-37.53,414600.0
1991-05-21,-37.49,-37.4467,-37.5733,-37.49,1016700.0
1991-05-22,-37.4467,-37.3233,-37.5733,-37.3233,952500.0
1991-05-23,-37.1567,-37.03,-37.1967,-37.1133,1379100.0
1991-05-24,-37.03,-36.9067,-37.0733,-36.9067,818700.0
1991-05-28,-36.8233,-36.74,-36.99,-36.78,1052400.0
1991-05-29,-36.74,-36.74,-36.8633,-36.8633,873300.0
1991-05-30,-36.9067,-36.6967,-36.99,-36.78,1002000.0
1991-05-31,-36.78,-36.6567,-36.8633,-36.6567,1446300.0
1991-06-03,-36.74,-36.6133,-36.78,-36.78,545100.0
1991-06-04,-36.8233,-36.4067,-36.9067,-36.4467,1028100.0
1991-06-05,-36.3233,-35.99,-36.3633,-36.1133,4125300.0
1991-06-06,-36.1567,-35.9467,-36.28,-36.03,2466900.0
1991-06-07,-36.03,-35.53,-36.03,-35.6967,3624000.0
1991-06-10,-35.78,-35.78,-36.1567,-36.1133,1150500.0
1991-06-11,-36.03,-35.78,-36.0733,-35.78,1212300.0
1991-06-12,-35.8233,-35.78,-36.0733,-36.03,1362000.0
1991-06-13,-36.0733,-35.8633,-36.0733,-35.99,945300.0
1991-06-14,-35.9467,-35.8633,-36.1133,-36.03,565800.0
1991-06-17,-36.1133,-36.03,-36.24,-36.24,836700.0
1991-06-18,-36.24,-36.1567,-36.4067,-36.3633,932400.0
1991-06-19,-36.4467,-36.3233,-36.5733,-36.3633,1019100.0
1991-06-20,-36.3633,-36.28,-36.5733,-36.4467,1324800.0
1991-06-21,-36.4467,-36.3633,-36.49,-36.4067,976500.0
1991-06-24,-36.49,-36.3633,-36.53,-36.49,1078500.0
1991-06-25,-36.49,-36.4067,-36.8233,-36.74,1618500.0
1991-06-26,-36.6967,-36.3633,-36.9067,-36.3633,1595400.0
1991-06-27,-36.4067,-36.3233,-36.53,-36.4467,1068000.0
1991-06-28,-36.53,-36.49,-36.74,-36.6567,1076400.0
1991-07-01,-36.6567,-36.49,-36.6567,-36.6133,1032300.0
1991-07-02,-36.6133,-36.5733,-36.74,-36.6967,798000.0
1991-07-03,-36.8633,-36.74,-36.9467,-36.9067,911100.0
1991-07-05,-36.9067,-36.8233,-36.9467,-36.8233,552600.0
1991-07-08,-36.9067,-36.53,-36.9467,-36.5733,902400.0
1991-07-09,-36.49,-36.0733,-36.49,-36.1133,2109900.0
1991-07-10,-36.1133,-35.9067,-36.1567,-36.1567,1915200.0
1991-07-11,-36.1967,-36.1133,-36.24,-36.1567,707400.0
1991-07-12,-36.03,-35.8633,-36.0733,-35.8633,795900.0
1991-07-15,-35.6133,-34.6133,-35.78,-34.9067,15495300.0
1991-07-16,-34.9067,-34.74,-35.24,-35.1967,7037400.0
1991-07-17,-35.3233,-35.1133,-35.53,-35.4067,3865200.0
1991-07-18,-35.24,-35.1567,-35.3633,-35.1967,2863500.0
1991-07-19,-35.03,-35.03,-35.1967,-35.1967,2661000.0
1991-07-22,-35.1967,-34.8633,-35.53,-35.1967,2371200.0
1991-07-23,-35.1967,-35.1967,-35.3633,-35.3633,1906800.0
1991-07-24,-35.3233,-35.24,-35.3633,-35.3233,1096800.0
1991-07-25,-35.28,-35.24,-35.3633,-35.24,1091100.0
1991-07-26,-35.1967,-35.1567,-35.24,-35.24,1096500.0
1991-07-29,-35.1967,-35.1567,-35.28,-35.24,1304700.0
1991-07-30,-35.1967,-35.1567,-35.24,-35.1967,1311600.0
1991-07-31,-35.1967,-35.1967,-35.28,-35.24,772500.0
1991-08-01,-35.28,-35.24,-35.3633,-35.28,1783200.0
1991-08-02,-35.28,-35.1967,-35.3633,-35.28,1293300.0
1991-08-05,-35.3233,-35.28,-35.3633,-35.3233,1469400.0
1991-08-06,-35.3233,-35.1567,-35.3233,-35.1567,1779000.0
1991-08-07,-35.1567,-35.0733,-35.24,-35.0733,2114100.0
1991-08-08,-34.99,-34.6967,-34.99,-34.74,6461400.0
1991-08-09,-34.6967,-34.5733,-34.8633,-34.8233,2732100.0
1991-08-12,-34.8633,-34.6133,-34.8633,-34.6967,1336200.0
1991-08-13,-34.6967,-34.3633,-34.6967,-34.3633,4227000.0
1991-08-14,-34.28,-33.74,-34.28,-34.1133,5921400.0
1991-08-15,-34.1967,-34.1567,-34.49,-34.4467,2035800.0
1991-08-16,-34.53,-34.49,-34.8233,-34.6133,1335300.0
1991-08-19,-35.03,-34.8233,-35.1967,-34.99,2006700.0
1991-08-20,-34.8633,-34.8233,-34.9467,-34.8633,1074600.0
1991-08-21,-34.5733,-34.53,-34.6567,-34.6133,1987500.0
1991-08-22,-34.6567,-34.6133,-34.8633,-34.8233,1154400.0
1991-08-23,-34.8233,-34.78,-34.8633,-34.8233,1022700.0
1991-08-26,-34.8233,-34.8233,-34.99,-34.9067,359700.0
1991-08-27,-34.8633,-34.8633,-35.03,-35.03,821400.0
1991-08-28,-35.03,-35.03,-35.1567,-35.0733,834300.0
1991-08-29,-35.03,-34.9067,-35.0733,-34.9467,1034100.0
1991-08-30,-34.9467,-34.8633,-34.9467,-34.9467,1015200.0
1991-09-03,-34.9067,-34.8233,-34.9467,-34.9467,1134600.0
1991-09-04,-34.9467,-34.9067,-34.99,-34.9467,575100.0
1991-09-05,-34.9467,-34.9067,-34.99,-34.9467,788700.0
1991-09-06,-34.9067,-34.9067,-34.99,-34.9467,927000.0
1991-09-09,-35.03,-34.9467,-35.03,-34.9467,405300.0
1991-09-10,-34.9467,-34.9467,-35.03,-35.03,922200.0
1991-09-11,-34.99,-34.99,-35.1967,-35.1567,1112700.0
1991-09-12,-34.99,-34.99,-35.1567,-35.1133,1310400.0
1991-09-13,-35.1133,-35.03,-35.3233,-35.3233,1022400.0
1991-09-16,-35.3633,-35.3233,-35.53,-35.53,1398300.0
1991-09-17,-35.53,-35.3233,-35.53,-35.3233,1567200.0
1991-09-18,-35.4067,-35.24,-35.4067,-35.3633,798000.0
1991-09-19,-35.3233,-35.3233,-35.4067,-35.3633,1563000.0
1991-09-20,-35.3633,-35.24,-35.4067,-35.3233,939900.0
1991-09-23,-35.3633,-35.3233,-35.4067,-35.3233,786900.0
1991-09-24,-35.3633,-35.28,-35.49,-35.4467,1093800.0
1991-09-25,-35.4067,-35.3633,-35.4467,-35.4067,406800.0
1991-09-26,-35.3633,-35.1967,-35.4067,-35.28,1128000.0
1991-09-27,-35.24,-35.1133,-35.4467,-35.3233,1687200.0
1991-09-30,-35.3633,-35.3233,-35.49,-35.3233,1131300.0
1991-10-01,-35.4067,-35.3633,-35.6133,-35.6133,2680200.0
1991-10-02,-35.6967,-35.49,-35.6967,-35.5733,2407800.0
1991-10-03,-35.6967,-35.6567,-35.9067,-35.78,2774100.0
1991-10-04,-35.8233,-35.78,-35.8633,-35.8633,1154100.0
1991-10-07,-35.9467,-35.9067,-36.03,-35.9467,1124400.0
1991-10-08,-36.03,-35.9067,-36.0733,-35.9067,2132400.0
1991-10-09,-35.9067,-35.9067,-36.1567,-36.1133,1317900.0
1991-10-10,-36.1133,-35.9067,-36.1133,-35.9467,1476900.0
1991-10-11,-35.8633,-35.74,-35.8633,-35.78,1224300.0
1991-10-14,-35.78,-35.6567,-35.8633,-35.6567,1092300.0
1991-10-15,-35.6967,-34.9467,-35.6967,-35.0733,3387600.0
1991-10-16,-35.0733,-34.9467,-35.24,-35.1567,1365900.0
1991-10-17,-35.28,-35.1567,-35.49,-35.49,960600.0
1991-10-18,-35.49,-35.3233,-35.49,-35.4067,1069800.0
1991-10-21,-35.3633,-35.3633,-35.49,-35.4467,787800.0
1991-10-22,-35.4467,-35.3233,-35.49,-35.4067,573600.0
1991-10-23,-35.4467,-35.4067,-35.6133,-35.6133,1022400.0
1991-10-24,-35.6133,-35.5733,-35.8633,-35.8233,2315100.0
1991-10-25,-35.8233,-35.74,-35.8633,-35.78,1573500.0
1991-10-28,-35.6967,-35.5733,-35.74,-35.6133,890700.0
1991-10-29,-35.5733,-35.4467,-35.5733,-35.53,1060200.0
1991-10-30,-35.53,-35.4467,-35.6133,-35.49,543600.0
1991-10-31,-35.53,-35.49,-35.5733,-35.53,504600.0
1991-11-01,-35.49,-35.4467,-35.5733,-35.53,1047300.0
1991-11-04,-35.49,-35.49,-35.6967,-35.6967,542100.0
1991-11-05,-35.6967,-35.5733,-35.74,-35.5733,1145100.0
1991-11-06,-35.53,-35.4467,-35.5733,-35.4467,1037700.0
1991-11-07,-35.4467,-35.3233,-35.53,-35.3233,2345700.0
1991-11-08,-35.3233,-35.3233,-35.4467,-35.4467,1475700.0
1991-11-11,-35.4067,-35.4067,-35.6133,-35.6133,1139400.0
1991-11-12,-35.6133,-35.4067,-35.6133,-35.4467,1896000.0
1991-11-13,-35.4467,-35.4467,-35.5733,-35.49,1047300.0
1991-11-14,-35.53,-35.49,-35.6133,-35.49,581400.0
1991-11-15,-35.53,-35.53,-35.8633,-35.8233,1303500.0
1991-11-18,-35.8233,-35.78,-35.99,-35.9067,688500.0
1991-11-19,-35.9467,-35.9467,-36.49,-36.1967,5054700.0
1991-11-20,-36.1133,-36.1133,-36.1967,-36.1133,2298300.0
1991-11-21,-36.1967,-35.4467,-36.24,-36.24,1549200.0
1991-11-22,-36.1967,-36.1967,-36.3233,-36.3233,1786800.0
1991-11-25,-36.3233,-36.3233,-36.53,-36.3633,1518600.0
1991-11-26,-36.28,-36.24,-36.4467,-36.4067,1877100.0
1991-11-27,-36.4067,-36.4067,-36.6567,-36.5733,1107600.0
1991-11-29,-36.6567,-36.6133,-36.74,-36.74,369600.0
1991-12-02,-36.74,-36.49,-36.8633,-36.49,1473000.0
1991-12-03,-36.53,-36.3633,-36.6133,-36.5733,1723500.0
1991-12-04,-36.5733,-36.5733,-36.78,-36.6967,1985100.0
1991-12-05,-36.74,-36.74,-37.0733,-37.03,3361800.0
1991-12-06,-37.24,-36.99,-37.24,-37.0733,3322500.0
1991-12-09,-37.1567,-37.1133,-37.3633,-37.24,2984400.0
1991-12-10,-37.28,-37.28,-37.4067,-37.4067,1659900.0
1991-12-11,-37.4067,-37.4067,-37.6133,-37.53,3862500.0
1991-12-12,-37.49,-37.1133,-37.49,-37.1567,2933400.0
1991-12-13,-37.1133,-36.6133,-37.1133,-36.99,3121500.0
1991-12-16,-36.99,-36.9067,-37.03,-36.99,1180200.0
1991-12-17,-36.99,-36.99,-37.28,-37.28,1084200.0
1991-12-18,-37.28,-37.24,-37.4467,-37.3233,1545900.0
1991-12-19,-37.3233,-37.1967,-37.3633,-37.28,1151400.0
1991-12-20,-36.9467,-36.9467,-37.1567,-37.03,2059200.0
1991-12-23,-37.1133,-36.6967,-37.1133,-36.78,1785000.0
1991-12-24,-36.6133,-36.5733,-36.6967,-36.6567,1607100.0
1991-12-26,-36.6967,-36.3233,-36.6967,-36.4467,1227600.0
1991-12-27,-36.4467,-36.24,-36.4467,-36.24,2744400.0
1991-12-30,-36.3233,-35.9467,-36.3233,-35.99,2434800.0
1991-12-31,-35.99,-35.9467,-36.6967,-36.6967,4464000.0
1992-01-02,-36.49,-35.99,-36.49,-35.99,4324800.0
1992-01-03,-35.8633,-35.5733,-35.9467,-35.8233,4539900.0
1992-01-06,-35.8633,-35.4467,-35.9067,-35.53,3015900.0
1992-01-07,-35.6967,-35.24,-35.6967,-35.4067,3713400.0
1992-01-08,-35.53,-34.9467,-35.53,-35.03,4961700.0
1992-01-09,-35.03,-34.49,-35.03,-34.6133,6048300.0
1992-01-10,-34.6133,-34.4467,-34.99,-34.78,9599400.0
1992-01-13,-34.9467,-34.6567,-34.9467,-34.78,3025500.0
1992-01-14,-34.8233,-34.28,-34.8233,-34.3233,3663600.0
1992-01-15,-34.28,-33.6133,-34.3233,-33.74,8030700.0
1992-01-16,-33.8633,-33.78,-34.0733,-33.8633,5595000.0
1992-01-17,-33.9467,-33.9467,-34.3633,-34.24,3268200.0
1992-01-20,-34.49,-34.4467,-34.5733,-34.4467,2588400.0
1992-01-21,-34.49,-34.49,-34.6967,-34.49,4138800.0
1992-01-22,-34.6567,-34.53,-34.6567,-34.5733,32742000.0
1992-01-23,-34.5733,-34.49,-34.6133,-34.53,11320800.0
1992-01-24,-34.5733,-34.3233,-34.5733,-34.3633,8689200.0
1992-01-27,-34.3233,-34.1567,-34.3233,-34.24,7053300.0
1992-01-28,-34.1967,-34.1567,-34.24,-34.1967,5907600.0
1992-01-29,-34.24,-34.1567,-34.5733,-34.5733,7375500.0
1992-01-30,-34.53,-34.3233,-34.53,-34.3633,2984700.0
1992-01-31,-34.3233,-34.24,-34.4467,-34.4467,3478800.0
1992-02-03,-34.4467,-34.3233,-34.49,-34.3633,2772300.0
1992-02-04,-34.3233,-33.99,-34.3233,-34.1133,5485200.0
1992-02-05,-33.99,-33.78,-34.03,-33.9067,5142900.0
1992-02-06,-33.9467,-33.53,-33.9467,-33.6133,5051700.0
1992-02-07,-33.53,-33.3633,-33.8633,-33.53,5868000.0
1992-02-10,-33.4467,-32.9867,-33.49,-33.07,7356300.0
1992-02-11,-33.1133,-32.6967,-33.28,-33.24,9260400.0
1992-02-12,-33.24,-32.78,-33.24,-32.9033,5765400.0
1992-02-13,-32.9867,-32.8633,-33.07,-32.9467,4781100.0
1992-02-14,-33.1133,-32.82,-33.1567,-32.9867,3196500.0
1992-02-18,-32.9867,-32.78,-33.03,-33.03,4693200.0
1992-02-19,-33.1133,-33.03,-33.28,-33.24,4288200.0
1992-02-20,-33.1967,-32.9467,-33.1967,-32.9467,3012300.0
1992-02-21,-32.8633,-32.4467,-32.9033,-32.6133,5331300.0
1992-02-24,-32.6133,-32.4467,-32.6533,-32.4867,4579500.0
1992-02-25,-32.53,-32.4467,-32.82,-32.78,4043400.0
1992-02-26,-32.82,-32.6967,-32.9867,-32.7367,4650900.0
1992-02-27,-32.6967,-32.4033,-32.7367,-32.53,3431700.0
1992-02-28,-32.4867,-32.4467,-32.57,-32.57,2998200.0
1992-03-02,-32.57,-32.53,-32.82,-32.6967,4319400.0
1992-03-03,-32.6533,-32.57,-32.7367,-32.6967,2363100.0
1992-03-04,-32.6133,-32.57,-32.9867,-32.9033,3682200.0
1992-03-05,-32.9033,-32.9033,-33.5733,-33.28,6107400.0
1992-03-06,-33.28,-33.28,-33.6967,-33.4067,4411200.0
1992-03-09,-33.28,-32.9033,-33.3233,-32.9033,2289000.0
1992-03-10,-32.82,-32.82,-32.9867,-32.9867,3104700.0
1992-03-11,-33.07,-32.9033,-33.24,-33.1133,2337300.0
1992-03-12,-33.07,-33.07,-33.3233,-33.28,2904900.0
1992-03-13,-33.1133,-32.9467,-33.1133,-33.07,3009000.0
1992-03-16,-33.03,-32.9867,-33.1133,-33.03,2480700.0
1992-03-17,-33.03,-32.6533,-33.03,-32.6533,2604900.0
1992-03-18,-32.6133,-32.4467,-32.6133,-32.57,2616000.0
1992-03-19,-32.53,-32.2367,-32.53,-32.2367,3318600.0
1992-03-20,-32.28,-31.9033,-32.32,-31.9867,6438600.0
1992-03-23,-31.9867,-31.9867,-32.2367,-32.1967,3755700.0
1992-03-24,-32.1967,-32.1533,-32.4467,-32.32,2148900.0
1992-03-25,-32.3633,-32.28,-32.4033,-32.32,1988700.0
1992-03-26,-32.28,-32.07,-32.32,-32.1133,2518800.0
1992-03-27,-32.1133,-31.9467,-32.32,-32.2367,4706100.0
1992-03-30,-32.3633,-32.3633,-32.78,-32.6533,3924300.0
1992-03-31,-32.6967,-32.6133,-32.9033,-32.8633,3634200.0
1992-04-01,-32.9033,-32.9033,-33.1133,-32.9033,3078000.0
1992-04-02,-32.9033,-32.78,-33.4067,-33.28,3229200.0
1992-04-03,-33.6133,-33.3633,-33.6967,-33.4467,3590400.0
1992-04-06,-33.4467,-33.03,-33.53,-33.07,2305500.0
1992-04-07,-33.1133,-33.03,-33.5733,-33.5733,2465700.0
1992-04-08,-33.74,-33.6133,-34.1133,-33.9467,8994300.0
1992-04-09,-33.8233,-33.49,-33.9467,-33.6133,5779800.0
1992-04-10,-33.3633,-33.07,-33.4067,-33.1967,4257600.0
1992-04-13,-33.1133,-32.9867,-33.3233,-33.1967,2172300.0
1992-04-14,-33.1567,-32.1967,-33.1567,-32.4033,5577600.0
1992-04-15,-32.3633,-32.32,-32.53,-32.4467,4042200.0
1992-04-16,-32.4033,-32.32,-32.4867,-32.3633,2577000.0
1992-04-20,-32.53,-32.4867,-32.78,-32.4867,3353100.0
1992-04-21,-32.57,-32.03,-32.57,-32.1967,6610500.0
1992-04-22,-32.1967,-31.6133,-32.3633,-31.78,9824100.0
1992-04-23,-31.82,-31.6133,-32.03,-31.6133,4552200.0
1992-04-24,-31.7367,-31.28,-32.03,-31.8633,4398900.0
1992-04-27,-31.9033,-31.6533,-31.9033,-31.78,3852000.0
1992-04-28,-31.82,-31.82,-32.28,-31.9033,2805000.0
1992-04-29,-31.8633,-31.82,-32.03,-31.9467,1939200.0
1992-04-30,-31.9467,-31.9033,-32.1967,-32.07,1532700.0
1992-05-01,-32.03,-31.78,-32.03,-31.8633,3054600.0
1992-05-04,-31.82,-31.32,-31.82,-31.3633,3795300.0
1992-05-05,-31.2367,-31.1133,-31.4033,-31.1967,4124100.0
1992-05-06,-31.1533,-30.6533,-31.1967,-30.9467,5727000.0
1992-05-07,-30.8633,-30.78,-31.1967,-31.1133,2880900.0
1992-05-08,-31.1533,-31.07,-31.4467,-31.32,2727600.0
1992-05-11,-31.32,-31.1133,-31.32,-31.1967,2514300.0
1992-05-12,-31.1533,-31.07,-31.32,-31.1533,2541000.0
1992-05-13,-31.1133,-30.78,-31.1533,-30.9033,3651000.0
1992-05-14,-30.8633,-30.8633,-31.2367,-31.1133,2055900.0
1992-05-15,-31.4033,-31.1533,-31.6133,-31.28,4722300.0
1992-05-18,-31.1533,-31.03,-31.3633,-31.2367,2754300.0
1992-05-19,-31.1967,-31.07,-31.2367,-31.1967,3066600.0
1992-05-20,-31.1967,-31.1533,-31.28,-31.2367,2037000.0
1992-05-21,-31.1967,-31.1967,-31.4033,-31.3633,2073600.0
1992-05-22,-31.3633,-31.28,-31.4033,-31.3633,1571400.0
1992-05-26,-31.4033,-31.4033,-31.8633,-31.78,2947200.0
1992-05-27,-31.7367,-31.7367,-31.8633,-31.78,1139400.0
1992-05-28,-31.7367,-31.6967,-32.1133,-31.82,2670900.0
1992-05-29,-31.78,-31.4867,-31.82,-31.6133,3016500.0
1992-06-01,-31.4867,-31.4033,-31.6533,-31.4467,1858200.0
1992-06-02,-31.4467,-31.2367,-31.57,-31.32,2858400.0
1992-06-03,-31.1967,-31.1133,-31.28,-31.1967,2423400.0
1992-06-04,-31.1133,-31.03,-31.1533,-31.1133,3156300.0
1992-06-05,-31.07,-31.07,-31.1967,-31.1533,2965500.0
1992-06-08,-31.1133,-31.07,-31.1967,-31.1133,1724400.0
1992-06-09,-31.07,-31.07,-31.1967,-31.1533,2250900.0
1992-06-10,-31.1133,-30.9467,-31.1533,-31.07,2978700.0
1992-06-11,-31.03,-31.03,-31.4033,-31.1533,3517800.0
1992-06-12,-31.07,-31.03,-31.28,-31.28,2205000.0
1992-06-15,-31.3633,-31.1967,-31.4467,-31.3633,1567500.0
1992-06-16,-31.4033,-31.2367,-31.6133,-31.4867,2126400.0
1992-06-17,-31.6133,-31.53,-32.1533,-32.1533,3775200.0
1992-06-18,-32.07,-31.8633,-32.1133,-31.9867,3440400.0
1992-06-19,-31.9467,-31.78,-31.9867,-31.8633,2371200.0
1992-06-22,-31.9033,-31.8633,-32.1967,-31.9867,2687400.0
1992-06-23,-31.9467,-31.7367,-31.9467,-31.8633,3344100.0
1992-06-24,-31.8633,-31.82,-31.9033,-31.9033,2107500.0
1992-06-25,-31.8633,-31.6967,-31.9033,-31.6967,3827100.0
1992-06-26,-31.7367,-31.32,-31.7367,-31.4033,3516300.0
1992-06-29,-31.4867,-31.3633,-31.4867,-31.4867,2130600.0
1992-06-30,-31.3633,-31.28,-31.4867,-31.4033,2640900.0
1992-07-01,-31.28,-31.1133,-31.32,-31.1533,3799800.0
1992-07-02,-30.9467,-30.82,-31.07,-30.82,5421000.0
1992-07-06,-30.82,-30.82,-31.32,-31.1533,2117700.0
1992-07-07,-31.07,-30.9867,-31.2367,-31.2367,2243100.0
1992-07-08,-31.2367,-31.1967,-31.53,-31.28,2555100.0
1992-07-09,-31.1967,-31.03,-31.28,-31.03,2580900.0
1992-07-10,-30.9467,-30.6533,-30.9867,-30.82,4108200.0
1992-07-13,-30.6533,-30.6133,-31.32,-31.1967,3168600.0
1992-07-14,-31.1133,-31.1133,-31.32,-31.1533,2701200.0
1992-07-15,-31.1533,-31.1533,-31.6133,-31.4867,3112200.0
1992-07-16,-31.82,-31.6967,-32.1533,-31.9033,5541900.0
1992-07-17,-31.9467,-31.7367,-32.07,-31.82,4506300.0
1992-07-20,-32.03,-31.4033,-32.03,-31.4867,3087300.0
1992-07-21,-31.1967,-31.1967,-31.9467,-31.78,8049900.0
1992-07-22,-31.8633,-31.82,-32.1967,-32.1533,5917200.0
1992-07-23,-32.1133,-32.1133,-32.6967,-32.4467,7715700.0
1992-07-24,-32.53,-32.3633,-32.6967,-32.4033,5454900.0
1992-07-27,-32.3633,-32.28,-32.4867,-32.3633,2184900.0
1992-07-28,-32.32,-32.1133,-32.32,-32.1967,2435700.0
1992-07-29,-32.1133,-32.03,-32.32,-32.28,4269900.0
1992-07-30,-32.28,-32.2367,-32.4033,-32.2367,2259000.0
1992-07-31,-32.1533,-32.07,-32.1967,-32.1533,1480800.0
1992-08-03,-32.1533,-32.1133,-32.28,-32.2367,1568100.0
1992-08-04,-32.32,-32.2367,-32.4033,-32.32,2272200.0
1992-08-05,-32.4033,-32.4033,-32.6133,-32.6133,2835600.0
1992-08-06,-32.6133,-32.57,-32.6533,-32.57,1944000.0
1992-08-07,-32.57,-32.4467,-32.6533,-32.6533,2529600.0
1992-08-10,-32.7367,-32.7367,-32.9867,-32.9033,3586800.0
1992-08-11,-32.8633,-32.53,-32.9033,-32.57,2528100.0
1992-08-12,-32.53,-32.4867,-32.6133,-32.57,1489800.0
1992-08-13,-32.53,-32.4033,-32.57,-32.53,1638000.0
1992-08-14,-32.4467,-32.1967,-32.4867,-32.2367,2456100.0
1992-08-17,-32.28,-32.28,-32.3633,-32.32,1021200.0
1992-08-18,-32.32,-32.32,-32.53,-32.4033,1378200.0
1992-08-19,-32.4033,-32.4033,-33.1133,-32.8633,6402900.0
1992-08-20,-32.7367,-32.57,-32.8633,-32.57,5583900.0
1992-08-21,-32.4867,-32.4867,-32.82,-32.6967,3111600.0
1992-08-24,-32.82,-32.82,-33.1967,-33.07,3476100.0
1992-08-25,-33.1133,-33.1133,-33.4467,-33.28,5002200.0
1992-08-26,-33.28,-33.07,-33.3233,-33.1133,2692800.0
1992-08-27,-33.03,-32.7367,-33.03,-32.8633,3351900.0
1992-08-28,-32.8633,-32.78,-33.03,-32.82,1496400.0
1992-08-31,-32.82,-32.6533,-33.03,-32.9467,2010600.0
1992-09-01,-32.82,-32.6133,-32.8633,-32.6967,2722800.0
1992-09-02,-32.6533,-32.53,-32.6967,-32.57,1665000.0
1992-09-03,-32.53,-32.4867,-32.9033,-32.8633,1891200.0
1992-09-04,-32.8633,-32.6133,-32.9033,-32.6967,1717200.0
1992-09-08,-32.6533,-32.6533,-33.28,-33.28,3765600.0
1992-09-09,-33.24,-33.24,-33.5733,-33.4467,6751800.0
1992-09-10,-33.4467,-33.3233,-33.6133,-33.3233,9955800.0
1992-09-11,-33.3233,-33.1967,-33.5733,-33.53,4414500.0
1992-09-14,-33.3233,-33.03,-33.4467,-33.03,7691400.0
1992-09-15,-33.1967,-33.1567,-33.3633,-33.28,3971100.0
1992-09-16,-33.4067,-33.28,-33.53,-33.3233,3037800.0
1992-09-17,-33.3633,-33.3633,-33.4467,-33.4067,2334600.0
1992-09-18,-33.4467,-33.4067,-33.53,-33.4467,4375800.0
1992-09-21,-33.4467,-33.4467,-33.6567,-33.53,4668900.0
1992-09-22,-33.53,-33.4467,-33.6967,-33.6967,3981300.0
1992-09-23,-33.6133,-33.4467,-33.6967,-33.53,3431400.0
1992-09-24,-33.4467,-33.4067,-33.5733,-33.53,2501700.0
1992-09-25,-33.5733,-33.3233,-33.5733,-33.3233,3804000.0
1992-09-28,-33.3233,-32.9867,-33.3233,-33.1133,3745800.0
1992-09-29,-33.03,-32.9867,-33.1567,-33.07,2473800.0
1992-09-30,-33.1133,-32.82,-33.1967,-32.9033,2114100.0
1992-10-01,-32.9033,-32.78,-33.03,-32.8633,2355000.0
1992-10-02,-32.8633,-32.8633,-33.1967,-33.1133,1987800.0
1992-10-05,-33.24,-33.1567,-33.6967,-33.1967,2048700.0
1992-10-06,-33.1967,-33.03,-33.28,-33.1567,3438300.0
1992-10-07,-33.1567,-33.03,-33.24,-33.24,1288200.0
1992-10-08,-33.1967,-33.1567,-33.4067,-33.4067,1691100.0
1992-10-09,-33.4067,-33.3233,-33.4467,-33.4467,1744500.0
1992-10-12,-33.4067,-33.1567,-33.4067,-33.1967,902400.0
1992-10-13,-33.1967,-33.1567,-33.3233,-33.24,1623900.0
1992-10-14,-33.24,-33.1567,-33.28,-33.1967,1263300.0
1992-10-15,-33.28,-33.1967,-33.3633,-33.3633,1014600.0
1992-10-16,-33.3233,-33.28,-33.3633,-33.3233,1275000.0
1992-10-19,-33.28,-32.6133,-33.3233,-32.6133,3991800.0
1992-10-20,-32.57,-32.32,-32.7367,-32.6133,4371300.0
1992-10-21,-32.6133,-32.57,-32.7367,-32.57,1538400.0
1992-10-22,-32.4467,-32.3633,-32.6133,-32.4867,2039700.0
1992-10-23,-32.4467,-32.28,-32.4867,-32.4033,1798800.0
1992-10-26,-32.3633,-31.9033,-32.4033,-31.9867,2709900.0
1992-10-27,-32.03,-31.9867,-32.28,-32.1967,2229300.0
1992-10-28,-32.1967,-32.1533,-32.32,-32.1967,1080900.0
1992-10-29,-32.1533,-32.1533,-32.28,-32.1967,1008600.0
1992-10-30,-32.1533,-32.1133,-32.32,-32.32,789300.0
1992-11-02,-32.28,-32.03,-32.32,-32.1133,2822400.0
1992-11-03,-32.1133,-32.1133,-32.28,-32.1967,2730000.0
1992-11-04,-32.1967,-32.1133,-32.2367,-32.1533,990600.0
1992-11-05,-32.1133,-31.9867,-32.2367,-32.07,1284600.0
1992-11-06,-32.07,-31.8633,-32.1967,-32.03,2049900.0
1992-11-09,-31.9867,-31.7367,-32.03,-31.9033,2324400.0
1992-11-10,-31.8633,-31.7367,-31.8633,-31.82,2043600.0
1992-11-11,-31.8633,-31.6533,-31.9033,-31.6967,2281500.0
1992-11-12,-31.6133,-31.4467,-31.7367,-31.6133,3578100.0
1992-11-13,-31.53,-31.4033,-31.6133,-31.57,3259200.0
1992-11-16,-31.4033,-31.4033,-31.6133,-31.6133,1588200.0
1992-11-17,-31.6533,-31.57,-31.82,-31.78,841200.0
1992-11-18,-31.6967,-31.6533,-31.82,-31.82,1072500.0
1992-11-19,-31.6967,-31.6133,-31.8633,-31.8633,1666500.0
1992-11-20,-31.78,-31.78,-31.9033,-31.9033,2690100.0
1992-11-23,-31.8633,-31.57,-31.9467,-31.6533,2524800.0
1992-11-24,-31.6967,-31.53,-31.7367,-31.6533,1803600.0
1992-11-25,-31.6133,-31.28,-31.6133,-31.32,2155800.0
1992-11-27,-31.1967,-31.1533,-31.28,-31.2367,881400.0
1992-11-30,-31.1533,-31.1533,-31.4867,-31.28,2239800.0
1992-12-01,-31.28,-31.28,-31.57,-31.53,2190900.0
1992-12-02,-31.4867,-31.4033,-31.57,-31.53,1766400.0
1992-12-03,-31.4867,-31.4467,-31.53,-31.4467,520500.0
1992-12-04,-31.4467,-31.28,-31.4867,-31.32,1044900.0
1992-12-07,-31.32,-31.28,-31.53,-31.4467,784500.0
1992-12-08,-31.3633,-31.28,-31.4033,-31.3633,960600.0
1992-12-09,-31.3633,-31.3633,-31.6533,-31.6133,1444500.0
1992-12-10,-31.6133,-31.6133,-31.9467,-31.9033,2490300.0
1992-12-11,-31.82,-31.6533,-31.8633,-31.7367,1856700.0
1992-12-14,-31.7367,-31.6967,-31.82,-31.6967,1301100.0
1992-12-15,-31.7367,-31.57,-31.78,-31.57,1244400.0
1992-12-16,-31.57,-31.3633,-31.6967,-31.6533,2076000.0
1992-12-17,-31.6533,-31.53,-31.7367,-31.53,1361400.0
1992-12-18,-31.4867,-31.4467,-31.6133,-31.4867,3174600.0
1992-12-21,-31.4467,-31.1967,-31.4867,-31.1967,2489700.0
1992-12-22,-31.1133,-30.8633,-31.1533,-30.9033,3776100.0
1992-12-23,-30.9467,-30.8633,-31.03,-30.9467,2129400.0
1992-12-24,-30.8633,-30.78,-30.9467,-30.9467,911700.0
1992-12-28,-30.9467,-30.6533,-30.9467,-30.8633,1353300.0
1992-12-29,-30.9467,-30.6533,-30.9467,-30.8633,3051000.0
1992-12-30,-31.03,-30.78,-31.03,-30.8633,1597200.0
1992-12-31,-30.82,-30.78,-30.9033,-30.9033,1196100.0
1993-01-04,-30.8633,-30.82,-30.9867,-30.9033,1710900.0
1993-01-05,-30.9867,-30.8633,-31.1133,-31.1133,3233700.0
1993-01-06,-31.1533,-30.9867,-31.1967,-30.9867,2238600.0
1993-01-07,-30.9867,-30.9467,-31.2367,-31.2367,4186800.0
1993-01-08,-31.2367,-31.1133,-31.4467,-31.1533,2413200.0
1993-01-11,-31.1133,-30.9467,-31.1133,-30.9867,2197500.0
1993-01-12,-31.07,-30.8633,-31.07,-30.9033,3238200.0
1993-01-13,-30.82,-30.6967,-30.8633,-30.7367,3203100.0
1993-01-14,-30.6533,-30.32,-30.6967,-30.32,5953500.0
1993-01-15,-30.28,-30.1133,-30.32,-30.28,3752400.0
1993-01-18,-30.28,-29.8633,-30.32,-30.03,2661000.0
1993-01-19,-29.9467,-29.4467,-30.1967,-29.9033,9706200.0
1993-01-20,-29.8633,-29.8633,-30.3633,-30.32,8171400.0
1993-01-21,-30.1533,-30.1533,-30.6533,-30.53,5445600.0
1993-01-22,-30.4467,-30.28,-30.53,-30.4867,2596200.0
1993-01-25,-30.4867,-30.4033,-30.6533,-30.6133,1448100.0
1993-01-26,-30.4867,-30.3633,-30.53,-30.3633,3066000.0
1993-01-27,-30.1967,-29.8633,-30.2367,-29.8633,6870900.0
1993-01-28,-29.78,-29.7367,-30.32,-30.28,4331400.0
1993-01-29,-30.1967,-30.1967,-30.32,-30.2367,1787400.0
1993-02-01,-30.1533,-30.07,-30.2367,-30.1133,2808600.0
1993-02-02,-30.03,-29.9867,-30.1533,-30.07,1596300.0
1993-02-03,-30.07,-29.8633,-30.07,-29.9033,2324100.0
1993-02-04,-29.6533,-29.6133,-29.8633,-29.7367,3925500.0
1993-02-05,-29.6967,-29.4467,-29.6967,-29.4867,5154300.0
1993-02-08,-29.53,-29.4867,-29.6133,-29.53,1293300.0
1993-02-09,-29.6133,-29.57,-29.7367,-29.6533,2384700.0
1993-02-10,-29.6533,-29.6533,-29.78,-29.6533,2068800.0
1993-02-11,-29.6533,-29.4867,-29.6967,-29.6133,2583900.0
1993-02-12,-29.57,-29.53,-29.82,-29.82,2259300.0
1993-02-16,-29.8633,-29.8633,-30.57,-30.28,4684800.0
1993-02-17,-30.3633,-30.32,-30.53,-30.4033,4813200.0
1993-02-18,-30.07,-30.07,-30.6533,-30.53,3295500.0
1993-02-19,-30.4867,-30.07,-30.53,-30.07,3911400.0
1993-02-22,-30.1533,-29.82,-30.1967,-29.82,2483100.0
1993-02-23,-29.8633,-29.82,-30.32,-30.1967,3613200.0
1993-02-24,-30.03,-29.78,-30.1133,-29.82,2629200.0
1993-02-25,-29.82,-29.82,-30.07,-29.9033,1738800.0
1993-02-26,-29.9467,-29.9033,-30.4467,-30.28,14774700.0
1993-03-01,-30.03,-29.9867,-30.2367,-30.1133,2642700.0
1993-03-02,-30.07,-29.82,-30.1133,-29.82,2373000.0
1993-03-03,-29.82,-29.6533,-29.8633,-29.78,3356100.0
1993-03-04,-29.7367,-29.7367,-30.1533,-30.1133,2063400.0
1993-03-05,-30.07,-29.9467,-30.2367,-30.1533,2584500.0
1993-03-08,-30.1133,-29.82,-30.1133,-29.82,2325600.0
1993-03-09,-29.82,-29.4867,-29.82,-29.4867,3868200.0
1993-03-10,-29.4867,-29.07,-29.53,-29.1133,3933600.0
1993-03-11,-29.1133,-29.1133,-29.4033,-29.32,2558400.0
1993-03-12,-29.57,-29.4867,-29.6967,-29.53,2475900.0
1993-03-15,-29.53,-29.4867,-29.7367,-29.53,2089800.0
1993-03-16,-29.6967,-29.2367,-29.6967,-29.3633,3325800.0
1993-03-17,-29.3633,-29.3633,-29.78,-29.78,4476900.0
1993-03-18,-29.78,-29.6133,-30.03,-29.8633,3229200.0
1993-03-19,-29.7367,-29.7367,-30.07,-30.07,3954000.0
1993-03-22,-30.1967,-29.9867,-30.2367,-29.9867,2697900.0
1993-03-23,-29.9867,-29.9033,-30.2367,-30.1967,2721300.0
1993-03-24,-30.1533,-30.07,-30.78,-30.4867,5088900.0
1993-03-25,-30.4867,-30.32,-30.6133,-30.4467,3733800.0
1993-03-26,-30.4033,-30.1133,-30.4467,-30.2367,4185600.0
1993-03-29,-30.1133,-29.9867,-30.1133,-30.07,2197200.0
1993-03-30,-30.07,-30.07,-30.2367,-30.1967,1614300.0
1993-03-31,-30.2367,-30.1967,-30.3633,-30.32,1911300.0
1993-04-01,-30.1967,-29.9467,-30.2367,-30.1967,2150400.0
1993-04-02,-30.1967,-30.1967,-30.9033,-30.82,3041100.0
1993-04-05,-30.6967,-30.4867,-30.9467,-30.4867,4099200.0
1993-04-06,-30.4467,-30.4467,-30.6967,-30.6967,1578900.0
1993-04-07,-30.6533,-30.3633,-30.82,-30.3633,5876100.0
1993-04-08,-30.28,-30.1967,-30.4033,-30.3633,3199800.0
1993-04-12,-30.03,-29.6533,-30.07,-29.6533,3509400.0
1993-04-13,-29.4467,-29.07,-29.4867,-29.32,5934300.0
1993-04-14,-29.1967,-29.1967,-29.6533,-29.53,2251500.0
1993-04-15,-29.53,-29.4033,-30.07,-30.03,3673500.0
1993-04-16,-30.03,-29.9867,-30.2367,-29.9867,2700300.0
1993-04-19,-30.03,-30.03,-30.3633,-30.2367,1783500.0
1993-04-20,-30.2367,-30.1967,-30.8633,-30.3633,6395400.0
1993-04-21,-30.3633,-30.28,-30.78,-30.53,7251600.0
1993-04-22,-30.57,-30.32,-30.7367,-30.7367,7834200.0
1993-04-23,-30.9467,-30.82,-31.1967,-31.1533,5907300.0
1993-04-26,-31.1533,-31.03,-31.6533,-31.4867,7616100.0
1993-04-27,-31.4033,-31.03,-31.4467,-31.1533,5255400.0
1993-04-28,-31.03,-30.78,-31.1133,-31.03,3144900.0
1993-04-29,-30.9867,-30.8633,-31.07,-30.9033,1850400.0
1993-04-30,-30.9467,-30.82,-31.07,-31.03,2343600.0
1993-05-03,-30.9867,-30.9467,-31.07,-30.9867,2199300.0
1993-05-04,-30.9867,-30.4867,-30.9867,-30.6133,2719200.0
1993-05-05,-30.4867,-30.32,-30.9867,-30.9467,5046300.0
1993-05-06,-30.9033,-30.78,-31.1533,-31.1133,3900300.0
1993-05-07,-31.03,-31.03,-31.28,-31.2367,1756800.0
1993-05-10,-31.1967,-30.9867,-31.1967,-31.03,1441800.0
1993-05-11,-31.03,-30.57,-31.1133,-30.6133,2325900.0
1993-05-12,-30.6133,-30.57,-30.82,-30.6533,1453500.0
1993-05-13,-30.9467,-30.82,-31.4033,-31.3633,3639300.0
1993-05-14,-31.4867,-31.4467,-31.7367,-31.57,5389800.0
1993-05-17,-31.6133,-31.4867,-32.03,-31.7367,8010000.0
1993-05-18,-31.7367,-31.57,-31.9033,-31.78,7476900.0
1993-05-19,-31.6533,-31.2367,-31.9033,-31.32,5709900.0
1993-05-20,-31.32,-31.1133,-31.3633,-31.1967,3152100.0
1993-05-21,-31.28,-31.2367,-31.6133,-31.6133,2808000.0
1993-05-24,-31.6533,-31.4033,-31.6533,-31.4867,2277600.0
1993-05-25,-31.4467,-31.2367,-31.4867,-31.32,2683800.0
1993-05-26,-31.1533,-30.6967,-31.2367,-30.6967,3028800.0
1993-05-27,-30.78,-30.6967,-31.03,-30.9867,2851200.0
1993-05-28,-31.07,-30.78,-31.1533,-30.9867,2521500.0
1993-06-01,-30.9033,-30.6967,-31.03,-30.78,1998600.0
1993-06-02,-30.9033,-30.82,-31.1967,-31.1133,3053400.0
1993-06-03,-31.1133,-31.07,-31.1967,-31.1533,1522200.0
1993-06-04,-31.2367,-31.2367,-31.57,-31.4033,2065500.0
1993-06-07,-31.3633,-31.3633,-32.1133,-31.9467,5410200.0
1993-06-08,-31.78,-31.4867,-31.78,-31.6967,3636000.0
1993-06-09,-31.6133,-31.32,-31.6533,-31.3633,3187200.0
1993-06-10,-31.3633,-31.2367,-31.53,-31.32,1970100.0
1993-06-11,-31.03,-30.8633,-31.2367,-30.9467,3445200.0
1993-06-14,-30.9467,-30.78,-30.9467,-30.82,3276900.0
1993-06-15,-30.82,-30.6133,-30.8633,-30.82,2433600.0
1993-06-16,-30.82,-30.78,-30.9467,-30.78,2145000.0
1993-06-17,-30.78,-30.4867,-30.82,-30.6133,2749200.0
1993-06-18,-30.6133,-30.57,-30.82,-30.82,2809500.0
1993-06-21,-30.6967,-30.4033,-30.82,-30.4033,4551300.0
1993-06-22,-30.4033,-30.1533,-30.4867,-30.1533,3794100.0
1993-06-23,-30.3633,-30.28,-30.6133,-30.53,3176700.0
1993-06-24,-30.4867,-30.1533,-30.4867,-30.2367,3156600.0
1993-06-25,-30.2367,-30.1533,-30.32,-30.1533,1457100.0
1993-06-28,-30.07,-29.7367,-30.07,-29.82,2979300.0
1993-06-29,-29.9033,-29.8633,-30.2367,-30.1533,3217200.0
1993-06-30,-30.1533,-30.07,-30.1967,-30.1533,2120400.0
1993-07-01,-30.1533,-30.07,-30.28,-30.2367,2742900.0
1993-07-02,-30.28,-30.28,-30.53,-30.4867,2380200.0
1993-07-06,-30.4033,-30.28,-30.4467,-30.3633,3195900.0
1993-07-07,-30.2367,-30.1533,-30.32,-30.32,3023100.0
1993-07-08,-30.32,-30.07,-30.32,-30.2367,3139800.0
1993-07-09,-30.1967,-30.1967,-30.32,-30.32,1985400.0
1993-07-12,-30.32,-30.2367,-30.3633,-30.28,1575600.0
1993-07-13,-30.28,-30.28,-30.6967,-30.6133,2339400.0
1993-07-14,-30.6133,-30.53,-30.8633,-30.78,2247600.0
1993-07-15,-30.7367,-30.4867,-30.78,-30.53,2260500.0
1993-07-16,-30.4867,-30.4033,-30.57,-30.4867,2099700.0
1993-07-19,-30.4033,-30.3633,-30.6133,-30.53,1982400.0
1993-07-20,-30.4867,-30.4033,-30.78,-30.53,4726200.0
1993-07-21,-30.57,-30.32,-30.6133,-30.32,3030300.0
1993-07-22,-30.32,-30.2367,-30.53,-30.4867,3376200.0
1993-07-23,-30.4467,-30.32,-30.4867,-30.3633,1829400.0
1993-07-26,-30.32,-30.1967,-30.3633,-30.1967,1712400.0
1993-07-27,-30.2367,-30.1967,-30.4467,-30.3633,1935000.0
1993-07-28,-30.28,-30.1533,-30.3633,-30.1533,2204700.0
1993-07-29,-30.1533,-29.9033,-30.1533,-30.07,3465900.0
1993-07-30,-29.9867,-29.9467,-30.1133,-30.03,2137200.0
1993-08-02,-30.03,-29.9867,-30.1967,-30.1133,1668000.0
1993-08-03,-30.07,-29.9033,-30.1133,-29.9033,2277000.0
1993-08-04,-29.78,-29.6967,-29.9033,-29.6967,2499900.0
1993-08-05,-29.53,-29.53,-29.82,-29.6967,1700100.0
1993-08-06,-29.6533,-29.6533,-29.8633,-29.78,2077800.0
1993-08-09,-29.7367,-29.6967,-29.82,-29.78,1421100.0
1993-08-10,-29.6967,-29.6967,-29.9867,-29.9467,1922100.0
1993-08-11,-29.9033,-29.9033,-30.07,-29.9867,1293000.0
1993-08-12,-30.07,-29.9867,-30.1967,-30.03,2674800.0
1993-08-13,-29.9867,-29.8633,-30.07,-29.9467,1941000.0
1993-08-16,-29.9467,-29.78,-30.28,-30.1967,3429600.0
1993-08-17,-30.1967,-30.1967,-30.53,-30.4467,2846700.0
1993-08-18,-30.3633,-30.32,-30.53,-30.4467,2816100.0
1993-08-19,-30.3633,-30.3633,-30.6133,-30.6133,1451100.0
1993-08-20,-30.57,-30.4467,-30.6533,-30.6533,1875000.0
1993-08-23,-30.6133,-30.53,-30.6967,-30.6133,1794600.0
1993-08-24,-30.57,-30.28,-30.7367,-30.32,3078300.0
1993-08-25,-30.32,-30.1133,-30.4033,-30.32,3299700.0
1993-08-26,-30.28,-30.1967,-30.4467,-30.2367,1297500.0
1993-08-27,-30.2367,-30.1533,-30.32,-30.2367,1213500.0
1993-08-30,-30.2367,-30.1133,-30.3633,-30.32,1963500.0
1993-08-31,-30.3633,-30.2367,-30.53,-30.2367,2104500.0
1993-09-01,-30.2367,-30.2367,-30.4467,-30.4467,2257200.0
1993-09-02,-30.4033,-30.32,-30.4867,-30.4467,2797800.0
1993-09-03,-30.4467,-30.1967,-30.57,-30.28,1862700.0
1993-09-07,-30.28,-29.9867,-30.32,-30.1133,2848800.0
1993-09-08,-30.1133,-29.9467,-30.1967,-30.1133,1930500.0
1993-09-09,-30.1133,-29.4033,-30.1967,-29.4033,7375800.0
1993-09-10,-29.4033,-29.07,-29.4033,-29.1133,5705700.0
1993-09-13,-29.1133,-29.07,-29.4467,-29.4467,4406100.0
1993-09-14,-29.4033,-29.2367,-29.53,-29.32,3453300.0
1993-09-15,-29.32,-29.28,-29.4867,-29.32,3363600.0
1993-09-16,-29.32,-29.32,-29.4033,-29.3633,1247700.0
1993-09-17,-29.4467,-29.28,-29.4467,-29.32,2904900.0
1993-09-20,-29.32,-29.1133,-29.32,-29.1967,1883400.0
1993-09-21,-29.1967,-29.1133,-29.6967,-29.4033,2583000.0
1993-09-22,-29.3633,-29.1967,-29.4033,-29.28,1330500.0
1993-09-23,-29.07,-28.9867,-29.2367,-29.07,2563500.0
1993-09-24,-29.1133,-28.9467,-29.1967,-29.03,2327700.0
1993-09-27,-28.9467,-28.7367,-28.9867,-28.82,3182100.0
1993-09-28,-28.9033,-28.6967,-28.9033,-28.7367,2374500.0
1993-09-29,-28.78,-28.6533,-28.82,-28.82,4506600.0
1993-09-30,-28.82,-28.6533,-28.9033,-28.78,2236200.0
1993-10-01,-28.82,-28.6967,-28.82,-28.7367,1827600.0
1993-10-04,-28.6967,-28.6133,-28.6967,-28.6967,2046600.0
1993-10-05,-28.6967,-28.6133,-28.8633,-28.7367,2289600.0
1993-10-06,-28.53,-28.4033,-28.6533,-28.6533,5153100.0
1993-10-07,-28.7367,-28.6133,-28.8633,-28.6533,2232000.0
1993-10-08,-28.6133,-28.53,-28.82,-28.82,1730400.0
1993-10-11,-28.6533,-28.6533,-28.8633,-28.6967,713100.0
1993-10-12,-28.6533,-28.57,-28.7367,-28.6133,1527900.0
1993-10-13,-28.6133,-28.4033,-28.6133,-28.4033,2439000.0
1993-10-14,-28.3633,-28.32,-28.8633,-28.7367,3458700.0
1993-10-15,-28.6967,-28.6967,-29.32,-29.28,3630000.0
1993-10-18,-29.2367,-29.1133,-29.9467,-29.78,5498700.0
1993-10-19,-29.82,-29.53,-30.2367,-30.1533,10120500.0
1993-10-20,-29.9033,-29.78,-30.07,-29.9867,4571100.0
1993-10-21,-29.82,-29.6967,-29.9033,-29.78,3152100.0
1993-10-22,-29.7367,-29.6533,-29.9467,-29.8633,3591300.0
1993-10-25,-29.82,-29.6967,-30.07,-29.82,2102400.0
1993-10-26,-29.82,-29.82,-30.2367,-30.1533,5050800.0
1993-10-27,-30.1133,-29.9467,-30.28,-30.1533,4457100.0
1993-10-28,-30.2367,-29.9867,-30.2367,-30.1533,3138000.0
1993-10-29,-30.1533,-30.1533,-30.4467,-30.4033,2897700.0
1993-11-01,-30.4033,-29.9467,-30.4033,-29.9867,2175600.0
1993-11-02,-29.9867,-29.9867,-30.28,-30.2367,2744100.0
1993-11-03,-30.1967,-30.1967,-30.78,-30.6133,6767100.0
1993-11-04,-30.4467,-30.4467,-31.2367,-31.1533,6989400.0
1993-11-05,-31.1533,-30.6967,-31.2367,-30.82,6204000.0
1993-11-08,-30.78,-30.7367,-31.1133,-30.9467,3116400.0
1993-11-09,-30.6967,-30.6133,-30.9867,-30.9033,4761900.0
1993-11-10,-30.9867,-30.8633,-31.1133,-30.8633,2006100.0
1993-11-11,-30.8633,-30.6533,-31.07,-31.03,2619000.0
1993-11-12,-30.9467,-30.8633,-30.9867,-30.9467,1905900.0
1993-11-15,-30.9467,-30.9467,-31.2367,-31.1533,2324700.0
1993-11-16,-31.1133,-31.03,-31.2367,-31.03,2387100.0
1993-11-17,-30.9033,-30.78,-31.4033,-31.1967,3625800.0
1993-11-18,-31.1533,-31.1533,-31.3633,-31.32,1696800.0
1993-11-19,-31.3633,-31.3633,-31.6533,-31.4867,4632600.0
1993-11-22,-31.6133,-31.57,-31.78,-31.7367,3404100.0
1993-11-23,-31.6133,-31.4033,-31.6967,-31.4467,4434900.0
1993-11-24,-31.4033,-31.1967,-31.4467,-31.4033,3940800.0
1993-11-26,-31.4033,-31.28,-31.4033,-31.28,825300.0
1993-11-29,-31.1533,-30.9467,-31.1533,-31.03,2032200.0
1993-11-30,-31.03,-30.82,-31.1133,-30.9467,1621800.0
1993-12-01,-30.82,-30.57,-30.9033,-30.78,3159300.0
1993-12-02,-30.6967,-30.6133,-30.8633,-30.6533,1302600.0
1993-12-03,-30.6133,-30.6133,-30.82,-30.6133,1871700.0
1993-12-06,-30.53,-30.4867,-30.6533,-30.53,1971600.0
1993-12-07,-30.4867,-30.28,-30.57,-30.28,2447700.0
1993-12-08,-30.28,-30.1533,-30.3633,-30.32,1738500.0
1993-12-09,-30.1533,-30.1533,-30.4033,-30.32,1751700.0
1993-12-10,-30.4033,-30.4033,-30.6533,-30.6133,1864500.0
1993-12-13,-30.7367,-30.6967,-30.9033,-30.6967,2002500.0
1993-12-14,-30.6967,-30.6967,-30.9867,-30.78,1865400.0
1993-12-15,-30.78,-30.6533,-30.8633,-30.8633,2073000.0
1993-12-16,-30.82,-30.4867,-30.82,-30.82,2198100.0
1993-12-17,-30.6533,-30.57,-30.78,-30.57,3737100.0
1993-12-20,-30.57,-30.2367,-30.57,-30.28,2873700.0
1993-12-21,-30.3633,-30.1967,-30.4467,-30.3633,2184600.0
1993-12-22,-30.32,-30.2367,-30.4033,-30.2367,1997700.0
1993-12-23,-30.2367,-30.1967,-30.28,-30.2367,1299900.0
1993-12-27,-30.1967,-29.9867,-30.28,-29.9867,1471200.0
1993-12-28,-30.03,-30.03,-30.1533,-30.1533,685800.0
1993-12-29,-30.1133,-30.07,-30.4033,-30.32,1700700.0
1993-12-30,-30.3633,-30.2367,-30.4033,-30.2367,2066700.0
1993-12-31,-30.28,-30.1967,-30.4467,-30.4033,1585800.0
1994-01-03,-30.4033,-30.32,-30.57,-30.32,3214200.0
1994-01-04,-30.2367,-30.2367,-30.3633,-30.28,2440200.0
1994-01-05,-30.3633,-30.32,-30.4467,-30.4033,1745100.0
1994-01-06,-30.28,-30.28,-30.6967,-30.6133,3106800.0
1994-01-07,-30.53,-30.1967,-30.53,-30.2367,3071700.0
1994-01-10,-30.2367,-29.9467,-30.28,-30.03,2181600.0
1994-01-11,-29.9867,-29.9867,-30.2367,-30.1133,2348700.0
1994-01-12,-30.03,-29.9467,-30.1967,-30.07,2001300.0
1994-01-13,-30.1133,-29.9033,-30.1533,-29.9467,3096600.0
1994-01-14,-29.9467,-29.82,-30.03,-29.9467,2769000.0
1994-01-17,-29.8633,-29.7367,-30.07,-29.9467,3430500.0
1994-01-18,-29.9033,-29.8633,-30.32,-30.28,3756600.0
1994-01-19,-30.32,-30.28,-30.9467,-30.9033,8145300.0
1994-01-20,-30.9033,-30.8633,-31.1533,-31.1133,5243700.0
1994-01-21,-31.1133,-31.07,-31.32,-31.2367,8094600.0
1994-01-24,-31.2367,-31.03,-31.28,-31.1967,7584900.0
1994-01-25,-31.1967,-31.1533,-31.4033,-31.3633,5227200.0
1994-01-26,-31.32,-31.03,-31.3633,-31.1533,6293700.0
1994-01-27,-31.07,-30.9033,-31.1133,-30.9467,3560100.0
1994-01-28,-30.6967,-30.6967,-30.82,-30.7367,4384500.0
1994-01-31,-30.6133,-30.4467,-30.6967,-30.6133,5171700.0
1994-02-01,-30.6533,-30.6133,-30.9467,-30.9033,5022000.0
1994-02-02,-30.82,-30.7367,-30.9467,-30.7367,3367200.0
1994-02-03,-30.78,-30.7367,-31.2367,-31.1533,4615200.0
1994-02-04,-31.1533,-31.07,-31.53,-31.4467,9891300.0
1994-02-07,-31.4467,-31.2367,-31.4867,-31.3633,5472600.0
1994-02-08,-31.3633,-31.32,-31.53,-31.4867,3797700.0
1994-02-09,-31.4867,-31.28,-31.4867,-31.32,2974200.0
1994-02-10,-31.28,-31.2367,-31.4867,-31.4467,2718600.0
1994-02-11,-31.4467,-31.28,-31.57,-31.57,2242500.0
1994-02-14,-31.53,-31.4867,-31.6533,-31.6133,3293400.0
1994-02-15,-31.6133,-31.57,-31.7367,-31.57,6871500.0
1994-02-16,-31.53,-31.4867,-31.6133,-31.53,2501100.0
1994-02-17,-31.4467,-31.32,-31.6533,-31.57,4932300.0
1994-02-18,-31.4867,-31.4467,-31.6533,-31.6133,3020400.0
1994-02-22,-31.53,-31.3633,-31.6533,-31.4033,3284100.0
1994-02-23,-31.3633,-31.2367,-31.4033,-31.28,2510400.0
1994-02-24,-31.32,-31.1533,-31.53,-31.32,3522000.0
1994-02-25,-31.2367,-31.1533,-31.4467,-31.1533,1742400.0
1994-02-28,-31.07,-31.03,-31.3633,-31.3633,2007900.0
1994-03-01,-31.32,-31.1967,-31.4467,-31.3633,3124800.0
1994-03-02,-31.57,-31.4033,-31.57,-31.4467,2757600.0
1994-03-03,-31.4033,-31.4033,-31.78,-31.78,3877500.0
1994-03-04,-31.57,-31.57,-31.82,-31.6533,3477300.0
1994-03-07,-31.6133,-31.4867,-31.6533,-31.6533,3264300.0
1994-03-08,-31.6133,-31.6133,-31.7367,-31.6533,2622000.0
1994-03-09,-31.6533,-31.6533,-31.9033,-31.82,3395100.0
1994-03-10,-31.82,-31.82,-31.9033,-31.82,3537000.0
1994-03-11,-31.82,-31.57,-31.8633,-31.6533,5129400.0
1994-03-14,-31.4467,-31.07,-31.4867,-31.1533,5596800.0
1994-03-15,-31.1533,-31.03,-31.1533,-31.07,3251400.0
1994-03-16,-31.07,-30.78,-31.1133,-30.78,4234800.0
1994-03-17,-30.78,-30.7367,-30.9867,-30.8633,2315400.0
1994-03-18,-30.9033,-30.9033,-31.03,-30.9867,3957600.0
1994-03-21,-30.9867,-30.9867,-31.1533,-31.07,2065200.0
1994-03-22,-31.1133,-30.78,-31.1133,-30.9867,2269500.0
1994-03-23,-30.9867,-30.82,-31.1133,-31.03,1848600.0
1994-03-24,-31.07,-30.9867,-31.1967,-31.1133,2156700.0
1994-03-25,-31.1133,-31.07,-31.3633,-31.3633,1749300.0
1994-03-28,-31.28,-31.2367,-31.53,-31.4033,1930800.0
1994-03-29,-31.4467,-31.4033,-31.57,-31.57,2843400.0
1994-03-30,-31.78,-31.57,-31.9867,-31.9467,4096500.0
1994-03-31,-31.9467,-31.4867,-32.28,-31.6533,5024700.0
1994-04-04,-31.8633,-31.6967,-31.9467,-31.82,2387700.0
1994-04-05,-31.6967,-31.57,-31.9467,-31.6533,2484600.0
1994-04-06,-31.6533,-31.57,-31.8633,-31.6533,2445900.0
1994-04-07,-31.57,-30.9867,-31.6133,-31.1133,4100100.0
1994-04-08,-31.1967,-30.9867,-31.3633,-31.2367,3961200.0
1994-04-11,-31.2367,-30.78,-31.2367,-30.8633,3108900.0
1994-04-12,-30.9033,-30.7367,-30.9467,-30.9467,3848100.0
1994-04-13,-30.82,-30.82,-31.2367,-31.1967,3686100.0
1994-04-14,-31.1967,-31.03,-31.4033,-31.1133,2197200.0
1994-04-15,-31.1533,-31.03,-31.1967,-31.07,1516200.0
1994-04-18,-31.07,-30.9467,-31.28,-31.28,1649400.0
1994-04-19,-31.28,-31.2367,-31.5933,-31.4467,3626700.0
1994-04-20,-31.4033,-31.3633,-31.6967,-31.6533,5080500.0
1994-04-21,-31.6533,-31.28,-31.78,-31.53,3812400.0
1994-04-22,-31.4867,-31.4867,-31.9033,-31.78,2046300.0
1994-04-25,-31.78,-31.7367,-32.1967,-32.03,3999000.0
1994-04-26,-31.9467,-31.9033,-32.07,-31.9467,1761600.0
1994-04-28,-32.03,-31.9867,-32.1133,-32.1133,1812000.0
1994-04-29,-32.1533,-31.9467,-32.2367,-32.1967,3655200.0
1994-05-02,-32.1133,-31.82,-32.1533,-31.9467,2892000.0
1994-05-03,-31.8633,-31.7367,-32.07,-31.9033,1962000.0
1994-05-04,-31.8633,-31.8633,-32.07,-31.9033,1818300.0
1994-05-05,-31.9033,-31.8633,-32.1133,-32.03,1934700.0
1994-05-06,-32.1967,-32.07,-32.3633,-32.2367,2182200.0
1994-05-09,-32.28,-32.1133,-32.3633,-32.3633,2189700.0
1994-05-10,-32.1967,-32.07,-32.2367,-32.07,2518800.0
1994-05-11,-32.07,-32.07,-32.32,-32.32,1141200.0
1994-05-12,-32.1967,-32.1533,-32.32,-32.32,2021100.0
1994-05-13,-32.28,-32.2367,-32.4867,-32.28,2798700.0
1994-05-16,-32.2367,-32.1133,-32.32,-32.1967,1791000.0
1994-05-17,-32.07,-31.82,-32.32,-31.8633,4293000.0
1994-05-18,-31.53,-31.32,-31.7367,-31.32,5691900.0
1994-05-19,-31.32,-31.32,-31.6133,-31.4467,2327100.0
1994-05-20,-31.4867,-31.4467,-31.7367,-31.7367,1754400.0
1994-05-23,-31.7367,-31.6967,-31.8633,-31.78,1650900.0
1994-05-24,-31.6133,-31.4033,-31.6533,-31.4867,2070600.0
1994-05-25,-31.4867,-31.4033,-31.6533,-31.4033,2215800.0
1994-05-26,-31.4033,-31.4033,-31.57,-31.4467,1294200.0
1994-05-27,-31.4467,-31.1133,-31.53,-31.1133,2743500.0
1994-05-31,-31.1533,-30.9467,-31.2367,-30.9867,2860500.0
1994-06-01,-30.9467,-30.53,-30.9867,-30.53,5343300.0
1994-06-02,-30.57,-30.57,-30.6967,-30.6533,1974900.0
1994-06-03,-30.6533,-30.4867,-30.6967,-30.4867,2232300.0
1994-06-06,-30.4467,-30.28,-30.4867,-30.32,3385800.0
1994-06-07,-30.3633,-30.32,-30.6133,-30.57,2502300.0
1994-06-08,-30.4467,-30.4467,-30.6133,-30.57,1781100.0
1994-06-09,-30.4867,-30.4467,-30.6133,-30.6133,2001600.0
1994-06-10,-30.4867,-30.4467,-30.53,-30.4467,2340000.0
1994-06-13,-30.4467,-30.1533,-30.4867,-30.1533,3447900.0
1994-06-14,-30.2367,-30.1533,-30.3633,-30.32,3113100.0
1994-06-15,-30.3633,-30.1967,-30.3633,-30.32,2582700.0
1994-06-16,-30.3633,-30.32,-30.4033,-30.32,3433800.0
1994-06-17,-30.32,-30.28,-30.4867,-30.4867,3454200.0
1994-06-20,-30.57,-30.53,-30.82,-30.6533,2804700.0
1994-06-21,-30.6967,-30.6533,-30.9467,-30.8633,2295300.0
1994-06-22,-30.78,-30.6533,-30.82,-30.7367,1368300.0
1994-06-23,-30.6967,-30.6533,-30.8633,-30.82,2641800.0
1994-06-24,-30.9467,-30.9033,-31.03,-30.9867,2284800.0
1994-06-27,-30.9867,-30.53,-31.1967,-30.7367,2889300.0
1994-06-28,-30.78,-30.7367,-30.9033,-30.78,3623400.0
1994-06-29,-30.9867,-30.6967,-31.03,-30.9867,4971300.0
1994-06-30,-30.9467,-30.9033,-31.03,-30.9467,2342100.0
1994-07-01,-30.9467,-30.82,-30.9467,-30.82,1514100.0
1994-07-05,-30.82,-30.78,-30.9867,-30.9867,3069900.0
1994-07-06,-30.9867,-30.9467,-31.1967,-31.07,1843800.0
1994-07-07,-30.9467,-30.9467,-31.07,-30.9467,1367700.0
1994-07-08,-31.1133,-30.9467,-31.1133,-31.03,1779900.0
1994-07-11,-31.03,-30.9867,-31.1533,-30.9867,1993200.0
1994-07-12,-30.9467,-30.9467,-31.1533,-31.03,1551300.0
1994-07-13,-30.9867,-30.9867,-31.07,-31.03,1624500.0
1994-07-14,-30.9467,-30.6967,-30.9467,-30.7367,3294000.0
1994-07-15,-30.7367,-30.7367,-30.9467,-30.9033,1992600.0
1994-07-18,-30.82,-30.82,-30.9867,-30.8633,2116500.0
1994-07-19,-30.8633,-30.8633,-31.1133,-30.9867,4179300.0
1994-07-20,-31.03,-30.9867,-31.4033,-31.2367,3783000.0
1994-07-21,-31.2367,-31.07,-31.28,-31.1533,2773500.0
1994-07-22,-31.1133,-31.07,-31.1967,-31.1533,693900.0
1994-07-25,-31.1533,-30.9467,-31.1533,-31.03,959400.0
1994-07-26,-31.07,-30.9033,-31.1533,-31.03,1474200.0
1994-07-27,-31.1967,-31.1533,-31.32,-31.28,3070500.0
1994-07-28,-31.32,-31.1967,-31.3633,-31.2367,1676100.0
1994-07-29,-31.1133,-30.8633,-31.1133,-30.9867,2982300.0
1994-08-01,-30.9867,-30.8633,-31.1133,-30.8633,1535100.0
1994-08-02,-30.78,-30.6967,-30.8633,-30.82,2453100.0
1994-08-03,-30.9033,-30.78,-30.9033,-30.82,1240500.0
1994-08-04,-30.9867,-30.9467,-31.1133,-31.1133,3062700.0
1994-08-05,-31.1133,-31.1133,-31.1967,-31.1533,1611600.0
1994-08-08,-31.1133,-31.03,-31.1533,-31.1133,1015500.0
1994-08-09,-31.07,-31.07,-31.1533,-31.1533,1179300.0
1994-08-10,-31.07,-31.07,-31.1533,-31.1533,1779000.0
1994-08-11,-31.1533,-31.03,-31.1533,-31.1133,1615200.0
1994-08-12,-31.1133,-30.9867,-31.1133,-30.9867,737400.0
1994-08-15,-30.9867,-30.9467,-31.03,-30.9867,1247100.0
1994-08-16,-30.9467,-30.6967,-30.9867,-30.7367,2535000.0
1994-08-17,-30.7367,-30.6133,-30.8633,-30.82,1738800.0
1994-08-18,-30.82,-30.82,-30.9033,-30.9033,994500.0
1994-08-19,-30.8633,-30.78,-30.9467,-30.8633,1998000.0
1994-08-22,-30.9033,-30.6133,-30.9033,-30.78,1558200.0
1994-08-23,-30.6967,-30.53,-30.6967,-30.6533,2649000.0
1994-08-24,-30.6133,-30.57,-30.7367,-30.57,1466400.0
1994-08-25,-30.57,-30.57,-30.6967,-30.6533,1417200.0
1994-08-26,-30.6133,-30.4867,-30.6533,-30.57,1141800.0
1994-08-29,-30.53,-30.4467,-30.6533,-30.6133,921600.0
1994-08-30,-30.6133,-30.6133,-30.82,-30.6967,1659900.0
1994-08-31,-30.78,-30.7367,-30.9467,-30.8633,2282700.0
1994-09-01,-30.9467,-30.9467,-31.03,-30.9867,1202700.0
1994-09-02,-30.9033,-30.9033,-31.07,-30.9867,1181400.0
1994-09-06,-31.03,-30.9467,-31.1333,-31.03,1082700.0
1994-09-07,-31.03,-30.9867,-31.1967,-31.1133,1241100.0
1994-09-08,-31.07,-30.9867,-31.1533,-31.07,1607700.0
1994-09-09,-31.28,-31.1967,-31.4867,-31.3633,2815500.0
1994-09-12,-31.32,-31.2367,-31.6133,-31.57,2940900.0
1994-09-13,-31.53,-31.4467,-31.6133,-31.53,1893900.0
1994-09-14,-31.53,-31.4467,-31.57,-31.4867,1339800.0
1994-09-15,-31.4867,-31.4033,-31.4867,-31.4467,1817100.0
1994-09-16,-31.53,-31.4467,-31.6133,-31.4467,3546000.0
1994-09-19,-31.4467,-31.4033,-31.6967,-31.6967,2065800.0
1994-09-20,-31.78,-31.53,-31.8633,-31.6967,4287900.0
1994-09-21,-31.53,-31.4867,-31.6533,-31.6133,4756800.0
1994-09-22,-31.57,-31.53,-31.7367,-31.6533,2696700.0
1994-09-23,-31.6967,-31.6133,-31.78,-31.7367,2965800.0
1994-09-26,-31.82,-31.78,-32.03,-31.9467,5095800.0
1994-09-27,-31.9033,-31.8633,-31.9867,-31.9467,2436900.0
1994-09-28,-31.9033,-31.78,-31.9467,-31.9033,2374800.0
1994-09-29,-31.9033,-31.9033,-32.03,-31.9467,4125300.0
1994-09-30,-32.03,-31.9867,-32.1533,-32.1133,3539400.0
1994-10-03,-32.1133,-32.07,-32.28,-32.2367,2613900.0
1994-10-04,-32.1967,-32.1533,-32.4033,-32.3633,2271300.0
1994-10-05,-32.4033,-32.3833,-32.57,-32.4033,6531000.0
1994-10-06,-32.4033,-32.32,-32.4867,-32.4033,2321100.0
1994-10-07,-32.4467,-32.03,-32.4467,-32.07,2938800.0
1994-10-10,-32.07,-31.82,-32.07,-31.82,3601500.0
1994-10-11,-31.8633,-31.7367,-31.8633,-31.82,3576000.0
1994-10-12,-31.7367,-31.4867,-31.7367,-31.4867,3890100.0
1994-10-13,-31.32,-31.1967,-31.53,-31.4867,2111700.0
1994-10-14,-31.4467,-31.28,-31.6533,-31.32,2718300.0
1994-10-17,-31.28,-31.2367,-31.4033,-31.2367,2036100.0
1994-10-18,-31.1133,-31.07,-31.32,-31.2367,3954000.0
1994-10-19,-31.2367,-31.2367,-31.53,-31.32,3704700.0
1994-10-20,-31.3633,-31.3633,-31.6533,-31.53,1937400.0
1994-10-21,-31.57,-31.57,-31.82,-31.6533,2580000.0
1994-10-24,-31.6533,-31.6133,-32.03,-31.9867,2251500.0
1994-10-25,-31.9867,-31.7367,-32.03,-31.82,3159600.0
1994-10-26,-31.7367,-31.6533,-31.9033,-31.6967,2673900.0
1994-10-27,-31.6133,-31.4467,-31.6133,-31.4467,1740600.0
1994-10-28,-31.4867,-31.28,-31.4867,-31.32,2046300.0
1994-10-31,-31.4467,-31.07,-31.53,-31.1133,2274900.0
1994-11-01,-31.1133,-31.1133,-31.4867,-31.4467,2079000.0
1994-11-02,-31.4467,-31.4033,-31.6133,-31.6133,1250100.0
1994-11-03,-31.57,-31.4033,-31.6533,-31.4033,1155600.0
1994-11-04,-31.3633,-31.3633,-31.6967,-31.6533,1126500.0
1994-11-07,-31.6533,-31.57,-31.82,-31.78,1318500.0
1994-11-08,-31.7367,-31.6967,-31.8633,-31.7367,1541100.0
1994-11-09,-31.6133,-31.6133,-31.8633,-31.82,2380200.0
1994-11-10,-31.82,-31.7367,-31.9033,-31.78,2544000.0
1994-11-11,-31.78,-31.7367,-31.82,-31.82,1777500.0
1994-11-14,-31.78,-31.6533,-31.78,-31.6533,2673900.0
1994-11-15,-31.7367,-31.57,-31.7367,-31.6133,3113400.0
1994-11-16,-31.6533,-31.53,-31.7367,-31.6533,1965300.0
1994-11-17,-31.6533,-31.6533,-31.9467,-31.8633,4731600.0
1994-11-18,-31.9033,-31.9033,-32.1133,-31.9867,4005600.0
1994-11-21,-31.9867,-31.9033,-32.07,-32.03,3359100.0
1994-11-22,-32.03,-31.9467,-32.3633,-32.3633,5414700.0
1994-11-23,-32.4033,-31.6533,-32.4867,-31.6967,5490900.0
1994-11-25,-31.7367,-31.6533,-31.8633,-31.78,912600.0
1994-11-28,-31.78,-31.78,-31.9867,-31.9033,2598900.0
1994-11-29,-31.9033,-31.53,-32.03,-31.53,2042100.0
1994-11-30,-31.53,-31.4467,-31.78,-31.6533,1479000.0
1994-12-01,-31.53,-31.4467,-31.6967,-31.57,6361200.0
1994-12-02,-31.53,-31.32,-31.53,-31.32,3129900.0
1994-12-05,-31.28,-31.07,-31.28,-31.1133,3757800.0
1994-12-06,-31.1133,-30.9467,-31.1967,-30.9467,3416700.0
1994-12-07,-31.03,-30.9467,-31.1967,-31.1967,2929800.0
1994-12-08,-31.1967,-31.1967,-31.53,-31.4467,3754500.0
1994-12-09,-31.32,-31.28,-31.4867,-31.4467,4146600.0
1994-12-12,-31.4867,-31.32,-31.4867,-31.32,1500300.0
1994-12-13,-31.28,-30.9867,-31.28,-31.1533,3865200.0
1994-12-14,-31.1133,-30.9033,-31.1533,-31.1133,5254500.0
1994-12-15,-31.1967,-31.07,-31.32,-31.32,2548800.0
1994-12-16,-31.32,-31.32,-31.4467,-31.4033,3495000.0
1994-12-19,-31.4033,-31.26,-31.4467,-31.3633,2082300.0
1994-12-20,-31.32,-31.28,-31.4033,-31.4033,1761300.0
1994-12-21,-31.32,-31.1967,-31.53,-31.53,1559700.0
1994-12-22,-31.53,-31.53,-31.82,-31.57,1667100.0
1994-12-23,-31.4467,-31.4467,-31.57,-31.57,1140000.0
1994-12-27,-31.4867,-31.4867,-31.78,-31.6533,1169100.0
1994-12-28,-31.6133,-31.53,-31.6533,-31.57,704100.0
1994-12-29,-31.6133,-31.57,-31.7367,-31.6133,3324300.0
1994-12-30,-31.6967,-31.6533,-31.82,-31.82,10930800.0
1995-01-03,-31.82,-31.6533,-31.8633,-31.6967,2048700.0
1995-01-04,-31.6533,-31.4867,-31.6967,-31.4867,2487300.0
1995-01-05,-31.4467,-31.32,-31.53,-31.3633,3537900.0
1995-01-06,-31.32,-31.1533,-31.32,-31.32,2355300.0
1995-01-09,-31.28,-31.1967,-31.32,-31.2367,1068900.0
1995-01-10,-31.28,-31.2367,-31.3633,-31.3633,975900.0
1995-01-11,-31.32,-31.2367,-31.6133,-31.3633,2649300.0
1995-01-12,-31.4033,-31.3633,-31.4467,-31.4033,1642800.0
1995-01-13,-31.28,-30.9867,-31.4033,-30.9867,4259400.0
1995-01-16,-30.9033,-30.4867,-30.9033,-30.82,5539200.0
1995-01-17,-30.8633,-30.82,-31.1133,-30.9867,3645300.0
1995-01-18,-30.9867,-30.9867,-31.28,-31.1533,3465300.0
1995-01-19,-31.32,-31.2367,-31.4467,-31.3633,1978500.0
1995-01-20,-31.32,-31.2367,-31.57,-31.57,2694900.0
1995-01-23,-31.78,-31.32,-31.82,-31.32,3570000.0
1995-01-24,-31.32,-31.07,-31.32,-31.1967,2414700.0
1995-01-25,-31.1533,-30.9033,-31.2367,-31.07,2280600.0
1995-01-26,-31.07,-31.03,-31.1967,-31.1533,1814700.0
1995-01-27,-31.1133,-30.82,-31.1133,-30.8633,2543700.0
1995-01-30,-30.9467,-30.9033,-31.1133,-31.03,1042200.0
1995-01-31,-31.03,-30.7367,-31.1133,-30.78,1992900.0
1995-02-01,-30.78,-30.7367,-30.9467,-30.9033,2756700.0
1995-02-02,-30.9867,-30.82,-30.9867,-30.82,1766400.0
1995-02-03,-30.7367,-30.4667,-30.7367,-30.57,4623900.0
1995-02-06,-30.6533,-30.4867,-30.7367,-30.53,5180700.0
1995-02-07,-30.4867,-30.4033,-30.6133,-30.6133,2707200.0
1995-02-08,-30.6533,-30.4033,-30.6533,-30.4867,3959700.0
1995-02-09,-30.4467,-30.4467,-30.57,-30.57,1944000.0
1995-02-10,-30.4867,-30.4867,-30.53,-30.4867,1961700.0
1995-02-13,-30.4867,-30.28,-30.57,-30.4467,1757400.0
1995-02-14,-30.4467,-30.28,-30.4667,-30.4033,3444000.0
1995-02-15,-30.28,-30.1533,-30.3633,-30.32,3130800.0
1995-02-16,-30.32,-30.32,-30.53,-30.53,1959600.0
1995-02-17,-30.4867,-30.4467,-30.53,-30.4867,2552100.0
1995-02-21,-30.4467,-30.3633,-30.4467,-30.4467,2127900.0
1995-02-22,-30.4467,-30.4033,-30.4867,-30.4867,3685800.0
1995-02-23,-30.4033,-30.3633,-30.4867,-30.4467,2869800.0
1995-02-24,-30.4467,-30.4467,-30.53,-30.4867,2587800.0
1995-02-27,-30.53,-30.4467,-30.6133,-30.6133,2244300.0
1995-02-28,-30.53,-30.4033,-30.57,-30.4033,2756400.0
1995-03-01,-30.4467,-30.32,-30.4867,-30.4467,4049100.0
1995-03-02,-30.4867,-30.4467,-30.53,-30.53,1659600.0
1995-03-03,-30.53,-30.53,-30.6133,-30.57,1187700.0
1995-03-06,-30.7367,-30.7367,-30.8633,-30.7367,2977800.0
1995-03-07,-30.7367,-30.7367,-31.1967,-31.07,4608000.0
1995-03-08,-30.9467,-30.8633,-31.28,-31.1967,5466900.0
1995-03-09,-31.1967,-31.1967,-31.4867,-31.2367,5802900.0
1995-03-10,-31.1967,-30.7367,-31.2367,-30.78,4826400.0
1995-03-13,-30.82,-30.7367,-31.07,-30.82,5333100.0
1995-03-14,-30.82,-30.6533,-30.9033,-30.78,3689100.0
1995-03-15,-30.82,-30.6533,-30.9033,-30.6533,2574600.0
1995-03-16,-30.6967,-30.57,-30.6967,-30.6533,1493400.0
1995-03-17,-30.6133,-30.6133,-30.78,-30.6533,3441300.0
1995-03-20,-30.6533,-30.6533,-30.6967,-30.6533,759900.0
1995-03-21,-30.6967,-30.6533,-30.8633,-30.82,1749900.0
1995-03-22,-30.82,-30.78,-30.9867,-30.9467,1995000.0
1995-03-23,-30.9467,-30.82,-30.9867,-30.8633,1758300.0
1995-03-24,-30.8633,-30.82,-30.9467,-30.9033,1614600.0
1995-03-27,-30.9033,-30.9033,-31.03,-30.9467,1226100.0
1995-03-28,-30.9467,-30.9033,-31.03,-30.9033,1720200.0
1995-03-29,-30.9467,-30.7367,-31.1133,-30.9467,5056800.0
1995-03-30,-30.9467,-30.8633,-30.9867,-30.9467,4765800.0
1995-03-31,-31.1967,-31.1133,-31.2367,-31.1967,2008500.0
1995-04-03,-31.1967,-31.07,-31.28,-31.07,1633500.0
1995-04-04,-30.9867,-30.8633,-31.03,-30.9033,2823300.0
1995-04-05,-30.9033,-30.6967,-30.9867,-30.6967,3446700.0
1995-04-06,-30.4867,-30.07,-30.4867,-30.1133,9603600.0
1995-04-07,-29.9867,-29.9867,-30.32,-30.2367,6467400.0
1995-04-10,-30.32,-30.2367,-30.3633,-30.28,2291400.0
1995-04-11,-30.1533,-30.1533,-30.4033,-30.4033,2290800.0
1995-04-12,-30.4033,-30.4033,-30.4867,-30.4467,1793400.0
1995-04-13,-30.4033,-30.28,-30.4467,-30.4033,2326800.0
1995-04-17,-30.32,-30.1533,-30.3633,-30.2367,2991300.0
1995-04-18,-30.1967,-29.78,-30.3633,-29.82,4028400.0
1995-04-19,-29.8633,-29.7367,-30.1533,-30.03,3449100.0
1995-04-20,-30.07,-29.9467,-30.0933,-29.9867,2494500.0
1995-04-21,-29.9467,-29.9467,-30.1133,-30.1133,2731200.0
1995-04-24,-30.1533,-29.82,-30.2367,-29.8633,2101500.0
1995-04-25,-29.82,-29.6533,-29.9033,-29.78,3257700.0
1995-04-26,-29.82,-29.82,-29.8633,-29.82,1165800.0
1995-04-27,-29.82,-29.82,-29.9467,-29.9033,1490100.0
1995-04-28,-29.9033,-29.8633,-30.07,-29.8633,1212600.0
1995-05-01,-29.8633,-29.78,-30.03,-29.9467,1725300.0
1995-05-02,-29.9033,-29.8633,-29.9467,-29.9033,3019200.0
1995-05-03,-29.9033,-29.6967,-29.9467,-29.6967,5195400.0
1995-05-04,-29.6533,-29.28,-29.6967,-29.3633,5972400.0
1995-05-05,-29.28,-29.2367,-29.4467,-29.3633,2440800.0
1995-05-08,-29.32,-28.9867,-29.3633,-29.1133,4267200.0
1995-05-09,-29.03,-28.9867,-29.32,-28.9867,4129800.0
1995-05-10,-28.9467,-28.8633,-29.07,-28.9867,3681000.0
1995-05-11,-28.9867,-28.7367,-29.03,-28.9467,4398900.0
1995-05-12,-28.9467,-28.6967,-28.9867,-28.78,3171300.0
1995-05-15,-28.78,-28.6533,-28.8633,-28.82,2060700.0
1995-05-16,-28.7367,-28.28,-28.7367,-28.6133,3164400.0
1995-05-17,-28.6533,-28.4033,-28.82,-28.78,3824100.0
1995-05-18,-28.8633,-28.57,-28.8633,-28.78,1661700.0
1995-05-19,-28.82,-28.82,-29.03,-28.9467,2171700.0
1995-05-22,-28.9033,-28.4467,-28.9033,-28.57,1772400.0
1995-05-23,-28.53,-27.9867,-28.57,-28.1133,5442900.0
1995-05-24,-28.1133,-27.9467,-28.4867,-28.4467,3512100.0
1995-05-25,-28.3633,-28.1533,-28.53,-28.1967,1663200.0
1995-05-26,-28.28,-28.2367,-28.4033,-28.3633,760500.0
1995-05-30,-28.3633,-28.32,-28.6533,-28.57,1479300.0
1995-05-31,-28.6533,-28.3633,-28.78,-28.4033,2162700.0
1995-06-01,-28.4033,-28.1533,-28.4033,-28.1533,2588400.0
1995-06-02,-28.1533,-27.53,-28.1967,-27.8633,3760200.0
1995-06-05,-27.9033,-27.6967,-28.1967,-28.1133,3772200.0
1995-06-06,-28.07,-27.9033,-28.1133,-28.1133,1641300.0
1995-06-07,-28.2367,-28.1533,-28.3633,-28.2367,1609200.0
1995-06-08,-28.32,-28.32,-28.82,-28.78,2822100.0
1995-06-09,-28.8633,-28.82,-29.3633,-29.1133,5850600.0
1995-06-12,-28.78,-28.6133,-28.9033,-28.8633,3283200.0
1995-06-13,-28.78,-28.1967,-28.78,-28.3633,3338700.0
1995-06-14,-28.3633,-28.1533,-28.4033,-28.28,2542800.0
1995-06-15,-28.28,-28.2367,-28.53,-28.4467,1713000.0
1995-06-16,-28.4867,-28.4867,-28.7367,-28.6533,2332800.0
1995-06-19,-28.4467,-27.9867,-28.4467,-28.1533,2607900.0
1995-06-20,-28.1967,-27.7367,-28.28,-27.9033,3337500.0
1995-06-21,-27.6967,-27.6133,-27.9467,-27.82,3398400.0
1995-06-22,-27.82,-27.53,-27.8633,-27.6533,2190300.0
1995-06-23,-27.78,-27.6967,-28.03,-27.8633,1453800.0
1995-06-26,-27.9467,-27.8633,-27.9867,-27.9467,2271600.0
1995-06-27,-27.9867,-27.6967,-28.07,-28.07,1996800.0
1995-06-28,-27.9867,-27.6533,-28.07,-27.6967,2483700.0
1995-06-29,-27.6967,-27.6967,-28.03,-27.9467,3125100.0
1995-06-30,-27.9467,-27.78,-28.03,-28.03,2046000.0
1995-07-03,-28.03,-28.03,-28.1533,-28.1133,674100.0
1995-07-05,-28.1133,-27.9467,-28.1533,-28.07,1855500.0
1995-07-06,-28.1967,-27.6133,-28.3633,-27.6533,3534600.0
1995-07-07,-27.7367,-27.1533,-27.78,-27.32,4557300.0
1995-07-10,-27.3633,-26.6533,-28.03,-26.7367,7273500.0
1995-07-11,-26.9033,-26.8633,-27.2367,-27.1133,3010800.0
1995-07-12,-27.1967,-26.9467,-27.4033,-26.9867,4746000.0
1995-07-13,-27.1133,-26.4867,-27.1967,-26.8633,3772500.0
1995-07-14,-26.8633,-26.8633,-27.28,-27.28,3113100.0
1995-07-17,-27.2367,-27.2367,-27.7367,-27.7367,3018900.0
1995-07-18,-27.6533,-26.8633,-27.9033,-27.1967,9026400.0
1995-07-19,-27.3633,-26.9867,-27.6533,-27.07,7187100.0
1995-07-20,-26.9867,-26.4033,-26.9867,-26.53,5903700.0
1995-07-21,-26.57,-26.57,-27.1133,-26.9867,4134300.0
1995-07-24,-27.03,-26.53,-27.03,-26.53,3149400.0
1995-07-25,-26.53,-26.3633,-26.6133,-26.4033,2851800.0
1995-07-26,-26.4033,-26.28,-26.57,-26.4467,3172500.0
1995-07-27,-26.4467,-26.2367,-26.4467,-26.4033,1859100.0
1995-07-28,-26.4867,-26.4033,-26.57,-26.4467,2277000.0
1995-07-31,-26.4467,-26.4467,-26.6133,-26.57,1257900.0
1995-08-01,-26.53,-26.53,-26.8633,-26.78,1231800.0
1995-08-02,-26.53,-26.07,-26.53,-26.32,3050100.0
1995-08-03,-26.32,-26.1533,-26.4467,-26.1967,2361600.0
1995-08-04,-26.28,-26.1533,-26.32,-26.1533,1723800.0
1995-08-07,-26.1967,-26.1533,-26.28,-26.1967,1549800.0
1995-08-08,-26.1967,-25.78,-26.1967,-25.78,3020100.0
1995-08-09,-25.8633,-25.7367,-25.9467,-25.8633,3689400.0
1995-08-10,-25.9467,-25.82,-26.07,-26.03,2216400.0
1995-08-11,-25.9467,-25.8633,-26.28,-26.2367,2091600.0
1995-08-14,-26.28,-25.9033,-26.32,-26.1133,1223700.0
1995-08-15,-26.2367,-26.1133,-26.28,-26.1133,1611600.0
1995-08-16,-26.1133,-25.78,-26.1133,-25.78,2888100.0
1995-08-17,-25.82,-25.82,-26.1533,-26.03,1608600.0
1995-08-18,-25.9033,-25.82,-25.9867,-25.9033,1752000.0
1995-08-21,-25.9033,-25.8633,-25.9867,-25.9467,1575600.0
1995-08-22,-25.9867,-25.82,-26.1533,-25.9467,1285500.0
1995-08-23,-26.03,-25.9033,-26.03,-25.9467,1716600.0
1995-08-24,-25.9467,-25.9467,-26.2367,-25.9467,1617900.0
1995-08-25,-25.9467,-25.6533,-25.9467,-25.6533,3675900.0
1995-08-28,-24.1967,-23.53,-24.28,-23.7367,20838600.0
1995-08-29,-23.78,-23.78,-24.07,-23.9867,11042700.0
1995-08-30,-23.9033,-23.8633,-24.1133,-24.1133,6509400.0
1995-08-31,-24.1133,-24.1133,-24.4467,-24.3633,6297300.0
1995-09-01,-24.57,-24.4033,-24.6533,-24.4467,3233400.0
1995-09-05,-24.4467,-24.28,-24.4867,-24.3633,3699000.0
1995-09-06,-24.4467,-24.07,-24.4467,-24.1533,3171900.0
1995-09-07,-24.2367,-24.1967,-24.3633,-24.28,2214900.0
1995-09-08,-24.28,-24.03,-24.28,-24.07,2387400.0
1995-09-11,-24.1133,-23.78,-24.1967,-23.78,2572500.0
1995-09-12,-23.9033,-23.6967,-23.9033,-23.6967,4066800.0
1995-09-13,-23.6967,-23.6533,-23.82,-23.78,2905200.0
1995-09-14,-23.6133,-23.4867,-23.7367,-23.6133,4525800.0
1995-09-15,-23.6133,-23.4467,-23.6533,-23.4467,5414100.0
1995-09-18,-23.4867,-23.4867,-23.9033,-23.8633,3945900.0
1995-09-19,-23.9467,-23.4467,-24.03,-23.6133,4792500.0
1995-09-20,-23.6967,-23.53,-23.6967,-23.6133,3555300.0
1995-09-21,-23.6533,-23.6533,-24.32,-24.1967,4811100.0
1995-09-22,-24.6967,-24.2367,-24.6967,-24.28,5030100.0
1995-09-25,-24.1967,-24.1767,-24.32,-24.2367,3334200.0
1995-09-26,-24.1967,-24.03,-24.2367,-24.1133,2548200.0
1995-09-27,-24.2367,-23.7367,-24.32,-23.78,3860100.0
1995-09-28,-23.78,-23.4467,-23.8633,-23.4467,4345800.0
1995-09-29,-23.4867,-23.2367,-23.53,-23.4867,2447700.0
1995-10-02,-23.4867,-23.28,-23.6133,-23.57,2927100.0
1995-10-03,-23.6133,-23.3633,-23.6533,-23.4033,4430100.0
1995-10-04,-23.53,-22.53,-23.6533,-22.8633,5163000.0
1995-10-05,-22.9033,-22.6133,-23.1133,-22.9467,4632300.0
1995-10-06,-23.03,-22.6533,-23.07,-22.78,3644400.0
1995-10-09,-22.8633,-22.57,-22.9867,-22.82,4035900.0
1995-10-10,-22.9867,-22.53,-23.03,-22.6533,7157700.0
1995-10-11,-22.6967,-22.57,-22.7367,-22.57,2221800.0
1995-10-12,-22.53,-22.4067,-22.57,-22.4067,3367800.0
1995-10-13,-22.3233,-22.1967,-22.4467,-22.4067,5134500.0
1995-10-16,-22.3633,-22.24,-22.8633,-22.7367,2557800.0
1995-10-17,-22.57,-22.53,-22.9467,-22.8633,2941500.0
1995-10-18,-22.78,-22.6533,-23.4467,-23.3633,5309700.0
1995-10-19,-23.4033,-23.32,-23.6967,-23.57,4471800.0
1995-10-20,-23.6533,-23.57,-24.1967,-24.1533,6297300.0
1995-10-23,-24.32,-23.9033,-24.32,-23.9867,3462000.0
1995-10-24,-23.9033,-23.82,-24.9033,-24.78,6540300.0
1995-10-25,-24.78,-24.4867,-25.4467,-24.9867,10976100.0
1995-10-26,-24.7367,-24.7367,-25.82,-25.03,11622900.0
1995-10-27,-25.1133,-24.28,-25.28,-24.32,7055700.0
1995-10-30,-24.28,-24.1967,-25.1133,-24.4867,5277000.0
1995-10-31,-24.4033,-24.28,-24.9467,-24.82,2744400.0
1995-11-01,-24.8633,-24.28,-25.2367,-24.32,5197800.0
1995-11-02,-24.4033,-23.6533,-24.53,-23.6533,3441600.0
1995-11-03,-24.03,-23.8633,-24.2367,-23.9867,3318000.0
1995-11-06,-23.9867,-23.8633,-24.4033,-24.32,2161500.0
1995-11-07,-24.32,-24.32,-24.8633,-24.57,3843000.0
1995-11-08,-24.57,-23.9867,-24.6533,-23.9867,3222900.0
1995-11-09,-23.9467,-23.78,-24.07,-23.9467,4054500.0
1995-11-10,-24.1133,-23.9033,-24.2367,-23.9467,1722600.0
1995-11-13,-24.07,-23.9867,-24.28,-24.2367,1265100.0
1995-11-14,-24.4467,-24.4033,-24.9033,-24.8633,1978200.0
1995-11-15,-24.9033,-24.6533,-25.1967,-24.9033,3932100.0
1995-11-16,-24.82,-24.3633,-24.8633,-24.57,3481500.0
1995-11-17,-24.32,-24.1533,-24.4033,-24.2367,3720000.0
1995-11-20,-24.1967,-24.07,-24.28,-24.1967,1757100.0
1995-11-21,-24.28,-23.7367,-24.28,-23.7367,3453600.0
1995-11-22,-23.6967,-23.57,-23.7367,-23.6533,2378700.0
1995-11-24,-23.7367,-23.7367,-23.9033,-23.7367,707100.0
1995-11-27,-23.7367,-23.6967,-24.07,-24.03,3215700.0
1995-11-28,-23.9867,-23.9867,-24.1533,-24.03,2301600.0
1995-11-29,-24.03,-23.8633,-24.07,-23.8633,2433900.0
1995-11-30,-23.82,-23.57,-23.8633,-23.78,3431700.0
1995-12-01,-23.7367,-23.7367,-23.8633,-23.8633,2377500.0
1995-12-04,-23.82,-23.4033,-23.8633,-23.4467,3773400.0
1995-12-05,-23.53,-23.28,-23.6533,-23.32,3269400.0
1995-12-06,-23.2367,-22.9467,-23.32,-22.9867,3342300.0
1995-12-07,-23.07,-23.07,-23.82,-23.78,3629100.0
1995-12-08,-23.6133,-23.4867,-23.7367,-23.57,2629200.0
1995-12-11,-23.57,-23.57,-23.8633,-23.78,2121600.0
1995-12-12,-23.9033,-23.8633,-24.03,-23.9033,2400900.0
1995-12-13,-23.6133,-23.6133,-23.82,-23.82,2649000.0
1995-12-14,-23.8633,-23.78,-24.2367,-24.1967,3335100.0
1995-12-15,-24.1967,-24.1133,-24.57,-24.53,4841100.0
1995-12-18,-24.78,-24.57,-24.82,-24.6967,2582700.0
1995-12-19,-24.6533,-24.07,-24.6967,-24.1133,4481400.0
1995-12-20,-24.1133,-23.9467,-24.3633,-24.3633,2415600.0
1995-12-21,-24.32,-24.1967,-24.57,-24.4033,3882600.0
1995-12-22,-24.32,-24.28,-24.4467,-24.3633,1493400.0
1995-12-26,-24.32,-24.2367,-24.4467,-24.2367,1233000.0
1995-12-27,-24.2367,-24.07,-24.2367,-24.1133,1715700.0
1995-12-28,-24.1133,-24.1133,-24.28,-24.1967,1290900.0
1995-12-29,-24.1533,-24.07,-24.2367,-24.1967,1948800.0
1996-01-02,-24.28,-24.1533,-24.4033,-24.1967,3663600.0
1996-01-03,-24.28,-24.03,-24.28,-24.1967,3641700.0
1996-01-04,-24.2367,-24.2367,-25.1133,-25.03,6681600.0
1996-01-05,-25.03,-25.03,-25.4867,-25.1133,9041100.0
1996-01-08,-25.03,-24.9867,-25.1967,-25.1133,1552500.0
1996-01-09,-24.9467,-24.9033,-25.6967,-25.57,4987800.0
1996-01-10,-25.78,-25.6533,-26.4033,-25.7367,8190600.0
1996-01-11,-25.6133,-25.57,-25.8633,-25.7367,4080600.0
1996-01-12,-25.6133,-25.07,-25.82,-25.2367,4921200.0
1996-01-15,-25.2367,-25.2367,-25.4867,-25.4033,3675600.0
1996-01-16,-25.07,-24.1133,-25.07,-24.28,10057800.0
1996-01-17,-24.1133,-23.6133,-24.1533,-23.9467,9012000.0
1996-01-18,-23.7367,-23.7367,-24.2367,-24.1533,6333000.0
1996-01-19,-24.2367,-23.8633,-24.3633,-23.9467,5295000.0
1996-01-22,-24.1133,-23.4867,-24.1133,-23.6533,4198200.0
1996-01-23,-23.6533,-23.28,-23.7367,-23.4033,3745200.0
1996-01-24,-23.32,-23.07,-23.57,-23.1133,4710600.0
1996-01-25,-22.9867,-22.4467,-23.1533,-22.7367,6324300.0
1996-01-26,-23.03,-22.57,-23.03,-22.78,3750600.0
1996-01-29,-22.82,-21.74,-22.82,-21.78,4892700.0
1996-01-30,-21.99,-21.24,-22.03,-21.53,8766000.0
1996-01-31,-21.74,-21.4467,-21.8633,-21.4467,7314900.0
1996-02-01,-21.6567,-21.6133,-21.9067,-21.8233,5305800.0
1996-02-02,-21.9467,-21.6967,-22.1967,-22.03,4542300.0
1996-02-05,-22.03,-21.9467,-22.24,-21.99,3956100.0
1996-02-06,-21.99,-21.4467,-22.03,-21.6567,4576800.0
1996-02-07,-21.5733,-21.3633,-21.6133,-21.4467,4730100.0
1996-02-08,-21.6133,-21.1567,-21.6567,-21.4067,4752000.0
1996-02-09,-21.4467,-21.24,-21.6567,-21.49,3793200.0
1996-02-12,-21.53,-21.1567,-21.6133,-21.24,3804000.0
1996-02-13,-21.4467,-21.1133,-21.4467,-21.24,4312800.0
1996-02-14,-21.24,-21.03,-21.4067,-21.1967,3067500.0
1996-02-15,-21.3633,-21.0733,-21.3633,-21.1967,4130700.0
1996-02-16,-21.1567,-20.9467,-21.3633,-21.1967,4263300.0
1996-02-20,-21.4467,-21.4067,-21.6567,-21.53,4414500.0
1996-02-21,-21.4467,-20.6567,-21.4467,-20.6967,9325500.0
1996-02-22,-20.6967,-20.03,-20.8233,-20.24,6766800.0
1996-02-23,-20.1967,-19.5733,-20.1967,-19.6133,6364800.0
1996-02-26,-19.9467,-19.6967,-20.4067,-20.4067,6481500.0
1996-02-27,-20.4467,-20.0733,-20.49,-20.1567,6036000.0
1996-02-28,-19.99,-19.28,-20.0733,-19.8633,7101000.0
1996-02-29,-20.1133,-19.53,-20.1133,-19.9067,5639100.0
1996-03-01,-19.9067,-19.3633,-19.9067,-19.53,5376900.0
1996-03-04,-19.53,-19.3233,-19.6567,-19.53,2662200.0
1996-03-05,-19.6133,-19.5733,-19.9067,-19.6967,4057800.0
1996-03-06,-19.8633,-19.74,-20.24,-20.1967,4458000.0
1996-03-07,-20.28,-20.24,-20.6567,-20.6567,4177500.0
1996-03-08,-21.4467,-21.1567,-22.7367,-21.6567,8331600.0
1996-03-11,-21.74,-21.53,-22.0733,-21.8233,6493500.0
1996-03-12,-21.9467,-21.6567,-22.6133,-21.9067,8196000.0
1996-03-13,-21.53,-21.3633,-21.78,-21.53,5394900.0
1996-03-14,-21.3233,-20.6133,-21.3233,-21.03,5643000.0
1996-03-15,-21.1133,-21.03,-21.28,-21.1567,4398900.0
1996-03-18,-21.03,-20.4067,-21.03,-20.53,4755900.0
1996-03-19,-20.3633,-20.24,-20.6567,-20.49,5008500.0
1996-03-20,-20.3633,-19.99,-20.4067,-20.0733,4859700.0
1996-03-21,-20.1567,-19.78,-20.28,-19.78,3781800.0
1996-03-22,-19.74,-19.6133,-20.1133,-20.0733,5624700.0
1996-03-25,-19.9467,-19.8633,-20.1967,-20.1567,3599100.0
1996-03-26,-20.28,-19.8233,-20.4067,-20.1967,4021800.0
1996-03-27,-20.1133,-19.6567,-20.24,-19.9467,3737100.0
1996-03-28,-20.1133,-19.8633,-20.1567,-19.99,3776100.0
1996-03-29,-19.9467,-19.8633,-20.3233,-20.28,3091200.0
1996-04-01,-19.9467,-19.3633,-19.9467,-19.4467,5310600.0
1996-04-02,-19.49,-18.99,-19.6567,-19.03,4247100.0
1996-04-03,-19.1567,-19.1567,-19.49,-19.3233,4613400.0
1996-04-04,-19.24,-19.1567,-19.4467,-19.3233,2352900.0
1996-04-08,-19.8633,-19.8633,-20.6967,-20.24,6003000.0
1996-04-09,-20.24,-20.1133,-20.8233,-20.6967,5322600.0
1996-04-10,-20.8233,-20.49,-21.49,-21.4467,5676300.0
1996-04-11,-21.24,-20.99,-22.03,-21.49,7833900.0
1996-04-12,-21.3633,-20.74,-21.4067,-20.9467,4564800.0
1996-04-15,-20.9067,-20.74,-21.03,-20.74,3664500.0
1996-04-16,-20.4467,-20.28,-21.1567,-20.78,5921100.0
1996-04-17,-20.9467,-20.6967,-21.4467,-21.03,7150800.0
1996-04-18,-20.99,-20.8633,-21.28,-20.99,4461600.0
1996-04-19,-20.9467,-20.74,-21.4467,-21.1967,4944000.0
1996-04-22,-21.0733,-20.99,-21.5733,-21.49,5254500.0
1996-04-23,-21.4467,-21.24,-21.49,-21.4067,4985400.0
1996-04-24,-21.28,-21.24,-21.53,-21.53,4329900.0
1996-04-25,-21.53,-20.9467,-21.6567,-21.03,4077000.0
1996-04-26,-21.1133,-20.53,-21.1567,-20.74,5363100.0
1996-04-29,-20.8233,-20.78,-21.03,-20.8233,2760900.0
1996-04-30,-20.99,-20.6967,-21.0733,-20.78,3450300.0
1996-05-01,-20.9467,-20.8233,-21.1133,-20.8633,4861800.0
1996-05-02,-21.03,-21.03,-21.99,-21.9067,6397200.0
1996-05-03,-21.6967,-21.49,-21.8633,-21.78,9567600.0
1996-05-06,-21.6567,-21.6567,-22.3633,-22.1133,7287300.0
1996-05-07,-22.1133,-21.5733,-22.1567,-21.8233,6848100.0
1996-05-08,-21.8633,-21.24,-22.1133,-21.28,8888700.0
1996-05-09,-21.3633,-21.0733,-21.6967,-21.4067,4867500.0
1996-05-10,-21.1967,-20.5733,-21.1967,-20.8233,5775900.0
1996-05-13,-20.74,-20.4067,-20.78,-20.5733,4323900.0
1996-05-14,-20.4467,-20.1133,-20.49,-20.49,3800700.0
1996-05-15,-20.4067,-20.28,-20.6967,-20.6567,4479300.0
1996-05-16,-20.8633,-20.4067,-20.9067,-20.6133,4977300.0
1996-05-17,-20.49,-20.03,-20.49,-20.1133,5403000.0
1996-05-20,-19.78,-19.74,-20.1967,-20.1133,5493000.0
1996-05-21,-20.1567,-19.9467,-20.24,-20.1967,3441300.0
1996-05-22,-20.4467,-19.53,-20.4467,-19.53,6345900.0
1996-05-23,-19.78,-19.49,-19.9467,-19.8233,5775900.0
1996-05-24,-19.9067,-19.74,-20.03,-19.9067,3077100.0
1996-05-28,-19.8233,-19.78,-20.28,-20.1567,2968200.0
1996-05-29,-20.28,-20.03,-20.6133,-20.4067,8147100.0
1996-05-30,-20.53,-20.1567,-20.74,-20.4467,6560100.0
1996-05-31,-20.53,-20.3233,-20.74,-20.4467,4510800.0
1996-06-03,-20.53,-20.3633,-20.6133,-20.49,3530100.0
1996-06-04,-20.28,-20.03,-20.3233,-20.1967,3887100.0
1996-06-05,-20.24,-19.3233,-20.24,-19.3633,6414600.0
1996-06-06,-19.24,-19.1133,-19.5733,-19.4467,6331800.0
1996-06-07,-20.03,-19.8233,-20.1133,-19.8633,5160000.0
1996-06-10,-19.78,-19.6133,-19.8633,-19.74,4944900.0
1996-06-11,-19.74,-19.6133,-19.9067,-19.6967,4774500.0
1996-06-12,-19.78,-19.4067,-19.8233,-19.6567,4252200.0
1996-06-13,-19.6567,-19.3233,-19.8233,-19.5733,5617800.0
1996-06-14,-19.5733,-19.4467,-19.78,-19.6567,3890100.0
1996-06-17,-19.6967,-19.53,-19.6967,-19.6967,3272400.0
1996-06-18,-19.78,-19.53,-19.8233,-19.8233,4922700.0
1996-06-19,-19.8633,-19.53,-20.1133,-20.1133,5032500.0
1996-06-20,-20.49,-20.4467,-20.99,-20.6133,11261100.0
1996-06-21,-20.6133,-20.5733,-21.3233,-21.28,8353200.0
1996-06-24,-21.03,-20.5733,-21.0733,-20.8633,5806200.0
1996-06-25,-20.74,-20.28,-20.78,-20.4067,4417200.0
1996-06-26,-20.53,-20.1567,-20.5733,-20.4467,3990900.0
1996-06-27,-20.6133,-20.03,-20.74,-20.3633,5429400.0
1996-06-28,-20.24,-19.99,-20.24,-20.24,5012400.0
1996-07-01,-20.1133,-19.8633,-20.1567,-19.99,4560300.0
1996-07-02,-20.0733,-20.03,-20.24,-20.0733,6487500.0
1996-07-03,-20.1567,-19.9067,-20.1967,-19.99,3945900.0
1996-07-05,-20.6133,-20.49,-20.9067,-20.8633,2823900.0
1996-07-08,-21.1133,-20.8633,-21.5733,-21.3633,11272200.0
1996-07-09,-21.1967,-20.9067,-21.3233,-21.1567,5781600.0
1996-07-10,-20.99,-20.8633,-21.24,-20.9067,5494200.0
1996-07-11,-20.9467,-20.9467,-21.53,-21.1967,4575000.0
1996-07-12,-21.1567,-20.8633,-21.28,-21.1133,4601400.0
1996-07-15,-21.0733,-20.99,-21.8233,-21.8233,4386300.0
1996-07-16,-21.6133,-21.3633,-22.3633,-21.53,8125500.0
1996-07-17,-21.24,-20.9467,-21.3633,-21.1967,6042900.0
1996-07-18,-21.03,-20.3233,-21.1967,-20.6133,7726200.0
1996-07-19,-20.6567,-20.6567,-21.1133,-20.8633,5039400.0
1996-07-22,-20.99,-20.8233,-21.1567,-21.1133,4470000.0
1996-07-23,-21.03,-21.03,-21.53,-21.4467,3764700.0
1996-07-24,-21.6967,-21.1567,-21.74,-21.49,3838500.0
1996-07-25,-21.3233,-20.9467,-21.3233,-20.99,4168200.0
1996-07-26,-20.99,-20.74,-21.0733,-20.74,2706000.0
1996-07-29,-20.8233,-20.8233,-21.1567,-21.1567,2043300.0
1996-07-30,-20.9467,-20.8633,-21.0733,-20.8633,3491700.0
1996-07-31,-20.9067,-20.5733,-20.9467,-20.6133,4310700.0
1996-08-01,-20.53,-19.9467,-20.74,-20.0733,7043100.0
1996-08-02,-19.3233,-18.9467,-19.6567,-19.1133,10559400.0
1996-08-05,-19.3233,-19.28,-19.53,-19.4067,3699000.0
1996-08-06,-19.53,-19.3633,-19.74,-19.49,5403900.0
1996-08-07,-19.4467,-19.28,-19.78,-19.5733,5279100.0
1996-08-08,-19.74,-19.5733,-19.8233,-19.6567,3108300.0
1996-08-09,-19.49,-19.3233,-19.6133,-19.4467,4588500.0
1996-08-12,-19.28,-19.03,-19.3633,-19.1967,4188600.0
1996-08-13,-19.3233,-18.8233,-19.3633,-18.9067,7790400.0
1996-08-14,-18.8633,-18.78,-19.03,-18.78,4303500.0
1996-08-15,-18.9067,-18.5733,-18.9467,-18.6567,4778400.0
1996-08-16,-18.6133,-18.28,-18.6967,-18.3633,5235300.0
1996-08-19,-18.4067,-18.1133,-18.4067,-18.1567,4490700.0
1996-08-20,-18.24,-17.74,-18.24,-17.8633,6452400.0
1996-08-21,-18.0733,-17.53,-18.0733,-17.78,6987900.0
1996-08-22,-17.6967,-17.24,-17.6967,-17.3233,4354200.0
1996-08-23,-17.5733,-17.4067,-17.8633,-17.74,5111100.0
1996-08-26,-17.9067,-17.8233,-17.99,-17.9067,6212700.0
1996-08-27,-17.8633,-17.78,-17.9467,-17.9067,4622700.0
1996-08-28,-17.8633,-17.74,-18.1133,-18.0733,3467100.0
1996-08-29,-18.28,-18.24,-18.6133,-18.49,4041900.0
1996-08-30,-18.6967,-18.5733,-19.24,-18.99,5639400.0
1996-09-03,-19.4067,-18.5733,-19.49,-18.74,6884100.0
1996-09-04,-18.8233,-18.74,-18.9467,-18.9067,2561700.0
1996-09-05,-19.03,-18.99,-19.1567,-19.1567,2715300.0
1996-09-06,-19.0733,-18.49,-19.0733,-18.6967,5871000.0
1996-09-09,-18.8633,-18.53,-19.03,-18.6967,4225500.0
1996-09-10,-18.74,-18.1967,-18.74,-18.28,4485000.0
1996-09-11,-18.4067,-17.53,-18.4067,-17.8233,5136600.0
1996-09-12,-17.6967,-17.4067,-17.78,-17.6567,4050300.0
1996-09-13,-17.1967,-17.03,-17.3633,-17.3233,8997900.0
1996-09-16,-17.24,-17.1133,-17.24,-17.1567,7200000.0
1996-09-17,-17.3233,-17.28,-17.78,-17.74,5312700.0
1996-09-18,-17.8233,-17.78,-18.0733,-17.8233,4729200.0
1996-09-19,-17.8633,-17.8633,-18.1133,-17.99,3074700.0
1996-09-20,-17.99,-17.5733,-18.03,-17.78,5076300.0
1996-09-23,-17.8633,-17.1967,-17.9267,-17.3633,3725100.0
1996-09-24,-17.3233,-16.8633,-17.53,-17.3633,9295200.0
1996-09-25,-17.03,-17.03,-17.24,-17.1567,5663100.0
1996-09-26,-17.03,-16.74,-17.0933,-16.9067,4226700.0
1996-09-27,-16.9467,-16.8233,-16.9467,-16.9067,2421300.0
1996-09-30,-16.8233,-16.6967,-17.1567,-17.0733,4266300.0
1996-10-01,-17.1133,-16.6967,-17.1133,-16.74,6768900.0
1996-10-02,-16.8233,-16.6567,-16.9467,-16.8633,15216900.0
1996-10-03,-16.8233,-16.74,-16.99,-16.8233,4461600.0
1996-10-04,-16.53,-16.4067,-16.6133,-16.53,10644000.0
1996-10-07,-16.53,-16.49,-16.8233,-16.49,4068600.0
1996-10-08,-16.49,-16.4267,-16.74,-16.6967,3676500.0
1996-10-09,-16.6133,-16.5733,-17.03,-16.9467,4057500.0
1996-10-10,-17.03,-16.78,-17.1567,-16.78,3367200.0
1996-10-11,-16.74,-16.53,-16.74,-16.6133,5400600.0
1996-10-14,-16.53,-16.24,-16.53,-16.28,6412500.0
1996-10-15,-16.28,-16.1133,-16.6133,-16.28,11365500.0
1996-10-16,-16.4467,-16.4467,-16.9067,-16.6967,5964000.0
1996-10-17,-16.49,-16.4067,-16.6967,-16.49,4512900.0
1996-10-18,-16.49,-16.3233,-16.5733,-16.3233,6273300.0
1996-10-21,-16.4067,-15.99,-16.49,-16.1133,5428500.0
1996-10-22,-16.24,-16.1567,-16.4467,-16.3633,3168300.0
1996-10-23,-16.49,-16.1967,-16.53,-16.1967,2709000.0
1996-10-24,-16.24,-15.78,-16.24,-15.99,5203200.0
1996-10-25,-16.0733,-15.8233,-16.0733,-15.9067,3021000.0
1996-10-28,-15.99,-15.8233,-16.1133,-16.0733,2459100.0
1996-10-29,-15.9467,-15.49,-15.99,-15.6133,5845800.0
1996-10-30,-15.4467,-15.3233,-15.53,-15.3233,5913300.0
1996-10-31,-15.3633,-14.9067,-15.4067,-15.1967,4450200.0
1996-11-01,-15.0733,-14.9067,-15.3233,-15.24,4247700.0
1996-11-04,-15.3233,-14.9067,-15.3233,-14.9467,3472200.0
1996-11-05,-14.6967,-14.1133,-14.74,-14.28,8735100.0
1996-11-06,-14.3233,-13.8633,-14.3633,-14.1133,8679000.0
1996-11-07,-14.28,-13.8633,-14.4467,-13.9067,6759300.0
1996-11-08,-13.99,-13.8233,-14.0733,-13.8633,3840000.0
1996-11-11,-13.9467,-13.9067,-14.24,-14.1967,2964300.0
1996-11-12,-14.24,-14.1967,-14.6133,-14.53,5031600.0
1996-11-13,-14.6967,-14.6567,-15.1567,-14.8633,7201800.0
1996-11-14,-14.8633,-14.03,-14.99,-14.1967,6350700.0
1996-11-15,-14.1967,-13.78,-14.28,-14.28,5895600.0
1996-11-18,-14.1967,-13.6133,-14.3233,-13.9467,4388100.0
1996-11-19,-13.6567,-12.8233,-13.74,-12.9467,11018700.0
1996-11-20,-13.03,-12.74,-13.1567,-13.03,6957600.0
1996-11-21,-12.9467,-12.8233,-13.5733,-13.53,4597200.0
1996-11-22,-13.8633,-13.0733,-13.8633,-13.28,5508600.0
1996-11-25,-13.3233,-11.8233,-13.3233,-11.99,6114300.0
1996-11-26,-12.1567,-11.9067,-12.6567,-12.4067,7971900.0
1996-11-27,-12.4067,-12.1967,-12.53,-12.4467,7726800.0
1996-11-29,-12.3633,-12.1967,-12.3633,-12.28,2626800.0
1996-12-02,-12.4067,-12.4067,-12.8633,-12.74,5044500.0
1996-12-03,-12.6567,-12.4467,-13.53,-13.4467,7299000.0
1996-12-04,-13.74,-13.28,-14.0733,-13.5733,8010000.0
1996-12-05,-13.74,-13.6567,-14.53,-14.1567,7961700.0
1996-12-06,-15.0733,-13.74,-15.1133,-13.9467,13006500.0
1996-12-09,-13.78,-13.5733,-13.9067,-13.8233,4752300.0
1996-12-10,-13.78,-13.6967,-14.03,-13.8233,3741300.0
1996-12-11,-14.3633,-13.8233,-14.53,-14.24,6394500.0
1996-12-12,-14.1133,-13.8633,-15.28,-14.8233,9866700.0
1996-12-13,-14.8633,-14.74,-15.6133,-15.28,10651500.0
1996-12-16,-15.03,-14.8633,-15.49,-15.4067,5031000.0
1996-12-17,-15.4467,-14.4467,-15.53,-14.5733,6580500.0
1996-12-18,-14.4467,-14.3233,-14.8633,-14.6567,5090400.0
1996-12-19,-14.3633,-13.53,-14.49,-13.53,6786300.0
1996-12-20,-13.1967,-13.1567,-13.49,-13.28,7344600.0
1996-12-23,-13.1967,-13.0733,-13.4467,-13.24,4106700.0
1996-12-24,-13.1133,-13.0733,-13.4467,-13.28,2227200.0
1996-12-26,-13.1967,-12.9067,-13.1967,-12.9467,3747300.0
1996-12-27,-12.8233,-12.6567,-13.1967,-13.0733,2519100.0
1996-12-30,-13.03,-12.78,-13.24,-13.1967,2904300.0
1996-12-31,-13.28,-13.1567,-14.0733,-13.99,5710800.0
1997-01-02,-13.6967,-13.6967,-15.0733,-14.4467,10503600.0
1997-01-03,-14.24,-14.1967,-14.8233,-14.3633,7268100.0
1997-01-06,-14.3633,-14.1567,-14.9467,-14.6567,5219100.0
1997-01-07,-14.78,-14.6967,-15.24,-14.8633,5855400.0
1997-01-08,-14.6567,-14.24,-14.6967,-14.5733,9190800.0
1997-01-09,-14.49,-14.03,-14.49,-14.3233,7713600.0
1997-01-10,-14.9067,-14.4067,-14.9067,-14.53,7047000.0
1997-01-13,-14.24,-14.1567,-14.6967,-14.6133,7021500.0
1997-01-14,-14.1967,-13.74,-14.24,-13.9067,9700500.0
1997-01-15,-13.99,-13.3633,-14.1967,-13.5733,7870500.0
1997-01-16,-13.49,-13.28,-13.6967,-13.49,6783900.0
1997-01-17,-13.6133,-12.9067,-13.6133,-13.1133,5834100.0
1997-01-20,-12.8233,-12.6567,-13.0733,-12.8233,4806000.0
1997-01-21,-13.0733,-12.74,-13.28,-12.8233,7785600.0
1997-01-22,-13.1133,-12.8233,-13.4467,-12.99,10315500.0
1997-01-23,-12.8633,-12.5733,-13.5733,-13.4067,9521700.0
1997-01-24,-13.3633,-13.24,-14.1133,-14.0733,9281700.0
1997-01-27,-14.03,-13.78,-14.28,-14.24,6895500.0
1997-01-28,-13.6133,-13.49,-14.53,-14.28,8941800.0
1997-01-29,-14.24,-13.78,-14.24,-13.9067,5784900.0
1997-01-30,-13.74,-13.1967,-13.8233,-13.1967,6004500.0
1997-01-31,-12.6133,-12.6133,-12.9467,-12.9467,5914500.0
1997-02-03,-12.8233,-12.49,-13.0733,-12.53,8414100.0
1997-02-04,-12.53,-11.53,-12.5733,-11.6967,11133900.0
1997-02-05,-11.6133,-11.3233,-12.1133,-12.1133,9707100.0
1997-02-06,-12.1133,-11.9067,-12.49,-12.1133,5099100.0
1997-02-07,-11.8233,-11.0733,-11.8233,-11.1567,7869600.0
1997-02-10,-11.03,-10.74,-11.28,-11.28,6654000.0
1997-02-11,-11.1133,-10.9067,-11.4467,-10.9067,5064600.0
1997-02-12,-10.99,-10.49,-11.1967,-10.5733,7086900.0
1997-02-13,-10.4467,-9.8233,-10.4467,-10.1567,8763000.0
1997-02-14,-9.8633,-9.4067,-9.9067,-9.8633,5940000.0
1997-02-18,-9.8633,-9.8633,-10.4467,-9.9067,7382700.0
1997-02-19,-9.9067,-8.6133,-9.99,-9.1133,9734100.0
1997-02-20,-9.24,-8.9467,-9.9067,-9.6967,8085900.0
1997-02-21,-9.74,-9.28,-9.8233,-9.6133,4575600.0
1997-02-24,-10.1133,-8.8233,-10.1133,-8.9067,4150200.0
1997-02-25,-8.6567,-8.3633,-8.78,-8.49,6026700.0
1997-02-26,-8.53,-8.53,-9.6133,-9.3633,6768900.0
1997-02-27,-9.4467,-9.3233,-10.1567,-10.1567,6362100.0
1997-02-28,-10.4467,-10.03,-10.6133,-10.4067,6648000.0
1997-03-03,-10.53,-9.74,-10.8633,-9.78,9982500.0
1997-03-04,-9.6967,-9.49,-10.0733,-9.8633,6625800.0
1997-03-05,-9.49,-8.99,-9.6133,-9.1967,7069500.0
1997-03-06,-8.9467,-8.8233,-9.53,-9.53,5694000.0
1997-03-07,-9.28,-8.28,-9.3633,-8.28,7506300.0
1997-03-10,-8.1967,-7.24,-8.49,-7.24,5963400.0
1997-03-11,-7.1967,-6.9467,-8.4067,-8.3633,8956200.0
1997-03-12,-8.5733,-8.4067,-9.53,-9.1567,8952900.0
1997-03-13,-9.4067,-9.3633,-10.8633,-10.74,13079400.0
1997-03-14,-10.1567,-9.78,-10.53,-10.3233,9712200.0
1997-03-17,-10.4467,-9.49,-10.99,-9.53,9623700.0
1997-03-18,-9.6967,-9.6133,-10.78,-10.6133,10223100.0
1997-03-19,-10.4467,-9.78,-10.9067,-9.99,8364000.0
1997-03-20,-10.03,-9.6133,-10.5733,-9.8633,8526600.0
1997-03-21,-9.78,-9.4467,-9.9467,-9.78,4733400.0
1997-03-24,-9.74,-9.1967,-9.8233,-9.3233,6365100.0
1997-03-25,-9.4067,-8.8633,-9.8633,-9.8633,6631200.0
1997-03-26,-9.8633,-9.8633,-10.74,-10.49,9169500.0
1997-03-27,-10.4467,-10.3633,-12.03,-11.6567,9757500.0
1997-03-31,-11.6967,-11.6967,-12.78,-12.49,11529600.0
1997-04-01,-12.78,-11.9067,-13.03,-11.9067,12522300.0
1997-04-02,-12.1567,-12.1567,-13.1133,-12.99,8174400.0
1997-04-03,-12.9467,-12.49,-13.28,-12.6133,10573800.0
1997-04-04,-12.9467,-12.4067,-13.1967,-12.49,9717000.0
1997-04-07,-12.03,-12.03,-12.4467,-12.3633,5608200.0
1997-04-08,-12.24,-11.4467,-12.4067,-11.49,8145300.0
1997-04-09,-11.3633,-11.24,-11.99,-11.9467,7227000.0
1997-04-10,-12.1133,-11.9467,-12.49,-12.4067,5702400.0
1997-04-11,-13.03,-12.78,-13.74,-13.6967,10715700.0
1997-04-14,-13.6567,-13.3633,-14.03,-13.6133,7537800.0
1997-04-15,-13.03,-12.6133,-13.5733,-12.9067,10049100.0
1997-04-16,-13.53,-13.49,-14.28,-13.9067,16188000.0
1997-04-17,-13.9067,-13.1967,-13.9467,-13.8233,14421600.0
1997-04-18,-13.78,-13.6567,-14.78,-14.6133,8156700.0
1997-04-21,-14.6133,-14.4467,-15.5733,-15.28,11726700.0
1997-04-22,-15.1967,-14.5733,-15.5733,-14.5733,13881600.0
1997-04-23,-14.6133,-14.4067,-15.28,-15.1133,10015800.0
1997-04-24,-14.9467,-14.78,-15.3633,-15.3233,9693900.0
1997-04-25,-15.28,-15.0733,-15.49,-15.3233,7860300.0
1997-04-28,-15.3233,-14.24,-15.3233,-14.53,9888600.0
1997-04-29,-13.5733,-13.1967,-13.78,-13.6133,12561600.0
1997-04-30,-13.6967,-12.6133,-13.74,-13.0733,11242800.0
1997-05-01,-12.9067,-12.49,-13.03,-12.8633,9842400.0
1997-05-02,-12.74,-11.6967,-12.74,-11.99,8267400.0
1997-05-05,-11.6133,-11.4067,-11.9467,-11.4467,7254600.0
1997-05-06,-11.53,-10.6133,-11.53,-11.03,11673900.0
1997-05-07,-11.03,-10.9067,-12.03,-11.99,8609700.0
1997-05-08,-12.1133,-11.28,-12.28,-11.8233,8808000.0
1997-05-09,-11.28,-11.03,-11.78,-11.1567,8329800.0
1997-05-12,-11.1133,-10.74,-11.1567,-10.78,5366400.0
1997-05-13,-10.8633,-10.8633,-11.49,-11.4067,7124100.0
1997-05-14,-11.0733,-10.6567,-11.0733,-10.99,6733800.0
1997-05-15,-11.0733,-11.0733,-11.6967,-11.4067,6973500.0
1997-05-16,-11.3633,-11.1967,-12.9067,-12.5733,9802800.0
1997-05-19,-12.49,-12.3233,-13.1133,-12.9067,6237000.0
1997-05-20,-13.1133,-11.4467,-13.49,-11.6133,12716700.0
1997-05-21,-11.3633,-11.3233,-13.03,-12.74,11456700.0
1997-05-22,-12.5733,-12.1567,-12.74,-12.24,5440500.0
1997-05-23,-11.99,-11.8633,-12.24,-12.0733,4775700.0
1997-05-27,-12.28,-12.28,-12.74,-12.6967,5398800.0
1997-05-28,-12.28,-12.1567,-12.9067,-12.5733,6193200.0
1997-05-29,-12.49,-12.3633,-13.03,-12.8233,4847700.0
1997-05-30,-13.1133,-11.9067,-13.1967,-12.28,8516400.0
1997-06-02,-11.99,-11.9067,-12.4467,-12.28,5101800.0
1997-06-03,-12.1133,-11.28,-12.3633,-11.4467,10990500.0
1997-06-04,-11.4467,-11.24,-11.6967,-11.5733,5837700.0
1997-06-05,-11.4467,-10.9467,-11.5733,-11.28,5739300.0
1997-06-06,-11.28,-9.99,-11.28,-10.3233,9622800.0
1997-06-09,-10.1967,-9.8633,-11.3633,-11.24,12166800.0
1997-06-10,-10.9067,-10.4067,-11.0733,-10.49,9142200.0
1997-06-11,-10.4067,-10.3633,-10.8233,-10.6567,5076600.0
1997-06-12,-10.1133,-9.8233,-10.4467,-10.1967,7877100.0
1997-06-13,-10.1133,-9.8633,-10.4467,-9.99,9069900.0
1997-06-16,-10.03,-9.6133,-10.24,-9.78,5364000.0
1997-06-17,-9.8633,-9.53,-10.1967,-9.6567,6179700.0
1997-06-18,-9.6967,-9.4067,-9.9467,-9.4467,6601200.0
1997-06-19,-9.49,-9.1567,-9.6567,-9.4467,7044900.0
1997-06-20,-9.4467,-8.99,-9.6133,-9.5733,5881800.0
1997-06-23,-9.6967,-9.53,-10.4467,-10.4067,5898000.0
1997-06-24,-10.3233,-10.1767,-10.6967,-10.28,9817500.0
1997-06-25,-10.4267,-10.1767,-10.78,-10.55,7821900.0
1997-06-26,-10.5933,-10.3633,-11.1967,-11.01,6340800.0
1997-06-27,-10.9067,-10.74,-11.3633,-11.24,7602300.0
1997-06-30,-11.1133,-11.1133,-11.53,-11.4267,5617500.0
1997-07-01,-11.4667,-10.53,-11.6133,-10.6133,8923200.0
1997-07-02,-10.49,-9.53,-10.5733,-9.6133,7856400.0
1997-07-03,-8.99,-8.78,-9.3633,-9.3633,7918200.0
1997-07-07,-9.03,-9.03,-9.6133,-9.4467,8783400.0
1997-07-08,-9.53,-9.26,-9.5733,-9.4467,6118800.0
1997-07-09,-9.53,-9.4667,-10.1133,-9.8233,7612500.0
1997-07-10,-9.6967,-9.4467,-10.2167,-9.99,5925300.0
1997-07-11,-9.78,-9.4667,-9.9467,-9.76,3879900.0
1997-07-14,-9.6767,-9.51,-9.9267,-9.78,3616200.0
1997-07-15,-9.53,-9.3433,-9.8233,-9.5933,6661800.0
1997-07-16,-9.49,-9.1567,-9.6333,-9.53,9795000.0
1997-07-17,-9.49,-8.8233,-9.55,-9.3633,8984400.0
1997-07-18,-9.3433,-9.3,-9.78,-9.78,6489900.0
1997-07-21,-9.8633,-9.55,-10.1967,-9.78,4630500.0
1997-07-22,-9.6133,-8.4667,-9.6133,-8.6133,9030600.0
1997-07-23,-8.28,-7.9467,-8.5733,-8.4467,9570300.0
1997-07-24,-8.4467,-7.99,-8.55,-8.0733,6190200.0
1997-07-25,-7.99,-7.8433,-8.55,-8.4267,5967000.0
1997-07-28,-8.3833,-8.03,-8.4267,-8.3633,4491000.0
1997-07-29,-8.1133,-7.3833,-8.26,-7.49,8337000.0
1997-07-30,-7.1567,-5.8833,-7.3,-6.28,9810000.0
1997-07-31,-6.24,-5.55,-6.26,-5.9267,8205900.0
1997-08-01,-6.01,-5.9267,-6.99,-6.3433,5940000.0
1997-08-04,-6.9467,-6.6133,-7.05,-6.78,7052100.0
1997-08-05,-7.0733,-6.9067,-7.6133,-7.26,7665000.0
1997-08-06,-6.9067,-6.26,-7.01,-6.49,8712600.0
1997-08-07,-6.3,-6.1567,-7.4667,-7.4467,11811000.0
1997-08-08,-8.03,-7.6133,-8.4067,-7.9667,9871200.0
1997-08-11,-7.8833,-7.3,-8.3,-7.53,7426500.0
1997-08-12,-7.3833,-7.0933,-7.5733,-7.4467,8493300.0
1997-08-13,-6.78,-6.5733,-7.26,-6.6967,10473600.0
1997-08-14,-6.1967,-6.1333,-6.6767,-6.6767,7816200.0
1997-08-15,-6.6133,-6.6133,-7.1967,-7.1567,7592400.0
1997-08-18,-7.1133,-7.01,-7.6967,-7.1133,7653000.0
1997-08-19,-6.9667,-6.3433,-7.1767,-6.6133,8219700.0
1997-08-20,-6.5933,-5.49,-6.5933,-5.6133,7827900.0
1997-08-21,-5.6333,-5.1767,-5.9267,-5.74,9576000.0
1997-08-22,-6.3433,-5.78,-6.53,-5.78,6344700.0
1997-08-25,-5.78,-5.3433,-6.0733,-5.8833,4476000.0
1997-08-26,-6.3233,-5.9067,-6.3233,-6.1967,5397900.0
1997-08-27,-6.1567,-5.6967,-6.1967,-5.9067,5277000.0
1997-08-28,-5.9467,-5.9267,-6.78,-6.3633,7732800.0
1997-08-29,-6.6767,-6.4067,-6.8833,-6.7167,4580100.0
1997-09-02,-6.74,-5.76,-6.9067,-5.8633,6255300.0
1997-09-03,-5.8433,-5.26,-5.8633,-5.7167,3744000.0
1997-09-04,-6.01,-5.49,-6.01,-5.5733,3618600.0
1997-09-05,-5.1967,-4.9067,-5.74,-5.6133,6096000.0
1997-09-08,-5.3633,-5.0733,-5.4067,-5.1967,6502800.0
1997-09-09,-5.1967,-4.9667,-5.4267,-5.24,4552800.0
1997-09-10,-5.5733,-5.4667,-6.1767,-6.0933,4850700.0
1997-09-11,-6.28,-6.1967,-6.9267,-6.6567,5029500.0
1997-09-12,-6.28,-5.9467,-6.8233,-6.1133,5540700.0
1997-09-15,-5.9667,-5.8633,-6.4067,-6.28,3305400.0
1997-09-16,-5.9067,-5.05,-5.9067,-5.26,5146500.0
1997-09-17,-4.9667,-4.24,-5.1133,-4.5733,6551400.0
1997-09-18,-4.3833,-4.2167,-4.76,-4.5733,4967400.0
1997-09-19,-4.9067,-4.1967,-4.9067,-4.5933,5924700.0
1997-09-22,-4.3233,-3.6133,-4.4067,-4.3633,4333800.0
1997-09-23,-4.1967,-4.0733,-4.5933,-4.5933,3849900.0
1997-09-24,-4.55,-3.78,-4.55,-4.3433,5812500.0
1997-09-25,-4.4467,-4.4267,-5.3633,-5.28,6572400.0
1997-09-26,-4.9467,-4.3233,-4.9467,-4.6567,4060200.0
1997-09-29,-4.6333,-4.28,-4.9267,-4.3,3446400.0
1997-09-30,-4.2167,-3.8,-4.4467,-4.4467,5900400.0
1997-10-01,-4.4067,-3.8833,-4.4067,-3.9267,7118400.0
1997-10-02,-3.9267,-3.4667,-4.0733,-3.6333,4657800.0
1997-10-03,-2.5733,-2.3833,-3.4267,-2.9067,8779200.0
1997-10-06,-2.74,-1.99,-2.78,-2.1333,5673600.0
1997-10-07,-2.3833,-1.5933,-2.3833,-1.6567,4832100.0
1997-10-08,-1.6133,-1.6133,-2.26,-1.8833,6111900.0
1997-10-09,-2.26,-1.8233,-2.3833,-1.9267,4596300.0
1997-10-10,-2.53,-2.53,-3.55,-3.2167,11143800.0
1997-10-13,-3.2167,-2.9067,-3.2167,-3.1333,2725500.0
1997-10-14,-2.9467,-2.6967,-3.1333,-2.7167,4021200.0
1997-10-15,-2.8633,-2.3633,-3.0933,-2.6567,3892500.0
1997-10-16,-2.03,-1.8633,-2.8633,-2.51,6086100.0
1997-10-17,-2.8433,-2.78,-3.6967,-3.2167,5066700.0
1997-10-20,-3.1133,-3.03,-4.01,-3.26,4605000.0
1997-10-21,-2.53,-2.4467,-2.9067,-2.55,7167900.0
1997-10-22,-2.55,-2.1567,-2.8833,-2.3,5220600.0
1997-10-23,-2.9267,-2.53,-3.1967,-2.9067,6299100.0
1997-10-24,-2.1567,-1.9067,-2.9067,-2.5733,8112300.0
1997-10-27,-2.8233,-2.8,-5.28,-4.8,8621400.0
1997-10-28,-6.4467,-3.78,-6.8633,-3.8433,13452000.0
1997-10-29,-3.8,-3.1133,-3.8233,-3.6967,8706600.0
1997-10-30,-4.3233,-4.2167,-5.1967,-5.1967,8640900.0
1997-10-31,-4.4667,-4.4067,-5.55,-5.3,12065400.0
1997-11-03,-4.9667,-4.1567,-5.03,-4.2167,6689700.0
1997-11-04,-4.3633,-3.8233,-4.49,-4.1333,4305300.0
1997-11-05,-3.99,-3.53,-4.53,-3.8833,4722600.0
1997-11-06,-3.9467,-3.5733,-4.1333,-3.76,4588500.0
1997-11-07,-4.3833,-4.1967,-5.1767,-4.6333,7851300.0
1997-11-10,-4.78,-4.28,-5.78,-5.76,7271100.0
1997-11-11,-5.51,-5.4667,-6.76,-6.3233,5973600.0
1997-11-12,-7.9467,-7.1133,-8.6133,-8.1967,12690000.0
1997-11-13,-8.6133,-7.78,-8.74,-8.03,15647700.0
1997-11-14,-7.78,-7.6567,-9.6133,-9.24,16497000.0
1997-11-17,-8.0733,-7.4667,-8.28,-7.49,11306400.0
1997-11-18,-7.53,-7.2167,-8.1133,-8.03,6377700.0
1997-11-19,-8.0933,-6.28,-8.0933,-6.6567,6719400.0
1997-11-20,-6.24,-5.9067,-6.53,-6.3233,6528000.0
1997-11-21,-6.1133,-5.6767,-6.49,-6.01,7870800.0
1997-11-24,-6.1967,-6.1133,-7.24,-7.1133,8013900.0
1997-11-25,-7.1133,-7.03,-8.03,-7.3,7556100.0
1997-11-26,-6.78,-6.6967,-7.76,-7.6967,6136200.0
1997-11-28,-7.6133,-7.1567,-7.6767,-7.53,1729200.0
1997-12-01,-6.9267,-5.3233,-6.9467,-5.4467,6995400.0
1997-12-02,-5.4467,-5.03,-6.1333,-5.78,5473200.0
1997-12-03,-5.4067,-5.1967,-5.9267,-5.53,5229000.0
1997-12-04,-5.3,-4.3,-5.3233,-4.8633,7729800.0
1997-12-05,-5.1967,-4.5933,-5.49,-4.7167,7144200.0
1997-12-08,-4.5733,-4.0733,-4.9067,-4.6567,5539500.0
1997-12-09,-4.6967,-4.49,-5.4467,-5.1567,5578200.0
1997-12-10,-5.24,-5.1333,-6.6133,-6.3633,7486500.0
1997-12-11,-7.1133,-6.49,-7.4467,-7.01,8892900.0
1997-12-12,-6.6333,-6.4467,-7.78,-6.76,6864900.0
1997-12-15,-6.28,-5.78,-6.53,-6.3633,5865600.0
1997-12-16,-6.1967,-6.1133,-6.99,-6.8233,6290700.0
1997-12-17,-6.4667,-6.3,-7.0933,-6.4467,6139800.0
1997-12-18,-6.4467,-6.4067,-7.4267,-7.4067,4576200.0
1997-12-19,-7.6967,-7.5733,-8.78,-7.74,6734100.0
1997-12-22,-7.6567,-7.0733,-8.51,-8.1767,5766600.0
1997-12-23,-7.9667,-7.9467,-8.78,-8.6333,5222400.0
1997-12-24,-8.8633,-8.6967,-9.2167,-8.99,3498600.0
1997-12-26,-8.8,-8.1333,-8.8,-8.2167,1453500.0
1997-12-29,-7.4067,-7.28,-7.78,-7.55,4208400.0
1997-12-30,-7.1967,-6.6967,-7.8833,-7.24,4500000.0
1997-12-31,-7.24,-6.8633,-7.4267,-7.28,4213800.0
1998-01-02,-7.5733,-6.9067,-7.9267,-6.9067,2915700.0
1998-01-05,-6.49,-6.2167,-6.78,-6.3,7433400.0
1998-01-06,-7.1133,-6.78,-8.26,-8.05,11063100.0
1998-01-07,-8.1967,-7.6567,-9.01,-7.6567,10111800.0
1998-01-08,-8.03,-7.9067,-9.1133,-9.05,8979600.0
1998-01-09,-8.9667,-8.55,-10.03,-9.8233,10242900.0
1998-01-12,-10.9267,-9.5733,-10.9267,-9.5733,10922400.0
1998-01-13,-9.28,-8.99,-9.55,-9.24,7038900.0
1998-01-14,-8.4267,-8.3633,-9.26,-8.99,10182600.0
1998-01-15,-9.1133,-9.01,-9.4467,-9.3633,6839100.0
1998-01-16,-9.0733,-8.4067,-9.1133,-8.6133,5872500.0
1998-01-20,-8.3633,-7.8233,-9.1333,-8.05,8127000.0
1998-01-21,-8.1133,-7.8633,-9.0733,-8.74,7926900.0
1998-01-22,-9.0933,-8.51,-9.0933,-9.03,7206300.0
1998-01-23,-9.03,-8.9467,-9.7167,-9.3633,8334900.0
1998-01-26,-9.4467,-8.9467,-9.74,-9.74,7377300.0
1998-01-27,-9.4667,-8.6333,-9.6333,-8.6967,7158300.0
1998-01-28,-8.49,-8.28,-9.03,-8.4467,8068500.0
1998-01-29,-8.3233,-7.6567,-8.3633,-8.1767,6780300.0
1998-01-30,-7.78,-7.78,-8.1767,-8.05,5122800.0
1998-02-02,-7.6133,-6.5933,-7.6333,-6.7167,7643700.0
1998-02-03,-6.6133,-5.6967,-6.74,-5.6967,6984600.0
1998-02-04,-5.8,-5.4667,-6.1967,-5.6133,5770800.0
1998-02-05,-5.4467,-5.1967,-6.0733,-5.5933,6003900.0
1998-02-06,-5.3633,-4.4467,-5.4067,-4.8,7131000.0
1998-02-09,-4.5933,-3.4467,-4.6567,-3.4467,8127000.0
1998-02-10,-3.74,-3.51,-4.03,-3.8233,6259800.0
1998-02-11,-3.8633,-3.6333,-4.01,-3.8433,4010400.0
1998-02-12,-4.0733,-3.8,-4.5733,-3.99,5293500.0
1998-02-13,-4.0933,-4.0733,-4.6133,-4.3833,3623100.0
1998-02-17,-3.8633,-3.51,-3.99,-3.53,5438400.0
1998-02-18,-3.4467,-2.9667,-3.49,-3.1767,5238300.0
1998-02-19,-3.1133,-3.1133,-3.99,-3.9067,4595100.0
1998-02-20,-3.78,-3.78,-4.3633,-3.8433,4830300.0
1998-02-23,-3.24,-3.1767,-3.6133,-3.3833,3573900.0
1998-02-24,-3.3833,-3.3833,-3.8833,-3.8633,4373400.0
1998-02-25,-3.4267,-2.7167,-3.5933,-2.99,4452900.0
1998-02-26,-3.1133,-2.24,-3.28,-2.53,4866000.0
1998-02-27,-2.8633,-2.3,-3.1133,-2.4267,5162400.0
1998-03-02,-2.3,-2.1133,-2.7167,-2.53,4160700.0
1998-03-03,-2.99,-1.8633,-3.01,-2.01,5430300.0
1998-03-04,-2.4067,-2.1767,-2.99,-2.9667,4410900.0
1998-03-05,-3.3233,-3.1567,-3.8233,-3.6133,5073000.0
1998-03-06,-3.28,-3.03,-3.6133,-3.24,6180600.0
1998-03-09,-3.1767,-3.1767,-4.3233,-4.26,6918000.0
1998-03-10,-3.6133,-3.1567,-4.1767,-3.26,5760900.0
1998-03-11,-2.8,-2.1133,-3.03,-2.2167,6471300.0
1998-03-12,-2.1967,-1.9467,-2.6567,-2.03,6796500.0
1998-03-13,-1.99,-1.78,-2.4667,-2.03,4371900.0
1998-03-16,-1.3833,-0.8633,-1.5733,-1.01,7389300.0
1998-03-17,-0.9033,1.22,-1.07,1.1367,12699600.0
1998-03-18,1.1167,2.2633,1.0133,2.2633,13203300.0
1998-03-19,2.3467,2.5967,1.0133,1.3033,8106300.0
1998-03-20,1.3867,1.8867,1.0533,1.0967,6193200.0
1998-03-23,1.0967,1.0967,0.43,0.45,3084000.0
1998-03-24,1.0133,1.6167,0.8033,0.95,4368900.0
1998-03-25,1.5967,1.72,-0.1967,0.5533,5895000.0
1998-03-26,0.47,1.5967,0.3233,0.95,4490400.0
1998-03-27,1.3867,1.5533,0.5333,0.93,4074300.0
1998-03-30,0.6367,0.93,0.3233,0.8033,3802500.0
1998-03-31,0.8033,1.8233,0.8033,1.18,5190600.0
1998-04-01,1.22,1.6567,1.0133,1.5533,4711500.0
1998-04-02,1.8867,2.72,1.68,2.6567,7040400.0
1998-04-03,2.6567,3.2,2.5967,2.93,4517400.0
1998-04-06,4.22,5.3033,4.22,5.22,10845300.0
1998-04-07,5.22,5.93,3.22,4.0967,11119800.0
1998-04-08,4.22,4.3867,2.22,2.97,7560300.0
1998-04-09,3.0533,3.43,2.3467,3.43,4858800.0
1998-04-13,3.8867,5.2,3.5533,5.0133,6585000.0
1998-04-14,5.0967,5.2,3.22,3.8033,6484200.0
1998-04-15,3.8033,4.3867,2.6567,2.9067,5412900.0
1998-04-16,2.93,3.0133,0.2633,1.3033,9526500.0
1998-04-17,1.3233,2.18,1.0333,1.97,5736600.0
1998-04-20,2.0133,2.2,0.74,1.1167,5611800.0
1998-04-21,1.72,3.0333,1.6367,2.5967,7280400.0
1998-04-22,2.8867,3.3467,2.5733,2.93,3978600.0
1998-04-23,2.72,2.8667,1.72,1.72,2859000.0
1998-04-24,1.5967,1.8867,0.7833,0.9067,4869600.0
1998-04-27,-0.4033,0.5333,-0.9867,0.43,7547400.0
1998-04-28,1.0967,1.2,0.22,0.7633,5310300.0
1998-04-29,0.68,1.5333,0.47,1.2633,4159800.0
1998-04-30,1.8033,2.97,1.8033,2.4067,6385500.0
1998-05-01,2.5967,3.3033,2.3033,3.18,4244100.0
1998-05-04,3.2833,3.93,2.43,2.5733,5163600.0
1998-05-05,2.3033,2.3667,1.72,1.8867,4228500.0
1998-05-06,2.18,2.2,1.22,1.24,4518000.0
1998-05-07,1.2633,2.0133,0.93,1.6367,4312800.0
1998-05-08,1.5533,2.0967,1.2633,1.8467,3981300.0
1998-05-11,1.8467,2.45,1.8467,2.4067,4840200.0
1998-05-12,2.3667,3.1367,1.8867,3.0533,4836300.0
1998-05-13,3.0967,3.1367,2.2,2.72,5643000.0
1998-05-14,2.6367,3.22,2.1367,2.6567,4176600.0
1998-05-15,2.8667,3.6367,2.7,3.5533,4666800.0
1998-05-18,3.2633,4.0133,3.18,3.6367,4803900.0
1998-05-19,4.1367,5.0533,3.8867,4.5133,6633300.0
1998-05-20,4.97,4.97,4.0133,4.2833,5013300.0
1998-05-21,4.22,4.6367,3.8867,4.1367,5238300.0
1998-05-22,3.72,4.3667,3.72,4.3667,4202700.0
1998-05-26,4.68,4.68,2.5967,2.6567,3826500.0
1998-05-27,1.99,2.22,0.72,1.5733,8843100.0
1998-05-28,1.72,1.7633,1.22,1.7,4875300.0
1998-05-29,1.95,2.0733,1.47,1.5333,3043500.0
1998-06-01,0.93,1.68,0.7,0.9067,4259100.0
1998-06-02,1.5733,2.0333,1.3033,1.8667,4966800.0
1998-06-03,1.8867,1.8867,1.43,1.43,2846400.0
1998-06-04,1.43,2.0533,0.7633,2.0533,3780600.0
1998-06-05,1.95,3.0133,1.68,2.97,4904400.0
1998-06-08,2.97,4.47,2.6567,3.99,6431700.0
1998-06-09,3.7,3.95,3.22,3.4067,3669600.0
1998-06-10,3.2633,4.2633,3.0533,3.5533,5072700.0
1998-06-11,3.5533,3.8867,2.8867,2.9067,5758200.0
1998-06-12,2.9067,3.0533,1.7,2.5133,5007900.0
1998-06-15,0.9267,2.6333,0.9267,1.68,4272400.0
1998-06-16,1.68,1.9667,0.72,1.3867,4976800.0
1998-06-17,1.26,3.5533,1.26,2.6333,5015200.0
1998-06-18,2.6333,2.8467,2.1333,2.5133,2963800.0
1998-06-19,3.22,3.5133,2.72,3.1333,5336400.0
1998-06-22,2.3867,3.1333,2.1333,2.4267,3447900.0
1998-06-23,2.0933,3.5533,2.0933,3.0133,3245800.0
1998-06-24,3.18,5.3,2.8467,4.9667,4714300.0
1998-06-25,4.72,6.22,4.26,4.4667,7775400.0
1998-06-26,4.5933,5.1333,3.72,5.0533,3526900.0
1998-06-29,5.4267,6.6333,5.22,6.6333,4407900.0
1998-06-30,6.4267,7.22,5.9667,6.5533,4780500.0
1998-07-01,6.8867,7.3467,6.3867,6.5533,4994700.0
1998-07-02,6.5533,6.72,6.26,6.5133,3544800.0
1998-07-06,7.0533,7.5933,6.9667,7.5533,6373900.0
1998-07-07,6.5533,6.8,5.8,6.22,6861100.0
1998-07-08,6.3,6.72,5.3,5.3,7517100.0
1998-07-09,5.8467,6.6333,5.3,5.3,4625500.0
1998-07-10,5.3867,5.8867,5.3,5.8867,3151500.0
1998-07-13,6.22,6.3,5.4267,5.8,2900100.0
1998-07-14,6.0533,6.8467,6.0133,6.5533,4665100.0
1998-07-15,6.68,7.22,6.26,6.3467,4220800.0
1998-07-16,6.0533,6.22,5.5933,6.22,3378600.0
1998-07-17,6.1333,6.4667,6.0533,6.18,3141400.0
1998-07-20,6.22,7.0533,5.8,6.22,3585900.0
1998-07-21,6.5133,6.8467,3.8,3.8867,4608300.0
1998-07-22,4.5533,5.3,4.0533,4.8467,5005500.0
1998-07-23,4.8867,5.8867,4.8867,4.9667,5294200.0
1998-07-24,5.1333,5.72,4.26,5.3,6094300.0
1998-07-27,4.3,6.0533,4.26,5.3867,4491900.0
1998-07-28,5.3867,5.8,4.68,5.1333,5570500.0
1998-07-29,5.18,5.72,4.5133,4.5933,3484000.0
1998-07-30,5.1333,6.22,4.9667,5.9667,3697500.0
1998-07-31,6.22,7.9267,6.22,6.6333,7758600.0
1998-08-03,6.6333,6.9267,6.0133,6.0933,4420800.0
1998-08-04,6.3867,6.68,2.6333,2.6333,6974500.0
1998-08-05,3.5133,4.0933,2.0133,3.8,5957500.0
1998-08-06,3.5533,3.9267,2.68,3.8867,5556900.0
1998-08-07,3.9267,4.4667,2.22,2.3467,5194200.0
1998-08-10,2.22,2.4267,1.3867,1.8867,3980100.0
1998-08-11,0.8867,0.9267,-1.36,0.0533,7264900.0
1998-08-12,0.8467,1.1333,0.18,0.3467,5294400.0
1998-08-13,0.1333,0.5933,-1.1133,-1.0333,5388300.0
1998-08-14,-0.28,0.1333,-1.32,-0.8667,4213800.0
1998-08-17,-1.0733,0.76,-1.36,0.5533,3960400.0
1998-08-18,0.6333,2.5933,0.5933,2.3467,5225500.0
1998-08-19,3.0933,3.1333,1.4267,1.4667,5028900.0
1998-08-20,1.22,1.3,-0.3667,-0.2,4448100.0
1998-08-21,-1.4467,-1.1933,-3.74,-1.32,11853400.0
1998-08-24,-0.9467,-0.28,-1.6133,-1.0733,4651900.0
1998-08-25,-0.1533,0.3,-1.5267,-1.0333,4914900.0
1998-08-26,-1.78,-0.2,-2.1133,-0.9467,4763700.0
1998-08-27,-3.4067,-2.78,-5.1133,-5.0267,13659400.0
1998-08-28,-4.0267,-3.5267,-6.9867,-6.1133,11808700.0
1998-08-31,-5.9467,-4.78,-8.9467,-8.78,11803500.0
1998-09-01,-8.4467,-5.4867,-10.4467,-7.1933,11699800.0
1998-09-02,-7.0267,-5.1533,-7.6933,-7.1933,10603300.0
1998-09-03,-9.78,-8.4067,-11.1133,-10.9467,12784500.0
1998-09-04,-10.6933,-10.36,-14.1133,-13.5267,22328400.0
1998-09-08,-11.5733,-10.4867,-13.5267,-12.36,18160300.0
1998-09-09,-12.82,-12.82,-14.74,-14.0267,12064800.0
1998-09-10,-15.1133,-14.9467,-16.78,-15.28,15442800.0
1998-09-11,-16.5267,-12.78,-17.0733,-13.1133,15846300.0
1998-09-14,-12.5267,-11.1533,-13.1933,-12.9467,10117000.0
1998-09-15,-14.0267,-10.9867,-14.0267,-11.0267,13750000.0
1998-09-16,-10.4467,-9.5733,-11.4067,-10.4867,11266900.0
1998-09-17,-12.9467,-11.4467,-12.9467,-11.86,9901800.0
1998-09-18,-12.4067,-11.82,-12.78,-12.1533,9158100.0
1998-09-21,-13.4467,-12.4467,-14.4467,-12.5733,7048200.0
1998-09-22,-12.4067,-12.0733,-13.28,-13.0267,7080100.0
1998-09-23,-12.78,-10.28,-12.78,-10.36,9460500.0
1998-09-24,-11.4467,-10.78,-13.4467,-12.86,11735100.0
1998-09-25,-14.1133,-12.82,-14.74,-13.4467,15015400.0
1998-09-28,-12.86,-11.9067,-14.0733,-14.0733,8926300.0
1998-09-29,-13.1533,-12.4867,-14.78,-13.78,19558200.0
1998-09-30,-13.9467,-13.28,-15.5267,-15.0267,16407900.0
1998-10-01,-15.4467,-14.6933,-16.78,-16.6333,11555100.0
1998-10-02,-16.28,-14.24,-17.0733,-14.6133,16156300.0
1998-10-05,-15.9467,-15.5267,-17.36,-16.1133,11464300.0
1998-10-06,-14.9467,-14.24,-16.5267,-16.4067,11651200.0
1998-10-07,-16.4067,-15.9467,-18.28,-16.9467,11566600.0
1998-10-08,-18.1133,-16.36,-20.0733,-16.78,16523500.0
1998-10-09,-16.24,-14.82,-17.1133,-15.24,14538100.0
1998-10-12,-14.1533,-13.6133,-15.4467,-15.0733,9226500.0
1998-10-13,-15.36,-14.1133,-15.6133,-15.32,7553200.0
1998-10-14,-16.6533,-14.9467,-16.6533,-15.9867,7036300.0
1998-10-15,-16.4467,-11.36,-16.4467,-12.4467,11933500.0
1998-10-16,-11.6933,-10.78,-12.4467,-11.0533,18859800.0
1998-10-19,-11.1133,-9.1533,-11.36,-9.6133,8709900.0
1998-10-20,-7.1533,-6.78,-8.74,-8.4067,15729400.0
1998-10-21,-7.9467,-7.6133,-8.6133,-7.78,8617200.0
1998-10-22,-7.78,-6.28,-8.28,-6.4067,8252500.0
1998-10-23,-6.78,-5.9867,-7.0733,-6.6533,5982400.0
1998-10-26,-6.9867,-6.6533,-7.6133,-7.4467,4978800.0
1998-10-27,-7.6133,-7.5267,-9.4867,-9.1133,7752000.0
1998-10-28,-9.6133,-8.1133,-9.74,-8.86,8751100.0
1998-10-29,-8.86,-7.4867,-9.28,-7.6933,4521400.0
1998-10-30,-6.86,-5.5267,-6.9867,-5.9067,6904500.0
1998-11-02,-6.1133,-5.5267,-6.5733,-6.1133,5486700.0
1998-11-03,-6.1533,-5.6933,-6.4467,-6.28,4070700.0
1998-11-04,-5.4867,-4.32,-5.74,-5.1133,6069100.0
1998-11-05,-5.1533,-3.36,-5.78,-3.5267,7403700.0
1998-11-06,-3.78,-2.74,-3.78,-3.1133,5155800.0
1998-11-09,-3.5267,-3.36,-5.0267,-4.9067,4687200.0
1998-11-10,-5.4067,-4.5267,-5.74,-5.6533,4923400.0
1998-11-11,-5.5267,-5.1533,-6.4867,-6.0267,3834700.0
1998-11-12,-6.6533,-5.86,-7.36,-7.0267,5471200.0
1998-11-13,-6.78,-5.4067,-6.9067,-5.6533,4429000.0
1998-11-16,-4.9067,-4.5267,-5.5267,-5.1933,4962900.0
1998-11-17,-5.1533,-2.28,-5.78,-2.9467,12616200.0
1998-11-18,-2.9867,-2.5733,-4.0733,-2.5733,6831100.0
1998-11-19,-2.5733,-2.4467,-3.1933,-2.78,4348200.0
1998-11-20,-2.78,-2.1533,-2.82,-2.4867,6487200.0
1998-11-23,-1.4467,-0.3667,-1.6133,-0.4467,6476100.0
1998-11-24,-0.4467,0.8,-0.7,-0.5733,7208500.0
1998-11-25,-0.4467,0.22,-0.6533,-0.0333,3859200.0
1998-11-27,0.0133,0.18,-0.28,-0.1533,908500.0
1998-11-30,-0.0333,0.0933,-1.5733,-1.4867,4351600.0
1998-12-01,-1.9467,-1.86,-2.9467,-2.36,5715300.0
1998-12-02,-2.32,-0.9067,-2.36,-1.78,5449500.0
1998-12-03,-1.9067,-1.86,-3.1133,-2.9467,5677300.0
1998-12-04,-2.36,-1.0333,-2.36,-1.0333,4322800.0
1998-12-07,-1.0333,-0.28,-1.4467,-0.4467,3331200.0
1998-12-08,-0.5333,0.4267,-0.9467,-0.7,4368600.0
1998-12-09,-0.2,0.0933,-1.6933,-1.24,4580700.0
1998-12-10,-1.36,-1.0733,-2.5733,-1.9467,3347100.0
1998-12-11,-2.5733,-2.4867,-3.6133,-3.1933,5328100.0
1998-12-14,-3.6533,-3.32,-4.78,-4.5733,5858500.0
1998-12-15,-4.1933,-3.1933,-4.4467,-3.28,6708400.0
1998-12-16,-3.1133,-1.4467,-3.78,-1.4467,5101600.0
1998-12-17,1.3867,2.8467,0.8867,2.8,12824800.0
1998-12-18,2.8467,3.3467,1.22,2.5533,9912900.0
1998-12-21,2.76,4.3867,2.5533,4.3867,7818600.0
1998-12-22,4.0933,4.3867,3.0933,4.0533,4211200.0
1998-12-23,3.1333,3.8,2.9667,3.72,4146600.0
1998-12-24,3.3,3.8467,3.3,3.3867,1525900.0
1998-12-28,3.8,4.1333,3.4667,3.8,3091300.0
1998-12-29,3.8,4.5533,3.0933,4.22,3514800.0
1998-12-30,4.0533,4.5933,3.6333,4.22,3089400.0
1998-12-31,3.9267,4.18,1.5533,3.5533,3736000.0
1999-01-04,2.9667,4.1333,2.8467,4.1333,7798800.0
1999-01-05,3.3,4.5133,3.3,4.5133,6532000.0
1999-01-06,4.8867,5.68,4.76,5.5533,9776200.0
1999-01-07,5.1333,7.68,4.5533,7.5933,10692700.0
1999-01-08,7.3,7.8867,6.0533,6.5533,8113000.0
1999-01-11,6.4667,8.0533,6.3,7.0533,10198200.0
1999-01-12,6.5533,6.5933,5.22,5.4667,10746300.0
1999-01-13,2.22,4.8867,1.8867,3.9667,13639300.0
1999-01-14,3.3867,3.5133,1.4667,1.72,7469500.0
1999-01-15,2.8467,3.5133,2.0133,3.4667,6348000.0
1999-01-19,5.22,5.8867,4.5533,5.8,9146200.0
1999-01-20,6.3,8.3867,5.9667,7.6333,9931200.0
1999-01-21,6.8867,7.5133,5.5533,6.4667,8336500.0
1999-01-22,5.4667,5.8867,3.9667,4.1333,7715700.0
1999-01-25,4.0933,6.0133,4.0933,5.8467,5817600.0
1999-01-26,5.9267,6.4267,5.1333,5.72,4345200.0
1999-01-27,5.72,6.0133,4.68,4.9667,5808900.0
1999-01-28,4.9267,5.68,4.6333,5.3,4809300.0
1999-01-29,5.68,7.9667,5.3867,7.5133,9135400.0
1999-02-01,7.5133,8.4667,6.8867,7.4267,6571500.0
1999-02-02,7.22,8.0533,6.4267,7.4267,5093700.0
1999-02-03,6.68,9.6333,6.3467,9.1333,8805600.0
1999-02-04,8.3,9.0533,7.22,8.18,7081200.0
1999-02-05,8.0133,8.18,6.72,7.18,4258900.0
1999-02-08,7.5133,7.5133,4.9267,4.9667,4952200.0
1999-02-09,5.4667,5.76,4.0933,4.22,7435300.0
1999-02-10,4.22,5.0533,3.8,4.9267,3841300.0
1999-02-11,4.9267,7.3467,4.9267,6.9667,7559500.0
1999-02-12,6.68,7.1333,4.9667,5.5933,5636100.0
1999-02-16,6.8,8.22,6.8,8.0133,6497500.0
1999-02-17,7.1333,9.3867,6.8867,7.72,9882600.0
1999-02-18,7.5533,8.18,6.8,7.0533,6601000.0
1999-02-19,6.9267,8.0133,6.8867,6.9267,5058400.0
1999-02-22,6.9267,10.22,6.9267,10.22,6075600.0
1999-02-23,9.5933,11.26,9.5933,10.8,8625700.0
1999-02-24,10.26,10.8467,8.0533,8.76,7325800.0
1999-02-25,7.9267,9.22,7.26,9.22,5097600.0
1999-02-26,9.1333,9.8867,8.5533,9.3,5236200.0
1999-03-01,9.22,10.76,9.0133,10.0533,6638200.0
1999-03-02,10.0933,10.5933,9.3867,9.76,4952800.0
1999-03-03,9.72,10.18,9.1333,10.0133,5177800.0
1999-03-04,10.0133,11.8,9.9267,11.8,5842800.0
1999-03-05,13.4667,14.22,13.1333,14.1333,7327000.0
1999-03-08,14.0933,14.3467,13.0933,13.4267,5024100.0
1999-03-09,13.0933,15.18,13.0533,14.8467,5914900.0
1999-03-10,14.5133,15.72,13.76,15.5133,5012800.0
1999-03-11,15.18,15.8867,14.3867,15.0133,5726500.0
1999-03-12,15.1333,15.5533,14.0533,14.8867,5071300.0
1999-03-15,13.5533,14.4667,13.5533,14.3867,4845100.0
1999-03-16,14.3867,14.8,12.5933,12.76,6077100.0
1999-03-17,12.5933,12.72,11.0933,11.1333,5201800.0
1999-03-18,10.9667,12.68,10.9667,12.1333,5516700.0
1999-03-19,12.8867,13.3867,11.0533,11.22,6128800.0
1999-03-22,11.3,11.5533,10.5133,10.8,3279600.0
1999-03-23,9.5533,9.8467,8.8867,9.26,4675600.0
1999-03-24,9.3,9.72,8.8867,9.1333,4543000.0
1999-03-25,10.18,11.1333,10.0533,10.5533,5166000.0
1999-03-26,9.8867,10.5133,9.5533,9.8867,2936200.0
1999-03-29,10.3,11.4667,10.26,11.0533,4251300.0
1999-03-30,10.4267,11.3867,10.4267,10.8467,3074500.0
1999-03-31,11.22,12.0533,10.22,10.4667,3232600.0
1999-04-01,10.1333,10.18,8.5933,9.1333,4103200.0
1999-04-05,9.5133,9.5933,8.4267,8.72,4808800.0
1999-04-06,9.0933,9.8,8.8867,9.0533,5411500.0
1999-04-07,9.8,12.8,9.6333,12.4667,5273800.0
1999-04-08,13.4667,15.4667,13.0933,14.8,7461000.0
1999-04-09,14.3,14.5533,13.22,13.26,4744800.0
1999-04-12,13.0533,14.4267,13.0533,14.1333,4117500.0
1999-04-13,15.4667,15.5133,13.4267,14.4667,4812400.0
1999-04-14,14.8867,16.22,13.22,13.8,4721400.0
1999-04-15,13.68,14.8867,12.8467,13.26,5361600.0
1999-04-16,13.4267,14.5133,12.72,13.5933,3631000.0
1999-04-19,15.72,16.9667,12.26,12.8867,7036600.0
1999-04-20,12.8867,13.9667,9.6333,11.5533,11746500.0
1999-04-21,10.9267,12.72,10.18,11.8467,5737200.0
1999-04-22,10.72,13.3867,10.72,13.3867,5237200.0
1999-04-23,12.6333,13.5533,12.5133,12.9667,4390800.0
1999-04-26,12.5933,12.6333,10.9667,11.3,2694900.0
1999-04-27,11.6333,13.72,10.6333,13.26,6177100.0
1999-04-28,12.1333,13.22,11.9667,11.9667,3719800.0
1999-04-29,12.1333,13.8467,11.5933,12.1333,4188900.0
1999-04-30,11.8867,13.22,10.72,11.22,5365800.0
1999-05-03,10.8867,11.72,10.3,11.3867,5240400.0
1999-05-04,10.9267,11.9667,10.72,11.0533,4670800.0
1999-05-05,11.22,11.6333,8.8867,9.68,6652600.0
1999-05-06,8.3867,9.8467,7.8867,7.9267,7305100.0
1999-05-07,7.9267,9.3867,7.8,8.4667,6353700.0
1999-05-10,8.8467,9.68,8.4667,8.8867,4205800.0
1999-05-11,9.68,10.3467,8.4667,9.5533,4980100.0
1999-05-12,9.6333,11.18,8.8867,11.0933,5330400.0
1999-05-13,11.22,13.1333,11.22,12.22,3679600.0
1999-05-14,10.5533,10.8,8.5133,8.9267,7173900.0
1999-05-17,8.8867,8.8867,7.6333,8.6333,3682900.0
1999-05-18,8.68,10.22,7.8867,8.72,5363100.0
1999-05-19,9.22,9.9667,9.22,9.68,4116100.0
1999-05-20,9.72,10.3867,9.5533,9.68,3496500.0
1999-05-21,9.5133,9.72,8.4667,8.8467,5004000.0
1999-05-24,7.76,7.8867,6.5533,6.8,8523100.0
1999-05-25,6.22,6.8867,5.22,5.4267,7032900.0
1999-05-26,5.26,7.0533,4.5533,6.4667,7955400.0
1999-05-27,6.4667,6.4667,4.22,4.72,6256200.0
1999-05-28,4.5933,5.5133,4.22,4.4667,6132300.0
1999-06-01,4.3867,5.3,3.0533,4.3,5718900.0
1999-06-02,4.3867,4.5133,3.0933,3.5933,6079900.0
1999-06-03,4.0933,4.3867,2.9667,3.9667,5654500.0
1999-06-04,4.8467,5.8867,3.9267,5.76,6295200.0
1999-06-07,6.3867,7.4667,6.18,7.3867,3461400.0
1999-06-08,7.0933,7.18,5.4667,6.1333,3318100.0
1999-06-09,6.1333,6.4267,5.0933,5.4267,3550900.0
1999-06-10,4.9667,5.22,4.1333,4.9667,3511200.0
1999-06-11,5.1333,5.5933,4.5533,5.0533,5655000.0
1999-06-14,5.4667,5.5133,4.8467,5.3867,3420900.0
1999-06-15,5.26,6.8467,5.26,6.3,3939100.0
1999-06-16,8.22,10.22,7.68,9.8,8062300.0
1999-06-17,8.68,9.8,8.5533,9.18,5615800.0
1999-06-18,9.3,10.18,9.26,9.6333,4764100.0
1999-06-21,10.5533,12.0533,10.22,11.8867,4377700.0
1999-06-22,11.8867,12.0533,10.5533,10.72,3204700.0
1999-06-23,10.22,10.22,9.6333,9.72,3130000.0
1999-06-24,9.5933,10.0533,8.8,9.5533,3177400.0
1999-06-25,10.3467,10.9667,10.18,10.3467,3144700.0
1999-06-28,10.8867,12.18,10.72,11.3,4134000.0
1999-06-29,12.18,12.18,11.18,11.3,3154600.0
1999-06-30,11.6333,13.9667,11.0133,13.8867,7451200.0
1999-07-01,13.26,13.9667,12.18,13.5133,6681900.0
1999-07-02,12.9667,13.76,12.8867,12.9267,2399100.0
1999-07-06,13.0933,14.1333,12.4667,13.5933,2863800.0
1999-07-07,13.3467,13.8,12.6333,12.6333,4667400.0
1999-07-08,12.6333,13.3867,12.22,13.22,4542700.0
1999-07-09,13.4667,13.76,12.3867,13.0133,2053800.0
1999-07-12,12.68,12.9667,12.3,12.3,2906400.0
1999-07-13,11.6333,11.68,11.0533,11.4267,3496000.0
1999-07-14,11.5133,11.8,10.6333,10.72,3624100.0
1999-07-15,10.72,11.72,10.72,10.9667,3852600.0
1999-07-16,10.9667,10.9667,10.5533,10.76,2957400.0
1999-07-19,10.9667,12.0133,10.5933,10.9667,3792700.0
1999-07-20,11.0933,11.5933,9.68,10.1333,3621100.0
1999-07-21,10.8,11.6333,10.3,10.4267,4862700.0
1999-07-22,10.3867,12.76,10.3867,11.76,6287400.0
1999-07-23,11.4267,11.8867,10.22,10.5933,3798400.0
1999-07-26,9.8467,11.68,9.72,11.4667,4628100.0
1999-07-27,11.9667,12.4667,11.3867,12.0533,3806700.0
1999-07-28,11.8867,12.4267,11.4267,11.5133,2496400.0
1999-07-29,10.72,11.0533,9.3867,9.72,4553200.0
1999-07-30,8.8867,9.1333,7.0533,7.5933,5740500.0
1999-08-02,7.5133,8.5533,7.4267,8.3867,6278800.0
1999-08-03,8.3867,8.8467,8.22,8.76,3029500.0
1999-08-04,8.9267,9.4667,8.4267,8.5133,3498900.0
1999-08-05,8.5133,8.8,7.4267,8.6333,4113000.0
1999-08-06,7.72,8.3867,6.5933,6.72,3852700.0
1999-08-09,6.5533,7.3,6.3,6.6333,4196800.0
1999-08-10,6.3867,6.8467,4.5933,5.76,5402200.0
1999-08-11,6.3,7.5133,6.0933,7.5133,3495900.0
1999-08-12,7.5133,7.5133,6.68,6.68,3220900.0
1999-08-13,7.22,9.0133,7.22,8.9667,4631800.0
1999-08-16,9.3,9.76,8.8,9.72,3593500.0
1999-08-17,10.68,11.5533,10.68,11.5533,5863800.0
1999-08-18,11.1333,12.8867,10.6333,12.8867,4112100.0
1999-08-19,11.26,11.8,10.8,11.18,3973300.0
1999-08-20,10.6333,12.0933,10.6333,12.0533,3679800.0
1999-08-23,12.22,13.4267,12.18,13.3467,3983400.0
1999-08-24,12.5533,15.22,12.5533,13.9267,7272300.0
1999-08-25,12.8467,13.3867,11.72,13.22,7763200.0
1999-08-26,13.72,14.4267,11.9267,12.22,4879000.0
1999-08-27,12.26,12.4267,10.8867,11.6333,3249300.0
1999-08-30,11.6333,11.72,9.6333,10.5133,4536900.0
1999-08-31,11.8,12.8867,9.8867,12.0133,9561400.0
1999-09-01,12.0133,12.0133,10.22,11.3667,6215800.0
1999-09-02,10.1333,10.1333,9.26,10.0533,4071300.0
1999-09-03,11.3867,13.3867,11.3867,12.8867,5879200.0
1999-09-07,12.8867,12.8867,10.1333,10.4667,5703900.0
1999-09-08,10.22,11.4667,9.4667,10.72,5702800.0
1999-09-09,10.22,10.22,7.0933,7.8867,20267100.0
1999-09-10,7.8867,8.4667,6.76,7.8467,9359100.0
1999-09-13,8.0133,8.3867,7.5533,8.0133,3735100.0
1999-09-14,7.4667,7.8467,7.0133,7.8,4038000.0
1999-09-15,8.5533,9.0533,7.76,7.8467,5745900.0
1999-09-16,8.0133,8.3467,6.9667,8.22,4375200.0
1999-09-17,8.8467,9.3867,7.9267,7.9267,5602600.0
1999-09-20,7.9667,8.8,7.8,8.5133,3307000.0
1999-09-21,8.22,8.26,6.8,6.8467,4165900.0
1999-09-22,6.8867,7.8867,5.6333,7.1333,5008200.0
1999-09-23,7.5133,8.18,6.0533,6.3867,6028500.0
1999-09-24,6.1333,7.0133,6.0533,6.4667,5725200.0
1999-09-27,7.18,7.18,5.4267,5.6333,4467300.0
1999-09-28,4.8,5.68,4.5933,5.4267,9659100.0
1999-09-29,5.5133,5.8,4.8467,4.8867,3811600.0
1999-09-30,4.9267,7.0933,4.76,6.4667,4503700.0
1999-10-01,6.3,6.3,4.8867,5.5933,4650400.0
1999-10-04,5.68,7.76,5.5933,7.76,3881800.0
1999-10-05,7.5533,8.6333,6.0533,6.6333,6691200.0
1999-10-06,6.6333,7.4667,6.5533,6.8467,5134000.0
1999-10-07,6.9267,7.3867,5.5533,5.9267,4911100.0
1999-10-08,5.9267,6.5933,5.18,6.5933,4449000.0
1999-10-11,6.6333,7.0133,5.3867,5.4267,3517200.0
1999-10-12,5.3867,5.8,5.0533,5.0533,2977600.0
1999-10-13,5.72,5.72,3.22,3.68,6055000.0
1999-10-14,3.6333,4.0533,2.22,3.5133,6055600.0
1999-10-15,1.72,2.3867,0.0933,0.5533,11077000.0
1999-10-18,0.72,2.0133,0.72,1.76,6219600.0
1999-10-19,2.8867,4.5533,2.8867,3.6333,6165700.0
1999-10-20,4.8867,6.8,4.72,6.76,7087800.0
1999-10-21,6.0533,7.9667,6.0533,7.9667,6499300.0
1999-10-22,8.1333,10.4667,8.1333,9.9667,7538500.0
1999-10-25,9.3467,9.5133,7.8,8.18,5334400.0
1999-10-26,8.4267,8.8867,7.4667,8.0933,4208200.0
1999-10-27,8.26,11.3867,8.1333,11.3867,8916900.0
1999-10-28,13.22,15.5533,13.0533,15.26,16044100.0
1999-10-29,14.9667,15.72,13.76,14.3867,11075500.0
1999-11-01,13.9667,14.3,11.8,11.9267,6766300.0
1999-11-02,12.5533,13.72,11.72,12.0133,5312400.0
1999-11-03,11.9667,12.22,11.0133,11.18,3973200.0
1999-11-04,12.1333,13.5133,11.8867,12.3,5804400.0
1999-11-05,13.6333,14.4667,13.3,13.72,5149900.0
1999-11-08,13.76,13.9667,12.3,12.4667,3590400.0
1999-11-09,12.4267,12.68,10.8867,11.5933,4852900.0
1999-11-10,10.9267,11.0533,9.9267,9.9267,4770100.0
1999-11-11,10.0933,11.3,9.76,10.3,3439300.0
1999-11-12,11.26,12.8867,11.22,12.8867,5134900.0
1999-11-15,12.26,12.76,11.22,11.26,5613000.0
1999-11-16,11.8,13.8467,11.4667,13.5533,6735300.0
1999-11-17,12.9267,13.0133,10.6333,10.8,5410200.0
1999-11-18,11.1333,12.3,10.8467,11.8,4607400.0
1999-11-19,11.8867,12.4667,11.22,11.5533,2998300.0
1999-11-22,11.22,11.26,10.0133,10.8,3771400.0
1999-11-23,10.8,11.0533,9.22,9.5133,4543900.0
1999-11-24,9.3867,9.5133,8.72,9.26,3782100.0
1999-11-26,10.1333,10.1333,8.9267,8.9267,1191300.0
1999-11-29,8.76,8.76,7.0933,7.5133,5221300.0
1999-11-30,7.3,9.0533,7.26,7.72,6047200.0
1999-12-01,7.6333,8.22,7.26,7.8133,4569300.0
1999-12-02,8.22,9.0533,6.8867,8.9267,4892700.0
1999-12-03,10.18,11.8,10.0933,10.8867,5766700.0
1999-12-06,10.8867,10.8867,7.8,8.8,4982500.0
1999-12-07,8.5533,9.0133,7.8,8.6333,5553600.0
1999-12-08,8.4667,8.6333,7.4667,8.0333,4757100.0
1999-12-09,8.22,9.1333,6.9267,8.1333,4738200.0
1999-12-10,9.3,9.3,8.3,8.8467,4813600.0
1999-12-13,8.3,9.0533,8.0533,8.5733,2552800.0
1999-12-14,8.26,8.26,6.9267,7.26,3342000.0
1999-12-15,7.26,7.8,6.0533,6.5533,4586400.0
1999-12-16,7.0133,7.0133,5.4267,6.22,4055100.0
1999-12-17,5.0533,6.1333,4.26,4.72,9983500.0
1999-12-20,5.1333,5.5133,4.3867,4.3867,6205600.0
1999-12-21,4.4667,7.22,4.3,6.22,7860000.0
1999-12-22,6.22,6.6333,5.5533,6.1333,3378400.0
1999-12-23,7.0533,8.18,6.9267,7.8867,4337400.0
1999-12-27,7.8867,9.0133,7.22,7.22,3811800.0
1999-12-28,7.3467,7.8,7.0933,7.18,2253300.0
1999-12-29,7.68,8.3467,7.5133,7.9267,2300200.0
1999-12-30,7.9267,8.68,7.3867,8.26,1916100.0
1999-12-31,8.22,8.4667,8.0133,8.0133,1160400.0
2000-01-03,6.0533,6.4667,4.3,4.8,12019200.0
2000-01-04,3.3,3.68,2.3467,3.4667,11723400.0
2000-01-05,3.0533,4.5933,2.22,3.18,8714500.0
2000-01-06,2.9667,4.8467,2.72,3.8467,8369200.0
2000-01-07,4.6333,5.22,3.5533,4.72,6571900.0
2000-01-10,4.72,5.1333,3.8867,3.8867,4723500.0
2000-01-11,2.8867,3.18,1.72,2.76,8405500.0
2000-01-12,2.68,3.4667,2.5533,3.0533,7271800.0
2000-01-13,3.6333,4.5533,3.26,3.76,6918900.0
2000-01-14,5.5133,6.72,4.76,5.4667,9731800.0
2000-01-18,5.5133,5.8867,3.0533,3.5533,5296600.0
2000-01-19,4.3867,6.4667,4.3867,5.6333,15734700.0
2000-01-20,6.4667,6.8867,4.72,5.5933,7770300.0
2000-01-21,5.4667,5.5533,4.6333,4.8467,5160600.0
2000-01-24,5.8,5.9267,4.3467,4.8867,6459100.0
2000-01-25,4.8867,6.72,4.8867,5.9667,7579900.0
2000-01-26,6.4667,8.8867,6.22,8.5133,8386600.0
2000-01-27,9.18,10.5533,8.5933,10.0133,8165800.0
2000-01-28,9.26,9.26,7.3,7.3467,7500000.0
2000-01-31,7.4267,10.5533,7.4267,10.0133,7160200.0
2000-02-01,11.18,12.5533,10.4267,12.0533,9651000.0
2000-02-02,11.5533,12.3467,10.4667,11.1333,7126200.0
2000-02-03,11.8867,12.8,9.72,11.68,9200200.0
2000-02-04,11.22,11.76,10.5933,10.72,5115100.0
2000-02-07,11.0133,11.8,10.72,11.0133,4684200.0
2000-02-08,12.26,13.6333,12.22,12.9267,6318600.0
2000-02-09,12.8467,13.8,11.18,11.4667,9818500.0
2000-02-10,11.6333,12.0533,10.4667,11.6333,6880500.0
2000-02-11,11.72,12.8867,10.8867,11.3,7052500.0
2000-02-14,11.0533,11.8467,8.9267,8.9267,5904700.0
2000-02-15,9.5933,11.22,9.3,10.26,8965500.0
2000-02-16,10.22,11.0133,8.8867,9.22,4829700.0
2000-02-17,9.9667,10.5533,8.0933,8.4667,5716200.0
2000-02-18,8.26,8.5933,5.9267,6.0533,8121300.0
2000-02-22,6.8867,8.8,6.3,7.72,7068600.0
2000-02-23,7.8,9.0133,7.26,7.8,4452900.0
2000-02-24,7.72,7.9267,5.9667,6.8867,5199900.0
2000-02-25,7.3,8.72,6.1333,6.8,4644300.0
2000-02-28,7.3867,9.72,7.1333,8.18,6051000.0
2000-02-29,8.0133,10.22,8.0133,9.3,6166900.0
2000-03-01,9.4667,10.8867,8.8,10.8867,4866300.0
2000-03-02,9.8867,10.3,9.3867,9.9267,3583800.0
2000-03-03,10.8867,11.1333,9.1333,10.3,5981400.0
2000-03-06,11.5133,12.4667,11.0533,11.8467,5691400.0
2000-03-07,11.8467,12.3467,10.22,10.76,4566900.0
2000-03-08,10.0533,10.5133,8.6333,8.8867,5247700.0
2000-03-09,8.72,10.3867,8.26,10.3,3979500.0
2000-03-10,9.5533,10.5933,8.0533,8.68,5311300.0
2000-03-13,7.9667,10.3467,7.6333,9.5933,4723300.0
2000-03-14,9.8867,10.18,8.5533,8.8867,4129600.0
2000-03-15,8.1333,12.3467,7.68,11.6333,8861700.0
2000-03-16,12.8467,16.4667,12.3467,16.3,15634900.0
2000-03-17,15.72,17.72,15.22,16.8867,11889100.0
2000-03-20,16.22,16.5533,12.5533,13.9267,8076100.0
2000-03-21,13.8467,17.8867,13.22,17.5533,8345500.0
2000-03-22,16.6333,17.6333,15.3867,17.26,8604100.0
2000-03-23,16.8867,22.3467,16.8467,21.8867,10431400.0
2000-03-24,20.8867,23.3867,20.22,20.3467,9489000.0
2000-03-27,20.22,20.8,18.5933,19.3467,4828900.0
2000-03-28,18.72,20.0533,18.3,19.0533,7325700.0
2000-03-29,19.0533,19.22,15.76,16.4667,9088300.0
2000-03-30,15.8467,16.72,13.5133,14.22,8017200.0
2000-03-31,14.8867,15.1333,13.5533,14.3467,6805000.0
2000-04-03,14.8467,18.22,14.76,17.8867,8509500.0
2000-04-04,17.22,17.4667,11.5533,14.0533,12638700.0
2000-04-05,12.3867,14.18,12.3867,13.8,7310700.0
2000-04-06,14.22,15.0533,14.0933,14.5133,4853400.0
2000-04-07,15.0533,15.0533,13.5533,13.8,4914100.0
2000-04-10,13.22,15.5933,12.9667,14.9667,7864900.0
2000-04-11,14.22,14.8,12.8867,13.5533,8217100.0
2000-04-12,14.8467,16.8467,13.8867,14.0933,9133300.0
2000-04-13,13.5533,14.0533,12.3867,12.5533,6781000.0
2000-04-14,10.8867,11.1333,6.72,8.8,13084500.0
2000-04-17,7.8867,9.18,6.18,8.6333,8708700.0
2000-04-18,8.3867,10.18,8.26,9.8867,6833400.0
2000-04-19,10.0533,10.22,6.6333,8.22,9057100.0
2000-04-20,8.3,8.3467,7.0533,7.76,4540600.0
2000-04-24,6.8867,7.18,5.8467,6.0533,7792800.0
2000-04-25,6.72,8.5933,6.3867,8.26,6327100.0
2000-04-26,8.72,8.72,7.0133,7.18,5500500.0
2000-04-27,6.3,6.5533,5.0933,5.4667,9298200.0
2000-04-28,5.72,6.0133,4.0533,4.3,8603200.0
2000-05-01,4.5533,6.4667,3.9267,5.3867,8439700.0
2000-05-02,5.4267,7.5533,5.1333,6.9667,8411200.0
2000-05-03,6.3467,7.3867,5.72,5.72,9320500.0
2000-05-04,6.3,6.5133,4.8,5.0533,6172200.0
2000-05-05,4.22,4.72,3.22,4.3467,14505100.0
2000-05-08,3.9667,5.0133,3.76,4.22,5497600.0
2000-05-09,4.3867,4.68,3.4667,3.4667,6378000.0
2000-05-10,3.3467,3.3467,2.0533,2.0533,6616000.0
2000-05-11,2.9267,3.3467,1.8867,2.8867,7853100.0
2000-05-12,2.3,4.8,1.6333,3.9667,12221800.0
2000-05-15,4.72,6.3467,4.26,5.9667,6703200.0
2000-05-16,7.3,7.3467,5.3467,5.72,7925100.0
2000-05-17,5.0533,6.18,4.9267,5.5533,4350600.0
2000-05-18,5.3867,7.1333,5.3867,6.3,5156200.0
2000-05-19,5.9667,6.18,4.3867,4.5533,5114500.0
2000-05-22,5.0533,5.0533,3.22,4.3467,4164600.0
2000-05-23,4.18,5.9267,4.18,4.9667,5208700.0
2000-05-24,4.5533,5.18,3.22,3.9667,8573100.0
2000-05-25,4.22,5.3867,2.72,3.0533,7721400.0
2000-05-26,3.1333,3.72,2.4667,3.22,6163900.0
2000-05-30,3.9667,5.22,3.6333,5.22,4197700.0
2000-05-31,4.8867,6.4667,4.8867,6.0133,4983100.0
2000-06-01,6.8,8.3867,6.5133,7.6333,8779600.0
2000-06-02,11.1333,11.1333,9.5533,10.0133,8867400.0
2000-06-05,9.8867,10.3,9.0533,9.1333,4890400.0
2000-06-06,9.1333,9.1333,7.22,7.5533,5546800.0
2000-06-07,7.8467,8.5133,7.3,7.4667,5901100.0
2000-06-08,8.0133,8.0133,6.4667,7.22,3975100.0
2000-06-09,7.5533,8.6333,3.8,5.0933,10294900.0
2000-06-12,5.6,5.97,4.41,4.81,5142600.0
2000-06-13,4.6,4.72,3.85,4.41,5649900.0
2000-06-14,5.1,6.6,4.47,6.28,5920600.0
2000-06-15,6.03,6.1,2.85,5.03,9911800.0
2000-06-16,2.97,3.16,0.35,1.66,16619900.0
2000-06-19,1.6,3.6,1.35,3.1,7731000.0
2000-06-20,4.22,4.78,3.72,4.16,5643600.0
2000-06-21,3.91,4.16,2.6,3.22,4059300.0
2000-06-22,3.47,3.53,2.22,2.6,3268600.0
2000-06-23,2.85,4.28,2.66,3.1,3662500.0
2000-06-26,2.78,4.66,2.78,3.78,3195000.0
2000-06-27,4.6,4.97,4.03,4.16,5146100.0
2000-06-28,4.35,5.16,2.91,3.27,4898400.0
2000-06-29,3.66,5.1,2.85,3.85,4679500.0
2000-06-30,3.91,4.47,1.85,2.28,6995300.0
2000-07-03,2.1,4.22,2.1,3.78,2746100.0
2000-07-05,4.66,5.91,3.6,3.97,5083900.0
2000-07-06,4.03,4.41,2.85,4.22,3497600.0
2000-07-07,4.47,6.91,4.47,6.28,6245000.0
2000-07-10,6.41,7.22,5.91,5.97,3393600.0
2000-07-11,6.6,8.16,6.03,6.91,4641900.0
2000-07-12,7.91,8.41,6.72,6.78,4531400.0
2000-07-13,7.6,8.03,6.85,6.97,4588500.0
2000-07-14,7.66,8.97,7.22,8.72,4532300.0
2000-07-17,9.97,9.97,8.03,8.25,5069900.0
2000-07-18,7.47,7.72,6.35,7.16,3273200.0
2000-07-19,7.22,7.72,6.35,6.91,4287100.0
2000-07-20,6.97,9.47,6.72,7.53,6117400.0
2000-07-21,9.22,9.97,7.85,8.95,5470100.0
2000-07-24,8.66,8.85,6.97,7.78,3232600.0
2000-07-25,7.85,7.97,7.1,7.47,2697100.0
2000-07-26,7.22,7.22,4.85,5.6,4654000.0
2000-07-27,5.6,6.6,4.6,6.1,3556100.0
2000-07-28,6.28,6.35,4.28,4.6,2880800.0
2000-07-31,5.22,6.03,4.47,6.03,3650700.0
2000-08-01,6.1,9.6,5.85,7.85,10556800.0
2000-08-02,8.16,8.6,6.91,7.66,6692900.0
2000-08-03,7.22,8.16,6.22,6.47,5914200.0
2000-08-04,8.1,8.97,6.85,8.66,8546500.0
2000-08-07,9.28,10.35,8.78,9.78,6924000.0
2000-08-08,10.03,10.1,8.85,9.72,3458500.0
2000-08-09,9.66,9.85,8.35,8.53,6305600.0
2000-08-10,8.53,9.41,7.97,8.1,4979200.0
2000-08-11,7.78,8.66,7.53,8.22,4492200.0
2000-08-14,8.97,9.22,7.78,8.97,4970100.0
2000-08-15,9.22,9.6,7.85,8.03,7236200.0
2000-08-16,7.47,8.03,6.28,6.6,5305600.0
2000-08-17,6.28,7.35,6.28,6.91,4514400.0
2000-08-18,7.03,7.47,6.47,6.97,3694100.0
2000-08-21,7.22,7.85,6.85,7.16,3502300.0
2000-08-22,7.66,9.72,7.22,8.97,7456800.0
2000-08-23,9.16,10.6,8.97,10.53,6868200.0
2000-08-24,9.6,11.1,9.22,9.47,4508200.0
2000-08-25,9.35,9.91,8.1,8.28,4746600.0
2000-08-28,8.22,9.53,8.22,8.91,5261600.0
2000-08-29,9.28,9.41,7.85,8.1,7020300.0
2000-08-30,8.72,10.1,8.53,9.47,8367100.0
2000-08-31,9.91,12.78,9.72,12.1,8450600.0
2000-09-01,12.91,13.03,11.35,12.53,5478500.0
2000-09-05,12.66,13.78,12.41,13.35,4851200.0
2000-09-06,13.47,14.47,11.97,12.22,6821900.0
2000-09-07,12.78,13.53,12.16,13.47,3495800.0
2000-09-08,13.1,14.53,12.97,14.03,4496500.0
2000-09-11,13.72,14.6,12.72,13.72,5219500.0
2000-09-12,13.97,14.16,8.22,9.03,7314600.0
2000-09-13,6.6,7.41,5.85,6.91,42585300.0
2000-09-14,8.22,8.22,6.16,6.22,20361300.0
2000-09-15,6.53,6.53,4.66,5.35,14822300.0
2000-09-18,5.35,5.35,2.78,2.78,15120400.0
2000-09-19,2.91,3.97,2.66,3.1,15642000.0
2000-09-20,3.03,3.28,1.85,2.72,12493000.0
2000-09-21,2.72,2.78,0.85,0.85,12166800.0
2000-09-22,0.97,3.78,0.78,3.47,17425600.0
2000-09-25,3.72,4.91,3.22,3.22,11709900.0
2000-09-26,3.6,4.16,1.97,2.28,8176500.0
2000-09-27,2.66,3.16,1.47,1.72,7879200.0
2000-09-28,1.53,3.28,1.35,3.1,9307900.0
2000-09-29,2.6,3.85,2.41,2.41,8576500.0
2000-10-02,2.85,3.72,2.53,3.72,7138200.0
2000-10-03,3.85,4.35,2.78,2.97,9742300.0
2000-10-04,2.6,2.91,1.66,1.78,6363900.0
2000-10-05,1.85,2.66,0.47,0.66,9189200.0
2000-10-06,0.72,1.22,-2.03,-0.9,13400700.0
2000-10-09,-0.65,-0.53,-1.84,-1.72,6499500.0
2000-10-10,-1.72,-1.28,-3.53,-2.97,11926200.0
2000-10-11,-3.65,-2.84,-4.9,-3.09,16885900.0
2000-10-12,-3.65,-3.53,-6.34,-5.97,14847200.0
2000-10-13,-5.9,-3.65,-6.03,-4.09,14143700.0
2000-10-16,-3.59,-3.09,-5.03,-4.22,8405600.0
2000-10-17,-3.78,-3.28,-6.03,-5.84,8318700.0
2000-10-18,-10.28,-5.65,-11.4,-6.9,29641500.0
2000-10-19,-5.65,-3.65,-5.65,-4.84,14981100.0
2000-10-20,-5.09,-4.4,-5.65,-5.4,7559300.0
2000-10-23,-5.59,-5.03,-5.84,-5.4,5240100.0
2000-10-24,-5.59,-3.47,-5.65,-3.72,10595900.0
2000-10-25,-3.72,-2.34,-4.03,-3.78,9256100.0
2000-10-26,-3.09,-2.84,-4.9,-3.78,10398700.0
2000-10-27,-3.28,-0.84,-3.47,-1.09,9867500.0
2000-10-30,-0.97,0.16,-0.97,-0.03,7884900.0
2000-10-31,1.03,2.16,0.35,1.72,13186900.0
2000-11-01,1.72,2.03,0.72,1.91,8789400.0
2000-11-02,1.91,2.72,1.6,1.72,6435700.0
2000-11-03,1.78,1.78,0.35,0.66,5879800.0
2000-11-06,1.1,1.91,0.78,1.72,4568100.0
2000-11-07,1.35,1.6,0.85,1.16,4101800.0
2000-11-08,1.16,1.16,-0.53,-0.22,5754400.0
2000-11-09,-0.72,0.53,-1.22,0.35,6306500.0
2000-11-10,-0.15,0.78,-0.97,-0.97,4465600.0
2000-11-13,-1.9,-1.15,-3.03,-1.65,6041800.0
2000-11-14,-0.97,-0.59,-2.03,-1.22,6506300.0
2000-11-15,-1.72,-0.97,-3.15,-3.03,8300500.0
2000-11-16,-2.9,-2.03,-3.22,-2.9,6940400.0
2000-11-17,-2.84,-2.78,-4.65,-4.15,8358900.0
2000-11-20,-4.03,-3.84,-5.65,-5.22,7421300.0
2000-11-21,-5.22,-4.47,-6.03,-5.09,6202100.0
2000-11-22,-5.47,-5.4,-6.78,-6.34,6600100.0
2000-11-24,-5.84,-4.59,-5.97,-4.65,3835500.0
2000-11-27,-4.34,-3.59,-4.59,-4.4,10451600.0
2000-11-28,-4.34,-3.65,-6.34,-5.78,13168300.0
2000-11-29,-6.4,-5.22,-6.59,-5.84,9867200.0
2000-11-30,-6.59,-5.53,-8.34,-6.9,15472400.0
2000-12-01,-6.65,-5.09,-6.72,-6.47,9448300.0
2000-12-04,-6.4,-5.4,-6.9,-5.84,6819200.0
2000-12-05,-5.15,-2.34,-5.72,-2.47,13818600.0
2000-12-06,-2.53,-0.53,-4.72,-3.72,19776900.0
2000-12-07,-4.34,-3.34,-5.47,-4.59,9650300.0
2000-12-08,-3.47,-2.9,-4.15,-3.78,8411700.0
2000-12-11,-3.53,-1.15,-3.72,-1.28,9131000.0
2000-12-12,-1.28,-0.09,-1.84,-0.78,7843400.0
2000-12-13,0.16,0.91,-0.15,0.72,10288900.0
2000-12-14,-1.47,0.16,-2.4,-0.9,16122600.0
2000-12-15,-1.78,0.16,-1.9,0.16,11412000.0
2000-12-18,0.22,1.6,0.03,1.6,13271000.0
2000-12-19,0.97,2.16,0.16,1.03,13078000.0
2000-12-20,1.03,1.03,-0.53,-0.28,6853300.0
2000-12-21,-0.34,1.97,-0.34,1.41,8796400.0
2000-12-22,1.66,2.6,1.22,1.85,7098600.0
2000-12-26,1.85,2.47,1.41,1.97,4832200.0
2000-12-27,1.28,2.72,1.03,2.6,7452200.0
2000-12-28,2.41,3.66,2.16,3.16,6397400.0
2000-12-29,3.16,3.78,0.53,1.66,9657000.0
2001-01-02,0.84,1.03,-0.47,0.22,7803200.0
2001-01-03,-0.34,7.1,-0.59,6.84,21303200.0
2001-01-04,7.72,10.22,6.72,8.22,26409800.0
2001-01-05,6.97,7.72,4.53,5.16,16215700.0
2001-01-08,5.22,6.34,4.53,5.47,9938300.0
2001-01-09,6.1,6.22,4.1,4.91,7285100.0
2001-01-10,5.72,7.91,5.16,7.16,10857000.0
2001-01-11,7.34,10.72,7.34,10.34,16077700.0
2001-01-12,10.22,10.28,8.6,9.53,8946800.0
2001-01-16,9.72,10.91,8.72,9.41,10508500.0
2001-01-17,9.16,10.28,8.34,9.22,10317300.0
2001-01-18,7.72,8.1,6.78,7.66,13565600.0
2001-01-19,6.97,7.91,6.03,6.78,10789100.0
2001-01-22,6.78,8.41,6.28,7.1,10581500.0
2001-01-23,6.34,8.28,6.34,7.91,8794600.0
2001-01-24,8.91,9.72,8.47,9.47,9316500.0
2001-01-25,9.22,10.1,7.97,9.28,8347100.0
2001-01-26,9.66,10.72,8.97,10.41,7967800.0
2001-01-29,10.41,12.12,10.4,11.34,9494400.0
2001-01-30,11.32,12.4,10.85,12.2,9452800.0
2001-01-31,12.71,13.55,10.72,11.21,13130800.0
2001-02-01,11.21,12.07,9.73,12.07,9174100.0
2001-02-02,11.22,11.55,10.52,10.86,7075200.0
2001-02-05,10.73,11.17,9.92,10.82,5273700.0
2001-02-06,10.23,10.68,8.22,8.5,7560200.0
2001-02-07,8.57,9.72,8.1,8.55,7988800.0
2001-02-08,8.55,9.27,7.75,7.9,5730800.0
2001-02-09,7.91,8.82,7.27,8.17,5490500.0
2001-02-12,8.69,9.32,8.63,8.77,5246300.0
2001-02-13,8.76,9.92,7.32,7.36,7334700.0
2001-02-14,7.97,8.1,7.12,7.41,6835100.0
2001-02-15,7.6,8.97,7.12,7.33,7408400.0
2001-02-16,6.62,8.22,6.47,8.21,7364800.0
2001-02-20,8.21,8.82,5.85,6.17,9073500.0
2001-02-21,5.17,6.32,3.23,3.57,9835100.0
2001-02-22,3.97,4.52,1.61,4.52,12409800.0
2001-02-23,3.27,4.47,2.42,3.27,9708100.0
2001-02-26,4.22,5.52,3.03,4.77,8783500.0
2001-02-27,5.17,6.0,3.07,3.82,11744300.0
2001-02-28,4.11,4.22,1.52,2.88,10510600.0
2001-03-01,1.82,2.47,1.0,2.33,10551800.0
2001-03-02,1.82,3.82,1.41,2.02,7559700.0
2001-03-05,2.12,3.17,1.52,2.98,5988200.0
2001-03-06,4.47,5.17,3.72,4.18,6844500.0
2001-03-07,4.62,6.67,4.24,6.47,7296600.0
2001-03-08,6.47,7.41,6.02,6.46,7064400.0
2001-03-09,5.82,6.02,4.02,5.17,6377600.0
2001-03-12,3.72,4.07,1.71,1.71,8549500.0
2001-03-13,2.97,4.02,1.82,3.62,7065900.0
2001-03-14,1.22,2.19,-0.39,-0.03,16205000.0
2001-03-15,1.12,2.17,0.97,1.48,8561300.0
2001-03-16,1.48,2.12,0.34,0.8,10739300.0
2001-03-19,0.62,1.62,-1.13,1.37,9742500.0
2001-03-20,1.68,1.68,-1.34,-1.19,10213200.0
2001-03-21,-0.99,-0.65,-3.73,-3.58,12026300.0
2001-03-22,-3.73,-3.28,-6.2,-4.87,15668200.0
2001-03-23,-3.48,-1.88,-3.97,-2.07,10763200.0
2001-03-26,-1.63,-0.79,-2.13,-1.67,8319900.0
2001-03-27,-1.67,0.22,-2.68,-0.42,12254000.0
2001-03-28,-1.08,-0.43,-1.83,-1.23,7315300.0
2001-03-29,-0.98,-0.53,-1.76,-0.78,6688200.0
2001-03-30,-0.63,1.22,-0.88,1.12,8463000.0
2001-04-02,0.72,1.62,-0.13,0.82,8743100.0
2001-04-03,0.34,0.42,-2.28,-2.18,9050300.0
2001-04-04,-2.38,-2.03,-4.57,-3.29,11634000.0
2001-04-05,-2.48,-0.81,-2.52,-1.28,8644900.0
2001-04-06,-2.18,-1.93,-4.18,-3.39,9789600.0
2001-04-09,-3.88,-2.2,-3.88,-3.36,7386400.0
2001-04-10,-2.38,-0.47,-2.55,-0.48,7962300.0
2001-04-11,0.47,2.02,0.27,0.96,9898000.0
2001-04-12,0.47,1.97,0.22,1.59,6740700.0
2001-04-16,1.59,2.6,1.24,1.72,6377000.0
2001-04-17,1.27,2.2,0.99,1.59,5115500.0
2001-04-18,3.17,6.34,2.85,5.32,15206700.0
2001-04-19,5.22,5.71,4.47,5.02,11593500.0
2001-04-20,5.01,5.01,3.52,4.02,8496300.0
2001-04-23,4.17,4.42,2.96,3.52,5135800.0
2001-04-24,4.02,4.62,3.57,3.62,6179000.0
2001-04-25,3.73,3.82,2.24,3.7,8079600.0
2001-04-26,3.97,5.12,3.47,4.72,7012500.0
2001-04-27,5.69,6.29,5.27,6.07,6371800.0
2001-04-30,6.26,6.62,3.97,4.2,7737700.0
2001-05-01,4.71,4.95,3.77,4.95,8051200.0
2001-05-02,5.47,6.09,4.52,5.79,6753000.0
2001-05-03,4.82,5.36,4.53,5.22,7494000.0
2001-05-04,4.47,6.82,4.41,6.82,8223200.0
2001-05-07,5.27,6.16,4.83,5.42,10128700.0
2001-05-08,4.97,5.2,3.72,3.97,8695500.0
2001-05-09,3.47,3.83,3.22,3.47,6490800.0
2001-05-10,4.22,5.14,3.48,3.73,5905800.0
2001-05-11,3.74,4.02,2.57,2.66,5675600.0
2001-05-14,2.62,4.0,2.57,3.86,5469800.0
2001-05-15,3.62,4.15,3.24,3.5,5821200.0
2001-05-16,3.61,4.87,2.82,4.53,9348000.0
2001-05-17,4.28,4.97,4.08,4.41,7818200.0
2001-05-18,5.02,5.02,4.11,4.38,5556700.0
2001-05-21,4.7,5.72,3.92,5.65,6909900.0
2001-05-22,6.07,6.82,5.93,6.24,8750800.0
2001-05-23,6.02,6.03,4.61,5.14,6283400.0
2001-05-24,5.17,6.12,5.17,5.56,5418700.0
2001-05-25,5.47,5.9,4.82,4.92,3857900.0
2001-05-29,5.22,5.67,4.32,5.55,5391800.0
2001-05-30,5.55,6.12,4.61,4.84,5402700.0
2001-05-31,4.77,5.4,4.07,5.37,5875300.0
2001-06-01,5.47,5.47,4.62,5.11,6006400.0
2001-06-04,4.97,5.72,4.61,5.72,4271200.0
2001-06-05,5.72,6.13,4.72,4.72,6758900.0
2001-06-06,3.77,3.82,1.64,3.06,12689200.0
2001-06-07,2.22,2.31,0.73,1.85,11970800.0
2001-06-08,1.37,1.37,0.02,0.42,7355600.0
2001-06-11,0.47,0.98,0.23,0.4,6247800.0
2001-06-12,-0.18,-0.13,-1.28,-0.29,8116400.0
2001-06-13,0.07,0.84,-0.53,0.12,7347500.0
2001-06-14,-0.13,0.56,-0.47,-0.19,6765500.0
2001-06-15,0.12,1.27,-0.43,1.12,16099300.0
2001-06-18,0.72,1.12,0.07,0.53,7108600.0
2001-06-19,1.12,1.62,0.37,0.74,5717600.0
2001-06-20,0.77,2.22,0.72,1.82,7645800.0
2001-06-21,1.92,3.45,1.44,3.34,7181900.0
2001-06-22,2.82,2.83,1.97,2.12,7293900.0
2001-06-25,2.22,2.57,1.27,2.04,4647300.0
2001-06-26,0.27,1.29,0.22,0.9,6830700.0
2001-06-27,0.42,1.07,0.22,0.24,6571400.0
2001-06-28,0.62,1.55,0.53,1.22,4913000.0
2001-06-29,0.97,1.21,0.22,0.69,6180700.0
2001-07-02,1.02,2.12,0.37,2.02,5128300.0
2001-07-03,1.97,2.23,1.56,1.87,3057900.0
2001-07-05,2.02,2.22,1.17,1.75,4379000.0
2001-07-06,1.5,1.5,0.12,0.73,5037300.0
2001-07-09,0.62,0.62,-0.42,0.21,4892200.0
2001-07-10,-0.28,-0.23,-1.83,-1.77,8433400.0
2001-07-11,-1.82,-1.59,-3.07,-1.73,8240300.0
2001-07-12,-1.33,-0.46,-1.62,-1.24,7200400.0
2001-07-13,-1.49,-0.88,-1.57,-1.23,5728800.0
2001-07-16,-0.88,-0.79,-2.88,-2.58,7292100.0
2001-07-17,-2.39,-1.06,-3.18,-1.48,6459800.0
2001-07-18,-2.78,-0.2,-3.03,-0.2,10179800.0
2001-07-19,0.05,0.47,-0.83,-0.08,8137100.0
2001-07-20,-0.33,0.07,-0.83,-0.38,4094700.0
2001-07-23,-0.38,-0.08,-0.78,-0.77,4128000.0
2001-07-24,-1.02,-0.44,-1.23,-1.1,5781100.0
2001-07-25,-0.63,-0.63,-2.08,-0.88,7438000.0
2001-07-26,-1.08,-0.29,-1.53,-0.54,5522800.0
2001-07-27,-0.98,0.45,-1.0,0.43,6060000.0
2001-07-30,-0.18,0.33,-0.23,0.03,6203600.0
2001-07-31,-0.28,0.32,-0.73,-0.48,8469900.0
2001-08-01,-0.58,0.07,-0.78,-0.28,8843900.0
2001-08-02,-0.23,0.47,-0.28,-0.28,4944500.0
2001-08-03,-0.27,-0.03,-0.74,-0.46,5896700.0
2001-08-06,-0.46,-0.21,-1.21,-1.02,5036000.0
2001-08-07,-1.16,-0.75,-1.47,-1.01,4686600.0
2001-08-08,-1.43,-1.04,-1.96,-1.7,5489800.0
2001-08-09,-1.73,-1.64,-2.57,-1.88,5501900.0
2001-08-10,-1.88,-1.4,-2.65,-1.53,4708300.0
2001-08-13,-1.97,-1.4,-2.23,-1.66,4209300.0
2001-08-14,-1.66,-1.2,-1.78,-1.53,4620700.0
2001-08-15,-1.71,-1.43,-1.77,-1.63,4808900.0
2001-08-16,-1.58,-1.53,-2.5,-1.6,6343100.0
2001-08-17,-1.93,-1.84,-2.76,-2.3,4967800.0
2001-08-20,-2.48,-2.12,-2.96,-2.69,5850000.0
2001-08-21,-2.88,-2.33,-3.38,-3.37,7114200.0
2001-08-22,-3.08,-2.48,-3.18,-2.58,5342100.0
2001-08-23,-2.87,-2.58,-3.18,-3.06,4557900.0
2001-08-24,-3.48,-2.63,-3.93,-2.85,11913100.0
2001-08-27,-3.0,-2.28,-3.24,-2.68,5481500.0
2001-08-28,-2.88,-2.58,-3.63,-3.29,6436800.0
2001-08-29,-3.5,-3.31,-4.36,-4.21,6178300.0
2001-08-30,-4.53,-4.28,-4.66,-4.54,7395300.0
2001-08-31,-4.67,-3.78,-4.67,-4.38,4918600.0
2001-09-04,-4.28,-3.1,-4.72,-3.95,6377800.0
2001-09-05,-3.78,-3.78,-5.69,-5.43,10440300.0
2001-09-06,-5.78,-5.78,-7.28,-6.84,11279200.0
2001-09-07,-7.78,-6.58,-7.82,-6.78,8777400.0
2001-09-10,-7.48,-6.42,-7.89,-6.52,9263700.0
2001-09-17,-8.78,-7.98,-9.78,-8.53,20453200.0
2001-09-18,-8.68,-7.88,-9.38,-8.94,13190400.0
2001-09-19,-8.78,-8.28,-10.77,-9.67,13595900.0
2001-09-20,-10.63,-10.04,-12.48,-12.22,12567200.0
2001-09-21,-14.53,-11.93,-14.73,-12.96,19319400.0
2001-09-24,-12.13,-11.08,-12.18,-11.2,13583500.0
2001-09-25,-11.23,-10.15,-11.65,-10.53,11045500.0
2001-09-26,-10.05,-10.03,-11.73,-11.19,8319900.0
2001-09-27,-11.28,-10.38,-12.08,-10.66,6552000.0
2001-09-28,-10.18,-8.77,-10.49,-9.63,10302300.0
2001-10-01,-9.48,-8.55,-10.18,-9.78,8583800.0
2001-10-02,-9.38,-8.53,-9.96,-8.79,10114000.0
2001-10-03,-9.26,-8.5,-9.48,-9.11,15753100.0
2001-10-04,-8.63,-8.58,-9.73,-9.62,11926300.0
2001-10-05,-9.28,-9.24,-10.72,-10.37,9235900.0
2001-10-08,-11.28,-10.68,-11.73,-11.34,7810600.0
2001-10-09,-11.58,-10.58,-11.71,-10.83,7750700.0
2001-10-10,-11.08,-9.91,-11.23,-10.39,8522700.0
2001-10-11,-10.23,-9.33,-10.84,-10.36,10665500.0
2001-10-12,-10.79,-10.69,-11.77,-10.89,8231000.0
2001-10-15,-11.68,-9.93,-11.93,-10.23,8377100.0
2001-10-16,-9.78,-9.28,-10.33,-9.84,8870300.0
2001-10-17,-8.28,-7.53,-9.21,-9.18,14314100.0
2001-10-18,-9.13,-8.78,-9.78,-9.64,6970300.0
2001-10-19,-9.63,-9.61,-10.78,-9.91,7393000.0
2001-10-22,-9.9,-8.13,-9.9,-8.47,7499100.0
2001-10-23,-7.88,-7.38,-8.26,-8.02,8313200.0
2001-10-24,-7.83,-7.38,-8.05,-7.56,7721100.0
2001-10-25,-7.63,-6.27,-8.18,-6.3,7579000.0
2001-10-26,-6.3,-5.7,-6.78,-6.23,6616600.0
2001-10-29,-6.68,-6.4,-8.13,-8.07,7740200.0
2001-10-30,-8.48,-7.71,-9.23,-8.27,9263400.0
2001-10-31,-7.77,-7.42,-8.53,-8.42,6379000.0
2001-11-01,-7.69,-7.19,-8.62,-7.44,8193300.0
2001-11-02,-7.69,-7.3,-7.98,-7.74,6018900.0
2001-11-05,-7.28,-6.7,-7.51,-7.42,6622200.0
2001-11-06,-7.17,-5.88,-7.35,-6.24,9947800.0
2001-11-07,-6.06,-4.83,-6.24,-5.19,8817300.0
2001-11-08,-5.13,-4.14,-5.18,-4.98,6771400.0
2001-11-09,-4.98,-4.48,-5.76,-4.73,4529500.0
2001-11-12,-5.02,-4.78,-6.53,-4.98,5311200.0
2001-11-13,-3.93,-3.79,-4.81,-4.43,7900400.0
2001-11-14,-3.88,-3.78,-5.03,-4.13,5773200.0
2001-11-15,-4.17,-3.99,-4.63,-4.23,5273100.0
2001-11-16,-4.23,-4.23,-4.97,-4.37,5616600.0
2001-11-19,-4.18,-3.54,-4.21,-3.68,4777500.0
2001-11-20,-3.93,-3.8,-4.69,-4.38,5442300.0
2001-11-21,-4.38,-4.19,-5.33,-4.94,4915600.0
2001-11-23,-5.18,-4.39,-5.18,-4.39,3129700.0
2001-11-26,-4.39,-4.26,-4.82,-4.29,6817800.0
2001-11-27,-4.13,-3.48,-4.89,-3.98,7612900.0
2001-11-28,-4.29,-4.14,-6.58,-6.28,18051800.0
2001-11-29,-6.38,-5.68,-7.28,-5.72,11981900.0
2001-11-30,-5.47,-5.43,-6.17,-6.06,7271300.0
2001-12-03,-6.88,-6.7,-7.65,-7.23,11064300.0
2001-12-04,-6.78,-6.32,-7.52,-6.56,8180500.0
2001-12-05,-6.08,-4.27,-6.15,-4.76,9551300.0
2001-12-06,-4.53,-2.83,-4.63,-3.4,10875900.0
2001-12-07,-3.53,-3.53,-4.08,-4.01,5674700.0
2001-12-10,-4.01,-4.01,-5.37,-5.1,6631800.0
2001-12-11,-5.02,-4.33,-5.52,-5.28,6604900.0
2001-12-12,-5.03,-5.03,-6.11,-5.41,6770500.0
2001-12-13,-6.38,-5.88,-6.98,-6.69,8901400.0
2001-12-14,-7.18,-6.79,-8.38,-7.74,14055500.0
2001-12-17,-7.68,-6.68,-7.97,-7.08,8043900.0
2001-12-18,-6.83,-6.43,-7.06,-6.59,8069500.0
2001-12-19,-6.58,-4.83,-6.93,-5.78,10382500.0
2001-12-20,-6.93,-6.32,-7.63,-7.26,19306500.0
2001-12-21,-7.26,-7.2,-8.76,-8.03,18511200.0
2001-12-24,-8.02,-7.73,-8.18,-7.74,3508600.0
2001-12-26,-7.74,-7.03,-7.78,-7.47,5315500.0
2001-12-27,-7.53,-6.94,-7.79,-7.46,6687800.0
2001-12-28,-7.23,-6.95,-7.43,-7.23,5924400.0
2001-12-31,-7.33,-7.25,-7.62,-7.43,6298000.0
2002-01-02,-7.29,-7.29,-8.1,-7.43,7929300.0
2002-01-03,-7.28,-6.28,-7.44,-6.46,10348200.0
2002-01-04,-5.76,-4.68,-5.76,-4.78,10432900.0
2002-01-07,-4.68,-4.1,-4.88,-4.88,9453000.0
2002-01-08,-4.78,-4.73,-5.5,-5.18,7604000.0
2002-01-09,-4.93,-4.18,-5.39,-5.07,6189600.0
2002-01-10,-5.38,-4.59,-5.42,-4.64,6870400.0
2002-01-11,-4.53,-4.49,-6.06,-5.44,7788900.0
2002-01-14,-6.13,-5.98,-6.73,-6.47,7333000.0
2002-01-15,-6.47,-5.49,-6.47,-5.91,8475900.0
2002-01-16,-6.28,-6.27,-7.68,-7.27,15076200.0
2002-01-17,-6.78,-6.58,-7.28,-6.93,11503100.0
2002-01-18,-7.63,-7.28,-8.28,-7.87,11283800.0
2002-01-22,-7.78,-7.6,-8.16,-8.02,7824300.0
2002-01-23,-8.43,-7.43,-8.79,-8.03,8666100.0
2002-01-24,-7.53,-7.29,-7.88,-7.88,7715600.0
2002-01-25,-8.33,-7.76,-9.03,-8.79,13942200.0
2002-01-28,-8.63,-8.55,-10.33,-9.47,13716200.0
2002-01-29,-9.72,-9.13,-12.08,-11.73,17854300.0
2002-01-30,-12.26,-10.28,-13.38,-10.72,22844200.0
2002-01-31,-10.67,-9.68,-10.76,-9.73,12247600.0
2002-02-01,-9.73,-9.73,-11.73,-11.62,13705300.0
2002-02-04,-11.61,-11.43,-13.23,-13.22,12660000.0
2002-02-05,-13.21,-13.21,-15.48,-14.76,28714800.0
2002-02-06,-14.51,-13.73,-14.88,-14.34,19514500.0
2002-02-07,-13.78,-12.91,-14.23,-13.71,17090600.0
2002-02-08,-13.54,-12.38,-13.54,-12.66,15573300.0
2002-02-11,-12.56,-11.83,-13.04,-11.94,12952700.0
2002-02-12,-12.18,-12.09,-12.73,-12.29,7807600.0
2002-02-13,-12.28,-11.59,-13.78,-13.53,20457300.0
2002-02-14,-13.78,-12.99,-14.38,-13.57,17197200.0
2002-02-15,-13.57,-13.38,-14.48,-13.73,16647400.0
2002-02-19,-14.48,-14.03,-14.83,-14.75,13378500.0
2002-02-20,-13.98,-13.88,-15.39,-14.37,14369600.0
2002-02-21,-14.5,-13.63,-14.88,-14.64,9669400.0
2002-02-22,-15.33,-15.33,-17.08,-15.59,25756700.0
2002-02-25,-15.98,-14.73,-16.03,-14.78,11513000.0
2002-02-26,-14.78,-14.55,-15.27,-14.82,10028100.0
2002-02-27,-14.59,-14.23,-15.28,-14.82,10123500.0
2002-02-28,-14.77,-14.28,-14.91,-14.53,8056800.0
2002-03-01,-14.18,-14.03,-14.73,-14.12,9530300.0
2002-03-04,-13.53,-11.13,-13.78,-11.28,16655600.0
2002-03-05,-11.26,-9.9,-11.47,-11.27,16766900.0
2002-03-06,-10.28,-9.36,-10.61,-9.73,15044900.0
2002-03-07,-9.33,-8.93,-10.08,-9.73,12092200.0
2002-03-08,-9.03,-8.8,-9.61,-9.04,11721000.0
2002-03-11,-8.28,-7.29,-8.75,-7.48,16507800.0
2002-03-12,-7.78,-7.33,-8.42,-7.53,13336300.0
2002-03-13,-7.78,-7.43,-8.84,-8.41,10128600.0
2002-03-14,-8.77,-8.34,-9.08,-8.67,8074400.0
2002-03-15,-8.66,-7.71,-8.93,-7.77,11626800.0
2002-03-18,-7.77,-7.38,-8.71,-8.44,8641100.0
2002-03-19,-8.03,-7.69,-8.22,-7.69,7615100.0
2002-03-20,-8.08,-8.08,-8.63,-8.59,8460200.0
2002-03-21,-8.59,-8.52,-9.58,-8.99,6479800.0
2002-03-22,-8.98,-8.24,-9.28,-8.58,7176700.0
2002-03-25,-8.58,-7.66,-8.83,-8.83,8444900.0
2002-03-26,-8.58,-7.7,-8.68,-8.63,9780000.0
2002-03-27,-8.58,-7.79,-8.63,-8.28,6541200.0
2002-03-28,-7.93,-7.56,-8.52,-8.13,6425000.0
2002-04-01,-8.13,-7.83,-8.78,-8.17,4588500.0
2002-04-02,-8.4,-8.08,-8.58,-8.47,5126800.0
2002-04-03,-8.59,-8.42,-9.2,-8.77,5978700.0
2002-04-04,-8.93,-8.58,-9.66,-9.34,6825900.0
2002-04-05,-9.16,-8.51,-9.16,-8.92,5999500.0
2002-04-08,-9.24,-8.59,-9.53,-8.8,5735300.0
2002-04-09,-8.78,-8.33,-8.93,-8.59,5537600.0
2002-04-10,-8.59,-8.39,-9.28,-8.74,9663300.0
2002-04-11,-8.98,-8.8,-10.68,-10.32,12118300.0
2002-04-12,-10.08,-9.42,-10.18,-9.5,6738500.0
2002-04-15,-8.28,-8.18,-9.53,-9.38,11163000.0
2002-04-16,-8.83,-8.28,-9.45,-8.4,14282300.0
2002-04-17,-7.83,-6.2,-8.02,-6.51,19356200.0
2002-04-18,-6.77,-6.11,-7.41,-6.52,10163900.0
2002-04-19,-6.28,-5.83,-6.48,-6.02,6647600.0
2002-04-22,-6.51,-6.39,-7.36,-7.18,8053500.0
2002-04-23,-7.1,-6.93,-7.58,-7.18,7383300.0
2002-04-24,-7.08,-7.08,-7.91,-7.89,7354700.0
2002-04-25,-8.38,-8.23,-9.39,-8.75,10939400.0
2002-04-26,-8.03,-7.93,-9.01,-8.79,7525800.0
2002-04-29,-8.38,-8.33,-9.78,-9.44,8569000.0
2002-04-30,-9.08,-7.83,-9.43,-8.68,9882800.0
2002-05-01,-8.34,-7.93,-9.38,-8.28,6543700.0
2002-05-02,-8.28,-7.5,-8.29,-7.53,7680200.0
2002-05-03,-7.48,-7.37,-8.76,-8.1,7122800.0
2002-05-06,-7.83,-7.83,-9.54,-9.38,6321700.0
2002-05-07,-8.84,-8.24,-9.15,-9.15,8673800.0
2002-05-08,-7.28,-6.63,-7.78,-6.87,10199300.0
2002-05-09,-7.53,-7.2,-8.28,-8.01,8214200.0
2002-05-10,-7.84,-7.78,-8.78,-8.7,5472400.0
2002-05-13,-8.43,-7.34,-8.68,-7.44,5811000.0
2002-05-14,-6.88,-6.05,-7.05,-6.19,8431300.0
2002-05-15,-6.54,-5.84,-6.88,-6.82,8716400.0
2002-05-16,-6.73,-5.78,-6.95,-5.95,5798700.0
2002-05-17,-5.78,-5.03,-6.18,-5.68,7433100.0
2002-05-20,-5.98,-5.85,-6.5,-6.32,4149000.0
2002-05-21,-5.86,-5.13,-6.48,-6.26,6318700.0
2002-05-22,-6.26,-6.09,-6.94,-6.22,5234100.0
2002-05-23,-6.22,-5.12,-6.24,-5.41,6222500.0
2002-05-24,-5.78,-5.07,-6.27,-5.98,4945900.0
2002-05-28,-6.03,-5.88,-6.83,-6.58,4890600.0
2002-05-29,-6.68,-6.28,-7.08,-6.81,5388600.0
2002-05-30,-7.28,-7.0,-8.73,-7.77,9332200.0
2002-05-31,-7.77,-7.03,-7.91,-7.83,7764000.0
2002-06-03,-7.78,-7.53,-9.21,-9.12,7325800.0
2002-06-04,-8.87,-8.13,-9.7,-9.13,9405000.0
2002-06-05,-9.13,-8.63,-9.56,-9.08,7263200.0
2002-06-06,-8.91,-8.88,-10.38,-10.09,7494700.0
2002-06-07,-11.03,-9.79,-11.28,-10.09,9275100.0
2002-06-10,-10.13,-9.68,-10.6,-9.9,5536800.0
2002-06-11,-9.8,-9.2,-10.99,-10.85,6525300.0
2002-06-12,-10.93,-10.47,-12.05,-10.61,9581500.0
2002-06-13,-10.66,-10.33,-11.28,-11.12,6041300.0
2002-06-14,-11.43,-10.43,-12.53,-10.78,9795700.0
2002-06-17,-10.18,-8.29,-10.21,-8.3,10245100.0
2002-06-18,-8.3,-8.09,-9.0,-8.76,7572900.0
2002-06-19,-9.08,-8.63,-9.53,-9.17,6437800.0
2002-06-20,-9.18,-9.18,-10.77,-10.4,8559200.0
2002-06-21,-10.98,-10.13,-10.99,-10.79,12353700.0
2002-06-24,-11.53,-9.88,-12.13,-10.6,10176300.0
2002-06-25,-10.48,-9.43,-11.08,-10.85,6963000.0
2002-06-26,-13.03,-11.8,-13.63,-12.29,19122800.0
2002-06-27,-11.73,-10.78,-12.38,-11.06,9726800.0
2002-06-28,-11.13,-9.86,-11.23,-9.86,7830000.0
2002-07-01,-10.19,-10.1,-12.43,-12.42,10082100.0
2002-07-02,-12.76,-12.24,-13.78,-12.56,12179600.0
2002-07-03,-13.07,-12.63,-13.78,-12.83,8979400.0
2002-07-05,-12.28,-11.08,-12.63,-11.19,4612400.0
2002-07-08,-11.19,-10.83,-11.98,-11.5,7585700.0
2002-07-09,-11.52,-11.03,-12.53,-12.51,7100300.0
2002-07-10,-12.18,-12.03,-13.72,-13.63,8858000.0
2002-07-11,-13.78,-12.88,-14.53,-13.21,11589300.0
2002-07-12,-13.03,-12.83,-14.1,-13.57,7531200.0
2002-07-15,-14.18,-13.69,-15.34,-13.7,11558500.0
2002-07-16,-14.88,-10.05,-16.58,-15.28,14886800.0
2002-07-17,-15.27,-13.93,-16.25,-15.64,16035100.0
2002-07-18,-16.18,-15.58,-16.87,-16.58,9790100.0
2002-07-19,-17.23,-16.62,-17.93,-17.68,12270800.0
2002-07-22,-17.82,-17.13,-19.36,-19.26,16705900.0
2002-07-23,-19.18,-19.18,-23.98,-23.7,44908600.0
2002-07-24,-24.28,-20.08,-25.56,-20.48,46819400.0
2002-07-25,-20.48,-18.28,-22.78,-21.43,33168200.0
2002-07-26,-20.58,-20.48,-22.73,-21.53,18050500.0
2002-07-29,-20.45,-18.56,-20.53,-18.68,18354600.0
2002-07-30,-19.18,-18.28,-19.98,-18.89,16052300.0
2002-07-31,-18.98,-18.68,-19.67,-18.82,13790900.0
2002-08-01,-19.03,-18.5,-19.53,-18.76,12536300.0
2002-08-02,-19.25,-18.88,-20.5,-19.93,13448400.0
2002-08-05,-20.9,-20.38,-21.68,-21.43,14479200.0
2002-08-06,-20.28,-19.15,-20.53,-20.13,14504500.0
2002-08-07,-19.78,-19.23,-20.6,-19.74,10715900.0
2002-08-08,-18.48,-17.38,-18.96,-17.4,16995400.0
2002-08-09,-18.28,-16.98,-18.51,-17.43,12011100.0
2002-08-12,-17.98,-17.97,-18.77,-18.32,9748200.0
2002-08-13,-18.83,-18.0,-19.48,-19.38,11024300.0
2002-08-14,-19.57,-18.63,-20.41,-18.64,15345800.0
2002-08-15,-18.66,-18.2,-19.67,-18.99,13570400.0
2002-08-16,-18.99,-18.72,-19.59,-18.92,9678900.0
2002-08-19,-18.03,-16.43,-18.94,-16.57,13035800.0
2002-08-20,-16.77,-16.67,-17.48,-17.24,9419200.0
2002-08-21,-17.28,-16.77,-17.8,-16.9,9146800.0
2002-08-22,-17.63,-16.83,-18.12,-17.09,11966500.0
2002-08-23,-17.48,-17.35,-18.38,-18.07,9148500.0
2002-08-26,-18.03,-17.03,-18.13,-17.29,8705300.0
2002-08-27,-16.78,-16.37,-17.58,-17.03,9691100.0
2002-08-28,-17.38,-17.03,-17.74,-17.5,7982600.0
2002-08-29,-17.88,-16.99,-18.12,-17.18,6932700.0
2002-08-30,-17.53,-16.54,-17.68,-17.38,7594200.0
2002-09-03,-18.13,-18.12,-19.03,-19.03,11007600.0
2002-09-04,-19.02,-18.03,-19.53,-18.39,9968900.0
2002-09-05,-19.15,-18.84,-19.79,-19.68,11126100.0
2002-09-06,-18.74,-18.65,-19.93,-19.87,11131700.0
2002-09-09,-20.58,-19.88,-21.7,-20.19,23679300.0
2002-09-10,-20.13,-19.85,-21.04,-20.63,11271200.0
2002-09-11,-19.77,-19.77,-20.88,-20.8,6951000.0
2002-09-12,-20.9,-20.88,-21.92,-21.77,11703100.0
2002-09-13,-21.77,-21.28,-22.04,-21.74,10826400.0
2002-09-16,-22.18,-21.88,-22.52,-22.07,10109200.0
2002-09-17,-21.2,-21.2,-22.44,-22.23,10284400.0
2002-09-18,-24.16,-23.19,-24.98,-23.34,46143600.0
2002-09-19,-24.03,-23.44,-24.28,-23.91,18650600.0
2002-09-20,-23.66,-23.28,-23.88,-23.6,16576500.0
2002-09-23,-24.22,-23.98,-24.77,-24.53,13813500.0
2002-09-24,-24.52,-24.48,-25.28,-25.14,18935000.0
2002-09-25,-24.75,-24.48,-25.46,-24.89,16291400.0
2002-09-26,-24.78,-24.06,-24.98,-24.51,16468700.0
2002-09-27,-24.51,-24.03,-25.52,-25.44,14082400.0
2002-09-30,-25.43,-24.28,-25.92,-24.79,19837400.0
2002-10-01,-24.63,-23.68,-25.0,-24.04,15851400.0
2002-10-02,-24.64,-23.99,-25.78,-25.53,15141200.0
2002-10-03,-25.52,-25.12,-26.18,-26.16,21175900.0
2002-10-04,-26.15,-25.65,-27.24,-27.24,21502400.0
2002-10-07,-27.23,-26.53,-27.63,-27.01,19884300.0
2002-10-08,-26.53,-26.37,-27.94,-27.18,22978300.0
2002-10-09,-27.73,-27.17,-28.52,-28.33,27852900.0
2002-10-10,-28.32,-27.43,-28.44,-27.83,22442500.0
2002-10-11,-27.58,-25.93,-27.58,-26.59,19016500.0
2002-10-14,-26.77,-26.25,-26.98,-26.9,10441300.0
2002-10-15,-25.7,-25.06,-25.77,-25.17,20045700.0
2002-10-16,-25.63,-25.3,-25.78,-25.49,15243300.0
2002-10-17,-25.27,-24.03,-25.27,-24.99,13722500.0
2002-10-18,-25.0,-24.29,-25.49,-24.81,10505200.0
2002-10-21,-25.1,-23.14,-25.23,-23.51,18375700.0
2002-10-22,-23.8,-23.41,-23.96,-23.87,11149300.0
2002-10-23,-24.08,-23.93,-24.87,-24.01,13235400.0
2002-10-24,-23.71,-22.9,-24.13,-24.08,15584100.0
2002-10-25,-24.26,-23.38,-24.27,-23.41,9805800.0
2002-10-28,-22.78,-22.17,-22.83,-22.53,15491700.0
2002-10-29,-22.98,-22.78,-23.88,-23.32,13296300.0
2002-10-30,-23.28,-22.58,-23.44,-22.73,9994100.0
2002-10-31,-22.72,-22.6,-23.36,-23.03,9821000.0
2002-11-01,-23.03,-22.0,-23.27,-22.26,9145800.0
2002-11-04,-21.47,-20.72,-21.78,-21.77,13636400.0
2002-11-05,-21.78,-21.19,-21.99,-21.31,10929600.0
2002-11-06,-20.53,-20.53,-22.54,-21.72,17198700.0
2002-11-07,-22.36,-22.36,-23.77,-23.18,19726200.0
2002-11-08,-23.66,-22.65,-23.78,-23.58,12928700.0
2002-11-11,-23.56,-22.98,-23.78,-23.36,8165400.0
2002-11-12,-23.38,-22.88,-23.48,-23.24,9326300.0
2002-11-13,-23.28,-22.68,-23.68,-22.83,10768000.0
2002-11-14,-22.36,-21.83,-22.36,-21.86,10599200.0
2002-11-15,-21.85,-21.42,-22.32,-21.69,12308100.0
2002-11-18,-21.63,-21.38,-22.08,-21.89,9986300.0
2002-11-19,-22.03,-21.68,-22.15,-21.83,8207300.0
2002-11-20,-21.48,-19.98,-21.63,-20.06,19718200.0
2002-11-21,-19.53,-18.88,-20.02,-18.89,20578600.0
2002-11-22,-19.53,-18.5,-19.53,-18.79,14654500.0
2002-11-25,-18.68,-18.43,-19.27,-18.83,10104600.0
2002-11-26,-18.83,-18.82,-19.68,-19.59,9448600.0
2002-11-27,-19.28,-18.58,-19.38,-18.59,11766600.0
2002-11-29,-18.28,-18.08,-18.67,-18.61,4637400.0
2002-12-02,-18.43,-17.64,-18.98,-18.56,12493900.0
2002-12-03,-18.48,-18.48,-19.38,-19.17,12677900.0
2002-12-04,-19.16,-18.58,-19.73,-19.08,9266800.0
2002-12-05,-19.08,-19.07,-20.24,-20.17,11451300.0
2002-12-06,-20.28,-19.08,-20.98,-19.35,13236200.0
2002-12-09,-19.78,-19.78,-20.68,-20.52,9414800.0
2002-12-10,-20.51,-19.58,-20.51,-19.63,8975700.0
2002-12-11,-19.92,-19.48,-20.08,-19.69,6803600.0
2002-12-12,-19.69,-19.03,-19.91,-19.63,8396500.0
2002-12-13,-19.83,-19.73,-20.27,-20.16,8218200.0
2002-12-16,-19.71,-18.95,-20.23,-18.98,7942600.0
2002-12-17,-18.98,-18.19,-19.12,-18.76,11435100.0
2002-12-18,-19.1,-19.1,-19.88,-19.78,14182700.0
2002-12-19,-19.77,-19.59,-20.92,-20.45,13923400.0
2002-12-20,-20.29,-18.91,-20.29,-18.91,15517500.0
2002-12-23,-19.38,-18.79,-19.48,-19.07,9285700.0
2002-12-24,-18.85,-18.85,-19.75,-19.58,3772400.0
2002-12-26,-19.58,-18.9,-19.59,-19.33,5838500.0
2002-12-27,-19.33,-19.32,-20.11,-19.98,7220200.0
2002-12-30,-19.77,-19.68,-20.17,-19.79,7389700.0
2002-12-31,-19.79,-19.63,-20.09,-19.78,6215300.0
2003-01-02,-19.72,-18.28,-19.73,-18.34,16739100.0
2003-01-03,-18.35,-17.79,-18.58,-17.84,12525700.0
2003-01-06,-17.83,-15.68,-17.83,-15.8,22932400.0
2003-01-07,-15.88,-15.49,-16.16,-15.94,17837500.0
2003-01-08,-16.74,-16.53,-17.27,-17.01,15857300.0
2003-01-09,-16.78,-16.39,-16.93,-16.48,11205600.0
2003-01-10,-16.73,-16.09,-17.03,-16.69,8725900.0
2003-01-13,-16.33,-16.09,-16.57,-16.5,9290600.0
2003-01-14,-16.49,-15.18,-16.64,-16.19,8216900.0
2003-01-15,-16.23,-16.14,-16.96,-16.7,8147800.0
2003-01-16,-16.68,-16.46,-17.27,-17.0,7734500.0
2003-01-17,-17.08,-16.94,-17.75,-17.59,9809500.0
2003-01-21,-17.26,-17.18,-18.51,-18.36,10367800.0
2003-01-22,-19.11,-18.36,-19.25,-19.08,16066100.0
2003-01-23,-18.58,-18.52,-19.28,-18.65,8020000.0
2003-01-24,-18.93,-18.65,-20.22,-19.97,11709500.0
2003-01-27,-20.03,-19.68,-20.72,-20.49,8787500.0
2003-01-28,-20.12,-19.83,-20.54,-20.27,10567800.0
2003-01-29,-20.63,-20.12,-21.02,-20.28,9989200.0
2003-01-30,-20.28,-19.93,-20.95,-20.74,9122100.0
2003-01-31,-20.83,-20.29,-21.08,-20.44,9560900.0
2003-02-03,-20.11,-19.91,-20.44,-20.2,7833000.0
2003-02-04,-20.19,-20.19,-21.03,-20.73,8152200.0
2003-02-05,-20.53,-19.86,-21.0,-20.84,8414600.0
2003-02-06,-21.03,-21.03,-21.58,-21.47,8906400.0
2003-02-07,-21.2,-21.03,-21.98,-21.8,9526700.0
2003-02-10,-21.77,-21.48,-22.02,-21.68,9080900.0
2003-02-11,-21.33,-21.33,-21.84,-21.78,12582400.0
2003-02-12,-21.78,-21.56,-22.27,-22.27,9567700.0
2003-02-13,-22.06,-22.06,-22.92,-22.49,10872500.0
2003-02-14,-22.48,-21.83,-22.61,-21.93,8881000.0
2003-02-18,-21.83,-20.92,-21.83,-21.28,9225300.0
2003-02-19,-21.28,-21.13,-21.48,-21.28,8084700.0
2003-02-20,-21.13,-20.98,-21.4,-21.09,7140000.0
2003-02-21,-21.18,-20.01,-21.63,-20.9,8525100.0
2003-02-24,-20.89,-20.89,-21.59,-21.48,7695700.0
2003-02-25,-21.78,-21.23,-22.06,-21.23,10674500.0
2003-02-26,-21.43,-21.18,-21.68,-21.44,6608100.0
2003-02-27,-21.38,-20.78,-21.57,-21.12,8760600.0
2003-02-28,-20.89,-20.78,-21.27,-21.1,7684900.0
2003-03-03,-20.53,-20.45,-21.12,-20.93,8083200.0
2003-03-04,-20.93,-20.88,-21.38,-21.38,7706700.0
2003-03-05,-21.48,-20.93,-21.48,-20.97,7670600.0
2003-03-06,-21.36,-21.25,-21.82,-21.78,10613600.0
2003-03-07,-22.38,-20.98,-22.38,-21.49,9272100.0
2003-03-10,-21.33,-21.33,-22.43,-22.34,8585100.0
2003-03-11,-22.23,-21.98,-23.12,-23.03,12601900.0
2003-03-12,-23.13,-22.78,-23.65,-23.03,16405900.0
2003-03-13,-22.92,-22.01,-22.92,-22.06,12988100.0
2003-03-14,-21.89,-21.69,-22.62,-22.52,13848700.0
2003-03-17,-22.58,-21.11,-22.77,-21.22,15267800.0
2003-03-18,-20.75,-20.73,-21.33,-20.97,9193900.0
2003-03-19,-20.68,-20.43,-21.08,-20.45,11398700.0
2003-03-20,-21.17,-20.12,-21.17,-20.25,10698200.0
2003-03-21,-19.48,-18.88,-20.16,-19.13,18484800.0
2003-03-24,-19.93,-19.53,-20.33,-20.15,10964200.0
2003-03-25,-20.21,-19.32,-20.21,-19.64,9397300.0
2003-03-26,-19.58,-19.34,-19.9,-19.61,6461300.0
2003-03-27,-19.88,-19.36,-20.1,-19.66,7552700.0
2003-03-28,-19.66,-19.19,-19.9,-19.33,7736700.0
2003-03-31,-20.03,-19.68,-20.13,-20.07,9251900.0
2003-04-01,-19.63,-19.38,-20.03,-19.55,9689000.0
2003-04-02,-19.3,-18.46,-19.3,-18.67,13884500.0
2003-04-03,-18.33,-18.29,-18.88,-18.84,10313700.0
2003-04-04,-18.75,-18.13,-18.76,-18.2,10113600.0
2003-04-07,-17.13,-16.97,-18.18,-18.14,12796300.0
2003-04-08,-18.03,-17.68,-18.33,-17.79,8949700.0
2003-04-09,-17.82,-17.37,-18.2,-18.05,10140100.0
2003-04-10,-18.05,-17.88,-18.37,-18.06,7215900.0
2003-04-11,-17.78,-17.52,-18.36,-18.19,8002200.0
2003-04-14,-17.8,-17.18,-17.9,-17.24,10041200.0
2003-04-15,-17.24,-16.38,-17.66,-16.91,13327300.0
2003-04-16,-16.03,-15.93,-17.53,-17.28,18636300.0
2003-04-17,-17.28,-16.31,-17.28,-16.47,11055000.0
2003-04-21,-16.47,-16.04,-16.62,-16.33,8337900.0
2003-04-22,-16.46,-14.98,-16.61,-15.1,13899900.0
2003-04-23,-15.01,-14.09,-15.13,-14.34,15108200.0
2003-04-24,-14.68,-14.68,-15.47,-15.22,12139800.0
2003-04-25,-15.23,-15.02,-16.13,-15.82,11300700.0
2003-04-28,-15.74,-14.87,-15.78,-14.97,9481100.0
2003-04-29,-14.88,-14.53,-15.47,-14.64,12232300.0
2003-04-30,-14.64,-14.13,-14.97,-14.43,14738100.0
2003-05-01,-14.43,-14.22,-15.09,-14.5,10261200.0
2003-05-02,-14.49,-13.73,-14.69,-13.92,10634900.0
2003-05-05,-13.68,-12.83,-13.78,-13.42,13997200.0
2003-05-06,-13.42,-12.73,-13.81,-13.07,12208100.0
2003-05-07,-13.33,-12.79,-13.62,-12.96,10721500.0
2003-05-08,-13.52,-13.13,-13.96,-13.82,10890100.0
2003-05-09,-13.53,-13.53,-14.2,-13.7,8820500.0
2003-05-12,-13.7,-12.79,-14.01,-12.84,8801900.0
2003-05-13,-12.84,-12.73,-13.42,-13.06,7476000.0
2003-05-14,-13.05,-12.81,-13.5,-13.29,7515000.0
2003-05-15,-13.13,-12.43,-13.13,-12.74,10648700.0
2003-05-16,-13.34,-12.28,-13.34,-12.53,9273900.0
2003-05-19,-12.53,-12.53,-13.55,-13.36,8306200.0
2003-05-20,-13.28,-12.99,-13.73,-13.35,8688400.0
2003-05-21,-13.43,-13.18,-13.85,-13.23,8389500.0
2003-05-22,-13.38,-13.09,-13.51,-13.29,8651800.0
2003-05-23,-13.23,-12.77,-13.41,-12.88,5751600.0
2003-05-27,-13.08,-11.64,-13.28,-11.73,11224800.0
2003-05-28,-11.58,-10.95,-11.71,-11.23,12017300.0
2003-05-29,-11.18,-10.89,-11.59,-11.51,9548300.0
2003-05-30,-11.36,-10.71,-11.46,-10.92,10683100.0
2003-06-02,-10.47,-9.2,-10.47,-9.86,13337100.0
2003-06-03,-9.93,-9.4,-10.04,-9.96,11581300.0
2003-06-04,-9.96,-8.95,-10.38,-9.09,13171500.0
2003-06-05,-9.09,-8.49,-9.37,-8.68,10380500.0
2003-06-06,-8.28,-7.26,-8.77,-8.65,11835400.0
2003-06-09,-8.82,-8.78,-10.44,-10.02,10274000.0
2003-06-10,-9.91,-9.44,-9.92,-9.7,10879300.0
2003-06-11,-9.48,-8.23,-9.87,-9.24,9252300.0
2003-06-12,-8.78,-8.66,-9.55,-9.08,9632500.0
2003-06-13,-8.93,-8.73,-9.44,-9.08,6746500.0
2003-06-16,-8.94,-7.83,-9.08,-7.83,9417400.0
2003-06-17,-7.78,-7.56,-8.15,-7.69,9515500.0
2003-06-18,-7.78,-7.78,-8.98,-8.71,11336300.0
2003-06-19,-8.23,-8.22,-9.73,-9.33,10874200.0
2003-06-20,-8.93,-8.61,-9.2,-8.98,14781400.0
2003-06-23,-9.23,-9.03,-10.17,-9.93,9876500.0
2003-06-24,-9.78,-9.35,-10.28,-9.48,8236100.0
2003-06-25,-9.48,-8.96,-9.99,-9.79,8978200.0
2003-06-26,-9.78,-9.38,-10.28,-9.38,6316400.0
2003-06-27,-9.38,-9.34,-9.98,-9.88,6674600.0
2003-06-30,-9.53,-9.31,-10.14,-9.6,7847900.0
2003-07-01,-9.94,-9.52,-10.73,-9.57,10439900.0
2003-07-02,-9.53,-9.27,-9.74,-9.41,7459100.0
2003-07-03,-9.68,-9.44,-10.08,-9.65,4376600.0
2003-07-07,-9.28,-8.54,-9.38,-8.71,9773400.0
2003-07-08,-8.73,-8.34,-8.88,-8.38,6165500.0
2003-07-09,-8.44,-7.66,-8.44,-8.12,9640700.0
2003-07-10,-8.13,-8.13,-9.06,-8.77,7622500.0
2003-07-11,-8.57,-7.81,-8.6,-8.02,6973600.0
2003-07-14,-7.3,-6.22,-7.61,-6.48,12088000.0
2003-07-15,-6.13,-5.9,-6.77,-6.49,11553500.0
2003-07-16,-4.55,-4.55,-7.78,-7.53,14435700.0
2003-07-17,-7.53,-7.53,-8.96,-8.74,12002000.0
2003-07-18,-8.48,-8.28,-8.93,-8.45,7596000.0
2003-07-21,-8.68,-8.67,-10.28,-9.35,11938000.0
2003-07-22,-9.35,-8.72,-9.52,-8.84,9538500.0
2003-07-23,-8.76,-8.65,-9.18,-8.92,7764200.0
2003-07-24,-8.93,-8.41,-9.26,-9.2,8595200.0
2003-07-25,-9.03,-8.27,-9.31,-8.31,8693400.0
2003-07-28,-8.31,-7.96,-8.62,-8.29,8228700.0
2003-07-29,-8.27,-8.19,-9.03,-8.54,9207500.0
2003-07-30,-8.28,-8.2,-8.75,-8.72,5860400.0
2003-07-31,-8.38,-7.98,-8.8,-8.73,8761300.0
2003-08-01,-8.7,-8.69,-10.55,-10.42,20439300.0
2003-08-04,-10.33,-9.98,-11.38,-10.05,15744400.0
2003-08-05,-10.03,-10.03,-11.05,-11.02,12309200.0
2003-08-06,-11.04,-10.51,-11.28,-10.79,12232200.0
2003-08-07,-11.02,-10.7,-11.26,-10.93,9218200.0
2003-08-08,-10.98,-10.54,-11.12,-10.79,6296700.0
2003-08-11,-10.28,-10.1,-10.84,-10.56,6982000.0
2003-08-12,-10.38,-10.0,-10.48,-10.14,8519300.0
2003-08-13,-9.98,-9.95,-10.65,-10.35,6716000.0
2003-08-14,-10.35,-9.83,-10.57,-9.88,6993000.0
2003-08-15,-9.78,-9.78,-10.3,-10.12,3542300.0
2003-08-18,-9.88,-9.68,-10.12,-9.73,7126400.0
2003-08-19,-9.68,-9.37,-9.95,-9.58,8275200.0
2003-08-20,-9.1,-8.75,-9.73,-8.95,9319200.0
2003-08-21,-8.62,-8.35,-9.4,-9.18,8675600.0
2003-08-22,-9.13,-8.73,-9.96,-9.86,8131400.0
2003-08-25,-10.06,-9.9,-10.51,-10.04,6126200.0
2003-08-26,-10.28,-9.22,-10.78,-10.4,9840600.0
2003-08-27,-10.63,-10.38,-10.72,-10.52,6019800.0
2003-08-28,-10.52,-9.71,-10.66,-9.87,5600000.0
2003-08-29,-9.78,-9.48,-10.0,-9.56,5862800.0
2003-09-02,-9.28,-8.75,-9.7,-9.08,8424200.0
2003-09-03,-9.08,-8.74,-9.23,-8.92,7478400.0
2003-09-04,-8.91,-8.83,-9.21,-9.1,6254600.0
2003-09-05,-9.08,-9.08,-9.83,-9.59,6752900.0
2003-09-08,-9.44,-8.98,-9.52,-9.13,5748400.0
2003-09-09,-9.28,-9.12,-9.57,-9.52,5257900.0
2003-09-10,-9.86,-9.47,-10.62,-10.4,9825500.0
2003-09-11,-10.03,-9.63,-10.26,-10.1,6717500.0
2003-09-12,-10.26,-9.65,-10.34,-9.78,6251300.0
2003-09-15,-9.78,-9.57,-10.06,-9.81,5058200.0
2003-09-16,-9.89,-9.1,-9.91,-9.18,6846900.0
2003-09-17,-9.18,-8.94,-9.26,-9.12,7692500.0
2003-09-18,-8.8,-7.91,-9.16,-8.04,14752000.0
2003-09-19,-8.1,-7.98,-8.62,-8.29,12211800.0
2003-09-22,-8.78,-8.68,-9.22,-8.79,9198100.0
2003-09-23,-8.32,-8.32,-9.17,-8.33,8583700.0
2003-09-24,-7.79,-7.78,-8.99,-8.91,11445500.0
2003-09-25,-8.78,-8.54,-9.35,-9.3,8682300.0
2003-09-26,-9.03,-9.03,-9.84,-9.59,10336800.0
2003-09-29,-9.58,-8.98,-9.66,-9.13,6481500.0
2003-09-30,-9.18,-9.08,-9.92,-9.45,9570000.0
2003-10-01,-9.08,-8.3,-9.22,-8.4,11368400.0
2003-10-02,-8.67,-8.53,-9.0,-8.76,7329000.0
2003-10-03,-8.73,-7.98,-8.78,-8.61,11020900.0
2003-10-06,-8.58,-8.07,-8.66,-8.23,7475700.0
2003-10-07,-8.23,-7.62,-8.61,-7.69,11345300.0
2003-10-08,-7.58,-7.57,-8.22,-8.17,9122600.0
2003-10-09,-7.9,-7.63,-8.29,-8.08,9138000.0
2003-10-10,-8.08,-7.94,-8.35,-8.26,5649300.0
2003-10-13,-8.08,-7.31,-8.22,-7.34,7584400.0
2003-10-14,-7.28,-7.0,-7.63,-7.0,7239600.0
2003-10-15,-6.84,-6.8,-7.52,-7.18,7431100.0
2003-10-16,-7.23,-6.79,-7.27,-6.94,6902200.0
2003-10-17,-7.16,-6.86,-7.62,-7.44,5893700.0
2003-10-20,-7.03,-6.88,-7.81,-7.18,7403400.0
2003-10-21,-6.98,-6.88,-7.43,-7.11,7525900.0
2003-10-22,-8.29,-7.98,-9.09,-8.8,19397500.0
2003-10-23,-8.78,-8.38,-9.28,-8.78,10030800.0
2003-10-24,-8.78,-8.68,-9.15,-9.01,7625600.0
2003-10-27,-8.55,-8.5,-8.99,-8.83,9827700.0
2003-10-28,-8.78,-8.09,-8.79,-8.23,11744200.0
2003-10-29,-8.23,-7.73,-8.42,-7.85,7608300.0
2003-10-30,-7.88,-7.27,-8.05,-7.94,6897700.0
2003-10-31,-7.88,-7.61,-7.97,-7.88,6287600.0
2003-11-03,-7.56,-7.03,-7.73,-7.07,8157200.0
2003-11-04,-7.48,-7.02,-7.5,-7.18,6485500.0
2003-11-05,-7.22,-7.04,-7.48,-7.25,5912300.0
2003-11-06,-7.24,-7.24,-7.67,-7.47,9049600.0
2003-11-07,-7.28,-7.13,-7.76,-7.74,6347600.0
2003-11-10,-8.07,-7.68,-8.63,-7.89,4639500.0
2003-11-11,-8.23,-7.61,-8.25,-7.74,4123200.0
2003-11-12,-7.68,-7.51,-8.02,-7.89,7141100.0
2003-11-13,-7.97,-7.78,-8.17,-7.92,4597500.0
2003-11-14,-8.08,-7.81,-8.68,-8.32,7224800.0
2003-11-17,-8.58,-8.23,-8.71,-8.37,5762000.0
2003-11-18,-8.36,-8.23,-8.97,-8.89,6955200.0
2003-11-19,-8.89,-8.64,-9.08,-9.02,9797800.0
2003-11-20,-9.04,-8.57,-9.75,-9.15,7517200.0
2003-11-21,-8.93,-8.64,-9.03,-8.78,6834200.0
2003-11-24,-8.61,-8.42,-8.79,-8.51,7258700.0
2003-11-25,-8.63,-8.14,-8.68,-8.25,5539000.0
2003-11-26,-8.48,-8.13,-8.58,-8.27,3922400.0
2003-11-28,-8.48,-8.29,-8.53,-8.38,2447600.0
2003-12-01,-8.47,-8.08,-8.47,-8.12,6957000.0
2003-12-02,-8.08,-7.88,-8.2,-7.97,6301200.0
2003-12-03,-7.98,-7.79,-8.15,-7.96,7612400.0
2003-12-04,-7.96,-7.96,-8.55,-8.39,6089700.0
2003-12-05,-8.58,-8.45,-8.93,-8.82,6769400.0
2003-12-08,-9.05,-8.31,-9.05,-8.32,6070400.0
2003-12-09,-8.32,-8.28,-9.08,-8.95,7684300.0
2003-12-10,-9.02,-8.73,-9.28,-9.11,6405900.0
2003-12-11,-8.96,-8.65,-9.23,-8.8,7650900.0
2003-12-12,-8.62,-8.61,-8.88,-8.69,5457900.0
2003-12-15,-8.18,-7.83,-8.67,-8.52,8140500.0
2003-12-16,-8.38,-8.04,-8.46,-8.06,7330600.0
2003-12-17,-8.06,-8.03,-8.5,-8.12,7282300.0
2003-12-18,-8.07,-8.04,-8.59,-8.13,7733000.0
2003-12-19,-8.13,-8.0,-8.44,-8.0,12023200.0
2003-12-22,-8.01,-7.67,-8.13,-7.68,8872000.0
2003-12-23,-7.78,-7.49,-7.79,-7.61,7058300.0
2003-12-24,-8.0,-7.53,-8.21,-7.65,2007000.0
2003-12-26,-7.51,-7.47,-7.66,-7.56,1347300.0
2003-12-29,-7.51,-7.24,-7.55,-7.25,5532000.0
2003-12-30,-7.24,-7.1,-7.26,-7.18,5358700.0
2003-12-31,-7.11,-6.94,-7.18,-7.05,6141100.0
2004-01-02,-6.98,-6.71,-7.25,-7.16,9280500.0
2004-01-05,-7.12,-6.92,-7.48,-7.23,9715400.0
2004-01-06,-6.56,-6.21,-6.78,-6.31,21209800.0
2004-01-07,-6.06,-5.69,-6.29,-5.76,14472600.0
2004-01-08,-5.63,-5.01,-5.72,-5.11,11834300.0
2004-01-09,-5.31,-4.64,-5.43,-5.02,10569000.0
2004-01-12,-4.95,-4.63,-5.36,-4.99,7044400.0
2004-01-13,-3.98,-3.98,-5.33,-4.88,7205200.0
2004-01-14,-4.7,-4.45,-4.85,-4.56,8672300.0
2004-01-15,-6.21,-3.54,-6.21,-4.86,50329900.0
2004-01-16,-4.68,-4.5,-4.83,-4.51,18767200.0
2004-01-20,-4.33,-4.26,-4.9,-4.69,18914100.0
2004-01-21,-4.39,-3.68,-4.81,-3.68,20679600.0
2004-01-22,-3.63,-3.25,-4.03,-3.84,15683600.0
2004-01-23,-3.74,-3.49,-4.41,-4.18,10503600.0
2004-01-26,-4.28,-3.5,-4.45,-3.52,12289900.0
2004-01-27,-3.63,-3.56,-3.89,-3.75,9141000.0
2004-01-28,-3.78,-3.6,-4.84,-4.66,14578500.0
2004-01-29,-4.03,-4.03,-5.38,-4.73,12886900.0
2004-01-30,-4.38,-4.38,-5.04,-4.89,8622300.0
2004-02-02,-4.57,-4.38,-4.92,-4.77,8810200.0
2004-02-03,-4.68,-4.62,-5.02,-4.65,6921800.0
2004-02-04,-4.65,-4.55,-4.93,-4.86,7851100.0
2004-02-05,-4.67,-4.58,-5.17,-4.82,6487100.0
2004-02-06,-4.78,-3.96,-4.87,-4.05,7312300.0
2004-02-09,-3.93,-3.88,-4.27,-4.27,6090000.0
2004-02-10,-4.35,-4.07,-4.46,-4.3,7191400.0
2004-02-11,-4.23,-3.18,-4.26,-3.51,11688200.0
2004-02-12,-3.68,-3.38,-3.8,-3.42,8121300.0
2004-02-13,-3.31,-3.13,-3.78,-3.62,6907200.0
2004-02-17,-3.45,-2.97,-3.52,-3.12,8309400.0
2004-02-18,-3.11,-3.04,-3.43,-3.3,7170700.0
2004-02-19,-3.05,-2.66,-3.31,-2.96,14877300.0
2004-02-20,-2.96,-2.91,-3.44,-3.21,9572100.0
2004-02-23,-3.2,-3.11,-3.61,-3.47,8355200.0
2004-02-24,-3.68,-3.19,-3.75,-3.58,10757900.0
2004-02-25,-3.38,-3.34,-3.83,-3.43,9655500.0
2004-02-26,-3.43,-3.12,-3.63,-3.22,6612000.0
2004-02-27,-3.12,-2.58,-3.22,-2.76,9295700.0
2004-03-01,-2.55,-2.17,-2.66,-2.25,10655400.0
2004-03-02,-2.36,-1.8,-2.38,-2.11,8802700.0
2004-03-03,-2.1,-1.63,-2.28,-1.68,7990900.0
2004-03-04,-1.78,-1.13,-1.78,-1.18,9311600.0
2004-03-05,-1.18,0.06,-1.43,-0.77,16242100.0
2004-03-08,-0.74,-0.29,-0.88,-0.84,8789300.0
2004-03-09,-0.84,-0.84,-1.49,-1.31,9036700.0
2004-03-10,-1.29,-1.29,-1.98,-1.75,10364300.0
2004-03-11,-2.28,-1.44,-2.58,-2.47,11924500.0
2004-03-12,-2.28,-2.14,-2.65,-2.26,10815400.0
2004-03-15,-2.5,-2.46,-3.03,-2.85,7970000.0
2004-03-16,-2.68,-2.28,-2.78,-2.45,7481600.0
2004-03-17,-1.78,-1.33,-2.09,-1.5,8745600.0
2004-03-18,-1.98,-1.66,-2.08,-1.76,10219700.0
2004-03-19,-1.76,-0.1,-2.63,-2.45,9468900.0
2004-03-22,-2.78,-2.53,-3.32,-2.98,9690300.0
2004-03-23,-2.6,-2.38,-2.93,-2.8,10830000.0
2004-03-24,-2.79,-2.72,-3.24,-3.04,7835100.0
2004-03-25,-2.93,-2.16,-3.08,-2.28,8173900.0
2004-03-26,-2.48,-2.1,-2.58,-2.53,6019400.0
2004-03-29,-2.18,-1.61,-2.31,-1.72,7541100.0
2004-03-30,-1.72,-1.57,-1.93,-1.8,7785300.0
2004-03-31,-1.57,-1.06,-2.04,-1.83,7842800.0
2004-04-01,-1.83,-1.38,-1.84,-1.52,10295200.0
2004-04-02,-1.5,-1.09,-2.68,-2.25,12806900.0
2004-04-05,-2.5,-2.03,-2.65,-2.03,10003200.0
2004-04-06,-2.18,-2.18,-2.43,-2.28,7845200.0
2004-04-07,-2.28,-2.21,-2.56,-2.41,7224700.0
2004-04-08,-2.03,-2.01,-2.78,-2.63,4961800.0
2004-04-12,-2.62,-2.2,-2.67,-2.22,4989800.0
2004-04-13,-2.14,-2.14,-3.78,-3.74,11592300.0
2004-04-14,-4.12,-3.75,-4.77,-4.51,12978200.0
2004-04-15,-4.44,-4.21,-5.54,-5.01,15835000.0
2004-04-16,-4.76,-4.22,-4.87,-4.52,9741200.0
2004-04-19,-4.53,-4.33,-4.91,-4.42,7395300.0
2004-04-20,-4.36,-4.29,-5.3,-5.24,9028300.0
2004-04-21,-5.24,-5.24,-6.33,-6.1,18611600.0
2004-04-22,-6.08,-5.1,-6.26,-5.4,14094200.0
2004-04-23,-5.38,-5.2,-5.86,-5.48,7214500.0
2004-04-26,-5.47,-4.2,-5.52,-5.23,7071300.0
2004-04-27,-5.22,-4.83,-5.41,-5.16,8743600.0
2004-04-28,-5.23,-5.23,-5.89,-5.85,7048500.0
2004-04-29,-5.81,-5.36,-6.32,-6.13,10451500.0
2004-04-30,-5.98,-5.78,-6.23,-6.18,7720300.0
2004-05-03,-5.77,-5.77,-6.31,-5.92,8119800.0
2004-05-04,-5.85,-5.03,-5.97,-5.47,9740200.0
2004-05-05,-5.47,-5.33,-5.88,-5.73,8968500.0
2004-05-06,-5.98,-5.73,-6.46,-6.18,7717600.0
2004-05-07,-6.29,-6.07,-7.31,-7.3,11997100.0
2004-05-10,-7.83,-7.78,-9.16,-8.37,21494000.0
2004-05-11,-7.88,-7.88,-8.85,-8.59,16613700.0
2004-05-12,-8.48,-7.99,-9.02,-8.01,16881200.0
2004-05-13,-8.23,-7.39,-8.3,-8.03,11896100.0
2004-05-14,-8.05,-7.54,-8.45,-8.12,9251400.0
2004-05-17,-8.72,-8.31,-9.03,-8.47,10311700.0
2004-05-18,-8.1,-7.81,-8.29,-8.21,8825600.0
2004-05-19,-7.78,-7.48,-8.07,-8.04,10945700.0
2004-05-20,-8.03,-7.48,-8.03,-7.87,7384700.0
2004-05-21,-7.9,-7.54,-7.91,-7.7,7116500.0
2004-05-24,-7.51,-7.31,-7.88,-7.7,6079600.0
2004-05-25,-7.69,-6.88,-7.98,-6.94,8236600.0
2004-05-26,-6.93,-6.76,-7.28,-6.95,6704000.0
2004-05-27,-6.79,-6.68,-7.27,-6.83,8163000.0
2004-05-28,-6.91,-6.82,-7.12,-6.94,4311000.0
2004-06-01,-6.94,-6.73,-7.28,-6.93,5619300.0
2004-06-02,-6.73,-6.39,-7.03,-6.48,6267600.0
2004-06-03,-6.63,-6.58,-6.94,-6.82,7280700.0
2004-06-04,-6.48,-6.34,-6.63,-6.5,5832100.0
2004-06-07,-6.25,-5.63,-6.26,-5.64,7368400.0
2004-06-08,-5.73,-5.59,-6.0,-5.72,7042800.0
2004-06-09,-5.79,-5.74,-6.18,-6.1,6053000.0
2004-06-10,-6.07,-5.95,-6.3,-5.98,5198600.0
2004-06-14,-6.05,-6.05,-6.76,-6.62,6317600.0
2004-06-15,-6.18,-6.12,-6.59,-6.53,8166300.0
2004-06-16,-6.5,-6.28,-6.69,-6.46,5895200.0
2004-06-17,-6.5,-6.19,-6.65,-6.46,5747200.0
2004-06-18,-6.37,-6.12,-6.65,-6.55,12953300.0
2004-06-21,-6.58,-6.39,-6.88,-6.78,5511700.0
2004-06-22,-6.78,-6.76,-7.08,-6.82,9628200.0
2004-06-23,-6.68,-6.16,-6.71,-6.16,9303600.0
2004-06-24,-6.16,-5.85,-6.2,-6.01,10092000.0
2004-06-25,-6.0,-5.27,-6.03,-5.79,12499100.0
2004-06-28,-5.69,-5.2,-5.93,-5.83,11788300.0
2004-06-29,-5.83,-5.4,-5.98,-5.49,9783000.0
2004-06-30,-5.4,-4.93,-5.58,-5.01,16628400.0
2004-07-01,-5.2,-5.14,-6.08,-5.61,15371800.0
2004-07-02,-5.6,-5.29,-5.83,-5.7,8373200.0
2004-07-06,-5.78,-5.76,-6.56,-6.53,15088300.0
2004-07-07,-6.52,-6.41,-7.13,-6.92,13643800.0
2004-07-08,-6.86,-6.55,-7.12,-7.03,9619100.0
2004-07-09,-6.74,-6.72,-7.15,-6.95,7199600.0
2004-07-12,-6.78,-6.63,-7.06,-6.88,9447300.0
2004-07-13,-7.08,-6.51,-7.08,-6.64,9633300.0
2004-07-14,-6.91,-6.5,-7.49,-7.33,10905200.0
2004-07-15,-7.24,-7.14,-7.87,-7.78,12141900.0
2004-07-16,-7.53,-7.48,-8.02,-7.91,10179400.0
2004-07-19,-7.83,-7.55,-8.07,-7.78,9112000.0
2004-07-20,-7.85,-7.16,-8.28,-7.38,11567800.0
2004-07-21,-6.53,-5.98,-7.08,-6.96,18145600.0
2004-07-22,-7.25,-6.79,-7.66,-7.0,12868900.0
2004-07-23,-7.18,-6.85,-7.41,-7.25,10259500.0
2004-07-26,-7.34,-7.15,-7.62,-7.31,8089000.0
2004-07-27,-7.15,-6.64,-7.3,-6.87,8491200.0
2004-07-28,-6.78,-6.43,-7.42,-6.71,8535900.0
2004-07-29,-6.53,-6.29,-6.98,-6.64,8556300.0
2004-07-30,-6.78,-6.39,-6.9,-6.45,7910000.0
2004-08-02,-6.55,-6.3,-6.87,-6.37,8075700.0
2004-08-03,-6.33,-6.27,-6.86,-6.71,9053900.0
2004-08-04,-6.78,-6.41,-7.14,-6.57,6809800.0
2004-08-05,-6.54,-6.49,-7.63,-7.5,8439200.0
2004-08-06,-7.63,-7.12,-7.88,-7.69,9666200.0
2004-08-09,-7.7,-7.52,-7.83,-7.71,7355900.0
2004-08-10,-7.58,-6.78,-7.58,-6.79,9031000.0
2004-08-11,-6.96,-6.76,-7.28,-6.88,7271900.0
2004-08-12,-6.88,-6.8,-7.03,-6.92,7201400.0
2004-08-13,-6.96,-6.85,-7.28,-6.91,6165000.0
2004-08-16,-6.83,-5.78,-6.85,-6.04,9070700.0
2004-08-17,-5.83,-5.53,-5.92,-5.85,10501300.0
2004-08-18,-5.88,-5.41,-5.95,-5.46,9555700.0
2004-08-19,-5.46,-5.46,-5.93,-5.78,7859600.0
2004-08-20,-5.81,-4.98,-5.86,-5.13,9293600.0
2004-08-23,-5.03,-4.9,-5.31,-5.23,8000900.0
2004-08-24,-5.03,-4.93,-5.44,-5.19,6038500.0
2004-08-25,-5.18,-4.15,-5.18,-4.34,11953600.0
2004-08-26,-4.46,-4.13,-4.68,-4.33,8500300.0
2004-08-27,-4.23,-3.98,-4.28,-4.06,6590800.0
2004-08-30,-4.11,-4.09,-4.68,-4.68,5918800.0
2004-08-31,-4.67,-4.2,-4.87,-4.2,6606700.0
2004-09-01,-4.26,-4.13,-4.79,-4.52,8253400.0
2004-09-02,-4.33,-3.79,-4.51,-3.94,7301300.0
2004-09-03,-4.03,-3.78,-4.08,-3.93,6939300.0
2004-09-07,-3.93,-3.68,-4.07,-3.91,10487500.0
2004-09-08,-4.16,-3.89,-4.43,-4.41,11362200.0
2004-09-09,-4.27,-3.96,-4.43,-4.04,7663900.0
2004-09-10,-4.16,-3.86,-4.31,-3.98,6536900.0
2004-09-13,-4.09,-3.9,-4.62,-4.62,8320200.0
2004-09-14,-4.48,-4.11,-4.49,-4.29,7749300.0
2004-09-15,-4.41,-4.33,-4.7,-4.7,7142200.0
2004-09-16,-4.47,-3.94,-4.63,-4.2,10947400.0
2004-09-17,-4.1,-3.98,-4.27,-4.13,9749500.0
2004-09-20,-4.12,-4.12,-4.48,-4.4,7806700.0
2004-09-21,-4.28,-3.53,-4.28,-3.68,10296700.0
2004-09-22,-4.28,-3.84,-4.75,-3.93,12767500.0
2004-09-23,-4.03,-4.02,-4.37,-4.32,9352100.0
2004-09-24,-4.31,-3.85,-4.36,-4.03,8779600.0
2004-09-27,-4.16,-4.15,-4.72,-4.65,10374800.0
2004-09-28,-4.64,-4.31,-4.83,-4.4,8002100.0
2004-09-29,-4.4,-4.1,-4.74,-4.1,7725600.0
2004-09-30,-4.13,-3.99,-4.36,-4.05,8422700.0
2004-10-01,-3.88,-3.38,-3.92,-3.44,11375700.0
2004-10-04,-3.45,-3.33,-4.03,-4.02,12622200.0
2004-10-05,-4.08,-3.97,-4.72,-4.32,12012800.0
2004-10-06,-4.47,-3.69,-4.62,-4.29,7631200.0
2004-10-07,-4.26,-3.89,-4.37,-4.25,7051800.0
2004-10-08,-4.24,-4.01,-4.52,-4.13,6542800.0
2004-10-11,-4.28,-4.09,-4.4,-4.4,3363700.0
2004-10-12,-4.73,-4.14,-4.77,-4.27,8410800.0
2004-10-13,-4.18,-4.09,-4.83,-4.54,7602800.0
2004-10-14,-4.54,-4.54,-5.58,-5.25,11762100.0
2004-10-15,-5.25,-4.68,-5.26,-5.04,8057300.0
2004-10-18,-5.23,-4.67,-5.25,-4.78,5915300.0
2004-10-19,-5.03,-4.4,-5.99,-5.8,16571000.0
2004-10-20,-7.08,-6.33,-7.46,-6.53,23141100.0
2004-10-21,-6.7,-5.93,-6.73,-6.08,11568200.0
2004-10-22,-5.98,-5.9,-6.38,-6.31,8983300.0
2004-10-25,-6.31,-6.25,-6.88,-6.76,11971100.0
2004-10-26,-6.76,-6.18,-6.83,-6.29,10566300.0
2004-10-27,-6.43,-5.6,-6.75,-5.76,11518800.0
2004-10-28,-5.93,-5.23,-6.11,-5.3,8766200.0
2004-10-29,-5.36,-5.16,-5.76,-5.18,11215900.0
2004-11-01,-5.01,-4.84,-5.35,-5.28,10154500.0
2004-11-02,-5.28,-4.61,-5.37,-5.23,9869300.0
2004-11-03,-4.43,-4.35,-5.15,-4.93,11104200.0
2004-11-04,-5.03,-4.12,-5.28,-4.14,12158700.0
2004-11-05,-4.14,-3.87,-4.78,-4.43,13418700.0
2004-11-08,-4.46,-4.33,-4.67,-4.5,7547900.0
2004-11-09,-4.45,-4.29,-4.72,-4.67,7004600.0
2004-11-10,-4.6,-4.59,-4.93,-4.83,7633400.0
2004-11-11,-4.58,-4.36,-4.91,-4.6,8004300.0
2004-11-12,-4.85,-4.49,-4.88,-4.61,11168600.0
2004-11-15,-4.78,-4.62,-4.83,-4.62,8794300.0
2004-11-16,-5.28,-5.02,-5.38,-5.31,14141300.0
2004-11-17,-5.28,-4.95,-5.66,-5.51,14438700.0
2004-11-18,-5.58,-5.44,-5.99,-5.96,14942800.0
2004-11-19,-5.88,-5.8,-6.51,-6.36,14346300.0
2004-11-22,-6.36,-5.93,-6.63,-6.23,13073300.0
2004-11-23,-6.13,-6.08,-6.5,-6.22,10883200.0
2004-11-24,-6.0,-5.98,-6.23,-6.08,6854700.0
2004-11-26,-6.08,-5.99,-6.18,-6.09,3143500.0
2004-11-29,-6.09,-5.92,-6.67,-6.47,10747600.0
2004-11-30,-6.6,-6.08,-6.72,-6.13,13032200.0
2004-12-01,-5.98,-5.49,-6.01,-5.5,11122800.0
2004-12-02,-5.53,-5.16,-5.58,-5.34,8238200.0
2004-12-03,-5.4,-5.26,-5.79,-5.72,10918000.0
2004-12-06,-5.83,-5.36,-6.01,-5.66,10695800.0
2004-12-07,-5.58,-5.48,-5.98,-5.97,8779000.0
2004-12-08,-5.97,-5.95,-6.25,-6.23,11421600.0
2004-12-09,-6.53,-5.89,-6.53,-6.09,10360900.0
2004-12-10,-6.09,-5.92,-6.29,-6.15,8579000.0
2004-12-13,-5.78,-5.38,-5.86,-5.53,14880100.0
2004-12-14,-5.46,-4.98,-5.48,-5.04,12084600.0
2004-12-15,-4.98,-4.53,-5.02,-4.75,13420900.0
2004-12-16,-4.98,-4.78,-5.15,-4.85,11590300.0
2004-12-17,-5.58,-4.96,-5.59,-5.26,14179700.0
2004-12-20,-5.18,-4.9,-5.26,-5.18,8837800.0
2004-12-21,-5.13,-4.53,-5.14,-4.71,8686400.0
2004-12-22,-4.83,-4.55,-4.98,-4.75,9282700.0
2004-12-23,-4.66,-4.3,-4.68,-4.62,8556100.0
2004-12-27,-4.58,-4.49,-4.86,-4.77,5639800.0
2004-12-28,-4.81,-4.48,-4.84,-4.57,5420000.0
2004-12-29,-4.77,-4.62,-4.84,-4.62,6008200.0
2004-12-30,-4.62,-4.46,-4.73,-4.7,4745700.0
2004-12-31,-4.7,-4.61,-4.83,-4.77,5754000.0
2007-03-19,3.42,4.02,3.38,3.8,14448195.0
2007-03-20,3.73,4.1,3.55,3.97,14507366.0
2007-03-21,4.03,5.87,4.03,5.27,20747687.0
2007-03-22,5.28,5.32,4.58,4.69,19609809.0
2007-03-23,4.81,5.11,4.65,4.74,11748300.0
2007-03-26,4.77,5.0,4.16,4.92,11851000.0
2007-03-27,4.81,5.04,4.57,4.79,11183670.0
2007-03-28,4.51,4.7,4.01,4.21,13176750.0
2007-03-29,4.46,4.86,4.24,4.72,10837095.0
2007-03-30,4.83,5.24,4.17,4.6,12674716.0
2007-04-02,4.6,4.71,3.92,4.46,13834475.0
2007-04-03,4.47,4.81,4.31,4.78,13572155.0
2007-04-04,4.78,4.93,4.49,4.78,9165227.0
2007-04-05,4.57,5.11,4.56,4.99,7991639.0
2007-04-09,5.0,5.35,4.88,5.22,7509461.0
2007-04-10,5.23,5.56,5.2,5.46,8200099.0
2007-04-11,5.32,5.56,5.2,5.37,12046120.0
2007-04-12,5.74,5.74,4.95,5.42,9472504.0
2007-04-13,5.67,5.67,4.88,5.31,11266319.0
2007-04-16,5.69,6.47,5.54,6.19,15764982.0
2007-04-17,6.19,6.64,5.93,6.4,12238991.0
2007-04-18,7.79,8.89,7.65,8.29,39200025.0
2007-04-19,8.25,8.45,7.57,8.31,20708638.0
2007-04-20,8.87,8.93,8.32,8.76,21168919.0
2007-04-23,8.57,8.92,8.27,8.5,12675506.0
2007-04-24,8.28,8.5,7.87,8.38,10860748.0
2007-04-25,8.46,9.16,8.4,9.04,18088439.0
2007-04-26,8.99,9.22,8.78,9.16,14440456.0
2007-04-27,8.99,9.02,8.36,8.77,14428558.0
2007-04-30,8.68,9.28,8.21,8.32,29900156.0
2007-05-01,8.62,8.72,7.82,8.48,13857416.0
2007-05-02,8.22,8.99,8.22,8.77,13194737.0
2007-05-03,9.05,9.14,8.59,8.92,9755189.0
2007-05-04,9.02,9.27,8.81,8.85,11976896.0
2007-05-07,9.03,9.17,8.77,8.95,7375343.0
2007-05-08,8.7,8.87,8.45,8.67,9028148.0
2007-05-09,8.77,9.47,8.65,9.42,12563653.0
2007-05-10,9.01,9.25,8.17,8.22,13478659.0
2007-05-11,8.34,8.6,7.94,8.37,12419349.0
2007-05-14,8.22,8.38,7.77,8.05,9342827.0
2007-05-15,8.31,8.93,8.22,8.25,11105002.0
2007-05-16,8.59,9.29,8.42,9.2,12925711.0
2007-05-17,9.0,9.22,8.72,8.78,9049968.0
2007-05-18,8.84,9.15,8.67,8.76,11115016.0
2007-05-21,8.6,9.03,8.53,8.78,10408224.0
2007-05-22,8.78,8.9,8.31,8.51,9665750.0
2007-05-23,8.55,8.86,8.15,8.21,11454241.0
2007-05-24,8.22,8.46,7.67,7.81,13105950.0
2007-05-25,7.75,8.07,7.48,7.86,10761416.0
2007-05-29,7.87,8.14,7.67,8.04,9552263.0
2007-05-30,7.65,8.28,7.57,8.28,10243379.0
2007-05-31,8.47,8.53,7.89,8.05,11024061.0
2007-06-01,8.14,8.3,7.88,8.12,12104746.0
2007-06-04,7.78,8.02,7.76,7.79,11122478.0
2007-06-05,7.46,7.71,7.41,7.44,13617278.0
2007-06-06,7.45,7.45,6.48,6.78,13885374.0
2007-06-07,6.52,6.87,5.96,6.04,17412969.0
2007-06-08,6.05,6.7,5.76,6.63,13564675.0
2007-06-11,6.63,7.06,6.25,6.65,11251980.0
2007-06-12,6.44,6.62,5.56,5.57,15389880.0
2007-06-13,5.85,6.61,5.74,6.51,14508000.0
2007-06-14,6.15,7.05,6.15,6.54,12440636.0
2007-06-15,6.86,7.21,6.64,6.78,18354200.0
2007-06-18,7.05,7.07,6.55,6.65,9293861.0
2007-06-19,6.66,7.1,6.51,7.07,12251872.0
2007-06-20,7.13,7.21,5.64,5.68,14921249.0
2007-06-21,5.91,6.1,4.9,6.06,20101918.0
2007-06-22,5.78,5.97,4.8,4.94,25110463.0
2007-06-25,4.94,5.43,4.28,4.58,17240147.0
2007-06-26,4.67,5.27,4.52,4.82,18965379.0
2007-06-27,4.48,5.52,4.3,5.46,16354111.0
2007-06-28,5.47,5.7,4.78,5.18,14430872.0
2007-06-29,5.45,5.52,4.32,4.67,21768160.0
2007-07-02,5.12,5.47,4.79,5.37,15735507.0
2007-07-03,5.41,5.8,5.26,5.56,7443990.0
2007-07-05,5.32,5.57,4.87,5.01,11612922.0
2007-07-06,4.84,5.38,4.67,5.19,10792303.0
2007-07-09,5.43,5.5,4.75,5.01,10577992.0
2007-07-10,4.52,4.79,3.68,3.73,21881922.0
2007-07-11,3.74,4.66,3.34,4.35,27237437.0
2007-07-12,4.91,5.85,4.35,5.75,19172919.0
2007-07-13,5.9,6.44,5.49,6.27,16393761.0
2007-07-16,6.13,6.68,5.95,6.05,12264636.0
2007-07-17,6.17,6.7,6.05,6.14,18302139.0
2007-07-18,5.03,5.51,4.05,5.1,35536900.0
2007-07-19,5.72,5.91,4.06,4.84,26199900.0
2007-07-20,5.03,5.03,3.6,3.78,30678200.0
2007-07-23,3.97,4.09,3.28,3.37,20523500.0
2007-07-24,2.85,3.17,1.34,1.56,35706800.0
2007-07-25,1.89,2.43,0.51,1.49,40176500.0
2007-07-26,0.52,0.77,-0.28,0.3,51335731.0
2007-07-27,0.31,1.46,-0.08,0.45,40020600.0
2007-07-30,0.97,1.36,-0.17,0.97,32318300.0
2007-07-31,1.29,2.19,0.16,0.23,34080842.0
2007-08-01,-0.08,0.66,-0.58,0.6,44504483.0
2007-08-02,0.63,0.98,0.22,0.81,28322100.0
2007-08-03,0.82,1.17,-0.39,-0.13,36628800.0
2007-08-06,-0.02,1.33,-0.5,1.33,34200000.0
2007-08-07,1.21,2.27,0.37,1.56,30567500.0
2007-08-08,1.97,3.45,1.49,2.73,27477200.0
2007-08-09,1.26,2.16,0.39,0.39,39309000.0
2007-08-10,-0.42,1.02,-1.27,0.47,32549000.0
2007-08-13,1.45,1.65,-0.1,0.05,21359500.0
2007-08-14,0.16,0.24,-0.65,-0.48,25217200.0
2007-08-15,-0.65,0.64,-0.97,-0.78,27726695.0
2007-08-16,-1.03,2.12,-1.62,1.69,51421000.0
2007-08-17,4.3,4.51,2.37,3.23,57869823.0
2007-08-20,3.39,3.73,1.29,2.71,32691700.0
2007-08-21,2.34,3.3,1.97,2.42,23582204.0
2007-08-22,2.89,3.05,1.25,2.22,30846800.0
2007-08-23,2.67,2.8,1.37,1.89,21476600.0
2007-08-24,1.72,2.22,1.25,2.17,13248500.0
2007-08-27,1.97,2.12,1.11,1.13,13527102.0
2007-08-28,0.7,0.7,-0.32,-0.18,23517300.0
2007-08-29,0.1,0.45,-0.63,0.35,21605600.0
2007-08-30,-0.14,0.58,-0.44,0.19,15581500.0
2007-08-31,1.22,1.35,0.49,0.74,16937800.0
2007-09-04,0.62,1.84,0.48,1.52,15416718.0
2007-09-05,1.05,1.19,0.29,0.39,15557000.0
2007-09-06,0.46,0.77,0.05,0.43,18994400.0
2007-09-07,-0.51,0.21,-0.58,-0.26,21526200.0
2007-09-10,-0.03,0.67,-0.43,0.15,17187500.0
2007-09-11,0.18,1.06,-0.11,0.76,15148000.0
2007-09-12,0.72,0.96,0.37,0.69,13903005.0
2007-09-13,0.64,2.0,0.6,1.82,20263027.0
2007-09-14,1.45,1.86,1.23,1.76,12482470.0
2007-09-17,1.61,1.85,1.11,1.51,17958300.0
2007-09-18,1.9,4.08,1.34,4.04,27267718.0
2007-09-19,4.19,4.28,3.39,3.79,31807739.0
2007-09-20,3.84,3.97,2.95,3.18,19553500.0
2007-09-21,3.72,3.76,2.85,3.35,20535000.0
2007-09-24,3.42,3.42,2.39,2.56,17346900.0
2007-09-25,2.47,2.47,1.87,2.32,16405154.0
2007-09-26,2.48,2.91,1.96,2.35,17485400.0
2007-09-27,2.42,2.5,1.9,2.43,12846300.0
2007-09-28,2.27,2.43,1.8,2.04,15587900.0
2007-10-01,1.69,3.26,1.64,3.03,17276202.0
2007-10-02,3.21,3.57,3.04,3.38,16003197.0
2007-10-03,2.93,3.68,2.87,3.22,12675700.0
2007-10-04,3.42,3.65,3.2,3.47,11141000.0
2007-10-05,3.67,4.1,3.5,3.8,13443200.0
2007-10-08,3.53,3.8,3.27,3.66,8310200.0
2007-10-09,3.81,3.92,3.21,3.79,12967407.0
2007-10-10,3.69,3.69,2.77,3.13,18858500.0
2007-10-11,3.23,3.84,2.75,2.88,27920700.0
2007-10-12,2.89,3.32,2.76,3.04,12506902.0
2007-10-15,2.99,3.04,2.01,2.49,16575300.0
2007-10-16,2.22,2.62,0.82,1.33,22510200.0
2007-10-17,3.26,3.34,1.97,2.59,34659600.0
2007-10-18,2.32,2.35,1.67,2.12,19400264.0
2007-10-19,2.01,2.82,1.18,1.24,29500900.0
2007-10-22,1.12,2.15,0.88,1.59,18094024.0
2007-10-23,2.14,2.21,1.35,2.16,13519045.0
2007-10-24,1.95,2.66,0.96,2.49,27352826.0
2007-10-25,2.32,2.77,1.37,2.27,20076379.0
2007-10-26,3.18,3.67,2.15,3.54,18852454.0
2007-10-29,3.61,3.72,2.73,2.89,18863100.0
2007-10-30,2.62,3.11,2.27,2.78,13131400.0
2007-10-31,3.17,3.77,2.26,3.22,23899100.0
2007-11-01,1.87,2.54,0.42,0.54,31730700.0
2007-11-02,0.67,0.7,-1.72,-0.63,39570300.0
2007-11-05,-1.09,-0.58,-2.11,-1.01,28852720.0
2007-11-06,-1.09,0.56,-1.09,0.33,28757366.0
2007-11-07,-0.85,0.03,-1.63,-1.54,28982634.0
2007-11-08,-1.27,-0.86,-3.1,-1.17,37343357.0
2007-11-09,-2.38,-0.49,-2.61,-1.47,43587231.0
2007-11-12,-1.67,-0.1,-1.92,-1.39,27693578.0
2007-11-13,-0.48,1.72,-1.15,1.27,35966729.0
2007-11-14,2.12,2.24,0.66,1.37,25367380.0
2007-11-15,0.82,1.41,-0.7,-0.25,23434162.0
2007-11-16,-0.04,0.33,-1.3,-0.69,29023947.0
2007-11-19,-1.08,-0.94,-2.59,-2.41,29656654.0
2007-11-20,-2.41,-1.43,-3.5,-2.15,33277745.0
2007-11-21,-2.97,-1.78,-3.63,-3.1,26759276.0
2007-11-23,-2.28,-1.58,-2.82,-1.83,10808359.0
2007-11-26,-1.91,-1.29,-3.45,-3.32,27132253.0
2007-11-27,-2.86,-1.3,-3.21,-1.43,28501541.0
2007-11-28,-1.05,0.35,-1.22,0.18,32246483.0
2007-11-29,-0.4,0.31,-0.77,-0.13,23553931.0
2007-11-30,1.6,2.31,1.23,1.84,40113440.0
2007-12-03,2.12,2.14,1.17,1.43,21417200.0
2007-12-04,0.54,1.31,0.22,0.37,19315164.0
2007-12-05,0.76,1.41,0.15,1.12,20629364.0
2007-12-06,1.1,2.47,0.75,2.43,19131980.0
2007-12-07,2.43,3.03,2.07,2.3,15286546.0
2007-12-10,3.02,4.09,2.77,3.64,23391493.0
2007-12-11,3.33,4.24,1.72,2.16,38456367.0
2007-12-12,3.25,4.01,1.4,2.37,44364992.0
2007-12-13,2.05,2.48,0.95,1.98,41273001.0
2007-12-14,1.46,2.01,0.9,1.42,27651846.0
2007-12-17,1.04,1.72,0.58,0.75,19965649.0
2007-12-18,0.99,1.17,-0.65,0.12,25224981.0
2007-12-19,0.12,1.32,-0.12,0.2,21298489.0
2007-12-20,0.55,0.76,-0.73,-0.45,27147434.0
2007-12-21,0.14,0.4,-0.45,0.33,26418091.0
2007-12-24,0.36,1.33,0.36,1.05,7679621.0
2007-12-26,0.94,1.21,0.46,1.16,14578604.0
2007-12-27,0.82,0.92,-0.27,-0.14,16533263.0
2007-12-28,0.41,0.49,-0.96,-0.52,16852162.0
2007-12-31,-0.71,0.36,-0.99,-0.13,16361231.0
2008-01-02,-0.23,0.01,-1.78,-1.61,22125565.0
2008-01-03,-1.44,-1.13,-2.02,-1.9,17151723.0
2008-01-04,-2.37,-1.98,-3.15,-2.85,25873807.0
2008-01-07,-2.68,-2.2,-3.62,-2.44,25650562.0
2008-01-08,-2.32,-2.2,-4.36,-4.08,33647847.0
2008-01-09,-4.19,-3.44,-5.24,-3.52,33546825.0
2008-01-10,-4.01,-1.64,-4.48,-2.45,41864265.0
2008-01-11,-2.9,-1.68,-3.39,-2.92,37520426.0
2008-01-14,-2.51,-2.03,-3.18,-2.42,22816918.0
2008-01-15,-3.05,-3.05,-4.93,-4.61,45254794.0
2008-01-16,-3.32,-1.13,-3.57,-2.35,63183651.0
2008-01-17,-2.21,-2.1,-3.98,-3.74,39653309.0
2008-01-18,-3.54,-3.11,-5.26,-4.19,51919063.0
2008-01-22,-6.12,-1.78,-6.12,-2.92,57178514.0
2008-01-23,-3.38,2.37,-3.78,1.94,77138502.0
2008-01-24,2.05,2.23,0.48,1.18,52062970.0
2008-01-25,1.89,2.06,-0.57,-0.14,38410888.0
2008-01-28,0.01,1.82,-0.38,1.79,29739012.0
2008-01-29,2.16,4.02,0.97,3.67,56116750.0
2008-01-30,3.32,5.51,2.54,3.57,68346890.0
2008-01-31,2.63,4.41,2.07,3.62,55504631.0
2008-02-01,3.48,4.92,3.12,4.47,48839012.0
2008-02-04,4.05,4.36,2.25,2.44,28310182.0
2008-02-05,1.27,1.7,0.07,0.11,39046676.0
2008-02-06,0.49,0.96,-0.51,-0.06,27274782.0
2008-02-07,-0.39,1.8,-0.53,1.33,36819422.0
2008-02-08,1.18,1.18,-0.52,0.04,26058426.0
2008-02-11,0.11,0.22,-0.96,-0.43,25873943.0
2008-02-12,-0.12,0.67,-1.03,-0.47,27193377.0
2008-02-13,-0.23,0.39,-0.77,0.32,26533355.0
2008-02-14,0.27,0.32,-1.31,-1.17,31179952.0
2008-02-15,-1.37,-0.53,-1.77,-0.53,29037010.0
2008-02-19,-0.24,0.27,-1.61,-0.95,25812146.0
2008-02-20,-1.41,-0.44,-1.93,-0.63,30150921.0
2008-02-21,-0.64,-0.09,-1.56,-0.71,32883925.0
2008-02-22,-0.72,0.24,-1.87,0.15,30453056.0
2008-02-25,-0.35,0.67,-1.02,0.25,27917259.0
2008-02-26,-0.05,0.76,-0.37,-0.06,24989230.0
2008-02-27,-0.71,0.71,-1.16,0.63,38566939.0
2008-02-28,0.22,0.24,-1.39,-1.34,36608387.0
2008-02-29,-1.9,-1.81,-3.4,-3.13,36856972.0
2008-03-03,-3.23,-3.15,-4.35,-3.96,31482144.0
2008-03-04,-4.41,-4.2,-5.56,-4.59,56449288.0
2008-03-05,-4.42,-4.2,-5.67,-5.04,36325514.0
2008-03-06,-5.6,-5.55,-6.63,-6.41,44358883.0
2008-03-07,-6.89,-4.7,-7.17,-6.22,43263954.0
2008-03-10,-6.05,-5.52,-7.47,-7.3,41282906.0
2008-03-11,-5.3,-4.52,-6.62,-4.94,58410916.0
2008-03-12,-4.93,-3.55,-5.38,-5.17,44573337.0
2008-03-13,-5.94,-4.83,-7.15,-5.67,45538291.0
2008-03-14,-4.98,-4.98,-7.77,-7.24,77779621.0
2008-03-17,-6.78,-2.69,-6.78,-3.47,125322123.0
2008-03-18,-1.59,-0.9,-2.53,-1.07,76994238.0
2008-03-19,-0.52,1.11,-1.34,-1.31,70596937.0
2008-03-20,-0.87,2.67,-1.31,2.19,72777140.0
2008-03-24,1.64,4.38,1.24,2.77,66013717.0
2008-03-25,2.24,2.87,1.13,2.28,54490422.0
2008-03-26,1.49,1.59,0.19,0.33,41132183.0
2008-03-27,0.44,0.71,-0.92,-0.92,32155487.0
2008-03-28,-0.58,0.06,-1.13,-1.07,29012695.0
2008-03-31,-1.07,0.47,-1.17,-0.83,28926478.0
2008-04-01,1.35,3.22,0.88,3.22,54562519.0
2008-04-02,3.3,3.78,2.16,2.46,36599963.0
2008-04-03,1.59,3.25,1.54,2.5,30315612.0
2008-04-04,2.07,2.66,1.34,1.79,29876733.0
2008-04-07,2.65,2.96,1.27,1.76,24069396.0
2008-04-08,1.46,1.83,0.65,1.08,29197621.0
2008-04-09,1.4,1.4,0.3,0.52,28477121.0
2008-04-10,0.42,1.03,-0.2,0.08,32270157.0
2008-04-11,-0.46,0.12,-1.35,-1.25,41961843.0
2008-04-14,-1.38,-0.98,-2.61,-2.28,33774804.0
2008-04-15,-1.6,-1.08,-2.5,-1.66,37273599.0
2008-04-16,-0.25,1.18,-0.68,1.18,52572556.0
2008-04-17,0.56,1.54,0.39,1.34,30305258.0
2008-04-18,2.55,3.08,1.64,1.98,31398108.0
2008-04-21,1.51,1.7,0.82,1.45,23514890.0
2008-04-22,1.18,2.02,0.97,1.87,23704171.0
2008-04-23,1.63,2.26,0.91,1.37,23260941.0
2008-04-24,1.59,3.56,1.56,3.19,37771535.0
2008-04-25,3.51,4.09,2.76,4.01,24266582.0
2008-04-28,3.89,4.31,3.03,3.56,27177926.0
2008-04-29,3.56,3.96,2.84,3.3,20738790.0
2008-04-30,3.47,4.86,2.95,3.87,36286660.0
2008-05-01,3.9,5.7,3.9,5.47,31724188.0
2008-05-02,6.12,6.17,4.25,4.88,27945332.0
2008-05-05,4.54,4.86,4.07,4.22,19276936.0
2008-05-06,3.56,4.92,3.47,4.42,25447829.0
2008-05-07,4.44,4.65,2.61,2.79,27638963.0
2008-05-08,3.2,3.22,1.53,2.27,26109747.0
2008-05-09,1.97,3.15,1.74,2.79,21722541.0
2008-05-12,3.04,3.51,2.73,3.46,20300926.0
2008-05-13,3.26,3.46,1.44,1.7,27487245.0
2008-05-14,2.22,2.59,1.52,2.13,24139414.0
2008-05-15,2.27,3.26,1.8,3.24,27289909.0
2008-05-16,3.54,3.54,2.27,2.75,20881101.0
2008-05-19,2.77,3.44,2.09,2.21,19402352.0
2008-05-20,1.88,1.88,-0.28,-0.08,48998310.0
2008-05-21,0.02,0.27,-1.45,-1.36,40615912.0
2008-05-22,-1.38,-0.05,-1.68,-0.73,28883557.0
2008-05-23,-1.06,-0.88,-1.66,-1.46,21441760.0
2008-05-27,-1.38,-0.38,-1.48,-0.77,28457910.0
2008-05-28,-0.39,-0.35,-1.88,-0.92,31689864.0
2008-05-29,-1.09,0.28,-1.49,-0.21,22791079.0
2008-05-30,0.18,0.21,-0.91,-0.78,21394978.0
2008-06-02,-1.15,-1.01,-2.12,-1.63,30621114.0
2008-06-03,-1.25,-1.09,-2.59,-1.89,28906215.0
2008-06-04,-2.04,-1.43,-2.62,-2.15,30800252.0
2008-06-05,-1.88,-1.46,-2.38,-1.68,27756501.0
2008-06-06,-1.99,-1.99,-3.83,-3.69,39895257.0
2008-06-09,-3.46,-3.45,-7.36,-6.27,74860396.0
2008-06-10,-6.55,-4.55,-6.62,-5.49,54419385.0
2008-06-11,-5.28,-5.03,-6.71,-6.65,50971029.0
2008-06-12,-6.07,-5.03,-6.15,-5.77,53248442.0
2008-06-13,-5.39,-4.19,-5.98,-4.2,40469788.0
2008-06-16,-4.3,-3.13,-4.68,-3.84,34860163.0
2008-06-17,-3.42,-3.03,-4.83,-4.74,32510863.0
2008-06-18,-5.25,-4.53,-5.85,-5.04,35514472.0
2008-06-19,-4.99,-4.75,-6.96,-5.13,59945379.0
2008-06-20,-6.09,-4.59,-6.83,-5.92,55377221.0
2008-06-23,-5.79,-5.79,-7.27,-6.91,37742040.0
2008-06-24,-6.97,-5.52,-7.53,-6.06,43526293.0
2008-06-25,-5.84,-4.46,-6.28,-5.87,42317925.0
2008-06-26,-6.62,-6.2,-7.58,-7.46,45714251.0
2008-06-27,-7.33,-6.89,-9.58,-8.73,69316697.0
2008-06-30,-8.92,-8.28,-9.82,-9.47,50821599.0
2008-07-01,-10.09,-9.44,-11.45,-9.76,74621599.0
2008-07-02,-9.42,-8.04,-9.55,-9.18,51752983.0
2008-07-03,-8.66,-7.69,-9.29,-8.47,33060198.0
2008-07-07,-8.28,-7.83,-10.22,-9.74,48884383.0
2008-07-08,-9.48,-7.73,-10.36,-8.01,62289507.0
2008-07-09,-8.04,-7.04,-9.69,-9.5,50976763.0
2008-07-10,-9.78,-7.98,-10.23,-9.27,47812190.0
2008-07-11,-10.4,-9.33,-11.69,-10.62,71316650.0
2008-07-14,-9.59,-9.43,-12.1,-12.09,50370202.0
2008-07-15,-13.05,-10.96,-14.54,-12.76,88717736.0
2008-07-16,-11.48,-7.84,-12.28,-7.84,79957732.0
2008-07-17,-5.73,-2.79,-5.98,-2.98,132121391.0
2008-07-18,-2.58,-2.46,-4.58,-3.76,65411200.0
2008-07-21,-3.44,-2.83,-5.43,-5.13,41358838.0
2008-07-22,-5.62,-2.74,-6.17,-2.92,50104141.0
2008-07-23,-2.87,-0.78,-4.41,-1.82,59345347.0
2008-07-24,-1.72,-1.5,-4.74,-4.64,47454517.0
2008-07-25,-4.61,-3.34,-5.3,-4.26,35187986.0
2008-07-28,-4.37,-3.13,-6.37,-6.12,41676766.0
2008-07-29,-5.84,-3.03,-6.6,-3.03,50528418.0
2008-07-30,-2.37,-1.71,-3.81,-2.21,47957333.0
2008-07-31,-3.15,-1.82,-3.48,-3.15,37395434.0
2008-08-01,-2.67,-2.03,-4.01,-3.02,30776580.0
2008-08-04,-3.64,-2.89,-4.87,-3.64,27747977.0
2008-08-05,-2.51,-1.78,-3.57,-1.89,35763838.0
2008-08-06,-2.43,-1.51,-3.44,-2.39,33010549.0
2008-08-07,-3.1,-2.23,-4.3,-3.97,42712984.0
2008-08-08,-4.27,-2.13,-4.38,-2.71,37175212.0
2008-08-11,-2.99,-0.93,-3.41,-1.89,34644101.0
2008-08-12,-2.79,-2.77,-6.76,-5.86,65248229.0
2008-08-13,-6.14,-6.13,-7.63,-6.87,48577059.0
2008-08-14,-7.19,-5.35,-7.36,-5.97,41145372.0
2008-08-15,-5.73,-5.07,-6.41,-5.71,36657889.0
2008-08-18,-5.86,-5.75,-7.13,-7.04,32193039.0
2008-08-19,-7.77,-7.38,-8.78,-8.2,41426394.0
2008-08-20,-8.26,-6.71,-8.76,-6.78,39064903.0
2008-08-21,-7.6,-7.18,-7.99,-7.52,30564443.0
2008-08-22,-6.56,-5.53,-6.92,-6.11,36029104.0
2008-08-25,-6.38,-6.33,-7.7,-7.65,27089443.0
2008-08-26,-7.61,-6.66,-7.88,-7.17,28810766.0
2008-08-27,-7.23,-6.56,-7.91,-6.64,23812712.0
2008-08-28,-6.12,-4.9,-6.55,-4.9,34726122.0
2008-08-29,-5.27,-4.84,-5.69,-5.29,23329136.0
2008-09-02,-4.22,-3.76,-5.28,-4.79,33268058.0
2008-09-03,-4.87,-4.03,-5.34,-4.07,28788627.0
2008-09-04,-4.48,-4.0,-5.95,-5.87,41525372.0
2008-09-05,-6.28,-4.03,-6.43,-4.18,42101323.0
2008-09-08,-1.39,-0.12,-3.78,-2.23,85630403.0
2008-09-09,-2.97,-1.84,-4.33,-4.31,56440001.0
2008-09-10,-3.79,-3.34,-4.99,-4.38,46100363.0
2008-09-11,-5.53,-2.09,-5.86,-2.13,57019203.0
2008-09-12,-2.94,-1.82,-3.59,-2.61,51419142.0
2008-09-15,-5.39,-1.93,-6.78,-6.78,92491685.0
2008-09-16,-8.2,-2.83,-8.76,-3.04,90368132.0
2008-09-17,-4.7,-3.1,-8.28,-8.01,104396209.0
2008-09-18,-7.25,-2.73,-9.74,-3.48,132981963.0
2008-09-19,3.22,4.22,-1.23,3.27,88526533.0
2008-09-22,1.91,2.12,-3.03,-2.98,44934162.0
2008-09-23,-3.23,-1.6,-3.72,-3.22,32443356.0
2008-09-24,-2.28,-1.28,-3.56,-3.28,27195353.0
2008-09-25,-1.53,1.22,-2.48,-0.32,36831253.0
2008-09-26,-3.23,5.22,-3.3,4.46,148081388.0
2008-09-29,2.8,3.72,-2.79,-2.78,79527968.0
2008-09-30,0.85,3.61,-0.01,2.92,67003178.0
2008-10-01,3.13,6.22,2.52,5.85,59471551.0
2008-10-02,5.47,6.07,2.94,6.07,53953237.0
2008-10-03,6.53,6.85,1.45,2.12,68646721.0
2008-10-06,-0.29,1.37,-2.08,0.22,63084020.0
2008-10-07,1.65,1.96,-4.47,-4.46,62406647.0
2008-10-08,-4.85,-0.23,-5.28,-4.48,75707795.0
2008-10-09,-2.75,-1.09,-7.15,-7.1,88839626.0
2008-10-10,-8.75,-1.78,-8.76,-2.14,112986930.0
2008-10-13,0.13,0.3,-4.12,-1.79,81687754.0
2008-10-14,-0.45,-0.23,-4.12,-3.07,95310299.0
2008-10-15,-4.45,-1.99,-5.78,-5.29,84755611.0
2008-10-16,-4.76,-2.78,-7.47,-3.29,75112397.0
2008-10-17,-4.15,-2.39,-4.72,-4.45,60995874.0
2008-10-20,-3.77,-3.08,-4.98,-3.12,44734564.0
2008-10-21,-3.86,-2.51,-4.18,-4.04,41780682.0
2008-10-22,-4.63,-3.73,-7.77,-6.61,60825194.0
2008-10-23,-6.42,-5.03,-7.96,-5.93,63923507.0
2008-10-24,-8.66,-6.05,-9.27,-8.35,61978019.0
2008-10-27,-8.68,-7.88,-10.45,-9.78,62725763.0
2008-10-28,-8.83,-6.06,-11.26,-6.18,73063021.0
2008-10-29,-6.67,-5.4,-8.27,-8.07,61839377.0
2008-10-30,-6.89,-5.78,-7.75,-6.16,47371930.0
2008-10-31,-6.49,-2.53,-6.5,-2.53,86951791.0
2008-11-03,-2.53,-2.53,-3.58,-3.05,45064073.0
2008-11-04,-2.53,-1.36,-2.9,-1.61,48943298.0
2008-11-05,-2.05,-1.28,-5.16,-4.56,53534431.0
2008-11-06,-4.82,-4.02,-5.92,-5.52,56490009.0
2008-11-07,-5.55,-5.26,-7.31,-6.03,50214337.0
2008-11-10,-5.5,-5.3,-8.13,-7.37,41561476.0
2008-11-11,-7.96,-6.33,-8.51,-7.43,61582855.0
2008-11-12,-8.36,-7.48,-9.47,-9.21,56734163.0
2008-11-13,-9.13,-6.28,-10.28,-6.59,74525841.0
2008-11-14,-7.45,-6.87,-9.62,-9.31,55940940.0
2008-11-17,-9.96,-8.91,-11.28,-11.01,57572845.0
2008-11-18,-11.02,-10.68,-13.42,-11.64,67814927.0
2008-11-19,-12.09,-11.76,-15.5,-15.31,90241837.0
2008-11-20,-16.04,-15.07,-21.46,-20.4,160729901.0
2008-11-21,-20.04,-19.36,-24.09,-21.06,194090479.0
2008-11-24,-19.86,-15.44,-21.28,-16.2,137388907.0
2008-11-25,-14.15,-13.07,-15.28,-14.01,105442865.0
2008-11-26,-15.02,-13.03,-15.61,-13.16,55646925.0
2008-11-28,-13.42,-11.85,-13.65,-12.12,23159136.0
2008-12-01,-13.11,-13.08,-17.76,-17.66,71001502.0
2008-12-02,-17.24,-14.88,-19.17,-15.25,81331920.0
2008-12-03,-16.34,-13.04,-16.74,-13.53,64929930.0
2008-12-04,-13.94,-10.88,-14.03,-12.7,80726595.0
2008-12-05,-13.37,-9.78,-14.05,-10.43,73640026.0
2008-12-08,-9.81,-6.08,-10.18,-7.29,84593426.0
2008-12-09,-8.11,-8.08,-10.12,-9.82,65861143.0
2008-12-10,-9.38,-8.82,-10.7,-10.26,47941532.0
2008-12-11,-11.18,-11.02,-14.04,-13.84,70929016.0
2008-12-12,-15.34,-12.56,-15.77,-12.84,59970270.0
2008-12-15,-14.44,-14.0,-15.61,-15.15,51635798.0
2008-12-16,-14.77,-11.03,-14.94,-11.43,75848261.0
2008-12-17,-12.28,-10.89,-12.73,-11.92,47420387.0
2008-12-18,-11.62,-11.19,-13.66,-13.57,57504018.0
2008-12-19,-13.67,-12.53,-14.0,-13.46,55697986.0
2008-12-22,-13.14,-12.59,-14.27,-13.96,36397404.0
2008-12-23,-13.55,-13.38,-14.67,-14.67,27001097.0
2008-12-24,-15.13,-13.9,-15.13,-13.93,12350122.0
2008-12-26,-13.73,-13.52,-14.53,-13.98,12641336.0
2008-12-29,-13.79,-13.76,-14.98,-14.0,22343234.0
2008-12-30,-13.89,-12.73,-13.9,-12.77,29847418.0
2008-12-31,-13.08,-11.84,-13.34,-12.25,25897370.0
2009-01-02,-12.59,-12.14,-13.31,-12.43,32506746.0
2009-01-05,-13.05,-13.01,-14.7,-14.53,44163158.0
2009-01-06,-13.99,-13.36,-14.27,-13.9,44252516.0
2009-01-07,-14.63,-14.38,-15.78,-15.69,42227658.0
2009-01-08,-15.88,-15.83,-16.92,-16.56,52075769.0
2009-01-09,-16.23,-16.23,-17.97,-17.81,42626443.0
2009-01-12,-17.86,-17.63,-19.28,-18.87,59372032.0
2009-01-13,-18.57,-17.19,-19.51,-17.43,73433094.0
2009-01-14,-18.19,-17.5,-19.02,-17.87,73975844.0
2009-01-15,-17.24,-16.73,-20.02,-19.44,136884131.0
2009-01-16,-18.95,-18.78,-23.25,-20.96,156865231.0
2009-01-20,-22.78,-22.51,-26.08,-25.69,142148970.0
2009-01-21,-24.49,-20.94,-24.9,-21.15,136495297.0
2009-01-22,-21.42,-19.95,-22.57,-20.68,110240773.0
2009-01-23,-21.86,-19.2,-21.97,-19.5,74369285.0
2009-01-26,-18.78,-18.03,-20.04,-19.28,74303271.0
2009-01-27,-18.66,-18.61,-19.72,-18.72,50830776.0
2009-01-28,-16.59,-16.01,-17.44,-16.12,91437908.0
2009-01-29,-17.04,-16.6,-18.53,-18.35,58668040.0
2009-01-30,-17.97,-16.8,-19.18,-18.27,74967561.0
2009-02-02,-18.78,-18.1,-19.43,-18.58,51543045.0
2009-02-03,-18.75,-18.33,-20.08,-19.73,66189128.0
2009-02-04,-19.53,-18.28,-20.04,-19.74,55330745.0
2009-02-05,-20.04,-18.46,-21.29,-19.24,79815430.0
2009-02-06,-18.27,-15.98,-18.48,-16.15,76845117.0
2009-02-09,-17.13,-15.81,-17.48,-16.5,54402994.0
2009-02-10,-16.92,-16.17,-19.48,-19.16,91948693.0
2009-02-11,-18.53,-17.16,-18.64,-17.69,64719064.0
2009-02-12,-18.43,-17.56,-19.61,-17.59,80536354.0
2009-02-13,-18.53,-17.89,-19.12,-19.09,58581624.0
2009-02-17,-20.98,-20.58,-22.13,-22.13,91426193.0
2009-02-18,-21.6,-21.48,-22.78,-22.27,82868416.0
2009-02-19,-21.71,-21.48,-23.24,-23.18,66504587.0
2009-02-20,-24.07,-22.78,-25.03,-23.88,135941533.0
2009-02-23,-22.88,-22.22,-24.3,-24.27,101617093.0
2009-02-24,-23.65,-22.68,-24.82,-22.76,186379922.0
2009-02-25,-22.95,-20.56,-23.66,-22.05,135795222.0
2009-02-26,-20.46,-19.6,-20.98,-20.73,125044404.0
2009-02-27,-22.15,-20.18,-22.23,-20.93,109879899.0
2009-03-02,-22.08,-21.35,-22.71,-22.62,94985408.0
2009-03-03,-22.1,-21.88,-23.18,-22.77,85590036.0
2009-03-04,-22.04,-22.04,-24.98,-24.48,145009784.0
2009-03-05,-25.28,-24.78,-27.74,-27.18,153822917.0
2009-03-06,-26.59,-26.11,-28.82,-27.85,155156925.0
2009-03-09,-28.41,-26.49,-28.76,-27.88,132882830.0
2009-03-10,-26.43,-24.28,-26.65,-24.28,149121782.0
2009-03-11,-23.43,-22.87,-24.66,-23.38,155494611.0
2009-03-12,-23.63,-20.45,-23.78,-20.58,152008868.0
2009-03-13,-20.19,-19.45,-20.87,-20.03,120476051.0
2009-03-16,-19.47,-18.51,-20.82,-20.69,125074778.0
2009-03-17,-20.48,-18.56,-21.51,-18.64,99940883.0
2009-03-18,-18.96,-16.45,-19.6,-16.67,142135197.0
2009-03-19,-16.53,-16.37,-19.19,-18.83,124939674.0
2009-03-20,-19.12,-19.0,-20.63,-20.63,108959520.0
2009-03-23,-18.48,-14.61,-18.65,-14.92,146880388.0
2009-03-24,-15.73,-14.48,-17.58,-17.56,133028501.0
2009-03-25,-16.59,-15.07,-17.85,-15.22,149502069.0
2009-03-26,-14.73,-14.18,-16.13,-14.68,133724931.0
2009-03-27,-15.51,-14.58,-16.5,-16.38,108619766.0
2009-03-30,-18.11,-17.41,-19.0,-18.93,104860471.0
2009-03-31,-18.05,-16.68,-18.93,-17.2,84307321.0
2009-04-01,-18.49,-15.5,-18.49,-15.64,106016822.0
2009-04-02,-14.2,-14.11,-16.37,-15.62,131840770.0
2009-04-03,-15.8,-14.5,-16.28,-14.5,80949489.0
2009-04-06,-15.51,-14.88,-16.1,-15.58,72187952.0
2009-04-07,-16.5,-15.73,-16.77,-16.53,73652589.0
2009-04-08,-16.33,-15.95,-17.27,-16.35,66538258.0
2009-04-09,-13.34,-10.69,-13.58,-11.03,147913000.0
2009-04-13,-11.77,-9.63,-11.97,-10.08,110196125.0
2009-04-14,-10.74,-10.53,-13.13,-13.08,109541379.0
2009-04-15,-13.16,-10.81,-13.51,-11.22,108069349.0
2009-04-16,-9.77,-9.77,-11.42,-10.54,132955926.0
2009-04-17,-10.43,-9.8,-11.25,-10.52,104962031.0
2009-04-20,-12.0,-11.36,-14.14,-14.09,109372119.0
2009-04-21,-14.71,-10.87,-14.91,-11.25,115629287.0
2009-04-22,-12.14,-9.65,-12.46,-11.88,124080216.0
2009-04-23,-11.55,-10.03,-12.12,-10.57,89366443.0
2009-04-24,-10.12,-9.28,-11.53,-10.4,117098029.0
2009-04-27,-11.25,-10.01,-11.38,-11.0,67841866.0
2009-04-28,-11.43,-10.06,-11.5,-10.99,65809864.0
2009-04-29,-10.34,-9.22,-10.53,-9.3,84731203.0
2009-04-30,-8.77,-8.57,-11.03,-10.78,94556895.0
2009-05-01,-10.93,-10.01,-11.72,-11.29,68254057.0
2009-05-04,-10.72,-7.8,-10.88,-7.99,100918366.0
2009-05-05,-8.33,-7.83,-9.32,-8.96,63510239.0
2009-05-06,-7.96,-6.43,-8.22,-6.56,102644801.0
2009-05-07,-5.28,-5.06,-9.05,-8.54,113228334.0
2009-05-08,-6.98,-4.84,-7.58,-4.84,110026329.0
2009-05-11,-6.43,-5.6,-7.95,-7.95,86792047.0
2009-05-12,-7.54,-7.52,-9.72,-8.42,94138105.0
2009-05-13,-9.08,-8.51,-10.1,-9.73,82139252.0
2009-05-14,-9.66,-8.16,-9.96,-8.24,68764429.0
2009-05-15,-8.33,-8.1,-9.38,-8.87,68298670.0
2009-05-18,-8.07,-6.43,-8.58,-6.52,71724186.0
2009-05-19,-6.48,-6.1,-8.01,-7.97,59854640.0
2009-05-20,-7.17,-7.02,-9.52,-9.23,77086760.0
2009-05-21,-9.59,-8.42,-10.11,-8.88,65065317.0
2009-05-22,-8.52,-8.48,-9.37,-9.37,39229944.0
2009-05-26,-9.66,-7.22,-9.66,-7.24,65482800.0
2009-05-27,-7.28,-7.06,-9.12,-9.12,76390957.0
2009-05-28,-8.64,-7.11,-9.18,-7.13,66106932.0
2009-05-29,-7.43,-6.71,-8.1,-6.88,61941772.0
2009-06-01,-6.38,-6.05,-8.01,-7.67,90171130.0
2009-06-02,-8.71,-8.26,-9.33,-9.28,159366731.0
2009-06-03,-9.38,-8.81,-10.13,-9.8,72128755.0
2009-06-04,-9.38,-8.34,-9.55,-8.43,70945368.0
2009-06-05,-8.06,-8.02,-9.28,-9.23,61583733.0
2009-06-08,-9.23,-8.05,-9.23,-8.39,61610233.0
2009-06-09,-8.06,-8.0,-8.69,-8.52,58983623.0
2009-06-10,-8.21,-8.11,-9.41,-8.94,60183308.0
2009-06-11,-8.71,-7.91,-9.24,-8.84,66553255.0
2009-06-12,-8.92,-8.34,-8.98,-8.65,41164088.0
2009-06-15,-8.9,-8.74,-9.85,-9.78,55381018.0
2009-06-16,-9.51,-9.39,-10.4,-10.28,56339577.0
2009-06-17,-10.35,-10.26,-11.6,-11.05,65451584.0
2009-06-18,-10.93,-9.47,-10.94,-9.61,63857383.0
2009-06-19,-9.13,-8.66,-9.99,-8.78,77009068.0
2009-06-22,-9.09,-8.78,-10.92,-10.91,70391403.0
2009-06-23,-10.67,-9.69,-10.86,-10.21,59044263.0
2009-06-24,-10.0,-9.85,-10.71,-10.32,50434279.0
2009-06-25,-10.3,-9.6,-10.97,-9.64,57203588.0
2009-06-26,-9.9,-9.04,-10.3,-9.33,46722495.0
2009-06-29,-9.23,-9.08,-9.74,-9.18,34908655.0
2009-06-30,-9.18,-8.99,-9.91,-9.67,39470545.0
2009-07-01,-9.51,-9.21,-10.13,-10.01,36467892.0
2009-07-02,-10.42,-10.01,-11.51,-11.51,38352125.0
2009-07-06,-11.75,-11.18,-12.19,-11.18,60663268.0
2009-07-07,-11.15,-10.38,-11.65,-10.97,56703441.0
2009-07-08,-10.85,-10.29,-11.99,-11.07,71787409.0
2009-07-09,-10.89,-10.03,-10.91,-10.16,41652960.0
2009-07-10,-10.47,-10.11,-11.57,-11.44,51025324.0
2009-07-13,-10.91,-9.07,-11.35,-9.07,70451619.0
2009-07-14,-9.25,-8.69,-9.72,-9.08,52916718.0
2009-07-15,-8.67,-7.02,-8.77,-7.52,84014264.0
2009-07-16,-8.28,-7.37,-8.56,-7.65,71446391.0
2009-07-17,-7.36,-6.58,-7.6,-6.89,61737631.0
2009-07-20,-6.76,-6.34,-7.19,-6.8,43550064.0
2009-07-21,-6.58,-6.47,-7.18,-6.84,43517273.0
2009-07-22,-7.38,-6.45,-7.57,-6.95,40141376.0
2009-07-23,-6.83,-5.31,-7.21,-5.63,56534844.0
2009-07-24,-5.73,-5.53,-6.38,-5.86,35331269.0
2009-07-27,-5.81,-5.28,-6.21,-5.65,30489149.0
2009-07-28,-6.04,-5.58,-6.13,-5.7,29035302.0
2009-07-29,-5.99,-5.54,-6.34,-6.01,29934538.0
2009-07-30,-5.65,-4.5,-5.88,-5.31,38529372.0
2009-07-31,-5.4,-5.13,-5.85,-5.13,39089490.0
2009-08-03,-4.66,-4.03,-4.79,-4.18,42955990.0
2009-08-04,-4.51,-3.28,-4.61,-3.57,43264677.0
2009-08-05,-3.44,-1.58,-3.52,-2.0,63224463.0
2009-08-06,-1.5,-1.32,-3.56,-3.03,54126110.0
2009-08-07,-2.5,-0.65,-2.6,-1.42,65627267.0
2009-08-10,-1.75,-0.56,-1.77,-1.09,43670422.0
2009-08-11,-1.5,-1.27,-2.84,-2.54,49980963.0
2009-08-12,-2.59,-1.33,-2.75,-1.57,42990121.0
2009-08-13,-1.05,-0.78,-1.97,-0.88,40323537.0
2009-08-14,-1.15,-0.93,-1.98,-1.33,38393646.0
2009-08-17,-2.57,-2.2,-3.07,-3.05,38949858.0
2009-08-18,-2.68,-1.9,-2.72,-2.08,28976133.0
2009-08-19,-2.63,-1.88,-2.78,-2.37,29348495.0
2009-08-20,-2.25,-1.15,-2.3,-1.36,29591901.0
2009-08-21,-0.92,0.03,-1.25,-0.12,42780813.0
2009-08-24,0.08,0.46,-0.83,-0.77,40212974.0
2009-08-25,-0.39,0.36,-0.48,-0.2,34779712.0
2009-08-26,-0.39,0.0,-0.86,-0.48,31853884.0
2009-08-27,-0.73,-0.15,-1.24,-0.33,28513816.0
2009-08-28,0.03,0.08,-1.27,-0.86,27230569.0
2009-08-31,-1.34,-0.18,-1.72,-0.32,31214034.0
2009-09-01,-0.7,0.04,-2.22,-2.11,51347915.0
2009-09-02,-2.27,-1.67,-3.03,-2.92,35799067.0
2009-09-03,-2.55,-1.53,-2.67,-1.67,34970012.0
2009-09-04,-1.45,-1.29,-1.99,-1.44,21880108.0
2009-09-07,-1.45,-1.29,-1.99,-1.44,21880108.0
2009-09-08,-0.99,-0.74,-1.93,-1.24,28069152.0
2009-09-09,-1.18,-0.71,-1.39,-0.92,29009975.0
2009-09-10,-1.05,-0.63,-1.58,-0.76,25088971.0
2009-09-11,-0.65,-0.39,-1.3,-1.28,27267786.0
2009-09-14,-1.7,0.07,-1.77,-0.03,28874054.0
2009-09-15,-0.17,0.41,-1.23,-0.59,49858311.0
2009-09-16,-0.43,0.9,-0.57,0.87,38466726.0
2009-09-17,0.51,1.33,0.42,1.18,35703819.0
2009-09-18,1.46,1.56,0.92,1.17,39234458.0
2009-09-21,0.76,1.02,0.44,0.77,24012552.0
2009-09-22,1.03,2.71,0.7,2.69,41041247.0
2009-09-23,2.62,2.72,1.2,1.28,34364061.0
2009-09-24,1.43,2.02,0.48,0.59,42229994.0
2009-09-25,0.37,0.5,-0.44,-0.13,30982412.0
2009-09-28,0.19,1.05,-0.09,1.03,24194801.0
2009-09-29,1.11,1.42,0.65,1.1,23830316.0
2009-09-30,1.02,1.11,-0.35,0.04,40704326.0
2009-10-01,-0.38,-0.22,-2.42,-2.41,50373316.0
2009-10-02,-2.96,-1.38,-3.25,-1.92,43026991.0
2009-10-05,-1.3,0.15,-1.43,0.02,34089544.0
2009-10-06,0.58,1.22,0.29,1.13,41586759.0
2009-10-07,0.82,2.04,0.68,1.92,36071927.0
2009-10-08,2.26,2.66,1.27,1.52,36572145.0
2009-10-09,1.68,2.16,1.3,2.07,25908637.0
2009-10-12,2.59,2.64,1.57,2.3,24156000.0
2009-10-13,1.87,2.25,0.75,1.88,45525931.0
2009-10-14,3.41,3.69,2.85,3.38,70264299.0
2009-10-15,2.58,3.54,2.58,3.38,36060345.0
2009-10-16,2.92,3.1,2.22,2.28,37426849.0
2009-10-19,2.64,2.65,1.67,2.2,30375953.0
2009-10-20,2.03,2.81,1.99,2.25,30605887.0
2009-10-21,2.24,2.64,0.87,0.87,32945142.0
2009-10-22,1.14,2.09,1.05,1.93,32174443.0
2009-10-23,1.92,2.42,1.18,1.45,27627904.0
2009-10-26,1.34,1.43,-0.23,0.04,42055958.0
2009-10-27,0.21,0.88,-0.11,0.12,38057889.0
2009-10-28,-0.05,0.03,-1.28,-1.1,45636595.0
2009-10-29,-0.56,0.62,-1.02,0.57,35858004.0
2009-10-30,0.17,0.19,-2.05,-2.01,58149078.0
2009-11-02,-1.6,-0.93,-2.26,-1.36,40790982.0
2009-11-03,-1.69,-0.82,-1.8,-1.14,26038505.0
2009-11-04,-0.57,-0.09,-1.5,-1.42,34094207.0
2009-11-05,-1.18,0.09,-1.38,-0.18,25353515.0
2009-11-06,-0.64,-0.09,-0.87,-0.41,22958896.0
2009-11-09,0.15,0.36,-0.48,0.32,29935299.0
2009-11-10,0.36,0.54,-0.23,0.37,26901271.0
2009-11-11,0.56,1.21,0.0,0.51,29224295.0
2009-11-12,0.3,0.87,-0.78,-0.63,28037881.0
2009-11-13,-0.62,-0.49,-1.42,-1.03,32224155.0
2009-11-16,-0.53,-0.17,-1.02,-0.85,37678453.0
2009-11-17,-0.86,-0.62,-1.24,-0.72,22574886.0
2009-11-18,-0.64,-0.28,-0.84,-0.58,17795508.0
2009-11-19,-0.68,-0.6,-1.52,-1.24,21842690.0
2009-11-20,-1.31,-1.04,-1.63,-1.11,21882982.0
2009-11-23,-0.83,-0.14,-1.08,-0.73,26470830.0
2009-11-24,-0.52,-0.5,-1.54,-1.36,27620885.0
2009-11-25,-1.11,-1.11,-1.84,-1.68,23434240.0
2009-11-27,-2.8,-1.88,-3.03,-2.45,26228677.0
2009-11-30,-2.22,-1.49,-2.29,-1.49,24526170.0
2009-12-01,-1.18,-1.08,-2.18,-1.68,34103295.0
2009-12-02,-1.63,-1.63,-2.31,-1.9,29432786.0
2009-12-03,-1.48,-0.69,-2.42,-2.3,47446140.0
2009-12-04,-1.53,-1.27,-2.56,-2.3,53203275.0
2009-12-07,-2.15,-1.82,-2.72,-2.46,25279492.0
2009-12-08,-2.77,-2.38,-3.16,-2.6,36423708.0
2009-12-09,-2.53,-2.27,-3.18,-2.55,34961318.0
2009-12-10,-2.42,-2.22,-3.13,-2.63,29842759.0
2009-12-11,-2.79,-2.53,-3.03,-2.97,39847492.0
2009-12-14,-2.77,-1.85,-3.08,-1.98,31708218.0
2009-12-15,-2.28,-2.08,-3.16,-2.95,35161178.0
2009-12-16,-2.61,-2.08,-2.9,-2.46,31227680.0
2009-12-17,-2.72,-2.66,-3.59,-3.46,38026300.0
2009-12-18,-3.25,-2.59,-3.75,-2.9,36516174.0
2009-12-21,-2.23,-1.54,-2.28,-1.9,32599667.0
2009-12-22,-1.78,-1.68,-2.09,-1.92,19941243.0
2009-12-23,-1.94,-1.84,-2.31,-2.3,20538589.0
2009-12-24,-2.1,-1.89,-2.27,-1.89,7956228.0
2009-12-28,-1.93,-1.65,-2.22,-2.1,10908731.0
2009-12-29,-2.05,-1.98,-2.32,-2.15,13343833.0
2009-12-30,-2.51,-2.16,-2.55,-2.3,13647550.0
2009-12-31,-2.16,-1.65,-2.33,-1.95,15182466.0
2010-01-04,-1.99,-0.79,-2.11,-0.89,30578568.0
2010-01-05,-0.99,0.05,-1.0,0.02,35125229.0
2010-01-06,-0.33,0.31,-0.47,0.16,25533931.0
2010-01-07,0.01,1.34,-0.17,1.11,38157537.0
2010-01-08,0.59,0.89,0.3,0.78,29881710.0
2010-01-11,1.34,1.41,0.53,0.82,29614258.0
2010-01-12,0.21,0.37,-0.84,-0.5,40425849.0
2010-01-13,-0.23,0.75,-0.91,0.65,34065119.0
2010-01-14,0.42,1.01,0.32,0.94,32842645.0
2010-01-15,0.52,0.65,-0.44,-0.04,63426046.0
2010-01-19,-0.38,-0.03,-0.88,-0.49,35745308.0
2010-01-20,-0.77,-0.1,-1.07,-0.28,36719650.0
2010-01-21,-0.74,-0.63,-3.46,-3.18,126569645.0
2010-01-22,-3.13,-2.58,-4.96,-4.89,97525983.0
2010-01-25,-4.02,-3.89,-4.94,-4.36,49579088.0
2010-01-26,-4.78,-3.94,-5.5,-5.42,45804001.0
2010-01-27,-5.43,-4.29,-5.71,-4.43,59521301.0
2010-01-28,-4.1,-3.74,-5.06,-4.2,59349499.0
2010-01-29,-4.13,-3.93,-4.98,-4.75,45143771.0
2010-02-01,-4.68,-3.85,-4.83,-4.34,32470172.0
2010-02-02,-3.98,-3.1,-4.08,-3.23,46004219.0
2010-02-03,-3.2,-2.68,-3.61,-3.49,37374021.0
2010-02-04,-3.99,-3.86,-5.43,-5.43,57202147.0
2010-02-05,-5.14,-4.9,-6.76,-5.48,75207037.0
2010-02-08,-5.49,-5.49,-6.46,-6.08,58311438.0
2010-02-09,-5.59,-5.08,-5.94,-5.39,45177325.0
2010-02-10,-5.14,-4.28,-5.26,-4.91,39305668.0
2010-02-11,-4.94,-4.41,-5.42,-4.76,33807951.0
2010-02-12,-5.11,-4.6,-5.42,-4.83,38033554.0
2010-02-16,-4.45,-3.64,-5.03,-3.71,46185359.0
2010-02-17,-3.52,-3.33,-4.02,-3.74,34375468.0
2010-02-18,-3.84,-3.27,-4.01,-3.37,31688546.0
2010-02-19,-3.67,-3.08,-3.88,-3.75,40284185.0
2010-02-22,-3.38,-2.48,-3.53,-2.93,43862439.0
2010-02-23,-2.88,-2.53,-4.02,-3.9,52183307.0
2010-02-24,-3.73,-2.81,-3.78,-2.93,44610041.0
2010-02-25,-3.62,-3.09,-4.08,-3.14,46483667.0
2010-02-26,-3.09,-1.48,-3.18,-1.81,67221228.0
2010-03-01,-1.75,-1.6,-2.37,-1.95,34166111.0
2010-03-02,-1.8,-1.38,-2.42,-2.16,33873170.0
2010-03-03,-2.13,-1.72,-2.44,-2.25,27540439.0
2010-03-04,-1.87,-1.7,-2.12,-1.86,25395936.0
2010-03-05,-1.46,-0.91,-1.59,-0.97,34602094.0
2010-03-08,-0.93,-0.75,-1.31,-1.19,28409086.0
2010-03-09,-1.39,-0.96,-1.73,-1.36,36978285.0
2010-03-10,-0.91,-0.29,-0.97,-0.85,40838989.0
2010-03-11,-0.87,-0.58,-0.98,-0.6,30108335.0
2010-03-12,-0.44,-0.24,-0.93,-0.63,31361093.0
2010-03-15,-0.86,-0.57,-1.18,-0.71,29125047.0
2010-03-16,-0.43,-0.4,-1.09,-0.54,28532854.0
2010-03-17,-0.47,0.33,-0.52,0.01,32890982.0
2010-03-18,-0.03,0.01,-0.63,-0.14,25957069.0
2010-03-19,-0.06,0.11,-0.65,-0.33,36994621.0
2010-03-22,-0.71,0.01,-0.74,-0.04,23183151.0
2010-03-23,0.07,0.96,0.0,0.8,33611693.0
2010-03-24,0.66,1.19,0.42,1.16,35848301.0
2010-03-25,1.2,2.27,1.11,1.16,44994518.0
2010-03-26,1.26,2.11,1.01,1.24,39711946.0
2010-03-29,1.47,1.6,0.68,1.08,30604746.0
2010-03-30,1.12,1.27,0.57,0.8,30294364.0
2010-03-31,0.53,1.22,0.47,0.97,39040859.0
2010-04-01,1.25,1.53,1.21,1.4,23894557.0
2010-04-05,1.5,1.62,1.01,1.56,21341328.0
2010-04-06,1.45,2.16,1.37,2.06,27966426.0
2010-04-07,2.05,2.26,1.24,1.54,28873371.0
2010-04-08,1.38,2.19,1.03,1.98,28865074.0
2010-04-09,2.1,2.44,1.67,2.2,22835679.0
2010-04-12,2.25,2.69,2.12,2.36,24630935.0
2010-04-13,2.26,2.6,2.07,2.09,27910861.0
2010-04-14,3.62,4.15,3.0,3.95,72478205.0
2010-04-15,3.87,4.42,3.71,4.03,45417453.0
2010-04-16,3.89,3.97,1.36,1.77,121203413.0
2010-04-19,1.45,1.92,0.81,1.61,72140949.0
2010-04-20,1.99,2.37,1.78,2.1,39311529.0
2010-04-21,2.26,2.61,1.22,1.57,46326028.0
2010-04-22,1.13,1.34,0.25,0.96,63176393.0
2010-04-23,0.95,1.29,0.47,1.16,32489174.0
2010-04-26,1.0,1.03,-0.05,0.11,42884979.0
2010-04-27,-0.3,0.59,-1.48,-1.37,66292477.0
2010-04-28,-0.94,-0.08,-1.0,-0.32,48583612.0
2010-04-29,0.11,0.55,-0.19,0.22,36512803.0
2010-04-30,0.24,0.27,-1.55,-1.2,54121062.0
2010-05-03,-0.81,-0.05,-0.89,-0.25,31229654.0
2010-05-04,-0.81,-0.42,-1.53,-1.31,48987589.0
2010-05-05,-1.67,-0.41,-2.16,-1.15,43059432.0
2010-05-06,-1.15,-1.0,-4.49,-2.97,78215464.0
2010-05-07,-2.75,-1.94,-4.0,-3.02,72976271.0
2010-05-10,-1.46,-0.48,-2.36,-1.83,66576289.0
2010-05-11,-2.32,-1.23,-2.63,-2.23,50765130.0
2010-05-12,-2.04,-1.99,-2.97,-2.09,47701427.0
2010-05-13,-2.34,-2.18,-3.0,-2.97,35327507.0
2010-05-14,-3.68,-3.68,-4.57,-3.89,60719888.0
2010-05-17,-3.85,-3.74,-5.01,-3.94,56506143.0
2010-05-18,-3.16,-3.16,-5.23,-4.76,61744040.0
2010-05-19,-5.24,-4.12,-5.26,-4.4,64602320.0
2010-05-20,-5.23,-4.53,-6.47,-5.95,76560786.0
2010-05-21,-6.76,-3.62,-6.76,-3.73,89588793.0
2010-05-24,-3.62,-3.53,-5.28,-5.16,49241716.0
2010-05-25,-6.11,-4.77,-6.43,-4.84,66812330.0
2010-05-26,-4.59,-4.28,-5.31,-5.0,50720994.0
2010-05-27,-4.2,-3.29,-4.38,-3.36,44851107.0
2010-05-28,-3.45,-3.43,-4.42,-4.2,41252340.0
2010-06-01,-4.46,-3.82,-5.28,-5.24,37846269.0
2010-06-02,-4.61,-4.16,-5.11,-4.23,39616608.0
2010-06-03,-3.92,-3.84,-5.16,-4.68,30952859.0
2010-06-04,-5.29,-5.08,-6.28,-6.16,52868851.0
2010-06-07,-5.99,-5.65,-7.12,-7.06,44525915.0
2010-06-08,-6.92,-5.98,-7.23,-6.0,51017232.0
2010-06-09,-5.63,-5.62,-6.77,-6.66,42585019.0
2010-06-10,-6.1,-5.41,-6.37,-5.49,44299118.0
2010-06-11,-5.99,-5.61,-6.26,-5.69,31147584.0
2010-06-14,-5.81,-5.51,-6.55,-6.45,48661950.0
2010-06-15,-6.23,-5.51,-6.52,-5.53,45362263.0
2010-06-16,-5.76,-4.9,-5.79,-5.26,37220666.0
2010-06-17,-5.18,-4.88,-5.86,-5.34,34753490.0
2010-06-18,-5.18,-4.51,-5.4,-4.6,37270782.0
2010-06-21,-4.23,-4.0,-5.12,-4.91,33663700.0
2010-06-22,-4.85,-4.2,-5.56,-5.45,42252616.0
2010-06-23,-5.49,-4.68,-5.76,-4.89,45046088.0
2010-06-24,-5.23,-5.08,-6.36,-5.75,73848340.0
2010-06-25,-5.0,-4.18,-5.51,-4.34,70742457.0
2010-06-28,-4.23,-4.14,-5.31,-5.24,39967336.0
2010-06-29,-5.87,-5.87,-6.9,-6.72,56693245.0
2010-06-30,-6.76,-6.29,-7.27,-7.17,35334476.0
2010-07-01,-7.24,-7.09,-8.62,-7.7,56646919.0
2010-07-02,-7.47,-7.09,-8.44,-7.95,36802729.0
2010-07-06,-7.09,-6.9,-7.92,-7.45,35954058.0
2010-07-07,-7.14,-5.54,-7.37,-5.63,44603335.0
2010-07-08,-5.0,-4.96,-6.63,-5.62,41498700.0
2010-07-09,-6.03,-4.89,-6.1,-4.93,30427958.0
2010-07-12,-4.92,-4.44,-5.18,-4.59,24999624.0
2010-07-13,-3.97,-3.09,-4.04,-3.3,48558068.0
2010-07-14,-3.63,-3.4,-3.94,-3.43,37307131.0
2010-07-15,-3.06,-2.94,-4.47,-3.32,81874325.0
2010-07-16,-3.5,-3.43,-4.92,-4.78,58507329.0
2010-07-19,-4.75,-4.42,-5.66,-4.74,35404011.0
2010-07-20,-5.46,-4.14,-5.5,-4.15,43538736.0
2010-07-21,-3.53,-3.53,-5.44,-5.36,41114410.0
2010-07-22,-4.82,-4.18,-5.05,-4.43,35495570.0
2010-07-23,-4.61,-3.82,-4.81,-3.95,28240909.0
2010-07-26,-3.98,-3.42,-4.28,-3.45,27206673.0
2010-07-27,-3.04,-2.54,-3.17,-3.09,44872583.0
2010-07-28,-3.34,-2.88,-3.63,-3.46,23945338.0
2010-07-29,-3.07,-2.95,-3.87,-3.57,29009062.0
2010-07-30,-4.06,-3.09,-4.06,-3.5,26444862.0
2010-08-02,-2.8,-2.08,-3.05,-2.14,35539013.0
2010-08-03,-2.28,-2.13,-2.91,-2.7,29966937.0
2010-08-04,-2.56,-2.38,-2.92,-2.49,23079436.0
2010-08-05,-2.81,-2.35,-2.84,-2.51,19830561.0
2010-08-06,-3.04,-2.83,-3.81,-3.34,34906770.0
2010-08-09,-3.23,-3.23,-4.12,-3.96,37795186.0
2010-08-10,-4.11,-4.05,-4.62,-4.61,34166133.0
2010-08-11,-5.13,-5.0,-6.03,-6.01,46196265.0
2010-08-12,-6.42,-5.79,-6.56,-5.97,35383700.0
2010-08-13,-5.98,-5.74,-6.28,-6.28,24564012.0
2010-08-16,-6.46,-5.96,-6.5,-6.09,28333932.0
2010-08-17,-5.81,-5.71,-6.38,-6.3,33882947.0
2010-08-18,-6.39,-5.59,-6.39,-5.89,27045943.0
2010-08-19,-6.12,-5.81,-6.78,-6.71,35387240.0
2010-08-20,-6.67,-6.42,-6.97,-6.64,30866394.0
2010-08-23,-6.57,-6.37,-6.94,-6.9,29134780.0
2010-08-24,-7.19,-7.08,-7.86,-7.57,48719765.0
2010-08-25,-7.83,-7.34,-8.11,-7.55,36063011.0
2010-08-26,-7.42,-7.16,-8.16,-8.15,31880301.0
2010-08-27,-7.91,-7.09,-8.23,-7.18,38449040.0
2010-08-30,-7.38,-7.18,-7.95,-7.93,27303770.0
2010-08-31,-7.84,-7.14,-8.05,-7.42,34781255.0
2010-09-01,-7.04,-5.98,-7.12,-6.04,36769947.0
2010-09-02,-5.94,-5.58,-6.29,-5.62,31230393.0
2010-09-03,-5.31,-4.61,-5.31,-4.61,34135589.0
2010-09-07,-5.05,-4.94,-5.56,-5.5,31871442.0
2010-09-08,-5.44,-4.35,-5.44,-4.66,30780824.0
2010-09-09,-3.85,-3.46,-4.66,-3.68,33436846.0
2010-09-10,-3.86,-3.53,-4.11,-4.02,21932099.0
2010-09-13,-3.14,-2.31,-3.14,-2.66,41526104.0
2010-09-14,-2.81,-2.55,-3.32,-3.06,42754045.0
2010-09-15,-3.27,-2.64,-3.44,-2.8,25403153.0
2010-09-16,-3.06,-2.68,-3.23,-2.79,25182307.0
2010-09-17,-2.75,-2.7,-3.79,-3.72,45938293.0
2010-09-20,-3.54,-2.47,-3.75,-2.59,33332658.0
2010-09-21,-2.47,-2.28,-3.31,-3.19,33547511.0
2010-09-22,-3.35,-2.94,-4.03,-3.84,34474630.0
2010-09-23,-4.15,-4.08,-4.79,-4.68,33470630.0
2010-09-24,-4.27,-3.98,-4.48,-4.03,28855020.0
2010-09-27,-4.24,-4.11,-4.77,-4.7,25685877.0
2010-09-28,-4.42,-4.38,-5.17,-4.83,31384601.0
2010-09-29,-4.99,-4.9,-5.72,-5.37,40201878.0
2010-09-30,-5.29,-4.83,-5.82,-5.72,54836298.0
2010-10-01,-5.44,-4.69,-5.49,-4.97,38973702.0
2010-10-04,-4.8,-4.24,-5.07,-4.83,38828360.0
2010-10-05,-4.42,-3.96,-4.71,-4.14,42307932.0
2010-10-06,-4.22,-3.71,-4.36,-3.88,31537400.0
2010-10-07,-4.11,-4.0,-4.3,-4.13,1960861.0
2010-10-08,-4.11,-4.0,-4.65,-4.47,28178479.0
2010-10-11,-4.26,-3.87,-4.38,-4.05,24564515.0
2010-10-12,-4.31,-3.29,-4.31,-3.38,38785381.0
2010-10-13,-3.12,-3.06,-4.2,-3.94,69518166.0
2010-10-14,-4.53,-4.4,-5.68,-5.06,76405973.0
2010-10-15,-4.91,-4.84,-7.24,-6.63,142280325.0
2010-10-18,-6.63,-5.52,-6.77,-5.58,55057551.0
2010-10-19,-5.88,-5.13,-6.28,-6.09,70562094.0
2010-10-20,-5.78,-5.48,-6.32,-5.68,43464563.0
2010-10-21,-5.59,-5.38,-7.57,-6.08,38249970.0
2010-10-22,-6.28,-6.0,-6.46,-6.08,24882106.0
2010-10-25,-5.81,-5.71,-6.78,-6.71,37843449.0
2010-10-26,-6.8,-6.52,-7.0,-6.58,39187532.0
2010-10-27,-6.72,-6.15,-6.78,-6.24,30694313.0
2010-10-28,-6.08,-5.82,-6.45,-6.27,30584844.0
2010-10-29,-6.33,-6.04,-6.46,-6.15,19803213.0
2010-11-01,-6.17,-5.78,-6.68,-6.36,36914263.0
2010-11-02,-6.25,-6.21,-6.95,-6.82,39812713.0
2010-11-03,-6.8,-5.95,-6.82,-6.06,35252712.0
2010-11-04,-5.64,-3.93,-5.92,-3.98,77405110.0
2010-11-05,-3.89,-2.44,-4.0,-2.84,75684781.0
2010-11-08,-2.92,-2.58,-3.57,-3.27,32945326.0
2010-11-09,-3.35,-3.1,-4.05,-3.88,32699454.0
2010-11-10,-3.91,-3.14,-4.19,-3.16,35490217.0
2010-11-11,-3.51,-3.34,-3.93,-3.76,25443251.0
2010-11-12,-3.92,-3.52,-4.4,-4.17,33504792.0
2010-11-15,-3.96,-3.14,-4.07,-3.7,28662125.0
2010-11-16,-4.04,-3.81,-4.74,-4.17,45586115.0
2010-11-17,-4.2,-4.1,-4.8,-4.6,31964020.0
2010-11-18,-4.21,-3.78,-4.42,-4.12,30955547.0
2010-11-19,-4.37,-4.14,-4.52,-4.37,26541910.0
2010-11-22,-4.72,-4.68,-5.57,-5.27,33070770.0
2010-11-23,-5.77,-5.56,-6.18,-6.15,35262516.0
2010-11-24,-5.95,-5.54,-6.19,-5.62,24273037.0
2010-11-26,-6.07,-5.8,-6.28,-6.28,12819133.0
2010-11-29,-6.31,-5.69,-6.67,-5.87,30888163.0
2010-11-30,-6.29,-5.99,-6.54,-6.38,33682743.0
2010-12-01,-5.83,-5.59,-6.13,-5.63,33157135.0
2010-12-02,-5.35,-4.4,-5.45,-4.47,41367146.0
2010-12-03,-4.71,-4.11,-5.08,-4.17,30070142.0
2010-12-06,-4.3,-3.73,-4.48,-3.88,25278784.0
2010-12-07,-4.42,-4.02,-4.72,-4.15,9549403.0
2010-12-08,-4.42,-3.45,-4.72,-3.52,37966490.0
2010-12-09,-3.11,-2.68,-3.21,-2.97,42913321.0
2010-12-10,-2.89,-2.28,-3.01,-2.35,28451226.0
2010-12-13,-2.21,-1.79,-2.62,-2.27,35685384.0
2010-12-14,-2.34,-2.28,-3.31,-2.99,33950025.0
2010-12-15,-3.05,-2.78,-3.72,-3.57,30105709.0
2010-12-16,-3.36,-3.1,-3.96,-3.77,37071063.0
2010-12-17,-3.72,-3.71,-4.25,-4.11,52004796.0
2010-12-20,-3.95,-3.51,-4.09,-3.83,22932568.0
2010-12-21,-3.62,-2.54,-3.8,-2.78,30676548.0
2010-12-22,-2.61,-1.24,-2.62,-1.62,47124549.0
2010-12-23,-1.63,-1.51,-1.96,-1.7,18932006.0
2010-12-27,-1.96,-1.1,-1.98,-1.11,17154948.0
2010-12-28,-1.08,-0.66,-1.31,-1.17,20356124.0
2010-12-29,-1.2,-1.01,-1.48,-1.42,13382678.0
2010-12-30,-1.47,-1.31,-1.73,-1.55,12888207.0
2010-12-31,-1.67,-1.33,-1.74,-1.36,12202493.0
2011-01-03,-0.78,0.25,-0.82,-0.2,43139373.0
2011-01-04,0.0,0.52,-0.45,0.38,39987589.0
2011-01-05,0.14,1.17,0.12,0.92,49992402.0
2011-01-06,0.62,1.02,0.47,0.7,31591755.0
2011-01-07,0.76,0.81,-1.13,-0.14,69579337.0
2011-01-10,-0.51,-0.02,-0.78,-0.38,30064359.0
2011-01-11,-0.08,0.24,-0.36,-0.18,27918871.0
2011-01-12,0.66,1.12,0.47,0.93,39583389.0
2011-01-13,1.16,1.19,0.39,0.67,42022246.0
2011-01-14,0.73,2.16,0.67,1.13,86983737.0
2011-01-18,1.24,1.64,0.72,0.97,45927694.0
2011-01-19,0.77,1.19,-0.18,-0.07,44841205.0
2011-01-20,0.05,1.21,-0.17,0.97,46727423.0
2011-01-21,1.27,1.76,1.07,1.51,44767336.0
2011-01-24,1.43,1.7,1.08,1.24,27472134.0
2011-01-25,1.04,1.65,0.48,1.09,35837326.0
2011-01-26,1.42,1.7,1.09,1.2,25534196.0
2011-01-27,1.2,1.6,0.91,1.32,26059531.0
2011-01-28,1.27,2.1,0.62,0.76,37677356.0
2011-01-31,0.63,1.32,0.62,1.16,23087525.0
2011-02-01,1.42,2.22,1.38,2.15,28060882.0
2011-02-02,2.01,2.2,1.56,1.67,23781307.0
2011-02-03,1.7,1.97,1.06,1.68,23108943.0
2011-02-04,1.22,1.39,0.52,0.81,37590369.0
2011-02-07,0.97,1.97,0.87,1.72,36155584.0
2011-02-08,1.71,2.04,1.53,1.96,28132093.0
2011-02-09,1.58,1.72,0.87,1.33,32802697.0
2011-02-10,1.32,1.76,1.17,1.75,22427230.0
2011-02-11,1.62,3.11,1.62,2.79,40518680.0
2011-02-14,2.82,3.11,2.69,2.76,28466540.0
2011-02-15,2.78,3.56,2.76,3.04,35364837.0
2011-02-16,3.37,4.58,3.32,4.16,44018036.0
2011-02-17,3.99,4.21,3.72,4.04,22841274.0
2011-02-18,4.04,4.35,3.77,4.22,23852134.0
2011-02-22,3.42,3.49,2.07,2.23,43498602.0
2011-02-23,2.26,2.72,1.51,2.18,35638537.0
2011-02-24,1.85,2.28,1.43,2.13,31520118.0
2011-02-25,2.47,3.08,2.34,2.9,26076178.0
2011-02-28,3.03,3.4,2.64,2.91,25337640.0
2011-03-01,2.69,2.91,1.81,1.82,33095285.0
2011-03-02,1.61,2.19,1.28,1.43,28508836.0
2011-03-03,1.94,2.55,1.93,2.3,22354797.0
2011-03-04,2.2,2.25,1.32,1.74,26969377.0
2011-03-07,1.84,1.87,0.98,1.41,28036189.0
2011-03-08,1.6,2.91,1.52,2.62,32750058.0
2011-03-09,2.55,3.32,2.24,2.78,25114783.0
2011-03-10,2.3,2.47,1.48,1.75,33306968.0
2011-03-11,1.5,2.06,1.47,1.96,19836092.0
2011-03-14,1.64,1.76,0.85,1.52,24265763.0
2011-03-15,0.77,1.21,0.07,0.83,35077899.0
2011-03-16,0.86,1.0,-0.12,0.03,41343485.0
2011-03-17,0.68,0.83,-0.38,0.78,45940932.0
2011-03-18,1.46,2.4,0.97,1.96,76167526.0
2011-03-21,2.5,2.54,1.54,1.85,28552950.0
2011-03-22,1.88,1.93,1.57,1.69,19491758.0
2011-03-23,1.51,1.91,0.99,1.82,26496250.0
2011-03-24,1.92,2.06,1.31,1.95,21637731.0
2011-03-25,1.92,2.6,1.89,2.08,20606027.0
2011-03-28,2.32,2.72,2.17,2.18,18941349.0
2011-03-29,2.05,2.25,1.73,2.24,17645594.0
2011-03-30,2.75,3.07,2.43,2.67,26666211.0
2011-03-31,2.27,2.56,2.17,2.32,23060528.0
2011-04-01,2.77,3.1,2.4,2.57,24650974.0
2011-04-04,2.34,2.74,2.27,2.56,15645727.0
2011-04-05,2.39,2.99,2.27,2.8,20712251.0
2011-04-06,3.03,3.95,2.85,3.86,30963602.0
2011-04-07,3.86,4.02,3.18,3.62,28340614.0
2011-04-08,3.74,3.88,2.85,3.06,23352939.0
2011-04-11,3.22,3.49,2.97,3.08,25547309.0
2011-04-12,2.77,3.33,2.47,2.86,26956041.0
2011-04-13,3.46,3.59,2.1,2.47,54984460.0
2011-04-14,1.9,1.97,1.13,1.19,44495209.0
2011-04-15,1.46,1.59,1.05,1.11,32030569.0
2011-04-18,0.49,0.57,-0.25,0.18,50643126.0
2011-04-19,0.48,0.93,-0.02,0.87,26378498.0
2011-04-20,1.12,1.19,0.16,0.78,35229052.0
2011-04-21,0.9,1.06,0.34,0.9,24111834.0
2011-04-25,0.87,1.24,0.6,0.83,17093693.0
2011-04-26,1.07,1.65,0.9,1.34,25701461.0
2011-04-27,1.52,1.85,1.27,1.72,20659946.0
2011-04-28,1.83,2.15,1.63,2.07,19583147.0
2011-04-29,2.03,2.24,1.62,1.85,22791713.0
2011-05-02,2.16,2.21,1.33,1.4,25070848.0
2011-05-03,1.17,2.29,1.08,2.14,29952735.0
2011-05-04,2.2,2.26,1.5,1.72,22352501.0
2011-05-05,1.46,1.93,1.21,1.39,25813909.0
2011-05-06,1.69,1.93,0.98,1.26,26218167.0
2011-05-09,0.97,1.33,0.54,1.18,22241313.0
2011-05-10,1.28,1.72,1.2,1.38,20094102.0
2011-05-11,1.23,1.25,0.33,0.44,30182490.0
2011-05-12,0.32,0.55,-0.23,0.31,28976869.0
2011-05-13,0.28,0.32,-0.8,-0.63,32750054.0
2011-05-16,-0.81,-0.3,-1.06,-0.9,33762627.0
2011-05-17,-1.1,0.24,-1.13,0.03,36190197.0
2011-05-18,-0.06,0.46,-0.37,0.3,24229391.0
2011-05-19,0.54,0.57,-0.03,0.22,18730503.0
2011-05-20,0.05,0.31,-0.69,-0.65,29373403.0
2011-05-23,-1.38,-0.88,-1.48,-1.23,31245233.0
2011-05-24,-1.01,-0.86,-2.09,-1.44,39147252.0
2011-05-25,-1.67,-1.03,-1.68,-1.51,26234930.0
2011-05-26,-1.66,-1.19,-1.68,-1.33,21417890.0
2011-05-27,-1.08,-0.63,-1.24,-0.99,24585822.0
2011-05-31,-0.54,-0.4,-1.01,-0.54,27539384.0
2011-06-01,-0.91,-0.79,-2.04,-2.02,35415759.0
2011-06-02,-2.27,-1.63,-2.86,-2.27,45181710.0
2011-06-03,-2.69,-1.53,-2.77,-2.21,31249807.0
2011-06-06,-2.68,-2.54,-3.41,-3.25,40659326.0
2011-06-07,-2.86,-2.47,-3.13,-3.06,35949169.0
2011-06-08,-3.2,-2.71,-3.58,-3.39,38402627.0
2011-06-09,-3.19,-2.54,-3.24,-2.8,29923173.0
2011-06-10,-3.19,-2.28,-3.68,-2.73,47962950.0
2011-06-13,-2.49,-1.96,-3.06,-2.11,31336907.0
2011-06-14,-1.65,-1.34,-2.3,-2.18,30983771.0
2011-06-15,-2.76,-2.38,-3.53,-3.1,36854267.0
2011-06-16,-3.15,-3.07,-4.08,-3.42,49810034.0
2011-06-17,-2.93,-2.72,-3.24,-2.98,31678346.0
2011-06-20,-3.28,-2.97,-3.66,-3.3,21174254.0
2011-06-21,-3.1,-2.55,-3.53,-2.87,33718143.0
2011-06-22,-3.11,-2.25,-3.3,-3.09,27214946.0
2011-06-23,-3.66,-3.53,-4.16,-3.71,48012888.0
2011-06-24,-3.73,-3.6,-4.34,-4.29,34958641.0
2011-06-27,-4.38,-3.67,-4.45,-3.9,30454954.0
2011-06-28,-3.71,-3.71,-4.54,-4.24,37264238.0
2011-06-29,-3.74,-3.22,-3.86,-3.33,43919392.0
2011-06-30,-3.06,-2.71,-3.41,-2.84,27527800.0
2011-07-01,-2.97,-2.06,-3.01,-2.19,29714743.0
2011-07-05,-2.27,-2.27,-2.81,-2.75,23247396.0
2011-07-06,-3.19,-3.13,-3.6,-3.22,23629951.0
2011-07-07,-2.59,-1.99,-2.68,-2.46,27848417.0
2011-07-08,-3.08,-2.81,-3.22,-3.04,20250124.0
2011-07-11,-3.59,-3.57,-4.49,-4.35,33719084.0
2011-07-12,-4.54,-3.66,-4.54,-4.39,32591885.0
2011-07-13,-4.11,-3.41,-4.37,-4.16,33607194.0
2011-07-14,-2.6,-2.54,-3.49,-3.43,65030024.0
2011-07-15,-3.17,-3.03,-4.28,-3.8,46282577.0
2011-07-18,-3.99,-3.78,-4.85,-3.95,47198572.0
2011-07-19,-3.86,-3.29,-4.07,-3.39,33797799.0
2011-07-20,-3.09,-2.43,-3.16,-2.82,30912679.0
2011-07-21,-2.21,-1.23,-2.55,-1.49,45000467.0
2011-07-22,-1.51,-1.46,-2.02,-1.59,19773995.0
2011-07-25,-2.26,-1.87,-2.49,-2.09,22090030.0
2011-07-26,-2.28,-1.99,-2.49,-2.34,24025114.0
2011-07-27,-2.58,-2.38,-3.19,-3.11,31774226.0
2011-07-28,-3.09,-2.54,-3.16,-3.1,23111642.0
2011-07-29,-3.54,-3.03,-3.88,-3.33,37627677.0
2011-08-01,-2.62,-2.41,-3.82,-3.34,33536244.0
2011-08-02,-3.68,-3.4,-3.94,-3.94,41862548.0
2011-08-03,-4.02,-3.76,-4.44,-3.88,40000053.0
2011-08-04,-4.47,-4.19,-5.96,-5.86,58554471.0
2011-08-05,-5.48,-5.03,-7.06,-6.18,84779895.0
2011-08-08,-7.55,-6.06,-10.09,-9.72,103953407.0
2011-08-09,-8.4,-7.38,-10.09,-7.38,74290476.0
2011-08-10,-8.26,-7.93,-9.8,-9.41,81114845.0
2011-08-11,-9.15,-6.48,-9.15,-7.09,67006851.0
2011-08-12,-6.65,-5.93,-8.2,-7.87,43455953.0
2011-08-15,-7.25,-6.64,-7.39,-6.9,33678174.0
2011-08-16,-7.51,-7.21,-8.01,-7.75,41161697.0
2011-08-17,-7.32,-6.52,-7.46,-7.21,29324546.0
2011-08-18,-8.51,-8.31,-9.28,-8.59,56028415.0
2011-08-19,-9.02,-8.28,-9.52,-9.43,52401866.0
2011-08-22,-8.66,-8.6,-10.43,-10.37,50158680.0
2011-08-23,-10.49,-8.98,-11.47,-9.0,54639316.0
2011-08-24,-8.96,-7.77,-9.1,-7.95,41294631.0
2011-08-25,-5.99,-5.21,-8.36,-8.06,54380973.0
2011-08-26,-8.5,-7.3,-8.96,-7.57,34824818.0
2011-08-29,-6.96,-6.14,-7.31,-6.14,27249275.0
2011-08-30,-6.38,-6.06,-7.03,-6.72,28740501.0
2011-08-31,-6.36,-5.75,-6.57,-6.22,29156975.0
2011-09-01,-6.16,-5.96,-7.49,-7.48,36015624.0
2011-09-02,-8.72,-8.53,-9.27,-9.15,41161763.0
2011-09-06,-10.67,-10.28,-11.0,-10.34,56807330.0
2011-09-07,-9.68,-8.8,-9.91,-8.96,34257812.0
2011-09-08,-9.34,-8.87,-10.34,-10.27,43785668.0
2011-09-09,-10.7,-10.58,-11.76,-11.5,40907380.0
2011-09-12,-12.43,-11.36,-12.57,-11.36,52181087.0
2011-09-13,-10.97,-10.37,-11.61,-11.29,49680873.0
2011-09-14,-11.05,-10.59,-11.92,-10.98,44099313.0
2011-09-15,-10.41,-9.96,-10.65,-9.97,35386815.0
2011-09-16,-9.73,-9.51,-10.76,-10.35,50131154.0
2011-09-19,-11.09,-10.89,-11.65,-11.29,32357995.0
2011-09-20,-11.01,-10.98,-11.54,-11.53,32887900.0
2011-09-21,-11.55,-11.33,-13.52,-13.44,55399486.0
2011-09-22,-14.43,-14.15,-15.25,-14.51,85196847.0
2011-09-23,-14.82,-13.98,-14.92,-14.19,50677934.0
2011-09-26,-13.72,-11.97,-13.82,-12.13,56867996.0
2011-09-27,-11.16,-10.65,-12.53,-12.21,57310739.0
2011-09-28,-12.16,-11.78,-13.36,-13.31,36765102.0
2011-09-29,-12.2,-11.67,-13.34,-12.39,49578912.0
2011-09-30,-13.04,-12.83,-13.64,-13.66,41834967.0
2011-10-03,-13.75,-13.08,-15.14,-15.13,49845873.0
2011-10-04,-15.53,-13.37,-15.93,-13.52,66218669.0
2011-10-05,-13.55,-12.61,-14.38,-12.94,50913965.0
2011-10-06,-13.07,-11.32,-13.36,-11.4,52902752.0
2011-10-07,-11.2,-11.17,-13.13,-13.08,47221351.0
2011-10-10,-12.18,-11.46,-12.2,-11.48,35867853.0
2011-10-11,-11.8,-11.1,-12.37,-11.48,37188689.0
2011-10-12,-11.02,-9.91,-11.09,-10.58,54929811.0
2011-10-13,-11.33,-11.29,-12.86,-12.18,77750034.0
2011-10-14,-11.91,-11.46,-12.38,-11.89,50531537.0
2011-10-17,-12.14,-11.69,-12.81,-12.74,39112566.0
2011-10-18,-12.42,-10.36,-12.64,-10.91,62964799.0
2011-10-19,-11.01,-9.77,-11.75,-11.53,48965331.0
2011-10-20,-11.46,-10.59,-12.11,-10.65,40196414.0
2011-10-21,-10.3,-9.74,-10.77,-10.36,45262076.0
2011-10-24,-10.17,-9.09,-10.21,-9.21,44592729.0
2011-10-25,-9.6,-9.53,-10.42,-10.29,36750023.0
2011-10-26,-9.67,-9.37,-10.28,-9.6,34387704.0
2011-10-27,-7.22,-6.24,-8.08,-6.76,74676384.0
2011-10-28,-7.17,-6.8,-7.59,-7.09,38428852.0
2011-10-31,-7.85,-7.78,-9.05,-9.02,45473888.0
2011-11-01,-11.31,-10.14,-11.94,-11.07,72282881.0
2011-11-02,-10.07,-10.04,-10.72,-10.14,33885083.0
2011-11-03,-9.66,-9.26,-10.94,-9.4,37736058.0
2011-11-04,-9.79,-9.72,-10.33,-9.81,29893946.0
2011-11-07,-9.75,-9.44,-10.07,-9.54,25731696.0
2011-11-08,-9.25,-8.6,-9.76,-8.76,30038387.0
2011-11-09,-9.94,-9.8,-11.4,-11.24,51215532.0
2011-11-10,-10.86,-10.55,-11.5,-11.04,30319165.0
2011-11-11,-10.5,-9.93,-10.76,-10.5,29005645.0
2011-11-14,-10.83,-10.8,-11.56,-11.23,26526719.0
2011-11-15,-11.69,-10.67,-11.7,-11.08,30720209.0
2011-11-16,-11.44,-11.3,-12.38,-12.31,39322256.0
2011-11-17,-12.38,-12.28,-13.44,-13.31,52884939.0
2011-11-18,-13.11,-12.94,-13.45,-13.16,38764323.0
2011-11-21,-13.76,-13.59,-14.18,-13.87,38520167.0
2011-11-22,-13.88,-13.68,-14.4,-14.37,36360084.0
2011-11-23,-14.67,-14.63,-15.45,-15.4,44305214.0
2011-11-25,-15.5,-14.61,-15.5,-15.3,21419980.0
2011-11-28,-14.07,-13.71,-14.96,-14.62,44075482.0
2011-11-29,-14.8,-14.65,-15.3,-15.22,44219725.0
2011-11-30,-13.63,-12.78,-13.98,-12.81,59382933.0
2011-12-01,-12.92,-12.81,-13.75,-13.32,32821981.0
2011-12-02,-12.9,-10.51,-12.97,-11.45,89379405.0
2011-12-05,-10.14,-9.68,-10.56,-10.27,51283985.0
2011-12-06,-10.52,-10.2,-11.1,-10.55,37699108.0
2011-12-07,-10.96,-9.59,-11.06,-9.78,44120438.0
2011-12-08,-10.23,-10.08,-11.7,-11.56,46920190.0
2011-12-09,-11.42,-10.47,-11.42,-10.6,38574198.0
2011-12-12,-11.23,-11.18,-12.02,-11.74,35393553.0
2011-12-13,-11.41,-11.15,-12.91,-12.49,49085899.0
2011-12-14,-12.9,-11.84,-12.95,-12.27,40446535.0
2011-12-15,-11.68,-11.5,-12.21,-12.02,33306253.0
2011-12-16,-11.62,-11.18,-11.98,-11.89,48781891.0
2011-12-19,-11.91,-11.88,-13.36,-13.08,45948967.0
2011-12-20,-12.38,-11.34,-12.54,-11.57,47675908.0
2011-12-21,-11.78,-11.37,-11.88,-11.46,30601121.0
2011-12-22,-11.09,-10.23,-11.24,-10.33,35285869.0
2011-12-23,-10.16,-10.08,-10.65,-10.21,21810046.0
2011-12-27,-10.56,-10.09,-10.75,-10.75,16741847.0
2011-12-28,-10.79,-10.69,-10.99,-10.92,3095323.0
2011-12-29,-10.79,-10.69,-10.99,-10.92,3095323.0
2011-12-30,-10.67,-10.42,-10.72,-10.51,12575690.0
2012-01-03,-9.72,-8.59,-9.77,-8.8,42184176.0
2012-01-04,-9.34,-8.63,-9.45,-8.83,35403416.0
2012-01-05,-9.07,-7.86,-9.38,-8.1,37508615.0
2012-01-06,-8.09,-8.01,-8.64,-8.42,29751304.0
2012-01-09,-8.34,-8.1,-8.79,-8.48,22751132.0
2012-01-10,-7.71,-7.43,-8.02,-7.73,35474896.0
2012-01-11,-7.98,-7.04,-8.12,-7.12,29585041.0
2012-01-12,-6.96,-6.73,-7.61,-6.93,38633536.0
2012-01-13,-8.52,-7.86,-8.65,-7.86,60790691.0
2012-01-17,-8.93,-8.1,-9.28,-8.87,54197259.0
2012-01-18,-9.24,-7.1,-9.25,-7.24,55142945.0
2012-01-19,-6.94,-6.63,-7.07,-6.85,36663387.0
2012-01-20,-7.0,-6.38,-7.16,-6.42,33958160.0
2012-01-23,-6.47,-5.84,-6.51,-6.12,27088788.0
2012-01-24,-6.6,-5.9,-6.98,-6.12,25157747.0
2012-01-25,-6.42,-5.96,-6.66,-6.18,29349612.0
2012-01-26,-5.9,-5.68,-6.53,-6.29,32585771.0
2012-01-27,-6.55,-6.12,-6.63,-6.57,27189697.0
2012-01-30,-7.12,-6.61,-7.42,-6.77,24227613.0
2012-01-31,-6.25,-6.24,-6.85,-6.48,28784417.0
2012-02-01,-5.89,-5.75,-6.28,-6.18,41586302.0
2012-02-02,-6.09,-5.62,-6.36,-6.23,26512881.0
2012-02-03,-5.51,-5.28,-5.73,-5.5,39762409.0
2012-02-06,-5.72,-5.46,-5.98,-5.64,22666378.0
2012-02-07,-5.92,-5.66,-6.08,-5.91,20784073.0
2012-02-08,-5.73,-5.43,-5.81,-5.48,22956863.0
2012-02-09,-5.18,-5.1,-5.94,-5.92,27446530.0
2012-02-10,-6.56,-6.01,-6.67,-6.17,22054446.0
2012-02-13,-5.7,-5.44,-6.01,-5.48,24035170.0
2012-02-14,-5.55,-5.52,-6.34,-5.86,26597632.0
2012-02-15,-5.7,-5.38,-6.47,-6.38,26051092.0
2012-02-16,-6.63,-5.66,-6.73,-5.8,15277348.0
2012-02-17,-5.18,-5.14,-5.55,-5.31,27636693.0
2012-02-21,-5.13,-4.81,-5.37,-5.32,22711891.0
2012-02-22,-5.48,-5.39,-5.88,-5.71,22716274.0
2012-02-23,-5.72,-5.26,-6.03,-5.29,30692733.0
2012-02-24,-5.12,-5.1,-5.59,-5.5,17235442.0
2012-02-27,-5.71,-4.55,-5.99,-4.72,33397323.0
2012-02-28,-4.65,-4.23,-4.94,-4.57,36456728.0
2012-02-29,-4.45,-3.85,-4.76,-4.54,39601407.0
2012-03-01,-4.27,-3.33,-4.31,-3.41,44225840.0
2012-03-02,-3.35,-2.9,-3.55,-3.15,34512848.0
2012-03-05,-3.08,-3.07,-3.78,-3.38,30698492.0
2012-03-06,-4.33,-3.91,-4.66,-4.46,33426666.0
2012-03-07,-4.32,-3.72,-4.4,-3.83,22415430.0
2012-03-08,-3.31,-3.03,-3.56,-3.34,21940847.0
2012-03-09,-3.03,-2.34,-3.28,-2.75,33323790.0
2012-03-12,-2.92,-2.8,-3.58,-3.24,30584460.0
2012-03-13,-2.76,-0.05,-2.96,-0.39,75446185.0
2012-03-14,-0.16,0.22,-0.71,-0.2,67774243.0
2012-03-15,-0.14,1.14,-0.85,0.92,56639650.0
2012-03-16,1.09,1.14,0.44,0.56,28503612.0
2012-03-19,0.66,1.57,0.43,1.22,41051342.0
2012-03-20,0.75,1.82,0.59,1.6,34033225.0
2012-03-21,1.75,1.89,1.08,1.34,27174782.0
2012-03-22,0.94,1.31,0.63,0.87,27217453.0
2012-03-23,0.67,1.3,0.66,1.11,10834503.0
2012-03-26,1.7,2.37,1.62,2.26,23742102.0
2012-03-27,2.14,2.71,2.05,2.11,32576527.0
2012-03-28,1.98,2.53,1.58,2.49,28977769.0
2012-03-29,2.14,2.24,1.49,1.89,31535992.0
2012-03-30,2.3,2.35,1.72,2.2,24744182.0
2012-04-02,1.97,2.57,1.68,2.35,27559440.0
2012-04-03,1.96,2.2,1.19,1.64,29330874.0
2012-04-04,0.9,1.08,0.18,0.63,40730801.0
2012-04-05,0.35,0.95,0.03,0.56,28684022.0
2012-04-09,-0.59,0.5,-0.71,0.11,28991861.0
2012-04-10,0.1,0.23,-1.12,-0.82,38487432.0
2012-04-11,-0.19,0.43,-0.21,0.23,31755832.0
2012-04-12,0.34,1.21,0.22,1.06,32848559.0
2012-04-13,1.17,1.17,-0.72,-0.57,45888577.0
2012-04-16,-0.4,0.02,-0.94,-0.45,40101668.0
2012-04-17,-0.09,0.22,-0.62,0.12,26346585.0
2012-04-18,-0.16,0.13,-0.51,-0.49,19820047.0
2012-04-19,-0.34,-0.09,-1.01,-0.56,25725784.0
2012-04-20,-0.27,-0.2,-1.07,-1.06,25878876.0
2012-04-23,-1.86,-0.82,-1.98,-0.93,24766799.0
2012-04-24,-0.8,-0.47,-0.97,-0.5,21044746.0
2012-04-25,-0.13,0.11,-0.8,-0.62,31466413.0
2012-04-26,-0.56,0.11,-0.72,0.02,27889091.0
2012-04-27,0.16,0.21,-0.55,-0.44,23983351.0
2012-04-30,-0.45,-0.41,-1.24,-0.8,22879449.0
2012-05-01,-0.78,0.46,-0.82,0.01,26252201.0
2012-05-02,-0.32,-0.25,-0.94,-0.58,22343701.0
2012-05-03,-0.4,-0.39,-1.11,-0.77,19366388.0
2012-05-04,-1.45,-1.1,-2.04,-1.95,26519316.0
2012-05-07,-2.35,-1.39,-2.41,-2.0,25412712.0
2012-05-08,-2.28,-1.94,-2.83,-2.4,27392256.0
2012-05-09,-3.06,-2.76,-3.66,-3.14,37322201.0
2012-05-10,-2.55,-2.38,-3.24,-3.04,26302000.0
2012-05-11,-6.64,-5.79,-7.16,-6.82,216294848.0
2012-05-14,-7.68,-7.31,-8.02,-7.99,95358724.0
2012-05-15,-7.59,-6.51,-7.66,-7.54,89467905.0
2012-05-16,-6.99,-6.8,-8.29,-8.32,68411524.0
2012-05-17,-8.74,-8.68,-9.9,-9.85,94459689.0
2012-05-18,-9.79,-9.79,-10.81,-10.29,82563296.0
2012-05-21,-10.26,-10.07,-11.52,-11.23,90371735.0
2012-05-22,-10.46,-9.2,-10.79,-9.77,84170851.0
2012-05-23,-10.16,-9.36,-10.57,-9.52,51913319.0
2012-05-24,-9.34,-9.3,-10.16,-9.81,37637780.0
2012-05-25,-9.78,-9.65,-10.49,-10.28,28532992.0
2012-05-29,-9.8,-9.78,-10.42,-10.15,35292840.0
2012-05-30,-10.48,-10.34,-10.83,-10.82,33461667.0
2012-05-31,-10.82,-10.31,-10.87,-10.63,41465755.0
2012-06-01,-11.37,-11.13,-12.01,-11.85,48741022.0
2012-06-04,-11.62,-11.61,-12.95,-12.78,59708909.0
2012-06-05,-12.89,-11.65,-12.92,-11.79,45710631.0
2012-06-06,-11.07,-10.47,-11.51,-10.71,46989522.0
2012-06-07,-10.01,-9.95,-10.98,-10.97,39794951.0
2012-06-08,-11.01,-10.1,-11.23,-10.1,33532172.0
2012-06-11,-9.41,-9.34,-11.0,-10.96,46114029.0
2012-06-12,-10.9,-10.0,-11.27,-10.01,42470328.0
2012-06-13,-10.09,-8.71,-10.15,-9.48,71554015.0
2012-06-14,-9.37,-8.89,-9.71,-9.13,43920193.0
2012-06-15,-8.89,-8.71,-9.37,-8.75,40218511.0
2012-06-18,-9.07,-8.48,-9.28,-9.16,30863064.0
2012-06-19,-8.79,-8.15,-9.05,-8.4,31961437.0
2012-06-20,-7.75,-6.84,-7.95,-7.33,60544865.0
2012-06-21,-7.29,-6.75,-8.35,-8.27,49933442.0
2012-06-22,-7.76,-7.29,-7.82,-7.79,40210617.0
2012-06-25,-8.52,-8.31,-9.14,-8.46,32469063.0
2012-06-26,-7.72,-7.66,-8.2,-8.07,34689453.0
2012-06-27,-8.14,-6.96,-8.28,-7.0,33646164.0
2012-06-28,-8.46,-7.85,-8.93,-7.9,69399697.0
2012-07-02,-7.51,-7.42,-8.19,-7.5,34069270.0
2012-07-03,-7.82,-7.64,-8.25,-7.9,26705915.0
2012-07-05,-8.17,-8.12,-9.56,-9.4,57780019.0
2012-07-06,-9.86,-9.66,-10.05,-9.88,31748101.0
2012-07-09,-9.97,-9.66,-10.24,-9.82,30272295.0
2012-07-10,-9.56,-9.33,-9.97,-9.53,32692737.0
2012-07-11,-9.57,-8.98,-9.66,-9.19,34684548.0
2012-07-12,-9.45,-9.21,-9.84,-9.74,38996653.0
2012-07-13,-8.72,-7.58,-8.92,-7.71,82173858.0
2012-07-16,-8.02,-7.93,-9.05,-8.69,51796619.0
2012-07-17,-8.34,-8.3,-9.51,-8.79,43341418.0
2012-07-18,-9.03,-8.55,-9.13,-8.82,28572493.0
2012-07-19,-8.76,-8.61,-9.47,-9.32,34067065.0
2012-07-20,-9.73,-9.65,-9.88,-9.88,34238738.0
2012-07-23,-10.54,-9.28,-10.68,-9.34,40747271.0
2012-07-24,-9.2,-8.89,-9.56,-9.05,29370697.0
2012-07-25,-8.8,-8.33,-8.99,-8.61,31758098.0
2012-07-26,-8.0,-7.84,-8.44,-7.97,28513228.0
2012-07-27,-7.77,-6.58,-8.27,-6.89,49731636.0
2012-07-30,-7.28,-7.26,-7.84,-7.64,30530887.0
2012-07-31,-7.67,-7.45,-7.87,-7.78,19239076.0
2012-08-01,-7.59,-7.38,-7.96,-7.78,22091441.0
2012-08-02,-8.16,-7.94,-9.02,-8.61,35295637.0
2012-08-03,-7.96,-7.49,-8.28,-7.69,23910780.0
2012-08-06,-7.54,-6.98,-7.67,-7.48,18891909.0
2012-08-07,-7.21,-5.91,-7.21,-6.77,36972438.0
2012-08-08,-6.93,-6.3,-7.03,-6.62,18564307.0
2012-08-09,-7.06,-6.52,-7.19,-6.86,23046807.0
2012-08-10,-7.02,-6.78,-7.38,-6.81,15413287.0
2012-08-13,-6.91,-6.69,-7.14,-6.79,14323244.0
2012-08-14,-6.36,-6.14,-6.8,-6.68,18025126.0
2012-08-15,-6.71,-6.37,-6.83,-6.71,17359562.0
2012-08-16,-6.6,-6.43,-6.98,-6.68,15805977.0
2012-08-17,-6.58,-6.58,-6.98,-6.8,17032565.0
2012-08-20,-6.86,-6.28,-6.98,-6.41,17879713.0
2012-08-21,-6.15,-4.92,-6.22,-5.74,36475911.0
2012-08-22,-5.9,-5.6,-6.22,-5.95,16852258.0
2012-08-23,-5.97,-5.89,-6.58,-6.55,16337170.0
2012-08-24,-6.84,-6.34,-7.11,-6.61,19834580.0
2012-08-27,-6.47,-6.34,-6.88,-6.55,17362402.0
2012-08-28,-6.68,-6.29,-6.88,-6.65,17831646.0
2012-08-29,-6.46,-6.29,-6.72,-6.48,13540295.0
2012-08-30,-6.72,-6.65,-7.07,-6.88,13407956.0
2012-08-31,-6.64,-6.38,-6.92,-6.64,16408915.0
2012-09-04,-6.8,-6.54,-7.0,-6.77,13616680.0
2012-09-05,-6.7,-6.49,-6.84,-6.67,13168207.0
2012-09-06,-6.2,-4.91,-6.28,-5.09,40894278.0
2012-09-07,-4.74,-4.25,-4.78,-4.48,27792762.0
2012-09-10,-4.55,-4.0,-5.05,-5.02,20745311.0
2012-09-11,-4.98,-4.15,-5.05,-4.18,22319570.0
2012-09-12,-3.9,-3.53,-4.0,-3.86,28918363.0
2012-09-13,-3.94,-2.2,-4.19,-2.38,46765450.0
2012-09-14,-1.82,-1.69,-2.55,-2.21,41704329.0
2012-09-17,-2.78,-2.34,-2.83,-2.59,19139885.0
2012-09-18,-2.73,-2.45,-3.12,-2.52,24932075.0
2012-09-19,-2.45,-2.02,-2.74,-2.44,22781577.0
2012-09-20,-2.82,-2.5,-3.23,-2.53,20680502.0
2012-09-21,-2.25,-2.08,-3.01,-2.9,27524834.0
2012-09-24,-3.17,-2.31,-3.19,-2.55,20348906.0
2012-09-25,-2.23,-2.23,-3.25,-3.23,21649558.0
2012-09-26,-3.63,-3.16,-4.08,-3.54,23376594.0
2012-09-27,-3.38,-2.79,-3.57,-3.1,19253859.0
2012-09-28,-3.36,-3.15,-3.62,-3.3,20083645.0
2012-10-01,-2.9,-2.28,-2.98,-2.81,21324841.0
2012-10-02,-2.64,-2.54,-3.22,-2.86,26377357.0
2012-10-03,-2.95,-2.78,-3.36,-2.92,21858121.0
2012-10-04,-2.62,-1.8,-2.87,-1.96,23944712.0
2012-10-05,-1.74,-1.34,-2.32,-2.07,22733682.0
2012-10-08,-2.45,-1.94,-2.67,-2.12,18507899.0
2012-10-09,-2.01,-1.83,-2.48,-2.4,19672033.0
2012-10-10,-2.23,-1.78,-2.45,-2.01,25710785.0
2012-10-11,-1.41,-1.14,-1.93,-1.68,27545216.0
2012-10-12,-2.18,-1.35,-2.63,-2.16,44247211.0
2012-10-15,-1.87,-1.37,-2.05,-1.4,26170375.0
2012-10-16,-0.99,-0.67,-1.51,-0.95,28532402.0
2012-10-17,-0.85,-0.24,-1.01,-0.46,26059731.0
2012-10-18,-0.69,-0.43,-1.03,-0.77,23577536.0
2012-10-19,-0.98,-0.96,-1.72,-1.46,29630650.0
2012-10-22,-1.53,-1.26,-2.28,-1.69,27800031.0
2012-10-23,-2.31,-2.04,-2.73,-2.45,22657759.0
2012-10-24,-2.1,-1.91,-2.44,-2.07,18726320.0
2012-10-25,-1.54,-1.5,-2.38,-2.11,17028506.0
2012-10-26,-2.36,-2.12,-2.91,-2.62,21813554.0
2012-10-31,-2.33,-1.99,-2.63,-2.1,19047851.0
2012-11-01,-2.08,-0.88,-2.2,-0.94,23133690.0
2012-11-02,-0.74,-0.71,-1.45,-1.36,16770128.0
2012-11-05,-1.45,-1.42,-1.93,-1.51,13171138.0
2012-11-06,-1.21,-0.73,-1.37,-0.9,16799976.0
2012-11-07,-1.77,-1.77,-3.47,-3.3,47127911.0
2012-11-08,-2.5,-2.28,-3.38,-3.38,27602345.0
2012-11-09,-3.47,-2.55,-3.92,-3.16,27398864.0
2012-11-12,-2.93,-2.87,-3.48,-3.2,12684726.0
2012-11-13,-3.6,-3.26,-3.78,-3.74,19549590.0
2012-11-14,-3.57,-3.41,-4.65,-4.49,30688268.0
2012-11-15,-4.72,-4.06,-4.81,-4.39,24593973.0
2012-11-16,-4.35,-4.11,-4.95,-4.25,32268417.0
2012-11-19,-3.69,-3.08,-3.69,-3.19,26024953.0
2012-11-20,-3.45,-2.6,-3.53,-3.08,18915859.0
2012-11-21,-2.84,-2.8,-3.43,-3.05,12846752.0
2012-11-23,-2.68,-2.56,-2.81,-2.69,8316667.0
2012-11-26,-2.99,-2.9,-3.69,-2.9,20203233.0
2012-11-27,-2.91,-2.58,-3.14,-3.03,19619952.0
2012-11-28,-3.29,-2.9,-3.9,-2.95,25249736.0
2012-11-29,-2.63,-2.43,-2.87,-2.56,18814227.0
2012-11-30,-2.79,-2.44,-2.93,-2.7,19232476.0
2012-12-03,-2.51,-2.41,-3.03,-2.97,18854130.0
2012-12-04,-3.0,-2.86,-3.58,-3.21,22984089.0
2012-12-05,-3.09,-2.29,-3.28,-2.58,25376303.0
2012-12-06,-2.53,-2.23,-2.67,-2.31,19898830.0
2012-12-07,-1.94,-1.21,-2.05,-1.22,34249520.0
2012-12-10,-1.24,-1.11,-1.77,-1.47,21888641.0
2012-12-11,-1.18,-0.69,-1.36,-1.14,21672286.0
2012-12-12,-0.78,-0.41,-1.08,-1.01,22972997.0
2012-12-13,-1.13,-0.86,-1.28,-1.0,18349443.0
2012-12-14,-1.01,-0.67,-1.07,-0.97,16122846.0
2012-12-17,-0.78,-0.27,-0.97,-0.3,23309322.0
2012-12-18,0.05,0.16,-0.47,0.09,29134220.0
2012-12-19,0.21,0.61,-0.36,-0.25,32730954.0
2012-12-20,-0.09,0.76,-0.37,0.75,24479913.0
2012-12-21,0.04,0.42,-0.44,0.22,37541819.0
2012-12-24,-0.06,0.24,-0.07,0.14,8622420.0
2012-12-26,0.17,0.4,-0.06,0.18,11446580.0
2012-12-27,0.18,0.24,-0.88,-0.15,19468296.0
2012-12-28,-0.68,-0.09,-0.69,-0.54,15167289.0
2012-12-31,-0.68,0.22,-0.73,0.18,22788171.0
2013-01-02,1.5,1.52,0.74,1.18,31168467.0
2013-01-03,1.26,1.27,0.72,1.09,23688498.0
2013-01-04,0.97,1.95,0.96,1.88,24059674.0
2013-01-07,1.61,2.0,1.54,1.93,24358604.0
2013-01-08,1.92,2.02,1.48,2.02,19039042.0
2013-01-09,2.08,2.72,1.66,1.99,25815240.0
2013-01-10,2.41,2.68,2.05,2.67,23093167.0
2013-01-11,2.49,2.67,1.99,2.66,19656109.0
2013-01-14,2.41,2.7,2.0,2.4,18857320.0
2013-01-15,2.01,2.99,1.87,2.87,29488689.0
2013-01-16,2.43,3.35,2.09,3.34,43032288.0
2013-01-17,2.92,3.39,2.81,2.96,40989001.0
2013-01-18,2.9,3.12,2.7,2.98,28445851.0
2013-01-22,2.77,3.07,2.65,3.06,23986066.0
2013-01-23,2.75,2.96,2.44,2.75,18624001.0
2013-01-24,2.76,3.32,2.6,2.89,19912935.0
2013-01-25,3.26,3.68,3.12,3.68,25802313.0
2013-01-28,3.36,3.52,3.0,3.16,19645579.0
2013-01-29,2.8,3.68,2.77,3.64,19866979.0
2013-01-30,3.56,3.87,3.48,3.65,17522803.0
2013-01-31,3.53,3.74,3.4,3.57,18389953.0
2013-02-01,3.92,4.52,3.73,4.37,24378505.0
2013-02-04,4.06,4.33,3.9,4.2,20536095.0
2013-02-05,4.46,5.32,4.45,5.31,27948209.0
2013-02-06,4.94,5.35,4.84,5.13,23479708.0
2013-02-07,5.17,5.27,4.42,4.75,21380179.0
2013-02-08,4.85,5.21,4.78,5.15,15072985.0
2013-02-11,5.03,5.42,4.9,5.18,13915248.0
2013-02-12,5.32,5.83,5.12,5.66,16360438.0
2013-02-13,5.87,5.97,5.02,5.2,21436209.0
2013-02-14,4.92,5.81,4.89,5.74,17948709.0
2013-02-15,5.87,5.98,5.09,5.4,19903718.0
2013-02-19,5.64,6.2,5.64,5.97,20288472.0
2013-02-20,5.87,6.06,4.88,5.13,23994905.0
2013-02-21,4.93,4.97,4.35,4.77,24174121.0
2013-02-22,5.15,5.43,4.93,5.43,23347957.0
2013-02-25,5.62,5.72,4.17,4.22,32084669.0
2013-02-26,4.74,4.78,3.37,4.12,39180535.0
2013-02-27,4.37,5.92,4.28,5.8,31716362.0
2013-02-28,5.68,6.07,5.27,5.44,24404805.0
2013-03-01,5.12,5.94,4.89,5.43,25747711.0
2013-03-04,5.25,5.66,4.85,5.62,17606827.0
2013-03-05,6.01,6.63,5.83,6.01,25433849.0
2013-03-06,6.4,6.71,6.14,6.55,19425342.0
2013-03-07,6.57,7.38,6.53,7.15,23939023.0
2013-03-08,7.11,7.37,6.13,6.72,32294061.0
2013-03-11,6.75,7.29,6.43,7.0,19384430.0
2013-03-12,6.87,7.19,6.57,6.8,17898026.0
2013-03-13,6.81,6.95,6.63,6.68,15418994.0
2013-03-14,6.77,7.52,6.71,7.52,23969182.0
2013-03-15,6.49,6.81,5.67,6.54,60057209.0
2013-03-18,5.71,6.18,5.47,6.03,27819554.0
2013-03-19,6.17,6.51,5.2,5.72,24270693.0
2013-03-20,6.09,6.16,5.56,5.64,19302913.0
2013-03-21,5.31,5.75,4.87,4.87,23277213.0
2013-03-22,5.15,5.52,4.86,5.3,21122621.0
2013-03-25,5.56,5.84,4.68,5.04,23506530.0
2013-03-26,5.26,5.49,4.84,5.16,16383729.0
2013-03-27,4.72,4.83,4.08,4.29,24846682.0
2013-03-28,4.36,4.45,3.8,3.98,27062525.0
2013-04-01,4.07,4.51,4.01,4.35,17282478.0
2013-04-02,4.53,4.9,4.39,4.8,17225385.0
2013-04-03,4.85,4.89,3.35,3.67,33098724.0
2013-04-04,3.78,4.36,3.72,4.31,21081230.0
2013-04-05,3.61,4.86,3.57,4.73,22785191.0
2013-04-08,4.7,5.41,4.41,5.4,18566758.0
2013-04-09,5.56,5.78,5.28,5.5,19857525.0
2013-04-10,5.76,6.38,5.7,6.07,20283123.0
2013-04-11,6.03,6.42,5.65,6.13,22316705.0
2013-04-12,5.72,6.4,5.27,5.83,37304685.0
2013-04-15,5.21,6.16,4.72,4.75,31352105.0
2013-04-16,5.25,5.34,4.41,5.31,23643522.0
2013-04-17,4.93,5.0,3.2,3.61,43329018.0
2013-04-18,3.62,4.15,2.87,3.46,25952110.0
2013-04-19,3.97,4.18,3.52,4.05,19533477.0
2013-04-22,4.22,4.31,3.69,4.17,15124962.0
2013-04-23,4.5,5.06,4.21,4.99,20462094.0
2013-04-24,5.14,5.74,4.98,5.54,16271667.0
2013-04-25,5.84,6.45,5.71,5.82,19005114.0
2013-04-26,5.68,5.91,5.43,5.7,13897817.0
2013-04-29,5.9,5.92,5.47,5.74,13380451.0
2013-04-30,5.78,6.07,5.54,5.83,13544125.0
2013-05-01,5.58,5.73,4.67,4.83,17374739.0
2013-05-02,5.07,5.07,4.53,4.9,15360585.0
2013-05-03,5.45,5.52,3.8,4.39,43090924.0
2013-05-06,4.53,5.21,4.39,5.0,20651749.0
2013-05-07,5.39,6.21,5.08,5.96,24175061.0
2013-05-08,6.04,6.81,5.93,6.58,23344956.0
2013-05-09,6.52,6.63,5.74,5.86,18053171.0
2013-05-10,5.87,6.05,5.46,5.78,16093874.0
2013-05-13,5.66,6.52,5.43,6.49,23862453.0
2013-05-14,6.59,7.24,6.48,7.05,23959478.0
2013-05-15,7.02,8.25,6.97,7.91,27213609.0
2013-05-16,7.69,8.48,7.66,7.79,21287056.0
2013-05-17,8.08,9.15,8.07,9.12,25882955.0
2013-05-20,9.1,9.45,8.73,9.11,21962418.0
2013-05-21,9.35,10.49,9.27,9.84,37063822.0
2013-05-22,10.25,11.78,10.11,10.45,46823709.0
2013-05-23,9.64,10.6,9.48,10.17,25126565.0
2013-05-24,9.72,10.48,9.54,10.48,18105567.0
2013-05-28,11.38,11.46,10.84,11.42,27044482.0
2013-05-29,10.91,11.78,10.73,11.49,20422829.0
2013-05-30,11.42,12.72,11.35,12.44,24710006.0
2013-05-31,12.53,12.65,11.41,11.41,23941445.0
2013-06-03,11.42,11.68,9.85,11.31,27997169.0
2013-06-04,11.36,12.21,10.69,10.86,21034993.0
2013-06-05,10.6,11.09,9.52,9.85,24120206.0
2013-06-06,9.66,10.34,9.09,10.32,23735981.0
2013-06-07,10.59,11.3,10.23,11.09,21620375.0
2013-06-10,11.46,11.66,10.84,11.18,15712807.0
2013-06-11,10.28,10.87,9.93,10.31,17545784.0
2013-06-12,10.72,10.92,9.78,10.0,18420371.0
2013-06-13,9.82,11.06,9.79,10.99,16675206.0
2013-06-14,10.86,10.95,9.73,9.95,16957204.0
2013-06-17,10.52,11.07,10.36,10.67,16706133.0
2013-06-18,10.85,11.09,10.54,10.93,12922465.0
2013-06-19,10.81,11.33,10.34,10.37,20557946.0
2013-06-20,9.9,10.0,9.09,9.3,31644104.0
2013-06-21,9.78,9.8,8.51,8.78,44138550.0
2013-06-24,7.7,8.27,6.93,7.74,30336981.0
2013-06-25,8.33,9.38,8.33,8.9,20529443.0
2013-06-26,9.47,9.62,8.69,9.32,19299363.0
2013-06-27,9.85,10.31,9.7,9.97,17007101.0
2013-06-28,9.94,9.95,9.4,9.61,17547715.0
2013-07-01,10.04,10.45,9.25,9.31,23452504.0
2013-07-02,9.77,10.73,9.32,10.0,22724859.0
2013-07-03,9.51,10.01,9.41,9.97,10435481.0
2013-07-05,10.56,11.2,10.31,11.19,16806909.0
2013-07-08,11.74,12.11,11.25,11.9,21367987.0
2013-07-09,12.27,12.37,11.39,12.09,20421648.0
2013-07-10,11.97,12.35,11.64,12.03,16504286.0
2013-07-11,13.04,13.07,11.75,12.34,21061837.0
2013-07-12,12.71,13.05,11.95,12.17,32490682.0
2013-07-15,12.69,12.7,11.8,12.09,28204851.0
2013-07-16,12.1,12.61,11.98,12.21,19038143.0
2013-07-17,12.25,12.78,12.04,12.47,19115312.0
2013-07-18,12.71,13.73,12.69,13.57,24343963.0
2013-07-19,13.71,13.75,13.11,13.36,17684271.0
2013-07-22,13.37,13.87,13.15,13.76,15935672.0
2013-07-23,13.92,14.09,13.67,13.87,10534504.0
2013-07-24,14.12,14.13,13.58,13.83,16465584.0
2013-07-25,13.65,13.7,13.09,13.7,13762888.0
2013-07-26,13.26,13.42,12.8,13.25,16717998.0
2013-07-29,13.18,13.2,12.58,12.89,9853471.0
2013-07-30,13.07,13.19,12.28,12.53,14108591.0
2013-07-31,12.78,13.47,12.71,12.93,19375942.0
2013-08-01,13.56,13.98,13.4,13.74,15884007.0
2013-08-02,13.47,13.72,13.21,13.69,10919572.0
2013-08-05,13.53,13.78,13.21,13.3,9331989.0
2013-08-06,13.19,13.3,12.51,12.69,10300278.0
2013-08-07,12.26,12.67,11.98,12.5,12777983.0
2013-08-08,12.62,12.93,11.32,12.03,18521492.0
2013-08-09,11.89,12.35,11.53,11.72,12629285.0
2013-08-12,11.24,11.52,10.88,11.29,15121537.0
2013-08-13,11.42,11.9,10.8,11.49,15046579.0
2013-08-14,11.53,12.05,11.2,11.35,15618805.0
2013-08-15,10.72,10.88,10.09,10.49,16747120.0
2013-08-16,10.27,10.98,10.27,10.49,17102700.0
2013-08-19,10.09,10.15,9.0,9.03,22658077.0
2013-08-20,8.98,9.56,7.86,9.32,18651974.0
2013-08-21,9.12,9.41,8.48,8.83,16893938.0
2013-08-22,9.2,9.86,9.13,9.41,14614056.0
2013-08-23,9.47,9.62,9.1,9.52,11054912.0
2013-08-26,9.36,9.74,8.99,9.0,16362204.0
2013-08-27,8.22,8.75,7.75,7.8,23422783.0
2013-08-28,7.53,8.25,7.33,7.78,18712930.0
2013-08-29,7.79,8.38,7.65,7.9,13275820.0
2013-08-30,8.02,8.03,7.49,7.73,15727482.0
2013-09-03,8.45,8.92,8.03,8.33,15245894.0
2013-09-04,8.36,9.3,8.13,9.07,19888176.0
2013-09-05,9.23,9.72,9.11,9.31,13795727.0
2013-09-06,9.61,9.91,8.48,9.76,22308239.0
2013-09-09,9.98,10.39,9.72,10.06,19660866.0
2013-09-10,11.03,11.13,10.5,10.87,19839829.0
2013-09-11,10.57,10.96,10.26,10.46,16005396.0
2013-09-12,10.63,10.91,9.28,9.44,21930769.0
2013-09-13,9.49,10.0,9.43,9.79,11702488.0
2013-09-16,10.65,10.69,10.17,10.34,17055262.0
2013-09-17,10.39,10.52,10.07,10.29,12973473.0
2013-09-18,9.89,11.07,9.76,10.61,20617895.0
2013-09-19,10.83,10.95,9.73,9.95,22351266.0
2013-09-20,10.15,10.67,10.0,10.0,28432910.0
2013-09-23,9.28,9.58,8.59,8.66,27950941.0
2013-09-24,8.21,8.47,7.5,7.52,34336650.0
2013-09-25,7.42,9.1,7.26,8.9,38868151.0
2013-09-26,9.13,9.76,8.74,9.09,21246130.0
2013-09-27,8.7,9.6,8.59,9.44,22737937.0
2013-09-30,8.93,9.29,8.64,8.89,21203630.0
2013-10-01,8.84,9.29,8.65,9.16,18747182.0
2013-10-02,8.9,10.03,8.87,9.67,23526966.0
2013-10-03,9.58,9.78,9.08,9.52,18434478.0
2013-10-04,9.65,10.26,9.59,10.25,17288504.0
2013-10-07,9.87,9.94,9.41,9.41,16034689.0
2013-10-08,9.41,9.54,8.42,8.45,19381941.0
2013-10-09,8.75,8.92,7.83,8.33,24671699.0
2013-10-10,9.42,10.14,8.96,10.1,23929028.0
2013-10-11,10.54,10.93,9.74,10.09,32384414.0
2013-10-14,9.52,10.42,9.34,10.29,18769373.0
2013-10-15,10.49,10.62,9.76,9.89,17324237.0
2013-10-16,10.19,11.63,10.16,11.58,24461461.0
2013-10-17,11.37,11.87,11.19,11.79,17618801.0
2013-10-18,11.84,12.16,11.38,11.88,24675401.0
2013-10-21,11.85,12.43,11.47,11.85,19424161.0
2013-10-22,12.23,12.26,11.2,11.2,24533682.0
2013-10-23,10.89,10.94,10.3,10.33,20853215.0
2013-10-24,10.42,10.47,9.69,10.06,17338305.0
2013-10-25,9.74,10.49,9.65,10.35,17788517.0
2013-10-28,10.47,10.67,10.08,10.26,14711003.0
2013-10-29,10.41,10.57,9.83,10.31,23327762.0
2013-10-30,10.58,10.82,10.08,10.18,16008930.0
2013-10-31,10.23,10.29,9.12,9.12,23322477.0
2013-11-01,9.03,10.28,8.88,10.09,25565709.0
2013-11-04,10.32,10.34,9.57,9.62,17422367.0
2013-11-05,9.43,9.71,9.24,9.53,14213789.0
2013-11-06,9.84,9.92,9.41,9.68,13884015.0
2013-11-07,9.71,9.92,9.16,9.23,17235308.0
2013-11-08,9.41,11.55,9.38,11.54,30979478.0
2013-11-11,11.49,11.73,11.28,11.68,12033514.0
2013-11-12,11.51,11.66,11.18,11.55,15908590.0
2013-11-13,11.1,11.78,10.73,11.72,22078013.0
2013-11-14,11.84,12.08,11.28,11.98,17561952.0
2013-11-15,11.85,12.54,11.77,12.45,20298663.0
2013-11-18,13.07,13.58,12.88,13.32,22188337.0
2013-11-19,13.55,14.22,13.36,13.73,22902702.0
2013-11-20,14.01,14.02,13.35,13.68,17576484.0
2013-11-21,13.86,14.98,13.86,14.8,22735278.0
2013-11-22,14.83,15.1,14.64,15.04,16724226.0
2013-11-25,15.08,15.72,14.99,15.23,18638706.0
2013-11-26,15.21,15.54,14.75,14.75,15918949.0
2013-11-27,15.16,15.41,14.91,15.06,11234037.0
2013-11-29,15.16,15.43,14.78,14.8,7128768.0
2013-12-02,14.68,15.33,14.48,14.56,12285414.0
2013-12-03,14.47,14.8,13.72,14.44,20386414.0
2013-12-04,14.02,15.05,13.79,14.77,20282748.0
2013-12-05,14.29,14.31,13.33,13.4,21309854.0
2013-12-06,14.15,14.34,13.2,13.64,18629944.0
2013-12-09,13.86,14.11,13.67,14.09,12592626.0
2013-12-10,14.07,14.65,13.93,14.28,14308558.0
2013-12-11,14.12,14.35,13.54,13.65,17791011.0
2013-12-12,13.63,14.18,13.49,13.89,15166682.0
2013-12-13,13.95,14.14,13.61,13.75,11395321.0
2013-12-16,13.92,14.52,13.91,14.0,17509011.0
2013-12-17,14.24,14.24,13.24,13.3,18138112.0
2013-12-18,13.42,14.85,12.98,14.82,26912110.0
2013-12-19,14.68,15.12,14.4,14.81,16703046.0
2013-12-20,14.79,15.58,14.78,15.28,21727205.0
2013-12-23,15.55,15.97,15.38,15.82,13876455.0
2013-12-24,15.65,15.87,15.62,15.83,4532443.0
2013-12-26,15.93,16.04,15.5,15.78,6642956.0
2013-12-27,15.75,15.93,15.64,15.72,8934341.0
2013-12-30,15.72,15.84,15.29,15.53,8803014.0
2013-12-31,15.78,16.13,15.63,16.06,10885391.0
2014-01-02,16.27,16.46,15.93,16.17,15601868.0
2014-01-03,16.25,16.91,16.17,16.62,14146023.0
2014-01-06,17.12,17.42,16.79,16.96,16995711.0
2014-01-07,17.25,17.39,16.07,16.28,17794580.0
2014-01-08,16.5,16.87,16.26,16.83,14493015.0
2014-01-09,16.94,16.96,16.29,16.72,13213102.0
2014-01-10,16.63,16.72,16.13,16.45,12665069.0
2014-01-13,16.47,16.63,15.49,15.66,20712405.0
2014-01-14,16.26,16.54,15.52,15.7,30102806.0
2014-01-15,15.69,17.61,15.69,17.45,31390701.0
2014-01-16,16.75,17.78,16.7,16.95,21609119.0
2014-01-17,17.17,17.19,15.99,16.07,20858309.0
2014-01-21,16.05,16.4,15.54,16.13,19413167.0
2014-01-22,16.29,16.29,15.38,15.55,15383186.0
2014-01-23,15.05,15.06,14.17,14.43,26035643.0
2014-01-24,13.96,14.32,13.05,13.05,26893417.0
2014-01-27,13.04,13.75,12.65,13.05,23421733.0
2014-01-28,13.35,14.29,13.2,13.7,17942396.0
2014-01-29,12.92,13.83,12.81,13.49,25352632.0
2014-01-30,14.03,14.35,13.59,13.96,16970479.0
2014-01-31,13.46,14.07,13.14,13.32,18016869.0
2014-02-03,13.46,13.91,12.16,12.27,28354520.0
2014-02-04,12.68,13.31,12.56,12.91,20677827.0
2014-02-05,13.06,13.41,12.54,13.17,19460046.0
2014-02-06,13.31,14.51,13.16,14.44,20812780.0
2014-02-07,14.61,14.89,14.21,14.58,23646390.0
2014-02-10,14.73,14.88,14.35,14.7,14694773.0
2014-02-11,14.57,15.53,14.54,15.39,18678815.0
2014-02-12,15.3,15.67,15.12,15.48,13416847.0
2014-02-13,15.03,16.06,14.92,15.99,16601573.0
2014-02-14,15.85,16.19,15.71,16.11,13069733.0
2014-02-18,15.98,16.61,15.86,16.45,14879732.0
2014-02-19,16.32,16.5,15.18,15.22,18260335.0
2014-02-20,15.49,15.93,15.23,15.54,12414300.0
2014-02-21,15.55,15.8,15.33,15.57,16777560.0
2014-02-24,15.58,16.19,15.53,15.99,16014290.0
2014-02-25,15.86,15.94,14.88,14.99,17669881.0
2014-02-26,15.33,15.34,14.18,14.71,23653472.0
2014-02-27,14.74,14.85,14.1,14.65,16106421.0
2014-02-28,14.53,15.41,14.35,14.78,18506794.0
2014-03-03,14.26,14.38,13.65,14.17,19147561.0
2014-03-04,14.91,15.32,14.6,15.22,17037320.0
2014-03-05,15.44,16.25,15.32,16.12,17567626.0
2014-03-06,16.47,17.04,16.36,16.86,19341366.0
2014-03-07,17.31,17.76,17.03,17.36,18166692.0
2014-03-10,17.1,17.44,16.82,17.16,16505011.0
2014-03-11,17.38,17.41,16.09,16.15,19367407.0
2014-03-12,15.66,15.92,15.38,15.88,17888068.0
2014-03-13,15.96,16.3,15.15,15.38,17069639.0
2014-03-14,15.07,15.49,14.58,14.76,18561256.0
2014-03-17,15.17,15.66,15.01,15.54,13424563.0
2014-03-18,15.78,16.12,15.58,16.02,12464833.0
2014-03-19,15.95,16.89,15.85,16.26,21447112.0
2014-03-20,16.32,18.45,16.09,18.07,33564137.0
2014-03-21,18.92,19.16,17.96,18.13,33091868.0
2014-03-24,18.33,19.15,18.31,19.03,25628828.0
2014-03-25,19.07,19.44,18.52,18.89,23941816.0
2014-03-26,19.2,19.36,17.85,17.86,21180048.0
2014-03-27,17.9,18.51,16.98,17.88,24575209.0
2014-03-28,18.17,18.55,17.64,18.0,14670962.0
2014-03-31,18.79,18.97,18.56,18.67,15058894.0
2014-04-01,18.91,19.25,18.33,18.63,14567471.0
2014-04-02,18.71,19.11,18.54,18.82,13854616.0
2014-04-03,18.99,19.14,18.62,19.0,11699551.0
2014-04-04,19.36,19.4,18.14,18.15,16865249.0
2014-04-07,18.03,18.34,17.18,17.34,16672684.0
2014-04-08,17.14,17.36,16.59,17.19,16789210.0
2014-04-09,17.44,17.79,16.83,17.61,15234541.0
2014-04-10,17.69,17.73,15.72,15.74,29743801.0
2014-04-11,13.52,14.39,12.89,13.64,47029605.0
2014-04-14,14.19,14.28,12.82,13.3,30887971.0
2014-04-15,13.43,13.98,12.69,13.14,26374232.0
2014-04-16,13.34,13.69,13.03,13.6,21166095.0
2014-04-17,13.68,13.91,13.35,13.56,17734269.0
2014-04-21,13.6,13.75,13.33,13.37,12328108.0
2014-04-22,13.38,14.42,13.28,14.15,16169369.0
2014-04-23,14.14,14.46,13.9,14.39,11301571.0
2014-04-24,14.41,14.6,13.95,14.53,15218738.0
2014-04-25,14.65,14.69,13.98,14.04,15898728.0
2014-04-28,13.97,14.04,13.02,13.83,21330842.0
2014-04-29,14.07,14.64,13.91,14.44,13418834.0
2014-04-30,14.58,14.69,14.06,14.32,14303568.0
2014-05-01,14.26,14.53,13.84,14.06,12715689.0
2014-05-02,14.17,14.71,13.78,13.92,14977341.0
2014-05-05,12.22,13.08,12.04,12.56,25188769.0
2014-05-06,12.38,12.4,11.66,11.68,24878744.0
2014-05-07,11.89,12.46,11.58,12.39,18387162.0
2014-05-08,12.54,12.87,12.39,12.7,16011228.0
2014-05-09,12.56,12.64,12.01,12.35,12338671.0
2014-05-12,12.61,13.04,12.37,12.99,12728839.0
2014-05-13,13.08,13.17,12.84,12.96,11469409.0
2014-05-14,12.98,13.04,12.64,12.7,10274846.0
2014-05-15,12.54,12.54,11.69,11.85,19582844.0
2014-05-16,11.76,11.85,11.31,11.65,19974365.0
2014-05-19,11.42,12.25,11.4,12.17,11957461.0
2014-05-20,12.06,12.38,11.75,12.06,15182522.0
2014-05-21,12.39,12.94,12.32,12.46,13176909.0
2014-05-22,12.51,12.94,12.36,12.89,11777573.0
2014-05-23,12.89,12.92,12.5,12.87,10851980.0
2014-05-27,13.09,13.76,13.03,13.48,14419589.0
2014-05-28,13.43,13.94,13.34,13.79,11324952.0
2014-05-29,14.09,14.26,13.73,14.06,11710170.0
2014-05-30,13.92,14.22,13.65,13.91,11805879.0
2014-06-02,13.99,13.99,13.36,13.69,9362918.0
2014-06-03,13.43,14.0,13.43,13.94,9129837.0
2014-06-04,13.86,14.06,13.59,14.02,9707043.0
2014-06-05,14.25,15.0,13.83,14.97,16791396.0
2014-06-06,15.1,15.47,14.99,15.31,15335929.0
2014-06-09,15.25,16.0,15.24,15.76,11871212.0
2014-06-10,15.81,16.28,15.73,16.24,11500878.0
2014-06-11,15.82,16.13,15.31,15.61,13931808.0
2014-06-12,15.41,15.76,15.21,15.38,11614570.0
2014-06-13,15.37,16.01,15.22,15.38,12000391.0
2014-06-16,15.19,15.29,14.67,15.21,11005039.0
2014-06-17,15.13,15.93,15.02,15.76,11181403.0
2014-06-18,15.63,16.15,15.29,16.12,13719471.0
2014-06-19,16.03,16.03,15.55,15.64,11608750.0
2014-06-20,16.03,16.11,15.69,15.89,17075858.0
2014-06-23,15.88,16.56,15.58,16.53,15998977.0
2014-06-24,16.22,16.46,15.64,15.76,12291667.0
2014-06-25,15.56,16.08,15.21,15.87,14835280.0
2014-06-26,15.68,15.83,14.94,15.73,11853881.0
2014-06-27,15.67,16.04,15.58,15.87,9708336.0
2014-06-30,15.78,16.12,15.72,15.96,11576698.0
2014-07-01,15.89,16.73,15.82,16.31,14341568.0
2014-07-02,16.01,16.21,15.56,15.71,19182586.0
2014-07-03,15.97,16.39,15.74,15.79,12598829.0
2014-07-07,15.63,15.73,15.14,15.41,13889283.0
2014-07-08,15.09,15.21,14.37,14.5,18312247.0
2014-07-09,14.62,14.86,14.35,14.76,10839851.0
2014-07-10,13.8,14.55,13.7,14.3,12426770.0
2014-07-11,14.03,14.64,13.93,14.54,10229783.0
2014-07-14,15.27,15.58,14.94,15.03,13800409.0
2014-07-15,17.25,17.72,17.05,17.45,19353084.0
2014-07-17,17.3,17.6,16.5,16.6,16985302.0
2014-07-18,17.07,17.22,16.64,16.97,12718651.0
2014-07-21,16.86,17.15,16.64,16.98,9124912.0
2014-07-22,17.16,17.54,17.11,17.41,10327417.0
2014-07-23,17.5,17.93,17.26,17.74,11057185.0
2014-07-24,17.81,18.09,17.73,17.91,9803386.0
2014-07-25,17.66,18.01,17.58,17.75,10011295.0
2014-07-28,17.68,18.0,17.41,17.93,12362017.0
2014-07-29,17.87,17.87,17.18,17.38,13441929.0
2014-07-30,17.76,18.02,17.35,17.65,11741619.0
2014-07-31,17.39,17.42,16.4,16.41,15659654.0
2014-08-01,16.13,16.23,14.71,15.22,23502613.0
2014-08-04,15.65,15.72,15.08,15.39,13265625.0
2014-08-05,15.17,15.34,14.34,14.8,16717675.0
2014-08-06,14.63,15.43,14.57,14.97,12141944.0
2014-08-07,15.37,15.43,14.42,14.65,11662862.0
2014-08-08,14.63,15.1,14.38,15.08,12066076.0
2014-08-11,15.28,15.32,14.91,15.06,8710499.0
2014-08-12,14.97,15.29,14.87,15.09,10152522.0
2014-08-13,15.43,15.58,15.24,15.46,6940510.0
2014-08-14,15.51,15.74,15.44,15.72,8264173.0
2014-08-15,15.98,16.24,15.13,15.49,12661406.0
2014-08-18,15.6,16.17,15.5,15.97,8788876.0
2014-08-19,16.34,16.46,16.08,16.3,9012059.0
2014-08-20,16.16,16.59,16.13,16.38,8092714.0
2014-08-21,16.4,17.51,16.34,17.24,12683696.0
2014-08-22,17.18,17.82,17.07,17.23,10180508.0
2014-08-25,17.72,18.57,17.6,18.08,13937581.0
2014-08-26,18.31,18.69,18.12,18.48,9958483.0
2014-08-27,18.59,18.69,18.27,18.33,9149795.0
2014-08-28,17.99,18.11,17.55,17.9,9030843.0
2014-08-29,18.08,18.39,17.97,18.19,8724096.0
2014-09-02,18.2,18.45,17.89,18.41,8626202.0
2014-09-03,18.76,19.11,18.2,18.44,11732710.0
2014-09-04,18.37,18.88,18.17,18.45,9775462.0
2014-09-05,18.36,18.65,17.96,18.65,9575295.0
2014-09-08,18.58,18.96,18.48,18.63,8048385.0
2014-09-09,18.37,18.42,17.52,17.8,14717057.0
2014-09-10,17.89,18.3,17.66,17.96,9099265.0
2014-09-11,17.92,18.58,17.71,18.5,11390920.0
2014-09-12,18.54,19.15,18.49,18.77,14357449.0
2014-09-15,18.52,18.73,18.19,18.68,10590423.0
2014-09-16,18.45,18.94,18.36,18.73,9750388.0
2014-09-17,18.69,19.33,18.56,19.05,15025272.0
2014-09-18,19.28,20.14,19.28,20.06,16356039.0
2014-09-19,20.48,20.59,19.72,19.85,17846056.0
2014-09-22,19.68,20.19,19.54,19.65,12967245.0
2014-09-23,19.56,20.14,19.51,19.68,14293438.0
2014-09-24,19.92,20.38,19.76,20.37,13686309.0
2014-09-25,20.23,20.24,18.89,18.89,15844189.0
2014-09-26,19.07,19.62,19.06,19.3,11773375.0
2014-09-29,18.77,19.24,18.47,19.07,10548727.0
2014-09-30,19.14,19.48,18.87,18.98,13915792.0
2014-10-01,18.98,19.14,18.47,18.51,18450950.0
2014-10-02,18.29,18.63,17.75,17.98,24398164.0
2014-10-03,18.39,19.52,18.19,19.44,17897709.0
2014-10-06,19.92,19.94,19.14,19.32,11074042.0
2014-10-07,19.06,19.06,18.32,18.41,14358726.0
2014-10-08,18.5,19.57,18.32,19.54,15794802.0
2014-10-09,19.47,19.47,18.03,18.22,18501724.0
2014-10-10,18.17,18.96,17.65,17.66,16595462.0
2014-10-13,17.64,18.28,17.25,17.3,16948786.0
2014-10-14,15.83,17.66,15.2,17.13,27583649.0
2014-10-15,16.16,16.52,13.4,14.67,35020033.0
2014-10-16,13.89,15.12,13.42,14.22,31871990.0
2014-10-17,14.87,15.92,14.71,15.34,19515628.0
2014-10-20,15.24,15.88,15.21,15.77,9834713.0
2014-10-21,16.37,17.15,16.22,17.07,13949770.0
2014-10-22,17.18,17.4,16.58,16.59,13715769.0
2014-10-23,17.26,17.74,17.07,17.2,12425451.0
2014-10-24,17.14,17.91,17.14,17.88,9331295.0
2014-10-27,17.59,17.93,17.39,17.78,10327802.0
2014-10-28,18.01,18.83,17.95,18.77,13569443.0
2014-10-29,18.76,18.92,17.9,18.43,16452342.0
2014-10-30,18.08,18.82,18.06,18.53,14604943.0
2014-10-31,19.26,19.68,19.01,19.62,17777909.0
2014-11-03,19.93,20.29,19.5,20.02,11735036.0
2014-11-04,19.38,19.51,18.56,19.39,14778409.0
2014-11-05,19.94,20.37,19.53,20.29,13986039.0
2014-11-06,20.22,20.45,19.77,20.37,10070569.0
2014-11-07,20.21,20.69,20.0,20.61,12124066.0
2014-11-10,20.39,21.07,20.34,21.07,10595552.0
2014-11-11,20.85,21.03,20.43,20.51,12462591.0
2014-11-12,19.56,19.98,19.37,19.7,17103635.0
2014-11-13,19.64,19.77,19.13,19.37,12190357.0
2014-11-14,19.39,19.76,19.32,19.42,6596447.0
2014-11-17,19.14,19.67,19.03,19.52,8982292.0
2014-11-18,19.49,19.96,19.34,19.67,8832340.0
2014-11-19,19.59,19.93,19.29,19.74,9190136.0
2014-11-20,19.34,19.39,18.89,19.26,10886105.0
2014-11-21,20.21,20.21,19.44,19.59,12290736.0
2014-11-24,19.84,20.44,19.84,20.1,8317060.0
2014-11-25,20.3,20.3,19.09,19.44,14402707.0
2014-11-26,19.71,19.71,19.34,19.48,7523510.0
2014-11-28,19.54,19.7,19.17,19.3,6759646.0
2014-12-01,19.12,19.35,18.69,19.14,12750234.0
2014-12-02,19.15,20.33,19.14,20.22,12503152.0
2014-12-03,20.1,20.76,19.95,20.68,12103760.0
2014-12-04,20.24,20.71,19.98,20.52,11509958.0
2014-12-05,21.15,22.2,21.02,21.84,19912424.0
2014-12-08,21.74,22.3,21.4,21.81,15526260.0
2014-12-09,20.99,21.99,20.7,21.59,19514205.0
2014-12-10,21.3,21.38,19.51,19.82,29475432.0
2014-12-11,20.31,21.2,20.25,20.28,16824259.0
2014-12-12,19.67,20.36,19.1,19.18,17081067.0
2014-12-15,19.88,19.95,17.93,18.3,18117121.0
2014-12-16,17.56,19.0,17.25,17.57,20535646.0
2014-12-17,17.71,18.97,17.48,18.91,17800295.0
2014-12-18,19.78,20.62,19.58,20.62,18093190.0
2014-12-19,20.54,21.49,20.51,21.07,21592841.0
2014-12-22,21.3,21.47,20.75,21.08,12275423.0
2014-12-23,21.19,22.11,21.07,21.62,13524903.0
2014-12-24,21.88,22.01,21.41,21.62,7419167.0
2014-12-26,21.81,22.03,21.55,21.69,5961564.0
2014-12-29,21.56,22.48,21.39,22.1,10473035.0
2014-12-30,21.86,22.42,21.71,22.29,7270370.0
2014-12-31,22.44,22.63,21.72,21.72,18252820.0
2015-01-02,22.16,22.5,21.61,22.03,12562896.0
2015-01-05,21.6,21.82,19.77,20.09,19927339.0
2015-01-06,20.18,20.29,17.89,18.52,28830395.0
2015-01-07,19.43,19.43,18.2,18.61,23829178.0
2015-01-08,19.51,20.44,19.51,19.93,16779748.0
2015-01-09,20.26,20.33,18.83,18.88,15205980.0
2015-01-12,18.82,18.94,17.81,18.37,15366512.0
2015-01-13,18.8,19.24,17.91,18.38,21563264.0
2015-01-14,16.45,16.54,14.81,16.35,47059119.0
2015-01-15,15.27,16.15,14.04,14.53,38786971.0
2015-01-16,14.2,15.54,14.18,15.47,29334228.0
2015-01-20,15.58,15.93,14.96,15.25,22608151.0
2015-01-21,14.99,15.94,14.73,15.56,9130457.0
2015-01-22,15.92,17.27,15.49,17.13,26558815.0
2015-01-23,17.26,17.41,16.2,16.22,15336578.0
2015-01-26,15.95,16.53,15.74,16.31,12503195.0
2015-01-27,15.59,16.15,15.29,15.74,15166133.0
2015-01-28,16.16,16.22,14.29,14.29,23599640.0
2015-01-29,14.81,15.43,14.22,15.21,20298029.0
2015-01-30,14.53,15.03,13.91,13.92,26561016.0
2015-02-02,14.07,15.19,13.81,15.01,20005708.0
2015-02-03,15.45,16.32,15.41,16.26,18756502.0
2015-02-04,15.86,16.61,15.82,15.92,14798694.0
2015-02-05,16.4,16.58,16.0,16.31,11275988.0
2015-02-06,17.29,18.27,17.08,17.43,24992458.0
2015-02-09,16.96,17.63,16.77,17.36,14337865.0
2015-02-10,17.96,18.24,17.59,18.0,16236795.0
2015-02-11,17.6,18.19,17.38,17.91,13032298.0
2015-02-12,18.47,19.25,18.09,19.11,22332650.0
2015-02-13,19.0,19.76,18.88,19.21,16467717.0
2015-02-17,18.9,19.68,18.85,19.64,15264682.0
2015-02-18,19.33,19.37,18.66,18.91,13014663.0
2015-02-19,18.69,19.02,18.34,18.77,11237123.0
2015-02-20,18.5,19.43,17.89,19.34,15336845.0
2015-02-23,19.04,19.07,18.34,18.89,16681711.0
2015-02-24,19.79,20.79,19.62,20.36,22899859.0
2015-02-25,20.3,20.81,20.29,20.68,17793286.0
2015-02-26,20.57,21.24,20.45,21.12,15282420.0
2015-02-27,20.67,21.46,20.67,20.82,15006982.0
2015-03-02,20.78,21.37,20.57,21.31,12970903.0
2015-03-03,21.19,21.53,21.04,21.51,13650814.0
2015-03-04,21.18,21.71,20.89,21.67,16518280.0
2015-03-05,21.74,21.77,21.14,21.54,10856364.0
2015-03-06,21.7,22.41,20.34,20.43,22486250.0
2015-03-09,20.38,21.17,20.34,21.04,12937534.0
2015-03-10,20.3,20.55,19.5,19.5,16274564.0
2015-03-11,19.67,20.19,19.49,19.78,12846148.0
2015-03-12,20.19,20.99,20.19,20.91,17974217.0
2015-03-13,20.94,21.4,19.97,20.54,16436606.0
2015-03-16,21.04,21.46,20.79,21.39,14143224.0
2015-03-17,20.88,21.2,20.46,21.15,11584298.0
2015-03-18,20.93,21.59,20.62,21.29,15672092.0
2015-03-19,21.11,21.19,20.3,20.74,11401586.0
2015-03-20,20.86,21.64,20.69,21.29,17679324.0
2015-03-23,21.29,21.62,20.66,20.68,14699048.0
2015-03-24,20.51,20.78,19.99,20.0,11970362.0
2015-03-25,20.07,20.18,19.13,19.15,14617426.0
2015-03-26,19.0,19.33,18.41,19.08,14030511.0
2015-03-27,19.03,19.32,18.54,19.09,11732963.0
2015-03-30,20.42,21.0,20.15,20.5,20603883.0
2015-03-31,20.26,20.48,19.96,20.12,17087128.0
2015-04-01,20.35,20.51,19.67,19.89,18039081.0
2015-04-02,20.01,20.64,19.94,20.46,12583409.0
2015-04-06,19.86,20.69,19.59,20.41,12013403.0
2015-04-07,21.09,21.44,20.79,20.79,11403645.0
2015-04-08,21.0,21.5,20.88,20.99,11671055.0
2015-04-09,21.21,21.51,20.77,21.41,11680431.0
2015-04-10,21.29,21.72,21.14,21.64,9846975.0
2015-04-13,21.58,22.21,21.44,22.01,15256182.0
2015-04-14,22.9,23.55,22.68,22.98,33708887.0
2015-04-15,23.02,24.42,22.95,24.15,28561254.0
2015-04-16,24.02,24.21,23.6,23.75,16553057.0
2015-04-17,23.19,23.34,22.43,22.78,20109829.0
2015-04-20,23.16,23.46,23.08,23.18,12716730.0
2015-04-21,23.27,23.54,22.07,22.25,14874193.0
2015-04-22,22.59,23.09,21.97,22.88,14442183.0
2015-04-23,22.73,23.15,22.54,22.74,12828050.0
2015-04-24,22.57,22.78,22.28,22.54,9521226.0
2015-04-27,22.64,23.09,22.25,22.28,11118042.0
2015-04-28,22.43,22.72,21.71,22.7,12260004.0
2015-04-29,22.5,23.83,22.4,23.54,17468637.0
2015-04-30,23.52,23.82,22.86,23.2,16656666.0
2015-05-01,23.64,23.81,23.27,23.55,11637718.0
2015-05-04,23.62,24.81,23.58,24.66,14902956.0
2015-05-05,24.45,25.26,24.23,24.34,17564232.0
2015-05-06,24.47,25.01,23.36,23.86,17811034.0
2015-05-07,23.61,24.53,23.19,24.44,14987286.0
2015-05-08,24.91,25.59,24.54,25.43,16032780.0
2015-05-11,25.2,25.58,25.01,25.39,13757957.0
2015-05-12,25.25,25.48,24.7,25.3,12716987.0
2015-05-13,25.36,25.57,25.0,25.46,11870197.0
2015-05-14,25.77,26.12,25.65,25.99,11816259.0
2015-05-15,26.07,26.1,25.37,25.82,11047516.0
2015-05-18,25.74,26.48,25.74,26.36,10412096.0
2015-05-19,26.71,27.13,26.51,26.95,14177415.0
2015-05-20,26.89,26.97,26.34,26.42,11682921.0
2015-05-21,26.08,26.62,25.95,26.59,12817466.0
2015-05-22,26.57,26.77,26.26,26.41,9292582.0
2015-05-26,26.14,26.23,25.25,25.67,15458138.0
2015-05-27,25.89,26.59,25.76,26.41,10877120.0
2015-05-28,26.3,26.34,25.68,26.14,11792255.0
2015-05-29,26.12,26.16,25.3,25.72,14240664.0
2015-06-01,25.93,26.6,25.91,26.02,11895338.0
2015-06-02,25.77,26.33,25.52,25.96,12721547.0
2015-06-03,26.37,27.07,26.21,26.64,12832453.0
2015-06-04,26.25,26.99,25.95,26.27,13711077.0
2015-06-05,27.31,27.78,26.95,27.36,20701016.0
2015-06-08,27.4,27.49,26.75,26.83,14486237.0
2015-06-09,26.89,27.21,26.41,27.12,13107183.0
2015-06-10,27.53,28.43,27.41,28.2,17408037.0
2015-06-11,28.3,28.62,28.09,28.46,13730448.0
2015-06-12,28.25,28.48,27.81,28.19,11565184.0
2015-06-15,27.52,28.15,27.24,27.93,14063782.0
2015-06-16,27.71,28.46,27.56,28.31,11646414.0
2015-06-17,28.35,28.62,27.97,28.08,14498259.0
2015-06-18,28.29,28.76,27.84,28.72,16709666.0
2015-06-19,28.4,28.61,27.86,28.02,18775133.0
2015-06-22,28.81,29.23,28.69,28.9,13871577.0
2015-06-23,29.29,29.76,29.13,29.69,15639441.0
2015-06-24,29.45,29.71,28.85,28.96,14480695.0
2015-06-25,29.26,29.41,28.57,28.59,13245917.0
2015-06-26,28.88,29.23,28.7,28.89,13678259.0
2015-06-29,27.62,28.2,27.1,27.14,19706950.0
2015-06-30,27.83,28.05,27.1,27.7,20531873.0
2015-07-01,28.5,28.77,28.16,28.45,13949278.0
2015-07-02,28.33,28.51,27.56,27.9,12416911.0
2015-07-06,27.26,27.84,26.92,27.71,13453954.0
2015-07-07,27.47,27.6,25.68,27.18,22399432.0
2015-07-08,26.38,26.54,25.58,25.81,17491936.0
2015-07-09,26.87,27.08,26.37,26.49,14915207.0
2015-07-10,27.6,27.78,27.2,27.43,12222367.0
2015-07-13,28.27,28.52,28.06,28.47,16080979.0
2015-07-14,28.36,29.48,28.14,29.42,20164959.0
2015-07-15,29.61,29.81,29.23,29.57,16867856.0
2015-07-16,30.01,30.33,29.79,29.94,18011091.0
2015-07-17,29.73,29.87,29.3,29.59,13996516.0
2015-07-20,29.88,30.14,29.56,29.64,11413522.0
2015-07-21,29.54,29.92,29.25,29.48,11529756.0
2015-07-22,29.66,30.67,29.58,30.46,15442398.0
2015-07-23,30.57,30.99,29.84,30.02,14142906.0
2015-07-24,29.82,29.94,29.06,29.29,12397825.0
2015-07-27,28.53,28.6,27.95,28.39,16767585.0
2015-07-28,28.93,28.98,28.15,28.43,14878259.0
2015-07-29,28.7,29.48,28.54,29.32,13003714.0
2015-07-30,29.31,29.83,28.92,29.42,10116123.0
2015-07-31,29.39,29.42,28.78,28.91,11710820.0
2015-08-03,28.97,29.22,28.38,28.91,9909169.0
2015-08-04,28.85,29.33,28.69,28.84,10937076.0
2015-08-05,29.43,29.8,28.94,29.11,11152342.0
2015-08-06,29.13,29.32,28.38,28.63,10756598.0
2015-08-07,28.71,29.12,27.93,28.43,11430441.0
2015-08-10,28.6,29.38,28.6,29.27,12534725.0
2015-08-11,28.61,28.78,28.23,28.61,14722388.0
2015-08-12,27.79,27.93,26.45,27.62,21068726.0
2015-08-13,27.63,28.18,27.35,27.93,11878774.0
2015-08-14,27.8,28.29,27.78,28.27,11216934.0
2015-08-17,28.0,28.62,27.78,28.45,10309434.0
2015-08-18,28.36,28.74,28.22,28.59,10606191.0
2015-08-19,28.31,28.69,27.74,27.98,15166903.0
2015-08-20,27.19,27.42,26.32,26.32,20848956.0
2015-08-21,25.47,25.82,23.95,23.98,27837445.0
2015-08-24,19.67,23.3,10.45,20.63,35961708.0
2015-08-25,23.48,23.7,20.11,20.29,31548955.0
2015-08-26,22.18,23.36,20.92,23.29,33237508.0
2015-08-27,24.36,25.11,23.51,24.86,28837697.0
2015-08-28,24.67,24.84,23.98,24.51,16576865.0
2015-08-31,23.99,24.73,23.85,24.48,14087153.0
2015-09-01,23.23,23.23,21.37,21.83,23563918.0
2015-09-02,23.0,23.29,21.92,22.95,17631475.0
2015-09-03,23.26,24.04,22.83,23.06,16937171.0
2015-09-04,22.18,22.3,21.13,21.88,20115917.0
2015-09-08,23.15,23.58,22.71,23.54,13111696.0
2015-09-09,24.32,24.72,22.38,22.56,13718590.0
2015-09-10,22.24,23.37,21.83,23.04,15648201.0
2015-09-11,22.76,23.04,22.36,22.94,12716162.0
2015-09-14,23.02,23.06,22.5,22.76,10176879.0
2015-09-15,23.14,24.27,22.89,23.96,13897106.0
2015-09-16,24.27,24.67,23.59,24.52,12216035.0
2015-09-17,24.52,25.02,22.77,23.03,20816360.0
2015-09-18,22.21,22.21,21.16,21.32,30758788.0
2015-09-21,21.9,22.29,21.46,21.83,13094804.0
2015-09-22,20.98,21.46,20.8,21.29,14662839.0
2015-09-23,21.18,21.53,20.7,21.02,11626386.0
2015-09-24,20.39,20.76,19.84,20.6,16851230.0
2015-09-25,21.65,22.24,21.25,21.85,18269623.0
2015-09-28,21.3,21.39,20.07,20.36,16825220.0
2015-09-29,20.36,20.51,19.11,20.22,19257274.0
2015-09-30,21.08,21.38,20.49,21.35,18638762.0
2015-10-01,21.5,22.25,20.92,21.8,16776708.0
2015-10-02,20.41,21.68,19.35,21.63,20377651.0
2015-10-05,22.06,23.06,22.04,22.84,13394129.0
2015-10-06,22.93,23.18,22.43,22.87,12014727.0
2015-10-07,23.37,23.85,22.57,22.95,12773057.0
2015-10-08,22.67,23.07,22.25,22.95,13883954.0
2015-10-09,23.21,23.36,22.39,22.75,12035422.0
2015-10-12,22.66,22.83,22.21,22.54,10779940.0
2015-10-13,22.21,22.98,22.13,22.37,14730605.0
2015-10-14,21.58,21.79,20.36,20.81,28919452.0
2015-10-15,21.29,22.78,20.92,22.71,18069829.0
2015-10-16,23.25,23.47,22.91,23.25,17430089.0
2015-10-19,22.82,23.58,22.73,23.04,14479153.0
2015-10-20,23.18,23.63,22.9,23.34,11487734.0
2015-10-21,23.7,23.78,22.87,22.88,12113355.0
2015-10-22,23.24,24.4,23.24,24.01,15235926.0
2015-10-23,24.45,25.0,24.32,24.69,16942186.0
2015-10-26,24.66,24.81,24.23,24.72,13858411.0
2015-10-27,24.35,24.68,24.13,24.46,8766811.0
2015-10-28,24.52,26.56,24.51,26.32,17923080.0
2015-10-29,26.08,26.65,25.7,26.03,12686432.0
2015-10-30,26.12,26.16,24.95,25.07,15546241.0
2015-11-02,25.27,26.57,25.21,26.36,15218959.0
2015-11-03,26.11,26.92,25.99,26.6,11497853.0
2015-11-04,26.83,26.97,26.45,26.67,11374738.0
2015-11-05,26.61,27.49,26.57,27.26,12570200.0
2015-11-06,29.19,29.85,28.92,29.28,23179932.0
2015-11-09,29.52,29.54,27.9,28.21,17128557.0
2015-11-10,28.01,28.67,27.75,28.5,13096581.0
2015-11-11,28.92,28.99,28.07,28.17,8494787.0
2015-11-12,27.68,27.72,26.77,26.82,13370535.0
2015-11-13,26.66,26.99,26.05,26.38,11700786.0
2015-11-16,26.28,27.4,25.99,27.33,11031452.0
2015-11-17,27.49,27.56,26.71,26.95,12320306.0
2015-11-18,27.3,28.37,27.19,28.27,12731884.0
2015-11-19,28.4,28.64,27.86,28.48,12737711.0
2015-11-20,28.81,28.93,28.19,28.36,11195173.0
2015-11-23,28.13,28.4,27.6,27.7,11335540.0
2015-11-24,26.99,27.96,26.86,27.6,10852532.0
2015-11-25,27.75,27.94,27.37,27.68,7754893.0
2015-11-27,27.82,28.14,27.46,27.99,4052633.0
2015-11-30,28.1,28.34,27.5,27.5,15129758.0
2015-12-01,28.16,28.65,27.81,28.43,12668549.0
2015-12-02,28.65,28.7,27.3,27.48,13400839.0
2015-12-03,27.65,27.85,26.4,26.62,14611307.0
2015-12-04,26.92,28.81,26.85,28.71,17628126.0
2015-12-07,28.48,28.57,27.22,27.82,11579511.0
2015-12-08,27.07,27.78,26.52,26.78,13020547.0
2015-12-09,26.43,27.4,25.86,26.28,16572919.0
2015-12-10,26.36,27.31,25.9,26.43,12810864.0
2015-12-11,25.62,25.98,24.33,24.89,17774745.0
2015-12-14,25.04,25.57,24.42,25.09,17590404.0
2015-12-15,25.89,27.47,25.89,26.92,18077032.0
2015-12-16,27.73,28.56,26.73,28.35,21649553.0
2015-12-17,28.72,28.82,26.9,27.1,18110696.0
2015-12-18,26.79,26.79,25.22,25.22,23673533.0
2015-12-21,25.84,26.38,25.65,26.36,18847783.0
2015-12-22,26.74,26.82,25.8,26.5,12136049.0
2015-12-23,26.94,27.67,26.87,27.55,12465001.0
2015-12-24,27.44,27.71,27.14,27.42,4468242.0
2015-12-28,27.11,27.27,26.53,27.2,6609345.0
2015-12-29,27.66,28.12,27.56,27.89,9814809.0
2015-12-30,27.86,27.87,27.27,27.41,7183366.0
2015-12-31,27.01,27.6,26.82,26.85,14633883.0
2016-01-04,25.21,25.32,24.27,24.88,25340301.0
2016-01-05,24.96,25.39,24.3,24.99,16150311.0
2016-01-06,23.98,24.38,23.6,24.07,22927768.0
2016-01-07,22.72,23.26,21.34,21.53,27391093.0
2016-01-08,22.39,22.53,20.11,20.18,22305603.0
2016-01-11,20.09,20.48,19.3,20.09,20887088.0
2016-01-12,20.71,20.82,19.36,20.22,22818792.0
2016-01-13,20.72,20.93,18.17,18.6,28660267.0
2016-01-14,19.42,20.64,18.55,19.46,31234296.0
2016-01-15,17.71,18.83,17.48,18.3,37595706.0
2016-01-19,18.99,19.23,17.77,18.27,22776517.0
2016-01-20,16.89,17.44,15.92,16.77,34624390.0
2016-01-21,17.0,17.78,16.32,16.51,31244742.0
2016-01-22,17.7,18.42,17.56,18.21,22453115.0
2016-01-25,17.74,18.11,16.86,16.92,20961672.0
2016-01-26,17.11,18.41,17.07,18.34,17520293.0
2016-01-27,18.34,19.53,17.82,18.3,20542319.0
2016-01-28,18.78,19.23,17.89,18.54,15488788.0
2016-01-29,19.09,20.8,18.77,20.76,26962770.0
2016-02-01,20.42,20.91,19.7,20.12,16771679.0
2016-02-02,19.14,19.24,18.01,18.29,22440281.0
2016-02-03,18.63,19.05,16.27,18.67,31535492.0
2016-02-04,18.32,19.78,18.32,19.66,21650979.0
2016-02-05,19.84,20.4,18.68,19.01,22000160.0
2016-02-08,17.95,18.18,16.79,17.8,28267484.0
2016-02-09,16.55,17.95,16.39,17.46,26296610.0
2016-02-10,17.83,18.67,16.73,16.78,22363630.0
2016-02-11,15.16,15.17,13.76,14.33,44262438.0
2016-02-12,16.91,18.83,16.43,18.75,36992916.0
2016-02-16,19.49,19.86,18.9,19.61,23707455.0
2016-02-17,20.11,20.51,19.65,20.03,21559475.0
2016-02-18,20.1,20.12,18.51,19.07,17027268.0
2016-02-19,18.76,19.43,18.33,19.08,15657870.0
2016-02-22,19.77,20.14,19.68,19.83,14881238.0
2016-02-23,19.16,19.35,17.22,17.38,31711285.0
2016-02-24,16.46,17.47,15.58,17.4,25534444.0
2016-02-25,17.39,18.29,17.3,18.27,14470513.0
2016-02-26,18.9,19.37,18.4,18.8,20937927.0
2016-02-29,18.67,18.86,17.55,17.56,19532676.0
2016-03-01,18.02,20.46,17.93,20.46,23948269.0
2016-03-02,20.46,21.16,20.22,21.02,20929246.0
2016-03-03,20.84,21.22,20.36,21.22,15772948.0
2016-03-04,21.36,21.81,20.79,21.31,18438280.0
2016-03-07,20.8,21.31,20.58,21.2,12829805.0
2016-03-08,20.47,20.76,19.94,20.04,14121768.0
2016-03-09,20.41,20.8,19.94,20.38,13223844.0
2016-03-10,20.85,20.93,19.07,19.87,21134642.0
2016-03-11,20.65,20.77,19.91,20.6,21052983.0
2016-03-14,20.41,20.57,19.86,20.38,13428207.0
2016-03-15,19.8,20.47,19.69,20.46,10900837.0
2016-03-16,20.24,21.01,19.73,20.18,17423907.0
2016-03-17,20.03,20.39,19.25,20.01,19386224.0
2016-03-18,21.31,22.23,20.92,21.74,29534420.0
2016-03-21,21.48,22.07,21.22,21.72,12677374.0
2016-03-22,21.25,21.84,20.88,21.5,12023758.0
2016-03-23,21.6,21.77,21.12,21.2,11646353.0
2016-03-24,20.56,20.77,20.13,20.74,12898615.0
2016-03-28,20.79,21.01,20.44,20.66,11159117.0
2016-03-29,20.59,20.59,19.79,20.29,15927808.0
2016-03-30,20.72,21.48,20.64,20.97,13307092.0
2016-03-31,20.71,21.19,20.37,20.48,14904265.0
2016-04-01,20.28,21.32,19.82,21.13,15417427.0
2016-04-04,21.14,21.26,20.66,20.9,12289475.0
2016-04-05,20.29,20.53,19.91,20.06,12883750.0
2016-04-06,19.88,20.58,19.65,20.51,12162687.0
2016-04-07,19.96,20.13,18.76,19.02,19224674.0
2016-04-08,19.41,20.28,19.39,19.44,13539309.0
2016-04-11,19.61,20.58,19.61,19.9,17617228.0
2016-04-12,20.04,21.09,19.9,20.98,17742260.0
2016-04-13,22.18,23.86,22.08,23.49,37505391.0
2016-04-14,23.39,24.6,23.3,24.29,24246442.0
2016-04-15,24.58,24.6,23.15,23.57,19282810.0
2016-04-18,23.34,24.28,23.23,23.97,13805727.0
2016-04-19,24.25,25.18,24.25,25.02,19252975.0
2016-04-20,25.18,26.01,24.84,25.94,14590443.0
2016-04-21,25.96,26.36,25.04,25.3,15373528.0
2016-04-22,25.34,26.08,25.34,25.67,12431057.0
2016-04-25,25.3,25.65,24.84,25.3,10687088.0
2016-04-26,25.51,25.77,25.03,25.63,12033523.0
2016-04-27,25.56,26.34,25.3,25.81,15274607.0
2016-04-28,25.34,26.11,25.05,25.3,12852410.0
2016-04-29,24.79,25.31,24.4,24.9,16375583.0
2016-05-02,25.39,25.7,24.84,25.49,10236338.0
2016-05-03,24.6,24.61,23.5,24.26,19104806.0
2016-05-04,23.45,23.96,22.97,23.27,17019139.0
2016-05-05,23.3,23.69,22.76,22.94,14033802.0
2016-05-06,22.4,23.38,22.29,23.3,11055227.0
2016-05-09,23.07,23.59,22.75,22.91,11192527.0
2016-05-10,23.25,23.96,23.05,23.74,11895679.0
2016-05-11,23.67,24.3,23.51,23.51,11247768.0
2016-05-12,23.97,24.26,23.07,23.47,10996176.0
2016-05-13,23.4,24.1,22.72,22.9,15120720.0
2016-05-16,22.91,23.68,22.7,23.36,10944845.0
2016-05-17,23.13,23.86,22.85,23.36,12178630.0
2016-05-18,23.4,25.87,23.39,25.74,24041870.0
2016-05-19,25.23,25.92,24.6,25.09,16068963.0
2016-05-20,25.56,25.89,25.07,25.21,11756344.0
2016-05-23,25.15,25.57,24.86,25.16,9331600.0
2016-05-24,25.64,26.47,25.51,26.24,13816937.0
2016-05-25,26.64,27.9,26.62,27.22,18935195.0
2016-05-26,27.27,27.28,26.61,26.73,9422502.0
2016-05-27,26.91,27.16,26.75,27.13,10115639.0
2016-05-31,27.43,27.52,26.66,26.97,15138973.0
2016-06-01,26.46,27.62,25.96,27.39,13975411.0
2016-06-02,27.22,27.51,26.86,27.51,10625305.0
2016-06-03,25.95,26.56,25.25,26.34,20261148.0
2016-06-06,26.34,27.46,26.3,26.98,13184078.0
2016-06-07,27.15,27.44,26.74,26.76,9905080.0
2016-06-08,26.63,27.18,26.62,26.95,9403318.0
2016-06-09,26.49,26.6,25.97,26.45,10804172.0
2016-06-10,25.63,25.77,25.28,25.54,16658975.0
2016-06-13,25.18,26.04,24.96,24.97,14357611.0
2016-06-14,24.38,25.17,23.38,23.78,19493263.0
2016-06-15,24.11,24.67,23.61,23.67,16974784.0
2016-06-16,23.15,24.0,22.6,23.92,16778702.0
2016-06-17,24.0,24.41,23.63,23.98,15745375.0
2016-06-20,25.15,25.55,24.04,24.07,12211923.0
2016-06-21,24.43,24.7,23.84,24.65,11602542.0
2016-06-22,24.65,25.41,24.38,24.41,12627988.0
2016-06-23,25.4,25.85,25.23,25.75,16574302.0
2016-06-24,22.18,23.4,21.04,21.3,44061727.0
2016-06-27,20.41,20.45,19.5,19.57,3766385.0
2016-06-28,20.89,21.25,19.96,21.22,29076075.0
2016-06-29,22.06,22.91,21.7,22.9,21458139.0
2016-06-30,23.33,23.89,22.72,23.84,21347066.0
2016-07-01,23.22,23.71,22.86,22.96,14214504.0
2016-07-05,22.15,22.3,20.8,21.25,23333867.0
2016-07-06,20.71,21.99,20.46,21.89,20427988.0
2016-07-07,22.22,22.84,21.86,22.28,13769717.0
2016-07-08,23.03,23.87,23.03,23.53,16991382.0
2016-07-11,24.12,24.65,23.84,23.97,12987733.0
2016-07-12,24.73,25.26,24.59,24.9,16585682.0
2016-07-13,24.78,25.13,24.34,24.86,18436321.0
2016-07-14,26.44,26.68,25.75,25.82,28976124.0
2016-07-15,26.45,26.5,25.31,25.88,17596607.0
2016-07-18,25.83,26.1,25.6,25.66,10820812.0
2016-07-19,25.31,25.8,25.16,25.56,9728226.0
2016-07-20,25.81,25.92,25.41,25.63,10404392.0
2016-07-21,25.7,25.88,25.33,25.39,9952550.0
2016-07-22,25.6,25.79,25.3,25.74,8195331.0
2016-07-25,25.68,25.87,25.37,25.57,8010253.0
2016-07-26,25.68,25.96,25.41,25.83,8062291.0
2016-07-27,25.78,26.38,25.76,26.03,11798081.0
2016-07-28,25.7,25.89,25.42,25.8,10007518.0
2016-07-29,25.5,25.99,25.45,25.67,13204111.0
2016-08-01,25.85,26.01,25.31,25.5,11421801.0
2016-08-02,25.29,25.71,25.08,25.35,13544076.0
2016-08-03,25.39,26.37,25.35,26.36,13100800.0
2016-08-04,26.19,26.51,25.97,26.26,9872821.0
2016-08-05,26.84,28.07,26.77,28.0,20728137.0
2016-08-08,27.77,28.18,27.54,27.8,11346419.0
2016-08-09,27.88,27.98,27.39,27.57,10038093.0
2016-08-10,27.62,27.77,26.86,26.98,11512229.0
2016-08-11,26.97,27.39,26.72,27.16,9585742.0
2016-08-12,26.67,27.05,26.56,27.02,7669912.0
2016-08-15,27.26,27.53,27.16,27.42,8360301.0
2016-08-16,27.06,27.66,26.94,27.41,10124180.0
2016-08-17,27.5,27.68,27.24,27.59,11866905.0
2016-08-18,27.32,27.69,27.23,27.65,9313586.0
2016-08-19,27.42,27.61,26.92,27.56,9071030.0
2016-08-22,27.45,27.58,27.11,27.5,9055629.0
2016-08-23,27.77,28.04,27.46,27.47,8942754.0
2016-08-24,27.69,27.93,27.47,27.65,10158642.0
2016-08-25,27.61,27.84,27.49,27.77,9960027.0
2016-08-26,28.03,28.58,27.54,27.92,13984236.0
2016-08-29,28.19,28.8,28.16,28.65,14560463.0
2016-08-30,28.66,29.29,28.65,29.2,13790126.0
2016-08-31,29.16,29.47,28.55,29.2,14933462.0
2016-09-01,29.34,29.42,28.35,28.91,12223374.0
2016-09-02,29.1,29.27,28.68,29.19,13663785.0
2016-09-06,29.2,29.25,28.41,29.14,16615409.0
2016-09-07,28.86,29.29,28.66,28.86,10043134.0
2016-09-08,28.92,29.38,28.7,28.95,12204098.0
2016-09-09,28.73,29.13,28.34,28.35,19608900.0
2016-09-12,27.84,29.0,27.46,28.76,16435815.0
2016-09-13,27.81,28.56,27.52,28.23,18818194.0
2016-09-14,27.97,28.94,27.91,28.1,12632546.0
2016-09-15,27.99,28.63,27.79,28.34,12612611.0
2016-09-16,27.79,27.96,27.14,27.52,25159768.0
2016-09-19,27.85,28.34,27.55,27.89,13457945.0
2016-09-20,28.45,28.55,27.94,28.16,10087361.0
2016-09-21,28.54,28.83,28.01,28.54,14109003.0
2016-09-22,28.69,29.12,28.54,29.09,12768037.0
2016-09-23,29.09,29.6,28.87,28.95,13967017.0
2016-09-26,28.3,28.5,27.24,27.48,16407728.0
2016-09-27,27.11,28.1,26.81,28.06,13711086.0
2016-09-28,28.28,28.47,27.69,28.41,11245625.0
2016-09-29,28.4,28.91,27.05,27.35,18669254.0
2016-09-30,27.78,28.76,27.78,28.29,21670370.0
2016-10-03,28.05,28.62,27.96,28.21,14854724.0
2016-10-04,28.39,29.36,28.28,28.78,17180837.0
2016-10-05,29.07,30.25,28.98,29.87,16251492.0
2016-10-06,29.91,30.15,29.23,30.05,17482306.0
2016-10-07,29.97,30.36,29.58,30.29,18418508.0
2016-10-10,30.52,31.24,30.41,30.82,13016691.0
2016-10-11,30.68,31.0,30.11,30.49,15520167.0
2016-10-12,30.44,30.77,30.23,30.31,11763882.0
2016-10-13,29.64,30.05,29.0,29.92,17844537.0
2016-10-14,30.98,31.21,29.48,29.7,24088675.0
2016-10-17,29.6,29.97,28.91,29.35,14957289.0
2016-10-18,30.03,30.39,29.72,29.88,11829243.0
2016-10-19,29.99,30.68,29.99,30.53,12610142.0
2016-10-20,30.26,30.86,30.12,30.44,14106303.0
2016-10-21,29.99,30.71,29.88,30.67,11951347.0
2016-10-24,31.15,31.23,30.67,31.05,10152090.0
2016-10-25,31.06,31.11,30.56,30.98,9874685.0
2016-10-26,30.55,31.43,30.55,31.31,9791880.0
2016-10-27,31.67,31.95,31.28,31.41,14210647.0
2016-10-28,31.71,31.73,30.64,31.29,12761808.0
2016-10-31,31.61,31.76,31.41,31.44,14316241.0
2016-11-01,31.66,31.96,30.51,31.15,15551511.0
2016-11-02,30.83,31.03,30.19,30.86,12390413.0
2016-11-03,31.04,31.37,30.4,30.56,10357539.0
2016-11-04,30.67,30.74,29.82,29.94,13567449.0
2016-11-07,31.26,32.15,31.18,32.06,16494357.0
2016-11-08,31.88,32.72,31.42,32.21,17519609.0
2016-11-09,33.64,36.33,33.5,35.43,50911463.0
2016-11-10,36.4,39.43,36.4,38.83,56163978.0
2016-11-11,38.48,38.9,37.95,38.87,27561204.0
2016-11-14,39.43,42.62,39.43,41.69,45738153.0
2016-11-15,40.55,41.59,39.96,41.54,28116297.0
2016-11-16,40.4,40.53,39.06,39.58,25861670.0
2016-11-17,40.11,40.63,39.78,40.2,19283267.0
2016-11-18,40.14,40.6,39.73,39.89,19533174.0
2016-11-21,40.18,40.35,39.47,40.23,11971096.0
2016-11-22,40.52,40.73,39.94,40.71,14406030.0
2016-11-23,41.05,41.42,40.07,41.04,13401180.0
2016-11-25,41.28,41.63,40.65,41.01,6185719.0
2016-11-28,40.36,41.05,40.2,40.5,12975883.0
2016-11-29,40.57,41.34,40.57,41.1,14143900.0
2016-11-30,42.1,42.71,41.88,42.35,25281924.0
2016-12-01,42.83,44.46,42.83,43.97,23819870.0
2016-12-02,43.98,44.01,43.08,43.78,16926827.0
2016-12-05,44.48,45.47,44.47,45.44,18520893.0
2016-12-06,45.78,45.99,44.61,45.87,16128197.0
2016-12-07,45.73,46.27,45.03,46.25,18980198.0
2016-12-08,46.41,47.68,46.12,47.3,20837404.0
2016-12-09,47.2,47.68,46.32,47.67,14559640.0
2016-12-12,47.54,47.97,46.47,46.91,14501439.0
2016-12-13,47.16,47.85,46.0,46.94,16380263.0
2016-12-14,46.06,48.3,45.94,46.91,22620192.0
2016-12-15,47.58,48.67,47.08,48.18,19416458.0
2016-12-16,48.47,48.47,47.07,47.12,22974740.0
2016-12-19,46.98,47.62,46.37,47.61,21678391.0
2016-12-20,47.97,48.72,47.72,48.71,14576610.0
2016-12-21,48.61,48.99,48.21,48.93,11503226.0
2016-12-22,48.62,49.35,48.39,49.07,13922584.0
2016-12-23,49.18,49.33,48.58,49.23,10756283.0
2016-12-27,49.23,49.34,48.93,49.31,6932566.0
2016-12-28,49.34,49.57,48.53,48.68,9313960.0
2016-12-29,48.76,48.85,47.22,48.07,14686678.0
2016-12-30,48.28,48.6,47.84,48.47,13615746.0
2017-01-03,49.52,49.94,48.16,49.41,20539271.0
2017-01-04,49.62,49.84,49.06,49.57,15254120.0
2017-01-05,49.47,49.77,47.92,48.77,14296188.0
2017-01-06,49.05,49.28,48.6,48.78,12882718.0
2017-01-09,48.39,49.43,48.18,48.84,12794216.0
2017-01-10,48.73,49.56,48.38,49.09,13984019.0
2017-01-11,49.09,49.74,48.57,49.74,14695980.0
2017-01-12,49.42,49.93,48.68,48.9,21302693.0
2017-01-13,49.77,50.83,48.76,49.36,28267017.0
2017-01-17,47.59,47.88,45.94,46.21,30010561.0
2017-01-18,46.29,46.89,45.69,46.6,21256179.0
2017-01-19,46.72,47.33,45.78,45.96,16543452.0
2017-01-20,46.09,46.49,45.94,46.33,18430578.0
2017-01-23,45.96,46.66,45.86,46.37,12169560.0
2017-01-24,46.58,47.66,46.22,47.38,15164595.0
2017-01-25,48.5,48.83,47.83,48.69,17524018.0
2017-01-26,48.61,49.61,48.61,49.41,15959940.0
2017-01-27,49.32,49.64,48.93,49.59,12533647.0
2017-01-30,48.85,49.16,47.98,48.69,13647024.0
2017-01-31,48.26,48.81,46.75,47.29,15639694.0
2017-02-01,48.2,48.76,47.34,47.61,15424857.0
2017-02-02,47.0,47.57,46.82,47.25,11080033.0
2017-02-03,48.85,49.97,48.52,49.84,17875027.0
2017-02-06,49.45,50.11,49.27,49.43,11821918.0
2017-02-07,49.8,50.06,49.14,49.38,9389956.0
2017-02-08,48.84,48.97,48.03,48.62,13970178.0
2017-02-09,49.08,49.99,48.79,49.86,13745752.0
2017-02-10,50.14,50.14,49.55,49.66,10990300.0
2017-02-13,50.1,51.4,50.09,50.81,18566121.0
2017-02-14,50.96,52.36,50.76,52.22,17929598.0
2017-02-15,52.74,53.53,52.01,53.25,17343477.0
2017-02-16,53.06,53.7,52.43,53.19,17654836.0
2017-02-17,52.48,53.12,52.35,52.89,15776442.0
2017-02-21,53.17,53.81,53.12,53.67,14067107.0
2017-02-22,53.18,53.96,53.08,53.72,11832633.0
2017-02-23,53.84,54.0,53.18,53.79,11058948.0
2017-02-24,52.84,53.2,52.39,52.99,15054762.0
2017-02-27,52.98,53.38,52.68,53.09,12347884.0
2017-02-28,52.5,53.48,52.24,53.28,15180452.0
2017-03-01,55.45,56.64,55.27,56.26,24449864.0
2017-03-02,56.53,56.58,54.69,54.8,16823160.0
2017-03-03,54.89,55.77,54.85,55.46,12821135.0
2017-03-06,54.91,54.98,53.76,54.58,15052280.0
2017-03-07,54.3,54.75,53.87,54.07,11149526.0
2017-03-08,55.34,55.51,53.76,53.87,17373982.0
2017-03-09,54.26,54.8,53.81,54.23,13719275.0
2017-03-10,54.61,54.66,53.19,53.94,13728279.0
2017-03-13,53.97,54.44,53.59,54.02,10001688.0
2017-03-14,53.68,54.31,53.42,54.17,10225480.0
2017-03-15,54.46,55.21,53.79,54.39,16595822.0
2017-03-16,54.69,55.46,54.23,54.3,14418805.0
2017-03-17,54.49,54.7,53.31,53.34,21723801.0
2017-03-20,52.93,53.83,52.45,52.69,14619756.0
2017-03-21,53.02,53.3,49.72,50.05,33057554.0
2017-03-22,49.55,50.73,48.67,50.19,21728540.0
2017-03-23,49.87,51.16,49.75,50.05,16086820.0
2017-03-24,50.45,50.75,49.43,49.95,16090872.0
2017-03-27,48.19,50.06,47.89,49.9,16679184.0
2017-03-28,49.68,51.68,49.64,51.26,16248939.0
2017-03-29,51.26,51.48,50.74,50.93,10206826.0
2017-03-30,50.86,52.12,50.78,51.69,11628769.0
2017-03-31,51.37,51.4,50.41,50.5,16982738.0
2017-04-03,50.65,50.83,49.26,50.18,19824136.0
2017-04-04,50.05,50.83,49.87,50.47,14273029.0
2017-04-05,51.58,51.7,49.29,49.35,17603551.0
2017-04-06,49.14,50.07,48.41,49.64,14349044.0
2017-04-07,49.09,49.97,48.87,49.34,13084501.0
2017-04-10,49.24,49.85,48.56,49.04,15076263.0
2017-04-11,48.7,48.95,47.96,48.89,14683903.0
2017-04-12,49.09,49.11,48.19,48.56,14709340.0
2017-04-13,48.66,50.15,47.56,47.56,30507693.0
2017-04-17,47.6,49.24,47.53,49.02,19066898.0
2017-04-18,48.52,48.79,47.9,48.32,14099823.0
2017-04-19,48.66,49.08,47.52,47.62,17578437.0
2017-04-20,48.14,48.94,47.71,48.71,15609030.0
2017-04-21,48.66,48.84,47.67,47.68,19802287.0
2017-04-24,49.71,51.21,49.58,50.66,25407576.0
2017-04-25,51.71,52.29,51.42,51.42,18245356.0
2017-04-26,51.51,52.21,51.3,51.59,12826997.0
2017-04-27,51.53,51.53,50.17,50.77,13321401.0
2017-04-28,50.76,51.01,50.11,50.16,10754409.0
2017-05-01,50.52,50.9,49.72,50.22,15701959.0
2017-05-02,49.87,50.04,49.18,49.66,14135404.0
2017-05-03,49.22,50.26,49.18,50.16,11533594.0
2017-05-04,50.85,50.89,49.73,50.26,11537498.0
2017-05-05,50.41,50.5,49.58,50.16,9429564.0
2017-05-08,50.2,50.48,49.8,50.26,8161744.0
2017-05-09,50.42,51.0,49.66,49.91,10257778.0
2017-05-10,49.69,50.64,49.63,50.59,8325757.0
2017-05-11,50.25,50.64,49.51,50.32,10899597.0
2017-05-12,49.84,50.2,49.5,50.08,8737097.0
2017-05-15,50.26,50.65,50.02,50.5,8777861.0
2017-05-16,50.52,51.25,50.5,50.77,9786440.0
2017-05-17,49.27,49.55,47.13,47.43,24665191.0
2017-05-18,47.23,47.96,46.52,47.12,23342768.0
2017-05-19,47.37,48.5,47.31,47.94,13411350.0
2017-05-22,48.34,48.45,47.37,47.86,11627204.0
2017-05-23,47.91,49.23,47.67,48.92,11749296.0
2017-05-24,49.04,49.13,48.4,48.87,9915730.0
2017-05-25,49.15,49.24,48.24,48.51,12237719.0
2017-05-26,48.27,48.72,48.18,48.52,8111923.0
2017-05-30,48.29,48.31,46.94,47.06,12591881.0
2017-05-31,46.89,46.98,44.79,45.31,28285863.0
2017-06-01,45.62,46.24,44.81,46.22,17112109.0
2017-06-02,45.45,46.15,45.14,45.8,14973623.0
2017-06-05,45.8,46.67,45.74,45.95,9069161.0
2017-06-06,45.45,46.37,45.29,46.12,12187211.0
2017-06-07,46.47,47.26,46.26,47.07,13701050.0
2017-06-08,47.07,48.89,47.05,48.11,17887623.0
2017-06-09,48.67,50.21,48.55,50.12,19081948.0
2017-06-12,50.48,50.9,49.45,50.14,16027584.0
2017-06-13,50.71,51.01,50.14,50.43,12541826.0
2017-06-14,49.93,50.47,48.98,50.25,16132435.0
2017-06-15,49.41,50.24,49.4,49.73,12509682.0
2017-06-16,50.01,50.12,49.17,49.34,16870847.0
2017-06-19,50.13,51.39,50.01,51.23,15965199.0
2017-06-20,50.91,51.08,50.53,50.68,11197574.0
2017-06-21,50.64,50.7,49.92,50.28,9999202.0
2017-06-22,50.09,50.52,49.81,50.18,12179694.0
2017-06-23,50.82,51.16,49.77,50.02,18803519.0
2017-06-26,50.17,50.83,49.77,50.4,10080915.0
2017-06-27,50.87,52.1,50.66,51.21,15403923.0
2017-06-28,51.76,53.23,51.76,52.98,17390539.0
2017-06-29,55.5,55.81,53.47,54.31,27686328.0
2017-06-30,55.12,55.16,54.32,54.56,16880081.0
2017-07-03,55.22,57.14,55.07,56.41,13208087.0
2017-07-05,56.78,57.45,56.27,57.34,17516976.0
2017-07-06,57.2,58.17,56.54,57.04,16590708.0
2017-07-07,57.62,57.83,56.89,57.51,12816622.0
2017-07-10,57.16,57.34,56.75,56.85,13985891.0
2017-07-11,56.99,56.91,55.95,56.46,5709413.0
2017-07-12,56.26,56.47,55.74,56.18,5463198.0
2017-07-13,56.39,57.04,56.01,56.89,5236359.0
2017-07-14,54.46,56.27,54.24,55.88,9879725.0
2017-07-17,55.48,55.65,54.91,55.02,6344671.0
2017-07-18,54.1,55.24,53.98,54.7,6234526.0
2017-07-19,55.0,55.28,54.66,54.86,11650795.0
2017-07-20,54.82,55.38,54.56,54.89,4178035.0
2017-07-21,54.77,55.02,54.18,54.54,4016613.0
2017-07-24,54.62,55.2,54.57,55.0,4348590.0
2017-07-25,56.04,57.18,55.94,56.47,5624025.0
2017-07-26,56.76,56.85,55.34,55.58,4579222.0
2017-07-27,55.49,55.72,54.82,55.21,12328950.0
2017-07-28,55.11,55.39,54.57,54.93,3495080.0
2017-07-31,55.17,56.02,55.16,55.46,11520329.0
2017-08-01,56.24,56.8,55.94,56.66,4821344.0
2017-08-02,56.63,56.87,56.17,56.74,4007726.0
2017-08-03,56.39,56.79,55.9,56.13,4307041.0
2017-08-04,57.17,58.06,57.13,57.34,5838125.0
2017-08-07,57.56,57.85,57.37,57.67,2939295.0
2017-08-08,57.61,58.88,57.26,57.31,5936386.0
2017-08-09,56.64,57.34,56.49,57.19,11212846.0
2017-08-10,56.56,56.73,55.73,55.85,13249787.0
2017-08-11,55.79,56.33,54.9,55.08,10678627.0
2017-08-14,56.03,56.56,55.99,56.15,10994668.0
2017-08-15,56.97,57.22,56.31,56.39,8812526.0
2017-08-16,56.7,56.89,55.54,55.75,11085201.0
2017-08-17,55.42,55.62,54.16,54.31,13837160.0
2017-08-18,53.97,55.2,53.85,54.4,13039540.0
2017-08-21,54.51,54.6,53.82,54.29,11501927.0
2017-08-22,54.73,55.37,54.66,55.22,9211721.0
2017-08-23,54.53,56.0,54.5,55.33,8811019.0
2017-08-24,55.59,55.78,55.07,55.18,8623165.0
2017-08-25,55.54,56.14,55.46,55.55,11786214.0
2017-08-28,55.82,55.85,54.79,55.26,7291546.0
2017-08-29,54.11,54.97,53.97,54.76,10885225.0
2017-08-30,54.91,55.54,54.85,54.97,9165272.0
2017-08-31,55.47,55.51,54.46,54.55,13215504.0
2017-09-01,54.91,56.02,54.61,55.36,9814834.0
2017-09-05,54.68,54.77,52.68,53.17,17030923.0
2017-09-06,53.66,54.18,53.3,53.77,11845663.0
2017-09-07,53.77,53.79,51.74,52.19,14591533.0
2017-09-08,51.97,53.08,51.9,52.08,14241798.0
2017-09-11,53.05,53.91,52.61,53.45,13219017.0
2017-09-12,53.83,54.91,53.76,54.55,14003411.0
2017-09-13,54.27,55.16,53.98,54.81,12484778.0
2017-09-14,54.86,55.19,54.4,54.63,10561026.0
2017-09-15,54.74,55.37,54.42,55.28,18169845.0
2017-09-18,55.59,56.8,55.51,56.58,11317690.0
2017-09-19,56.37,58.02,56.18,57.6,12623659.0
2017-09-20,57.76,58.95,57.37,58.26,15311218.0
2017-09-21,58.12,59.03,57.85,58.69,10849779.0
2017-09-22,58.36,58.64,58.09,58.49,8358310.0
2017-09-25,58.17,58.54,57.11,57.78,10463407.0
2017-09-26,57.44,57.69,57.0,57.36,9355111.0
2017-09-27,58.63,59.38,58.24,58.84,15088301.0
2017-09-28,59.25,59.54,58.57,59.04,10270373.0
2017-09-29,58.96,59.18,58.68,59.17,11438217.0
2017-10-02,59.43,60.54,59.12,60.5,13796875.0
2017-10-03,60.49,61.09,60.43,61.01,9632232.0
2017-10-04,60.96,61.1,59.94,60.02,12164773.0
2017-10-05,60.22,61.62,59.77,61.31,14235619.0
2017-10-06,61.77,61.86,60.69,61.14,10228509.0
2017-10-09,61.18,61.29,60.36,60.63,7765100.0
2017-10-10,60.68,61.4,60.46,61.35,10631527.0
2017-10-11,61.05,61.23,60.36,61.06,14283617.0
2017-10-12,61.52,61.72,59.84,60.21,18251616.0
2017-10-13,59.7,60.93,59.18,60.08,13190576.0
2017-10-16,60.56,62.17,60.56,62.06,12434009.0
2017-10-17,62.29,62.4,61.54,61.84,10335687.0
2017-10-18,62.37,62.77,61.85,62.21,10158626.0
2017-10-19,61.41,62.42,61.31,62.33,9133863.0
2017-10-20,63.5,64.11,62.95,63.73,15326608.0
2017-10-23,63.73,64.21,63.46,63.56,9238624.0
2017-10-24,64.1,65.41,63.98,65.14,13000801.0
2017-10-25,65.47,65.67,64.41,65.24,14632741.0
2017-10-26,65.57,66.64,65.54,65.96,13054361.0
2017-10-27,65.65,66.45,65.27,65.99,10400446.0
2017-10-30,65.35,66.15,65.09,65.63,8839456.0
2017-10-31,65.59,65.92,64.79,64.83,8690197.0
2017-11-01,65.32,65.92,64.95,65.14,8418239.0
2017-11-02,65.09,65.99,64.38,65.81,8731788.0
2017-11-03,65.32,65.75,64.95,65.63,7103513.0
2017-11-06,65.56,65.91,64.88,65.0,8121544.0
2017-11-07,64.78,64.97,62.47,62.97,18822583.0
2017-11-08,62.49,62.59,61.37,61.86,18524671.0
2017-11-09,61.34,62.44,61.03,61.85,13697785.0
2017-11-10,62.03,62.56,61.72,61.73,9314009.0
2017-11-13,60.91,62.27,60.84,62.08,9303072.0
2017-11-14,61.56,62.0,61.07,61.49,11043772.0
2017-11-15,60.61,62.96,60.17,62.41,15384080.0
2017-11-16,62.75,63.28,62.53,62.69,9808033.0
2017-11-17,62.04,62.63,61.79,62.36,9017866.0
2017-11-20,62.67,63.37,61.98,63.23,9483200.0
2017-11-21,63.72,63.77,63.13,63.15,13389407.0
2017-11-22,63.25,63.74,62.81,62.86,7342248.0
2017-11-24,63.05,63.12,62.48,62.54,3680043.0
2017-11-27,62.53,63.35,62.15,62.15,13076207.0
2017-11-28,62.43,65.92,62.19,65.58,16772956.0
2017-11-29,66.63,68.44,66.18,67.95,21105546.0
2017-11-30,68.96,70.88,68.26,68.74,23945890.0
2017-12-01,69.12,69.54,66.42,69.01,19683510.0
2017-12-04,71.95,72.62,70.99,71.17,23576608.0
2017-12-05,71.39,71.63,68.34,69.94,17193948.0
2017-12-06,69.63,69.98,68.75,69.15,15476226.0
2017-12-07,68.17,69.41,67.95,68.84,13371781.0
2017-12-08,69.3,70.16,68.56,70.15,13506869.0
2017-12-11,69.94,70.28,69.53,69.84,10591228.0
2017-12-12,70.14,71.59,69.76,71.07,15508840.0
2017-12-13,70.92,71.33,69.7,69.73,15020293.0
2017-12-14,70.34,70.67,68.86,68.88,13034232.0
2017-12-15,70.01,70.74,69.42,70.36,29350598.0
2017-12-18,71.41,71.85,70.7,71.18,12713148.0
2017-12-19,71.57,71.71,70.66,70.73,12149937.0
2017-12-20,71.82,71.95,70.31,70.36,13091473.0
2017-12-21,70.81,72.29,70.78,72.05,12323670.0
2017-12-22,72.42,72.68,71.03,71.67,14573385.0
2017-12-26,71.42,72.21,70.62,71.24,7403739.0
2017-12-27,70.89,71.51,70.89,71.44,9496548.0
2017-12-28,71.62,72.06,71.38,72.01,7440555.0
2017-12-29,72.31,72.5,71.16,71.16,8925701.0
2018-01-02,71.85,72.24,71.03,72.17,13578835.0
2018-01-03,72.08,72.71,71.7,72.28,11901037.0
2018-01-04,73.14,74.81,72.98,73.82,12953656.0
2018-01-05,74.04,74.33,72.56,73.12,14154974.0
2018-01-08,72.93,73.46,72.48,73.28,12466512.0
2018-01-09,73.5,74.41,73.27,73.83,13292310.0
2018-01-10,74.25,75.48,74.17,75.03,15834468.0
2018-01-11,75.45,75.71,74.83,75.62,13676788.0
2018-01-12,76.43,77.63,75.62,77.45,18884229.0
2018-01-16,76.29,78.21,75.85,77.05,22703336.0
2018-01-17,76.67,78.08,76.09,77.77,14940266.0
2018-01-18,77.54,78.5,77.05,78.04,14572911.0
2018-01-19,78.72,79.12,77.58,77.79,18785468.0
2018-01-22,77.44,79.17,77.28,79.11,12475654.0
2018-01-23,78.45,79.42,78.13,78.99,12320751.0
2018-01-24,79.64,80.78,79.44,80.45,15904504.0
2018-01-25,80.82,80.95,79.86,80.48,13509957.0
2018-01-26,80.48,81.1,79.74,81.1,13882600.0
2018-01-29,80.8,82.13,80.8,80.98,11679919.0
2018-01-30,80.31,81.38,79.76,79.89,14279124.0
2018-01-31,80.43,81.44,79.94,80.45,13141423.0
2018-02-01,80.55,81.77,80.26,81.65,13800613.0
2018-02-02,81.27,81.7,78.87,79.06,16477307.0
2018-02-05,77.78,79.37,68.76,73.58,30097591.0
2018-02-06,71.63,77.26,71.39,76.89,33114833.0
2018-02-07,76.33,79.23,75.93,77.65,21878324.0
2018-02-08,77.89,77.89,72.62,72.66,27425837.0
2018-02-09,73.88,75.83,71.01,74.82,28188027.0
2018-02-12,75.95,77.5,74.85,76.52,18043325.0
2018-02-13,76.1,77.83,75.58,77.21,16358181.0
2018-02-14,77.41,80.05,77.31,79.81,15186858.0
2018-02-15,80.52,80.77,79.0,80.29,12130197.0
2018-02-16,79.33,80.85,79.28,79.46,13214253.0
2018-02-20,79.43,80.17,78.75,79.49,13461495.0
2018-02-21,79.78,82.23,79.45,79.97,14212461.0
2018-02-22,80.28,81.21,79.54,79.76,17070356.0
2018-02-23,80.09,82.17,80.09,82.09,12162523.0
2018-02-26,82.92,83.68,82.1,83.55,16511229.0
2018-02-27,83.69,84.11,82.13,82.14,17563345.0
2018-02-28,82.6,83.27,80.12,80.28,17735637.0
2018-03-01,80.26,81.42,77.43,78.21,18690017.0
2018-03-02,77.17,78.34,75.9,78.1,18353697.0
2018-03-05,76.83,80.71,76.67,79.84,13933039.0
2018-03-06,80.42,80.6,79.1,79.94,10674360.0
2018-03-07,78.53,79.88,77.89,79.51,13006514.0
2018-03-08,79.89,80.01,77.99,79.52,11173721.0
2018-03-09,81.33,82.86,80.45,82.82,15366583.0
2018-03-12,82.78,83.53,82.03,82.44,12339295.0
2018-03-13,82.98,83.25,80.61,81.03,13312340.0
2018-03-14,81.34,81.37,79.38,79.73,12905124.0
2018-03-15,80.65,80.78,79.61,80.02,8747977.0
2018-03-16,80.12,81.38,80.12,80.22,19888948.0
2018-03-19,79.88,80.23,78.08,79.31,13214919.0
2018-03-20,79.65,80.22,79.22,79.42,9921175.0
2018-03-21,79.59,81.41,78.99,79.52,13632983.0
2018-03-22,77.98,78.38,74.32,74.73,22550426.0
2018-03-23,75.05,75.7,71.54,71.79,23081509.0
2018-03-26,73.97,75.94,73.43,75.09,20217469.0
2018-03-27,75.85,76.47,72.08,72.95,18039921.0
2018-03-28,73.06,73.95,71.43,72.78,19189269.0
2018-03-29,73.28,75.56,72.56,74.75,13274639.0
2018-04-02,74.74,75.51,70.86,72.63,18821575.0
2018-04-03,73.14,74.28,72.04,74.11,14050737.0
2018-04-04,71.88,75.99,71.8,75.77,15302608.0
2018-04-05,76.97,78.17,76.73,77.22,16627035.0
2018-04-06,75.89,76.89,73.16,74.43,18906018.0
2018-04-09,75.35,78.32,75.23,75.74,15974349.0
2018-04-10,77.47,78.21,76.76,77.85,14003640.0
2018-04-11,77.0,77.15,75.86,75.96,14503294.0
2018-04-12,76.9,79.73,76.84,78.71,16435523.0
2018-04-13,80.36,80.49,74.39,75.64,39152760.0
2018-04-16,76.28,76.81,75.13,75.55,16580538.0
2018-04-17,76.71,77.26,75.33,75.55,15501350.0
2018-04-18,75.87,76.41,74.23,74.66,16081436.0
2018-04-19,74.87,77.21,74.84,77.06,17910955.0
2018-04-20,77.64,78.08,76.22,76.81,15584384.0
2018-04-23,76.91,77.29,75.97,76.27,11285831.0
2018-04-24,77.09,78.24,74.93,75.75,16453112.0
2018-04-25,75.61,75.87,73.94,75.33,13548246.0
2018-04-26,75.31,76.16,74.68,75.44,10299488.0
2018-04-27,74.89,75.5,74.47,74.74,9383967.0
2018-04-30,75.09,75.64,74.09,74.12,13744860.0
2018-05-01,73.79,74.31,72.88,74.12,10503353.0
2018-05-02,73.45,74.83,73.07,73.26,12162086.0
2018-05-03,72.93,73.11,70.52,72.58,15379091.0
2018-05-04,71.77,74.08,71.32,73.77,11967906.0
2018-05-07,74.1,75.02,73.7,74.71,9356721.0
2018-05-08,74.87,76.68,74.62,76.33,12543228.0
2018-05-09,76.78,78.98,76.37,78.75,11368094.0
2018-05-10,78.53,79.78,78.09,79.63,9159709.0
2018-05-11,79.83,80.07,79.01,79.2,10253045.0
2018-05-14,79.45,80.04,79.08,79.24,8710654.0
2018-05-15,79.25,79.25,77.91,78.37,11536212.0
2018-05-16,78.23,79.03,77.97,78.68,7571089.0
2018-05-17,78.54,78.75,77.54,78.3,8617204.0
2018-05-18,78.09,78.14,76.18,76.47,11806349.0
2018-05-21,77.39,77.88,77.26,77.49,9441931.0
2018-05-22,77.69,79.63,77.63,78.35,11507550.0
2018-05-23,77.85,78.11,76.46,77.83,11453916.0
2018-05-24,77.48,77.49,75.45,76.57,14084769.0
2018-05-25,75.8,76.42,75.53,76.0,8283548.0
2018-05-29,74.52,74.54,70.3,71.27,30643840.0
2018-05-30,72.98,73.94,71.99,73.69,17490845.0
2018-05-31,73.29,73.53,71.76,72.35,19808203.0
2018-06-01,73.68,74.28,73.14,73.74,13594185.0
2018-06-04,74.33,74.6,73.61,73.79,9415437.0
2018-06-05,73.58,73.65,72.41,73.18,10415231.0
2018-06-06,74.0,76.08,73.82,75.7,15453563.0
2018-06-07,76.52,76.84,75.37,76.14,13444427.0
2018-06-08,75.96,76.48,75.4,76.45,10383168.0
2018-06-11,76.46,77.25,76.11,76.17,12642897.0
2018-06-12,76.48,76.87,74.86,75.53,15294082.0
2018-06-13,75.8,76.78,74.92,75.31,14979749.0
2018-06-14,75.62,75.7,73.12,73.37,20487343.0
2018-06-15,73.14,73.72,71.61,73.24,26028572.0
2018-06-18,72.6,73.74,72.03,73.52,9786825.0
2018-06-19,72.24,73.22,71.94,72.89,12707154.0
2018-06-20,73.52,73.98,72.78,72.88,8876903.0
2018-06-21,72.44,73.55,71.87,72.85,11048735.0
2018-06-22,73.5,73.71,70.85,71.09,19938788.0
2018-06-25,71.0,71.04,69.3,70.13,16907607.0
2018-06-26,70.05,70.55,68.45,70.2,17086772.0
2018-06-27,70.02,71.26,68.57,68.58,16276833.0
2018-06-28,69.02,70.8,68.85,70.27,14491252.0
2018-06-29,72.02,72.24,69.49,69.54,18972393.0
2018-07-02,69.06,70.43,68.72,70.42,11130044.0
2018-07-03,70.75,71.12,68.86,68.95,8311680.0
2018-07-05,70.03,70.28,69.43,69.62,10723412.0
2018-07-06,69.02,70.4,68.1,69.96,12173700.0
2018-07-09,70.61,73.36,70.61,73.18,13900793.0
2018-07-10,73.92,74.3,72.43,72.52,14575873.0
2018-07-11,72.21,72.96,72.11,72.29,10186482.0
2018-07-12,73.32,73.46,71.87,72.75,12456754.0
2018-07-13,73.2,73.7,71.04,72.26,21303844.0
2018-07-16,72.95,76.67,72.88,76.48,24662621.0
2018-07-17,76.59,76.83,75.65,76.4,14821876.0
2018-07-18,76.32,78.02,76.1,77.43,14244944.0
2018-07-19,76.96,76.99,75.63,75.79,16775305.0
2018-07-20,75.9,77.64,75.68,77.18,13582631.0
2018-07-23,76.96,80.14,76.83,79.25,18140010.0
2018-07-24,79.45,80.68,79.32,80.05,14000419.0
2018-07-25,79.78,81.42,79.28,81.08,13331966.0
2018-07-26,81.32,81.48,80.48,80.75,11897769.0
2018-07-27,81.08,82.2,80.71,81.93,12805930.0
2018-07-30,82.18,83.51,81.96,82.63,13411618.0
2018-07-31,82.98,82.98,80.72,80.85,15843763.0
2018-08-01,81.65,82.59,81.18,81.56,13531590.0
2018-08-02,80.47,82.15,80.23,82.05,11058108.0
2018-08-03,81.9,83.03,81.84,82.99,11016102.0
2018-08-06,82.69,83.43,82.08,83.02,9857351.0
2018-08-07,83.64,84.19,83.23,83.45,10562067.0
2018-08-08,83.23,84.17,83.18,83.69,8997220.0
2018-08-09,83.41,83.62,82.59,82.78,9694541.0
2018-08-10,81.4,81.85,80.58,81.63,12630949.0
2018-08-13,81.46,81.78,79.72,79.79,10340337.0
2018-08-14,80.17,80.94,79.55,80.55,10597611.0
2018-08-15,79.72,80.23,78.87,79.6,10152082.0
2018-08-16,80.25,81.21,80.2,80.67,10118820.0
2018-08-17,80.54,80.97,80.2,80.67,8505111.0
2018-08-20,80.49,80.95,80.01,80.52,8618739.0
2018-08-21,81.27,82.29,80.78,81.22,10976680.0
2018-08-22,81.21,81.31,80.68,80.87,8314901.0
2018-08-23,80.86,81.05,80.33,80.63,9265593.0
2018-08-24,80.88,81.12,80.35,80.58,8845718.0
2018-08-27,81.12,83.18,81.07,82.61,13768021.0
2018-08-28,82.9,82.93,81.87,82.04,8302618.0
2018-08-29,82.25,82.27,81.26,81.66,7221744.0
2018-08-30,81.49,81.94,80.88,81.09,8991802.0
2018-08-31,80.73,80.74,79.72,80.48,13065719.0
2018-09-04,80.24,81.14,79.53,81.05,10174177.0
2018-09-05,80.9,81.6,80.15,80.49,11462446.0
2018-09-06,80.4,80.6,79.4,80.0,9877635.0
2018-09-07,80.4,80.67,79.53,80.22,10955590.0
2018-09-10,80.75,80.87,79.56,79.61,8276936.0
2018-09-11,79.44,80.48,79.08,80.33,9333781.0
2018-09-12,80.15,80.78,78.75,78.98,10800758.0
2018-09-13,79.27,80.03,78.57,79.42,12470769.0
2018-09-14,79.71,80.39,79.13,79.4,10337948.0
2018-09-17,79.69,80.33,79.2,79.74,9561297.0
2018-09-18,80.23,80.56,79.46,80.2,7944210.0
2018-09-19,80.34,83.96,80.34,83.52,16052776.0
2018-09-20,84.4,85.14,83.98,84.53,15589976.0
2018-09-21,85.03,85.13,83.64,83.75,24788247.0
2018-09-24,83.66,84.36,82.33,82.62,12492474.0
2018-09-25,82.94,83.87,82.22,82.29,9308310.0
2018-09-26,82.65,82.77,80.56,80.92,14023640.0
2018-09-27,81.32,81.66,80.06,80.42,13282987.0
2018-09-28,79.55,80.14,78.42,78.74,15815120.0
2018-10-01,79.27,80.51,78.94,79.4,10147110.0
2018-10-02,79.26,80.02,78.71,79.87,13753074.0
2018-10-03,80.84,81.56,80.38,80.94,17141962.0
2018-10-04,81.25,83.51,80.91,81.97,16357406.0
2018-10-05,82.53,82.8,80.72,81.32,13777633.0
2018-10-08,80.95,82.48,80.05,82.02,14370869.0
2018-10-09,81.37,81.73,80.37,81.22,14069477.0
2018-10-10,81.4,81.65,78.17,78.17,23086389.0
2018-10-11,77.67,78.17,74.08,74.83,33705616.0
2018-10-12,77.07,77.53,72.3,73.65,32075740.0
2018-10-15,73.9,75.55,73.02,73.04,18903216.0
2018-10-16,73.86,75.48,73.43,75.32,19302764.0
2018-10-17,75.08,77.5,74.93,76.53,18794482.0
2018-10-18,75.72,76.54,74.51,74.79,17582467.0
2018-10-19,74.35,75.92,73.97,74.61,15234549.0
2018-10-22,74.85,75.04,72.81,73.06,16199139.0
2018-10-23,70.9,72.86,70.4,71.95,21407548.0
2018-10-24,71.46,71.73,69.61,69.99,23168916.0
2018-10-25,70.88,72.6,70.42,71.56,17464708.0
2018-10-26,70.7,71.26,69.43,70.12,19174916.0
2018-10-29,71.16,73.33,70.4,71.55,18445175.0
2018-10-30,72.41,73.68,71.56,73.4,18019681.0
2018-10-31,74.78,77.18,74.49,75.72,20859992.0
2018-11-01,76.32,76.92,75.02,75.68,13065023.0
2018-11-02,76.6,77.51,74.19,75.08,19009518.0
2018-11-05,75.31,75.99,75.12,75.79,10276448.0
2018-11-06,75.37,76.37,74.46,76.3,10824959.0
2018-11-07,77.07,78.43,76.05,78.18,12679585.0
2018-11-08,77.71,79.63,77.7,79.08,11662499.0
2018-11-09,78.93,79.06,77.53,77.99,10432161.0
2018-11-12,78.12,78.64,75.3,75.65,13279671.0
2018-11-13,75.8,77.82,75.8,76.29,13746059.0
2018-11-14,76.93,77.41,72.68,74.03,18361433.0
2018-11-15,74.94,76.78,73.51,76.77,19099954.0
2018-11-16,76.15,77.46,75.25,76.69,13798551.0
2018-11-19,76.66,77.9,76.23,77.53,13986991.0
2018-11-20,76.48,77.19,74.68,75.15,18936153.0
2018-11-21,75.73,76.31,74.34,74.34,10619625.0
2018-11-23,73.44,74.09,72.76,73.35,6488406.0
2018-11-26,74.42,76.68,74.15,75.96,13948285.0
2018-11-27,75.46,76.73,75.33,76.42,9238176.0
2018-11-28,76.5,78.1,75.57,77.64,13977257.0
2018-11-29,76.97,77.5,76.34,76.76,11144347.0
2018-11-30,76.55,78.02,76.28,77.89,18652718.0
2018-12-03,79.08,79.59,78.44,78.94,16033180.0
2018-12-04,78.3,78.3,73.43,73.93,23555940.0
2018-12-06,71.71,72.06,69.58,71.89,27213946.0
2018-12-07,71.86,73.68,69.61,69.99,19248595.0
2018-12-10,69.57,70.19,65.98,68.06,23636429.0
2018-12-11,69.83,70.36,66.91,67.07,16860677.0
2018-12-12,68.36,69.6,66.76,67.72,22621487.0
2018-12-13,68.25,68.67,67.37,67.82,17250942.0
2018-12-14,66.69,68.64,66.56,66.99,19879525.0
2018-12-17,66.47,67.26,65.14,65.71,25113534.0
2018-12-18,66.12,67.59,64.82,65.24,20837150.0
2018-12-19,65.11,67.28,63.3,63.99,28767868.0
2018-12-20,63.31,64.98,62.39,63.15,31825218.0
2018-12-21,63.38,65.13,60.39,60.87,41313933.0
2018-12-24,59.59,60.92,58.84,58.84,17009280.0
2018-12-26,59.39,62.66,57.81,62.66,22542900.0
2018-12-27,61.52,63.85,60.25,63.74,20304683.0
2018-12-28,64.65,65.02,63.14,63.53,17963271.0
2018-12-31,64.29,65.51,63.47,64.32,13237180.0
2019-01-02,62.65,66.48,62.64,66.01,15670850.0
2019-01-03,66.14,66.39,64.19,64.61,16286426.0
2019-01-04,66.61,68.43,65.78,68.19,16935205.0
2019-01-07,67.93,68.97,67.21,68.26,15430712.0
2019-01-08,69.13,69.32,67.05,68.07,13578777.0
2019-01-09,68.31,68.99,67.43,67.9,14230331.0
2019-01-10,67.52,68.23,66.77,67.89,14376430.0
2019-01-11,67.39,67.67,66.45,67.41,15439850.0
2019-01-14,66.37,68.86,66.16,68.44,21258458.0
2019-01-15,66.39,69.97,66.1,69.18,26504852.0
2019-01-16,69.75,70.95,69.3,70.0,18532952.0
2019-01-17,69.61,71.0,69.42,70.42,14247564.0
2019-01-18,71.27,72.4,70.33,72.09,16428710.0
2019-01-22,70.58,71.09,69.63,70.44,17083681.0
2019-01-23,70.94,71.2,69.47,70.18,12146678.0
2019-01-24,69.63,70.59,69.44,70.24,11296764.0
2019-01-25,71.01,71.81,70.24,70.89,14412559.0
2019-01-28,70.39,71.74,70.09,71.38,12283089.0
2019-01-29,71.38,72.61,71.23,71.67,9743271.0
2019-01-30,71.64,72.74,71.28,71.91,12526274.0
2019-01-31,70.91,71.3,70.23,71.0,17520551.0
2019-02-01,71.5,72.35,71.02,71.38,13000780.0
2019-02-04,71.29,71.75,70.51,71.75,9871549.0
2019-02-05,72.02,72.05,70.79,71.29,12762982.0
2019-02-06,71.21,72.12,70.97,71.24,8744957.0
2019-02-07,70.75,71.0,68.94,69.88,13177489.0
2019-02-08,69.58,69.83,67.56,68.86,12892562.0
2019-02-11,69.26,69.51,68.27,68.38,10978516.0
2019-02-12,69.45,70.42,69.39,70.1,12852252.0
2019-02-13,70.4,71.35,70.4,70.59,10754061.0
2019-02-14,69.97,70.6,68.85,69.92,11518530.0
2019-02-15,71.4,73.2,71.16,73.05,14716861.0
2019-02-19,72.41,72.87,71.31,72.68,12764888.0
2019-02-20,72.71,73.3,72.38,73.19,10030326.0
2019-02-21,72.95,73.49,72.46,72.97,8400075.0
2019-02-22,73.2,73.59,72.28,72.5,10647258.0
2019-02-25,73.25,74.77,73.19,73.6,11230679.0
2019-02-26,72.0,72.97,71.44,72.79,15465393.0
2019-02-27,72.68,72.88,72.01,72.66,9968822.0
2019-02-28,72.51,72.71,71.68,71.86,15156850.0
2019-03-01,72.6,73.41,71.7,71.93,13813310.0
2019-03-04,72.42,73.42,70.77,71.69,12466285.0
2019-03-05,71.63,72.05,70.76,71.61,10856646.0
2019-03-06,71.36,72.07,71.05,71.22,9070782.0
2019-03-07,70.75,70.97,69.66,70.47,12705739.0
2019-03-08,69.49,70.73,69.49,70.51,10582371.0
2019-03-11,71.48,72.05,71.16,71.85,9763235.0
2019-03-12,72.09,72.29,71.25,71.54,10219100.0
2019-03-13,71.69,72.48,71.45,71.89,13022241.0
2019-03-14,72.0,73.37,71.96,72.84,10926470.0
2019-03-15,72.91,74.3,72.73,74.05,24811730.0
2019-03-18,74.05,75.29,74.0,74.69,12935514.0
2019-03-19,75.7,75.9,74.05,74.3,12889267.0
2019-03-20,73.93,74.15,71.91,72.02,14920658.0
2019-03-21,70.99,70.99,69.78,70.37,19751044.0
2019-03-22,69.32,69.82,67.02,67.26,31115189.0
2019-03-25,67.09,68.07,65.59,66.43,21032295.0
2019-03-26,67.32,67.9,66.32,67.42,15987129.0
2019-03-27,67.38,67.95,66.58,67.08,12753234.0
2019-03-28,67.5,68.3,67.24,68.21,12454070.0
2019-03-29,69.04,69.49,68.08,68.73,14523395.0
2019-04-01,69.65,72.18,69.62,72.14,17499280.0
2019-04-02,72.1,72.94,71.83,72.64,10295539.0
2019-04-03,73.31,73.86,72.29,72.85,11499209.0
2019-04-04,72.85,74.03,72.75,73.86,11952078.0
2019-04-05,74.1,74.41,73.29,73.61,9933660.0
2019-04-08,73.41,73.95,73.21,73.95,8056282.0
2019-04-09,73.38,73.5,72.55,73.17,9092188.0
2019-04-10,73.43,74.02,72.77,73.64,10882304.0
2019-04-11,74.01,75.03,73.86,74.53,11183845.0
2019-04-12,77.74,80.15,77.18,79.51,25834073.0
2019-04-15,79.22,79.3,77.42,78.24,15163815.0
2019-04-16,78.2,79.69,78.16,79.4,11583232.0
2019-04-17,80.0,82.96,79.31,82.6,17791890.0
2019-04-18,82.83,83.24,81.63,81.76,12501949.0
2019-04-22,81.13,82.23,80.96,81.9,7975860.0
2019-04-23,81.3,82.67,81.15,82.04,9193318.0
2019-04-24,81.56,82.45,81.11,81.85,9245743.0
2019-04-25,81.31,82.45,80.8,81.91,9311768.0
2019-04-26,82.25,82.88,81.9,82.77,7889519.0
2019-04-29,82.9,85.46,82.74,84.42,14242237.0
2019-04-30,84.73,85.02,83.56,84.35,11389147.0
2019-05-01,84.02,85.3,83.41,83.46,10412881.0
2019-05-02,83.47,84.08,82.88,83.71,8613305.0
2019-05-03,84.3,84.98,83.97,84.42,8185409.0
2019-05-06,82.48,83.77,82.02,83.39,9387010.0
2019-05-07,82.33,82.33,80.59,81.51,15017725.0
2019-05-08,80.96,81.97,80.76,80.91,9576075.0
2019-05-09,79.44,81.04,78.88,80.82,12205866.0
2019-05-10,80.05,81.14,78.84,80.81,13189381.0
2019-05-13,78.38,78.75,77.28,77.75,13783652.0
2019-05-14,77.85,80.02,77.8,78.62,10503672.0
2019-05-15,77.51,79.2,76.91,78.2,10142048.0
2019-05-16,78.92,80.47,78.89,79.61,9672729.0
2019-05-17,78.3,80.05,78.13,79.07,9570477.0
2019-05-20,78.88,80.11,78.67,79.65,8518244.0
2019-05-21,79.74,80.22,79.52,80.03,7967976.0
2019-05-22,79.7,80.09,79.05,79.12,7918898.0
2019-05-23,77.94,78.09,75.8,76.94,14557969.0
2019-05-24,77.82,78.26,77.49,78.01,8537252.0
2019-05-28,77.5,78.13,76.74,76.82,11665579.0
2019-05-29,75.75,76.7,75.36,76.52,9966365.0
2019-05-30,76.95,77.48,74.84,75.36,10367822.0
2019-05-31,73.86,74.89,73.14,74.26,10952857.0
2019-06-03,74.1,75.16,73.6,74.76,11680745.0
2019-06-04,76.15,78.2,75.43,78.04,12858587.0
2019-06-05,78.16,78.68,76.94,78.43,8340484.0
2019-06-06,78.45,79.17,77.23,78.67,8726664.0
2019-06-07,78.0,78.32,77.26,77.46,10618932.0
2019-06-10,79.05,79.51,78.52,78.64,11380602.0
2019-06-11,79.12,79.87,78.67,78.98,9847999.0
2019-06-12,79.0,79.2,77.19,77.57,9670511.0
2019-06-13,77.76,78.46,77.35,77.84,8406903.0
2019-06-14,77.87,78.6,76.93,78.12,9077685.0
2019-06-17,78.0,78.67,77.36,77.52,8128583.0
2019-06-18,77.31,79.71,77.28,79.01,11057340.0
2019-06-19,79.12,79.89,77.99,78.21,13126542.0
2019-06-20,79.18,79.38,77.33,78.49,13638199.0
2019-06-21,78.49,79.97,77.39,77.74,27089546.0
2019-06-24,77.58,78.07,76.84,76.96,13039577.0
2019-06-25,76.98,77.28,75.97,76.06,18660111.0
2019-06-26,76.6,77.61,76.46,76.78,10324609.0
2019-06-27,77.14,77.85,76.74,77.14,10906607.0
2019-06-28,79.34,80.73,79.2,80.1,21634683.0
2019-07-01,81.53,82.82,81.38,81.98,12762478.0
2019-07-02,81.81,82.5,81.52,82.1,10182625.0
2019-07-03,82.44,82.97,81.36,81.92,6849443.0
2019-07-05,82.61,83.37,82.02,82.59,7929536.0
2019-07-08,82.06,82.58,81.6,81.97,6917209.0
2019-07-09,81.38,82.59,81.25,82.45,8947322.0
2019-07-10,82.47,82.93,81.84,82.12,9242253.0
2019-07-11,82.47,83.46,82.22,83.2,11595170.0
2019-07-12,83.23,84.45,83.03,84.4,10783395.0
2019-07-15,84.64,84.67,82.63,83.0,12946597.0
2019-07-16,82.58,84.6,82.02,84.22,16944998.0
2019-07-17,83.53,84.04,82.83,83.09,13120924.0
2019-07-18,83.03,84.17,82.65,83.77,9400654.0
2019-07-19,83.99,84.22,82.5,82.64,10402772.0
2019-07-22,82.01,83.55,81.87,83.37,9061487.0
2019-07-23,83.98,85.55,83.92,85.46,12752167.0
2019-07-24,84.68,85.98,84.62,85.93,10011034.0
2019-07-25,85.99,86.34,84.42,84.81,10138368.0
2019-07-26,84.87,85.61,84.63,85.32,12800364.0
2019-07-29,85.56,86.28,84.89,84.95,8500370.0
2019-07-30,84.29,85.18,83.86,84.69,7121146.0
2019-07-31,85.2,85.28,83.96,85.1,13647968.0
2019-08-01,84.43,85.9,81.7,82.04,15664530.0
2019-08-02,81.5,82.53,80.5,82.03,11025527.0
2019-08-05,79.89,80.08,77.37,78.67,15855328.0
2019-08-06,79.15,79.6,77.44,79.53,10203487.0
2019-08-07,77.1,77.38,75.04,77.13,17320865.0
2019-08-08,78.15,79.18,77.82,78.96,10903331.0
2019-08-09,78.45,79.54,77.39,78.84,9980834.0
2019-08-12,77.54,77.61,76.31,76.78,9156647.0
2019-08-13,77.05,79.43,76.13,78.44,12236560.0
2019-08-14,75.4,76.01,73.55,73.9,19491849.0
2019-08-15,73.92,75.48,73.44,74.3,13365567.0
2019-08-16,75.47,77.08,74.97,76.82,11830550.0
2019-08-19,78.73,78.85,77.52,77.79,8265570.0
2019-08-20,76.95,77.54,76.34,76.41,8376105.0
2019-08-21,77.31,77.53,76.54,76.71,8189648.0
2019-08-22,77.47,78.37,77.03,77.82,9343395.0
2019-08-23,77.1,77.88,74.21,75.12,14764096.0
2019-08-26,75.72,76.09,75.11,75.97,8211955.0
2019-08-27,76.45,76.66,73.94,74.84,14335951.0
2019-08-28,74.18,76.31,74.14,75.9,10593762.0
2019-08-29,77.24,78.99,77.12,78.32,10002439.0
2019-08-30,78.94,79.66,78.57,78.96,10170346.0
2019-09-03,78.08,78.09,76.42,77.66,9869174.0
2019-09-04,78.55,79.32,77.66,78.97,6944055.0
2019-09-05,80.35,82.82,80.3,81.47,13226615.0
2019-09-06,81.76,82.08,81.06,81.71,7836735.0
2019-09-09,82.81,85.16,82.7,84.5,13985144.0
2019-09-10,85.4,86.37,84.83,85.97,14333096.0
2019-09-11,85.99,86.3,84.48,86.29,9919217.0
2019-09-12,85.65,87.57,85.02,87.01,12283450.0
2019-09-13,88.1,89.5,87.85,89.33,16257246.0
2019-09-16,88.0,88.97,87.48,88.26,11993932.0
2019-09-17,87.52,87.71,86.34,87.67,10819727.0
2019-09-18,87.42,89.18,86.85,88.86,10716320.0
2019-09-19,88.8,89.44,88.19,88.48,9460470.0
2019-09-20,88.84,89.44,87.97,88.0,22076823.0
2019-09-23,86.88,88.22,86.78,87.98,9184038.0
2019-09-24,87.85,88.36,86.14,86.43,11851899.0
2019-09-25,86.37,87.46,86.22,87.1,10269021.0
2019-09-26,86.98,87.15,86.05,86.13,9920613.0
2019-09-27,87.06,87.74,86.38,86.82,10207958.0
2019-09-30,87.46,87.87,86.32,86.79,9800755.0
2019-10-01,87.5,88.1,84.51,84.65,11328624.0
2019-10-02,83.91,84.0,82.03,82.35,12630337.0
2019-10-03,82.27,82.91,80.52,82.19,13102112.0
2019-10-04,82.34,84.94,82.27,84.62,9622741.0
2019-10-07,84.19,85.5,84.07,84.37,6816951.0
2019-10-08,83.06,83.06,81.66,81.82,11588324.0
2019-10-09,82.67,83.16,82.07,82.63,7339861.0
2019-10-10,83.14,85.4,83.0,84.21,11388900.0
2019-10-11,86.03,87.99,85.86,86.14,15193768.0
2019-10-14,85.85,86.87,85.66,86.45,8878537.0
2019-10-15,88.85,91.59,87.87,89.96,30522338.0
2019-10-16,89.96,90.62,89.38,89.68,11632039.0
2019-10-17,90.75,91.57,89.88,90.35,11064912.0
2019-10-18,90.0,91.02,89.86,90.56,10418383.0
2019-10-21,92.05,93.77,91.99,93.55,13272678.0
2019-10-22,93.45,95.1,93.12,94.79,12657085.0
2019-10-23,94.2,95.15,94.17,95.12,9397328.0
2019-10-24,95.29,95.66,94.07,95.03,8057164.0
2019-10-25,95.0,96.65,94.75,96.03,9055690.0
2019-10-28,96.57,97.21,96.4,96.51,9522184.0
2019-10-29,96.06,97.42,95.94,96.43,9797283.0
2019-10-30,96.05,96.26,94.92,95.73,8513704.0
2019-10-31,95.49,95.73,93.86,94.92,11589074.0
2019-11-01,96.2,97.99,96.02,97.8,11682642.0
2019-11-04,99.08,99.42,98.56,98.82,9159871.0
2019-11-05,99.39,100.3,98.84,99.1,13747635.0
2019-11-06,98.69,99.84,98.58,99.3,11231123.0
2019-11-07,100.43,101.29,99.92,100.0,13528925.0
2019-11-08,99.88,100.4,99.25,100.38,9294223.0
2019-11-11,99.6,100.1,99.35,99.92,8680490.0
2019-11-12,99.63,100.62,99.01,99.16,9101912.0
2019-11-13,98.13,98.82,97.42,98.48,8098146.0
2019-11-14,97.72,98.84,97.59,98.6,8483725.0
2019-11-15,99.23,99.53,98.4,99.53,10163667.0
2019-11-18,99.56,100.65,98.99,100.62,8752503.0
2019-11-19,100.99,101.25,100.18,100.58,8824852.0
2019-11-20,100.3,100.62,98.94,99.63,11785284.0
2019-11-21,100.0,100.72,99.39,99.93,7705492.0
2019-11-22,100.15,101.22,100.1,100.79,8167918.0
2019-11-25,101.25,102.07,100.87,101.49,10069669.0
2019-11-26,101.82,101.82,100.36,101.67,10493863.0
2019-11-27,102.29,102.43,101.65,102.06,6609027.0
2019-11-29,101.87,102.41,101.45,101.76,5712035.0
2019-12-02,102.31,102.74,101.35,101.47,8622886.0
2019-12-03,99.77,99.96,98.59,99.78,10649454.0
2019-12-04,100.38,102.47,99.99,102.34,10319310.0
2019-12-05,102.68,103.31,102.18,103.06,9587878.0
2019-12-06,104.69,105.78,104.65,105.04,10171252.0
2019-12-09,104.63,105.46,104.41,104.41,8576380.0
2019-12-10,103.25,104.77,102.88,104.5,7533000.0
2019-12-11,104.29,105.02,104.01,104.18,9012476.0
2019-12-12,104.49,108.47,104.21,108.02,13725737.0
2019-12-13,107.95,108.83,106.22,106.81,10594949.0
2019-12-16,108.38,108.84,107.32,107.34,11372787.0
2019-12-17,107.73,108.67,107.23,108.18,11547063.0
2019-12-18,108.15,109.02,107.72,108.04,10382144.0
2019-12-19,107.76,108.22,107.1,107.35,9351045.0
2019-12-20,108.02,108.88,106.9,107.24,29993960.0
2019-12-23,107.6,107.91,106.88,107.2,9738524.0
2019-12-24,107.33,107.63,107.06,107.58,3324291.0
2019-12-26,107.89,109.1,107.78,109.04,6773034.0
2019-12-27,109.3,109.77,108.67,109.14,7868575.0
2019-12-30,109.9,110.08,108.47,108.63,6963342.0
2019-12-31,108.51,109.48,108.29,109.4,7201834.0
2020-01-02,109.79,111.1,109.26,111.09,10811019.0
2020-01-03,108.4,110.13,107.98,109.24,10387518.0
2020-01-06,107.46,109.17,107.4,109.13,10266522.0
2020-01-07,108.18,108.76,106.72,106.78,10576911.0
2020-01-08,106.6,108.48,106.5,107.84,9697731.0
2020-01-09,108.95,109.13,107.94,108.34,9470746.0
2020-01-10,108.11,108.15,106.71,106.97,10192026.0
2020-01-13,107.09,108.1,106.66,108.1,12381809.0
2020-01-14,108.84,111.66,108.59,109.7,24942958.0
2020-01-15,108.75,109.5,107.05,107.62,16293416.0
2020-01-16,108.35,108.8,107.74,108.15,10783752.0
2020-01-17,108.44,109.19,108.22,109.1,14697672.0
2020-01-21,108.09,108.97,107.59,107.74,8474247.0
2020-01-22,108.14,108.3,107.28,107.58,7549111.0
2020-01-23,106.61,107.64,105.62,107.44,9345683.0
2020-01-24,107.27,107.33,103.22,104.05,15166392.0
2020-01-27,101.17,103.84,100.61,102.93,12860456.0
2020-01-28,103.74,105.87,103.38,105.33,13062789.0
2020-01-29,105.71,106.44,104.59,105.13,9326173.0
2020-01-30,103.59,107.03,103.59,106.79,9048887.0
2020-01-31,105.39,105.73,102.37,103.26,12785242.0
2020-02-03,103.56,105.14,103.56,104.27,10021369.0
2020-02-04,106.45,107.5,105.98,106.19,9157126.0
2020-02-05,107.47,108.63,106.91,108.49,10150709.0
2020-02-06,109.14,109.19,108.01,108.51,8992592.0
2020-02-07,107.63,108.57,107.2,108.07,6379784.0
2020-02-10,107.85,108.75,107.65,108.64,5960700.0
2020-02-11,109.16,109.72,108.68,108.9,6578649.0
2020-02-12,109.5,110.19,108.7,108.9,7957984.0
2020-02-13,108.65,109.24,107.3,108.78,7447535.0
2020-02-14,108.74,109.09,107.84,108.36,6627891.0
2020-02-18,108.24,108.61,105.95,106.54,8997247.0
2020-02-19,107.81,109.29,107.24,108.39,7071399.0
2020-02-20,108.07,109.26,107.43,108.39,7422800.0
2020-02-21,107.45,107.82,105.82,106.71,9772770.0
2020-02-24,102.34,104.1,101.7,103.06,13618432.0
2020-02-25,101.9,103.13,96.49,97.16,20797188.0
2020-02-26,97.83,99.85,97.24,97.54,24836163.0
2020-02-27,93.81,96.52,92.2,92.27,23005470.0
2020-02-28,88.42,89.39,83.56,87.01,45942580.0
2020-03-02,87.53,92.48,85.36,92.42,27355446.0
2020-03-03,91.87,93.85,87.14,87.86,32547736.0
2020-03-04,89.23,91.09,85.59,90.75,25795867.0
2020-03-05,86.57,87.33,83.48,84.87,25025628.0
2020-03-06,77.16,81.22,75.92,78.98,38159405.0
2020-03-09,67.47,70.13,63.9,64.34,40352025.0
2020-03-10,69.9,72.18,65.48,71.6,31102652.0
2020-03-11,68.6,70.95,65.45,66.86,38157806.0
2020-03-12,60.49,67.86,57.22,58.95,49725233.0
2020-03-13,66.89,74.89,62.9,74.81,38543328.0
2020-03-16,56.1,64.88,55.45,59.26,38589653.0
2020-03-17,61.79,68.34,58.4,64.66,35239844.0
2020-03-18,58.57,61.69,51.26,54.79,41525568.0
2020-03-19,52.46,59.01,47.81,56.2,32175060.0
2020-03-20,57.2,60.36,53.38,54.4,30150823.0
2020-03-23,53.58,54.65,48.99,49.93,32536580.0
2020-03-24,55.8,61.0,53.8,59.33,34363160.0
2020-03-25,60.14,66.05,55.44,62.63,38111699.0
2020-03-26,64.98,69.47,64.44,69.02,29840426.0
2020-03-27,64.09,65.74,61.45,62.03,30041458.0
2020-03-30,61.55,64.99,60.2,64.4,21656933.0
2020-03-31,62.95,65.07,60.24,60.93,23379303.0
2020-04-01,56.0,57.46,54.15,55.26,28029566.0
2020-04-02,54.41,58.81,53.86,58.41,24017959.0
2020-04-03,57.8,59.28,54.57,55.85,21199448.0
2020-04-06,60.79,62.79,59.5,61.26,26820846.0
2020-04-07,66.25,66.3,62.18,62.44,22563810.0
2020-04-08,63.9,66.66,62.35,66.1,22903255.0
2020-04-09,68.72,76.19,68.69,74.56,42084666.0
2020-04-13,74.91,74.91,69.1,69.99,26911949.0
2020-04-14,72.82,73.8,65.44,67.3,46151255.0
2020-04-15,62.95,63.83,61.93,62.59,30118621.0
2020-04-16,62.03,62.37,58.85,59.13,32449619.0
2020-04-17,63.8,67.5,62.76,66.98,30191898.0
2020-04-20,64.27,66.51,62.26,63.51,23679430.0
2020-04-21,60.42,63.18,60.13,60.85,23035023.0
2020-04-22,62.49,63.67,60.98,61.14,16706026.0
2020-04-23,61.54,63.08,61.06,61.19,16638765.0
2020-04-24,62.44,62.9,60.29,62.51,15815286.0
2020-04-27,63.74,67.43,63.34,66.42,22870210.0
2020-04-28,69.61,70.16,66.83,67.09,20238900.0
2020-04-29,70.88,71.25,69.07,69.66,20462562.0
2020-04-30,67.4,68.64,66.35,67.56,19127632.0
2020-05-01,65.3,65.54,63.63,65.05,18547741.0
2020-05-04,63.82,64.47,62.6,63.94,15725875.0
2020-05-05,65.45,66.01,63.7,63.8,18064140.0
2020-05-06,63.96,64.56,61.73,62.07,20978035.0
2020-05-07,63.14,64.71,62.38,63.01,16771938.0
2020-05-08,64.6,65.88,63.91,64.5,20494915.0
2020-05-11,62.91,62.91,61.13,61.77,31907585.0
2020-05-12,61.95,62.59,58.7,58.83,27962923.0
2020-05-13,58.18,58.66,55.2,55.83,35451600.0
2020-05-14,54.52,59.91,54.2,59.32,35152452.0
2020-05-15,58.65,59.08,57.1,57.7,26099044.0
2020-05-18,60.49,62.95,59.68,62.25,30528734.0
2020-05-19,61.85,63.0,60.39,60.47,19597291.0
2020-05-20,62.51,64.19,62.17,63.13,20552362.0
2020-05-21,62.07,63.56,61.47,61.97,14621406.0
2020-05-22,61.81,62.16,60.52,61.27,13557923.0
2020-05-26,64.69,69.3,64.41,67.62,41233949.0
2020-05-27,73.87,74.38,70.6,73.17,39402040.0
2020-05-28,74.74,74.75,71.2,71.66,24738542.0
2020-05-29,70.46,70.98,68.58,69.11,26538154.0
2020-06-01,69.55,71.31,69.18,70.4,15207495.0
2020-06-02,72.08,72.22,69.73,70.73,21194963.0
2020-06-03,73.38,76.72,72.86,76.07,25941090.0
2020-06-04,75.62,78.41,74.59,78.24,26784723.0
2020-06-05,86.73,87.57,81.33,83.03,42230986.0
2020-06-08,85.21,85.99,83.74,85.25,24881791.0
2020-06-09,82.45,83.43,80.81,82.34,17031144.0
2020-06-10,82.26,82.31,77.65,77.86,24913328.0
2020-06-11,71.83,73.38,68.34,69.01,36259224.0
2020-06-12,72.51,72.93,69.13,71.67,24856764.0
2020-06-15,68.22,73.23,67.67,73.05,22153641.0
2020-06-16,77.17,77.48,71.11,73.86,22193575.0
2020-06-17,74.33,74.34,71.01,71.28,15639830.0
2020-06-18,70.47,72.32,69.93,70.74,16591911.0
2020-06-19,72.33,72.4,68.53,69.61,40371167.0
2020-06-22,69.05,69.75,68.34,68.55,16216903.0
2020-06-23,70.77,71.77,69.65,69.73,15381376.0
2020-06-24,68.55,68.64,66.11,66.46,22919784.0
2020-06-25,66.15,70.01,66.06,69.76,25743638.0
2020-06-26,66.91,67.17,63.8,64.39,41896324.0
2020-06-29,65.2,66.29,63.98,64.8,18499738.0
2020-06-30,64.63,66.46,64.37,65.86,19137010.0
2020-07-01,66.69,67.51,64.83,65.06,18755728.0
2020-07-02,67.44,67.66,64.63,65.36,27845616.0
2020-07-06,67.13,67.9,66.18,67.7,18625272.0
2020-07-07,66.52,66.8,64.7,65.02,25757203.0
2020-07-08,64.99,66.04,64.5,66.0,18762214.0
2020-07-09,66.22,66.82,63.48,63.98,25600763.0
2020-07-10,64.7,69.54,64.57,68.97,28954234.0
2020-07-13,71.43,71.97,68.92,70.35,32079211.0
2020-07-14,71.07,72.65,69.34,70.91,42731666.0
2020-07-15,73.59,73.99,71.35,72.43,22508410.0
2020-07-16,71.48,73.92,71.25,72.71,16886886.0
2020-07-17,72.7,72.78,70.84,70.86,16161547.0
2020-07-20,70.13,71.09,69.96,70.0,14458137.0
2020-07-21,70.41,72.75,70.34,72.11,17812297.0
2020-07-22,72.35,72.83,70.23,71.39,14271150.0
2020-07-23,71.2,72.05,70.67,71.68,12870184.0
2020-07-24,72.3,72.5,70.64,70.98,12744151.0
2020-07-27,70.21,70.33,68.87,69.6,11959055.0
2020-07-28,69.2,70.59,69.2,70.02,11754273.0
2020-07-29,69.77,72.41,69.7,72.38,12743520.0
2020-07-30,70.24,70.44,68.75,69.72,14834785.0
2020-07-31,69.18,69.63,67.95,69.34,14539496.0
2020-08-03,69.72,70.27,68.55,68.8,12972563.0
2020-08-04,68.61,68.65,67.73,68.25,13366154.0
2020-08-05,68.57,71.17,68.42,69.91,15349693.0
2020-08-06,70.28,70.8,69.24,69.94,10482062.0
2020-08-07,69.63,72.19,69.26,72.08,14743678.0
2020-08-10,72.81,74.74,72.73,73.34,14989853.0
2020-08-11,76.56,78.86,76.21,76.52,31518607.0
2020-08-12,78.86,79.13,74.41,75.64,19250157.0
2020-08-13,74.7,76.06,74.34,75.07,13598648.0
2020-08-14,74.2,76.01,74.12,75.11,12134360.0
2020-08-17,74.2,74.7,72.23,72.41,14987988.0
2020-08-18,72.61,72.61,70.82,71.02,13246506.0
2020-08-19,71.62,73.29,71.04,71.25,13533015.0
2020-08-20,69.96,70.73,69.5,70.07,13672577.0
2020-08-21,69.97,71.27,69.64,70.02,12228301.0
2020-08-24,71.15,72.91,70.12,72.76,17898270.0
2020-08-25,73.97,74.68,72.5,73.2,13648931.0
2020-08-26,72.64,72.97,71.75,71.79,12052437.0
2020-08-27,71.7,75.35,71.7,75.05,22163863.0
2020-08-28,75.84,75.95,74.51,75.47,13756725.0
2020-08-31,74.82,74.88,72.72,72.89,14219441.0
2020-09-01,72.25,73.57,71.74,72.84,11602053.0
2020-09-02,72.65,74.64,72.26,74.35,14475673.0
2020-09-03,76.02,77.69,73.34,74.03,23281235.0
2020-09-04,76.75,77.91,74.07,76.22,26325470.0
2020-09-08,75.68,76.27,72.18,72.62,22108612.0
2020-09-09,73.5,74.39,72.26,73.57,13434024.0
2020-09-10,74.1,75.12,72.34,72.53,15922793.0
2020-09-11,72.67,74.06,72.29,73.77,13784342.0
2020-09-14,74.21,76.16,74.07,75.17,19017373.0
2020-09-15,75.43,75.55,71.84,71.98,23682973.0
2020-09-16,72.13,73.83,71.46,72.4,19284239.0
2020-09-17,71.4,72.04,70.41,71.26,18290104.0
2020-09-18,70.59,72.19,70.14,71.05,20121579.0
2020-09-21,67.9,68.75,66.52,68.01,28378768.0
2020-09-22,67.66,68.36,66.37,66.97,19257004.0
2020-09-23,67.48,68.05,65.36,65.44,19952667.0
2020-09-24,65.02,67.0,64.08,65.36,18366522.0
2020-09-25,64.75,66.42,64.57,66.17,13293076.0
2020-09-28,67.76,69.63,67.05,68.86,20894106.0
2020-09-29,68.73,68.73,67.03,68.05,12854673.0
2020-09-30,68.05,69.9,67.96,68.97,16400587.0
2020-10-01,69.82,70.47,68.73,69.67,15778666.0
2020-10-02,67.95,71.29,67.79,70.59,15149570.0
2020-10-05,71.92,72.85,71.13,72.64,13871881.0
2020-10-06,73.67,74.46,71.11,71.62,19220440.0
2020-10-07,72.56,73.95,72.27,73.33,16358533.0
2020-10-08,74.11,75.52,73.5,75.38,15659016.0
2020-10-09,75.6,75.71,73.71,74.8,13689115.0
2020-10-12,74.7,76.6,74.45,76.04,16057978.0
2020-10-13,76.6,76.82,73.86,74.38,21697310.0
2020-10-14,74.63,75.53,73.7,73.82,15214907.0
2020-10-15,72.7,75.38,72.64,75.32,17171199.0
2020-10-16,75.01,75.93,74.32,75.11,13276397.0
2020-10-19,75.2,75.47,73.16,73.4,11725674.0
2020-10-20,73.91,75.37,73.72,73.97,11257070.0
2020-10-21,73.96,74.59,72.93,72.97,10730521.0
2020-10-22,72.92,76.84,72.91,76.48,14837204.0
2020-10-23,77.1,78.05,76.53,77.41,15087611.0
2020-10-26,76.25,76.3,73.85,74.84,12410742.0
2020-10-27,74.11,74.52,72.76,72.93,10391663.0
2020-10-28,71.1,71.9,69.67,70.14,16389464.0
2020-10-29,69.72,71.58,68.84,70.77,14208820.0
2020-10-30,71.51,72.02,69.83,71.64,15200685.0
2020-11-02,72.99,74.48,71.46,73.85,15011597.0
2020-11-03,76.62,78.34,76.29,77.01,17482590.0
2020-11-04,74.6,75.67,72.53,73.85,18886518.0
2020-11-05,74.66,78.7,74.6,77.95,17837373.0
2020-11-06,78.63,78.7,75.99,76.56,12552785.0
2020-11-09,86.76,92.5,83.95,90.5,47792406.0
2020-11-10,90.95,91.05,88.29,90.12,20539339.0
2020-11-11,90.49,90.56,87.56,88.38,14443409.0
2020-11-12,86.13,87.56,85.66,86.97,22066464.0
2020-11-13,88.3,88.46,87.17,87.68,11856870.0
2020-11-16,91.39,92.21,89.33,90.9,19858562.0
2020-11-17,88.99,90.04,88.18,89.71,14553245.0
2020-11-18,90.94,92.21,88.8,88.85,12571217.0
2020-11-19,87.78,89.42,87.16,89.16,10202538.0
2020-11-20,88.03,89.25,87.69,88.17,12720823.0
2020-11-23,89.65,91.77,89.17,91.47,13209211.0
2020-11-24,93.67,97.1,93.31,96.92,20121557.0
2020-11-25,94.97,95.98,94.07,95.63,11715627.0
2020-11-27,95.6,95.95,94.68,94.82,5983627.0
2020-11-30,93.6,94.32,91.37,91.48,14411847.0
2020-12-01,93.94,95.18,93.23,93.34,12678222.0
2020-12-02,93.3,95.91,92.87,95.64,10811255.0
2020-12-03,95.45,95.49,93.96,94.84,12904414.0
2020-12-04,96.08,96.89,95.29,95.94,13583654.0
2020-12-07,94.75,95.77,93.81,95.48,9724307.0
2020-12-08,94.64,95.93,94.36,95.6,9592124.0
2020-12-09,96.77,96.9,94.04,94.65,13073933.0
2020-12-10,93.59,94.38,93.16,93.87,13668420.0
2020-12-11,92.54,93.62,91.97,93.16,9981643.0
2020-12-14,94.93,95.02,91.71,91.9,12112352.0
2020-12-15,92.89,94.5,92.22,93.92,12591419.0
2020-12-16,93.9,94.68,93.46,94.27,11169364.0
2020-12-17,94.86,95.05,93.18,93.27,11618001.0
2020-12-18,92.74,93.48,91.87,92.68,28954764.0
2020-12-21,96.77,98.6,94.69,97.15,28323642.0
2020-12-22,96.99,97.12,95.21,95.27,11808882.0
2020-12-23,96.38,100.12,95.95,98.67,14973226.0
2020-12-24,98.69,99.15,97.17,98.12,4164948.0
2020-12-28,99.42,100.25,98.39,98.94,8072641.0
2020-12-29,99.8,99.88,98.49,98.61,8389199.0
2020-12-30,99.09,99.45,98.5,98.96,7397964.0
2020-12-31,98.69,100.93,98.42,100.67,8580214.0
2021-01-04,101.1,101.46,98.38,99.47,16813567.0
2021-01-05,99.49,100.8,98.27,100.15,13731206.0
2021-01-06,104.38,107.27,102.38,106.05,24909056.0
2021-01-07,110.19,112.69,109.42,110.37,21940387.0
2021-01-08,110.47,110.85,108.62,110.52,12035126.0
2021-01-11,109.08,112.7,108.61,112.55,15949048.0
2021-01-12,113.94,116.16,113.33,114.72,18033462.0
2021-01-13,113.09,115.29,112.6,114.85,14816761.0
2021-01-14,114.99,117.25,114.5,115.67,18565597.0
2021-01-15,111.93,116.15,111.51,113.14,27881016.0
2021-01-19,114.36,115.2,112.32,112.54,19843782.0
2021-01-20,112.32,112.67,109.94,110.47,16028845.0
2021-01-21,110.19,110.66,108.82,109.33,13415022.0
2021-01-22,107.19,108.9,106.7,108.29,12933227.0
2021-01-25,106.64,107.67,104.56,106.62,14212764.0
2021-01-26,107.25,107.67,105.84,106.08,11307819.0
2021-01-27,104.09,104.35,101.85,102.36,17603851.0
2021-01-28,104.4,106.67,103.49,104.61,13761758.0
2021-01-29,105.69,106.22,102.69,103.17,14808109.0
2021-02-01,103.9,104.57,102.97,104.12,11080662.0
2021-02-02,106.44,108.89,105.72,108.11,12253574.0
2021-02-03,108.15,110.26,108.01,109.64,10600777.0
2021-02-04,109.97,113.16,109.97,112.75,12419526.0
2021-02-05,113.89,113.99,111.88,112.48,10051265.0
2021-02-08,112.7,114.8,112.68,114.64,10136384.0
2021-02-09,113.93,114.48,113.04,114.08,8614807.0
2021-02-10,114.5,115.37,113.54,114.16,10323204.0
2021-02-11,114.16,115.05,112.72,113.77,9200955.0
2021-02-12,113.55,116.11,113.5,115.75,8324562.0
2021-02-16,118.05,119.82,116.9,119.15,12130618.0
2021-02-17,118.45,119.88,117.62,119.6,10834189.0
2021-02-18,118.5,120.29,117.9,120.09,10590274.0
2021-02-19,120.36,123.34,120.36,122.52,11969782.0
2021-02-22,121.37,124.69,121.29,123.91,11488415.0
2021-02-23,126.01,126.81,124.09,125.11,16234408.0
2021-02-24,124.61,128.26,124.61,127.76,15061433.0
2021-02-25,128.77,129.4,125.09,125.68,18127707.0
2021-02-26,124.8,125.37,121.01,121.67,19829182.0
2021-03-01,124.02,125.88,122.98,125.0,14845483.0
2021-03-02,124.58,126.28,124.34,124.51,14221724.0
2021-03-03,125.73,129.48,125.32,127.41,14324103.0
2021-03-04,127.11,128.88,123.12,125.06,20093905.0
2021-03-05,127.72,127.99,122.47,125.41,18465108.0
2021-03-08,126.97,129.96,125.25,127.41,17133270.0
2021-03-09,126.0,128.75,124.32,126.33,16238763.0
2021-03-10,126.41,130.66,126.01,129.63,14342237.0
2021-03-11,128.61,130.65,127.86,128.82,11771478.0
2021-03-12,131.36,132.13,129.57,130.65,12849532.0
2021-03-15,130.85,131.42,128.46,129.87,12103264.0
2021-03-16,128.59,129.1,126.69,128.01,12805565.0
2021-03-17,129.84,131.38,127.55,129.59,13952375.0
2021-03-18,132.1,136.19,131.61,132.15,21898467.0
2021-03-19,130.01,130.44,125.69,129.64,54418832.0
2021-03-22,127.3,128.47,125.11,125.47,19944845.0
2021-03-23,124.83,126.62,123.46,123.96,17076304.0
2021-03-24,124.5,127.68,124.36,125.12,13079793.0
2021-03-25,124.5,127.47,123.83,127.05,15608340.0
2021-03-26,128.8,129.95,127.05,129.59,16754402.0
2021-03-29,126.62,128.23,125.54,127.18,17570343.0
2021-03-30,128.96,130.37,128.38,128.98,13184306.0
2021-03-31,127.78,128.99,126.62,126.73,16736681.0
2021-04-01,126.4,128.29,126.05,128.21,16561508.0
2021-04-05,129.8,130.34,128.0,129.02,13507979.0
2021-04-06,128.19,129.68,127.26,127.94,13071554.0
2021-04-07,128.5,130.63,128.05,130.33,16903523.0
2021-04-08,129.4,130.91,127.71,130.52,12335512.0
2021-04-09,131.21,132.44,130.37,131.68,12122400.0
2021-04-12,130.98,132.65,130.97,131.35,12273355.0
2021-04-13,130.15,130.6,127.83,129.49,16113557.0
2021-04-14,126.87,129.23,126.33,126.61,19939592.0
2021-04-15,126.65,127.6,124.72,127.57,17694125.0
2021-04-16,129.27,129.91,128.09,128.7,13773412.0
2021-04-19,128.82,129.28,127.62,128.05,11900220.0
2021-04-20,127.14,127.15,124.05,124.67,13716678.0
2021-04-21,123.19,126.01,122.19,125.94,12236674.0
2021-04-22,125.63,125.7,122.66,122.77,15256117.0
2021-04-23,122.58,126.53,122.09,125.59,14043086.0
2021-04-26,126.18,127.86,125.78,125.96,10799065.0
2021-04-27,125.9,126.97,125.51,126.65,12821182.0
2021-04-28,127.83,128.29,126.8,127.63,8943653.0
2021-04-29,128.94,130.68,128.6,130.59,12976866.0
2021-04-30,129.5,129.89,128.41,129.21,11705065.0
2021-05-03,130.25,130.88,128.53,128.76,11801108.0
2021-05-04,128.27,131.04,127.54,130.88,12977673.0
2021-05-05,131.4,133.68,131.4,132.92,6812018.0
2021-05-06,133.47,136.22,132.56,136.09,13542406.0
2021-05-07,132.62,136.9,132.42,136.64,14257828.0
2021-05-10,136.9,139.13,136.52,136.62,14014332.0
2021-05-11,136.48,137.79,133.44,133.94,15451666.0
2021-05-12,135.01,136.18,132.43,132.85,14381733.0
2021-05-13,133.58,137.84,133.08,136.9,15397363.0
2021-05-14,137.79,139.85,137.39,139.41,10583975.0
2021-05-17,138.77,140.25,138.43,140.07,9886843.0
2021-05-18,140.08,140.9,137.64,137.75,11098117.0
2021-05-19,136.4,136.58,134.04,136.51,13278895.0
2021-05-20,136.23,137.26,134.92,136.23,10426014.0
2021-05-21,136.74,138.62,136.34,138.06,10248994.0
2021-05-24,138.76,139.63,137.52,138.94,9440290.0
2021-05-25,139.25,141.1,136.96,137.25,12609084.0
2021-05-26,138.97,139.14,136.71,137.23,13058340.0
2021-05-27,139.35,140.15,137.97,139.75,15707512.0
2021-05-28,140.08,140.34,138.66,139.64,10294700.0
2021-06-01,141.27,142.31,140.88,141.45,9445366.0
2021-06-02,142.66,142.84,140.93,141.46,10498568.0
2021-06-03,140.81,142.65,140.06,141.57,13354653.0
2021-06-04,141.61,142.07,140.43,141.84,8510831.0
2021-06-07,142.4,142.5,140.54,141.06,7267196.0
2021-06-08,139.89,141.16,138.56,140.4,10370719.0
2021-06-09,139.54,139.62,137.68,138.34,12377367.0
2021-06-10,139.76,140.64,135.71,135.8,12119419.0
2021-06-11,135.83,136.6,134.46,135.69,13683774.0
2021-06-14,135.55,135.73,132.06,132.97,19917855.0
2021-06-15,132.1,132.32,129.53,130.58,24485479.0
2021-06-16,130.13,133.02,128.51,131.67,25321233.0
2021-06-17,132.5,132.86,126.65,127.16,29722421.0
2021-06-18,124.7,125.1,122.96,123.32,43595659.0
2021-06-21,124.48,126.6,124.42,125.83,18664796.0
2021-06-22,126.0,126.37,124.06,125.61,14251160.0
2021-06-23,125.6,127.44,125.49,126.52,12733326.0
2021-06-24,127.32,128.52,126.62,127.91,13733186.0
2021-06-25,127.99,129.9,127.07,129.45,15484922.0
2021-06-28,129.1,129.88,127.52,129.73,14125837.0
2021-06-29,130.4,131.71,129.01,129.54,14528708.0
2021-06-30,129.15,131.48,129.11,130.94,12530993.0
2021-07-01,131.66,132.54,130.81,132.48,10479389.0
2021-07-02,132.25,132.62,131.42,132.33,11431349.0
2021-07-06,132.08,132.08,128.65,129.71,15083360.0
2021-07-07,128.31,130.58,127.85,129.89,12271789.0
2021-07-08,127.91,128.83,126.34,127.24,17834574.0
2021-07-09,129.35,132.45,128.88,132.07,13694523.0
2021-07-12,130.65,135.46,130.24,134.3,19940363.0
2021-07-13,132.35,133.69,129.8,131.95,22671744.0
2021-07-14,132.25,133.58,129.25,131.42,14622833.0
2021-07-15,130.2,132.83,130.0,131.76,11539263.0
2021-07-16,132.26,132.58,127.32,128.21,14002741.0
2021-07-19,124.85,126.12,122.01,123.27,22172865.0
2021-07-20,122.82,127.42,122.63,126.01,15385158.0
2021-07-21,128.35,129.95,127.66,129.16,12356686.0
2021-07-22,129.18,129.74,126.27,127.23,9913322.0
2021-07-23,127.78,129.14,126.55,126.94,9666101.0
2021-07-26,126.49,128.26,126.47,127.95,8207990.0
2021-07-27,126.7,128.79,126.1,127.75,11218727.0
2021-07-28,128.59,129.07,127.18,128.0,9217294.0
2021-07-29,129.44,130.17,128.21,129.3,9063531.0
2021-07-30,128.88,129.97,127.5,128.08,9805241.0
2021-08-02,128.33,130.75,127.37,127.47,10203157.0
2021-08-03,128.25,129.62,125.82,129.19,10394804.0
2021-08-04,127.55,129.67,127.21,127.54,10154973.0
2021-08-05,128.58,129.99,128.31,129.45,9151499.0
2021-08-06,131.49,134.12,131.41,133.8,13328750.0
2021-08-09,133.82,134.85,132.2,133.63,9516867.0
2021-08-10,133.04,136.27,132.61,135.56,8666998.0
2021-08-11,136.3,137.8,135.38,137.46,9156458.0
2021-08-12,138.18,138.67,136.85,138.09,8849610.0
2021-08-13,138.09,138.46,135.87,136.28,8980903.0
2021-08-16,135.24,135.33,133.08,135.23,8759767.0
2021-08-17,133.87,135.16,131.57,133.31,9347213.0
2021-08-18,132.61,134.31,131.64,131.88,8065493.0
2021-08-19,129.46,131.86,129.31,130.58,9517737.0
2021-08-20,130.65,131.2,129.46,131.02,6974102.0
2021-08-23,131.63,133.39,131.54,133.0,7934587.0
2021-08-24,133.3,134.85,133.17,133.97,7670925.0
2021-08-25,134.81,138.08,134.1,137.22,11335040.0
2021-08-26,138.56,140.13,137.45,138.05,11027451.0
2021-08-27,138.05,139.46,137.56,139.35,8780185.0
2021-08-30,139.51,139.79,136.18,136.74,7937561.0
2021-08-31,136.74,137.67,135.65,136.25,12340838.0
2021-09-01,136.52,137.06,135.27,136.02,8729920.0
2021-09-02,136.32,137.91,135.73,136.76,8815634.0
2021-09-03,136.69,137.19,135.45,135.79,7961223.0
2021-09-07,136.29,137.68,135.26,135.51,9290968.0
2021-09-08,135.19,135.88,134.34,134.8,7852678.0
2021-09-09,134.57,137.13,134.38,135.49,7904256.0
2021-09-10,136.86,137.02,133.52,133.66,8311551.0
2021-09-13,134.83,136.35,134.37,136.16,10052807.0
2021-09-14,136.75,137.64,132.56,133.37,11685606.0
2021-09-15,133.02,134.99,132.77,134.46,11691485.0
2021-09-16,135.71,137.15,133.52,134.39,10880895.0
2021-09-17,133.68,135.31,133.3,133.98,25608018.0
2021-09-20,130.19,130.86,126.79,129.26,15819905.0
2021-09-21,129.83,130.85,128.88,129.28,8999860.0
2021-09-22,131.5,133.55,131.4,132.21,11236150.0
2021-09-23,134.3,138.01,133.97,137.48,12336136.0
2021-09-24,137.74,139.89,137.12,139.34,10102432.0
2021-09-27,141.3,143.7,140.91,143.28,13220871.0
2021-09-28,144.0,145.6,141.96,142.38,13387886.0
2021-09-29,142.51,143.2,141.34,142.25,7777078.0
2021-09-30,143.22,143.29,139.09,139.99,13168016.0
2021-10-01,140.3,144.6,139.9,143.43,11284976.0
2021-10-04,143.27,146.74,142.03,143.25,14120044.0
2021-10-05,144.51,147.44,143.97,145.96,12292877.0
2021-10-06,145.29,146.4,143.3,146.32,8692607.0
2021-10-07,148.5,148.81,146.84,147.39,10195443.0
2021-10-08,147.32,148.64,146.6,147.52,8190144.0
2021-10-11,148.1,148.59,143.76,143.94,12154737.0
2021-10-12,143.05,143.99,142.07,142.66,13032633.0
2021-10-13,141.37,142.71,137.9,138.3,22753485.0
2021-10-14,139.05,141.31,137.36,140.77,15180727.0
2021-10-15,142.65,144.47,141.44,143.91,14267441.0
2021-10-18,143.78,145.91,143.21,143.85,12672909.0
2021-10-19,144.7,145.95,143.88,145.87,8053949.0
2021-10-20,145.6,148.17,144.76,148.14,8185565.0
2021-10-21,148.06,148.63,145.98,146.8,8415166.0
2021-10-22,147.33,149.39,147.0,149.08,8817895.0
2021-10-25,150.01,150.26,147.78,148.24,10159202.0
2021-10-26,148.3,149.79,147.84,148.7,8015067.0
2021-10-27,147.62,148.0,144.64,145.13,9846993.0
2021-10-28,145.6,147.81,145.26,147.66,7212937.0
2021-10-29,148.48,149.54,146.69,147.19,8140070.0
2021-11-01,149.34,149.63,146.31,147.1,7435507.0
2021-11-02,147.1,148.99,146.22,147.77,7173754.0
2021-11-03,147.43,148.43,146.45,147.83,8402685.0
2021-11-04,147.3,147.5,143.79,145.59,9574152.0
2021-11-05,146.2,147.39,144.71,145.35,7975570.0
2021-11-08,146.35,148.22,146.04,146.36,6413707.0
2021-11-09,144.65,145.77,143.9,145.08,7990283.0
2021-11-10,144.75,146.25,144.39,144.92,6999214.0
2021-11-11,144.82,145.98,144.2,144.91,5815267.0
2021-11-12,144.95,145.04,143.02,144.16,8113441.0
2021-11-15,144.51,145.09,143.3,143.86,6492463.0
2021-11-16,144.36,144.37,142.42,142.66,9706145.0
2021-11-17,142.51,142.86,140.69,141.77,9909576.0
2021-11-18,141.69,142.15,139.86,140.35,8123567.0
2021-11-19,138.6,139.41,136.75,138.22,12193634.0
2021-11-22,141.46,143.28,140.29,141.65,14551672.0
2021-11-23,142.8,145.86,142.67,145.58,12362344.0
2021-11-24,145.76,146.74,143.74,144.26,9629790.0
2021-11-26,139.44,139.95,136.12,139.23,13619276.0
2021-11-29,140.61,142.08,137.12,138.53,12104369.0
2021-11-30,136.46,137.93,135.59,136.13,18922616.0
2021-12-01,138.3,140.57,135.1,135.19,12258685.0
2021-12-02,137.13,140.55,136.1,138.51,12969926.0
2021-12-03,138.8,139.13,134.49,135.59,12681765.0
2021-12-06,138.31,139.91,136.76,137.46,11186493.0
2021-12-07,139.18,140.69,138.46,139.87,9851554.0
2021-12-08,139.96,140.57,137.47,138.01,11705673.0
2021-12-09,136.95,138.23,135.95,137.76,11189642.0
2021-12-10,138.62,139.0,136.43,137.12,10405374.0
2021-12-13,136.8,137.09,134.58,135.22,12068987.0
2021-12-14,134.75,138.19,134.6,136.43,12563560.0
2021-12-15,137.15,137.15,134.65,135.24,14014167.0
2021-12-16,137.69,139.12,136.0,137.71,19542759.0
2021-12-17,136.62,136.68,132.48,134.06,28138027.0
2021-12-20,131.81,132.0,129.14,131.24,15147982.0
2021-12-21,132.71,134.48,132.39,133.39,11291338.0
2021-12-22,133.05,134.36,132.54,134.0,7272989.0
2021-12-23,134.91,136.42,134.51,134.56,8055154.0
2021-12-27,134.9,135.5,133.64,135.46,6189234.0
2021-12-28,135.5,137.45,135.38,135.94,6342743.0
2021-12-29,136.15,136.93,135.45,135.86,6398927.0
2021-12-30,136.41,137.54,135.67,135.78,6948171.0
2021-12-31,135.75,136.59,135.26,135.65,5805902.0
2022-01-03,137.16,139.94,136.81,139.0,13128118.0
2022-01-04,141.61,145.88,141.53,145.13,20195802.0
2022-01-05,146.12,146.66,142.03,142.08,17539410.0
2022-01-06,145.21,145.67,142.17,143.82,14047498.0
2022-01-07,143.97,145.83,143.36,145.46,13913345.0
2022-01-10,147.37,147.61,143.83,145.62,12922455.0
2022-01-11,146.56,146.82,144.61,145.79,11854115.0
2022-01-12,146.76,147.89,145.48,146.74,12568011.0
2022-01-13,146.64,148.11,146.19,146.53,13623418.0
2022-01-14,139.06,139.33,135.2,136.19,40158362.0
2022-01-18,134.08,134.08,128.84,129.57,32348432.0
2022-01-19,129.87,130.53,126.85,127.23,22380026.0
2022-01-20,127.29,128.91,125.66,125.96,14860843.0
2022-01-21,125.8,125.81,122.57,123.38,20705401.0
2022-01-24,120.58,123.78,117.87,123.25,28503121.0
2022-01-25,121.95,125.15,119.09,124.83,18915869.0
2022-01-26,127.02,128.87,124.26,126.22,20709097.0
2022-01-27,127.72,128.68,122.43,123.61,17544523.0
2022-01-28,122.49,125.06,120.47,124.91,14116969.0
2022-01-31,123.94,127.09,122.97,126.9,13985745.0
2022-02-01,126.99,129.77,126.6,129.45,14584935.0
2022-02-02,128.8,129.24,126.37,128.24,12441136.0
2022-02-03,128.3,129.95,126.59,127.0,12474882.0
2022-02-04,127.4,131.8,127.07,130.86,16654409.0
2022-02-07,131.57,131.92,129.15,131.37,12572283.0
2022-02-08,133.3,136.78,133.1,134.25,20411387.0
2022-02-09,134.89,135.73,134.12,134.9,9131135.0
2022-02-10,134.96,137.33,133.52,134.25,16455635.0
2022-02-11,133.91,136.49,131.27,132.22,16830005.0
2022-02-14,131.03,131.98,128.62,130.79,17026491.0
2022-02-15,132.81,134.24,132.15,133.02,9500867.0
2022-02-16,132.04,134.4,132.04,133.3,9076526.0
2022-02-17,131.3,132.03,128.96,129.73,11367457.0
2022-02-18,130.43,132.44,129.43,130.44,11733315.0
2022-02-22,128.9,131.54,128.71,130.17,11333475.0
2022-02-23,131.42,131.6,126.27,126.99,11799031.0
2022-02-24,121.24,123.29,118.08,122.85,25655100.0
2022-02-25,123.55,128.43,123.21,126.27,18367679.0
2022-02-28,121.85,123.36,119.18,120.1,31315344.0
2022-03-01,118.34,118.78,111.88,114.75,36840448.0
2022-03-02,115.59,118.34,114.91,117.58,19405581.0
2022-03-03,118.14,119.28,115.36,116.59,16640804.0
2022-03-04,113.24,113.72,110.7,112.7,21020675.0
2022-03-07,110.47,110.99,107.25,107.51,27560052.0
2022-03-08,107.94,110.09,105.57,106.6,19207816.0
2022-03-09,111.2,113.54,110.74,111.74,17536202.0
2022-03-10,110.16,111.75,108.62,110.16,15604247.0
2022-03-11,110.79,112.38,106.72,107.19,20061789.0
2022-03-14,107.76,111.22,107.53,108.47,15786898.0
2022-03-15,110.1,111.85,109.43,110.78,15096604.0
2022-03-16,113.17,116.79,112.73,116.7,20354896.0
2022-03-17,115.16,118.49,114.22,118.45,17050454.0
2022-03-18,118.49,119.15,116.76,118.4,23656519.0
2022-03-21,118.65,119.06,117.03,117.95,12676051.0
2022-03-22,120.57,122.23,120.02,120.92,13548587.0
2022-03-23,119.28,119.89,117.5,118.08,12093218.0
2022-03-24,118.6,119.01,117.41,118.99,10017625.0
2022-03-25,119.39,121.48,119.1,120.22,8386416.0
2022-03-28,118.3,119.27,116.2,119.17,10818077.0
2022-03-29,121.65,121.9,118.54,119.48,11316503.0
2022-03-30,120.2,120.42,118.21,118.84,8771027.0
2022-03-31,118.13,118.65,114.56,114.62,17353942.0
2022-04-01,115.7,115.71,112.1,113.61,15721297.0
2022-04-04,112.42,115.24,111.19,114.21,17422937.0
2022-04-05,113.37,114.7,112.31,112.64,12110267.0
2022-04-06,110.88,111.86,110.26,110.79,12914733.0
2022-04-07,110.25,111.22,108.03,110.39,12994231.0
2022-04-08,110.97,113.2,110.79,112.79,13126938.0
2022-04-11,112.3,114.2,111.87,112.3,10466429.0
2022-04-12,111.44,113.88,110.0,110.84,12989862.0
2022-04-13,106.24,108.55,105.31,106.6,30838027.0
2022-04-14,105.8,107.6,104.32,105.42,18835190.0
2022-04-18,104.97,108.54,104.84,107.76,11834444.0
2022-04-19,107.75,110.62,107.53,110.42,15015448.0
2022-04-20,111.82,112.81,110.64,110.88,13430189.0
2022-04-21,111.52,112.11,109.26,109.86,12174182.0
2022-04-22,109.58,109.82,105.99,106.11,14318842.0
2022-04-25,105.31,106.41,102.41,106.07,17149031.0
2022-04-26,103.94,105.71,102.17,102.32,17209535.0
2022-04-27,101.63,102.86,100.52,100.72,17215247.0
2022-04-28,102.11,102.95,100.44,102.64,13019941.0
2022-04-29,102.35,102.91,98.2,98.66,14874811.0
2022-05-02,99.18,100.01,97.52,99.75,18544958.0
2022-05-03,100.83,103.47,100.08,102.33,15720935.0
2022-05-04,102.1,106.7,102.04,106.4,17128535.0
2022-05-05,104.55,105.4,101.46,103.22,15055401.0
2022-05-06,103.1,103.59,100.48,103.02,14417942.0
2022-05-09,101.41,102.63,99.8,101.16,14312300.0
2022-05-10,102.41,103.08,96.86,98.19,16382441.0
2022-05-11,98.6,102.19,97.24,97.44,14630299.0
2022-05-12,96.3,97.62,94.67,97.34,16318801.0
2022-05-13,98.71,99.55,97.26,98.39,10443203.0
2022-05-16,97.84,98.76,96.53,97.56,10269025.0
2022-05-17,100.34,102.27,100.11,101.48,11160151.0
2022-05-18,100.6,101.27,98.83,99.39,12664912.0
2022-05-19,97.49,98.95,96.93,97.61,12765769.0
2022-05-20,98.76,98.97,94.32,96.64,13150099.0
2022-05-23,99.76,105.87,99.75,103.9,24376725.0
2022-05-24,103.66,106.79,102.41,105.66,19324922.0
2022-05-25,105.58,107.16,104.47,106.54,12780385.0
2022-05-26,107.67,109.49,107.51,108.74,15990944.0
2022-05-27,109.46,110.57,108.44,110.57,11177759.0
2022-05-31,109.48,112.45,109.01,111.53,17015042.0
2022-06-01,112.17,112.17,107.97,109.21,10768023.0
2022-06-02,109.2,111.31,107.97,111.3,8374794.0
2022-06-03,110.51,111.07,109.29,109.46,8596022.0
2022-06-06,110.39,111.69,108.76,109.03,11323459.0
2022-06-07,108.13,109.62,107.92,109.37,6722167.0
2022-06-08,108.3,108.75,106.2,107.3,8422110.0
2022-06-09,106.67,107.4,104.57,104.61,13565478.0
2022-06-10,101.89,102.7,98.62,98.85,12951760.0
2022-06-13,96.16,97.25,94.36,95.29,16805564.0
2022-06-14,94.85,96.62,92.52,93.36,13357912.0
2022-06-15,94.92,96.25,92.47,94.71,14083548.0
2022-06-16,93.16,93.56,91.17,92.73,16724855.0
2022-06-17,92.84,93.93,91.46,92.33,30919865.0
2022-06-21,95.16,96.33,94.34,95.13,11680485.0
2022-06-22,94.18,95.5,93.69,94.48,9848572.0
2022-06-23,94.31,94.48,90.78,93.22,11851541.0
2022-06-24,92.53,97.12,92.13,96.62,14841090.0
2022-06-27,97.36,97.8,94.94,95.68,11280485.0
2022-06-28,96.97,98.59,94.9,95.12,11615519.0
2022-06-29,95.3,96.12,94.03,94.6,9338432.0
2022-06-30,92.47,93.38,90.23,91.91,15172611.0
2022-07-01,91.95,93.72,90.46,93.35,10573577.0
2022-07-05,91.07,93.01,89.6,92.92,12515590.0
2022-07-06,92.03,93.29,91.09,92.19,10656197.0
2022-07-07,93.8,95.2,93.7,95.02,10347385.0
2022-07-08,95.46,95.95,93.91,94.66,8807840.0
2022-07-11,93.85,94.53,92.52,93.16,7944573.0
2022-07-12,92.88,95.48,92.56,93.27,11250917.0
2022-07-13,92.05,92.78,90.68,92.21,12979883.0
2022-07-14,88.29,88.53,86.36,88.3,26204846.0
2022-07-15,89.46,94.18,87.97,93.25,18863886.0
2022-07-18,95.07,96.14,91.59,92.09,13977903.0
2022-07-19,93.43,95.24,92.97,94.86,11862269.0
2022-07-20,94.4,95.04,93.78,94.84,11667540.0
2022-07-21,94.74,95.83,93.67,95.62,11595860.0
2022-07-22,95.54,96.55,93.97,95.06,7645542.0
2022-07-25,96.14,96.76,95.07,95.52,9394033.0
2022-07-26,94.88,95.88,93.33,93.72,10675119.0
2022-07-27,94.31,96.04,93.6,95.54,9274454.0
2022-07-28,95.55,96.28,93.83,95.11,10384770.0
2022-07-29,95.89,96.8,95.09,95.66,12944544.0
2022-08-01,94.8,95.41,93.37,94.51,14740406.0
2022-08-02,94.22,94.7,92.57,92.73,14942854.0
2022-08-03,93.75,94.4,92.01,93.91,14394499.0
2022-08-04,93.15,93.62,91.32,92.66,18033854.0
2022-08-05,92.83,96.49,92.35,96.06,14174642.0
2022-08-08,96.55,97.0,94.48,94.65,10339584.0
2022-08-09,95.05,96.29,94.67,95.68,10233754.0
2022-08-10,98.26,99.67,97.8,98.69,12847258.0
2022-08-11,100.2,101.5,99.61,100.44,11684856.0
2022-08-12,100.97,102.55,99.74,102.43,9906716.0
2022-08-15,101.44,103.02,100.9,102.76,8456202.0
2022-08-16,102.59,104.54,102.17,103.93,9554966.0
2022-08-17,102.6,103.46,101.99,102.89,8149335.0
2022-08-18,102.54,102.77,100.85,101.94,9531752.0
2022-08-19,100.92,101.29,98.41,98.93,13464469.0
2022-08-22,97.05,97.46,95.8,96.97,8967607.0
2022-08-23,96.99,97.59,95.68,95.82,7607042.0
2022-08-24,95.59,96.71,94.75,96.1,9771264.0
2022-08-25,96.46,99.04,95.98,98.85,10758870.0
2022-08-26,99.76,100.29,94.9,94.97,11276212.0
2022-08-29,94.3,95.16,93.76,94.69,8117296.0
2022-08-30,95.3,95.88,93.66,94.71,10745404.0
2022-08-31,94.78,95.33,93.64,94.03,10738299.0
2022-09-01,93.59,94.93,92.21,94.81,9979823.0
2022-09-02,96.17,97.75,93.49,94.01,10666594.0
2022-09-06,94.63,95.05,92.37,94.04,9751914.0
2022-09-07,93.43,96.41,93.06,96.2,10647866.0
2022-09-08,95.58,99.09,94.93,98.9,11434984.0
2022-09-09,99.44,100.35,98.97,99.47,9302228.0
2022-09-12,100.92,101.85,100.09,100.88,8614630.0
2022-09-13,98.37,99.22,96.08,96.69,12904575.0
2022-09-14,97.0,98.14,95.18,96.42,9345718.0
2022-09-15,96.42,99.68,96.06,98.17,10821438.0
2022-09-16,97.69,97.7,95.67,97.38,14844136.0
2022-09-19,96.3,99.03,95.81,98.46,8201305.0
2022-09-20,97.71,97.99,94.94,96.13,9619026.0
2022-09-21,96.84,96.9,92.72,92.79,12606281.0
2022-09-22,93.68,93.9,91.37,91.51,11684463.0
2022-09-23,90.35,90.64,87.46,89.44,18138572.0
2022-09-26,88.3,89.91,86.36,87.09,15753581.0
2022-09-27,88.05,88.47,84.95,86.15,12793612.0
2022-09-28,86.25,89.03,85.94,88.29,12762596.0
2022-09-29,87.25,87.58,84.7,86.46,12713926.0
2022-09-30,86.36,87.92,84.7,84.8,15973415.0
2022-10-03,85.92,88.66,84.76,88.03,12248137.0
2022-10-04,90.91,93.29,90.16,93.07,16013586.0
2022-10-05,91.05,92.25,90.13,91.69,10943502.0
2022-10-06,90.76,91.49,89.24,89.44,11521415.0
2022-10-07,88.82,89.01,86.57,87.28,11681088.0
2022-10-10,88.03,88.61,85.82,86.29,8931729.0
2022-10-11,85.67,85.84,83.15,83.26,12739700.0
2022-10-12,83.1,86.03,82.58,84.91,13180960.0
2022-10-13,83.28,91.2,83.06,90.67,22398706.0
2022-10-14,93.26,96.54,92.02,92.49,33420141.0
2022-10-17,96.71,98.31,95.62,97.16,22276272.0
2022-10-18,100.96,101.44,98.26,100.14,21539680.0
2022-10-19,99.29,100.13,96.97,97.81,17072035.0
2022-10-20,98.46,100.01,96.95,97.43,12207437.0
2022-10-21,97.76,103.69,97.63,103.53,20593310.0
2022-10-24,103.37,104.4,102.63,103.68,12624177.0
2022-10-25,103.15,104.57,102.19,104.0,11289101.0
2022-10-26,104.3,106.5,104.18,105.41,11671494.0
2022-10-27,106.5,107.5,105.51,105.9,10727612.0
2022-10-28,106.59,107.58,105.35,107.38,11859472.0
2022-10-31,107.0,108.73,106.89,107.18,13295173.0
2022-11-01,108.17,109.58,107.63,109.45,13386945.0
2022-11-02,108.95,111.66,107.94,108.27,16546085.0
2022-11-03,107.61,109.48,107.21,108.5,12474358.0
2022-11-04,110.79,112.13,109.76,111.98,14354353.0
2022-11-07,112.3,113.59,111.78,112.67,12011157.0
2022-11-08,112.54,113.36,111.44,112.75,9884053.0
2022-11-09,112.62,112.73,110.52,111.04,9493961.0
2022-11-10,113.93,116.55,113.83,116.38,16351589.0
2022-11-11,116.49,117.47,115.08,116.6,10704664.0
2022-11-14,116.1,117.03,115.21,115.21,11085604.0
2022-11-15,115.98,117.01,112.9,114.24,14038346.0
2022-11-16,114.3,114.86,113.33,114.42,7893359.0
2022-11-17,113.3,114.19,112.58,113.84,8824558.0
2022-11-18,115.87,115.97,113.58,115.14,9468537.0
2022-11-21,115.04,115.86,114.05,114.35,7800517.0
2022-11-22,115.3,116.57,114.99,116.34,9185670.0
2022-11-23,116.24,117.8,116.16,117.78,7316204.0
2022-11-25,117.78,118.44,117.36,118.04,3220496.0
2022-11-28,117.37,118.01,115.49,115.65,9907551.0
2022-11-29,115.96,117.94,115.71,117.86,7925322.0
2022-11-30,117.39,119.48,114.49,119.48,14761248.0
2022-12-01,119.48,119.96,116.73,117.54,8858472.0
2022-12-02,115.79,116.65,114.64,116.46,8932057.0
2022-12-05,115.54,115.87,111.9,112.67,10154531.0
2022-12-06,114.69,116.41,111.17,112.89,13966691.0
2022-12-07,112.61,114.38,111.63,112.8,11739425.0
2022-12-08,113.63,114.28,112.73,114.18,8907257.0
2022-12-09,113.5,115.06,113.3,113.46,7957818.0
2022-12-12,113.7,115.95,112.9,115.51,8841631.0
2022-12-13,118.19,118.39,114.38,115.38,10025383.0
2022-12-14,115.08,117.01,114.06,114.71,9966115.0
2022-12-15,112.45,113.38,110.35,111.4,12090286.0
2022-12-16,110.45,111.2,109.73,110.59,21133707.0
2022-12-19,110.95,112.63,110.39,111.36,9017156.0
2022-12-20,112.27,113.35,111.5,111.99,8549927.0
2022-12-21,113.48,114.28,113.07,113.46,8051704.0
2022-12-22,112.4,112.6,109.71,111.96,8651131.0
2022-12-23,111.88,112.74,110.94,112.58,5091905.0
2022-12-27,112.87,113.52,111.85,113.04,5410991.0
2022-12-28,113.15,114.71,112.31,113.76,8827738.0
2022-12-29,114.23,114.57,113.61,114.52,6585228.0
2022-12-30,114.11,115.63,113.74,115.4,9292519.0
2023-01-03,116.54,118.04,115.19,116.42,11054778.0
2023-01-04,117.29,118.98,116.87,117.68,11687643.0
2023-01-05,117.96,118.01,116.0,117.65,8381265.0
2023-01-06,118.43,120.68,116.79,120.24,10029076.0
2023-01-09,120.9,121.18,119.18,119.67,8482297.0
2023-01-10,120.09,121.02,119.61,120.9,9048665.0
2023-01-11,121.2,122.05,120.4,121.93,8703698.0
2023-01-12,122.3,123.16,121.52,121.79,11001666.0
2023-01-13,117.9,125.79,117.1,125.31,20200047.0
2023-01-17,123.47,123.84,121.53,123.1,14292881.0
2023-01-18,121.22,123.03,118.71,118.87,13392601.0
2023-01-19,117.62,118.2,115.89,117.05,13303371.0
2023-01-20,117.46,117.79,115.85,117.38,13092492.0
2023-01-23,117.42,120.26,117.12,119.57,10487128.0
2023-01-24,122.59,122.59,117.3,120.75,6944991.0
2023-01-25,120.35,121.42,119.55,121.42,8967007.0
2023-01-26,121.72,122.36,120.66,122.28,7487631.0
2023-01-27,122.91,123.56,122.05,122.62,7489946.0
2023-01-30,121.53,122.39,121.21,121.43,6729255.0
2023-01-31,122.18,122.37,120.55,122.26,9188738.0
2023-02-01,120.51,123.18,120.42,121.89,8841846.0
2023-02-02,122.3,122.76,120.3,121.24,11822064.0
2023-02-03,120.48,124.63,120.43,123.39,11501232.0
2023-02-06,122.53,124.54,122.33,124.22,8406231.0
2023-02-07,123.68,126.64,123.48,125.95,10447888.0
2023-02-08,124.95,126.34,124.58,124.94,6957965.0
2023-02-09,125.42,125.64,122.17,122.72,6443109.0
2023-02-10,122.08,123.58,120.89,123.34,6582853.0
2023-02-13,123.6,125.03,123.04,124.87,7134607.0
2023-02-14,124.8,126.11,123.9,125.5,9249399.0
2023-02-15,123.91,126.19,123.6,126.1,6731172.0
2023-02-16,125.21,125.69,123.98,124.12,8165306.0
2023-02-17,123.28,125.13,122.37,124.54,7948829.0
2023-02-21,122.99,123.64,121.05,121.93,9996283.0
2023-02-22,121.22,121.73,119.74,120.86,11107501.0
2023-02-23,121.03,122.47,120.24,121.97,8068010.0
2023-02-24,121.41,123.66,121.23,123.23,9126888.0
2023-02-27,124.41,125.61,124.02,124.46,10014654.0
2023-02-28,125.24,126.06,124.2,125.65,11019757.0
2023-03-01,124.4,125.76,124.1,124.85,7139155.0
2023-03-02,124.54,124.73,121.84,123.37,11107549.0
2023-03-03,123.81,126.04,123.38,125.96,9513063.0
2023-03-06,125.74,126.34,124.96,125.12,9261255.0
2023-03-07,124.31,124.61,120.11,120.92,11747620.0
2023-03-08,120.3,120.89,119.19,120.1,10002548.0
2023-03-09,119.06,119.65,111.52,112.64,25888097.0
2023-03-10,111.26,117.56,110.12,115.95,37599655.0
2023-03-13,113.51,116.18,111.71,113.55,42901132.0
2023-03-14,117.58,117.83,113.59,116.92,29648116.0
2023-03-15,113.28,113.29,109.03,110.56,34280607.0
2023-03-16,110.31,114.25,108.32,113.05,24570587.0
2023-03-17,110.68,110.78,107.75,108.11,38395982.0
2023-03-20,109.29,111.77,108.31,109.44,22875505.0
2023-03-21,112.89,114.03,112.49,112.85,17807808.0
2023-03-22,112.86,112.96,109.38,109.48,17250168.0
2023-03-23,110.2,111.83,108.32,109.14,16677640.0
2023-03-24,107.93,107.98,105.41,107.21,22326916.0
2023-03-27,109.09,111.68,108.59,110.79,18853935.0
2023-03-28,111.01,111.64,110.04,111.18,10820466.0
2023-03-29,112.4,112.52,110.07,111.44,14595260.0
2023-03-30,112.25,112.42,109.95,111.05,12134675.0
2023-03-31,111.96,112.64,111.15,112.61,13105215.0
2023-04-03,112.21,113.74,111.71,112.46,11775388.0
2023-04-04,112.8,112.89,109.71,110.72,11579916.0
2023-04-05,110.1,111.45,109.76,110.91,9614692.0
2023-04-06,110.3,111.38,110.16,110.77,8760220.0
2023-04-10,109.84,111.53,109.52,111.19,9477292.0
2023-04-11,111.6,112.24,110.84,111.82,10516267.0
2023-04-12,112.48,113.73,111.36,111.8,11820995.0
2023-04-13,111.76,112.34,110.13,112.29,12450242.0
2023-04-14,118.45,122.42,118.2,122.03,43931328.0
2023-04-17,123.25,123.36,120.96,123.13,16050486.0
2023-04-18,123.57,125.08,122.33,124.7,13760139.0
2023-04-19,124.53,124.8,123.7,124.52,9158112.0
2023-04-20,123.21,124.73,123.14,124.11,10586245.0
2023-04-21,123.04,124.41,122.08,123.84,11842537.0
2023-04-24,123.76,124.4,123.34,124.03,7567666.0
2023-04-25,122.9,123.26,120.93,120.97,10629325.0
2023-04-26,120.92,121.11,117.3,118.53,14416145.0
2023-04-27,119.3,121.21,118.96,120.35,9041092.0
2023-04-28,119.86,121.62,118.97,121.54,9887262.0
2023-05-01,125.56,126.67,124.13,124.5,20415762.0
2023-05-02,124.7,125.71,121.73,122.22,14113447.0
2023-05-03,121.74,121.97,119.06,119.28,12930906.0
2023-05-04,118.26,119.02,115.11,117.42,17089164.0
2023-05-05,119.74,121.18,119.21,120.04,11261394.0
2023-05-08,120.79,121.27,119.78,120.37,7484872.0
2023-05-09,119.23,120.25,118.51,119.71,7343573.0
2023-05-10,121.25,121.36,118.17,119.78,8133416.0
2023-05-11,118.3,120.11,118.2,119.35,7057277.0
2023-05-12,120.12,120.29,116.43,117.4,9988598.0
2023-05-15,117.57,118.97,117.26,118.53,7639451.0
2023-05-16,118.76,119.24,117.26,117.62,6483267.0
2023-05-17,119.2,121.89,118.76,121.75,12711522.0
2023-05-18,121.57,123.03,121.06,122.8,10999607.0
2023-05-19,123.09,123.79,121.43,122.48,13492239.0
2023-05-22,124.3,124.94,120.96,121.33,11402476.0
2023-05-23,120.84,122.33,119.76,119.89,9514897.0
2023-05-24,118.7,119.65,118.38,118.64,8577997.0
2023-05-25,118.12,119.57,117.88,118.97,8472505.0
2023-05-26,119.41,120.9,118.93,120.24,8579941.0
2023-05-30,120.1,121.02,119.32,120.76,7399867.0
2023-05-31,120.03,120.14,117.7,119.01,14219906.0
2023-06-01,119.82,121.53,118.75,120.88,12248094.0
2023-06-02,122.86,124.78,122.64,123.77,12922471.0
2023-06-05,123.41,123.41,121.43,122.39,8511902.0
2023-06-06,121.98,123.4,121.51,122.64,9329541.0
2023-06-07,122.85,124.57,122.13,123.99,9281389.0
2023-06-08,123.97,124.19,122.78,124.03,7370043.0
2023-06-09,123.65,125.1,123.51,124.31,7253946.0
2023-06-12,124.37,124.62,123.06,124.3,7600196.0
2023-06-13,123.78,126.17,123.44,125.32,7701567.0
2023-06-14,126.3,126.91,124.0,124.79,9068729.0
2023-06-15,123.89,126.7,123.33,126.39,9343096.0
2023-06-16,126.35,127.27,125.8,126.56,13813512.0
2023-06-20,125.91,126.3,124.34,125.83,8431008.0
2023-06-21,126.2,127.32,124.99,125.62,9926459.0
2023-06-22,125.61,125.9,122.25,122.88,10076325.0
2023-06-23,121.84,122.48,120.92,122.15,9919539.0
2023-06-26,122.17,123.31,120.99,122.49,8429727.0
2023-06-27,122.3,123.14,121.84,122.5,8154024.0
2023-06-28,122.46,122.51,121.26,121.89,7558644.0
2023-06-29,123.37,126.86,123.15,126.73,15423230.0
2023-06-30,127.9,129.3,126.96,128.74,14212816.0
2023-07-03,129.49,130.78,129.3,129.91,8021622.0
2023-07-05,129.24,129.73,128.66,128.94,8935519.0
2023-07-06,127.32,127.69,125.74,127.51,9714100.0
2023-07-07,128.21,130.14,127.3,128.64,8981456.0
2023-07-10,128.8,130.29,128.8,129.45,9100060.0
2023-07-11,130.64,132.12,130.01,131.72,11265592.0
2023-07-12,131.75,134.17,131.3,132.45,11323228.0
2023-07-13,133.0,133.67,132.05,133.17,11234925.0
2023-07-14,135.85,137.19,132.71,134.07,27028429.0
2023-07-17,134.65,138.05,134.65,137.68,17262394.0
2023-07-18,137.68,138.7,137.12,137.96,13491725.0
2023-07-19,137.05,139.51,136.52,138.55,12510000.0
2023-07-20,138.83,140.89,138.71,140.45,9935907.0
2023-07-21,140.1,140.44,138.99,139.25,10636378.0
2023-07-24,139.27,143.09,139.03,142.3,14381425.0
2023-07-25,141.6,142.02,140.26,141.12,9944679.0
2023-07-26,141.01,142.55,140.58,142.06,8728593.0
2023-07-27,142.07,143.08,139.85,140.32,10778406.0
2023-07-28,141.58,141.9,140.74,141.21,9105974.0
2023-07-31,141.48,143.68,141.45,142.26,8894353.0
2023-08-01,141.73,142.3,140.45,141.48,6855682.0
2023-08-02,139.86,139.99,138.24,139.7,8303708.0
2023-08-03,139.3,141.22,138.65,140.65,6087542.0
2023-08-04,140.7,142.1,140.0,140.32,6209397.0
2023-08-07,140.9,142.0,140.9,141.06,7251832.0
2023-08-08,138.62,140.28,136.89,140.18,8623379.0
2023-08-09,139.62,139.82,137.77,138.09,6277813.0
2023-08-10,138.68,139.74,137.39,137.86,5995076.0
2023-08-11,137.33,138.82,136.93,138.75,5180690.0
2023-08-14,137.91,139.22,137.22,139.07,5044282.0
2023-08-15,137.15,137.57,134.53,135.13,10300303.0
2023-08-16,134.9,135.26,133.98,134.49,6978235.0
2023-08-17,135.18,135.56,132.7,132.93,9953912.0
2023-08-18,131.95,133.8,131.74,133.27,8517460.0
2023-08-21,133.95,134.41,132.32,133.78,8327018.0
2023-08-22,133.56,133.94,130.15,130.68,9681972.0
2023-08-23,130.65,131.89,129.76,131.67,7858021.0
2023-08-24,131.8,133.71,131.29,131.53,6534026.0
2023-08-25,131.58,132.92,130.15,131.35,6695537.0
2023-08-28,131.87,132.91,131.43,131.86,5094201.0
2023-08-29,132.01,133.15,131.48,133.06,6336962.0
2023-08-30,132.92,133.45,131.49,132.46,6277318.0
2023-08-31,132.56,132.65,130.26,130.63,10933938.0
2023-09-01,130.39,132.38,130.0,131.12,7903496.0
2023-09-05,131.46,132.51,129.31,129.5,7854739.0
2023-09-06,129.0,129.84,128.41,129.26,8629164.0
2023-09-07,128.43,129.57,127.69,128.02,8373738.0
2023-09-08,127.67,128.42,126.95,128.13,7110254.0
2023-09-11,129.05,129.35,127.99,128.76,6854220.0
2023-09-12,128.8,131.62,128.35,130.64,8363165.0
2023-09-13,131.64,132.0,130.12,130.71,8325914.0
2023-09-14,132.14,134.2,131.82,133.55,10034931.0
2023-09-15,133.22,134.03,132.61,133.11,19863383.0
2023-09-18,132.46,133.44,132.05,133.42,6512360.0
2023-09-19,133.8,134.02,131.51,133.23,7945606.0
2023-09-20,133.95,134.55,132.44,132.6,7334257.0
2023-09-21,131.88,133.16,130.93,131.44,8053410.0
2023-09-22,131.59,131.81,129.49,130.03,7071975.0
2023-09-25,129.65,130.82,128.0,130.75,7044672.0
2023-09-26,128.9,130.14,128.53,129.23,7468405.0
2023-09-27,129.49,130.39,128.81,130.08,6717822.0
2023-09-28,130.58,133.17,130.31,131.89,8868063.0
2023-09-29,132.9,133.06,129.16,129.32,11917826.0
2023-10-02,129.13,129.92,126.93,128.07,9170644.0
2023-10-03,127.5,127.89,126.66,127.01,9431118.0
2023-10-04,127.49,127.77,126.23,127.65,8128748.0
2023-10-05,127.39,128.45,126.18,128.25,8576237.0
2023-10-06,128.26,131.23,127.49,130.45,10270621.0
2023-10-09,129.01,130.75,128.85,130.12,6964907.0
2023-10-10,130.77,132.12,130.63,131.0,11288769.0
2023-10-11,131.86,132.58,130.37,131.5,8698175.0
2023-10-12,131.65,132.31,130.48,131.16,10484436.0
2023-10-13,133.85,138.46,133.19,133.35,29487199.0
2023-10-16,134.8,134.87,132.07,133.2,12663461.0
2023-10-17,132.92,134.66,132.14,132.88,11482739.0
2023-10-18,131.94,132.83,130.72,131.26,9620257.0
2023-10-19,130.83,132.37,130.23,130.64,11143631.0
2023-10-20,129.92,130.49,127.47,128.3,13332738.0
2023-10-23,128.29,129.03,126.08,126.35,10133396.0
2023-10-24,126.54,127.08,125.71,126.52,8881089.0
2023-10-25,125.92,126.53,124.86,125.75,8242402.0
2023-10-26,125.11,127.015,124.78,126.11,9109402.0
2023-10-27,124.3,124.45,120.54,121.04,17434501.0
2023-10-30,121.79,123.39,121.39,122.77,9855344.0
2023-10-31,123.06,124.59,122.8228,124.41,9672459.0
2023-11-01,124.6,125.88,123.82,124.29,9431329.0
2023-11-02,125.44,126.83,124.58,126.77,10185972.0
2023-11-03,127.54,129.12,127.2,128.35,9538719.0
2023-11-06,128.52,129.54,128.14,129.43,7625020.0
2023-11-07,128.86,129.6112,128.17,129.36,6297911.0
2023-11-08,129.46,130.19,128.97,130.07,7617622.0
2023-11-09,130.79,130.9999,129.05,129.64,7992475.0
2023-11-10,130.29,131.83,129.4265,131.78,7983930.0
2023-11-13,131.05,131.6,130.51,131.13,6676119.0
2023-11-14,132.03,134.6,131.87,133.79,9927720.0
2023-11-15,133.81,135.51,133.81,135.09,8365232.0
2023-11-16,135.44,136.875,135.44,136.8,8126170.0
2023-11-17,137.55,138.21,136.89,138.17,7814064.0
2023-11-20,137.43,139.1,137.27,138.64,7020319.0
2023-11-21,138.55,138.98,137.92,138.32,7083436.0
2023-11-22,138.76,139.23,138.25,138.68,5175135.0
2023-11-24,138.94,139.788,138.625,138.89,3474323.0
2023-11-27,138.78,138.88,138.06,138.54,6259092.0
2023-11-28,138.57,139.22,138.07,138.89,6582588.0
2023-11-29,139.52,140.975,139.35,139.67,9126038.0
2023-11-30,140.26,141.48,139.731,141.43,9869711.0
2023-12-01,141.17,143.21,141.17,142.19,8915998.0
2023-12-04,141.37,143.4,141.23,143.34,9607461.0
2023-12-05,142.61,143.85,142.32,143.32,9135597.0
2023-12-06,144.19,144.57,141.35,141.66,9365899.0
2023-12-07,142.04,142.66,141.5,142.14,8130620.0
2023-12-08,142.61,144.13,142.33,143.87,7369322.0
2023-12-11,143.87,144.65,143.5,144.45,8093901.0
2023-12-12,144.58,145.995,144.23,145.87,10222976.0
2023-12-13,145.87,147.38,145.12,146.41,12378891.0
2023-12-14,147.18,150.1899,147.055,149.34,13642580.0
2023-12-15,148.43,150.63,147.74,150.58,20309347.0
2023-12-18,151.27,152.48,150.98,151.58,8469461.0
2023-12-19,151.35,153.82,150.9,153.8,10345605.0
2023-12-20,153.34,154.76,151.8,151.9,10734598.0
2023-12-21,152.19,153.44,151.025,152.85,7601627.0
2023-12-22,152.85,153.58,152.58,152.75,6576322.0
2023-12-26,152.81,154.115,152.53,153.74,4683602.0
2023-12-27,153.19,154.82,152.93,154.75,6428629.0
2023-12-28,154.7,156.01,154.345,155.65,6320010.0
2023-12-29,155.35,156.04,154.98,155.45,6434932.0
2024-01-02,154.44,157.52,154.26,157.43,9977390.0
2024-01-03,157.21,157.39,155.72,156.68,9852030.0
2024-01-04,157.04,159.75,156.94,157.81,11972475.0
2024-01-05,157.87,159.78,157.87,158.67,10065879.0
2024-01-08,158.42,158.76,155.885,158.42,11229909.0
2024-01-09,158.02,158.19,156.495,157.06,9923511.0
2024-01-10,156.4,157.48,155.35,157.42,9670218.0
2024-01-11,156.73,156.76,155.0401,156.7,11919468.0
2024-01-12,160.2,162.71,155.3,155.45,19436504.0
2024-01-16,151.27,154.49,150.7,154.39,17206077.0
2024-01-17,153.74,155.47,152.89,153.49,11107450.0
2024-01-18,153.52,153.93,151.64,153.82,9382250.0
2024-01-19,153.95,156.97,153.48,156.71,13115659.0
2024-01-22,156.86,158.3803,156.11,156.51,12837148.0
2024-01-23,156.07,156.15,154.84,155.39,8360829.0
2024-01-24,155.76,157.41,155.2627,156.9,9966625.0
2024-01-25,158.71,159.39,157.305,159.34,8873420.0
2024-01-26,159.01,159.46,158.18,158.68,7442951.0
2024-01-29,158.64,159.24,157.7,159.13,6971172.0
2024-01-30,159.23,163.1603,159.23,162.67,10822075.0
2024-01-31,162.6,164.7,160.74,160.76,11521666.0
2024-02-01,160.04,161.24,157.83,160.13,9354795.0
2024-02-02,159.7,162.2162,159.66,161.13,8607448.0
2024-02-05,160.26,161.49,159.32,160.9,7820050.0
2024-02-06,161.01,162.27,160.16,161.5,6765327.0
2024-02-07,162.09,162.27,160.36,161.83,7225280.0
2024-02-08,161.4,161.7058,159.97,161.2,6059664.0
2024-02-09,161.4,161.5,160.0731,161.41,6296528.0
2024-02-12,161.18,163.208,160.1,162.19,8539221.0
2024-02-13,161.72,162.6299,159.015,160.66,8397436.0
2024-02-14,161.47,162.5,160.82,162.43,7056516.0
2024-02-15,162.55,166.61,162.55,166.27,8723336.0
2024-02-16,166.01,166.38,164.56,165.43,8152527.0
2024-02-20,165.59,166.86,164.805,166.13,9667845.0
2024-02-21,166.35,167.39,164.92,167.3,7027856.0
2024-02-22,168.22,169.82,167.64,169.47,9296091.0
2024-02-23,170.21,171.6,169.59,170.39,7105777.0
2024-02-26,170.15,170.86,168.88,169.76,7145337.0
2024-02-27,169.71,169.94,168.64,169.85,5717062.0
2024-02-28,169.83,171.6,169.36,170.78,6131292.0
2024-02-29,172.06,172.83,170.25,172.46,9642999.0
2024-03-01,172.1,172.84,171.5,171.69,6311995.0
2024-03-04,171.11,173.99,170.67,173.08,7063437.0
2024-03-05,172.76,175.7,172.76,174.95,6617345.0
2024-03-06,175.65,176.47,174.03,175.93,7572558.0
2024-03-07,176.31,176.9,173.03,174.27,7618248.0
2024-03-08,174.84,176.855,174.32,174.62,6172140.0
2024-03-11,173.68,174.84,172.62,174.69,5762551.0
2024-03-12,175.35,176.56,174.31,176.24,5708064.0
2024-03-13,176.76,178.13,176.24,177.78,7794627.0
2024-03-14,177.43,178.03,173.503,174.37,10310793.0
2024-03-15,172.88,177.34,172.88,176.7,17214181.0
2024-03-18,177.03,179.1,176.29,179.06,9013520.0
2024-03-19,179.11,180.33,178.78,180.19,8478711.0
2024-03-20,180.59,182.96,180.01,182.73,9366862.0
2024-03-21,182.92,185.83,182.73,185.46,11203793.0
2024-03-22,185.41,186.88,182.94,183.02,8108840.0
2024-03-25,183.0,183.34,180.76,181.22,8619764.0
2024-03-26,180.99,183.06,180.4554,182.13,5961360.0
2024-03-27,182.9,186.0,182.78,185.92,8725345.0
2024-03-28,185.89,187.12,184.94,186.7,8628313.0
2024-04-01,186.39,187.34,184.97,185.34,7309009.0
2024-04-02,184.79,186.18,184.48,185.26,7014683.0
2024-04-03,185.44,185.96,184.1,184.7,9353426.0
2024-04-04,186.7,187.23,183.1,183.2,9243793.0
2024-04-05,183.71,185.67,182.66,185.0,6532278.0
2024-04-08,185.17,186.53,185.17,186.03,8000963.0
2024-04-09,185.62,186.43,182.46,184.7,7358631.0
2024-04-10,183.1,184.62,181.73,183.02,7681377.0
2024-04-11,183.55,184.12,180.79,182.98,10137699.0
2024-04-12,175.87,176.48,170.09,170.34,31532308.0
2024-04-15,172.05,175.01,169.75,170.44,14766592.0
2024-04-16,170.45,170.71,167.2,168.35,16451801.0
2024-04-17,168.92,169.97,166.75,167.63,9017093.0
2024-04-18,168.65,170.91,167.52,168.8,9557720.0
2024-04-19,169.95,173.43,168.96,173.35,13402313.0
2024-04-22,173.54,177.68,173.53,176.96,11529668.0
2024-04-23,178.68,179.78,178.07,179.69,9144372.0
2024-04-24,178.08,180.78,177.72,180.63,6964905.0
2024-04-25,179.8,181.49,178.73,180.92,9802265.0
2024-04-26,181.12,182.42,180.61,181.04,6413655.0
2024-04-29,181.03,181.81,179.98,180.83,5411129.0
2024-04-30,180.36,182.54,179.19,179.29,8153681.0
2024-05-01,179.82,182.01,178.34,179.41,7446703.0
2024-05-02,180.62,181.05,177.07,179.21,6501657.0
2024-05-03,179.55,180.079,176.01,178.06,8922725.0
2024-05-06,179.28,179.75,177.365,179.55,7911133.0
2024-05-07,179.25,180.48,179.2,179.3,7688667.0
2024-05-08,178.55,184.2,178.55,183.2,9227559.0
2024-05-09,182.72,185.14,182.65,185.05,7977188.0
2024-05-10,186.09,186.8899,185.82,186.32,7529725.0
2024-05-13,186.35,187.4,185.59,186.28,7048891.0
2024-05-14,186.55,189.13,185.71,189.06,8596070.0
2024-05-15,189.56,190.24,187.32,189.66,8369954.0
2024-05-16,189.77,192.03,189.5401,190.02,8497646.0
2024-05-17,191.36,192.6,190.3649,192.34,9260490.0
2024-05-20,191.94,193.43,182.95,183.13,17373231.0
2024-05-21,184.55,187.45,184.15,187.07,14420737.0
2024-05-22,186.55,188.485,185.24,185.86,9425274.0
2024-05-23,185.36,185.85,183.62,184.47,8069047.0
2024-05-24,185.3,188.31,185.11,188.26,7356225.0
2024-05-28,187.41,187.96,186.21,187.05,6909463.0
2024-05-29,185.55,186.54,184.44,185.66,6120044.0
2024-05-30,186.11,187.4,185.95,186.88,6829521.0
2024-05-31,186.85,190.85,185.9,190.18,14417805.0
2024-06-03,189.86,189.97,186.74,189.37,6444307.0
2024-06-04,187.71,189.53,185.83,186.71,6848072.0
2024-06-05,187.31,187.37,184.47,184.81,8351146.0
2024-06-06,184.81,185.57,182.88,184.46,7640148.0
2024-06-07,184.98,188.47,184.56,187.5,6964498.0
2024-06-10,186.79,188.39,185.99,187.16,6071139.0
2024-06-11,185.46,185.49,181.15,181.91,9235289.0
2024-06-12,183.55,184.27,178.86,179.08,12751253.0
2024-06-13,179.87,182.13,178.43,181.21,8587635.0
2024-06-14,179.0,182.41,178.97,181.33,6873716.0
2024-06-17,181.03,183.13,180.19,182.53,8725394.0
2024-06-18,182.15,185.51,181.68,184.55,9022661.0
2024-06-20,183.94,187.0,183.66,186.22,8730663.0
2024-06-21,184.26,184.72,181.77,183.85,20972495.0
2024-06-24,185.36,186.78,184.65,186.43,9785839.0
2024-06-25,185.64,187.62,185.29,185.62,6915894.0
2024-06-26,185.0,185.49,183.825,184.98,7758471.0
2024-06-27,184.99,187.41,184.45,186.72,7913453.0
2024-06-28,187.56,190.15,186.8518,189.81,15307458.0
2024-07-01,190.39,194.64,190.21,193.0,10205669.0
2024-07-02,192.84,196.41,192.32,196.38,7802914.0
2024-07-03,197.1,197.93,195.2,196.24,5516024.0
2024-07-05,195.69,196.07,193.22,193.49,8092994.0
2024-07-08,193.74,195.6,192.67,193.87,8706758.0
2024-07-09,194.33,198.46,194.15,196.33,9059904.0
2024-07-10,194.84,196.67,194.28,196.5,8328402.0
2024-07-11,194.91,196.8,194.08,196.15,10666937.0
2024-07-12,192.7,196.15,190.8,193.64,15443431.0
2024-07-15,195.89,200.31,195.42,198.75,10719299.0
2024-07-16,198.7,202.44,196.78,202.32,11556757.0
2024-07-17,202.5,206.26,201.97,205.57,11572283.0
2024-07-18,204.33,205.335,197.935,198.68,12414539.0
2024-07-19,199.9,201.05,197.62,198.48,8095675.0
2024-07-22,199.16,200.87,198.41,198.98,7663180.0
2024-07-23,199.72,200.175,198.0527,199.03,5556483.0
2024-07-24,198.25,200.73,196.77,197.29,7118078.0
2024-07-25,197.35,198.89,196.75,197.37,6403206.0
2024-07-26,197.94,201.86,197.32,200.94,8027155.0
2024-07-29,201.35,202.31,199.245,199.55,6533635.0
2024-07-30,201.93,204.49,201.66,203.89,8850583.0
2024-07-31,203.48,205.09,201.37,201.5,9071515.0
2024-08-01,201.9,202.53,195.08,196.66,10918644.0
2024-08-02,192.58,193.37,185.59,187.84,18041541.0
2024-08-05,182.75,184.8699,179.6,183.6,13926960.0
2024-08-06,184.1,191.3,182.7,189.04,10605416.0
2024-08-07,192.21,194.45,188.9,189.1,9204309.0
2024-08-08,191.17,193.61,190.49,192.76,7761191.0
2024-08-09,192.17,195.17,191.6,194.5,5539921.0
2024-08-12,195.11,195.84,192.36,194.89,6935898.0
2024-08-13,196.43,196.79,194.1,196.64,6387549.0
2024-08-14,196.44,199.455,195.82,198.94,6999772.0
2024-08-15,201.7,202.59,199.8,200.25,7000887.0
2024-08-16,200.39,202.79,200.285,202.67,7930948.0
2024-08-19,202.7,204.23,202.52,204.15,6090349.0
2024-08-20,203.7,204.7,202.38,203.22,5639892.0
2024-08-21,203.13,203.7,201.54,203.3,5202273.0
2024-08-22,203.28,205.5,203.035,205.33,5246804.0
2024-08-23,206.3,207.89,205.2,207.01,7213981.0
2024-08-26,207.71,208.38,206.75,207.87,5105221.0
2024-08-27,208.21,209.12,207.89,208.88,5184988.0
2024-08-28,207.95,210.91,207.89,209.99,6506374.0
2024-08-29,210.85,211.68,207.64,210.91,6416143.0
2024-08-30,211.2,214.18,210.63,213.5,8574046.0
2024-09-03,211.0,212.8,207.94,209.0,8955880.0
2024-09-04,209.74,210.77,205.91,208.03,7389014.0
2024-09-05,208.85,209.5,204.73,206.33,8067874.0
2024-09-06,206.3,207.44,199.79,201.16,7776291.0
2024-09-09,203.89,206.85,202.875,205.51,8935012.0
2024-09-10,207.3,207.34,189.31,194.26,28406878.0
2024-09-11,193.95,196.4,190.531,195.93,13658741.0
2024-09-12,196.35,197.48,193.59,195.3,9055368.0
2024-09-13,195.56,196.5482,191.72,193.02,10226641.0
2024-09-16,194.53,196.91,194.29,196.56,8634913.0
2024-09-17,196.43,198.63,196.36,197.95,7573010.0
2024-09-18,197.71,200.0361,195.4,196.23,8259824.0
2024-09-19,198.48,200.61,196.04,199.18,11635031.0
2024-09-20,198.63,200.115,198.2,199.79,20884803.0
2024-09-23,199.7,200.5,198.69,200.14,7223202.0
2024-09-24,199.85,201.65,199.07,200.29,7323185.0
2024-09-25,200.38,200.94,197.31,198.89,8976520.0
2024-09-26,199.83,200.4,197.71,198.48,7807215.0
2024-09-27,199.35,201.14,198.03,199.2,7032391.0
2024-09-30,195.01,199.66,193.96,199.56,8668310.0
2024-10-01,197.6,197.79,194.89,195.74,8540059.0
2024-10-02,195.78,197.65,194.39,195.99,5810908.0
2024-10-03,194.87,195.19,193.04,193.93,7251320.0
2024-10-04,199.25,201.62,196.86,201.17,10213093.0
2024-10-07,200.98,203.28,199.64,200.88,6718898.0
2024-10-08,200.53,201.28,198.33,200.7,6021670.0
2024-10-09,199.65,204.19,199.33,203.37,7023714.0
2024-10-10,204.76,204.76,201.42,202.79,7927049.0
2024-10-11,205.62,214.5799,205.11,212.24,18320606.0
2024-10-14,213.15,213.65,208.83,211.43,9048925.0
2024-10-15,213.61,215.4,211.77,212.34,9235452.0
2024-10-16,212.28,213.63,210.99,213.59,6382477.0
2024-10-17,214.22,215.8,213.26,214.37,6470184.0
2024-10-18,214.95,215.87,213.05,215.32,7000473.0
2024-10-21,215.17,215.65,212.85,212.95,5869959.0
2024-10-22,212.97,215.23,211.05,214.07,9586720.0
2024-10-23,213.61,214.7499,212.48,213.36,6180480.0
2024-10-24,211.78,215.01,211.61,214.93,6002201.0
2024-10-25,214.95,215.57,210.825,212.26,6369629.0
2024-10-28,213.3,215.59,212.9,215.45,6842898.0
2024-10-29,215.16,216.7,212.76,212.85,6579805.0
2024-10-30,212.49,216.26,211.53,214.36,7110869.0
2024-10-31,214.65,215.64,211.77,211.87,7829742.0
2024-11-01,213.51,216.1,212.65,212.89,6923452.0
2024-11-04,212.6,213.71,209.12,209.73,8229237.0
2024-11-05,209.98,211.91,209.95,211.44,5600661.0
2024-11-06,224.95,237.95,224.72,237.01,23987606.0
2024-11-07,234.45,234.52,225.17,226.33,16450766.0
2024-11-08,229.29,229.29,225.73,226.93,9502061.0
2024-11-11,229.95,232.05,228.95,229.24,9016896.0
2024-11-12,230.5,231.41,228.71,229.51,6860929.0
2024-11-13,230.53,234.04,230.26,231.11,11472038.0
2024-11-14,232.365,234.24,231.0,231.82,10172190.0
2024-11-15,231.41,236.37,231.41,235.26,11518833.0
2024-11-18,237.71,237.88,232.63,234.98,9052339.0
2024-11-19,232.2,235.1009,231.5,233.04,6792660.0
2024-11-20,234.35,234.56,228.59,230.73,9014946.0
2024-11-21,233.18,235.44,232.055,234.71,8783346.0
2024-11-22,233.56,239.1,232.9847,238.5,7996950.0
2024-11-25,239.54,244.26,239.01,240.24,10293900.0
2024-11-26,240.44,240.95,238.29,239.92,6211861.0
2024-11-27,239.3,241.14,238.721,239.74,5472225.0
2024-11-29,239.81,241.72,239.395,239.67,5307047.0
2024-12-02,239.5,240.2,234.98,236.2,8899741.0
2024-12-03,238.18,238.99,234.58,234.77,6657246.0
2024-12-04,234.65,235.295,232.18,233.35,7345916.0
2024-12-05,235.34,237.13,234.57,235.43,6572535.0
2024-12-06,235.65,237.69,234.79,237.31,5519348.0
2024-12-09,237.08,237.8199,233.71,233.76,7075881.0
2024-12-10,233.84,237.91,232.17,232.81,9108217.0
2024-12-11,233.95,234.22,232.13,233.48,7883847.0
2024-12-12,232.95,234.05,230.99,231.48,6113373.0
2024-12-13,232.02,232.665,229.0937,229.89,10392672.0
2024-12-16,230.56,230.62,227.47,229.53,9031210.0
2024-12-17,228.6,228.97,226.58,228.31,8083632.0
2024-12-18,228.95,229.02,219.48,220.32,11321990.0
2024-12-19,222.22,226.31,222.22,222.91,11790586.0
2024-12-20,221.87,229.16,221.5377,227.55,32348310.0
2024-12-23,226.02,228.57,224.83,228.34,8611358.0
2024-12-24,229.38,232.4422,229.02,232.26,3628082.0
2024-12-26,231.38,233.21,230.74,233.09,4452093.0
2024-12-27,232.67,233.34,229.99,231.12,5730216.0
2024-12-30,228.72,230.79,227.06,229.27,5723447.0
2024-12-31,230.0,231.3893,228.98,229.66,4870753.0
2025-01-02,230.87,233.226,229.4,229.95,9220820.0
2025-01-03,233.84,234.83,230.21,233.23,9490771.0
2025-01-06,234.895,236.89,231.78,232.05,9917819.0
2025-01-07,233.34,236.46,232.1,234.37,8752963.0
2025-01-08,233.95,235.45,231.7,234.33,8675155.0
2025-01-10,234.29,235.01,229.94,231.07,10256638.0
2025-01-13,230.87,235.74,230.2,235.41,10005186.0
2025-01-14,233.86,238.92,233.39,238.67,12407384.0
2025-01-15,241.6,244.8699,234.88,243.55,18448388.0
2025-01-16,245.2,248.235,243.53,245.47,15292346.0
2025-01-17,245.34,251.82,243.34,250.36,17677818.0
2025-01-21,251.27,255.45,250.7037,254.23,13711586.0
2025-01-22,254.1,254.58,251.45,254.04,9021786.0
2025-01-23,255.89,258.0599,255.01,257.15,10749500.0
2025-01-24,254.89,258.3,254.21,256.04,7665588.0
2025-01-27,255.37,257.17,253.46,257.05,7522255.0
2025-01-28,257.05,258.53,256.0301,258.34,7375168.0
2025-01-29,258.41,261.88,256.81,257.78,7684286.0
2025-01-30,259.83,260.9,257.8201,259.43,8753466.0
2025-01-31,260.43,262.02,258.16,258.5,7196000.0
2025-02-03,253.03,259.365,252.9009,258.01,8380915.0
2025-02-04,261.04,261.04,258.03,259.14,5625962.0
2025-02-05,260.11,261.84,259.53,261.63,5704414.0
2025-02-06,263.65,268.18,262.39,268.1,7264262.0
2025-02-07,268.47,269.75,265.915,267.0,6857874.0
2025-02-10,267.35,267.38,260.79,262.24,8627269.0
2025-02-11,261.46,267.42,260.86,266.19,7196376.0
2025-02-12,265.28,267.65,264.45,266.65,6683886.0
2025-02-13,266.7,268.17,265.01,267.52,8398549.0
2025-02-14,268.57,270.4334,267.65,267.79,5688568.0
2025-02-18,267.96,271.17,267.22,271.15,7919176.0
2025-02-19,269.58,271.45,268.42,270.45,7007239.0
2025-02-20,269.875,269.94,256.935,258.0,13846597.0
2025-02-21,259.52,260.3955,254.04,255.44,12835517.0
2025-02-24,256.69,258.2,249.81,252.54,10372547.0
2025-02-25,253.43,254.2,244.55,248.6,9608095.0
2025-02-26,248.36,252.1115,248.13,249.99,5942933.0
2025-02-27,251.38,254.84,249.06,250.25,8204237.0
2025-02-28,251.93,256.01,249.09,255.85,10466492.0
2025-03-03,255.2,257.52,249.02,251.82,9057818.0
2025-03-04,246.48,248.43,237.15,241.45,13465429.0
2025-03-05,242.45,244.25,239.03,242.73,7861247.0
2025-03-06,239.31,240.56,235.05,237.74,9983135.0
2025-03-07,236.43,237.92,230.62,233.48,20498594.0
2025-03-10,227.41,228.71,219.895,223.42,18887178.0
2025-03-11,222.945,224.52,217.89,220.34,18142931.0
2025-03-12,225.2,225.52,218.46,219.1,16053697.0
2025-03-13,220.5,220.7,215.43,216.39,16467617.0
2025-03-14,219.32,224.343,218.78,223.64,11962086.0
2025-03-17,222.38,226.8695,221.655,225.13,9585811.0
2025-03-18,225.52,227.37,224.72,226.17,10344579.0
2025-03-19,226.94,233.53,226.09,230.31,10120088.0
2025-03-20,227.76,232.96,227.4,230.21,8328485.0
2025-03-21,229.01,233.5,227.7,232.83,19326730.0
2025-03-24,236.68,239.89,235.61,239.26,9422232.0
2025-03-25,240.51,243.02,238.8247,242.33,9287694.0
2025-03-26,243.8,245.87,240.98,242.23,12785215.0
2025-03-27,240.725,241.84,238.38,239.32,8022246.0
2025-03-28,238.14,240.705,232.31,234.05,11978400.0
2025-03-31,230.61,237.06,228.5643,236.5,13602181.0
2025-04-01,233.82,236.89,232.0818,234.86,8054525.0
2025-04-02,232.8,238.445,232.66,237.02,7758599.0
2025-04-03,225.47,226.34,218.5,219.89,17188391.0
2025-04-04,207.905,210.3,201.53,202.88,27170684.0
2025-04-07,198.37,214.653,194.76,207.04,22914286.0
2025-04-08,216.12,220.4378,205.85,209.47,19485206.0
2025-04-09,205.1,230.08,203.6,226.94,24022272.0
2025-04-10,222.6,222.9499,212.7,219.71,18896237.0
2025-04-11,218.91,231.175,217.6,228.8,20284325.0
2025-04-14,229.7,232.38,226.2301,227.32,13017689.0
2025-04-15,228.7,231.25,225.42,225.73,10912801.0
2025-04-16,224.6,226.18,220.53,222.21,9322139.0
2025-04-17,223.4,226.94,223.15,224.56,9557725.0
2025-04-21,223.23,224.41,218.936,221.59,8716122.0
2025-04-22,224.58,228.59,223.97,228.19,10701368.0
2025-04-23,232.82,239.39,232.6,233.48,14126357.0
2025-04-24,232.34,238.0695,230.18,237.24,9055123.0
2025-04-25,237.25,238.22,234.35,236.15,8588090.0
2025-04-28,237.16,239.4437,233.44,235.82,7394266.0
2025-04-29,234.79,237.85,234.29,237.22,7216598.0
2025-04-30,233.81,237.82,231.03,237.22,12991125.0
2025-05-01,235.44,241.05,234.77,239.49,8689344.0
2025-05-02,243.86,246.2187,242.0629,245.11,7164955.0
2025-05-05,243.78,247.76,243.1901,245.16,5450535.0
2025-05-06,242.6,245.25,241.6,241.85,6369821.0
2025-05-07,242.45,245.05,241.43,241.99,8723885.0
2025-05-08,244.17,248.48,244.15,246.07,8319954.0
2025-05-09,247.1,248.11,244.94,245.68,5087635.0
2025-05-12,255.5,256.2,251.3,252.65,9603709.0
2025-05-13,253.63,256.27,252.99,255.61,8588954.0
2025-05-14,255.6,259.24,254.89,258.24,8643000.0
2025-05-15,259.57,262.12,257.36,260.09,9214418.0
2025-05-16,260.1,261.0593,257.31,260.16,8932515.0
2025-05-19,258.15,260.92,254.53,257.48,12144994.0
2025-05-20,255.12,259.26,254.9,258.28,8436277.0
2025-05-21,256.95,258.25,253.3263,253.64,7463997.0
2025-05-22,252.04,254.9,251.4687,253.27,6514113.0
2025-05-23,249.41,254.59,248.6001,253.31,6671617.0
2025-05-27,254.64,257.9,254.59,257.89,7506410.0
2025-05-28,258.84,259.32,255.5,256.09,5535408.0
2025-05-29,257.4,258.0099,255.13,256.97,5081962.0
2025-05-30,256.05,257.93,255.325,256.6,10977347.0
2025-06-02,255.62,257.63,254.5,257.26,6010988.0
2025-06-03,256.33,259.18,255.48,258.87,6998070.0
2025-06-04,258.52,259.72,256.78,256.82,5915255.0
2025-06-05,257.34,257.34,252.91,254.55,8178871.0
2025-06-06,256.93,259.25,256.86,258.33,7737630.0
2025-06-09,258.6,260.5,255.95,259.34,8284832.0
2025-06-10,258.48,261.5,258.45,261.2,7538133.0
2025-06-11,261.28,262.2199,258.3862,260.75,7433955.0
2025-06-12,259.46,260.89,257.74,260.84,6617658.0
2025-06-13,257.68,259.62,255.31,257.55,7098202.0
2025-06-16,259.6,264.33,259.45,262.96,8566009.0
2025-06-17,260.77,263.19,260.4,262.12,6739262.0
2025-06-18,262.6,270.32,262.32,266.56,9586332.0
2025-06-20,268.17,269.9,266.4119,267.6,13969606.0
2025-06-23,267.66,271.15,264.7128,270.87,8094450.0
2025-06-24,272.81,275.315,272.11,273.86,9267584.0
2025-06-25,274.1,276.88,273.51,276.66,6826519.0
2025-06-26,277.3,282.01,277.07,281.35,8941845.0
2025-06-27,278.41,281.2962,277.64,279.71,17868573.0
2025-06-30,283.0,285.25,281.52,282.51,12688048.0
2025-07-01,283.49,283.73,279.19,283.01,9337971.0
2025-07-02,284.64,285.422,282.3,284.6,8158690.0
2025-07-03,286.15,290.4,285.21,290.0,6441022.0
2025-07-07,289.25,290.04,284.08,285.97,8825670.0
2025-07-08,283.275,283.7,274.31,276.78,15440854.0
2025-07-09,281.18,281.195,276.48,277.16,11273801.0
2025-07-10,277.0,282.31,277.0,282.19,8413847.0
2025-07-11,279.52,281.38,277.655,280.86,7384617.0
2025-07-14,281.07,283.3,279.2556,282.7,9079488.0
2025-07-15,282.0,285.95,279.48,280.55,12525978.0
2025-07-16,282.4,284.73,277.01,279.82,9979701.0
2025-07-17,277.44,284.2965,277.44,283.9,8509276.0
2025-07-18,283.52,286.5,282.23,285.27,12216939.0
2025-07-21,285.0,288.18,284.58,284.97,7898059.0
2025-07-22,285.5,287.625,283.18,285.43,6717246.0
2025-07-23,286.84,290.99,286.55,290.76,7083408.0
2025-07-24,291.42,293.5899,290.2,290.55,7001065.0
2025-07-25,290.7,292.9,289.955,292.62,5918766.0
2025-07-28,291.66,293.43,290.82,292.28,5840096.0
2025-07-29,294.0,295.2931,290.2,291.04,7635706.0
2025-07-30,291.42,294.61,291.38,293.63,8060973.0
2025-07-31,293.14,294.975,289.5,290.24,14749519.0
2025-08-01,284.4,285.795,278.2376,283.37,12006783.0
2025-08-04,284.26,288.32,284.26,288.26,6648665.0
2025-08-05,288.69,289.785,281.24,285.37,7182038.0
2025-08-06,286.3,287.29,284.16,285.35,6330153.0
2025-08-07,286.94,287.46,280.41,280.94,8056507.0
2025-08-08,282.98,285.23,278.706,282.76,6634275.0
2025-08-11,283.4,285.32,282.78,283.56,5510113.0
2025-08-12,285.5,288.75,284.34,286.85,8571763.0
2025-08-13,287.95,288.55,281.16,284.53,8420277.0
2025-08-14,284.58,288.2,283.6391,288.16,6322224.0
2025-08-15,288.84,289.5,283.82,284.49,7340480.0
2025-08-18,284.0,285.9,282.41,285.53,5386853.0
2025-08-19,284.83,286.48,283.53,284.66,6031510.0
2025-08-20,284.81,287.33,281.27,286.24,7374243.0
2025-08-21,285.94,286.7661,283.4725,285.47,6623972.0
2025-08-22,287.2,291.16,284.13,290.24,8552847.0
2025-08-25,290.24,291.3475,288.14,288.9,5855785.0
2025-08-26,288.16,292.74,287.5001,292.57,6714507.0
2025-08-27,291.25,295.07,291.04,293.28,6056402.0
2025-08-28,294.025,295.2399,292.7,295.07,6410331.0
2025-08-29,296.04,296.95,293.73,295.42,6796354.0
2025-09-02,294.26,294.455,288.5,293.7,7221706.0
2025-09-03,294.57,294.57,290.38,293.51,6316524.0
2025-09-04,294.0,298.43,292.28,297.82,6605775.0
2025-09-05,297.65,299.15,288.31,288.38,9837689.0
2025-09-08,288.89,290.46,285.44,286.91,8187987.0
2025-09-09,286.6,293.0,286.31,291.85,7848196.0
2025-09-10,290.7,295.54,289.4,294.54,7787302.0
2025-09-11,295.24,299.73,294.7925,299.56,7942489.0
2025-09-12,299.0,301.55,297.695,300.91,6846185.0
2025-09-15,301.17,303.95,301.17,302.9,7121793.0
2025-09-16,304.0,304.9,301.1347,303.19,10525557.0
2025-09-17,304.39,306.91,302.7722,305.75,8657701.0
2025-09-18,305.79,307.44,303.61,307.23,8050365.0
2025-09-19,307.6,309.8,303.12,308.78,23568312.0
2025-09-22,303.8,307.7,303.555,306.44,7519987.0
2025-09-23,305.815,310.3141,304.58,306.74,8584308.0
2025-09-24,308.05,310.5773,305.665,307.42,7310495.0
2025-09-25,308.12,309.65,305.8,307.45,7083130.0
2025-09-26,308.9,311.81,307.704,310.06,7257883.0
2025-09-29,311.06,312.01,307.66,309.69,6462146.0
2025-09-30,310.25,311.41,304.11,309.43,11823255.0
2025-10-01,307.97,308.59,301.41,304.71,9235076.0
2025-10-02,304.0,304.56,300.14,301.55,7599883.0
2025-10-03,302.51,305.66,302.21,304.03,6029784.0
2025-10-06,305.68,307.2474,300.6301,304.68,7214471.0
2025-10-07,304.85,305.51,300.2,303.19,8454121.0
2025-10-08,303.71,304.2832,299.05,299.53,6489878.0
2025-10-09,300.55,303.535,298.8947,301.03,7060030.0
2025-10-10,301.16,305.97,296.31,296.39,8597142.0
2025-10-13,301.1,304.96,300.95,303.47,10788680.0
2025-10-14,301.34,302.5,289.71,297.58,16178619.0
2025-10-15,301.89,307.6199,300.94,301.19,11354778.0
2025-10-16,300.85,304.1799,292.57,294.04,10548984.0
2025-10-17,294.66,295.05,289.7,293.06,10153137.0
2025-10-20,294.0,299.19,293.6601,297.86,6894844.0
2025-10-21,297.16,299.55,292.5,292.59,7372438.0
2025-10-22,293.27,293.5599,286.0448,289.61,8054021.0
2025-10-23,289.88,291.8699,288.01,290.04,5438730.0
2025-10-24,291.58,298.1,290.95,295.94,7228231.0
2025-10-27,297.66,300.03,296.51,299.65,5642087.0
2025-10-28,300.36,303.4674,298.66,300.86,6335576.0
2025-10-29,299.01,303.745,298.51,301.01,7519080.0
2025-10-30,301.29,308.11,300.6,304.94,7514477.0
2025-10-31,304.04,308.37,302.75,306.62,7721190.0
2025-11-03,306.5,307.82,301.71,304.85,7769992.0
2025-11-04,302.21,307.72,300.6,304.75,7085080.0
2025-11-05,305.11,308.6,301.13,307.18,6865185.0
2025-11-06,306.49,310.34,305.76,308.92,7206050.0
2025-11-07,307.39,309.93,303.142,309.71,7302300.0
2025-11-10,310.5,315.055,309.71,312.39,5794451.0
2025-11-11,313.0,314.55,310.78,311.12,5030216.0
2025-11-12,311.76,317.75,311.71,315.91,10578142.0
2025-11-13,314.73,316.1325,304.6,304.98,8973197.0
2025-11-14,303.01,303.14,296.73,299.11,10326979.0
2025-11-17,299.5,301.09,293.1714,295.87,8344000.0
2025-11-18,295.0,298.445,292.52,294.91,8077289.0
2025-11-19,295.24,299.9499,294.765,298.77,5546504.0
2025-11-20,301.84,305.42,293.66,293.88,7501523.0
2025-11-21,296.79,297.18,288.3101,293.52,11766638.0
2025-11-24,293.74,295.32,290.01,293.5,10940105.0
2025-11-25,295.55,300.0,291.06,298.5,8876776.0
2025-11-26,300.5,304.025,298.7,303.14,7910849.0
2025-11-28,304.6,309.22,303.74,308.58,4273562.0
2025-12-01,308.45,309.54,304.04,304.42,7727219.0
2025-12-02,304.24,305.98,302.59,303.38,7248893.0
2025-12-03,302.7,307.86,302.3,307.63,8535260.0
2025-12-04,308.76,313.99,308.5,311.6,9627812.0
2025-12-05,311.14,313.98,310.18,310.54,6518856.0
2025-12-08,310.56,311.97,308.8501,310.71,7417187.0
2025-12-09,310.45,314.3,295.52,296.01,18049203.0
2025-12-10,296.0,306.69,293.96,305.61,18874092.0
2025-12-11,304.74,313.5,304.74,312.88,9721700.0
2025-12-12,315.18,315.77,312.1013,314.02,8982899.0
2025-12-15,315.09,318.38,313.89,315.52,10864039.0
2025-12-16,314.59,315.02,309.9,311.05,8331182.0
2025-12-17,313.93,314.87,310.16,310.48,8718637.0
2025-12-18,311.5,313.2,307.72,308.5,11444845.0
2025-12-19,309.29,314.06,308.69,312.71,24494405.0
2025-12-22,313.01,318.73,313.01,318.59,8354578.0
2025-12-23,319.11,323.28,318.59,321.43,6668263.0
2025-12-24,321.74,325.49,321.0014,324.67,3971543.0
2025-12-26,324.61,326.36,322.04,323.41,4158252.0
2025-12-29,322.5,323.27,319.03,319.25,8635336.0
2025-12-30,320.31,320.44,317.99,318.92,7904263.0
2025-12-31,319.84,320.375,317.54,317.72,5048171.0
2026-01-02,318.0,321.23,316.24,320.98,8053996.0
2026-01-05,321.0,332.75,320.69,329.54,10752619.0
2026-01-06,329.62,332.87,327.65,331.61,7660782.0
2026-01-07,328.14,329.1499,321.6,323.99,9815213.0
2026-01-08,323.39,328.4,322.65,326.79,11737028.0
2026-01-09,326.34,328.9,325.17,326.19,6738105.0
2026-01-12,318.884,323.02,318.23,321.49,12804944.0
2026-01-13,321.3,323.86,307.572,307.9,19370995.0
2026-01-14,305.2,308.76,303.12,304.87,25951387.0
2026-01-15,305.47,309.94,304.75,306.26,14751372.0
2026-01-16,307.35,314.21,307.0,309.47,14652417.0
2026-01-20,303.21,308.15,298.86,299.74,12900608.0
2026-01-21,300.425,302.4,298.15,299.04,10270010.0
2026-01-22,301.86,305.2,299.9,300.63,10535810.0
2026-01-23,299.0,299.37,293.51,294.72,11107897.0
2026-01-26,294.81,298.775,294.45,298.04,11752635.0
2026-01-27,298.33,298.97,295.15,297.31,11527390.0
2026-01-28,297.27,298.92,295.05,297.77,9556734.0
2026-01-29,299.4,303.83,299.215,303.42,11579987.0
2026-01-30,302.25,304.93,299.555,302.89,11953176.0
2026-02-02,301.46,306.3,298.37,305.14,9839360.0
2026-02-03,306.73,313.25,306.095,311.85,12687881.0
2026-02-04,311.405,316.305,311.405,314.27,9848659.0
2026-02-05,312.0,313.01,302.54,307.16,9387933.0
2026-02-06,311.71,321.245,311.71,319.4,17797391.0
2026-02-09,318.34,323.4,317.1149,319.1,11477456.0
2026-02-10,319.55,323.125,312.1201,315.28,9902224.0
2026-02-11,320.24,322.28,305.7301,307.82,8703515.0
2026-02-12,309.275,310.615,297.02,299.64,13443363.0
2026-02-13,295.52,301.29,293.52,299.55,9114442.0
2026-02-17,299.76,305.24,299.5,304.13,8896723.0
2026-02-18,305.46,309.28,304.22,305.78,7209550.0
2026-02-19,304.17,306.18,302.12,305.05,6737704.0
2026-02-20,305.4,308.0,302.68,307.79,7792725.0
2026-02-23,305.8,308.0,292.1,294.67,12955283.0
2026-02-24,293.82,296.75,288.38,294.3,13554094.0
2026-02-25,295.64,300.6599,294.01,300.3,8095449.0
2026-02-26,301.58,306.01,300.64,303.13,7007577.0
2026-02-27,297.0,299.95,291.45,297.3,18620779.0
2026-03-02,291.81,296.9799,290.21,294.56,8508899.0
2026-03-03,289.285,299.39,286.5,297.26,10278209.0
2026-03-04,296.99,298.0,292.82,296.39,8055663.0
2026-03-05,294.98,298.24,289.43,290.55,12732457.0
2026-03-06,283.34,286.99,280.71,286.48,13496478.0
2026-03-09,282.5,288.0999,277.45,286.92,12240911.0
2026-03-10,286.29,289.75,284.18,285.73,8344818.0
2026-03-11,285.81,287.4825,281.86,284.52,10204845.0
2026-03-12,279.83,280.88,276.1,279.89,13760465.0
2026-03-13,281.665,284.19,279.95,280.44,9091179.0
2026-03-16,283.34,286.2699,281.61,283.16,8148970.0
2026-03-17,286.0,288.76,282.95,283.89,8961013.0
2026-03-18,283.83,286.405,282.1223,284.74,10056940.0
2026-03-19,283.88,286.51,281.62,284.97,9846592.0
2026-03-20,285.08,287.71,282.27,283.56,22436492.0
2026-03-23,291.31,292.75,284.97,286.91,11470779.0
2026-03-24,283.17,292.48,282.3701,289.4,11092318.0
2026-03-25,291.15,294.64,289.44,292.42,12188109.0
2026-03-26,289.58,291.9899,287.73,288.66,8669131.0
2026-03-27,286.14,287.11,278.75,279.84,9873287.0
2026-03-30,281.74,284.25,279.33,280.77,11734351.0
2026-03-31,285.47,292.072,281.945,291.16,12956878.0
2026-04-01,292.39,295.72,289.91,292.38,11267130.0
2026-04-02,288.91,292.62,285.72,291.6,6669226.0
2026-04-06,292.56,295.33,291.695,293.95,7142419.0
2026-04-07,291.64,296.68,291.1982,295.9,7848827.0
2026-04-08,306.47,309.76,303.83,306.47,10589908.0
2026-04-09,305.45,309.76,304.61,308.83,6586601.0
2026-04-10,308.5,308.85,305.22,308.37,6069689.0
2026-04-13,305.97,312.24,303.9571,312.18,8318218.0
2026-04-14,308.32,312.82,307.37,309.62,11455392.0
2026-04-15,312.45,312.74,302.76,304.43,9885746.0
2026-04-16,303.85,308.45,303.7,308.45,8208592.0
2026-04-17,310.97,313.4,308.59,308.79,11082336.0
2026-04-20,309.35,315.63,308.87,315.49,10772003.0
2026-04-21,315.99,318.735,311.25,311.5,7084233.0
2026-04-22,313.35,313.6486,310.4404,311.52,5545768.0
2026-04-23,312.02,313.49,307.39,310.19,6969598.0
2026-04-24,309.65,309.65,306.39,306.78,5215315.0
2026-04-27,305.38,311.08,305.38,310.13,7925257.0
2026-04-28,313.7,313.95,309.67,309.95,7398596.0
2026-04-29,309.07,310.545,305.79,307.75,8031458.0
2026-04-30,305.57,312.6,305.07,311.73,8865386.0
2026-05-01,312.45,314.58,310.33,310.97,6135358.0
2026-05-04,309.12,309.15,305.01,306.15,7338140.0
2026-05-05,306.21,309.47,305.3,307.9,6316845.0
2026-05-06,309.95,314.7595,309.85,313.4,8629538.0
2026-05-07,313.15,314.8,304.64,304.77,8359503.0
2026-05-08,306.75,307.49,299.0,300.6,9464041.0
2026-05-11,300.6,301.69,297.38,298.5,9511957.0
2026-05-12,298.52,304.5624,294.05,303.38,9498214.0
2026-05-13,300.77,301.5,298.5709,298.75,7709503.0
2026-05-14,300.75,302.2504,297.31,298.41,7364168.0
2026-05-15,298.705,299.29,294.95,296.31,8699109.0
2026-05-18,296.5,299.76,295.72,299.23,7546210.0
2026-05-19,299.59,300.29,293.76,294.2,8066921.0
2026-05-20,295.2,301.425,292.17,300.48,9326969.0
2026-05-21,299.73,302.475,298.71,301.5,7874377.0
2026-05-22,303.18,305.95,302.34,304.88,5978547.0
2026-05-26,306.99,308.43,303.94,305.24,7731812.0
2026-05-27,303.5,304.4,294.25,297.78,11785431.0
2026-05-28,296.07,299.57,294.25,295.23,9766204.0
2026-05-29,294.9,298.38,293.695,297.81,13973630.0
2026-06-01,296.19,298.05,293.77,295.08,7929968.0
2026-06-02,295.0,300.57,293.77,299.46,8296165.0
2026-06-03,298.42,300.46,295.06,299.35,7003776.0
2026-06-04,304.24,311.41,302.94,309.39,10345100.0
2026-06-05,312.79,313.5,308.1,310.87,9118739.0
2026-06-08,311.75,314.795,309.28,309.61,6826794.0
2026-06-09,312.01,314.915,307.51,311.2,11594520.0
2026-06-10,311.06,313.25,307.53,307.64,7446182.0
2026-06-11,308.06,313.22,307.38,311.99,9116607.0
2026-06-12,314.47,319.8,314.05,319.22,7426149.0
2026-06-15,322.42,324.42,317.34,317.9,7988878.0
2026-06-16,322.8,330.25,322.52,329.64,11094868.0
2026-06-17,330.68,336.27,330.0,331.96,12246449.0
2026-06-18,335.45,336.59,322.66,323.72,20110987.0
2026-06-22,328.2,331.27,325.25,329.98,10182364.0
2026-06-23,327.97,333.87,325.71,332.64,7582190.0
2026-06-24,331.57,333.03,328.27,331.95,7907442.0
2026-06-25,333.46,341.9485,333.26,333.62,10049317.0
2026-06-26,334.5,334.9,326.0,327.55,17640907.0
2026-06-29,326.78,330.89,325.7,327.89,7981609.0
2026-06-30,327.39,328.9372,325.18,325.83,8080007.0
2026-07-01,326.865,334.14,323.51,332.57,15210065.0
2026-07-02,336.52,338.5,330.27,332.97,8415320.0
2026-07-06,335.0,339.715,334.11,337.72,8673482.0
2026-07-07,340.975,341.4,337.09,339.22,7115581.0
2026-07-08,336.53,336.53,330.13,330.62,18505240.0
2026-07-09,331.46,337.0,330.8053,335.47,15570584.0
2026-07-10,337.47,338.5859,335.77,336.47,6299020.0
2026-07-13,338.34,338.35,332.5001,334.53,7120227.0
2026-07-14,327.0,344.73,325.75,342.89,14537905.0
2026-07-15,345.845,351.24,344.05,346.91,10749969.0
2026-07-16,349.28,349.34,341.11,343.15,12432328.0
2026-07-17,339.03,346.125,335.05,341.1,9250847.0
2026-07-20,341.8,344.26,337.37,338.87,7723265.0
2026-07-21,340.115,345.735,337.3,345.23,6015282.0
2026-07-22,345.07,349.07,344.2501,348.21,8040217.0
2026-07-23,346.58,349.92,345.42,349.9,10912968.0
2026-07-24,350.64,353.37,347.5,353.21,7520824.0
