date,open,high,low,close,volume
1986-01-02,-0.79,-0.665,-1.1975,-1.1025,12158400.0
1986-01-03,-1.1025,-0.915,-1.165,-1.04,5308800.0
1986-01-06,-1.04,-0.915,-1.135,-1.04,5352000.0
1986-01-07,-1.04,-0.6975,-1.04,-0.6975,11481600.0
1986-01-08,-0.6975,-0.665,-1.3525,-1.3525,15825600.0
1986-01-09,-1.3525,-1.3525,-1.79,-1.54,17812800.0
1986-01-10,-1.54,-1.4475,-1.6975,-1.5725,7752000.0
1986-01-13,-1.6025,-1.6025,-2.01,-1.885,8832000.0
1986-01-14,-1.885,-1.8525,-2.135,-1.9475,20016000.0
1986-01-15,-1.9475,-1.8525,-2.01,-1.915,15182400.0
1986-01-16,-1.915,-1.915,-2.3225,-1.915,23395200.0
1986-01-17,-1.915,-1.7275,-2.01,-1.8225,24681600.0
1986-01-20,-1.8225,-1.8225,-2.1975,-2.04,7176000.0
1986-01-21,-2.04,-1.9475,-2.3525,-2.2275,6724800.0
1986-01-22,-2.2275,-2.1975,-2.7275,-2.665,9528000.0
1986-01-23,-2.665,-2.135,-2.665,-2.165,11040000.0
1986-01-24,-2.165,-1.76,-2.3525,-1.8525,14702400.0
1986-01-27,-1.8525,-1.76,-1.915,-1.885,7920000.0
1986-01-28,-1.8525,-1.54,-1.8525,-1.54,14865600.0
1986-01-29,-1.4775,-0.8225,-1.4775,-1.165,17308800.0
1986-01-30,-1.165,-1.135,-1.3525,-1.26,13608000.0
1986-01-31,-1.26,-0.8525,-1.29,-0.9475,17462400.0
1986-02-03,-0.9475,-0.6025,-1.01,-0.6975,13281600.0
1986-02-04,-0.6975,-0.3525,-0.76,-0.51,17548800.0
1986-02-05,-0.51,-0.4775,-0.76,-0.54,11592000.0
1986-02-06,-0.54,-0.4775,-0.79,-0.635,16665600.0
1986-02-07,-0.635,-0.635,-1.3525,-0.7275,24057600.0
1986-02-10,-0.7275,-0.4775,-0.76,-0.4775,8078400.0
1986-02-11,-0.51,-0.51,-0.79,-0.635,6604800.0
1986-02-12,-0.635,-0.635,-0.8525,-0.8225,5630400.0
1986-02-13,-0.8225,-0.54,-1.3225,-0.54,9345600.0
1986-02-14,-0.54,-0.3525,-0.665,-0.415,13881600.0
1986-02-18,-0.415,0.085,-0.415,0.085,12676800.0
1986-02-19,0.085,0.085,-0.3225,-0.29,11443200.0
1986-02-20,-0.29,0.6775,-0.29,0.6475,16814400.0
1986-02-21,0.6475,1.0225,0.585,1.0225,28584000.0
1986-02-24,1.0225,1.1475,0.8025,1.0525,13881600.0
1986-02-25,1.0525,1.085,0.7725,0.99,10281600.0
1986-02-26,0.99,1.4275,0.9275,1.21,11640000.0
1986-02-27,1.335,2.6475,1.335,2.46,18547200.0
1986-02-28,2.46,2.49,2.0225,2.1475,12590400.0
1986-03-03,2.1475,2.1475,1.74,1.7725,8947200.0
1986-03-04,1.7725,2.085,1.5225,1.585,15868800.0
1986-03-05,1.585,1.8025,1.4275,1.74,14193600.0
1986-03-06,1.835,2.335,1.835,2.21,12873600.0
1986-03-07,2.24,2.9275,2.24,2.7725,12796800.0
1986-03-10,2.7725,3.085,2.46,3.0525,14596800.0
1986-03-11,3.0525,3.3025,2.9275,3.1475,12705600.0
1986-03-12,3.1475,4.2725,3.0525,3.71,17918400.0
1986-03-13,3.71,4.21,3.46,4.115,14832000.0
1986-03-14,4.21,5.585,4.21,5.2725,33422400.0
1986-03-17,4.835,4.835,4.21,4.71,24484800.0
1986-03-18,4.71,5.21,4.3975,4.835,24192000.0
1986-03-19,4.835,5.21,4.6475,5.0225,18340800.0
1986-03-20,5.0225,5.21,4.835,4.96,16713600.0
1986-03-21,4.96,5.2725,3.8975,3.9275,37411200.0
1986-03-24,4.21,4.5525,4.21,4.3025,19588800.0
1986-03-25,4.3025,4.335,4.085,4.085,9374400.0
1986-03-26,4.1775,4.71,4.1775,4.5525,13022400.0
1986-03-27,4.5525,4.99,4.3975,4.585,13267200.0
1986-03-31,4.585,5.0225,4.335,4.3975,9441600.0
1986-04-01,4.335,4.335,3.7725,3.8025,15691200.0
1986-04-02,3.8025,4.1475,3.5225,4.0525,16828800.0
1986-04-03,4.0525,4.585,3.21,3.49,15172800.0
1986-04-04,3.49,3.8025,2.71,3.085,14942400.0
1986-04-07,3.085,3.2725,2.7725,3.0225,9974400.0
1986-04-08,3.21,3.8975,3.21,3.7725,15734400.0
1986-04-09,3.7725,4.1475,2.835,3.24,17116800.0
1986-04-10,3.24,3.585,3.085,3.335,18268800.0
1986-04-11,3.335,3.585,2.9275,3.1475,16920000.0
1986-04-14,3.1475,4.1475,3.115,4.0525,24038400.0
1986-04-15,4.0525,4.46,3.8975,4.2725,18244800.0
1986-04-16,4.5525,5.585,4.5525,5.5525,23832000.0
1986-04-17,5.835,7.085,5.835,6.865,30268800.0
1986-04-18,6.865,6.8975,6.335,6.335,31608000.0
1986-04-21,6.49,7.3975,6.49,7.335,19353600.0
1986-04-22,7.335,8.085,7.0225,7.46,33153600.0
1986-04-23,7.3975,7.3975,6.71,7.365,12369600.0
1986-04-24,7.365,7.5525,6.835,7.0525,13123200.0
1986-04-25,7.0525,7.085,6.2725,6.9275,17193600.0
1986-04-28,6.96,7.46,6.96,7.46,17457600.0
1986-04-29,7.3975,7.3975,6.71,6.8975,12801600.0
1986-04-30,6.8975,6.96,5.585,5.96,22200000.0
1986-05-01,5.96,6.3975,5.7725,6.335,23721600.0
1986-05-02,6.335,6.6775,5.96,6.0525,18288000.0
1986-05-05,6.0525,6.335,5.335,5.74,13483200.0
1986-05-06,5.74,5.835,4.96,5.46,19094400.0
1986-05-07,5.46,5.46,4.8975,5.24,15648000.0
1986-05-08,5.24,5.3975,5.085,5.3025,12374400.0
1986-05-09,5.21,5.21,4.835,5.085,12062400.0
1986-05-12,5.085,5.4275,5.0225,5.335,11318400.0
1986-05-13,5.335,5.585,5.2725,5.5225,12624000.0
1986-05-14,5.5225,6.1475,5.3975,6.085,21657600.0
1986-05-15,5.8975,5.8975,5.0225,5.085,19560000.0
1986-05-16,5.085,5.21,4.74,4.835,19910400.0
1986-05-19,4.835,5.0525,4.2725,4.3975,17280000.0
1986-05-20,4.3975,4.71,4.24,4.71,16968000.0
1986-05-21,4.71,4.8025,4.49,4.5525,12993600.0
1986-05-22,4.5525,5.335,4.5525,5.335,20908800.0
1986-05-23,5.335,5.46,5.085,5.1775,12201600.0
1986-05-27,5.4275,6.3025,5.4275,6.3025,23702400.0
1986-05-28,6.3025,6.5525,5.96,6.46,20073600.0
1986-05-29,6.46,7.2725,6.21,7.115,16497600.0
1986-05-30,7.115,7.1475,6.71,7.085,16123200.0
1986-06-02,6.9275,6.9275,6.1475,6.49,12571200.0
1986-06-03,6.49,6.865,6.3975,6.6775,18484800.0
1986-06-04,6.6775,6.6775,6.085,6.365,11251200.0
1986-06-05,6.365,6.5225,5.7725,6.335,22156800.0
1986-06-06,6.3975,6.7725,6.3975,6.7725,15657600.0
1986-06-09,6.7725,6.7725,6.3975,6.585,18696000.0
1986-06-10,6.5525,6.5525,5.9275,6.335,21283200.0
1986-06-11,6.335,6.5525,6.115,6.21,19334400.0
1986-06-12,6.24,6.46,6.24,6.4275,15624000.0
1986-06-13,6.5525,7.085,6.5525,6.865,17779200.0
1986-06-16,6.865,7.46,6.7725,7.335,17107200.0
1986-06-17,7.46,7.99,7.46,7.99,21806400.0
1986-06-18,7.9275,7.9275,7.46,7.865,16507200.0
1986-06-19,7.865,7.99,7.615,7.71,13944000.0
1986-06-20,7.71,8.085,7.5225,8.085,22257600.0
1986-06-23,7.9275,7.9275,7.585,7.71,11203200.0
1986-06-24,7.71,8.5225,7.615,8.365,20971200.0
1986-06-25,8.365,8.5525,8.0225,8.1475,16531200.0
1986-06-26,8.1475,8.7725,8.1475,8.615,17505600.0
1986-06-27,8.615,8.8975,8.24,8.5225,12753600.0
1986-06-30,8.5525,9.46,8.5525,9.46,20654400.0
1986-07-01,-10.945,-10.945,-11.415,-11.2275,21312000.0
1986-07-02,-11.0075,-10.695,-11.0075,-10.945,30560000.0
1986-07-03,-10.945,-10.8825,-11.165,-11.04,23824000.0
1986-07-07,-11.04,-11.04,-11.7275,-11.665,20704000.0
1986-07-08,-11.7275,-11.7275,-12.1025,-11.79,26336000.0
1986-07-09,-11.7275,-11.54,-11.7275,-11.54,20160000.0
1986-07-10,-11.54,-11.415,-11.79,-11.6325,16800000.0
1986-07-11,-11.6325,-11.5075,-11.8825,-11.54,14252800.0
1986-07-14,-11.695,-11.695,-11.915,-11.8825,10360000.0
1986-07-15,-11.8825,-11.7275,-11.915,-11.82,33248000.0
1986-07-16,-11.79,-11.4775,-11.79,-11.54,18560000.0
1986-07-17,-11.54,-11.445,-11.79,-11.7575,12937600.0
1986-07-18,-11.7575,-11.445,-11.79,-11.665,14977600.0
1986-07-21,-11.7275,-11.7275,-11.8525,-11.82,8419200.0
1986-07-22,-11.82,-11.6025,-11.8825,-11.665,10067200.0
1986-07-23,-11.665,-11.6325,-11.8525,-11.7575,14984000.0
1986-07-24,-11.7575,-11.6325,-12.0075,-11.8825,13608000.0
1986-07-25,-11.8825,-11.665,-11.8825,-11.7275,7480000.0
1986-07-28,-11.7275,-11.6325,-12.0075,-11.915,9654400.0
1986-07-29,-11.915,-11.915,-12.2575,-12.195,12350400.0
1986-07-30,-12.195,-11.9775,-12.4775,-12.0075,16160000.0
1986-07-31,-12.04,-12.04,-12.195,-12.1325,7267200.0
1986-08-01,-12.1325,-12.1025,-12.3525,-12.3525,7222400.0
1986-08-04,-12.3525,-12.165,-12.6025,-12.195,10158400.0
1986-08-05,-12.195,-12.165,-12.445,-12.415,9220800.0
1986-08-06,-12.415,-12.29,-12.4775,-12.3825,8459200.0
1986-08-07,-12.3825,-12.2275,-12.5075,-12.415,10430400.0
1986-08-08,-12.415,-12.3525,-12.6025,-12.5075,9193600.0
1986-08-11,-12.5075,-12.1025,-12.54,-12.165,10804800.0
1986-08-12,-12.165,-12.04,-12.2575,-12.07,9355200.0
1986-08-13,-12.07,-11.915,-12.195,-11.9775,14524800.0
1986-08-14,-12.0075,-12.0075,-12.2275,-12.165,10859200.0
1986-08-15,-12.165,-12.1025,-12.3825,-12.1025,10600000.0
1986-08-18,-12.165,-12.165,-12.3825,-12.2575,8000000.0
1986-08-19,-12.2575,-12.2575,-12.4775,-12.415,8868800.0
1986-08-20,-12.415,-12.1025,-12.445,-12.1325,12403200.0
1986-08-21,-12.1325,-12.1325,-12.3525,-12.2275,11700800.0
1986-08-22,-12.2275,-12.165,-12.32,-12.2575,5318400.0
1986-08-25,-12.2575,-12.2575,-12.415,-12.3825,7313600.0
1986-08-26,-12.3825,-12.1025,-12.3825,-12.165,12014400.0
1986-08-27,-12.165,-12.165,-12.415,-12.3525,15088000.0
1986-08-28,-12.3525,-12.32,-12.665,-12.6025,18400000.0
1986-08-29,-12.6025,-12.415,-12.6025,-12.445,16800000.0
1986-09-02,-12.445,-12.445,-12.8525,-12.79,13569600.0
1986-09-03,-12.79,-12.695,-12.9775,-12.7575,16160000.0
1986-09-04,-12.7575,-12.665,-12.8525,-12.7575,14888000.0
1986-09-05,-12.7575,-12.7275,-13.165,-13.07,20320000.0
1986-09-08,-13.07,-12.695,-13.165,-12.7275,18080000.0
1986-09-09,-12.7275,-12.445,-12.7275,-12.54,16640000.0
1986-09-10,-12.54,-12.415,-12.665,-12.6025,13337600.0
1986-09-11,-12.7275,-12.7275,-13.6325,-13.2275,25120000.0
1986-09-12,-13.2275,-13.07,-13.57,-13.3525,22080000.0
1986-09-15,-13.3525,-13.165,-13.6325,-13.415,18080000.0
1986-09-16,-13.415,-13.415,-13.695,-13.445,13483200.0
1986-09-17,-13.445,-13.32,-13.665,-13.4775,16640000.0
1986-09-18,-13.4775,-13.3825,-13.665,-13.4775,13667200.0
1986-09-19,-13.54,-13.54,-13.695,-13.665,18880000.0
1986-09-22,-13.665,-13.5075,-13.695,-13.5075,15392000.0
1986-09-23,-13.5075,-13.165,-13.54,-13.32,19360000.0
1986-09-24,-13.32,-13.0075,-13.32,-13.165,17440000.0
1986-09-25,-13.165,-13.165,-13.54,-13.415,13564800.0
1986-09-26,-13.415,-13.29,-13.54,-13.415,10568000.0
1986-09-29,-13.5075,-13.5075,-13.665,-13.57,10318400.0
1986-09-30,-13.57,-13.2275,-13.57,-13.445,13937600.0
1986-10-01,-13.445,-13.195,-13.4775,-13.3825,14716800.0
1986-10-02,-13.3825,-13.1325,-13.415,-13.165,9968000.0
1986-10-03,-13.165,-13.04,-13.32,-13.29,14780800.0
1986-10-06,-13.29,-13.04,-13.3825,-13.04,11788800.0
1986-10-07,-13.04,-13.04,-13.29,-13.2275,7481600.0
1986-10-08,-13.2275,-12.915,-13.32,-13.04,12264000.0
1986-10-09,-13.04,-12.8525,-13.04,-13.0075,13686400.0
1986-10-10,-13.0075,-12.915,-13.07,-12.945,6073600.0
1986-10-13,-12.945,-12.945,-13.07,-12.9775,2457600.0
1986-10-14,-12.9775,-12.915,-13.165,-13.0075,7001600.0
1986-10-15,-13.0075,-12.57,-13.0075,-12.6025,16640000.0
1986-10-16,-12.3525,-12.1025,-12.3525,-12.165,34400000.0
1986-10-17,-12.2275,-12.2275,-12.415,-12.32,13988800.0
1986-10-20,-12.3825,-12.3825,-12.695,-12.4775,10848000.0
1986-10-21,-12.4775,-12.415,-12.6025,-12.5075,6622400.0
1986-10-22,-12.5075,-12.445,-12.54,-12.4775,9936000.0
1986-10-23,-12.445,-12.195,-12.445,-12.29,11681600.0
1986-10-24,-12.29,-12.29,-12.5075,-12.5075,9920000.0
1986-10-27,-12.5075,-12.195,-12.6025,-12.445,6828800.0
1986-10-28,-12.4775,-12.4775,-12.665,-12.6325,5982400.0
1986-10-29,-12.6325,-12.6025,-12.7575,-12.7275,7561600.0
1986-10-30,-12.695,-12.5075,-12.695,-12.6325,11078400.0
1986-10-31,-12.6325,-12.6025,-12.79,-12.7575,9403200.0
1986-11-03,-12.7575,-12.6325,-12.7575,-12.6325,7784000.0
1986-11-04,-12.665,-12.665,-12.82,-12.7275,9457600.0
1986-11-05,-12.7275,-12.665,-12.79,-12.7275,10204800.0
1986-11-06,-12.7275,-12.57,-12.8525,-12.6325,9747200.0
1986-11-07,-12.6325,-12.6025,-12.79,-12.79,8102400.0
1986-11-10,-12.79,-12.7275,-12.82,-12.7575,6558400.0
1986-11-11,-12.7575,-12.6325,-12.79,-12.665,5368000.0
1986-11-12,-12.665,-12.57,-12.695,-12.57,11083200.0
1986-11-13,-12.57,-12.54,-12.82,-12.82,8520000.0
1986-11-14,-12.82,-12.695,-12.8825,-12.695,7296000.0
1986-11-17,-12.695,-12.665,-12.8525,-12.82,7476800.0
1986-11-18,-12.82,-12.7575,-13.07,-13.04,13276800.0
1986-11-19,-13.04,-12.9775,-13.2575,-13.07,15971200.0
1986-11-20,-13.07,-12.8525,-13.1325,-12.8525,10267200.0
1986-11-21,-12.8525,-12.79,-13.07,-12.82,18720000.0
1986-11-24,-12.8825,-12.8825,-13.165,-12.945,11496000.0
1986-11-25,-12.945,-12.915,-13.04,-13.0075,9220800.0
1986-11-26,-13.0075,-12.695,-13.1325,-12.8825,20320000.0
1986-11-28,-12.8825,-12.7575,-12.915,-12.79,7241600.0
1986-12-01,-12.8525,-12.8525,-13.07,-12.945,10750400.0
1986-12-02,-12.915,-12.57,-12.915,-12.6025,20320000.0
1986-12-03,-12.6025,-12.3525,-12.79,-12.445,25280000.0
1986-12-04,-12.445,-12.165,-12.445,-12.29,35520000.0
1986-12-05,-12.29,-12.165,-12.445,-12.3825,15550400.0
1986-12-08,-12.3825,-12.3525,-12.665,-12.415,14086400.0
1986-12-09,-12.3825,-12.2275,-12.3825,-12.2575,15376000.0
1986-12-10,-12.2575,-12.1325,-12.3525,-12.165,15388800.0
1986-12-11,-12.195,-12.195,-12.415,-12.3525,16160000.0
1986-12-12,-12.3525,-12.3525,-12.4775,-12.445,11412800.0
1986-12-15,-12.445,-12.415,-12.6325,-12.415,13416000.0
1986-12-16,-12.415,-12.1325,-12.415,-12.165,18560000.0
1986-12-17,-12.165,-12.165,-12.3525,-12.29,10456000.0
1986-12-18,-12.29,-12.2275,-12.3525,-12.32,8644800.0
1986-12-19,-12.32,-12.1025,-12.32,-12.1025,28320000.0
1986-12-22,-12.1025,-12.04,-12.2275,-12.04,10657600.0
1986-12-23,-12.04,-12.0075,-12.29,-12.04,13366400.0
1986-12-24,-12.04,-12.04,-12.1325,-12.07,6056000.0
1986-12-26,-12.07,-12.07,-12.2275,-12.2275,3801600.0
1986-12-29,-12.2275,-12.195,-12.415,-12.415,4524800.0
1986-12-30,-12.3825,-12.2275,-12.3825,-12.32,13692800.0
1986-12-31,-12.32,-12.29,-12.54,-12.4775,15214400.0
1987-01-02,-12.4775,-12.32,-12.4775,-12.3825,6982400.0
1987-01-05,-12.3525,-12.07,-12.3525,-12.1025,18400000.0
1987-01-06,-12.1025,-12.04,-12.2575,-12.165,16000000.0
1987-01-07,-12.165,-12.04,-12.2275,-12.1325,18400000.0
1987-01-08,-12.1325,-12.1325,-12.29,-12.2575,16640000.0
1987-01-09,-12.2575,-12.195,-12.3525,-12.3525,12118400.0
1987-01-12,-12.3525,-12.195,-12.415,-12.29,12630400.0
1987-01-13,-12.29,-12.29,-12.415,-12.3825,10120000.0
1987-01-14,-12.3825,-12.2275,-12.415,-12.29,17280000.0
1987-01-15,-12.195,-11.7575,-12.195,-11.915,32000000.0
1987-01-16,-11.915,-11.695,-11.9775,-11.7275,32160000.0
1987-01-19,-11.7275,-11.445,-11.8825,-11.5075,15480000.0
1987-01-20,-11.5075,-11.3525,-11.79,-11.665,18880000.0
1987-01-21,-11.665,-11.4775,-11.7575,-11.665,20800000.0
1987-01-22,-11.6025,-11.29,-11.6025,-11.29,20960000.0
1987-01-23,-11.29,-10.82,-11.6025,-11.445,45920000.0
1987-01-26,-11.445,-11.29,-11.54,-11.415,16160000.0
1987-01-27,-11.415,-11.165,-11.445,-11.2275,20160000.0
1987-01-28,-11.2275,-11.0075,-11.2275,-11.195,13953600.0
1987-01-29,-11.195,-11.07,-11.3525,-11.2275,17920000.0
1987-01-30,-11.2275,-11.1325,-11.3825,-11.2575,9270400.0
1987-02-02,-11.2575,-11.1025,-11.415,-11.165,11096000.0
1987-02-03,-11.165,-11.07,-11.2575,-11.2275,11092800.0
1987-02-04,-11.2275,-11.1025,-11.415,-11.165,13571200.0
1987-02-05,-11.165,-11.1025,-11.3525,-11.29,13860800.0
1987-02-06,-11.29,-11.2275,-11.415,-11.3525,8516800.0
1987-02-09,-11.3825,-11.3825,-11.6025,-11.4775,6814400.0
1987-02-10,-11.4775,-11.445,-11.665,-11.5075,11412800.0
1987-02-11,-11.3525,-11.165,-11.3525,-11.165,11636800.0
1987-02-12,-11.165,-11.1025,-11.29,-11.165,12300800.0
1987-02-13,-11.165,-10.8825,-11.2275,-11.0075,14425600.0
1987-02-17,-11.0075,-10.7275,-11.0075,-10.79,14059200.0
1987-02-18,-10.7575,-10.54,-10.7575,-10.57,26720000.0
1987-02-19,-10.57,-10.445,-10.665,-10.57,16160000.0
1987-02-20,-10.57,-10.5075,-10.695,-10.54,17920000.0
1987-02-23,-10.54,-10.5075,-11.07,-10.8525,16160000.0
1987-02-24,-10.8525,-10.7575,-10.915,-10.82,6374400.0
1987-02-25,-10.82,-10.54,-10.8525,-10.6325,9625600.0
1987-02-26,-10.6325,-10.6025,-10.79,-10.7575,8456000.0
1987-02-27,-10.7575,-10.57,-10.7575,-10.695,8636800.0
1987-03-02,-10.695,-10.5075,-10.695,-10.665,12784000.0
1987-03-03,-10.665,-10.57,-10.665,-10.6325,12456000.0
1987-03-04,-10.57,-10.1025,-10.57,-10.165,20160000.0
1987-03-05,-10.165,-10.04,-10.4775,-10.3525,12764800.0
1987-03-06,-10.3525,-10.195,-10.54,-10.29,46080000.0
1987-03-09,-10.32,-10.32,-10.6325,-10.6325,10457600.0
1987-03-10,-10.6325,-10.195,-10.695,-10.29,15072000.0
1987-03-11,-10.29,-9.665,-10.5075,-9.7275,35520000.0
1987-03-12,-9.82,-9.82,-10.1325,-9.8825,27200000.0
1987-03-13,-9.915,-9.915,-10.195,-10.1325,11795200.0
1987-03-16,-10.195,-10.195,-10.5075,-10.3825,13035200.0
1987-03-17,-10.3825,-10.195,-10.4775,-10.29,17440000.0
1987-03-18,-10.29,-10.2275,-10.4775,-10.32,21440000.0
1987-03-19,-10.32,-10.04,-10.32,-10.07,12625600.0
1987-03-20,-10.07,-9.945,-10.165,-10.07,18080000.0
1987-03-23,-10.04,-9.7275,-10.04,-9.945,14659200.0
1987-03-24,-9.945,-9.915,-10.07,-9.9775,14756800.0
1987-03-25,-10.04,-10.04,-10.1325,-10.07,9844800.0
1987-03-26,-10.07,-9.9775,-10.2275,-10.195,8230400.0
1987-03-27,-10.195,-9.9775,-10.6025,-10.445,18880000.0
1987-03-30,-10.445,-9.79,-11.32,-10.8525,29280000.0
1987-03-31,-10.79,-10.445,-10.79,-10.4775,12259200.0
1987-04-01,-10.4775,-10.445,-10.665,-10.4775,11742400.0
1987-04-02,-10.4775,-10.29,-10.79,-10.79,13660800.0
1987-04-03,-10.79,-10.165,-10.79,-10.3525,17920000.0
1987-04-06,-10.32,-10.165,-10.32,-10.29,11158400.0
1987-04-07,-10.29,-10.165,-10.6025,-10.6025,13800000.0
1987-04-08,-10.6025,-10.29,-10.6025,-10.4775,18400000.0
1987-04-09,-10.4775,-10.32,-10.6325,-10.4775,12251200.0
1987-04-10,-10.4775,-10.2275,-10.6025,-10.415,12720000.0
1987-04-13,-10.415,-10.32,-10.6325,-10.6325,16000000.0
1987-04-14,-10.665,-10.665,-11.415,-11.2575,27360000.0
1987-04-15,-11.1025,-10.79,-11.1025,-10.8525,12726400.0
1987-04-16,-10.8525,-10.445,-11.04,-10.9775,16320000.0
1987-04-20,-10.9775,-10.445,-11.04,-10.8825,10201600.0
1987-04-21,-10.8825,-10.5075,-11.165,-10.5075,15193600.0
1987-04-22,-10.57,-10.57,-11.1025,-11.07,20800000.0
1987-04-23,-11.07,-10.8825,-11.29,-11.1325,11030400.0
1987-04-24,-11.1325,-10.79,-11.665,-11.415,14193600.0
1987-04-27,-11.415,-11.195,-11.7275,-11.3525,20480000.0
1987-04-28,-11.3525,-11.195,-11.5075,-11.4775,18720000.0
1987-04-29,-11.4775,-11.3525,-11.6325,-11.54,11988800.0
1987-04-30,-11.54,-11.2275,-11.54,-11.2575,12470400.0
1987-05-01,-11.29,-11.29,-11.54,-11.445,8142400.0
1987-05-04,-11.445,-11.2275,-11.5075,-11.3525,8052800.0
1987-05-05,-11.3525,-11.04,-11.3525,-11.04,10750400.0
1987-05-06,-11.07,-11.07,-11.445,-11.415,13652800.0
1987-05-07,-11.415,-11.415,-11.665,-11.6325,14678400.0
1987-05-08,-11.6325,-11.3525,-11.665,-11.57,16640000.0
1987-05-11,-11.57,-11.3825,-11.6325,-11.6325,16160000.0
1987-05-12,-11.665,-11.665,-11.8525,-11.79,17120000.0
1987-05-13,-11.79,-11.695,-11.8825,-11.79,12876800.0
1987-05-14,-11.79,-11.695,-11.8825,-11.82,14587200.0
1987-05-15,-11.82,-11.79,-12.0075,-11.9775,36160000.0
1987-05-18,-11.9775,-11.915,-12.2275,-11.9775,23360000.0
1987-05-19,-11.9775,-11.915,-12.1325,-12.04,15656000.0
1987-05-20,-12.04,-11.9775,-12.29,-12.165,18080000.0
1987-05-21,-12.165,-12.0075,-12.3825,-12.2275,18240000.0
1987-05-22,-12.1325,-11.8525,-12.1325,-11.945,13172800.0
1987-05-26,-11.7275,-11.4775,-11.7275,-11.4775,20800000.0
1987-05-27,-11.4775,-11.3825,-11.6025,-11.6025,10972800.0
1987-05-28,-11.6025,-11.415,-11.7575,-11.415,6796800.0
1987-05-29,-11.415,-11.1325,-11.415,-11.195,17440000.0
1987-06-01,-11.195,-10.945,-11.2275,-11.165,12812800.0
1987-06-02,-11.165,-11.07,-11.29,-11.2275,9734400.0
1987-06-03,-11.195,-11.0075,-11.195,-11.1025,9892800.0
1987-06-04,-11.1025,-11.07,-11.2575,-11.195,11401600.0
1987-06-05,-11.195,-11.195,-11.29,-11.2575,7764800.0
1987-06-08,-11.2575,-10.9775,-11.29,-11.04,7052800.0
1987-06-09,-11.04,-10.945,-11.1025,-10.9775,8886400.0
1987-06-10,-10.9775,-10.8525,-11.07,-10.9775,16640000.0
1987-06-11,-10.9775,-10.79,-10.9775,-10.82,14828800.0
1987-06-12,-10.82,-10.695,-10.8525,-10.79,11337600.0
1987-06-15,-10.79,-10.6325,-10.915,-10.8525,14299200.0
1987-06-16,-10.8525,-10.7575,-10.8825,-10.79,7102400.0
1987-06-17,-10.79,-10.7575,-10.8825,-10.82,8227200.0
1987-06-18,-10.82,-10.7575,-10.8825,-10.7575,7680000.0
1987-06-19,-10.7575,-10.57,-10.8525,-10.57,25120000.0
1987-06-22,-10.54,-10.3525,-10.54,-10.3825,13976000.0
1987-06-23,-10.3825,-10.2575,-10.5075,-10.415,16480000.0
1987-06-24,-10.415,-10.3525,-10.5075,-10.4775,8745600.0
1987-06-25,-10.4775,-10.3825,-10.4775,-10.4775,9673600.0
1987-06-26,-10.5075,-10.5075,-10.7275,-10.695,6582400.0
1987-06-29,-10.695,-10.6025,-10.7275,-10.6025,5441600.0
1987-06-30,-10.6325,-10.6325,-10.915,-10.79,8558400.0
1987-07-01,-10.8525,-10.8525,-10.9775,-10.945,6073600.0
1987-07-02,-10.915,-10.8525,-10.915,-10.915,5291200.0
1987-07-06,-10.915,-10.79,-11.195,-11.165,10707200.0
1987-07-07,-11.1325,-10.915,-11.1325,-11.04,9630400.0
1987-07-08,-11.04,-10.8525,-11.1325,-10.8825,15696000.0
1987-07-09,-10.8825,-10.79,-11.07,-10.945,11841600.0
1987-07-10,-10.945,-10.82,-10.9775,-10.82,8196800.0
1987-07-13,-10.82,-10.695,-11.165,-11.04,12044800.0
1987-07-14,-11.04,-10.79,-11.07,-10.82,14041600.0
1987-07-15,-10.82,-10.6025,-10.915,-10.695,17760000.0
1987-07-16,-10.695,-10.6325,-10.7575,-10.665,11348800.0
1987-07-17,-10.665,-10.07,-10.7275,-10.165,44640000.0
1987-07-20,-10.165,-10.1025,-10.3825,-10.29,20800000.0
1987-07-21,-10.32,-10.32,-10.57,-10.4775,17600000.0
1987-07-22,-10.4775,-10.2575,-10.4775,-10.29,15590400.0
1987-07-23,-10.29,-10.1025,-10.32,-10.165,12451200.0
1987-07-24,-10.165,-10.165,-10.2275,-10.195,9547200.0
1987-07-27,-10.195,-10.07,-10.2275,-10.1325,21280000.0
1987-07-28,-10.1325,-10.07,-10.2575,-10.195,12272000.0
1987-07-29,-10.195,-10.07,-10.195,-10.07,20800000.0
1987-07-30,-10.07,-9.945,-10.1025,-9.9775,15283200.0
1987-07-31,-9.9775,-9.945,-10.04,-10.0075,8435200.0
1987-08-03,-10.04,-10.04,-10.1325,-10.1025,12643200.0
1987-08-04,-10.1025,-10.0075,-10.195,-10.07,9384000.0
1987-08-05,-10.07,-9.915,-10.07,-10.07,13270400.0
1987-08-06,-10.04,-9.7275,-10.04,-9.7575,18400000.0
1987-08-07,-9.7575,-9.6325,-9.7575,-9.7275,21440000.0
1987-08-10,-9.7275,-9.5075,-9.7275,-9.5075,13128000.0
1987-08-11,-9.5075,-9.3525,-9.54,-9.3525,30560000.0
1987-08-12,-9.3525,-9.165,-9.415,-9.3525,26880000.0
1987-08-13,-9.32,-9.195,-9.32,-9.29,15326400.0
1987-08-14,-9.29,-9.2575,-9.445,-9.3525,15096000.0
1987-08-17,-9.32,-9.195,-9.32,-9.2575,20000000.0
1987-08-18,-9.2575,-9.195,-9.445,-9.3525,21600000.0
1987-08-19,-9.3525,-9.2575,-9.54,-9.3525,13500800.0
1987-08-20,-9.3525,-9.1325,-9.3825,-9.165,15374400.0
1987-08-21,-9.165,-8.945,-9.32,-9.29,17600000.0
1987-08-24,-9.29,-8.945,-9.3825,-9.1025,10908800.0
1987-08-25,-9.04,-8.695,-9.04,-8.8825,14905600.0
1987-08-26,-8.8825,-8.6325,-8.945,-8.915,13497600.0
1987-08-27,-8.9775,-8.9775,-9.1325,-9.04,8481600.0
1987-08-28,-9.04,-9.04,-9.32,-9.2275,9400000.0
1987-08-31,-9.2275,-9.1325,-9.4775,-9.2575,13091200.0
1987-09-01,-9.2575,-8.7575,-9.415,-9.29,17760000.0
1987-09-02,-9.29,-9.0075,-9.415,-9.07,23040000.0
1987-09-03,-9.07,-8.79,-9.29,-9.04,17920000.0
1987-09-04,-9.04,-8.945,-9.3525,-9.2575,8480000.0
1987-09-08,-9.415,-9.415,-9.82,-9.6025,21600000.0
1987-09-09,-9.6025,-9.415,-9.695,-9.6025,15265600.0
1987-09-10,-9.6025,-9.415,-9.7575,-9.6025,12371200.0
1987-09-11,-9.6025,-9.29,-9.6325,-9.54,14496000.0
1987-09-14,-9.54,-9.3525,-9.57,-9.3525,12414400.0
1987-09-15,-9.3825,-9.3825,-9.665,-9.665,9222400.0
1987-09-16,-9.665,-9.5075,-10.04,-10.04,15046400.0
1987-09-17,-10.04,-9.8525,-10.07,-9.945,12524800.0
1987-09-18,-9.945,-9.79,-9.9775,-9.8825,15224000.0
1987-09-21,-9.8825,-9.54,-10.1025,-10.04,13420800.0
1987-09-22,-10.04,-9.54,-10.2275,-9.57,16160000.0
1987-09-23,-9.57,-9.54,-9.8825,-9.57,16240000.0
1987-09-24,-9.6325,-9.6325,-9.915,-9.8825,9040000.0
1987-09-25,-9.8825,-9.7575,-10.04,-9.8825,8635200.0
1987-09-28,-9.7575,-9.445,-9.7575,-9.6025,11732800.0
1987-09-29,-9.6025,-9.5075,-9.8525,-9.7275,8739200.0
1987-09-30,-9.7275,-9.695,-9.915,-9.82,12060800.0
1987-10-01,-9.7575,-9.54,-9.7575,-9.54,9732800.0
1987-10-02,-9.54,-9.4775,-9.7275,-9.7275,8345600.0
1987-10-05,-9.7275,-9.695,-10.0075,-9.915,11193600.0
1987-10-06,-9.945,-9.945,-10.29,-10.2275,14617600.0
1987-10-07,-10.2275,-10.165,-10.6025,-10.4775,18880000.0
1987-10-08,-10.4775,-10.3525,-10.665,-10.5075,18560000.0
1987-10-09,-10.5075,-10.415,-10.6325,-10.6025,8888000.0
1987-10-12,-10.6025,-10.57,-11.0075,-10.695,11062400.0
1987-10-13,-10.695,-10.165,-10.7275,-10.195,10363200.0
1987-10-14,-10.3825,-10.3825,-10.9775,-10.9775,19040000.0
1987-10-15,-10.9775,-10.6325,-11.1025,-11.04,21280000.0
1987-10-16,-11.04,-10.945,-12.1025,-11.79,31104000.0
1987-10-19,-11.915,-11.915,-14.665,-14.29,43704000.0
1987-10-20,-14.165,-11.415,-14.165,-12.79,63640000.0
1987-10-21,-11.915,-11.415,-11.915,-11.6025,41097600.0
1987-10-22,-11.7275,-11.7275,-12.665,-11.79,27851200.0
1987-10-23,-11.79,-11.7575,-12.3525,-11.9775,16700800.0
1987-10-26,-12.29,-12.29,-12.915,-12.8525,16160000.0
1987-10-27,-12.8525,-11.8825,-12.8525,-12.54,20480000.0
1987-10-28,-12.54,-11.8525,-12.8525,-12.2275,22880000.0
1987-10-29,-12.195,-11.29,-12.195,-11.415,17120000.0
1987-10-30,-11.415,-10.9775,-11.79,-11.6025,22720000.0
1987-11-02,-11.6025,-11.445,-11.915,-11.57,11257600.0
1987-11-03,-11.7275,-11.7275,-12.165,-11.7575,18080000.0
1987-11-04,-11.7575,-11.695,-11.9775,-11.915,13326400.0
1987-11-05,-11.915,-11.445,-12.0075,-11.6025,19200000.0
1987-11-06,-11.6025,-11.32,-12.165,-11.9775,11494400.0
1987-11-09,-12.07,-12.07,-12.4775,-12.29,13105600.0
1987-11-10,-12.29,-12.29,-12.6025,-12.5075,12715200.0
1987-11-11,-12.3525,-12.1325,-12.3525,-12.3525,11606400.0
1987-11-12,-12.165,-11.8825,-12.165,-12.07,14318400.0
1987-11-13,-12.07,-11.945,-12.915,-12.2575,6971200.0
1987-11-16,-12.2575,-12.0075,-12.3825,-12.32,11272000.0
1987-11-17,-12.3825,-12.3825,-12.6325,-12.3825,12632000.0
1987-11-18,-12.3825,-12.1025,-12.6025,-12.1325,9028800.0
1987-11-19,-12.1325,-12.1025,-12.4775,-12.3525,7998400.0
1987-11-20,-12.3525,-11.9775,-12.6325,-11.9775,12886400.0
1987-11-23,-11.9775,-11.9775,-12.2275,-12.165,6827200.0
1987-11-24,-12.165,-12.07,-12.2575,-12.165,8124800.0
1987-11-25,-12.165,-12.07,-12.2275,-12.2275,4939200.0
1987-11-27,-12.2275,-12.1325,-12.3525,-12.3525,3488000.0
1987-11-30,-12.54,-12.54,-12.8525,-12.665,13011200.0
1987-12-01,-12.665,-12.4775,-12.695,-12.665,7740800.0
1987-12-02,-12.665,-12.54,-12.79,-12.6025,7625600.0
1987-12-03,-12.6325,-12.6325,-12.915,-12.8525,10811200.0
1987-12-04,-12.8525,-12.665,-13.0075,-12.8525,12169600.0
1987-12-07,-12.79,-12.4775,-12.79,-12.4775,7203200.0
1987-12-08,-12.4775,-12.165,-12.6025,-12.165,8942400.0
1987-12-09,-12.165,-12.04,-12.32,-12.07,10619200.0
1987-12-10,-12.165,-12.165,-12.415,-12.415,12160000.0
1987-12-11,-12.415,-12.195,-12.415,-12.195,7307200.0
1987-12-14,-12.165,-11.79,-12.165,-11.8825,11296000.0
1987-12-15,-11.8825,-11.7575,-12.0075,-11.7575,16320000.0
1987-12-16,-11.79,-11.79,-12.1025,-11.915,11907200.0
1987-12-17,-11.915,-11.915,-12.2275,-12.2275,11273600.0
1987-12-18,-12.165,-11.8525,-12.165,-11.9775,26400000.0
1987-12-21,-11.9775,-11.8825,-12.04,-11.9775,7369600.0
1987-12-22,-12.0075,-12.0075,-12.2275,-12.0075,7500800.0
1987-12-23,-12.0075,-11.8525,-12.0075,-11.9775,6640000.0
1987-12-24,-11.9775,-11.945,-12.1025,-12.07,2667200.0
1987-12-28,-12.195,-12.195,-12.3825,-12.2575,6057600.0
1987-12-29,-12.2575,-12.165,-12.54,-12.54,4680000.0
1987-12-30,-12.445,-12.2275,-12.445,-12.2575,8598400.0
1987-12-31,-12.2575,-12.2275,-12.415,-12.3825,7091200.0
1988-01-04,-12.32,-11.915,-12.32,-11.945,11772800.0
1988-01-05,-11.945,-11.79,-12.165,-12.04,12094400.0
1988-01-06,-12.04,-11.915,-12.07,-12.04,8112000.0
1988-01-07,-12.04,-11.8825,-12.2575,-11.915,7062400.0
1988-01-08,-11.915,-11.915,-12.8525,-12.79,12528000.0
1988-01-11,-12.7575,-12.195,-12.7575,-12.32,11088000.0
1988-01-12,-12.32,-12.29,-12.6025,-12.3825,9308800.0
1988-01-13,-12.3825,-12.32,-12.6325,-12.5075,11017600.0
1988-01-14,-12.5075,-12.445,-12.7275,-12.5075,6236800.0
1988-01-15,-12.29,-12.0075,-12.29,-12.1025,16480000.0
1988-01-18,-12.1025,-12.07,-12.29,-12.165,4249600.0
1988-01-19,-12.165,-12.1025,-12.54,-12.445,8123200.0
1988-01-20,-12.4775,-12.4775,-12.915,-12.665,8636800.0
1988-01-21,-12.665,-12.57,-12.915,-12.7275,9088000.0
1988-01-22,-12.7275,-12.57,-12.7275,-12.6325,4465600.0
1988-01-25,-12.6325,-12.3525,-12.665,-12.4775,9739200.0
1988-01-26,-12.4775,-12.4775,-12.665,-12.665,4470400.0
1988-01-27,-12.665,-12.57,-12.9775,-12.8525,13883200.0
1988-01-28,-12.82,-12.57,-12.82,-12.665,10400000.0
1988-01-29,-12.665,-12.4775,-12.79,-12.5075,7020800.0
1988-02-01,-12.5075,-12.445,-12.915,-12.8525,9488000.0
1988-02-02,-12.8525,-12.57,-12.915,-12.665,14489600.0
1988-02-03,-12.665,-12.6325,-12.8525,-12.82,10934400.0
1988-02-04,-12.82,-12.7275,-13.04,-12.82,10316800.0
1988-02-05,-12.82,-12.7275,-13.1325,-13.04,6340800.0
1988-02-08,-13.04,-12.915,-13.165,-13.0075,8752000.0
1988-02-09,-13.0075,-12.8825,-13.04,-12.8825,7332800.0
1988-02-10,-12.8825,-12.79,-13.0075,-12.82,16960000.0
1988-02-11,-12.82,-12.7275,-12.8825,-12.7275,11425600.0
1988-02-12,-12.7275,-12.665,-12.82,-12.7575,7777600.0
1988-02-16,-12.7575,-12.7575,-12.8825,-12.79,12814400.0
1988-02-17,-12.7275,-12.5075,-12.7275,-12.57,15073600.0
1988-02-18,-12.57,-12.5075,-12.6325,-12.6325,7884800.0
1988-02-19,-12.6325,-12.415,-12.6325,-12.415,11320000.0
1988-02-22,-12.415,-12.2575,-12.54,-12.29,12401600.0
1988-02-23,-12.29,-12.195,-12.3825,-12.2575,11622400.0
1988-02-24,-12.2575,-12.195,-12.415,-12.415,7923200.0
1988-02-25,-12.415,-12.2275,-12.6325,-12.54,8819200.0
1988-02-26,-12.57,-12.57,-12.7275,-12.695,11953600.0
1988-02-29,-12.695,-12.57,-12.7275,-12.57,14142400.0
1988-03-01,-12.5075,-12.3825,-12.5075,-12.415,16480000.0
1988-03-02,-12.3825,-12.29,-12.3825,-12.32,8240000.0
1988-03-03,-12.32,-12.32,-12.445,-12.3525,6587200.0
1988-03-04,-12.3525,-12.32,-12.54,-12.415,9324800.0
1988-03-07,-12.415,-12.3825,-12.57,-12.4775,7220800.0
1988-03-08,-12.415,-12.2275,-12.415,-12.29,12808000.0
1988-03-09,-12.29,-12.2575,-12.3525,-12.29,10427200.0
1988-03-10,-12.29,-12.2275,-12.3825,-12.3525,10923200.0
1988-03-11,-12.3525,-12.3525,-12.54,-12.3825,10960000.0
1988-03-14,-12.3525,-12.195,-12.3525,-12.195,11705600.0
1988-03-15,-12.195,-12.195,-12.32,-12.29,6856000.0
1988-03-16,-12.2275,-12.07,-12.2275,-12.1325,13542400.0
1988-03-17,-12.1025,-11.915,-12.1025,-11.915,20640000.0
1988-03-18,-11.915,-11.8525,-11.9775,-11.9775,30196800.0
1988-03-21,-11.9775,-11.9775,-12.1025,-12.07,8836800.0
1988-03-22,-12.07,-12.0075,-12.1025,-12.0075,7724800.0
1988-03-23,-12.0075,-11.945,-12.1025,-11.9775,6283200.0
1988-03-24,-12.07,-12.07,-12.195,-12.165,9780800.0
1988-03-25,-12.165,-12.1325,-12.32,-12.32,8937600.0
1988-03-28,-12.32,-12.32,-12.5075,-12.3825,13889600.0
1988-03-29,-12.3825,-12.195,-12.3825,-12.195,9228800.0
1988-03-30,-12.195,-11.9775,-12.29,-12.29,13633600.0
1988-03-31,-12.29,-12.2275,-12.4775,-12.3525,9382400.0
1988-04-04,-12.3825,-12.3825,-12.4775,-12.415,9091200.0
1988-04-05,-12.415,-12.32,-12.445,-12.3825,7689600.0
1988-04-06,-12.3825,-12.165,-12.3825,-12.165,20907200.0
1988-04-07,-12.165,-12.1325,-12.3525,-12.3525,9358400.0
1988-04-08,-12.3525,-12.2275,-12.3825,-12.29,8027200.0
1988-04-11,-12.29,-12.1025,-12.3525,-12.1025,6947200.0
1988-04-12,-12.1025,-11.945,-12.165,-11.945,13113600.0
1988-04-13,-11.945,-11.8825,-12.1025,-11.915,25753600.0
1988-04-14,-12.07,-12.07,-12.54,-12.4775,21120000.0
1988-04-15,-12.4775,-12.3525,-12.665,-12.3825,14438400.0
1988-04-18,-12.415,-12.415,-12.6025,-12.5075,9606400.0
1988-04-19,-12.5075,-12.3525,-12.6025,-12.6025,9060800.0
1988-04-20,-12.6025,-12.6025,-12.82,-12.665,11361600.0
1988-04-21,-12.6325,-12.2575,-12.6325,-12.57,11425600.0
1988-04-22,-12.57,-12.29,-12.57,-12.445,6148800.0
1988-04-25,-12.415,-12.1025,-12.415,-12.195,13363200.0
1988-04-26,-12.195,-12.1325,-12.32,-12.29,7497600.0
1988-04-27,-12.29,-12.2275,-12.3825,-12.3525,5816000.0
1988-04-28,-12.3525,-12.32,-12.445,-12.32,4838400.0
1988-04-29,-12.32,-12.32,-12.445,-12.3525,4241600.0
1988-05-02,-12.3525,-12.29,-12.3825,-12.29,5288000.0
1988-05-03,-12.29,-12.195,-12.29,-12.195,5752000.0
1988-05-04,-12.2275,-12.2275,-12.3825,-12.3525,5936000.0
1988-05-05,-12.3525,-12.3525,-12.54,-12.4775,7201600.0
1988-05-06,-12.4775,-12.415,-12.7275,-12.695,6884800.0
1988-05-09,-12.695,-12.695,-12.82,-12.7275,9121600.0
1988-05-10,-12.7275,-12.6025,-12.7275,-12.665,6768000.0
1988-05-11,-12.7275,-12.7275,-12.8825,-12.7575,7025600.0
1988-05-12,-12.7575,-12.695,-12.82,-12.7275,6558400.0
1988-05-13,-12.665,-12.57,-12.665,-12.6325,5368000.0
1988-05-16,-12.6325,-12.6025,-12.7575,-12.6025,6054400.0
1988-05-17,-12.6025,-12.5075,-12.79,-12.79,7726400.0
1988-05-18,-12.79,-12.79,-13.165,-13.04,12932800.0
1988-05-19,-13.04,-12.8825,-13.1325,-12.9775,16640000.0
1988-05-20,-12.9775,-12.915,-13.0075,-12.945,14078400.0
1988-05-23,-12.945,-12.915,-13.1025,-13.1025,15840000.0
1988-05-24,-13.1025,-12.9775,-13.1025,-13.0075,10593600.0
1988-05-25,-13.0075,-12.8525,-13.04,-12.945,11214400.0
1988-05-26,-12.945,-12.79,-12.945,-12.8525,6532800.0
1988-05-27,-12.8525,-12.8525,-12.9775,-12.945,4964800.0
1988-05-31,-12.8825,-12.415,-12.8825,-12.415,12028800.0
1988-06-01,-12.415,-12.29,-12.4775,-12.29,16640000.0
1988-06-02,-12.32,-12.32,-12.445,-12.3525,12945600.0
1988-06-03,-12.3525,-12.2275,-12.445,-12.32,7851200.0
1988-06-06,-12.32,-12.29,-12.4775,-12.3525,7267200.0
1988-06-07,-12.3525,-12.2575,-12.3825,-12.3825,11902400.0
1988-06-08,-12.3825,-12.1025,-12.3825,-12.1025,22880000.0
1988-06-09,-12.195,-12.195,-12.3525,-12.29,28976000.0
1988-06-10,-12.29,-12.2575,-12.445,-12.32,11326400.0
1988-06-13,-12.32,-12.2275,-12.3525,-12.29,6966400.0
1988-06-14,-12.2275,-12.07,-12.2275,-12.165,11945600.0
1988-06-15,-12.195,-12.195,-12.29,-12.2275,6534400.0
1988-06-16,-12.29,-12.29,-12.445,-12.445,6441600.0
1988-06-17,-12.445,-12.3525,-12.57,-12.3525,21062400.0
1988-06-20,-12.3825,-12.3825,-12.54,-12.5075,4296000.0
1988-06-21,-12.5075,-12.3525,-12.54,-12.3525,7769600.0
1988-06-22,-12.2575,-12.07,-12.2575,-12.2275,13825600.0
1988-06-23,-12.2275,-12.2275,-12.3525,-12.32,5996800.0
1988-06-24,-12.32,-12.2575,-12.32,-12.32,5044800.0
1988-06-27,-12.3525,-12.3525,-12.6325,-12.6025,8288000.0
1988-06-28,-12.6025,-12.32,-12.6025,-12.3825,6219200.0
1988-06-29,-12.3825,-12.195,-12.415,-12.29,6643200.0
1988-06-30,-12.29,-12.165,-12.32,-12.165,7622400.0
1988-07-01,-12.195,-12.195,-12.3525,-12.2575,8793600.0
1988-07-05,-12.2575,-12.2275,-12.3825,-12.2275,8012800.0
1988-07-06,-12.2575,-12.2575,-12.7275,-12.445,12745600.0
1988-07-07,-12.4775,-12.4775,-12.695,-12.54,8299200.0
1988-07-08,-12.54,-12.5075,-12.7275,-12.695,5038400.0
1988-07-11,-12.695,-12.54,-12.7275,-12.54,6310400.0
1988-07-12,-12.57,-12.57,-12.79,-12.695,10777600.0
1988-07-13,-12.695,-12.6025,-12.8525,-12.665,15910400.0
1988-07-14,-12.6325,-12.54,-12.6325,-12.57,8699200.0
1988-07-15,-12.54,-12.3525,-12.54,-12.3525,11734400.0
1988-07-18,-12.3525,-12.3525,-12.6025,-12.54,5939200.0
1988-07-19,-12.54,-12.3825,-12.665,-12.57,8537600.0
1988-07-20,-12.57,-12.445,-12.57,-12.54,6467200.0
1988-07-21,-12.54,-12.54,-12.7275,-12.665,5948800.0
1988-07-22,-12.665,-12.665,-12.7575,-12.695,14137600.0
1988-07-25,-12.695,-12.6025,-12.7275,-12.6325,4331200.0
1988-07-26,-12.6325,-12.5075,-12.665,-12.5075,9537600.0
1988-07-27,-12.5075,-12.4775,-12.665,-12.6325,6272000.0
1988-07-28,-12.6325,-12.445,-12.665,-12.4775,17374400.0
1988-07-29,-12.4775,-12.32,-12.54,-12.32,18904000.0
1988-08-01,-12.32,-12.32,-12.4775,-12.415,4126400.0
1988-08-02,-12.415,-12.32,-12.445,-12.415,11254400.0
1988-08-03,-12.415,-12.195,-12.415,-12.195,13140800.0
1988-08-04,-12.195,-12.165,-12.29,-12.2575,7292800.0
1988-08-05,-12.2575,-12.2275,-12.3825,-12.3525,4379200.0
1988-08-08,-12.3525,-12.2275,-12.3525,-12.3525,5912000.0
1988-08-09,-12.3525,-12.32,-12.54,-12.4775,9249600.0
1988-08-10,-12.4775,-12.4775,-12.665,-12.57,10462400.0
1988-08-11,-12.57,-12.57,-12.665,-12.57,14369600.0
1988-08-12,-12.57,-12.54,-12.6325,-12.54,7822400.0
1988-08-15,-12.54,-12.4775,-12.6325,-12.6325,6532800.0
1988-08-16,-12.6325,-12.2575,-12.6325,-12.415,11604800.0
1988-08-17,-12.415,-12.195,-12.445,-12.29,8385600.0
1988-08-18,-12.29,-12.1025,-12.29,-12.2275,9660800.0
1988-08-19,-12.2275,-12.165,-12.2575,-12.2275,13280000.0
1988-08-22,-12.2275,-12.195,-12.29,-12.29,9875200.0
1988-08-23,-12.2275,-12.1025,-12.2275,-12.1325,20870400.0
1988-08-24,-12.1325,-12.07,-12.195,-12.1025,15342400.0
1988-08-25,-12.1025,-12.1025,-12.2275,-12.1325,10475200.0
1988-08-26,-12.1325,-11.9775,-12.165,-11.9775,14105600.0
1988-08-29,-11.9775,-11.82,-12.0075,-11.8525,34614400.0
1988-08-30,-11.8525,-11.82,-11.945,-11.8525,8963200.0
1988-08-31,-11.8525,-11.7575,-11.915,-11.915,13507200.0
1988-09-01,-11.945,-11.945,-12.07,-12.04,12420800.0
1988-09-02,-11.9775,-11.6325,-11.9775,-11.665,17579200.0
1988-09-06,-11.665,-11.5075,-11.665,-11.57,14505600.0
1988-09-07,-11.57,-11.4775,-11.6325,-11.5075,13206400.0
1988-09-08,-11.5075,-11.32,-11.54,-11.415,16976000.0
1988-09-09,-11.415,-11.415,-11.6325,-11.445,19185600.0
1988-09-12,-11.445,-11.3525,-11.4775,-11.415,15912000.0
1988-09-13,-11.415,-11.3825,-11.57,-11.3825,11104000.0
1988-09-14,-11.3825,-11.195,-11.415,-11.3825,19046400.0
1988-09-15,-11.3825,-11.3525,-11.445,-11.3825,10595200.0
1988-09-16,-11.3825,-11.195,-11.445,-11.2275,21948800.0
1988-09-19,-11.2575,-11.2575,-11.415,-11.3525,4968000.0
1988-09-20,-11.3525,-11.32,-11.415,-11.32,4696000.0
1988-09-21,-11.32,-11.165,-11.32,-11.165,5307200.0
1988-09-22,-11.165,-11.07,-11.3525,-11.29,10880000.0
1988-09-23,-11.29,-11.04,-11.3525,-11.04,8572800.0
1988-09-26,-11.07,-11.07,-11.195,-11.1325,5649600.0
1988-09-27,-11.1325,-11.1325,-11.29,-11.165,5769600.0
1988-09-28,-11.165,-11.1025,-11.2575,-11.1025,7561600.0
1988-09-29,-11.1025,-10.82,-11.1325,-10.8825,18100800.0
1988-09-30,-10.8825,-10.82,-11.04,-10.9775,18462400.0
1988-10-03,-11.04,-11.04,-11.2575,-11.1325,16139200.0
1988-10-04,-11.1325,-11.1325,-11.29,-11.2275,9232000.0
1988-10-05,-11.2275,-11.1325,-11.2575,-11.2275,6190400.0
1988-10-06,-11.2275,-11.04,-11.32,-11.32,6694400.0
1988-10-07,-11.2575,-10.945,-11.2575,-10.9775,17614400.0
1988-10-10,-11.0075,-11.0075,-11.165,-11.1025,5364800.0
1988-10-11,-11.1025,-11.1025,-11.2575,-11.1025,8948800.0
1988-10-12,-11.195,-11.195,-11.3825,-11.29,8064000.0
1988-10-13,-11.29,-11.2275,-11.3525,-11.29,4440000.0
1988-10-14,-11.29,-11.1025,-11.415,-11.32,6796800.0
1988-10-17,-11.32,-11.2575,-11.3825,-11.3525,6576000.0
1988-10-18,-11.3525,-11.195,-11.3525,-11.2275,7467200.0
1988-10-19,-11.2275,-11.1025,-11.4775,-11.32,11712000.0
1988-10-20,-11.32,-10.8525,-11.3525,-10.915,16955200.0
1988-10-21,-10.915,-10.82,-11.04,-10.8525,18275200.0
1988-10-24,-10.8525,-10.82,-11.0075,-10.915,9892800.0
1988-10-25,-10.915,-10.79,-10.915,-10.79,19030400.0
1988-10-26,-10.82,-10.82,-11.0075,-10.9775,10369600.0
1988-10-27,-11.0075,-11.0075,-11.2575,-11.195,13344000.0
1988-10-28,-11.195,-11.1325,-11.2275,-11.195,6148800.0
1988-10-31,-11.195,-11.07,-11.2275,-11.1325,5784000.0
1988-11-01,-11.1325,-11.04,-11.1325,-11.04,6870400.0
1988-11-02,-11.04,-10.945,-11.07,-10.945,8888000.0
1988-11-03,-10.945,-10.945,-11.04,-11.0075,4476800.0
1988-11-04,-11.0075,-10.9775,-11.1325,-11.1025,5982400.0
1988-11-07,-11.1025,-11.1025,-11.29,-11.29,10745600.0
1988-11-08,-11.2575,-11.1325,-11.2575,-11.2275,5907200.0
1988-11-09,-11.2275,-11.2275,-11.415,-11.3525,10003200.0
1988-11-10,-11.3525,-11.2575,-11.3525,-11.3525,5091200.0
1988-11-11,-11.3825,-11.3825,-11.665,-11.5075,11681600.0
1988-11-14,-11.5075,-11.445,-11.665,-11.5075,8328000.0
1988-11-15,-11.5075,-11.32,-11.5075,-11.3525,6624000.0
1988-11-16,-11.3525,-11.3525,-11.695,-11.57,10305600.0
1988-11-17,-11.54,-11.415,-11.54,-11.54,8297600.0
1988-11-18,-11.54,-11.3525,-11.54,-11.415,12907200.0
1988-11-21,-11.415,-11.3825,-11.54,-11.3825,6939200.0
1988-11-22,-11.3825,-11.29,-11.4775,-11.32,8006400.0
1988-11-23,-11.29,-11.1325,-11.29,-11.165,5222400.0
1988-11-25,-11.445,-11.445,-11.54,-11.4775,4518400.0
1988-11-28,-11.4775,-11.3525,-11.4775,-11.415,6910400.0
1988-11-29,-11.415,-11.04,-11.415,-11.165,11627200.0
1988-11-30,-11.165,-10.9775,-11.195,-11.07,11774400.0
1988-12-01,-11.07,-11.07,-11.2575,-11.2575,7576000.0
1988-12-02,-11.2575,-11.165,-11.32,-11.165,7932800.0
1988-12-05,-11.165,-10.945,-11.195,-10.9775,11512000.0
1988-12-06,-10.9775,-10.82,-11.04,-10.82,13440000.0
1988-12-07,-10.82,-10.79,-10.945,-10.8525,8684800.0
1988-12-08,-10.8525,-10.8525,-10.945,-10.915,8388800.0
1988-12-09,-10.915,-10.695,-10.945,-10.8525,5196800.0
1988-12-12,-10.8525,-10.7575,-10.915,-10.915,6904000.0
1988-12-13,-10.915,-10.79,-10.9775,-10.79,8726400.0
1988-12-14,-10.82,-10.82,-10.945,-10.915,7006400.0
1988-12-15,-10.915,-10.82,-10.945,-10.8825,6076800.0
1988-12-16,-10.8825,-10.8525,-10.915,-10.8525,16425600.0
1988-12-19,-10.8525,-10.6325,-10.8525,-10.665,13616000.0
1988-12-20,-10.665,-10.6025,-10.8525,-10.79,9548800.0
1988-12-21,-10.79,-10.79,-10.915,-10.82,17883200.0
1988-12-22,-10.82,-10.7575,-10.8525,-10.82,5742400.0
1988-12-23,-10.82,-10.7275,-10.82,-10.7275,2532800.0
1988-12-27,-10.7275,-10.695,-10.79,-10.79,2838400.0
1988-12-28,-10.79,-10.7575,-10.79,-10.79,2516800.0
1988-12-29,-10.79,-10.7275,-10.79,-10.7575,8238400.0
1988-12-30,-10.7575,-10.695,-10.82,-10.7575,6523200.0
1989-01-03,-10.82,-10.82,-11.07,-11.04,11097600.0
1989-01-04,-10.945,-10.665,-10.945,-10.7575,8856000.0
1989-01-05,-10.7575,-10.54,-10.7575,-10.57,24241600.0
1989-01-06,-10.57,-10.5075,-10.665,-10.665,11251200.0
1989-01-09,-10.665,-10.6325,-10.7275,-10.665,8913600.0
1989-01-10,-10.665,-10.6325,-10.82,-10.79,8852800.0
1989-01-11,-10.79,-10.7275,-10.8525,-10.79,7732800.0
1989-01-12,-10.79,-10.6325,-10.82,-10.7275,7856000.0
1989-01-13,-10.7275,-10.7275,-10.82,-10.79,4464000.0
1989-01-16,-10.79,-10.7575,-10.8525,-10.79,4363200.0
1989-01-17,-10.79,-10.7575,-10.8525,-10.79,5408000.0
1989-01-18,-10.79,-10.695,-10.82,-10.695,6676800.0
1989-01-19,-10.695,-10.6325,-10.7575,-10.665,11006400.0
1989-01-20,-10.665,-10.6325,-10.7275,-10.665,8833600.0
1989-01-23,-10.665,-10.54,-10.7275,-10.695,6908800.0
1989-01-24,-10.695,-10.5075,-10.7275,-10.6025,11763200.0
1989-01-25,-10.6025,-10.5075,-10.665,-10.57,7697600.0
1989-01-26,-10.57,-10.445,-10.6325,-10.4775,8252800.0
1989-01-27,-10.4775,-10.32,-10.4775,-10.415,14483200.0
1989-01-30,-10.415,-10.32,-10.445,-10.32,8478400.0
1989-01-31,-10.32,-10.195,-10.415,-10.2275,18339200.0
1989-02-01,-10.2275,-10.195,-10.32,-10.195,10750400.0
1989-02-02,-10.195,-10.165,-10.29,-10.195,6825600.0
1989-02-03,-10.195,-10.1025,-10.2575,-10.165,9438400.0
1989-02-06,-10.165,-9.945,-10.195,-10.04,8334400.0
1989-02-07,-10.04,-9.79,-10.04,-9.915,17116800.0
1989-02-08,-9.915,-9.7575,-9.945,-9.8525,15668800.0
1989-02-09,-9.8525,-9.8525,-10.07,-9.9775,21390400.0
1989-02-10,-10.0075,-10.0075,-10.195,-10.195,7304000.0
1989-02-13,-10.195,-10.07,-10.2275,-10.165,8652800.0
1989-02-14,-10.165,-10.04,-10.2575,-10.2275,10896000.0
1989-02-15,-10.2275,-9.9775,-10.29,-10.0075,11208000.0
1989-02-16,-9.945,-9.8525,-9.945,-9.915,13169600.0
1989-02-17,-9.915,-9.6325,-9.915,-9.665,12195200.0
1989-02-21,-9.665,-9.6325,-9.915,-9.915,8156800.0
1989-02-22,-9.915,-9.8825,-10.2275,-10.195,13944000.0
1989-02-23,-10.195,-10.1025,-10.2575,-10.1025,5078400.0
1989-02-24,-10.1025,-10.1025,-10.29,-10.29,9110400.0
1989-02-27,-10.29,-10.1025,-10.29,-10.195,6203200.0
1989-02-28,-10.195,-9.945,-10.195,-9.9775,19248000.0
1989-03-01,-9.9775,-9.7575,-9.9775,-9.915,17755200.0
1989-03-02,-9.915,-9.7575,-9.915,-9.82,10604800.0
1989-03-03,-9.82,-9.7575,-9.8525,-9.7575,11545600.0
1989-03-06,-9.7275,-9.57,-9.7275,-9.6025,13544000.0
1989-03-07,-9.6025,-9.54,-9.695,-9.665,6161600.0
1989-03-08,-9.665,-9.415,-9.665,-9.4775,13555200.0
1989-03-09,-9.57,-9.57,-9.7575,-9.665,8681600.0
1989-03-10,-9.665,-9.665,-9.82,-9.7275,10016000.0
1989-03-13,-9.695,-9.32,-9.695,-9.415,14648000.0
1989-03-14,-9.415,-9.32,-9.445,-9.3525,11508800.0
1989-03-15,-9.3525,-9.04,-9.3825,-9.04,17012800.0
1989-03-16,-9.04,-8.945,-9.2275,-8.9775,16062400.0
1989-03-17,-8.9775,-8.9775,-9.415,-9.2275,24233600.0
1989-03-20,-9.2575,-9.2575,-9.57,-9.445,11745600.0
1989-03-21,-9.445,-9.3525,-9.445,-9.415,7678400.0
1989-03-22,-9.3525,-9.195,-9.3525,-9.2275,7500800.0
1989-03-23,-9.2275,-9.195,-9.3525,-9.3525,7212800.0
1989-03-27,-9.3525,-9.195,-9.415,-9.2575,4339200.0
1989-03-28,-9.2575,-9.1325,-9.29,-9.2275,8268800.0
1989-03-29,-9.2275,-9.1325,-9.29,-9.195,9163200.0
1989-03-30,-9.195,-9.1325,-9.3525,-9.2575,7747200.0
1989-03-31,-9.2575,-9.1025,-9.2575,-9.1025,6872000.0
1989-04-03,-9.1025,-8.945,-9.195,-8.945,8203200.0
1989-04-04,-8.945,-8.695,-9.1325,-8.7275,9820800.0
1989-04-05,-8.7275,-8.665,-8.79,-8.695,8568000.0
1989-04-06,-8.695,-8.665,-8.7275,-8.665,5196800.0
1989-04-07,-8.665,-8.57,-8.7275,-8.57,8059200.0
1989-04-10,-8.57,-8.445,-8.7275,-8.665,4616000.0
1989-04-11,-8.665,-8.6025,-8.695,-8.695,7929600.0
1989-04-12,-8.695,-8.665,-8.945,-8.945,6364800.0
1989-04-13,-8.945,-8.915,-9.29,-9.2575,8566400.0
1989-04-14,-9.2275,-8.915,-9.2275,-8.915,11516800.0
1989-04-17,-8.915,-8.79,-9.0075,-8.915,5824000.0
1989-04-18,-8.7575,-8.57,-8.7575,-8.665,12524800.0
1989-04-19,-8.665,-8.6325,-8.7575,-8.7275,9707200.0
1989-04-20,-8.7275,-8.695,-8.9775,-8.8525,7718400.0
1989-04-21,-8.8525,-8.57,-8.8525,-8.665,13004800.0
1989-04-24,-8.665,-8.4775,-8.665,-8.57,8771200.0
1989-04-25,-8.57,-8.445,-8.57,-8.54,5889600.0
1989-04-26,-8.54,-8.445,-8.57,-8.5075,4440000.0
1989-04-27,-8.5075,-8.3825,-8.54,-8.445,14064000.0
1989-04-28,-8.445,-8.32,-8.4775,-8.3525,10585600.0
1989-05-01,-8.3525,-8.195,-8.5075,-8.2275,7195200.0
1989-05-02,-8.165,-7.945,-8.165,-8.07,8945600.0
1989-05-03,-8.1025,-8.1025,-8.2275,-8.195,5641600.0
1989-05-04,-8.195,-8.195,-8.415,-8.32,6212800.0
1989-05-05,-8.32,-8.1325,-8.3825,-8.3525,9617600.0
1989-05-08,-8.3525,-8.195,-8.415,-8.195,6971200.0
1989-05-09,-8.195,-8.07,-8.2575,-8.165,8059200.0
1989-05-10,-8.165,-8.165,-8.29,-8.29,4832000.0
1989-05-11,-8.29,-8.2275,-8.3825,-8.3825,7728000.0
1989-05-12,-8.3825,-7.82,-8.415,-7.82,15104000.0
1989-05-15,-7.82,-7.82,-7.945,-7.82,8115200.0
1989-05-16,-7.82,-7.695,-7.915,-7.7275,9892800.0
1989-05-17,-7.7275,-7.415,-7.7575,-7.54,9214400.0
1989-05-18,-7.54,-7.195,-7.54,-7.3525,13163200.0
1989-05-19,-7.29,-7.04,-7.29,-7.1025,38140800.0
1989-05-22,-7.1025,-6.8825,-7.195,-6.9775,15510400.0
1989-05-23,-7.04,-7.04,-7.6025,-7.54,13129600.0
1989-05-24,-7.54,-7.32,-7.6025,-7.4775,10462400.0
1989-05-25,-7.4775,-7.29,-7.57,-7.415,8232000.0
1989-05-26,-7.415,-7.2575,-7.415,-7.32,5561600.0
1989-05-30,-7.32,-7.2275,-7.79,-7.665,10392000.0
1989-05-31,-7.665,-7.3825,-7.695,-7.4775,7814400.0
1989-06-01,-7.4775,-7.32,-7.57,-7.415,5862400.0
1989-06-02,-7.3825,-7.07,-7.3825,-7.07,10961600.0
1989-06-05,-7.07,-7.07,-7.3825,-7.3825,6928000.0
1989-06-06,-7.3825,-7.29,-7.7575,-7.54,13768000.0
1989-06-07,-7.5075,-7.3525,-7.5075,-7.415,5865600.0
1989-06-08,-7.415,-7.3825,-7.6025,-7.54,11907200.0
1989-06-09,-7.54,-7.445,-7.6325,-7.6025,12408000.0
1989-06-12,-7.6325,-7.6325,-7.82,-7.695,7961600.0
1989-06-13,-7.695,-7.695,-7.8825,-7.8825,7872000.0
1989-06-14,-7.8825,-7.79,-7.9775,-7.8825,7528000.0
1989-06-15,-7.8825,-7.82,-8.165,-8.04,8849600.0
1989-06-16,-8.0075,-7.8525,-8.0075,-7.8825,27795200.0
1989-06-19,-7.8825,-7.82,-7.915,-7.82,6198400.0
1989-06-20,-7.82,-7.695,-7.82,-7.79,5204800.0
1989-06-21,-7.79,-7.665,-7.8825,-7.8525,10908800.0
1989-06-22,-7.8525,-7.57,-7.8525,-7.6025,7480000.0
1989-06-23,-7.3525,-6.945,-7.3525,-6.945,14513600.0
1989-06-26,-7.0075,-7.0075,-7.2575,-7.195,6312000.0
1989-06-27,-7.165,-7.04,-7.165,-7.1325,8974400.0
1989-06-28,-7.1325,-7.1325,-7.3825,-7.29,6342400.0
1989-06-29,-7.32,-7.32,-7.665,-7.6025,6481600.0
1989-06-30,-7.6025,-7.57,-8.195,-7.82,8980800.0
1989-07-03,-7.82,-7.7275,-7.915,-7.7275,2848000.0
1989-07-05,-7.7275,-7.6025,-7.915,-7.665,5323200.0
1989-07-06,-7.665,-7.54,-7.8525,-7.695,5896000.0
1989-07-07,-7.695,-7.2275,-7.7275,-7.32,8465600.0
1989-07-10,-7.32,-7.165,-7.3825,-7.29,4888000.0
1989-07-11,-7.2275,-7.07,-7.2275,-7.1325,6003200.0
1989-07-12,-7.1325,-7.1325,-7.29,-7.165,4942400.0
1989-07-13,-7.2275,-7.2275,-7.3825,-7.3525,7603200.0
1989-07-14,-7.3525,-7.2275,-7.6025,-7.2575,13377600.0
1989-07-17,-7.2575,-7.04,-7.29,-7.1325,7947200.0
1989-07-18,-7.1325,-6.9775,-7.29,-7.04,8846400.0
1989-07-19,-6.945,-6.82,-6.945,-6.8525,18792000.0
1989-07-20,-6.82,-6.3825,-6.82,-6.7575,12409600.0
1989-07-21,-6.7575,-6.3525,-6.8525,-6.415,18220800.0
1989-07-24,-6.415,-6.32,-6.4775,-6.4775,8824000.0
1989-07-25,-6.3825,-6.07,-6.3825,-6.29,12323200.0
1989-07-26,-6.29,-5.9775,-6.3825,-6.0075,10275200.0
1989-07-27,-5.9775,-5.79,-5.9775,-5.885,8686400.0
1989-07-28,-5.885,-5.76,-6.04,-6.04,7470400.0
1989-07-31,-6.04,-4.915,-6.1025,-4.915,13561600.0
1989-08-01,-4.915,-4.6025,-5.2275,-5.2275,19572800.0
1989-08-02,-5.2275,-5.01,-5.2275,-5.04,11988800.0
1989-08-03,-5.04,-5.01,-5.135,-5.135,6249600.0
1989-08-04,-5.135,-5.0725,-5.51,-5.4475,10102400.0
1989-08-07,-5.4475,-5.135,-5.54,-5.2275,9097600.0
1989-08-08,-5.2275,-5.01,-5.3225,-5.04,9436800.0
1989-08-09,-5.04,-4.885,-5.29,-5.26,10694400.0
1989-08-10,-5.26,-5.2275,-5.385,-5.2275,7280000.0
1989-08-11,-5.2275,-5.1025,-5.79,-5.6975,14390400.0
1989-08-14,-5.6975,-5.4475,-5.7275,-5.5725,7969600.0
1989-08-15,-5.51,-5.29,-5.51,-5.385,7760000.0
1989-08-16,-5.3225,-5.1025,-5.3225,-5.1975,5374400.0
1989-08-17,-5.1975,-5.1975,-5.54,-5.3225,7739200.0
1989-08-18,-5.3225,-5.165,-5.385,-5.29,11899200.0
1989-08-21,-5.29,-5.165,-5.79,-5.7275,7920000.0
1989-08-22,-5.7275,-5.5725,-5.76,-5.5725,7153600.0
1989-08-23,-5.5725,-5.3225,-5.6025,-5.3225,9217600.0
1989-08-24,-5.29,-4.885,-5.29,-4.885,11966400.0
1989-08-25,-4.885,-4.885,-5.165,-5.135,5985600.0
1989-08-28,-5.135,-5.01,-5.26,-5.04,5264000.0
1989-08-29,-5.04,-4.915,-5.165,-5.1025,5406400.0
1989-08-30,-5.1025,-4.9775,-5.3225,-5.26,7014400.0
1989-08-31,-5.29,-5.29,-5.4475,-5.29,5817600.0
1989-09-01,-5.29,-5.04,-5.415,-5.1025,5731200.0
1989-09-05,-5.29,-5.29,-5.51,-5.51,8108800.0
1989-09-06,-5.51,-5.4775,-5.8525,-5.7275,11732800.0
1989-09-07,-5.7275,-5.665,-5.76,-5.7275,7004800.0
1989-09-08,-5.79,-5.79,-6.1025,-5.9775,8747200.0
1989-09-11,-6.04,-6.04,-6.29,-6.165,11241600.0
1989-09-12,-6.165,-5.945,-6.195,-6.04,6300800.0
1989-09-13,-6.04,-5.945,-6.3525,-6.3525,10492800.0
1989-09-14,-6.3525,-5.915,-6.415,-6.0075,7468800.0
1989-09-15,-6.0075,-5.8225,-6.2275,-6.1325,22028800.0
1989-09-18,-6.1325,-6.1325,-6.2575,-6.195,6956800.0
1989-09-19,-6.195,-6.1025,-6.29,-6.2575,6976000.0
1989-09-20,-6.2575,-6.2275,-6.32,-6.29,6579200.0
1989-09-21,-6.29,-6.2575,-6.6025,-6.57,7801600.0
1989-09-22,-6.54,-6.32,-6.54,-6.32,5865600.0
1989-09-25,-6.32,-5.79,-6.445,-6.165,12844800.0
1989-09-26,-6.04,-5.76,-6.04,-5.885,11998400.0
1989-09-27,-5.885,-5.7275,-5.945,-5.76,7195200.0
1989-09-28,-5.6975,-5.04,-5.6975,-5.04,19286400.0
1989-09-29,-5.04,-4.885,-5.165,-5.165,10758400.0
1989-10-02,-5.165,-4.79,-5.385,-4.79,8988800.0
1989-10-03,-4.7275,-4.3525,-4.7275,-4.3525,17321600.0
1989-10-04,-4.3525,-4.2275,-4.4775,-4.29,12864000.0
1989-10-05,-4.29,-4.2275,-4.4475,-4.385,11686400.0
1989-10-06,-4.385,-4.2275,-4.415,-4.26,7953600.0
1989-10-09,-4.26,-4.1975,-4.51,-4.385,5836800.0
1989-10-10,-4.385,-4.26,-4.54,-4.26,7932800.0
1989-10-11,-4.26,-4.26,-4.4775,-4.3225,6235200.0
1989-10-12,-4.3225,-4.29,-4.6025,-4.54,7436800.0
1989-10-13,-4.54,-4.4775,-5.79,-5.7275,12193600.0
1989-10-16,-5.7275,-5.2275,-6.445,-5.2275,27982400.0
1989-10-17,-5.2275,-5.135,-5.665,-5.2275,12380800.0
1989-10-18,-5.2275,-4.8525,-5.3225,-4.915,9488000.0
1989-10-19,-4.885,-4.1025,-4.885,-4.3225,15396800.0
1989-10-20,-4.3225,-4.165,-4.4775,-4.2275,21032000.0
1989-10-23,-4.2275,-3.8525,-4.29,-3.885,8617600.0
1989-10-24,-3.885,-3.8225,-4.51,-3.9475,26624000.0
1989-10-25,-3.9475,-3.5725,-3.9775,-3.79,10265600.0
1989-10-26,-3.79,-3.79,-4.2275,-4.135,9092800.0
1989-10-27,-4.135,-4.1025,-4.4475,-4.29,7276800.0
1989-10-30,-4.29,-4.0725,-4.3225,-4.2275,5950400.0
1989-10-31,-4.135,-3.7275,-4.135,-3.8225,7761600.0
1989-11-01,-3.8225,-3.6025,-3.8525,-3.7275,11574400.0
1989-11-02,-3.7275,-3.7275,-3.9775,-3.8225,7552000.0
1989-11-03,-3.8525,-3.8525,-3.9775,-3.9775,6179200.0
1989-11-06,-3.9775,-3.9775,-4.2275,-4.1975,5198400.0
1989-11-07,-4.1975,-3.8225,-4.1975,-3.8525,8363200.0
1989-11-08,-3.79,-3.29,-3.79,-3.29,11942400.0
1989-11-09,-3.29,-3.29,-3.51,-3.4775,7801600.0
1989-11-10,-3.4775,-3.385,-3.4775,-3.415,5793600.0
1989-11-13,-3.415,-3.385,-3.54,-3.4775,6515200.0
1989-11-14,-3.4775,-3.3525,-3.6975,-3.6025,7070400.0
1989-11-15,-3.6025,-3.3225,-3.635,-3.415,11472000.0
1989-11-16,-3.415,-2.9775,-3.4775,-3.135,11313600.0
1989-11-17,-3.135,-2.9775,-3.165,-3.01,12641600.0
1989-11-20,-3.01,-3.01,-3.135,-3.04,5315200.0
1989-11-21,-3.04,-2.6025,-3.04,-2.665,8348800.0
1989-11-22,-2.665,-2.2275,-2.665,-2.51,9708800.0
1989-11-24,-2.4775,-2.3225,-2.4775,-2.3225,4320000.0
1989-11-27,-2.3225,-2.3225,-2.5725,-2.51,8707200.0
1989-11-28,-2.51,-2.4775,-2.6025,-2.5725,6942400.0
1989-11-29,-2.5725,-2.54,-2.9475,-2.9475,6808000.0
1989-11-30,-2.915,-2.6025,-2.915,-2.6025,9264000.0
1989-12-01,-2.6025,-2.01,-2.6025,-2.1975,12512000.0
1989-12-04,-2.1975,-2.165,-2.29,-2.2275,6966400.0
1989-12-05,-2.2275,-2.2275,-2.54,-2.54,7233600.0
1989-12-06,-2.54,-2.385,-2.5725,-2.5725,7275200.0
1989-12-07,-2.5725,-2.5725,-2.7275,-2.6975,7929600.0
1989-12-08,-2.5725,-2.385,-2.5725,-2.415,8116800.0
1989-12-11,-2.385,-2.1975,-2.385,-2.2275,6990400.0
1989-12-12,-2.2275,-1.9475,-2.26,-2.04,7203200.0
1989-12-13,-1.915,-1.665,-1.915,-1.8525,11921600.0
1989-12-14,-1.915,-1.915,-2.1975,-1.9475,8640000.0
1989-12-15,-1.9475,-1.8525,-2.2275,-1.885,21356800.0
1989-12-18,-1.885,-1.6975,-2.29,-2.1025,7516800.0
1989-12-19,-2.165,-2.165,-2.51,-2.29,12377600.0
1989-12-20,-2.29,-2.2275,-2.9775,-2.8525,13288000.0
1989-12-21,-2.8525,-2.635,-3.415,-3.415,13702400.0
1989-12-22,-3.2275,-2.8225,-3.2275,-2.9475,5865600.0
1989-12-26,-2.9475,-2.8525,-3.1025,-3.04,4049600.0
1989-12-27,-3.04,-2.76,-3.04,-2.8225,3859200.0
1989-12-28,-2.8225,-2.6975,-2.8525,-2.7275,3531200.0
1989-12-29,-2.7275,-2.4775,-2.8225,-2.6025,7489600.0
1990-01-02,-2.6025,-2.415,-2.7275,-2.415,12128000.0
1990-01-03,-2.4475,-2.4475,-2.76,-2.6975,12976000.0
1990-01-04,-2.6975,-2.665,-3.04,-2.79,7841600.0
1990-01-05,-2.79,-2.6025,-2.9775,-2.9475,8305600.0
1990-01-08,-2.9475,-2.54,-3.01,-2.54,10064000.0
1990-01-09,-2.54,-2.4775,-2.79,-2.6975,7419200.0
1990-01-10,-2.6975,-2.665,-3.01,-2.8225,8865600.0
1990-01-11,-2.8225,-2.635,-2.885,-2.8225,6083200.0
1990-01-12,-3.04,-3.04,-3.54,-3.51,11931200.0
1990-01-15,-3.51,-3.4775,-3.8225,-3.8225,7740800.0
1990-01-16,-3.8225,-3.665,-4.1025,-3.665,15332800.0
1990-01-17,-3.665,-3.635,-3.885,-3.79,9076800.0
1990-01-18,-3.79,-3.76,-4.04,-3.885,13576000.0
1990-01-19,-3.8525,-3.6975,-3.8525,-3.76,10728000.0
1990-01-22,-3.76,-3.6975,-4.29,-4.29,9236800.0
1990-01-23,-4.29,-4.04,-4.51,-4.165,10224000.0
1990-01-24,-4.1975,-4.1975,-4.76,-4.26,15361600.0
1990-01-25,-4.26,-4.1975,-4.885,-4.7275,11276800.0
1990-01-26,-4.7275,-4.635,-5.3525,-5.04,10267200.0
1990-01-29,-5.04,-4.79,-5.2275,-4.8525,6878400.0
1990-01-30,-4.915,-4.915,-5.6025,-5.3525,17204800.0
1990-01-31,-5.2275,-4.6975,-5.2275,-4.6975,12382400.0
1990-02-01,-4.6975,-4.54,-4.76,-4.7275,8548800.0
1990-02-02,-4.7275,-4.3225,-4.76,-4.5725,9054400.0
1990-02-05,-4.5725,-4.51,-4.7275,-4.635,5838400.0
1990-02-06,-4.635,-4.6025,-4.79,-4.7275,6806400.0
1990-02-07,-4.7275,-4.415,-4.9475,-4.54,10907200.0
1990-02-08,-4.54,-4.3525,-4.6975,-4.5725,8243200.0
1990-02-09,-4.5725,-4.4475,-4.665,-4.665,6374400.0
1990-02-12,-4.665,-4.635,-4.915,-4.79,7777600.0
1990-02-13,-4.79,-4.76,-5.1975,-5.165,10747200.0
1990-02-14,-5.165,-4.9775,-5.165,-5.135,6832000.0
1990-02-15,-5.135,-4.54,-5.1975,-4.54,12192000.0
1990-02-16,-4.54,-4.415,-4.79,-4.79,18003200.0
1990-02-20,-4.79,-4.7275,-5.01,-4.79,12427200.0
1990-02-21,-4.79,-4.665,-5.01,-4.79,9185600.0
1990-02-22,-4.79,-4.51,-4.9775,-4.9775,8985600.0
1990-02-23,-4.9775,-4.7275,-5.04,-4.915,7696000.0
1990-02-26,-4.885,-4.5725,-4.885,-4.6025,11713600.0
1990-02-27,-4.6025,-4.415,-4.6025,-4.4475,8505600.0
1990-02-28,-4.4475,-4.1975,-4.4775,-4.29,11028800.0
1990-03-01,-4.29,-4.04,-4.3225,-4.2275,8774400.0
1990-03-02,-4.2275,-4.135,-4.385,-4.3525,7872000.0
1990-03-05,-4.3525,-4.3225,-4.51,-4.3525,7692800.0
1990-03-06,-4.3225,-4.04,-4.3225,-4.04,8390400.0
1990-03-07,-4.04,-3.9475,-4.1025,-4.0725,8684800.0
1990-03-08,-4.0725,-3.79,-4.0725,-3.8225,8859200.0
1990-03-09,-3.885,-3.885,-4.04,-3.915,7550400.0
1990-03-12,-3.915,-3.8225,-3.9775,-3.885,5737600.0
1990-03-13,-3.885,-3.7275,-4.01,-3.9475,7083200.0
1990-03-14,-3.9475,-3.76,-3.9475,-3.8225,7619200.0
1990-03-15,-3.8225,-3.665,-3.9775,-3.8525,11937600.0
1990-03-16,-3.8525,-3.6025,-4.04,-3.6025,19692800.0
1990-03-19,-3.6025,-3.0725,-3.7275,-3.0725,9969600.0
1990-03-20,-3.1025,-3.1025,-3.385,-3.29,9228800.0
1990-03-21,-3.29,-3.165,-3.4475,-3.415,6934400.0
1990-03-22,-3.415,-3.385,-3.8525,-3.79,11059200.0
1990-03-23,-3.665,-3.385,-3.665,-3.385,6980800.0
1990-03-26,-3.3525,-3.135,-3.3525,-3.3225,6377600.0
1990-03-27,-3.3225,-3.04,-3.385,-3.0725,4960000.0
1990-03-28,-3.0725,-2.915,-3.135,-2.9475,8868800.0
1990-03-29,-2.9475,-2.9475,-3.165,-3.04,4139200.0
1990-03-30,-3.0725,-3.0725,-3.29,-3.2275,6723200.0
1990-04-02,-3.2275,-2.915,-3.3525,-2.915,8150400.0
1990-04-03,-2.915,-2.51,-2.915,-2.6025,7921600.0
1990-04-04,-2.6025,-2.4475,-2.665,-2.5725,9377600.0
1990-04-05,-2.5725,-2.385,-2.5725,-2.54,10656000.0
1990-04-06,-2.54,-2.415,-2.5725,-2.4475,4737600.0
1990-04-09,-2.4475,-2.1025,-2.4775,-2.1025,7606400.0
1990-04-10,-2.1025,-1.8225,-2.1975,-1.885,8307200.0
1990-04-11,-1.885,-1.635,-1.915,-1.915,10440000.0
1990-04-12,-1.915,-1.7275,-1.915,-1.79,6596800.0
1990-04-16,-1.79,-1.6025,-1.915,-1.8225,7896000.0
1990-04-17,-1.8225,-1.76,-1.915,-1.8525,8779200.0
1990-04-18,-1.8525,-1.8225,-2.165,-2.1025,8091200.0
1990-04-19,-2.1975,-2.1975,-2.6025,-2.5725,10492800.0
1990-04-20,-2.5725,-2.54,-2.915,-2.76,20001600.0
1990-04-23,-2.76,-2.665,-2.9475,-2.6975,9352000.0
1990-04-24,-2.6975,-2.54,-2.6975,-2.665,6596800.0
1990-04-25,-2.665,-2.5725,-2.7275,-2.665,6534400.0
1990-04-26,-2.665,-2.5725,-2.79,-2.665,4376000.0
1990-04-27,-2.665,-2.665,-3.135,-3.1025,7225600.0
1990-04-30,-3.1025,-2.7275,-3.135,-2.8525,5819200.0
1990-05-01,-2.8525,-2.415,-2.8525,-2.7275,11180800.0
1990-05-02,-2.6975,-2.4775,-2.6975,-2.5725,10331200.0
1990-05-03,-2.5725,-2.3225,-2.5725,-2.415,10083200.0
1990-05-04,-2.415,-2.26,-2.4475,-2.3525,8049600.0
1990-05-07,-2.3525,-2.1975,-2.3525,-2.2275,9718400.0
1990-05-08,-2.2275,-2.01,-2.29,-2.01,10569600.0
1990-05-09,-2.01,-1.8525,-2.135,-1.9475,10776000.0
1990-05-10,-1.9475,-1.885,-2.04,-1.915,10272000.0
1990-05-11,-1.885,-1.04,-1.885,-1.1025,26448000.0
1990-05-14,-11.165,-11.165,-11.54,-11.415,12905600.0
1990-05-15,-11.415,-11.3525,-11.54,-11.445,9708000.0
1990-05-16,-11.445,-11.29,-11.54,-11.3825,6830400.0
1990-05-17,-11.3525,-11.195,-11.3525,-11.2575,7936000.0
1990-05-18,-11.2575,-11.2575,-11.3825,-11.29,13655200.0
1990-05-21,-11.29,-10.8825,-11.32,-11.04,11081600.0
1990-05-22,-11.04,-10.8525,-11.1025,-11.04,9773600.0
1990-05-23,-11.04,-10.695,-11.04,-10.695,8370400.0
1990-05-24,-10.695,-10.4775,-10.695,-10.57,10206400.0
1990-05-25,-10.6325,-10.6325,-10.9775,-10.945,6554400.0
1990-05-29,-10.945,-10.4775,-10.9775,-10.54,6836000.0
1990-05-30,-10.54,-10.445,-10.7275,-10.665,8861600.0
1990-05-31,-10.665,-10.54,-10.7275,-10.6325,10946400.0
1990-06-01,-10.6325,-10.5075,-10.695,-10.6025,9704800.0
1990-06-04,-10.6025,-10.2575,-10.665,-10.29,10760800.0
1990-06-05,-10.29,-10.195,-10.5075,-10.415,8819200.0
1990-06-06,-10.415,-10.3825,-10.6325,-10.57,10065600.0
1990-06-07,-10.57,-10.5075,-10.82,-10.7275,5696800.0
1990-06-08,-10.7275,-10.665,-10.915,-10.8525,10308000.0
1990-06-11,-10.8525,-10.7275,-10.915,-10.79,7884000.0
1990-06-12,-10.79,-10.5075,-10.8825,-10.57,9067200.0
1990-06-13,-10.57,-10.415,-10.6325,-10.6025,8102400.0
1990-06-14,-10.6325,-10.6325,-10.79,-10.695,4916800.0
1990-06-15,-10.695,-10.6325,-10.8825,-10.665,17791200.0
1990-06-18,-10.695,-10.695,-10.945,-10.8825,6411200.0
1990-06-19,-10.8825,-10.7575,-11.04,-10.915,7148800.0
1990-06-20,-10.915,-10.79,-11.07,-10.8825,5858400.0
1990-06-21,-10.8825,-10.79,-11.04,-10.82,4329600.0
1990-06-22,-10.82,-10.665,-11.1325,-11.07,8965600.0
1990-06-25,-11.07,-10.9775,-11.32,-11.195,7290400.0
1990-06-26,-11.165,-10.945,-11.165,-11.1025,5352000.0
1990-06-27,-11.1025,-10.7575,-11.1325,-10.82,6396800.0
1990-06-28,-10.79,-10.665,-10.79,-10.665,5472800.0
1990-06-29,-10.665,-10.57,-10.8525,-10.82,5683200.0
1990-07-02,-10.82,-10.7575,-10.8825,-10.7575,3917600.0
1990-07-03,-10.7575,-10.695,-10.82,-10.695,3346400.0
1990-07-05,-10.7575,-10.7575,-11.0075,-10.8525,6097600.0
1990-07-06,-10.8525,-10.6025,-10.945,-10.7275,6231200.0
1990-07-09,-10.7275,-10.6025,-10.8525,-10.82,5697600.0
1990-07-10,-10.82,-10.79,-10.945,-10.915,3634400.0
1990-07-11,-10.915,-10.7575,-10.915,-10.79,5312800.0
1990-07-12,-10.79,-10.4775,-10.915,-10.665,7514400.0
1990-07-13,-10.665,-10.5075,-10.79,-10.695,8222400.0
1990-07-16,-10.665,-10.5075,-10.665,-10.57,7784000.0
1990-07-17,-10.4775,-10.07,-10.4775,-10.1025,12912000.0
1990-07-18,-10.1025,-9.82,-10.195,-10.07,13242400.0
1990-07-19,-10.07,-9.9775,-10.3525,-9.9775,7619200.0
1990-07-20,-9.9775,-9.8525,-10.195,-10.07,11068800.0
1990-07-23,-10.1325,-10.1325,-10.665,-10.3825,9453600.0
1990-07-24,-10.3825,-10.2575,-10.6325,-10.415,6985600.0
1990-07-25,-10.415,-10.3525,-10.5075,-10.4775,5044000.0
1990-07-26,-10.4775,-10.3825,-10.6325,-10.415,6570400.0
1990-07-27,-10.415,-10.3825,-10.54,-10.5075,6946400.0
1990-07-30,-10.5075,-10.445,-10.665,-10.4775,6835200.0
1990-07-31,-10.4775,-10.4775,-10.665,-10.57,5208000.0
1990-08-01,-10.57,-10.5075,-10.695,-10.57,5400000.0
1990-08-02,-10.7275,-10.7275,-10.915,-10.8825,7282400.0
1990-08-03,-10.8825,-10.8525,-11.54,-11.0075,15926400.0
1990-08-06,-11.29,-11.29,-11.7275,-11.54,10755200.0
1990-08-07,-11.4775,-11.1325,-11.4775,-11.32,10503200.0
1990-08-08,-11.29,-10.82,-11.29,-10.915,8628000.0
1990-08-09,-10.915,-10.695,-11.0075,-10.7275,6508000.0
1990-08-10,-10.7275,-10.7275,-11.04,-10.9775,5182400.0
1990-08-13,-10.9775,-10.79,-11.1025,-10.79,6158400.0
1990-08-14,-10.79,-10.695,-10.915,-10.79,6545600.0
1990-08-15,-10.79,-10.665,-10.79,-10.7575,7336800.0
1990-08-16,-10.7575,-10.7575,-11.1325,-11.1325,4498400.0
1990-08-17,-11.2275,-11.2275,-11.5075,-11.415,16098400.0
1990-08-20,-11.3825,-11.2275,-11.3825,-11.3525,4609600.0
1990-08-21,-11.3525,-11.32,-11.8525,-11.57,11303200.0
1990-08-22,-11.57,-11.445,-12.1025,-12.04,11397600.0
1990-08-23,-12.07,-12.07,-12.6025,-12.5075,11197600.0
1990-08-24,-12.5075,-12.07,-12.5075,-12.165,10428000.0
1990-08-27,-11.6325,-11.445,-11.6325,-11.5075,10866400.0
1990-08-28,-11.5075,-11.32,-11.54,-11.4775,7428800.0
1990-08-29,-11.4775,-11.07,-11.4775,-11.2275,7240000.0
1990-08-30,-11.2275,-11.165,-11.6325,-11.6025,4625600.0
1990-08-31,-11.6025,-11.3525,-11.7275,-11.3525,4710400.0
1990-09-04,-11.3525,-11.2275,-11.6025,-11.2275,3635200.0
1990-09-05,-11.2275,-11.2275,-11.415,-11.29,4678400.0
1990-09-06,-11.3525,-11.3525,-11.6325,-11.6325,4591200.0
1990-09-07,-11.6325,-11.2575,-11.695,-11.3825,6634400.0
1990-09-10,-11.3825,-11.165,-11.3825,-11.3525,6900000.0
1990-09-11,-11.3525,-11.32,-11.5075,-11.415,4194400.0
1990-09-12,-11.415,-11.29,-11.5075,-11.3825,3696000.0
1990-09-13,-11.3825,-11.3525,-11.665,-11.6025,2884000.0
1990-09-14,-11.695,-11.695,-11.8525,-11.7275,5895200.0
1990-09-17,-11.7275,-11.6325,-11.8525,-11.79,5327200.0
1990-09-18,-11.79,-11.57,-11.9775,-11.6025,9506400.0
1990-09-19,-11.6025,-11.54,-11.9775,-11.9775,6417600.0
1990-09-20,-12.0075,-12.0075,-12.415,-12.2275,8954400.0
1990-09-21,-12.2275,-12.07,-12.4775,-12.1325,13014400.0
1990-09-24,-12.165,-12.165,-12.5075,-12.32,6928800.0
1990-09-25,-12.32,-12.1025,-12.445,-12.1325,6331200.0
1990-09-26,-12.1325,-12.04,-12.3825,-12.2275,5137600.0
1990-09-27,-12.2275,-12.0075,-12.57,-12.195,7120000.0
1990-09-28,-12.195,-12.04,-12.54,-12.04,8072000.0
1990-10-01,-11.945,-11.4775,-11.945,-11.5075,12339200.0
1990-10-02,-11.5075,-11.2575,-11.6025,-11.6025,8141600.0
1990-10-03,-11.6025,-11.3525,-11.665,-11.6325,6508000.0
1990-10-04,-11.6325,-11.445,-11.8525,-11.4775,5352800.0
1990-10-05,-11.4775,-11.165,-11.7575,-11.3525,7832800.0
1990-10-08,-11.29,-11.165,-11.29,-11.2275,4568000.0
1990-10-09,-11.2575,-11.2575,-11.665,-11.665,6068000.0
1990-10-10,-11.665,-11.445,-11.945,-11.8525,6849600.0
1990-10-11,-11.8525,-11.665,-11.9775,-11.82,7114400.0
1990-10-12,-11.7575,-11.415,-11.7575,-11.5075,8716800.0
1990-10-15,-11.5075,-11.2575,-11.8525,-11.3525,7488000.0
1990-10-16,-11.3525,-11.165,-11.5075,-11.4775,6931200.0
1990-10-17,-11.4775,-11.29,-11.7275,-11.5075,7258400.0
1990-10-18,-11.3825,-11.04,-11.3825,-11.07,14043200.0
1990-10-19,-10.8825,-10.4775,-10.8825,-10.4775,18340800.0
1990-10-22,-10.5075,-10.5075,-10.7575,-10.6325,13159200.0
1990-10-23,-10.6325,-10.5075,-10.7575,-10.6325,7696000.0
1990-10-24,-10.6325,-10.4775,-10.7275,-10.5075,7243200.0
1990-10-25,-10.5075,-10.3825,-10.7275,-10.665,7098400.0
1990-10-26,-10.665,-10.665,-10.915,-10.8525,6645600.0
1990-10-29,-10.8525,-10.7575,-11.1025,-10.9775,6715200.0
1990-10-30,-10.9775,-10.695,-11.0075,-10.695,7747200.0
1990-10-31,-10.695,-10.57,-10.8825,-10.695,6865600.0
1990-11-01,-10.695,-10.6325,-10.8525,-10.6325,5812800.0
1990-11-02,-10.6325,-10.54,-10.695,-10.6325,5260800.0
1990-11-05,-10.6325,-10.4775,-10.7575,-10.6025,4985600.0
1990-11-06,-10.6025,-10.6025,-10.79,-10.7575,4175200.0
1990-11-07,-10.79,-10.79,-10.915,-10.8825,6584000.0
1990-11-08,-10.8825,-10.7275,-10.9775,-10.945,5378400.0
1990-11-09,-10.945,-10.695,-11.04,-10.695,6849600.0
1990-11-12,-10.695,-10.57,-10.79,-10.57,7772800.0
1990-11-13,-10.6025,-10.6025,-10.79,-10.665,5712000.0
1990-11-14,-10.665,-10.445,-10.665,-10.57,8936800.0
1990-11-15,-10.57,-10.54,-10.695,-10.6025,5086400.0
1990-11-16,-10.6025,-10.4775,-10.6025,-10.4775,10712000.0
1990-11-19,-10.415,-10.165,-10.415,-10.2575,8644000.0
1990-11-20,-10.2575,-10.165,-10.3525,-10.32,5687200.0
1990-11-21,-10.32,-10.2275,-10.57,-10.445,8036000.0
1990-11-23,-10.445,-10.29,-10.6025,-10.4775,2296000.0
1990-11-26,-10.6325,-10.6325,-10.7275,-10.695,6999200.0
1990-11-27,-10.695,-10.3825,-10.8525,-10.3825,9194400.0
1990-11-28,-10.3825,-10.3525,-10.57,-10.54,4789600.0
1990-11-29,-10.54,-10.445,-10.82,-10.7275,6990400.0
1990-11-30,-10.7275,-10.2575,-10.79,-10.3525,12562400.0
1990-12-03,-10.3525,-10.165,-10.3825,-10.2275,8604800.0
1990-12-04,-10.2275,-10.165,-10.5075,-10.195,5730400.0
1990-12-05,-10.195,-10.0075,-10.29,-10.04,6846400.0
1990-12-06,-10.04,-9.79,-10.195,-10.165,8452000.0
1990-12-07,-10.165,-10.1325,-10.3525,-10.195,7092800.0
1990-12-10,-10.195,-10.07,-10.29,-10.1325,4337600.0
1990-12-11,-10.1325,-10.1025,-10.2575,-10.195,3506400.0
1990-12-12,-10.195,-9.82,-10.2275,-9.8525,8892000.0
1990-12-13,-9.8525,-9.695,-9.945,-9.8825,4800800.0
1990-12-14,-9.915,-9.915,-10.1025,-10.04,5280800.0
1990-12-17,-10.04,-9.8825,-10.195,-9.945,4386400.0
1990-12-18,-9.915,-9.665,-9.915,-9.7275,6528000.0
1990-12-19,-9.7275,-9.665,-10.0075,-9.945,7000800.0
1990-12-20,-9.945,-9.82,-10.195,-9.8825,8549600.0
1990-12-21,-9.8525,-9.7275,-9.8525,-9.79,14704800.0
1990-12-24,-9.79,-9.79,-10.07,-10.07,4334400.0
1990-12-26,-10.07,-9.9775,-10.1025,-10.07,3280800.0
1990-12-27,-10.07,-10.07,-10.29,-10.195,3064000.0
1990-12-28,-10.195,-10.195,-10.32,-10.2575,2795200.0
1990-12-31,-10.2575,-10.2275,-10.3825,-10.29,2903200.0
1991-01-02,-10.32,-10.32,-10.6025,-10.6025,6984000.0
1991-01-03,-10.6025,-10.445,-10.945,-10.915,10714400.0
1991-01-04,-10.915,-10.57,-10.945,-10.6325,11523200.0
1991-01-07,-10.6325,-10.6025,-10.82,-10.82,7932000.0
1991-01-08,-10.82,-10.7575,-10.9775,-10.915,9088000.0
1991-01-09,-10.915,-10.57,-11.2575,-11.165,11512800.0
1991-01-10,-11.07,-10.915,-11.07,-10.9775,5851200.0
1991-01-11,-10.9775,-10.79,-10.9775,-10.8525,5981600.0
1991-01-14,-10.8525,-10.7575,-11.07,-10.82,10391200.0
1991-01-15,-10.82,-10.79,-10.915,-10.82,5276800.0
1991-01-16,-10.82,-10.665,-10.8825,-10.695,5833600.0
1991-01-17,-10.32,-9.945,-10.32,-9.9775,15309600.0
1991-01-18,-9.9775,-9.7575,-10.07,-9.7575,36192000.0
1991-01-21,-9.8525,-9.8525,-9.9775,-9.915,5117600.0
1991-01-22,-9.915,-9.82,-10.04,-9.915,5416000.0
1991-01-23,-9.915,-9.82,-10.0075,-9.8825,5496800.0
1991-01-24,-9.8525,-9.6325,-9.8525,-9.695,7860800.0
1991-01-25,-9.695,-9.665,-10.0075,-9.9775,5105600.0
1991-01-28,-9.9775,-9.8525,-10.04,-10.0075,3941600.0
1991-01-29,-10.0075,-9.9775,-10.165,-10.07,4832000.0
1991-01-30,-10.07,-9.7275,-10.1325,-9.7275,6149600.0
1991-01-31,-9.7275,-9.7275,-9.8525,-9.7275,5119200.0
1991-02-01,-9.7575,-9.7575,-10.165,-10.1025,9326400.0
1991-02-04,-10.07,-9.79,-10.07,-9.8525,6572800.0
1991-02-05,-9.8525,-9.3825,-9.9775,-9.445,10334400.0
1991-02-06,-9.445,-8.945,-9.54,-9.04,9561600.0
1991-02-07,-9.04,-9.0075,-9.54,-9.54,11042400.0
1991-02-08,-9.5075,-9.2575,-9.5075,-9.29,5133600.0
1991-02-11,-9.2575,-8.945,-9.2575,-8.945,9625600.0
1991-02-12,-8.9775,-8.9775,-9.2275,-9.195,10092000.0
1991-02-13,-9.195,-8.915,-9.195,-8.945,5859200.0
1991-02-14,-8.945,-8.79,-9.1325,-9.04,7536000.0
1991-02-15,-9.04,-8.665,-9.04,-8.79,16798400.0
1991-02-19,-8.79,-8.79,-9.0075,-8.82,8104000.0
1991-02-20,-8.915,-8.915,-9.07,-8.9775,6200000.0
1991-02-21,-8.9775,-8.7275,-9.04,-8.7575,6026400.0
1991-02-22,-8.7575,-8.32,-8.945,-8.6025,9677600.0
1991-02-25,-8.57,-8.3525,-8.57,-8.54,6764000.0
1991-02-26,-8.57,-8.57,-8.7275,-8.6325,4819200.0
1991-02-27,-8.6025,-8.415,-8.6025,-8.54,4764000.0
1991-02-28,-8.54,-8.415,-8.915,-8.82,6904800.0
1991-03-01,-8.82,-8.7275,-9.1325,-8.7275,6161600.0
1991-03-04,-8.7275,-8.695,-8.9775,-8.9775,5211200.0
1991-03-05,-8.9775,-8.5075,-9.04,-8.6025,7505600.0
1991-03-06,-8.6025,-8.57,-8.8825,-8.82,10966400.0
1991-03-07,-8.82,-8.57,-8.8525,-8.8525,4901600.0
1991-03-08,-8.8525,-8.665,-8.8825,-8.8525,6270400.0
1991-03-11,-8.8525,-8.79,-8.945,-8.915,4197600.0
1991-03-12,-8.915,-8.8825,-9.04,-9.0075,6292800.0
1991-03-13,-9.0075,-8.6025,-9.04,-8.6325,5283200.0
1991-03-14,-8.6025,-8.2575,-8.6025,-8.5075,8900800.0
1991-03-15,-8.5075,-8.4775,-8.695,-8.5075,15984800.0
1991-03-18,-8.5075,-8.32,-8.6025,-8.415,5065600.0
1991-03-19,-8.415,-8.32,-8.665,-8.6025,6990400.0
1991-03-20,-8.445,-8.04,-8.445,-8.2575,8073600.0
1991-03-21,-8.2575,-8.1325,-8.4775,-8.415,5676000.0
1991-03-22,-8.415,-8.3825,-8.6325,-8.415,6255200.0
1991-03-25,-8.415,-8.3525,-8.665,-8.6325,5024000.0
1991-03-26,-8.6325,-8.3525,-8.695,-8.415,8988000.0
1991-03-27,-8.415,-8.195,-8.445,-8.3525,6595200.0
1991-03-28,-8.3525,-8.165,-8.3825,-8.3525,3955200.0
1991-04-01,-8.3525,-8.195,-8.3825,-8.2275,6373600.0
1991-04-02,-8.195,-7.79,-8.195,-7.79,7321600.0
1991-04-03,-7.79,-7.7275,-8.0075,-7.9775,5346400.0
1991-04-04,-7.9775,-7.8525,-8.1325,-8.04,5715200.0
1991-04-05,-8.07,-8.07,-8.415,-8.3825,8764000.0
1991-04-08,-8.3825,-8.32,-8.6025,-8.4775,5510400.0
1991-04-09,-8.4775,-8.4775,-8.7275,-8.695,6700800.0
1991-04-10,-8.695,-8.6325,-8.82,-8.695,7590400.0
1991-04-11,-8.695,-8.57,-8.7575,-8.7275,8280800.0
1991-04-12,-8.7275,-8.5075,-8.8525,-8.5075,7653600.0
1991-04-15,-8.5075,-8.2575,-8.5075,-8.3825,5885600.0
1991-04-16,-8.3825,-8.0075,-8.445,-8.04,7089600.0
1991-04-17,-8.04,-7.7575,-8.165,-7.915,9420800.0
1991-04-18,-8.04,-8.04,-8.195,-8.165,7506400.0
1991-04-19,-8.195,-8.195,-8.415,-8.3525,12960800.0
1991-04-22,-8.3525,-8.32,-8.4775,-8.3525,6692000.0
1991-04-23,-8.3525,-8.32,-8.4775,-8.415,7520000.0
1991-04-24,-8.415,-8.3525,-8.54,-8.4775,7461600.0
1991-04-25,-8.4775,-8.4775,-8.695,-8.6025,7715200.0
1991-04-26,-8.665,-8.665,-8.82,-8.665,5967200.0
1991-04-29,-8.665,-8.6325,-9.07,-9.07,6931200.0
1991-04-30,-8.9775,-8.665,-8.9775,-8.7275,13637600.0
1991-05-01,-8.7275,-8.3525,-8.7575,-8.3525,7298400.0
1991-05-02,-8.3525,-8.1025,-8.3525,-8.32,8173600.0
1991-05-03,-8.32,-8.1325,-8.3525,-8.1325,3240000.0
1991-05-06,-8.1325,-8.0075,-8.2575,-8.1025,4995200.0
1991-05-07,-8.1025,-8.04,-8.3525,-8.2275,4047200.0
1991-05-08,-8.2275,-8.195,-8.57,-8.2275,3489600.0
1991-05-09,-8.2275,-7.8825,-8.2575,-7.915,7231200.0
1991-05-10,-7.915,-7.915,-8.2575,-8.2275,6131200.0
1991-05-13,-8.2275,-8.195,-8.3825,-8.32,3727200.0
1991-05-14,-8.3525,-8.3525,-8.54,-8.445,4739200.0
1991-05-15,-8.445,-8.29,-8.665,-8.4775,6129600.0
1991-05-16,-8.445,-8.1025,-8.445,-8.165,6307200.0
1991-05-17,-8.165,-8.1025,-8.3525,-8.195,14728800.0
1991-05-20,-8.195,-8.1025,-8.3525,-8.1325,6214400.0
1991-05-21,-8.1325,-7.79,-8.1325,-7.945,7788800.0
1991-05-22,-7.945,-7.8825,-8.0075,-7.915,5528800.0
1991-05-23,-7.915,-7.7575,-8.2275,-8.165,5888800.0
1991-05-24,-8.1025,-7.82,-8.1025,-7.945,3540800.0
1991-05-28,-7.945,-7.79,-7.9775,-7.79,4583200.0
1991-05-29,-7.79,-7.79,-7.945,-7.79,5548800.0
1991-05-30,-7.79,-7.415,-7.79,-7.57,9415200.0
1991-05-31,-7.57,-7.54,-7.82,-7.6025,6398400.0
1991-06-03,-7.6325,-7.6325,-7.8525,-7.79,3892800.0
1991-06-04,-7.79,-7.79,-7.8825,-7.8525,4304800.0
1991-06-05,-7.8825,-7.8825,-8.1325,-8.1025,6820000.0
1991-06-06,-8.1025,-8.07,-8.2575,-8.195,5696000.0
1991-06-07,-8.195,-8.04,-8.2275,-8.195,5256000.0
1991-06-10,-8.195,-8.1325,-8.2275,-8.1325,3992000.0
1991-06-11,-8.1325,-7.9775,-8.165,-8.04,4732800.0
1991-06-12,-8.04,-8.04,-8.3525,-8.2575,4011200.0
1991-06-13,-8.2575,-8.07,-8.29,-8.07,4829600.0
1991-06-14,-7.9775,-7.79,-7.9775,-7.8825,6188800.0
1991-06-17,-7.8825,-7.82,-7.9775,-7.915,3927200.0
1991-06-18,-7.915,-7.8525,-8.195,-8.1325,5197600.0
1991-06-19,-8.165,-8.165,-8.3525,-8.165,5550400.0
1991-06-20,-8.1325,-7.9775,-8.1325,-8.04,5080800.0
1991-06-21,-8.04,-8.04,-8.195,-8.04,12892800.0
1991-06-24,-8.04,-8.04,-8.1325,-8.1325,4656000.0
1991-06-25,-8.1325,-8.07,-8.3525,-8.2575,6441600.0
1991-06-26,-8.2575,-8.04,-8.3825,-8.165,6470400.0
1991-06-27,-8.165,-7.9775,-8.2575,-8.2275,7284800.0
1991-06-28,-8.2275,-8.2275,-8.5075,-8.29,7011200.0
1991-07-01,-8.29,-7.915,-8.29,-7.915,8772800.0
1991-07-02,-7.915,-7.8825,-8.04,-7.945,6374400.0
1991-07-03,-8.0075,-8.0075,-8.1325,-8.0075,4249600.0
1991-07-05,-8.0075,-7.945,-8.07,-7.945,2895200.0
1991-07-08,-7.945,-7.79,-8.1325,-7.79,5604800.0
1991-07-09,-7.79,-7.7575,-8.04,-7.9775,4683200.0
1991-07-10,-7.9775,-7.7575,-8.165,-8.07,7272000.0
1991-07-11,-8.07,-7.945,-8.165,-7.945,5744000.0
1991-07-12,-7.8525,-7.415,-7.8525,-7.4775,7077600.0
1991-07-15,-7.4775,-7.415,-7.6025,-7.5075,4330400.0
1991-07-16,-7.5075,-7.3825,-7.54,-7.4775,5164800.0
1991-07-17,-7.445,-7.195,-7.445,-7.3525,5624800.0
1991-07-18,-7.2575,-6.945,-7.2575,-6.945,7239200.0
1991-07-19,-6.945,-6.915,-7.1325,-7.04,9734400.0
1991-07-22,-7.04,-6.9775,-7.29,-7.195,3737600.0
1991-07-23,-7.195,-7.1025,-7.3525,-7.32,4256000.0
1991-07-24,-7.32,-7.195,-7.3525,-7.3525,4487200.0
1991-07-25,-7.3525,-7.29,-7.445,-7.3525,4695200.0
1991-07-26,-7.3525,-7.3525,-7.5075,-7.445,3217600.0
1991-07-29,-7.445,-7.29,-7.4775,-7.29,3764000.0
1991-07-30,-7.29,-7.04,-7.29,-7.07,5444800.0
1991-07-31,-7.07,-6.8525,-7.1025,-6.8825,5164800.0
1991-08-01,-6.8825,-6.665,-6.945,-6.695,5954400.0
1991-08-02,-6.665,-6.415,-6.665,-6.445,9049600.0
1991-08-05,-6.445,-6.32,-6.6325,-6.3825,7994400.0
1991-08-06,-6.3825,-5.915,-6.3825,-6.04,9585600.0
1991-08-07,-6.04,-5.915,-6.1025,-6.07,6037600.0
1991-08-08,-6.07,-5.9775,-6.2575,-6.165,7388000.0
1991-08-09,-6.165,-6.0075,-6.2575,-6.195,4715200.0
1991-08-12,-6.195,-6.1025,-6.2575,-6.1025,2996000.0
1991-08-13,-6.1025,-5.8225,-6.1025,-6.04,5688800.0
1991-08-14,-6.0075,-5.76,-6.0075,-5.9775,6452000.0
1991-08-15,-5.9775,-5.76,-6.0075,-5.945,6915200.0
1991-08-16,-5.945,-5.945,-6.29,-6.2275,11050400.0
1991-08-19,-6.32,-6.32,-6.7575,-6.445,12988000.0
1991-08-20,-6.32,-6.07,-6.32,-6.1025,6068000.0
1991-08-21,-5.885,-5.635,-5.885,-5.635,11986400.0
1991-08-22,-5.635,-5.5725,-5.7275,-5.6975,6764000.0
1991-08-23,-5.6975,-5.51,-5.76,-5.665,6757600.0
1991-08-26,-5.665,-5.635,-5.76,-5.6975,2820000.0
1991-08-27,-5.6975,-5.665,-5.8525,-5.76,5784000.0
1991-08-28,-5.76,-5.29,-5.8225,-5.3225,5426400.0
1991-08-29,-5.3525,-5.3525,-5.51,-5.415,4911200.0
1991-08-30,-5.4475,-5.4475,-5.54,-5.4775,3175200.0
1991-09-03,-5.4775,-5.29,-5.665,-5.665,3880000.0
1991-09-04,-5.665,-5.6025,-5.945,-5.8525,5228000.0
1991-09-05,-5.8525,-5.7275,-5.915,-5.8525,5053600.0
1991-09-06,-5.8525,-5.5725,-5.915,-5.635,6240000.0
1991-09-09,-5.665,-5.665,-5.8225,-5.79,4108000.0
1991-09-10,-5.79,-5.79,-6.04,-6.0075,7043200.0
1991-09-11,-6.0075,-5.8525,-6.0075,-5.885,5141600.0
1991-09-12,-5.885,-5.7275,-5.885,-5.7275,3620800.0
1991-09-13,-5.76,-5.76,-6.04,-5.79,4693600.0
1991-09-16,-5.79,-5.5725,-5.8225,-5.5725,5277600.0
1991-09-17,-5.5725,-5.4775,-5.635,-5.635,4330400.0
1991-09-18,-5.635,-5.54,-5.6975,-5.54,1933600.0
1991-09-19,-5.54,-5.51,-5.665,-5.665,4171200.0
1991-09-20,-5.665,-5.6025,-5.76,-5.7275,9328800.0
1991-09-23,-5.7275,-5.6975,-5.885,-5.885,4756000.0
1991-09-24,-5.885,-5.7275,-5.885,-5.8225,5363200.0
1991-09-25,-5.8225,-5.7275,-5.8525,-5.8225,4158400.0
1991-09-26,-5.8225,-5.7275,-5.885,-5.8525,2556000.0
1991-09-27,-5.8525,-5.6975,-5.885,-5.8525,4689600.0
1991-09-30,-5.8525,-5.665,-5.885,-5.79,4232800.0
1991-10-01,-5.6975,-5.5725,-5.6975,-5.665,3372000.0
1991-10-02,-5.665,-5.4475,-5.7275,-5.6975,5482400.0
1991-10-03,-5.7275,-5.7275,-5.915,-5.915,4056000.0
1991-10-04,-5.915,-5.7275,-5.9775,-5.945,3705600.0
1991-10-07,-5.945,-5.945,-6.07,-6.0075,3461600.0
1991-10-08,-6.0075,-5.76,-6.04,-5.8525,4704800.0
1991-10-09,-5.8525,-5.7275,-5.945,-5.945,5059200.0
1991-10-10,-5.945,-5.885,-6.04,-5.9775,5519200.0
1991-10-11,-5.9775,-5.9775,-6.2275,-6.165,5650400.0
1991-10-14,-6.165,-5.885,-6.165,-5.915,4215200.0
1991-10-15,-5.945,-5.945,-6.1025,-6.1025,4396800.0
1991-10-16,-6.1325,-6.1325,-6.32,-6.195,5815200.0
1991-10-17,-6.195,-6.1325,-6.32,-6.195,6658400.0
1991-10-18,-6.195,-6.0075,-6.195,-6.07,8678400.0
1991-10-21,-6.07,-6.07,-6.2575,-6.1325,4240800.0
1991-10-22,-6.1325,-6.07,-6.29,-6.2275,5229600.0
1991-10-23,-6.2275,-6.0075,-6.29,-6.165,6470400.0
1991-10-24,-6.165,-6.1325,-6.29,-6.2275,4211200.0
1991-10-25,-6.2275,-6.04,-6.2275,-6.07,4188000.0
1991-10-28,-6.07,-5.6975,-6.07,-5.6975,5356800.0
1991-10-29,-5.6975,-5.51,-5.915,-5.51,7612000.0
1991-10-30,-5.51,-5.135,-5.54,-5.1975,6825600.0
1991-10-31,-5.2275,-5.2275,-5.4475,-5.26,4979200.0
1991-11-01,-5.26,-5.01,-5.4475,-5.385,5687200.0
1991-11-04,-5.385,-5.385,-5.54,-5.4475,3093600.0
1991-11-05,-5.4475,-5.26,-5.6025,-5.5725,3200800.0
1991-11-06,-5.5725,-5.4775,-5.6975,-5.51,3370400.0
1991-11-07,-5.51,-5.4775,-5.6025,-5.51,4030400.0
1991-11-08,-5.51,-5.385,-5.51,-5.51,2972000.0
1991-11-11,-5.4775,-5.29,-5.4775,-5.3225,2246400.0
1991-11-12,-5.2275,-5.135,-5.2275,-5.165,4654400.0
1991-11-13,-5.165,-4.9475,-5.3225,-4.9475,4314400.0
1991-11-14,-4.9475,-4.8225,-5.01,-4.8225,4463200.0
1991-11-15,-4.8225,-4.54,-5.7275,-5.7275,10913600.0
1991-11-18,-5.7275,-5.135,-5.7275,-5.135,10196800.0
1991-11-19,-5.1975,-5.1975,-5.5725,-5.3225,7606400.0
1991-11-20,-5.3225,-5.2275,-5.635,-5.29,7040000.0
1991-11-21,-5.1975,-4.7275,-5.1975,-4.7275,7332000.0
1991-11-22,-4.7275,-4.51,-4.9775,-4.6025,8075200.0
1991-11-25,-4.6975,-4.6975,-5.01,-4.79,6917600.0
1991-11-26,-4.79,-4.2275,-4.915,-4.29,10404800.0
1991-11-27,-4.29,-4.2275,-4.51,-4.4475,5062400.0
1991-11-29,-4.4475,-4.4475,-4.5725,-4.5725,2163200.0
1991-12-02,-4.5725,-3.915,-4.8525,-3.9475,7852800.0
1991-12-03,-3.9475,-3.8525,-4.1025,-4.04,4532800.0
1991-12-04,-4.04,-3.9775,-4.165,-4.01,5521600.0
1991-12-05,-4.01,-3.6975,-4.165,-3.8225,6180000.0
1991-12-06,-3.8225,-3.76,-4.0725,-4.04,7234400.0
1991-12-09,-3.915,-3.665,-3.915,-3.8225,5047200.0
1991-12-10,-3.8225,-3.6975,-4.04,-4.01,4741600.0
1991-12-11,-4.01,-3.8525,-4.135,-3.885,7676000.0
1991-12-12,-3.885,-3.635,-4.01,-3.9775,4531200.0
1991-12-13,-3.915,-3.6975,-3.915,-3.915,4179200.0
1991-12-16,-3.915,-3.51,-3.9775,-3.5725,4871200.0
1991-12-17,-3.4775,-3.2275,-3.4775,-3.2275,5586400.0
1991-12-18,-3.2275,-3.165,-3.54,-3.1975,6470400.0
1991-12-19,-3.1975,-3.135,-3.3225,-3.165,6190400.0
1991-12-20,-3.165,-2.8525,-3.1975,-2.9475,18774400.0
1991-12-23,-2.9475,-2.165,-2.9775,-2.2275,9701600.0
1991-12-24,-2.2275,-1.8225,-2.2275,-1.9775,6116800.0
1991-12-26,-1.915,-1.665,-1.915,-1.76,4068000.0
1991-12-27,-1.76,-1.6025,-1.885,-1.8525,5634400.0
1991-12-30,-1.8525,-1.4775,-1.9775,-1.6025,11324800.0
1991-12-31,-1.6025,-1.5725,-2.04,-1.8525,8571200.0
1992-01-02,-1.8525,-1.8525,-2.3525,-1.8525,7871200.0
1992-01-03,-1.8525,-1.0725,-1.8525,-1.1025,10770400.0
1992-01-06,-1.1025,-1.1025,-1.3525,-1.165,11944000.0
1992-01-07,-1.26,-1.26,-1.4775,-1.3525,7460000.0
1992-01-08,-1.4475,-1.4475,-1.76,-1.7275,9102400.0
1992-01-09,-1.7275,-1.665,-1.9475,-1.915,9599200.0
1992-01-10,-1.915,-1.915,-2.385,-2.1025,7660800.0
1992-01-13,-2.135,-2.135,-2.29,-2.1975,5785600.0
1992-01-14,-2.1975,-1.8525,-2.29,-1.9775,7460800.0
1992-01-15,-1.9775,-1.8525,-2.6975,-2.665,10460000.0
1992-01-16,-2.79,-2.79,-3.4775,-3.415,17836800.0
1992-01-17,-3.415,-3.165,-3.4775,-3.385,18062400.0
1992-01-20,-3.5725,-3.5725,-3.8225,-3.76,11082400.0
1992-01-21,-3.76,-3.4475,-3.79,-3.5725,10336800.0
1992-01-22,-3.54,-3.1975,-3.54,-3.1975,9313600.0
1992-01-23,-3.1975,-3.0725,-3.3225,-3.29,9172000.0
1992-01-24,-3.29,-3.135,-3.3225,-3.1975,8289600.0
1992-01-27,-3.1975,-3.1025,-3.4775,-3.4475,5784000.0
1992-01-28,-3.4475,-3.3225,-3.79,-3.5725,7054400.0
1992-01-29,-3.5725,-3.385,-4.135,-4.04,9663200.0
1992-01-30,-3.7275,-2.5725,-3.7275,-2.635,20052800.0
1992-01-31,-2.6025,-2.1975,-2.6025,-2.54,14565600.0
1992-02-03,-2.4475,-2.165,-2.4475,-2.1975,8401600.0
1992-02-04,-2.1975,-2.04,-2.3225,-2.165,9514400.0
1992-02-05,-2.165,-2.0725,-2.4475,-2.385,8784800.0
1992-02-06,-2.385,-2.2275,-2.385,-2.26,6037600.0
1992-02-07,-2.26,-2.1025,-2.4475,-2.385,7205600.0
1992-02-10,-2.3525,-2.1975,-2.3525,-2.2275,4960000.0
1992-02-11,-2.26,-2.26,-2.54,-2.4775,5952000.0
1992-02-12,-2.4775,-2.2275,-2.4775,-2.29,7458400.0
1992-02-13,-2.3225,-2.3225,-2.665,-2.54,7588000.0
1992-02-14,-2.54,-2.3225,-2.665,-2.665,5382400.0
1992-02-18,-2.665,-2.665,-3.0725,-2.9475,8317600.0
1992-02-19,-2.9475,-2.635,-3.0725,-2.665,7134400.0
1992-02-20,-2.665,-2.0725,-2.8225,-2.135,8597600.0
1992-02-21,-2.135,-2.1025,-2.29,-2.135,10445600.0
1992-02-24,-2.135,-2.04,-2.2275,-2.04,6914400.0
1992-02-25,-2.04,-2.01,-2.1975,-2.01,6710400.0
1992-02-26,-1.9475,-1.415,-1.9475,-1.415,12094400.0
1992-02-27,-1.415,-1.29,-1.635,-1.51,7948800.0
1992-02-28,-1.51,-1.2275,-1.54,-1.4775,6268800.0
1992-03-02,-1.4775,-1.3525,-1.665,-1.5725,7392800.0
1992-03-03,-1.5725,-1.3525,-1.635,-1.54,7059200.0
1992-03-04,-1.54,-1.54,-1.885,-1.79,6328000.0
1992-03-05,-1.8225,-1.8225,-2.04,-1.8225,6616800.0
1992-03-06,-1.8225,-1.6975,-2.2275,-2.1975,7290400.0
1992-03-09,-2.1975,-1.8525,-2.415,-1.885,5384800.0
1992-03-10,-1.885,-1.415,-1.9475,-1.6025,6896800.0
1992-03-11,-1.6025,-1.385,-1.79,-1.6975,8258400.0
1992-03-12,-1.6975,-1.6025,-1.9475,-1.635,7833600.0
1992-03-13,-1.635,-1.415,-1.665,-1.5725,5007200.0
1992-03-16,-1.5725,-1.4775,-1.7275,-1.4775,4744800.0
1992-03-17,-1.4475,-1.29,-1.4475,-1.3225,5261600.0
1992-03-18,-1.3225,-1.3225,-1.6025,-1.5725,5022400.0
1992-03-19,-1.5725,-1.415,-1.915,-1.76,7393600.0
1992-03-20,-1.76,-1.635,-1.915,-1.665,12390400.0
1992-03-23,-1.665,-1.4475,-1.76,-1.4775,4636000.0
1992-03-24,-1.4775,-1.3525,-1.6975,-1.54,4421600.0
1992-03-25,-1.51,-1.3225,-1.51,-1.3525,4547200.0
1992-03-26,-1.3525,-1.2275,-1.4475,-1.29,4729600.0
1992-03-27,-1.29,-1.0725,-1.3225,-1.2275,7035200.0
1992-03-30,-1.2275,-1.1025,-1.4475,-1.385,4933600.0
1992-03-31,-1.385,-1.26,-1.54,-1.4775,6117600.0
1992-04-01,-1.4775,-1.3525,-1.7275,-1.415,7190400.0
1992-04-02,-1.415,-1.3225,-1.8525,-1.6975,7392000.0
1992-04-03,-1.6975,-1.135,-1.76,-1.165,7824000.0
1992-04-06,-1.135,-0.8225,-1.135,-1.0725,6860000.0
1992-04-07,-1.1025,-1.1025,-1.6975,-1.6975,5520800.0
1992-04-08,-1.8225,-1.8225,-2.0725,-1.915,10428800.0
1992-04-09,-1.915,-1.5725,-2.135,-1.6025,9497600.0
1992-04-10,-1.4475,-1.29,-1.4475,-1.3225,6074400.0
1992-04-13,-1.3225,-1.165,-1.51,-1.4475,5295200.0
1992-04-14,-1.4475,-1.26,-1.54,-1.415,6371200.0
1992-04-15,-1.415,-1.04,-1.665,-1.0725,7294400.0
1992-04-16,-1.0725,-1.04,-1.3525,-1.135,11262400.0
1992-04-20,-1.26,-1.26,-1.76,-1.5725,10166400.0
1992-04-21,-1.5725,-1.415,-1.6975,-1.6025,8170400.0
1992-04-22,-1.6025,-1.4775,-1.79,-1.6025,5633600.0
1992-04-23,-1.6025,-1.3225,-1.79,-1.3225,6593600.0
1992-04-24,-1.3225,-1.2275,-1.6975,-1.665,5064000.0
1992-04-27,-1.665,-1.54,-1.8225,-1.8225,5955200.0
1992-04-28,-1.8225,-1.79,-2.01,-1.8225,6930400.0
1992-04-29,-1.8225,-1.385,-1.885,-1.51,6432800.0
1992-04-30,-1.51,-1.165,-1.51,-1.165,8743200.0
1992-05-01,-1.165,-1.1025,-1.4475,-1.1975,6888000.0
1992-05-04,-1.135,-0.915,-1.135,-1.04,7102400.0
1992-05-05,-1.04,-0.9475,-1.26,-1.2275,6573600.0
1992-05-06,-1.2275,-0.9775,-1.3525,-1.26,4621600.0
1992-05-07,-1.26,-1.01,-1.29,-1.0725,4366400.0
1992-05-08,-1.0725,-0.76,-1.165,-0.79,5790400.0
1992-05-11,-0.79,-0.54,-0.79,-0.5725,7666400.0
1992-05-12,-11.1325,-11.1325,-11.29,-11.195,7776400.0
1992-05-13,-11.165,-10.8525,-11.165,-10.9775,12088800.0
1992-05-14,-10.9775,-10.915,-11.195,-11.1325,9318800.0
1992-05-15,-11.1325,-11.0075,-11.165,-11.07,11466000.0
1992-05-18,-11.04,-10.79,-11.04,-10.8525,5677600.0
1992-05-19,-10.82,-10.6325,-10.82,-10.6325,8549600.0
1992-05-20,-10.6325,-10.6325,-10.82,-10.79,6520400.0
1992-05-21,-10.82,-10.82,-10.945,-10.82,5401200.0
1992-05-22,-10.82,-10.7275,-10.8525,-10.8525,3148000.0
1992-05-26,-10.8525,-10.8525,-11.195,-11.07,7412000.0
1992-05-27,-11.0075,-10.79,-11.0075,-10.8825,6306800.0
1992-05-28,-10.8825,-10.79,-11.0075,-10.79,4652400.0
1992-05-29,-10.79,-10.7275,-10.915,-10.915,5310800.0
1992-06-01,-10.915,-10.695,-11.04,-10.7275,6213200.0
1992-06-02,-10.7275,-10.695,-10.8525,-10.8525,5227600.0
1992-06-03,-10.8525,-10.665,-10.915,-10.915,4259200.0
1992-06-04,-10.915,-10.8525,-11.2575,-11.2275,10068800.0
1992-06-05,-11.2275,-10.945,-11.2575,-10.945,6161600.0
1992-06-08,-10.945,-10.8825,-11.07,-11.0075,4330000.0
1992-06-09,-11.0075,-10.9775,-11.165,-11.1325,4434000.0
1992-06-10,-11.1325,-11.1025,-11.29,-11.2575,4842000.0
1992-06-11,-11.2575,-11.195,-11.3525,-11.2275,5511600.0
1992-06-12,-11.2275,-11.07,-11.415,-11.3525,6833200.0
1992-06-15,-11.3525,-11.32,-11.5075,-11.415,6991600.0
1992-06-16,-11.415,-11.32,-11.7275,-11.7275,9550800.0
1992-06-17,-11.7575,-11.7575,-12.1325,-12.07,17241200.0
1992-06-18,-12.07,-11.945,-12.195,-12.0075,12634000.0
1992-06-19,-12.0075,-11.79,-12.04,-11.82,14308000.0
1992-06-22,-11.8525,-11.8525,-12.0075,-11.8525,581600.0
1992-06-23,-11.8525,-11.7275,-11.915,-11.8825,5327200.0
1992-06-24,-11.8825,-11.8525,-11.9775,-11.945,4128000.0
1992-06-25,-11.915,-11.79,-11.915,-11.82,3696000.0
1992-06-26,-11.82,-11.79,-12.0075,-11.9775,4201200.0
1992-06-29,-11.945,-11.82,-11.945,-11.82,4936000.0
1992-06-30,-11.82,-11.79,-11.9775,-11.915,3972000.0
1992-07-01,-11.915,-11.57,-11.9775,-11.6025,8560400.0
1992-07-02,-11.6025,-11.3825,-11.7575,-11.445,8150000.0
1992-07-06,-11.415,-11.2575,-11.415,-11.29,6894800.0
1992-07-07,-11.29,-11.2275,-11.4775,-11.415,4671600.0
1992-07-08,-11.415,-11.29,-11.5075,-11.29,4862000.0
1992-07-09,-11.29,-11.1025,-11.3525,-11.1325,8372000.0
1992-07-10,-11.1325,-11.07,-11.29,-11.2575,4772000.0
1992-07-13,-11.2575,-11.195,-11.445,-11.3825,3673200.0
1992-07-14,-11.415,-11.415,-11.695,-11.54,7342000.0
1992-07-15,-11.54,-11.5075,-11.915,-11.79,11973200.0
1992-07-16,-11.79,-11.7275,-11.915,-11.79,8704800.0
1992-07-17,-11.79,-11.665,-11.8825,-11.695,8518800.0
1992-07-20,-11.695,-11.57,-11.7575,-11.665,6200800.0
1992-07-21,-11.6025,-11.4775,-11.6025,-11.57,4220400.0
1992-07-22,-11.6325,-11.6325,-11.79,-11.7575,5290400.0
1992-07-23,-11.7575,-11.7275,-11.8825,-11.7575,4091600.0
1992-07-24,-11.7575,-11.7275,-11.8525,-11.79,2548400.0
1992-07-27,-11.79,-11.7575,-11.8825,-11.82,3038000.0
1992-07-28,-11.79,-11.57,-11.79,-11.665,4565200.0
1992-07-29,-11.6025,-11.445,-11.6025,-11.445,5964800.0
1992-07-30,-11.445,-11.415,-11.6025,-11.54,6687200.0
1992-07-31,-11.54,-11.32,-11.54,-11.445,3997200.0
1992-08-03,-11.445,-11.165,-11.4775,-11.165,5848400.0
1992-08-04,-11.165,-11.165,-11.3825,-11.2575,3861600.0
1992-08-05,-11.2575,-11.2575,-11.3525,-11.29,3182800.0
1992-08-06,-11.29,-11.195,-11.415,-11.29,2938000.0
1992-08-07,-11.29,-11.0075,-11.29,-11.2575,5808000.0
1992-08-10,-11.2575,-11.1025,-11.32,-11.1325,2618400.0
1992-08-11,-11.1325,-11.1025,-11.32,-11.195,3771600.0
1992-08-12,-11.195,-11.165,-11.29,-11.165,2642000.0
1992-08-13,-11.165,-11.04,-11.2275,-11.1025,4018400.0
1992-08-14,-11.1025,-11.07,-11.2275,-11.07,3529600.0
1992-08-17,-11.07,-10.945,-11.1025,-11.07,3140800.0
1992-08-18,-11.07,-10.9775,-11.07,-11.04,3448800.0
1992-08-19,-11.04,-10.9775,-11.1325,-11.1325,2800000.0
1992-08-20,-11.1025,-10.9775,-11.1025,-11.0075,3366000.0
1992-08-21,-11.0075,-10.945,-11.29,-11.2275,7987600.0
1992-08-24,-11.2575,-11.2575,-11.445,-11.2575,4204400.0
1992-08-25,-11.2575,-11.195,-11.3525,-11.2575,4332800.0
1992-08-26,-11.2575,-11.195,-11.3525,-11.2275,2546400.0
1992-08-27,-11.2275,-11.1025,-11.2275,-11.195,3587200.0
1992-08-28,-11.195,-11.07,-11.2575,-11.07,2359200.0
1992-08-31,-11.07,-10.9775,-11.2275,-11.165,3156400.0
1992-09-01,-11.165,-10.9775,-11.195,-10.9775,3492400.0
1992-09-02,-10.9775,-10.945,-11.07,-11.0075,3947200.0
1992-09-03,-11.0075,-10.915,-11.07,-11.0075,3790800.0
1992-09-04,-11.0075,-10.915,-11.07,-11.0075,2826800.0
1992-09-08,-11.0075,-10.9775,-11.07,-11.0075,3127200.0
1992-09-09,-11.0075,-10.8825,-11.0075,-10.8825,5597600.0
1992-09-10,-10.8825,-10.82,-10.945,-10.8825,5715200.0
1992-09-11,-10.8825,-10.82,-10.9775,-10.8525,3801200.0
1992-09-14,-10.8525,-10.7575,-10.945,-10.82,5069600.0
1992-09-15,-10.82,-10.7275,-10.8825,-10.8525,4585200.0
1992-09-16,-10.8525,-10.6025,-10.915,-10.7275,5621600.0
1992-09-17,-10.7275,-10.6325,-10.79,-10.7575,3363200.0
1992-09-18,-10.7575,-10.57,-10.7575,-10.665,9993600.0
1992-09-21,-10.695,-10.695,-10.7575,-10.7275,3053200.0
1992-09-22,-10.7575,-10.7575,-11.3525,-11.3525,13536000.0
1992-09-23,-11.5075,-11.5075,-11.8525,-11.7275,18865600.0
1992-09-24,-11.7275,-11.57,-11.7275,-11.57,7568000.0
1992-09-25,-11.57,-11.54,-11.695,-11.6325,6002800.0
1992-09-28,-11.6325,-11.3525,-11.79,-11.6025,5755200.0
1992-09-29,-11.6325,-11.6325,-11.7575,-11.7275,4642000.0
1992-09-30,-11.7275,-11.695,-11.79,-11.79,5256000.0
1992-10-01,-11.79,-11.7575,-11.9775,-11.915,10548400.0
1992-10-02,-11.915,-11.8825,-12.165,-12.1025,7023200.0
1992-10-05,-12.1025,-12.07,-12.54,-12.07,13808400.0
1992-10-06,-12.07,-12.04,-12.2575,-12.2275,5376000.0
1992-10-07,-12.2575,-12.2575,-12.665,-12.54,11218800.0
1992-10-08,-12.54,-12.415,-12.6325,-12.5075,10790000.0
1992-10-09,-12.5075,-12.5075,-12.695,-12.665,9359600.0
1992-10-12,-12.665,-12.57,-12.79,-12.695,6099600.0
1992-10-13,-12.695,-12.3825,-12.695,-12.445,7318400.0
1992-10-14,-12.415,-12.1325,-12.415,-12.29,8840400.0
1992-10-15,-12.29,-12.0075,-12.32,-12.1025,8709200.0
1992-10-16,-12.07,-11.82,-12.07,-11.82,8850800.0
1992-10-19,-11.82,-11.6325,-11.8525,-11.6325,7592000.0
1992-10-20,-11.6325,-11.57,-11.7575,-11.7275,11336000.0
1992-10-21,-11.7275,-11.665,-11.79,-11.79,7141600.0
1992-10-22,-11.79,-11.695,-11.8525,-11.79,4636800.0
1992-10-23,-11.79,-11.7275,-11.945,-11.915,5762000.0
1992-10-26,-11.915,-11.7275,-11.9775,-11.7275,5287600.0
1992-10-27,-11.7275,-11.57,-11.8525,-11.57,5722000.0
1992-10-28,-11.57,-11.5075,-11.665,-11.57,4528000.0
1992-10-29,-11.57,-11.54,-11.665,-11.54,3564800.0
1992-10-30,-11.54,-11.54,-11.7575,-11.7575,4192000.0
1992-11-02,-11.7575,-11.54,-11.79,-11.54,4886400.0
1992-11-03,-11.54,-11.5075,-11.79,-11.7275,4812400.0
1992-11-04,-11.7275,-11.695,-11.8525,-11.8525,3514400.0
1992-11-05,-11.8525,-11.665,-11.8525,-11.695,3420800.0
1992-11-06,-11.695,-11.6325,-11.82,-11.695,4127200.0
1992-11-09,-11.695,-11.57,-11.7575,-11.6325,4367200.0
1992-11-10,-11.6325,-11.6325,-11.7575,-11.695,3778000.0
1992-11-11,-11.665,-11.415,-11.665,-11.445,4757200.0
1992-11-12,-11.445,-11.445,-11.695,-11.665,4110400.0
1992-11-13,-11.665,-11.54,-11.79,-11.54,4553600.0
1992-11-16,-11.6325,-11.6325,-11.7275,-11.695,2804800.0
1992-11-17,-11.695,-11.695,-11.79,-11.7275,3855200.0
1992-11-18,-11.7275,-11.6325,-11.79,-11.7275,5709200.0
1992-11-19,-11.7275,-11.7275,-11.82,-11.7275,4380800.0
1992-11-20,-11.7275,-11.695,-11.82,-11.695,10044400.0
1992-11-23,-11.695,-11.665,-11.7575,-11.7275,3779200.0
1992-11-24,-11.7275,-11.57,-11.79,-11.79,6152800.0
1992-11-25,-11.79,-11.7275,-11.82,-11.7575,3517200.0
1992-11-27,-11.7575,-11.695,-11.82,-11.82,2527200.0
1992-11-30,-11.8525,-11.8525,-12.2275,-11.9775,6829200.0
1992-12-01,-11.9775,-11.9775,-12.195,-12.0075,8078000.0
1992-12-02,-12.0075,-11.915,-12.2275,-12.04,8476800.0
1992-12-03,-12.04,-11.9775,-12.1325,-12.04,6240800.0
1992-12-04,-12.04,-12.0075,-12.1025,-12.0075,4904400.0
1992-12-07,-12.0075,-11.8825,-12.165,-11.915,4974000.0
1992-12-08,-11.915,-11.8825,-11.945,-11.8825,5963600.0
1992-12-09,-11.915,-11.915,-12.0075,-11.945,4108400.0
1992-12-10,-11.945,-11.945,-12.07,-11.9775,4171600.0
1992-12-11,-11.9775,-11.915,-12.0075,-11.945,3222400.0
1992-12-14,-11.945,-11.8825,-12.04,-12.04,5935200.0
1992-12-15,-12.04,-11.665,-12.1325,-11.7575,8208000.0
1992-12-16,-11.7575,-11.57,-11.82,-11.7575,5788800.0
1992-12-17,-11.7575,-11.54,-11.7575,-11.54,5662800.0
1992-12-18,-11.445,-10.9775,-11.445,-10.9775,21651200.0
1992-12-21,-10.9775,-10.8825,-11.07,-11.04,5383600.0
1992-12-22,-11.04,-10.9775,-11.1025,-11.0075,4357200.0
1992-12-23,-11.0075,-10.9775,-11.1025,-11.0075,4088800.0
1992-12-24,-11.0075,-10.945,-11.07,-11.04,1766400.0
1992-12-28,-11.04,-10.9775,-11.07,-11.04,2787200.0
1992-12-29,-11.04,-10.79,-11.165,-11.165,5940000.0
1992-12-30,-11.165,-11.07,-11.2575,-11.2275,3839600.0
1992-12-31,-11.2275,-11.165,-11.445,-11.445,3716400.0
1993-01-04,-11.445,-11.32,-11.4775,-11.415,5599600.0
1993-01-05,-11.415,-11.3825,-11.665,-11.6325,5303200.0
1993-01-06,-11.6325,-11.54,-11.6325,-11.57,5133600.0
1993-01-07,-11.57,-11.445,-11.8525,-11.7575,6296000.0
1993-01-08,-11.7575,-11.7275,-11.8825,-11.8525,5178800.0
1993-01-11,-11.8525,-11.695,-11.915,-11.7275,4223200.0
1993-01-12,-11.7275,-11.6025,-11.82,-11.665,3807600.0
1993-01-13,-11.665,-11.54,-11.7575,-11.57,4834800.0
1993-01-14,-11.3825,-11.1025,-11.3825,-11.1025,9866800.0
1993-01-15,-11.1025,-10.8825,-11.1325,-11.1025,12236400.0
1993-01-18,-11.1025,-11.1025,-11.2575,-11.1325,3996800.0
1993-01-19,-11.195,-11.195,-11.415,-11.415,6984400.0
1993-01-20,-11.415,-11.3525,-11.4775,-11.4775,3926000.0
1993-01-21,-11.4775,-11.445,-11.54,-11.445,4049600.0
1993-01-22,-11.445,-11.3825,-11.665,-11.665,5011600.0
1993-01-25,-11.665,-11.445,-11.665,-11.4775,5174000.0
1993-01-26,-11.4775,-11.3525,-11.4775,-11.3825,5815200.0
1993-01-27,-11.3825,-11.29,-11.54,-11.54,3444400.0
1993-01-28,-11.54,-11.54,-11.665,-11.6025,5980400.0
1993-01-29,-11.54,-11.2575,-11.54,-11.32,4676800.0
1993-02-01,-11.29,-11.165,-11.29,-11.165,5124000.0
1993-02-02,-11.2275,-11.2275,-11.3825,-11.3825,3710800.0
1993-02-03,-11.3825,-11.29,-11.4775,-11.445,5129600.0
1993-02-04,-11.445,-11.32,-11.54,-11.4775,5781600.0
1993-02-05,-11.4775,-11.4775,-11.695,-11.6025,8323200.0
1993-02-08,-11.6025,-11.54,-11.665,-11.6325,5872800.0
1993-02-09,-11.6325,-11.6325,-11.7575,-11.7275,4934800.0
1993-02-10,-11.7275,-11.665,-11.82,-11.79,4782400.0
1993-02-11,-11.7575,-11.57,-11.7575,-11.7575,5831200.0
1993-02-12,-11.7575,-11.695,-11.8525,-11.79,3587600.0
1993-02-16,-11.79,-11.6325,-11.915,-11.7575,9508800.0
1993-02-17,-11.7575,-11.6025,-11.79,-11.695,7169600.0
1993-02-18,-11.695,-11.5075,-11.7275,-11.6025,7348800.0
1993-02-19,-11.6025,-11.445,-11.6025,-11.4775,9060800.0
1993-02-22,-11.4775,-11.32,-11.6325,-11.6025,5621600.0
1993-02-23,-11.6025,-11.5075,-11.7275,-11.57,5737600.0
1993-02-24,-11.57,-11.3825,-11.6325,-11.415,5016400.0
1993-02-25,-11.415,-11.29,-11.4775,-11.3525,5907600.0
1993-02-26,-11.3525,-11.2575,-11.445,-11.32,4832000.0
1993-03-01,-11.32,-11.2275,-11.3825,-11.3825,4890800.0
1993-03-02,-11.3825,-11.1325,-11.445,-11.1325,7120000.0
1993-03-03,-11.1325,-11.07,-11.2275,-11.2275,6086400.0
1993-03-04,-11.2275,-11.07,-11.32,-11.1325,4088400.0
1993-03-05,-11.1325,-11.0075,-11.2575,-11.195,5971200.0
1993-03-08,-11.195,-10.945,-11.195,-10.9775,5798000.0
1993-03-09,-10.9775,-10.9775,-11.1325,-11.1325,4176400.0
1993-03-10,-11.165,-11.165,-11.32,-11.195,4682000.0
1993-03-11,-11.195,-11.1025,-11.2575,-11.2275,3821600.0
1993-03-12,-11.2575,-11.2575,-11.3825,-11.3525,4424000.0
1993-03-15,-11.3525,-11.165,-11.3525,-11.165,3888000.0
1993-03-16,-11.165,-11.07,-11.2275,-11.1325,3624000.0
1993-03-17,-11.1325,-11.1325,-11.2575,-11.2575,3804000.0
1993-03-18,-11.2275,-11.1025,-11.2275,-11.195,4481600.0
1993-03-19,-11.195,-11.165,-11.3825,-11.32,10848800.0
1993-03-22,-11.3525,-11.3525,-11.415,-11.415,3830000.0
1993-03-23,-11.415,-11.3825,-11.54,-11.54,3664800.0
1993-03-24,-11.54,-11.415,-11.57,-11.445,5128800.0
1993-03-25,-11.445,-11.2275,-11.445,-11.2575,4346400.0
1993-03-26,-11.2575,-11.195,-11.57,-11.5075,4915200.0
1993-03-29,-11.5075,-11.3825,-11.5075,-11.445,4227600.0
1993-03-30,-11.445,-11.165,-11.445,-11.165,5480000.0
1993-03-31,-11.165,-11.1025,-11.29,-11.2575,6323600.0
1993-04-01,-11.2575,-11.1325,-11.29,-11.195,5425200.0
1993-04-02,-11.2575,-11.2575,-11.445,-11.415,8182400.0
1993-04-05,-11.415,-11.3825,-11.665,-11.665,8706000.0
1993-04-06,-11.7275,-11.7275,-12.1325,-11.915,16148000.0
1993-04-07,-12.0075,-12.0075,-12.195,-12.04,14530800.0
1993-04-08,-12.04,-11.9775,-12.54,-11.9775,21676400.0
1993-04-12,-11.9775,-11.79,-12.1025,-12.07,7745600.0
1993-04-13,-12.07,-11.915,-12.195,-12.1325,9020000.0
1993-04-14,-12.1325,-11.945,-12.2275,-11.945,6595200.0
1993-04-15,-11.945,-11.8825,-12.0075,-12.0075,7868400.0
1993-04-16,-12.0075,-11.915,-12.4775,-12.415,23216400.0
1993-04-19,-12.415,-12.32,-12.4775,-12.3825,12998800.0
1993-04-20,-12.3825,-12.2575,-12.4775,-12.29,14060000.0
1993-04-21,-12.29,-11.9775,-12.415,-12.165,12823200.0
1993-04-22,-12.165,-11.9775,-12.29,-12.195,9444800.0
1993-04-23,-12.195,-12.1325,-12.2575,-12.195,5913200.0
1993-04-26,-12.195,-12.0075,-12.195,-12.0075,5545200.0
1993-04-27,-12.0075,-11.9775,-12.2275,-12.0075,5495200.0
1993-04-28,-12.0075,-11.945,-12.1325,-12.07,4962400.0
1993-04-29,-12.07,-11.9775,-12.195,-11.9775,3701600.0
1993-04-30,-11.9775,-11.945,-12.1325,-12.07,4988400.0
1993-05-03,-12.07,-11.9775,-12.1325,-12.0075,3405200.0
1993-05-04,-12.04,-12.04,-12.1325,-12.07,3987600.0
1993-05-05,-12.07,-12.0075,-12.1325,-12.1025,5770800.0
1993-05-06,-12.1025,-12.1025,-12.2275,-12.195,4273600.0
1993-05-07,-12.195,-12.1325,-12.29,-12.2275,4297200.0
1993-05-10,-12.2275,-12.04,-12.2275,-12.1325,5518000.0
1993-05-11,-12.1325,-11.8525,-12.2275,-11.8825,6678400.0
1993-05-12,-11.8825,-11.8525,-12.04,-11.9775,6487200.0
1993-05-13,-12.0075,-12.0075,-12.1325,-12.1025,5184000.0
1993-05-14,-12.1025,-11.945,-12.165,-11.945,5056400.0
1993-05-17,-11.945,-11.82,-11.9775,-11.8825,5271600.0
1993-05-18,-11.8825,-11.7275,-11.945,-11.915,5640800.0
1993-05-19,-11.8825,-11.4775,-11.8825,-11.57,11489200.0
1993-05-20,-11.57,-11.3825,-11.57,-11.3825,8936400.0
1993-05-21,-11.445,-11.445,-11.695,-11.665,10250400.0
1993-05-24,-11.665,-11.57,-11.7575,-11.665,6106400.0
1993-05-25,-11.665,-11.54,-11.665,-11.6325,4676800.0
1993-05-26,-11.6325,-11.54,-11.695,-11.54,6214800.0
1993-05-27,-11.54,-11.54,-11.6325,-11.6025,6024400.0
1993-05-28,-11.6025,-11.54,-11.695,-11.54,3551200.0
1993-06-01,-11.54,-11.445,-11.6025,-11.54,5788000.0
1993-06-02,-11.54,-11.445,-11.54,-11.5075,4066400.0
1993-06-03,-11.5075,-11.5075,-11.6325,-11.6025,2768800.0
1993-06-04,-11.6025,-11.6025,-11.695,-11.6325,2713600.0
1993-06-07,-11.6325,-11.57,-11.665,-11.665,2739600.0
1993-06-08,-11.665,-11.665,-11.79,-11.7575,3890800.0
1993-06-09,-11.7575,-11.7575,-11.945,-11.945,6311200.0
1993-06-10,-11.915,-11.6025,-11.915,-11.665,6468800.0
1993-06-11,-11.6325,-11.4775,-11.6325,-11.4775,6292800.0
1993-06-14,-11.4775,-11.445,-11.6025,-11.445,4742400.0
1993-06-15,-11.445,-11.415,-11.6025,-11.445,6231600.0
1993-06-16,-11.445,-11.3525,-11.54,-11.415,5181200.0
1993-06-17,-11.415,-11.32,-11.4775,-11.3525,5865600.0
1993-06-18,-11.3525,-11.29,-11.54,-11.54,10905600.0
1993-06-21,-11.54,-11.415,-11.695,-11.6025,5352400.0
1993-06-22,-11.6025,-11.54,-11.665,-11.6325,4149200.0
1993-06-23,-11.6325,-11.3825,-11.6325,-11.4775,6595600.0
1993-06-24,-11.4775,-11.2275,-11.4775,-11.2575,7824400.0
1993-06-25,-11.2575,-11.2275,-11.29,-11.2575,4626000.0
1993-06-28,-11.2275,-11.1025,-11.2275,-11.1025,4872400.0
1993-06-29,-11.1025,-11.0075,-11.195,-11.07,5256400.0
1993-06-30,-11.07,-11.0075,-11.195,-11.165,4131600.0
1993-07-01,-11.165,-11.1025,-11.2275,-11.165,5030000.0
1993-07-02,-11.165,-11.1025,-11.2575,-11.2275,4583600.0
1993-07-06,-11.2275,-11.2275,-11.445,-11.445,3747600.0
1993-07-07,-11.3825,-11.165,-11.3825,-11.195,3788800.0
1993-07-08,-11.195,-11.0075,-11.2575,-11.0075,5280400.0
1993-07-09,-11.04,-11.04,-11.165,-11.07,4403200.0
1993-07-12,-11.07,-10.82,-11.1025,-10.8525,5790800.0
1993-07-13,-10.8525,-10.82,-10.9775,-10.9775,4696400.0
1993-07-14,-10.915,-10.79,-10.915,-10.82,5143600.0
1993-07-15,-10.82,-10.7575,-10.9775,-10.79,4863600.0
1993-07-16,-10.79,-10.7275,-10.915,-10.8825,7439200.0
1993-07-19,-10.8825,-10.7575,-10.8825,-10.82,3201600.0
1993-07-20,-10.82,-10.7275,-10.8825,-10.7575,5370400.0
1993-07-21,-10.7575,-10.7275,-10.8525,-10.8525,3821600.0
1993-07-22,-10.8525,-10.82,-11.0075,-10.9775,4509600.0
1993-07-23,-10.9775,-10.8825,-11.0075,-10.915,3208000.0
1993-07-26,-10.915,-10.915,-10.9775,-10.9775,3126400.0
1993-07-27,-10.9775,-10.9775,-11.1325,-11.04,5114800.0
1993-07-28,-11.04,-10.9775,-11.1325,-11.0075,3611200.0
1993-07-29,-11.0075,-10.8525,-11.0075,-10.915,3944000.0
1993-07-30,-10.915,-10.8525,-11.165,-11.1025,4688000.0
1993-08-02,-11.07,-10.945,-11.07,-11.04,3730000.0
1993-08-03,-11.04,-11.04,-11.165,-11.07,3285600.0
1993-08-04,-11.1025,-11.1025,-11.2275,-11.2275,3281600.0
1993-08-05,-11.2275,-11.1325,-11.2575,-11.1325,3088400.0
1993-08-06,-11.165,-11.165,-11.32,-11.2575,3581600.0
1993-08-09,-11.2575,-11.07,-11.2575,-11.1325,3701200.0
1993-08-10,-11.165,-11.165,-11.29,-11.2275,2641200.0
1993-08-11,-11.2275,-10.9775,-11.2275,-10.9775,3546000.0
1993-08-12,-10.9775,-10.945,-11.29,-11.29,4347200.0
1993-08-13,-11.29,-11.165,-11.29,-11.2275,2906400.0
1993-08-16,-11.2275,-11.2275,-11.415,-11.415,4313600.0
1993-08-17,-11.415,-11.2275,-11.4775,-11.29,4258000.0
1993-08-18,-11.29,-11.1325,-11.3525,-11.2275,6411600.0
1993-08-19,-11.2275,-10.945,-11.2575,-10.9775,7322000.0
1993-08-20,-10.9775,-10.945,-11.1025,-11.04,9014000.0
1993-08-23,-11.04,-10.945,-11.1025,-11.0075,4479600.0
1993-08-24,-11.0075,-10.8525,-11.07,-10.8825,6108400.0
1993-08-25,-10.8825,-10.8825,-11.195,-11.1325,5775600.0
1993-08-26,-11.1325,-11.07,-11.2275,-11.195,4553200.0
1993-08-27,-11.195,-11.1325,-11.2575,-11.195,3319600.0
1993-08-30,-11.195,-11.1325,-11.2575,-11.1325,2512800.0
1993-08-31,-11.1325,-11.07,-11.195,-11.07,3708000.0
1993-09-01,-11.1325,-11.1325,-11.2575,-11.2575,4331200.0
1993-09-02,-11.2575,-11.195,-11.32,-11.2575,4030800.0
1993-09-03,-11.2575,-11.1025,-11.32,-11.1325,3853200.0
1993-09-07,-11.1325,-11.0075,-11.195,-11.165,4352800.0
1993-09-08,-11.165,-11.07,-11.2275,-11.1325,6254800.0
1993-09-09,-11.1325,-11.1025,-11.2575,-11.1325,5762400.0
1993-09-10,-11.1325,-10.8525,-11.165,-10.915,8276400.0
1993-09-13,-10.915,-10.7575,-10.915,-10.79,9878800.0
1993-09-14,-10.79,-10.7575,-10.945,-10.8825,5386800.0
1993-09-15,-10.8825,-10.8525,-11.1325,-10.945,8896400.0
1993-09-16,-10.9775,-10.9775,-11.1025,-11.1025,7738800.0
1993-09-17,-11.1025,-11.0075,-11.2275,-11.04,18802800.0
1993-09-20,-11.04,-10.945,-11.2575,-11.2275,4826400.0
1993-09-21,-11.2275,-11.165,-11.3525,-11.29,6914800.0
1993-09-22,-11.29,-11.165,-11.32,-11.2275,5592000.0
1993-09-23,-11.2275,-11.1325,-11.2275,-11.2275,2931600.0
1993-09-24,-11.2275,-11.2275,-11.32,-11.2575,3402400.0
1993-09-27,-11.2275,-11.1025,-11.2275,-11.165,3636400.0
1993-09-28,-11.165,-11.1025,-11.2575,-11.2275,2476800.0
1993-09-29,-11.2275,-11.2275,-11.3525,-11.32,3215200.0
1993-09-30,-11.32,-11.29,-11.3825,-11.3525,2752800.0
1993-10-01,-11.3525,-11.29,-11.4775,-11.415,5605200.0
1993-10-04,-11.415,-11.3825,-11.6025,-11.3825,5578800.0
1993-10-05,-11.3825,-11.29,-11.5075,-11.445,4607200.0
1993-10-06,-11.445,-11.445,-11.57,-11.57,4762800.0
1993-10-07,-11.57,-11.54,-11.665,-11.6325,3983200.0
1993-10-08,-11.6325,-11.4775,-11.665,-11.6025,4660000.0
1993-10-11,-11.5075,-11.32,-11.5075,-11.415,2696400.0
1993-10-12,-11.3825,-11.29,-11.3825,-11.3825,3925200.0
1993-10-13,-11.3825,-11.2575,-11.445,-11.3825,3900000.0
1993-10-14,-11.3825,-10.8525,-11.5075,-10.8825,12983600.0
1993-10-15,-10.8825,-10.8525,-11.0075,-10.915,10667600.0
1993-10-18,-10.945,-10.945,-11.04,-11.0075,4299200.0
1993-10-19,-11.0075,-10.915,-11.1025,-11.0075,4714800.0
1993-10-20,-11.0075,-10.915,-11.1025,-10.915,3564400.0
1993-10-21,-10.915,-10.8825,-11.04,-11.0075,8122800.0
1993-10-22,-11.0075,-10.945,-11.2275,-11.2275,5038000.0
1993-10-25,-11.2275,-11.195,-11.415,-11.195,5892000.0
1993-10-26,-11.195,-11.195,-11.3525,-11.195,4500800.0
1993-10-27,-11.195,-11.165,-11.29,-11.165,3518000.0
1993-10-28,-11.165,-11.07,-11.195,-11.165,4274800.0
1993-10-29,-11.1325,-11.04,-11.1325,-11.07,3413200.0
1993-11-01,-11.07,-11.07,-11.165,-11.1325,2970000.0
1993-11-02,-11.1325,-11.1325,-11.32,-11.2575,4971200.0
1993-11-03,-11.29,-11.29,-11.445,-11.415,6324800.0
1993-11-04,-11.415,-11.3825,-11.57,-11.54,5166800.0
1993-11-05,-11.54,-11.5075,-11.665,-11.54,5569600.0
1993-11-08,-11.54,-11.4775,-11.54,-11.54,3731600.0
1993-11-09,-11.54,-11.4775,-11.665,-11.6325,6266800.0
1993-11-10,-11.6325,-11.6325,-11.82,-11.7575,8494800.0
1993-11-11,-11.7575,-11.7275,-11.915,-11.8825,7596000.0
1993-11-12,-11.8825,-11.7275,-11.8825,-11.7275,5691200.0
1993-11-15,-11.7275,-11.57,-11.7275,-11.57,3954400.0
1993-11-16,-11.5075,-11.32,-11.5075,-11.3825,6825200.0
1993-11-17,-11.3825,-11.29,-11.445,-11.32,6767600.0
1993-11-18,-11.3525,-11.3525,-11.5075,-11.415,6400000.0
1993-11-19,-11.415,-11.2575,-11.5075,-11.2575,9716800.0
1993-11-22,-11.2575,-11.2575,-11.445,-11.3825,6589600.0
1993-11-23,-11.3825,-11.29,-11.445,-11.3525,3932800.0
1993-11-24,-11.3525,-11.32,-11.4775,-11.415,3315600.0
1993-11-26,-11.415,-11.32,-11.415,-11.3525,1788000.0
1993-11-29,-11.3525,-11.2575,-11.3825,-11.3525,3206000.0
1993-11-30,-11.3525,-11.32,-11.415,-11.415,4680000.0
1993-12-01,-11.3525,-11.2275,-11.3525,-11.3525,5650800.0
1993-12-02,-11.3525,-11.2275,-11.3525,-11.29,2251200.0
1993-12-03,-11.29,-11.165,-11.29,-11.195,3380000.0
1993-12-06,-11.165,-11.0075,-11.165,-11.04,6279200.0
1993-12-07,-11.04,-10.915,-11.07,-10.915,5055600.0
1993-12-08,-10.915,-10.8525,-10.9775,-10.9775,5978400.0
1993-12-09,-10.9775,-10.8525,-11.04,-11.0075,6423200.0
1993-12-10,-11.0075,-10.9775,-11.07,-11.04,3820800.0
1993-12-13,-11.04,-10.9775,-11.07,-10.9775,3720800.0
1993-12-14,-10.9775,-10.945,-11.165,-11.1025,6410000.0
1993-12-15,-11.1025,-11.07,-11.2575,-11.2575,6924400.0
1993-12-16,-11.2275,-11.0075,-11.2275,-11.07,5932000.0
1993-12-17,-11.07,-10.9775,-11.29,-11.2575,10581600.0
1993-12-20,-11.2575,-11.195,-11.29,-11.195,3674400.0
1993-12-21,-11.195,-11.04,-11.2575,-11.04,4787600.0
1993-12-22,-11.04,-10.8825,-11.04,-10.915,6561200.0
1993-12-23,-10.915,-10.8825,-11.1325,-11.04,6054800.0
1993-12-27,-11.0075,-10.8525,-11.0075,-10.8525,3681600.0
1993-12-28,-10.8525,-10.7275,-10.945,-10.7575,5963200.0
1993-12-29,-10.7275,-10.6325,-10.7275,-10.665,7512800.0
1993-12-30,-10.665,-10.665,-10.7575,-10.695,4135600.0
1993-12-31,-10.695,-10.665,-10.7575,-10.7575,3664400.0
1994-01-03,-10.7575,-10.7275,-10.82,-10.79,5416800.0
1994-01-04,-10.79,-10.79,-10.915,-10.8825,4499200.0
1994-01-05,-10.8825,-10.8825,-11.195,-11.165,7404800.0
1994-01-06,-11.165,-11.04,-11.415,-11.3825,11023200.0
1994-01-07,-11.3825,-11.195,-11.3825,-11.2575,9138400.0
1994-01-10,-11.2575,-11.04,-11.32,-11.07,6259600.0
1994-01-11,-11.07,-11.07,-11.2575,-11.2275,5394400.0
1994-01-12,-11.2275,-11.07,-11.2575,-11.1025,4326000.0
1994-01-13,-11.165,-11.165,-11.2575,-11.2575,3869600.0
1994-01-14,-11.2575,-11.2275,-11.3525,-11.29,6550800.0
1994-01-17,-11.3525,-11.3525,-11.5075,-11.5075,5205600.0
1994-01-18,-11.57,-11.57,-11.8525,-11.665,12035200.0
1994-01-19,-11.665,-11.4775,-11.7275,-11.54,6890400.0
1994-01-20,-11.54,-11.4775,-11.665,-11.57,4580000.0
1994-01-21,-11.57,-11.54,-11.695,-11.6025,9374400.0
1994-01-24,-11.6325,-11.6325,-11.82,-11.79,5110000.0
1994-01-25,-11.79,-11.665,-11.8825,-11.7275,5650400.0
1994-01-26,-11.7275,-11.5075,-11.7575,-11.665,5676800.0
1994-01-27,-11.6325,-11.445,-11.6325,-11.4775,7210400.0
1994-01-28,-11.5075,-11.5075,-11.7275,-11.6025,8208400.0
1994-01-31,-11.6325,-11.6325,-11.79,-11.695,8174800.0
1994-02-01,-11.695,-11.54,-11.7575,-11.54,7287600.0
1994-02-02,-11.54,-11.445,-11.57,-11.54,5357600.0
1994-02-03,-11.54,-11.3525,-11.57,-11.4775,6431600.0
1994-02-04,-11.4775,-11.4775,-11.79,-11.7275,7599600.0
1994-02-07,-11.7275,-11.7275,-11.82,-11.7275,9894800.0
1994-02-08,-11.7275,-11.7275,-11.8525,-11.8525,5724000.0
1994-02-09,-11.8525,-11.7575,-11.8525,-11.79,5275200.0
1994-02-10,-11.79,-11.6325,-11.79,-11.7275,5341600.0
1994-02-11,-11.7275,-11.54,-11.7275,-11.54,5823600.0
1994-02-14,-11.54,-11.5075,-11.82,-11.665,4597200.0
1994-02-15,-11.665,-11.4775,-11.695,-11.695,7434400.0
1994-02-16,-11.695,-11.5075,-11.695,-11.57,6146000.0
1994-02-17,-11.57,-11.4775,-11.6025,-11.4775,8977200.0
1994-02-18,-11.4775,-11.415,-11.57,-11.54,8777600.0
1994-02-22,-11.54,-11.29,-11.54,-11.29,7760800.0
1994-02-23,-11.29,-11.195,-11.3525,-11.2575,6690000.0
1994-02-24,-11.2575,-11.2575,-11.415,-11.415,5659600.0
1994-02-25,-11.415,-11.32,-11.445,-11.415,5167600.0
1994-02-28,-11.3825,-11.1025,-11.3825,-11.2575,6970400.0
1994-03-01,-11.2575,-11.195,-11.3825,-11.32,6560400.0
1994-03-02,-11.32,-11.32,-11.445,-11.3825,6402400.0
1994-03-03,-11.3825,-11.3825,-11.54,-11.5075,4341600.0
1994-03-04,-11.5075,-11.415,-11.54,-11.5075,4234000.0
1994-03-07,-11.5075,-11.415,-11.57,-11.5075,3406000.0
1994-03-08,-11.5075,-11.4775,-11.665,-11.665,3946800.0
1994-03-09,-11.665,-11.665,-11.79,-11.695,5715600.0
1994-03-10,-11.695,-11.695,-11.79,-11.7275,4548400.0
1994-03-11,-11.7275,-11.6025,-11.82,-11.695,4369600.0
1994-03-14,-11.695,-11.5075,-11.695,-11.5075,5485200.0
1994-03-15,-11.5075,-11.445,-11.695,-11.6325,8253200.0
1994-03-16,-11.6325,-11.6025,-11.7575,-11.6325,8538000.0
1994-03-17,-11.6025,-11.4775,-11.6025,-11.54,8094000.0
1994-03-18,-11.54,-11.415,-11.6025,-11.445,19380800.0
1994-03-21,-11.445,-11.415,-11.54,-11.415,4937600.0
1994-03-22,-11.415,-11.29,-11.4775,-11.3825,4993200.0
1994-03-23,-11.3825,-11.29,-11.4775,-11.445,4178000.0
1994-03-24,-11.445,-11.3525,-11.54,-11.445,6102000.0
1994-03-25,-11.445,-11.3825,-11.5075,-11.4775,3752400.0
1994-03-28,-11.4775,-11.3825,-11.6325,-11.3825,3468800.0
1994-03-29,-11.3825,-11.3525,-11.4775,-11.445,5724400.0
1994-03-30,-11.445,-11.415,-11.665,-11.665,7094000.0
1994-03-31,-11.665,-11.6025,-11.8825,-11.7575,8483600.0
1994-04-04,-11.7575,-11.665,-11.9775,-11.8525,9710800.0
1994-04-05,-11.8525,-11.695,-11.945,-11.79,10740400.0
1994-04-06,-11.79,-11.6325,-11.79,-11.665,7534400.0
1994-04-07,-11.665,-11.6025,-11.7575,-11.6025,5778800.0
1994-04-08,-11.6325,-11.6325,-11.7275,-11.6325,4316800.0
1994-04-11,-11.6325,-11.6025,-11.8525,-11.82,5814000.0
1994-04-12,-11.82,-11.79,-12.0075,-11.9775,6884800.0
1994-04-13,-11.9775,-11.79,-12.0075,-11.79,4280400.0
1994-04-14,-11.8525,-11.8525,-12.07,-12.07,5882800.0
1994-04-15,-12.07,-12.04,-12.195,-12.07,9112800.0
1994-04-18,-12.07,-11.8525,-12.1325,-12.07,7663600.0
1994-04-19,-12.07,-11.9775,-12.1325,-12.0075,4928400.0
1994-04-20,-12.0075,-11.915,-12.04,-11.945,7248000.0
1994-04-21,-11.945,-11.665,-11.945,-11.79,8278400.0
1994-04-22,-11.79,-11.7275,-11.945,-11.915,5394400.0
1994-04-25,-11.915,-11.7575,-11.915,-11.7575,4340400.0
1994-04-26,-11.7575,-11.695,-11.8525,-11.79,4504000.0
1994-04-28,-11.665,-11.57,-11.665,-11.6025,7325200.0
1994-04-29,-11.6025,-11.445,-11.6325,-11.4775,5494800.0
1994-05-02,-11.4775,-11.3825,-11.6025,-11.445,8360000.0
1994-05-03,-11.445,-11.415,-11.6325,-11.54,4974800.0
1994-05-04,-11.54,-11.445,-11.57,-11.54,3755600.0
1994-05-05,-11.54,-11.5075,-11.665,-11.6325,2895200.0
1994-05-06,-11.665,-11.665,-11.8825,-11.8525,4527600.0
1994-05-09,-11.945,-11.945,-12.1325,-12.04,8494000.0
1994-05-10,-12.04,-11.915,-12.04,-11.9775,4866000.0
1994-05-11,-11.9775,-11.79,-12.0075,-11.915,7268400.0
1994-05-12,-11.915,-11.79,-11.915,-11.8525,5386000.0
1994-05-13,-11.8525,-11.82,-12.04,-12.04,7726000.0
1994-05-16,-12.04,-11.915,-12.04,-11.9775,3740800.0
1994-05-17,-11.9775,-11.7575,-11.9775,-11.79,5128000.0
1994-05-18,-11.79,-11.7275,-11.82,-11.7575,4827600.0
1994-05-19,-11.7575,-11.54,-11.7575,-11.6325,4159600.0
1994-05-20,-11.6325,-11.6025,-11.7575,-11.695,10610000.0
1994-05-23,-11.695,-11.695,-11.8525,-11.82,4077200.0
1994-05-24,-11.82,-11.7275,-11.915,-11.8825,5317600.0
1994-05-25,-11.8825,-11.79,-11.8825,-11.8525,3307600.0
1994-05-26,-11.8525,-11.7275,-11.8825,-11.7275,4283200.0
1994-05-27,-11.7275,-11.6325,-11.82,-11.7575,3641200.0
1994-05-31,-11.7575,-11.695,-11.8525,-11.8525,4033200.0
1994-06-01,-11.8525,-11.6025,-11.8825,-11.665,6335200.0
1994-06-02,-11.665,-11.445,-11.665,-11.5075,7053600.0
1994-06-03,-11.5075,-11.3825,-11.54,-11.415,5920000.0
1994-06-06,-11.415,-11.32,-11.5075,-11.3825,6412400.0
1994-06-07,-11.3825,-11.32,-11.445,-11.3525,4182800.0
1994-06-08,-11.3525,-11.32,-11.5075,-11.445,4312400.0
1994-06-09,-11.6325,-11.6325,-11.8525,-11.7575,14229200.0
1994-06-10,-11.7575,-11.715,-11.8525,-11.8525,4948800.0
1994-06-13,-11.915,-11.915,-12.1025,-12.07,12744000.0
1994-06-14,-12.07,-11.945,-12.07,-11.945,8522000.0
1994-06-15,-11.945,-11.8825,-12.0075,-11.945,6812400.0
1994-06-16,-11.945,-11.7275,-11.9775,-11.7275,6586000.0
1994-06-17,-11.7575,-11.7575,-11.945,-11.915,18045200.0
1994-06-20,-11.915,-11.79,-11.9775,-11.8525,6587600.0
1994-06-21,-11.8525,-11.7575,-11.915,-11.8825,6830400.0
1994-06-22,-11.8825,-11.665,-11.8825,-11.7275,6135600.0
1994-06-23,-11.7275,-11.7275,-11.8525,-11.79,5796000.0
1994-06-24,-11.82,-11.82,-11.945,-11.8825,6758800.0
1994-06-27,-11.8825,-11.7575,-11.915,-11.79,4138800.0
1994-06-28,-11.79,-11.7575,-11.915,-11.82,5272800.0
1994-06-29,-11.79,-11.6325,-11.79,-11.695,7315200.0
1994-06-30,-11.695,-11.57,-11.7575,-11.7575,5797600.0
1994-07-01,-11.665,-11.445,-11.665,-11.5075,7388000.0
1994-07-05,-11.5075,-11.5075,-11.6325,-11.54,4550000.0
1994-07-06,-11.54,-11.5075,-11.665,-11.54,4933600.0
1994-07-07,-11.54,-11.4775,-11.6025,-11.5075,4946800.0
1994-07-08,-11.5075,-11.445,-11.57,-11.445,5437600.0
1994-07-11,-11.445,-11.3825,-11.54,-11.415,5868800.0
1994-07-12,-11.415,-11.3825,-11.54,-11.415,3582000.0
1994-07-13,-11.415,-11.415,-11.54,-11.445,4333600.0
1994-07-14,-11.445,-11.29,-11.4775,-11.3825,12867600.0
1994-07-15,-11.3825,-11.29,-11.3825,-11.32,9638400.0
1994-07-18,-11.32,-11.29,-11.445,-11.32,4985200.0
1994-07-19,-11.32,-11.2575,-11.3525,-11.29,5230000.0
1994-07-20,-11.29,-11.2575,-11.3825,-11.3525,4770800.0
1994-07-21,-11.3525,-11.1025,-11.3825,-11.29,7400800.0
1994-07-22,-11.29,-11.195,-11.32,-11.2575,5017600.0
1994-07-25,-11.2575,-11.04,-11.2575,-11.1025,4592000.0
1994-07-26,-11.1025,-11.1025,-11.195,-11.165,3666400.0
1994-07-27,-11.165,-11.07,-11.29,-11.07,3505600.0
1994-07-28,-11.07,-10.8825,-11.1325,-10.8825,10840400.0
1994-07-29,-10.8825,-10.79,-10.945,-10.82,6703600.0
1994-08-01,-10.82,-10.7575,-10.8525,-10.82,6283600.0
1994-08-02,-10.82,-10.7575,-10.915,-10.8825,6383200.0
1994-08-03,-10.8825,-10.8825,-11.0075,-10.945,3712400.0
1994-08-04,-10.945,-10.8825,-11.0075,-10.945,4172400.0
1994-08-05,-10.945,-10.945,-11.07,-10.945,3328400.0
1994-08-08,-10.945,-10.915,-11.0075,-10.945,2623600.0
1994-08-09,-10.945,-10.915,-11.07,-10.945,5011200.0
1994-08-10,-10.945,-10.82,-11.0075,-10.915,9024400.0
1994-08-11,-10.915,-10.915,-11.04,-11.0075,3783600.0
1994-08-12,-11.0075,-10.79,-11.0075,-10.79,5595200.0
1994-08-15,-10.79,-10.6325,-10.8825,-10.8525,8099200.0
1994-08-16,-10.82,-10.445,-10.82,-10.5075,8934000.0
1994-08-17,-10.5075,-10.29,-10.6025,-10.3825,9415200.0
1994-08-18,-10.32,-10.0075,-10.32,-10.0075,16713200.0
1994-08-19,-10.0075,-10.0075,-10.2575,-10.2275,12590000.0
1994-08-22,-10.2275,-10.2275,-10.29,-10.29,5007200.0
1994-08-23,-10.29,-10.195,-10.32,-10.29,6678400.0
1994-08-24,-10.29,-10.29,-10.4775,-10.3525,7124400.0
1994-08-25,-10.3525,-10.195,-10.3825,-10.3525,6272800.0
1994-08-26,-10.32,-10.195,-10.32,-10.2575,5436000.0
1994-08-29,-10.2575,-10.2275,-10.415,-10.3525,5805600.0
1994-08-30,-10.3525,-10.32,-10.415,-10.3825,3777200.0
1994-08-31,-10.3825,-10.29,-10.415,-10.415,4301200.0
1994-09-01,-10.415,-10.3825,-10.445,-10.415,3058400.0
1994-09-02,-10.415,-10.32,-10.445,-10.3525,3388400.0
1994-09-06,-10.3525,-10.29,-10.445,-10.445,2768400.0
1994-09-07,-10.445,-10.3525,-10.5075,-10.3525,4658000.0
1994-09-08,-10.3525,-10.3525,-10.445,-10.3825,3684400.0
1994-09-09,-10.445,-10.445,-10.6025,-10.57,4711600.0
1994-09-12,-10.57,-10.4775,-10.57,-10.57,3660400.0
1994-09-13,-10.5075,-10.415,-10.5075,-10.415,3547200.0
1994-09-14,-10.415,-10.1325,-10.5075,-10.1325,6890800.0
1994-09-15,-10.1025,-9.7575,-10.1025,-9.79,9420800.0
1994-09-16,-9.915,-9.915,-10.04,-9.9775,16332000.0
1994-09-19,-9.945,-9.57,-9.945,-9.665,11783200.0
1994-09-20,-9.665,-9.54,-9.79,-9.79,11714800.0
1994-09-21,-9.79,-9.7275,-9.915,-9.7575,7314400.0
1994-09-22,-9.7575,-9.695,-9.8825,-9.7275,4704800.0
1994-09-23,-9.7275,-9.6325,-9.79,-9.7275,4680400.0
1994-09-26,-9.695,-9.445,-9.695,-9.4775,4840400.0
1994-09-27,-9.4775,-9.415,-9.665,-9.57,7714800.0
1994-09-28,-9.57,-9.4775,-9.695,-9.6325,5841200.0
1994-09-29,-9.6325,-9.6325,-9.7575,-9.695,5402800.0
1994-09-30,-9.695,-9.6025,-9.7575,-9.7575,5398000.0
1994-10-03,-9.7575,-9.54,-9.79,-9.6025,6155600.0
1994-10-04,-9.6025,-9.57,-9.8525,-9.82,7279200.0
1994-10-05,-9.82,-9.7275,-9.915,-9.7575,6377600.0
1994-10-06,-9.7575,-9.665,-9.79,-9.7275,4388800.0
1994-10-07,-9.7275,-9.695,-9.82,-9.7575,6135200.0
1994-10-10,-9.7575,-9.665,-9.7575,-9.665,4172000.0
1994-10-11,-9.54,-9.29,-9.54,-9.32,9326400.0
1994-10-12,-9.32,-9.29,-9.445,-9.445,6422400.0
1994-10-13,-9.3525,-9.195,-9.3525,-9.2275,7466800.0
1994-10-14,-9.2275,-9.195,-9.3525,-9.2575,4912400.0
1994-10-17,-9.2575,-9.2575,-9.3825,-9.32,4049200.0
1994-10-18,-9.32,-9.195,-9.415,-9.2275,5404800.0
1994-10-19,-9.2275,-9.1325,-9.32,-9.2575,9315600.0
1994-10-20,-9.29,-9.29,-9.4775,-9.415,10509600.0
1994-10-21,-9.415,-9.29,-9.4775,-9.3525,8708400.0
1994-10-24,-9.3525,-9.32,-9.6025,-9.57,6386000.0
1994-10-25,-9.57,-9.3525,-9.57,-9.3525,5132400.0
1994-10-26,-9.3525,-9.32,-9.4775,-9.415,5523200.0
1994-10-27,-9.415,-9.2575,-9.445,-9.2575,4208400.0
1994-10-28,-9.2575,-9.1025,-9.29,-9.29,6453200.0
1994-10-31,-9.29,-9.1025,-9.3525,-9.32,5527200.0
1994-11-01,-9.32,-9.195,-9.3825,-9.2575,5485200.0
1994-11-02,-9.2575,-9.165,-9.3525,-9.3525,6961200.0
1994-11-03,-9.3525,-9.2575,-9.4775,-9.445,5618800.0
1994-11-04,-9.445,-9.2575,-9.4775,-9.415,6031600.0
1994-11-07,-9.415,-9.2575,-9.415,-9.3525,5116800.0
1994-11-08,-9.29,-9.195,-9.29,-9.2575,5677200.0
1994-11-09,-9.2575,-9.1325,-9.32,-9.2575,5918000.0
1994-11-10,-9.2575,-9.195,-9.29,-9.29,4196800.0
1994-11-11,-9.29,-9.2575,-9.32,-9.29,3880800.0
1994-11-14,-9.2575,-9.07,-9.2575,-9.07,5122800.0
1994-11-15,-9.07,-8.93,-9.1025,-9.04,6028800.0
1994-11-16,-9.04,-8.8525,-9.04,-8.8525,5701600.0
1994-11-17,-8.8525,-8.8525,-9.04,-8.915,7351200.0
1994-11-18,-8.915,-8.7575,-8.945,-8.79,12910400.0
1994-11-21,-8.695,-8.54,-8.695,-8.6325,5462400.0
1994-11-22,-8.6325,-8.54,-8.8825,-8.8525,8660800.0
1994-11-23,-8.8525,-8.8525,-9.1025,-8.9775,9977200.0
1994-11-25,-8.9775,-8.915,-9.0075,-8.945,2404800.0
1994-11-28,-8.945,-8.8525,-9.07,-8.8825,4730000.0
1994-11-29,-8.915,-8.915,-9.07,-8.915,4000000.0
1994-11-30,-8.915,-8.8825,-9.165,-9.1325,6785200.0
1994-12-01,-9.1325,-9.1025,-9.29,-9.29,6180000.0
1994-12-02,-9.29,-9.0075,-9.29,-9.04,3929600.0
1994-12-05,-9.04,-8.9775,-9.1325,-9.04,3905200.0
1994-12-06,-9.04,-9.04,-9.2575,-9.1325,5281200.0
1994-12-07,-9.1325,-9.1025,-9.2575,-9.195,5961600.0
1994-12-08,-9.195,-9.165,-9.29,-9.2575,4102400.0
1994-12-09,-9.2575,-9.2575,-9.4775,-9.415,6738400.0
1994-12-12,-9.415,-9.3825,-9.4775,-9.445,6651600.0
1994-12-13,-9.445,-9.29,-9.4775,-9.3825,5999600.0
1994-12-14,-9.3525,-9.165,-9.3525,-9.195,6950400.0
1994-12-15,-9.195,-9.07,-9.2575,-9.165,7789600.0
1994-12-16,-9.165,-9.0075,-9.165,-9.0075,21001200.0
1994-12-19,-9.0075,-9.0075,-9.1025,-9.07,5346800.0
1994-12-20,-9.0075,-8.8525,-9.0075,-8.8825,6661600.0
1994-12-21,-8.8525,-8.695,-8.8525,-8.7275,6763600.0
1994-12-22,-8.79,-8.79,-9.1325,-9.1325,11082000.0
1994-12-23,-9.1025,-8.945,-9.1025,-9.0075,3908800.0
1994-12-27,-8.9775,-8.8525,-8.9775,-8.8525,3012400.0
1994-12-28,-8.8525,-8.79,-8.915,-8.8525,3588000.0
1994-12-29,-8.8525,-8.82,-8.915,-8.82,3500400.0
1994-12-30,-8.82,-8.79,-9.04,-9.04,3295200.0
1995-01-03,-9.04,-8.945,-9.1025,-8.9775,5140400.0
1995-01-04,-8.9775,-8.9775,-9.32,-9.2575,6486000.0
1995-01-05,-9.2575,-9.2275,-9.445,-9.32,8465600.0
1995-01-06,-9.32,-9.2575,-9.415,-9.32,5403200.0
1995-01-09,-9.3525,-9.3525,-9.54,-9.5075,5883600.0
1995-01-10,-9.5075,-9.445,-9.665,-9.6325,7449600.0
1995-01-11,-9.6325,-9.54,-9.665,-9.6025,7812400.0
1995-01-12,-9.6025,-9.445,-9.7275,-9.4775,8340400.0
1995-01-13,-9.4775,-9.29,-9.5075,-9.4775,9859200.0
1995-01-16,-9.3825,-9.195,-9.3825,-9.2575,5756800.0
1995-01-17,-9.2575,-9.1025,-9.2575,-9.195,5141200.0
1995-01-18,-9.2275,-9.2275,-9.3525,-9.29,4547600.0
1995-01-19,-9.29,-9.1325,-9.415,-9.195,6010400.0
1995-01-20,-9.195,-9.165,-9.2575,-9.195,10706800.0
1995-01-23,-9.195,-9.1025,-9.2575,-9.195,5020800.0
1995-01-24,-9.195,-9.195,-9.3525,-9.32,5836800.0
1995-01-25,-9.32,-9.165,-9.3525,-9.2575,6080000.0
1995-01-26,-9.2575,-8.9775,-9.2575,-8.9775,4964000.0
1995-01-27,-8.9775,-8.7275,-8.9775,-8.82,7456000.0
1995-01-30,-8.82,-8.7275,-8.915,-8.7575,5830400.0
1995-01-31,-8.7575,-8.7275,-8.82,-8.79,5863200.0
1995-02-01,-8.79,-8.695,-8.8525,-8.8525,4682000.0
1995-02-02,-8.8525,-8.82,-9.0075,-8.82,4794000.0
1995-02-03,-8.7575,-8.6325,-8.7575,-8.6325,5730800.0
1995-02-06,-8.6325,-8.5075,-8.695,-8.6025,5790800.0
1995-02-07,-8.6025,-8.445,-8.6325,-8.5075,4474800.0
1995-02-08,-8.5075,-8.3825,-8.6025,-8.6025,4912000.0
1995-02-09,-8.6025,-8.57,-8.82,-8.79,4352000.0
1995-02-10,-8.79,-8.6025,-8.915,-8.6325,5887600.0
1995-02-13,-8.6325,-8.6025,-8.8525,-8.82,4449200.0
1995-02-14,-8.82,-8.7575,-8.945,-8.8825,5996400.0
1995-02-15,-8.8825,-8.6325,-8.8825,-8.695,6121600.0
1995-02-16,-8.695,-8.415,-8.7275,-8.415,6071200.0
1995-02-17,-8.415,-8.415,-8.57,-8.57,12989200.0
1995-02-21,-8.57,-8.445,-8.6325,-8.5075,5260000.0
1995-02-22,-8.5075,-8.445,-8.6025,-8.4775,6856000.0
1995-02-23,-8.4775,-8.29,-8.4775,-8.415,5518000.0
1995-02-24,-8.415,-8.195,-8.415,-8.2275,4967200.0
1995-02-27,-8.2275,-8.1325,-8.29,-8.29,4788800.0
1995-02-28,-8.29,-8.165,-8.3825,-8.165,5686800.0
1995-03-01,-8.165,-8.1025,-8.2575,-8.1025,5937600.0
1995-03-02,-8.1025,-8.04,-8.2275,-8.195,3712400.0
1995-03-03,-8.195,-8.04,-8.2575,-8.1325,4786000.0
1995-03-06,-8.1325,-7.915,-8.2575,-7.945,5340400.0
1995-03-07,-7.945,-7.945,-8.1325,-8.07,7058000.0
1995-03-08,-8.07,-7.9775,-8.07,-8.04,6709600.0
1995-03-09,-8.04,-8.0075,-8.2275,-8.165,5717600.0
1995-03-10,-8.165,-7.695,-8.165,-7.7275,7529200.0
1995-03-13,-7.7275,-7.6325,-7.79,-7.695,4592400.0
1995-03-14,-7.695,-7.6025,-7.7275,-7.695,4772400.0
1995-03-15,-7.695,-7.6025,-7.7275,-7.6325,4292000.0
1995-03-16,-7.6325,-7.2275,-7.665,-7.29,6750800.0
1995-03-17,-7.29,-7.2575,-7.3825,-7.3525,13594800.0
1995-03-20,-7.3525,-7.3525,-7.5075,-7.4775,5820000.0
1995-03-21,-7.4775,-7.07,-7.4775,-7.29,7289600.0
1995-03-22,-7.2575,-7.07,-7.2575,-7.165,6744800.0
1995-03-23,-7.3175,-7.3175,-7.57,-7.415,17843200.0
1995-03-24,-7.415,-7.3525,-7.5075,-7.4775,8181200.0
1995-03-27,-7.5075,-7.5075,-7.7275,-7.57,7771200.0
1995-03-28,-7.57,-7.54,-7.665,-7.665,5079600.0
1995-03-29,-7.665,-7.3525,-7.7575,-7.5075,9080800.0
1995-03-30,-7.5075,-7.4775,-7.7575,-7.7275,5494000.0
1995-03-31,-7.7275,-7.6325,-7.8525,-7.82,7028800.0
1995-04-03,-7.82,-7.445,-7.8825,-7.4775,6577200.0
1995-04-04,-7.445,-7.32,-7.445,-7.32,6312800.0
1995-04-05,-7.32,-7.32,-7.445,-7.3525,4466000.0
1995-04-06,-7.3525,-7.29,-7.445,-7.29,4118000.0
1995-04-07,-7.29,-7.195,-7.445,-7.2275,4659600.0
1995-04-10,-7.2275,-7.195,-7.32,-7.29,3836400.0
1995-04-11,-7.29,-7.2275,-7.4775,-7.445,4266000.0
1995-04-12,-7.445,-7.32,-7.4775,-7.32,4249200.0
1995-04-13,-7.32,-7.195,-7.3825,-7.3825,3522400.0
1995-04-17,-7.3825,-7.32,-7.6325,-7.6325,5425200.0
1995-04-18,-7.6325,-7.29,-7.6325,-7.32,4948400.0
1995-04-19,-7.32,-7.29,-7.6325,-7.445,7298400.0
1995-04-20,-7.445,-7.445,-7.6025,-7.6025,3889200.0
1995-04-21,-7.6025,-7.3825,-7.6025,-7.3825,8422400.0
1995-04-24,-7.3825,-7.29,-7.4775,-7.32,3816400.0
1995-04-25,-7.32,-7.29,-7.445,-7.3525,3542000.0
1995-04-26,-7.3525,-7.2575,-7.415,-7.3825,5839200.0
1995-04-27,-7.3825,-7.32,-7.415,-7.415,4389200.0
1995-04-28,-7.415,-7.3525,-7.5075,-7.3825,6223200.0
1995-05-01,-7.415,-7.415,-7.5075,-7.5075,6298400.0
1995-05-02,-7.5075,-7.3525,-7.54,-7.415,5975600.0
1995-05-03,-7.3825,-7.2575,-7.3825,-7.2575,8095600.0
1995-05-04,-7.2575,-7.07,-7.29,-7.165,10088800.0
1995-05-05,-7.165,-6.945,-7.165,-7.04,5188000.0
1995-05-08,-7.04,-6.695,-7.04,-6.7275,6488400.0
1995-05-09,-6.7275,-6.6025,-6.79,-6.665,6095200.0
1995-05-10,-6.665,-6.4775,-6.665,-6.57,8253600.0
1995-05-11,-6.57,-6.54,-6.7275,-6.695,6382000.0
1995-05-12,-6.7575,-6.7575,-7.195,-7.165,11292800.0
1995-05-15,-7.165,-7.1025,-7.5075,-7.445,15693200.0
1995-05-16,-7.445,-7.445,-7.695,-7.57,14427200.0
1995-05-17,-7.57,-7.3525,-7.57,-7.415,12747600.0
1995-05-18,-7.415,-7.32,-7.6025,-7.6025,8800000.0
1995-05-19,-7.6025,-7.32,-7.665,-7.32,13620000.0
1995-05-22,-7.32,-7.2275,-7.3525,-7.2275,4430400.0
1995-05-23,-7.2275,-6.945,-7.2275,-6.945,7442000.0
1995-05-24,-6.945,-6.915,-7.1325,-7.0075,6097600.0
1995-05-25,-7.0075,-6.82,-7.04,-6.915,6060400.0
1995-05-26,-6.915,-6.8825,-7.07,-7.0075,6882800.0
1995-05-30,-7.0075,-6.8825,-7.0075,-6.8825,4012400.0
1995-05-31,-6.8825,-6.445,-6.915,-6.5075,7300400.0
1995-06-01,-6.5075,-6.445,-6.79,-6.665,6048000.0
1995-06-02,-6.665,-6.4775,-6.79,-6.695,5143600.0
1995-06-05,-6.695,-6.695,-6.945,-6.82,4532000.0
1995-06-06,-6.82,-6.695,-6.8825,-6.8525,3978400.0
1995-06-07,-6.8525,-6.7275,-6.945,-6.79,2508000.0
1995-06-08,-6.79,-6.665,-6.82,-6.7275,3702000.0
1995-06-09,-6.7275,-6.7275,-6.945,-6.915,5911600.0
1995-06-12,-6.915,-6.79,-6.945,-6.8525,4702800.0
1995-06-13,-6.8525,-6.7575,-6.8525,-6.79,4248800.0
1995-06-14,-6.79,-6.6025,-6.8525,-6.695,4628800.0
1995-06-15,-6.695,-6.4775,-6.695,-6.57,4476800.0
1995-06-16,-6.57,-6.29,-6.57,-6.32,14975600.0
1995-06-19,-6.32,-6.195,-6.3825,-6.2275,4116000.0
1995-06-20,-6.2275,-6.07,-6.29,-6.1025,5641600.0
1995-06-21,-6.1025,-5.8525,-6.1025,-5.915,7338400.0
1995-06-22,-5.8225,-5.6025,-5.8225,-5.6975,5820000.0
1995-06-23,-5.6975,-5.4475,-5.6975,-5.5725,4465600.0
1995-06-26,-5.5725,-5.415,-5.5725,-5.4775,4096000.0
1995-06-27,-5.4775,-5.4775,-5.8225,-5.7275,7443200.0
1995-06-28,-5.7275,-5.665,-5.915,-5.79,6949200.0
1995-06-29,-5.79,-5.6975,-6.0075,-5.915,6576800.0
1995-06-30,-5.915,-5.665,-5.9775,-5.9775,4618000.0
1995-07-03,-5.9775,-5.76,-5.9775,-5.79,1792400.0
1995-07-05,-5.79,-5.635,-5.9775,-5.945,6891200.0
1995-07-06,-5.945,-5.79,-6.0075,-5.79,5729200.0
1995-07-07,-5.79,-5.6975,-6.1325,-6.1025,7645600.0
1995-07-10,-6.04,-5.8525,-6.04,-5.9775,7407600.0
1995-07-11,-5.9775,-5.915,-6.07,-5.915,4734000.0
1995-07-12,-5.915,-5.635,-5.9775,-5.635,4381200.0
1995-07-13,-5.635,-5.6025,-5.945,-5.76,4482400.0
1995-07-14,-5.76,-5.7275,-5.945,-5.945,4589600.0
1995-07-17,-5.945,-5.8525,-6.04,-5.915,5247200.0
1995-07-18,-5.915,-5.76,-5.9775,-5.79,4444000.0
1995-07-19,-5.79,-5.5725,-5.8525,-5.635,6855600.0
1995-07-20,-5.635,-5.5725,-5.9775,-5.8525,5752800.0
1995-07-21,-5.8525,-5.635,-5.945,-5.635,12502400.0
1995-07-24,-5.635,-5.51,-5.6975,-5.6025,3861200.0
1995-07-25,-5.6025,-5.51,-5.665,-5.51,3397600.0
1995-07-26,-5.51,-5.1975,-5.54,-5.29,5338400.0
1995-07-27,-5.29,-5.1975,-5.3525,-5.29,4396000.0
1995-07-28,-5.29,-5.2275,-5.4475,-5.415,2989200.0
1995-07-31,-5.415,-5.415,-5.635,-5.51,3956800.0
1995-08-01,-5.51,-5.2275,-5.5725,-5.29,5228000.0
1995-08-02,-5.29,-5.135,-5.51,-5.4475,5776800.0
1995-08-03,-5.4475,-5.3225,-5.54,-5.4775,4850800.0
1995-08-04,-5.4775,-5.3525,-5.4775,-5.385,2689600.0
1995-08-07,-5.385,-5.3525,-5.6025,-5.4775,2959200.0
1995-08-08,-5.4775,-5.415,-5.54,-5.415,3415600.0
1995-08-09,-5.415,-5.1975,-5.4775,-5.2275,3360400.0
1995-08-10,-5.2275,-5.135,-5.3525,-5.2275,4860800.0
1995-08-11,-5.26,-5.26,-5.51,-5.415,6809600.0
1995-08-14,-5.415,-5.29,-5.54,-5.3225,3816400.0
1995-08-15,-5.415,-5.415,-5.635,-5.54,7271200.0
1995-08-16,-5.665,-5.665,-5.8525,-5.79,10228000.0
1995-08-17,-5.79,-5.79,-6.04,-5.8225,10762000.0
1995-08-18,-5.915,-5.915,-6.2575,-6.165,15233200.0
1995-08-21,-6.165,-5.9775,-6.195,-6.1325,8257200.0
1995-08-22,-6.1325,-6.04,-6.2275,-6.1025,8584800.0
1995-08-23,-6.1025,-6.04,-6.195,-6.195,5272000.0
1995-08-24,-6.165,-5.9775,-6.165,-5.9775,5158800.0
1995-08-25,-5.915,-5.7275,-5.915,-5.79,6627600.0
1995-08-28,-5.79,-5.6975,-5.8525,-5.7275,4306800.0
1995-08-29,-5.7275,-5.6975,-5.8525,-5.76,3684000.0
1995-08-30,-5.76,-5.7275,-5.8525,-5.8525,4794800.0
1995-08-31,-5.8525,-5.7275,-5.915,-5.8525,5545600.0
1995-09-01,-5.8525,-5.76,-5.915,-5.885,4201600.0
1995-09-05,-5.915,-5.915,-6.07,-5.9775,5315600.0
1995-09-06,-5.9775,-5.76,-5.9775,-5.79,5516000.0
1995-09-07,-5.79,-5.79,-5.9775,-5.945,5791600.0
1995-09-08,-5.945,-5.885,-6.04,-6.0075,6103200.0
1995-09-11,-5.9775,-5.885,-5.9775,-5.9775,4402800.0
1995-09-12,-5.945,-5.76,-5.945,-5.76,6072800.0
1995-09-13,-5.76,-5.4475,-5.885,-5.4475,6682400.0
1995-09-14,-5.4475,-5.29,-5.5725,-5.3225,7926400.0
1995-09-15,-5.3225,-5.165,-5.385,-5.26,14606800.0
1995-09-18,-5.26,-5.165,-5.3525,-5.1975,4293200.0
1995-09-19,-5.1975,-5.04,-5.2275,-5.04,4229600.0
1995-09-20,-5.04,-4.54,-5.04,-4.635,8595200.0
1995-09-21,-4.635,-4.4475,-4.76,-4.54,5928400.0
1995-09-22,-4.54,-4.26,-4.76,-4.26,5979600.0
1995-09-25,-4.29,-4.29,-4.51,-4.385,4671200.0
1995-09-26,-4.4475,-4.4475,-4.6975,-4.4775,4724000.0
1995-09-27,-4.4775,-4.3525,-4.665,-4.385,5108000.0
1995-09-28,-4.385,-4.3525,-4.79,-4.7275,5733200.0
1995-09-29,-4.7275,-4.5725,-4.9475,-4.665,6300800.0
1995-10-02,-4.665,-4.54,-4.8225,-4.6975,5473600.0
1995-10-03,-4.6025,-4.165,-4.6025,-4.1975,5711200.0
1995-10-04,-4.1975,-4.01,-4.3225,-4.01,5485200.0
1995-10-05,-4.01,-3.9475,-4.3525,-4.26,6158800.0
1995-10-06,-4.26,-4.135,-4.3225,-4.2275,2790400.0
1995-10-09,-4.2275,-3.8525,-4.3225,-4.01,4142800.0
1995-10-10,-4.01,-3.9775,-4.29,-4.0725,6683200.0
1995-10-11,-4.0725,-4.01,-4.26,-4.135,4237600.0
1995-10-12,-4.135,-4.04,-4.2275,-4.2275,2575200.0
1995-10-13,-4.1975,-3.9475,-4.1975,-4.1975,3372000.0
1995-10-16,-4.1975,-3.915,-4.1975,-4.01,3349200.0
1995-10-17,-4.01,-4.01,-4.29,-4.1975,3501200.0
1995-10-18,-4.1975,-3.9475,-4.26,-3.9775,4730400.0
1995-10-19,-3.9775,-3.54,-4.2275,-3.54,10838000.0
1995-10-20,-3.54,-3.4475,-3.8525,-3.8225,13272400.0
1995-10-23,-3.8225,-3.8225,-3.9775,-3.915,5838000.0
1995-10-24,-3.915,-3.7275,-3.9475,-3.79,5394400.0
1995-10-25,-3.9775,-3.9775,-4.1025,-3.9775,10221600.0
1995-10-26,-3.9775,-3.8225,-4.2275,-4.165,9260800.0
1995-10-27,-4.165,-3.9925,-4.26,-4.01,6468400.0
1995-10-30,-4.01,-3.8525,-4.01,-3.915,4279200.0
1995-10-31,-3.915,-3.7275,-3.9475,-3.9475,5702800.0
1995-11-01,-3.9475,-3.8525,-4.04,-3.9775,4869600.0
1995-11-02,-3.9775,-3.915,-4.1025,-4.01,4910800.0
1995-11-03,-4.01,-3.885,-4.135,-4.135,6625600.0
1995-11-06,-4.135,-4.0725,-4.3225,-4.3225,4516400.0
1995-11-07,-4.3225,-4.1025,-4.3225,-4.1025,5918800.0
1995-11-08,-4.0725,-3.7275,-4.0725,-3.7275,6779600.0
1995-11-09,-3.7275,-3.665,-3.9775,-3.9775,5708000.0
1995-11-10,-3.9775,-3.7275,-4.01,-3.7275,3973600.0
1995-11-13,-3.7275,-3.415,-3.79,-3.4475,5506400.0
1995-11-14,-3.4475,-3.3525,-3.5725,-3.415,5934000.0
1995-11-15,-3.415,-3.3225,-3.6025,-3.3525,5509200.0
1995-11-16,-3.3525,-3.135,-3.3525,-3.2275,6279200.0
1995-11-17,-3.2275,-3.135,-3.29,-3.165,9172000.0
1995-11-20,-3.165,-3.1025,-3.26,-3.1025,4393200.0
1995-11-21,-3.1025,-2.6975,-3.135,-2.7275,5382400.0
1995-11-22,-2.76,-2.76,-3.165,-3.165,4871200.0
1995-11-24,-3.165,-3.04,-3.165,-3.1025,972000.0
1995-11-27,-3.1025,-3.0725,-3.3225,-3.26,5248000.0
1995-11-28,-3.26,-3.01,-3.29,-3.0725,5060800.0
1995-11-29,-3.0725,-3.04,-3.1975,-3.04,3523200.0
1995-11-30,-3.04,-2.885,-3.0725,-2.9775,4748400.0
1995-12-01,-2.9775,-2.8225,-3.04,-2.97,4114800.0
1995-12-04,-2.97,-2.8525,-3.135,-2.8525,5209600.0
1995-12-05,-2.8525,-2.4775,-2.9475,-2.5725,5074400.0
1995-12-06,-2.5725,-2.0725,-2.5725,-2.0725,7152400.0
1995-12-07,-2.1025,-2.1025,-2.415,-2.3225,5218800.0
1995-12-08,-2.3225,-2.135,-2.385,-2.29,3580000.0
1995-12-11,-2.29,-1.885,-2.3225,-2.0725,5690000.0
1995-12-12,-2.0725,-1.8525,-2.1025,-1.885,4158000.0
1995-12-13,-1.885,-1.8225,-1.9475,-1.915,4852000.0
1995-12-14,-1.915,-1.915,-2.2275,-2.2275,6360800.0
1995-12-15,-2.2275,-2.0725,-2.29,-2.26,19741200.0
1995-12-18,-2.3525,-2.3525,-2.54,-2.51,6014800.0
1995-12-19,-2.51,-2.4475,-3.01,-2.6025,9596800.0
1995-12-20,-2.6025,-2.6025,-3.3525,-3.3525,8376800.0
1995-12-21,-3.3525,-2.915,-4.01,-3.7275,27332800.0
1995-12-22,-3.7275,-3.665,-4.26,-3.915,14698800.0
1995-12-26,-3.915,-3.1975,-3.915,-3.26,8573600.0
1995-12-27,-3.26,-3.0725,-3.26,-3.26,8964000.0
1995-12-28,-3.26,-3.135,-3.3525,-3.1975,5162400.0
1995-12-29,-3.1975,-3.135,-3.51,-3.3525,5038000.0
1996-01-02,-3.3525,-3.1025,-3.4475,-3.165,7598800.0
1996-01-03,-3.135,-2.9475,-3.135,-3.01,7097200.0
1996-01-04,-3.01,-2.915,-3.29,-3.165,8546400.0
1996-01-05,-3.165,-3.04,-3.385,-3.26,6228400.0
1996-01-08,-3.26,-3.1025,-3.26,-3.135,1896800.0
1996-01-09,-3.135,-3.04,-3.415,-3.385,6684000.0
1996-01-10,-3.4475,-3.4475,-3.7275,-3.6975,7148000.0
1996-01-11,-3.6975,-3.51,-3.885,-3.51,8260000.0
1996-01-12,-3.51,-3.385,-3.8225,-3.7275,7219200.0
1996-01-15,-3.7275,-3.4775,-3.7275,-3.51,4016800.0
1996-01-16,-3.51,-3.1975,-3.635,-3.1975,4967200.0
1996-01-17,-3.1975,-3.0725,-3.665,-3.635,7014400.0
1996-01-18,-3.635,-3.54,-3.885,-3.5725,6645600.0
1996-01-19,-3.5725,-3.4475,-3.7275,-3.5725,8391200.0
1996-01-22,-3.5725,-3.5725,-3.8525,-3.7275,5954400.0
1996-01-23,-3.7275,-3.4775,-3.8525,-3.54,5876800.0
1996-01-24,-3.4475,-3.135,-3.4475,-3.135,6524000.0
1996-01-25,-3.135,-3.1025,-3.635,-3.51,7552800.0
1996-01-26,-3.51,-3.29,-3.6025,-3.29,4814800.0
1996-01-29,-3.29,-3.2275,-3.385,-3.3525,3785200.0
1996-01-30,-3.29,-3.04,-3.29,-3.1025,6600000.0
1996-01-31,-3.1025,-2.9775,-3.26,-3.0725,5199600.0
1996-02-01,-3.0725,-3.01,-3.165,-3.04,6909600.0
1996-02-02,-3.04,-2.915,-3.1975,-3.135,6744400.0
1996-02-05,-3.135,-2.8525,-3.1975,-2.8525,5068000.0
1996-02-06,-2.8525,-2.7275,-3.01,-2.76,8264800.0
1996-02-07,-2.7275,-2.385,-2.7275,-2.415,9185600.0
1996-02-08,-2.415,-1.7275,-2.51,-1.8525,9802400.0
1996-02-09,-1.8525,-1.8525,-2.165,-2.01,8433200.0
1996-02-12,-2.01,-1.915,-2.165,-2.01,6339200.0
1996-02-13,-1.9775,-1.415,-1.9775,-1.7275,10009200.0
1996-02-14,-1.7275,-1.5725,-1.9475,-1.665,8844000.0
1996-02-15,-1.665,-1.3525,-1.7275,-1.6025,6568400.0
1996-02-16,-1.6975,-1.6975,-1.885,-1.79,10399200.0
1996-02-20,-1.79,-1.4775,-1.9475,-1.76,6419600.0
1996-02-21,-1.7275,-1.4475,-1.7275,-1.4475,4871200.0
1996-02-22,-1.29,-0.8525,-1.29,-0.915,7690000.0
1996-02-23,-0.915,-0.8225,-1.385,-1.135,6533200.0
1996-02-26,-1.1975,-1.1975,-1.54,-1.4775,5782800.0
1996-02-27,-1.4775,-1.385,-1.79,-1.385,8136400.0
1996-02-28,-1.385,-1.0725,-1.635,-1.5725,9175600.0
1996-02-29,-1.5725,-1.3525,-1.885,-1.7275,7492400.0
1996-03-01,-1.665,-1.3525,-1.665,-1.385,6280400.0
1996-03-04,-1.385,-0.8225,-1.4475,-0.915,6585200.0
1996-03-05,-0.915,-0.8525,-1.04,-0.8525,4802800.0
1996-03-06,-0.8525,-0.8225,-1.1975,-1.135,5117200.0
1996-03-07,-1.135,-0.915,-1.26,-1.04,6560800.0
1996-03-08,-1.1975,-1.1975,-1.9475,-1.8525,11803200.0
1996-03-11,-1.8525,-1.51,-1.885,-1.635,10594400.0
1996-03-12,-1.635,-1.6025,-1.9475,-1.6025,7973600.0
1996-03-13,-1.6025,-1.4775,-1.7275,-1.635,7414800.0
1996-03-14,-1.635,-1.3525,-1.665,-1.54,5267200.0
1996-03-15,-1.54,-1.51,-1.7275,-1.6975,12249200.0
1996-03-18,-1.54,-1.26,-1.54,-1.29,6808400.0
1996-03-19,-1.29,-1.1975,-1.385,-1.29,6303600.0
1996-03-20,-1.1975,-0.8225,-1.1975,-0.8525,5901200.0
1996-03-21,-0.8525,-0.79,-1.1025,-1.01,5139200.0
1996-03-22,-1.01,-0.8525,-1.0725,-0.9475,3704800.0
1996-03-25,-0.8525,-0.7275,-0.8525,-0.79,5131600.0
1996-03-26,-0.79,-0.635,-0.915,-0.6975,5312400.0
1996-03-27,-0.6975,-0.5725,-0.9475,-0.9475,6892800.0
1996-03-28,-0.9475,-0.885,-1.04,-0.9475,4888800.0
1996-03-29,-0.9475,-0.915,-1.26,-1.2275,5764000.0
1996-04-01,-1.135,-0.8225,-1.135,-0.8525,8300000.0
1996-04-02,-0.8525,-0.79,-1.01,-0.915,4944800.0
1996-04-03,-0.915,-0.885,-1.0725,-0.915,3786000.0
1996-04-04,-0.915,-0.885,-1.04,-0.9775,4069600.0
1996-04-08,-1.26,-1.26,-1.54,-1.29,8134000.0
1996-04-09,-1.29,-1.04,-1.51,-1.4775,7615600.0
1996-04-10,-1.4775,-1.415,-2.1975,-2.1975,9358800.0
1996-04-11,-2.1975,-1.915,-2.26,-1.9475,12240000.0
1996-04-12,-1.885,-1.5725,-1.885,-1.7275,5786000.0
1996-04-15,-1.7275,-1.665,-1.885,-1.665,4102000.0
1996-04-16,-1.665,-1.4775,-1.7275,-1.5725,5059200.0
1996-04-17,-1.635,-1.635,-2.0725,-1.885,8906000.0
1996-04-18,-1.885,-1.76,-2.0725,-2.04,9608000.0
1996-04-19,-2.04,-1.8525,-2.3525,-2.2275,13010400.0
1996-04-22,-2.04,-1.7275,-2.04,-1.76,7160800.0
1996-04-23,-1.76,-1.635,-1.8525,-1.665,6218800.0
1996-04-24,-1.665,-1.54,-1.9475,-1.8225,7198000.0
1996-04-25,-1.8225,-1.51,-2.01,-1.6025,7151200.0
1996-04-26,-1.6025,-1.415,-1.6975,-1.6025,4176400.0
1996-04-29,-1.6025,-1.5725,-1.79,-1.635,4107200.0
1996-04-30,-1.635,-1.4775,-1.665,-1.54,5520000.0
1996-05-01,-1.54,-1.415,-1.6025,-1.4775,3995600.0
1996-05-02,-1.5725,-1.5725,-1.8525,-1.8225,6999600.0
1996-05-03,-1.8225,-1.76,-2.01,-1.9775,6925200.0
1996-05-06,-1.9775,-1.6975,-2.165,-1.6975,7170400.0
1996-05-07,-1.6975,-1.51,-1.76,-1.5725,6702800.0
1996-05-08,-1.5725,-1.2275,-1.8525,-1.2275,8292800.0
1996-05-09,-1.2275,-0.9775,-1.3225,-1.2275,4820400.0
1996-05-10,-1.1975,-0.9475,-1.1975,-0.9475,4942800.0
1996-05-13,-0.415,-0.415,-1.04,-0.415,8275800.0
1996-05-14,-0.225,0.4,-0.225,0.275,13405600.0
1996-05-15,0.275,0.775,0.275,0.335,12970600.0
1996-05-16,0.335,0.96,0.335,0.835,10024400.0
1996-05-17,0.9,1.46,0.9,1.15,14869200.0
1996-05-20,1.15,1.46,0.335,1.335,8158800.0
1996-05-21,1.335,2.025,0.585,1.335,10411000.0
1996-05-22,1.335,1.775,0.96,1.65,11524600.0
1996-05-23,1.65,1.775,1.275,1.4,9491200.0
1996-05-24,1.4,1.96,1.4,1.835,6385200.0
1996-05-28,1.71,1.71,1.085,1.085,7993000.0
1996-05-29,1.085,1.525,0.96,1.085,8676200.0
1996-05-30,1.085,1.65,0.96,1.46,6572400.0
1996-05-31,1.46,1.525,1.025,1.085,6618000.0
1996-06-03,1.085,1.335,0.96,1.21,6066400.0
1996-06-04,1.21,1.4,1.055,1.335,5020800.0
1996-06-05,1.335,1.96,1.275,1.96,5661800.0
1996-06-06,1.96,2.025,1.46,1.46,5061600.0
1996-06-07,1.46,1.585,0.96,1.525,5914200.0
1996-06-10,1.525,1.65,1.335,1.46,3519600.0
1996-06-11,1.46,1.835,1.4,1.585,4912000.0
1996-06-12,1.585,1.71,1.21,1.21,4903800.0
1996-06-13,1.21,1.4,1.15,1.275,3719400.0
1996-06-14,1.275,1.335,0.96,0.96,4581400.0
1996-06-17,1.025,1.275,1.025,1.15,4328200.0
1996-06-18,1.15,1.275,1.025,1.21,4982400.0
1996-06-19,1.21,1.525,1.21,1.335,3789400.0
1996-06-20,1.4,1.835,1.4,1.46,8487000.0
1996-06-21,1.525,1.9,1.525,1.9,14162200.0
1996-06-24,1.96,2.525,1.96,2.46,6982600.0
1996-06-25,2.46,2.585,2.15,2.335,4805000.0
1996-06-26,2.525,2.835,2.525,2.65,6813000.0
1996-06-27,2.65,2.65,2.15,2.525,7128200.0
1996-06-28,2.525,2.71,2.46,2.585,4991600.0
1996-07-01,2.585,2.835,2.46,2.775,5399400.0
1996-07-02,2.775,2.9,2.65,2.835,4856800.0
1996-07-03,2.835,3.025,2.335,2.585,5848200.0
1996-07-05,2.335,2.335,1.71,1.835,3621400.0
1996-07-08,1.835,2.025,1.65,1.775,5660000.0
1996-07-09,1.775,2.085,1.775,1.835,4043200.0
1996-07-10,1.835,2.085,1.525,2.085,5285200.0
1996-07-11,2.085,2.085,1.585,1.9,5448600.0
1996-07-12,1.9,1.96,1.585,1.65,4802200.0
1996-07-15,1.65,1.65,0.775,0.835,7929200.0
1996-07-16,0.835,1.46,0.21,1.15,12564800.0
1996-07-17,1.15,1.65,1.085,1.085,7255400.0
1996-07-18,1.275,1.835,1.275,1.775,5149200.0
1996-07-19,1.775,1.835,1.46,1.65,6963600.0
1996-07-22,1.65,1.9,1.4,1.775,4490600.0
1996-07-23,1.775,1.835,1.4,1.46,6255800.0
1996-07-24,1.335,1.335,0.71,1.025,8610800.0
1996-07-25,1.085,1.46,1.085,1.15,6681200.0
1996-07-26,1.15,1.71,1.15,1.65,4899800.0
1996-07-29,1.585,1.585,1.15,1.21,3789600.0
1996-07-30,1.21,1.335,0.71,1.275,4923800.0
1996-07-31,1.275,1.775,1.15,1.525,5238200.0
1996-08-01,1.525,2.15,1.46,2.15,6525400.0
1996-08-02,2.15,2.835,1.46,2.71,6353800.0
1996-08-05,2.71,2.835,2.585,2.65,3924800.0
1996-08-06,2.65,2.775,2.46,2.775,4077000.0
1996-08-07,2.775,2.96,2.4,2.71,4535400.0
1996-08-08,2.71,2.775,2.46,2.585,2899800.0
1996-08-09,2.585,2.775,2.335,2.46,4218000.0
1996-08-12,2.46,2.96,2.46,2.96,4616400.0
1996-08-13,2.96,3.46,2.835,3.21,7750200.0
1996-08-14,3.21,3.525,3.085,3.4,4419800.0
1996-08-15,3.4,3.835,3.4,3.65,5801000.0
1996-08-16,3.71,4.15,3.71,3.96,7169800.0
1996-08-19,3.96,4.335,3.835,3.9,4550200.0
1996-08-20,3.9,3.96,3.525,3.71,4724200.0
1996-08-21,3.71,4.085,3.4,3.525,3575600.0
1996-08-22,3.525,4.085,3.4,4.085,3359800.0
1996-08-23,4.085,4.15,3.65,3.775,3196000.0
1996-08-26,3.775,3.835,3.525,3.65,3537000.0
1996-08-27,3.65,3.9,3.585,3.9,2485000.0
1996-08-28,3.9,4.085,3.585,3.71,3208800.0
1996-08-29,3.65,3.65,3.15,3.275,5919800.0
1996-08-30,3.275,3.275,2.9,3.085,5083800.0
1996-09-03,3.085,3.65,2.835,3.46,6286800.0
1996-09-04,3.46,3.71,3.15,3.4,4924000.0
1996-09-05,3.4,3.46,3.085,3.085,3127200.0
1996-09-06,3.21,4.085,3.21,3.74,6239200.0
1996-09-09,3.74,4.025,3.71,3.96,4431800.0
1996-09-10,3.96,4.275,3.9,4.275,5633400.0
1996-09-11,4.21,4.21,3.96,4.025,3573400.0
1996-09-12,4.025,4.46,4.025,4.025,3971400.0
1996-09-13,4.335,4.65,4.335,4.585,5152800.0
1996-09-16,4.585,5.025,4.585,4.65,5321600.0
1996-09-17,4.65,4.65,4.15,4.15,5381600.0
1996-09-18,4.15,4.275,3.835,4.025,6727200.0
1996-09-19,4.025,4.335,3.9,4.085,4955600.0
1996-09-20,3.96,3.96,3.46,3.65,15474000.0
1996-09-23,3.65,3.9,3.4,3.65,4439000.0
1996-09-24,3.65,4.15,3.525,3.835,6351800.0
1996-09-25,3.835,4.025,3.65,3.71,4778600.0
1996-09-26,3.71,4.085,3.585,3.835,4347000.0
1996-09-27,3.835,4.025,3.4,3.46,5774800.0
1996-09-30,3.46,3.9,3.4,3.525,4200200.0
1996-10-01,3.525,3.525,2.585,3.15,13362000.0
1996-10-02,3.15,3.15,2.71,2.96,7877600.0
1996-10-03,2.96,3.085,2.46,2.525,7441200.0
1996-10-04,2.525,3.15,2.525,3.085,8541600.0
1996-10-07,3.085,3.4,3.085,3.21,5261400.0
1996-10-08,3.21,3.4,3.025,3.085,4834800.0
1996-10-09,3.085,3.15,2.585,2.96,6451000.0
1996-10-10,2.9,2.9,2.525,2.585,4148800.0
1996-10-11,2.65,3.15,2.65,2.96,4023200.0
1996-10-14,2.96,3.15,2.65,2.775,2867800.0
1996-10-15,2.71,2.71,1.9,2.46,9967000.0
1996-10-16,2.46,2.46,2.15,2.335,6003400.0
1996-10-17,2.335,2.96,2.085,2.71,6897400.0
1996-10-18,2.775,3.15,2.775,3.085,6593200.0
1996-10-21,3.085,3.085,2.71,2.96,5343200.0
1996-10-22,2.96,3.15,2.9,3.15,3776000.0
1996-10-23,3.15,3.275,2.96,3.21,4807200.0
1996-10-24,3.21,3.525,3.085,3.21,4399800.0
1996-10-25,3.21,3.275,3.025,3.025,3236600.0
1996-10-28,3.025,3.15,2.775,2.9,4773600.0
1996-10-29,2.9,3.275,2.835,2.96,5272800.0
1996-10-30,2.96,3.4,2.96,3.275,5119800.0
1996-10-31,3.275,3.4,3.15,3.335,4855200.0
1996-11-01,3.335,3.46,2.9,3.21,5650600.0
1996-11-04,3.21,3.525,2.96,3.46,6481800.0
1996-11-05,3.585,3.835,3.585,3.835,5884200.0
1996-11-06,3.835,4.085,3.65,4.085,5866000.0
1996-11-07,4.085,4.275,3.9,4.275,4716600.0
1996-11-08,4.275,4.4,4.15,4.4,3525000.0
1996-11-11,4.4,4.4,4.025,4.085,3758600.0
1996-11-12,4.085,4.085,3.65,3.775,5168400.0
1996-11-13,3.835,4.21,3.835,4.085,3231800.0
1996-11-14,4.085,4.4,4.025,4.15,4485800.0
1996-11-15,4.335,4.585,4.335,4.46,7842600.0
1996-11-18,4.46,4.585,4.15,4.21,4119400.0
1996-11-19,4.21,4.275,3.835,3.96,4526400.0
1996-11-20,3.96,4.085,3.9,3.9,3913400.0
1996-11-21,3.9,4.085,3.15,3.4,11493800.0
1996-11-22,3.4,3.525,3.085,3.46,7274000.0
1996-11-25,3.46,3.805,3.4,3.775,6048200.0
1996-11-26,3.775,3.9,3.65,3.71,7812400.0
1996-11-27,3.71,3.835,3.65,3.71,3441400.0
1996-11-29,3.71,3.775,3.65,3.65,1468400.0
1996-12-02,3.65,3.71,3.275,3.525,4731200.0
1996-12-03,3.525,3.525,2.96,2.96,6703000.0
1996-12-04,2.9,2.9,2.46,2.9,8298000.0
1996-12-05,2.9,3.025,2.275,2.71,7557800.0
1996-12-06,2.71,2.71,1.9,2.585,9673800.0
1996-12-09,2.65,3.21,2.65,3.21,5609200.0
1996-12-10,3.085,3.085,2.9,2.9,3946400.0
1996-12-11,2.835,2.835,2.4,2.71,6994400.0
1996-12-12,2.71,2.775,1.96,2.025,6523800.0
1996-12-13,2.025,2.21,1.525,2.025,8650800.0
1996-12-16,2.085,2.46,2.085,2.15,6619400.0
1996-12-17,2.15,2.585,2.025,2.4,7282400.0
1996-12-18,2.4,2.65,2.085,2.275,4048400.0
1996-12-19,2.275,3.71,2.025,3.65,10365800.0
1996-12-20,4.21,4.71,4.21,4.525,22801800.0
1996-12-23,4.525,4.65,4.025,4.275,5012400.0
1996-12-24,4.275,4.71,4.15,4.65,2368200.0
1996-12-26,4.65,4.9,4.585,4.71,3834400.0
1996-12-27,4.835,5.15,4.835,5.085,3794000.0
1996-12-30,5.085,5.21,4.65,4.65,2991000.0
1996-12-31,4.65,4.835,4.335,4.4,4135400.0
1997-01-02,4.335,4.335,3.65,4.025,7161800.0
1997-01-03,4.21,4.775,4.21,4.65,5312000.0
1997-01-06,4.65,4.9,4.21,4.4,6259600.0
1997-01-07,4.4,5.275,4.025,5.275,7325400.0
1997-01-08,5.275,5.335,4.65,4.775,5712000.0
1997-01-09,4.9,5.275,4.9,5.025,5715000.0
1997-01-10,5.025,5.15,4.4,5.15,6061600.0
1997-01-13,5.15,5.335,4.9,5.085,4327400.0
1997-01-14,5.335,5.96,5.335,5.835,7006000.0
1997-01-15,5.835,6.835,5.585,6.585,9699000.0
1997-01-16,6.585,7.025,6.4,6.9,6928200.0
1997-01-17,6.9,7.65,6.835,7.46,11371200.0
1997-01-20,7.46,8.025,7.46,7.46,7465600.0
1997-01-21,7.46,8.21,7.21,7.9,10445800.0
1997-01-22,7.9,7.96,7.525,7.775,6367200.0
1997-01-23,7.775,7.775,6.775,6.835,6414200.0
1997-01-24,6.835,6.96,6.15,6.65,10216000.0
1997-01-27,6.525,6.525,6.085,6.275,6329200.0
1997-01-28,6.275,6.65,5.585,5.835,8533400.0
1997-01-29,5.9,6.335,5.9,6.335,7654800.0
1997-01-30,6.4,6.835,6.4,6.775,5516800.0
1997-01-31,6.775,7.335,6.65,7.025,8654800.0
1997-02-03,7.025,7.835,6.96,7.835,7693400.0
1997-02-04,7.835,7.9,7.46,7.775,7997800.0
1997-02-05,7.775,8.025,7.025,7.21,7809800.0
1997-02-06,7.21,7.335,6.9,6.96,6090800.0
1997-02-07,6.96,7.275,6.585,7.21,6966000.0
1997-02-10,7.21,7.9,7.21,7.21,4787000.0
1997-02-11,7.21,7.71,7.21,7.71,4324600.0
1997-02-12,7.71,8.21,7.71,8.21,7335800.0
1997-02-13,8.21,8.585,8.085,8.585,7387800.0
1997-02-14,8.585,8.585,8.21,8.4,5933000.0
1997-02-18,8.4,8.835,8.335,8.835,5406800.0
1997-02-19,8.835,9.21,8.71,9.085,5995200.0
1997-02-20,9.025,9.025,8.65,8.71,5168600.0
1997-02-21,8.71,9.21,8.65,9.085,8153200.0
1997-02-24,9.085,9.585,8.835,9.525,6032000.0
1997-02-25,9.525,9.71,9.15,9.4,5326600.0
1997-02-26,9.335,9.335,8.335,8.585,7813600.0
1997-02-27,8.71,9.15,8.71,8.9,6025400.0
1997-02-28,8.9,8.96,8.4,8.585,5767400.0
1997-03-03,8.4,8.4,8.085,8.275,5929600.0
1997-03-04,8.275,8.525,7.71,7.71,7598400.0
1997-03-05,7.71,8.275,7.585,8.21,7617000.0
1997-03-06,8.4,8.775,8.4,8.525,10409400.0
1997-03-07,8.525,8.65,8.335,8.335,4057000.0
1997-03-10,8.335,8.71,8.275,8.65,6053600.0
1997-03-11,8.775,9.21,8.775,9.085,6334000.0
1997-03-12,9.025,9.025,8.46,8.585,5602800.0
1997-03-13,8.335,8.335,7.96,8.025,8282200.0
1997-03-14,8.025,8.15,7.71,7.835,6156600.0
1997-03-17,7.835,8.21,7.46,8.21,5342800.0
1997-03-18,8.21,8.4,8.025,8.275,5711800.0
1997-03-19,8.275,8.335,7.65,7.9,6087200.0
1997-03-20,7.9,7.96,7.4,7.585,4601200.0
1997-03-21,7.71,8.21,7.71,8.085,9848000.0
1997-03-24,8.085,8.15,7.525,7.96,6487000.0
1997-03-25,7.96,8.275,7.835,7.835,6652000.0
1997-03-26,7.775,7.775,7.15,7.4,7335200.0
1997-03-27,7.4,7.585,6.4,6.775,9268200.0
1997-03-31,6.525,6.525,5.71,5.96,13222800.0
1997-04-01,5.96,6.4,5.65,6.15,10285200.0
1997-04-02,6.15,6.46,5.835,5.96,5577000.0
1997-04-03,5.96,6.025,5.65,5.775,6560000.0
1997-04-04,5.775,6.775,5.65,6.775,6555400.0
1997-04-07,6.775,6.9,6.275,6.275,4746800.0
1997-04-08,6.275,6.585,5.9,6.46,4562400.0
1997-04-09,6.46,6.9,6.335,6.9,4871200.0
1997-04-10,6.9,6.96,6.585,6.585,3512200.0
1997-04-11,6.335,6.335,4.46,4.96,9281800.0
1997-04-14,5.21,6.025,5.21,5.9,9076800.0
1997-04-15,6.335,7.21,6.335,7.085,9081200.0
1997-04-16,7.085,7.585,6.96,7.46,7066000.0
1997-04-17,7.46,7.775,7.275,7.335,6547600.0
1997-04-18,7.335,8.025,7.335,7.9,7851400.0
1997-04-21,7.9,8.085,7.335,7.4,6825800.0
1997-04-22,7.585,9.025,7.585,9.025,10975200.0
1997-04-23,9.025,9.025,8.025,8.21,7897400.0
1997-04-24,8.21,8.585,7.96,8.085,4965000.0
1997-04-25,8.085,8.15,7.585,7.65,3983000.0
1997-04-28,7.65,8.65,7.525,8.65,4662200.0
1997-04-29,8.835,9.46,8.835,9.4,8004600.0
1997-04-30,9.4,9.96,9.21,9.9,8171000.0
1997-05-01,9.65,9.65,9.15,9.15,6145400.0
1997-05-02,9.275,10.21,9.275,10.085,5663200.0
1997-05-05,10.085,11.085,10.085,11.085,7260200.0
1997-05-06,11.085,11.645,10.895,11.335,10744400.0
1997-05-07,11.335,11.335,10.71,10.77,6473600.0
1997-05-08,10.77,11.145,10.395,10.395,8315800.0
1997-05-09,10.395,10.895,10.21,10.77,6832400.0
1997-05-12,10.77,11.46,10.77,11.335,5201600.0
1997-05-13,11.335,11.46,10.895,11.335,5670800.0
1997-05-14,11.46,11.835,11.46,11.585,5574600.0
1997-05-15,11.585,12.085,11.335,12.02,4740400.0
1997-05-16,12.02,12.27,11.46,11.52,9446000.0
1997-05-19,11.71,12.27,11.71,12.085,5010000.0
1997-05-20,12.085,12.335,11.835,12.27,5029600.0
1997-05-21,12.27,12.46,11.645,11.77,6042600.0
1997-05-22,11.77,11.895,11.27,11.335,4778200.0
1997-05-23,11.52,12.27,11.52,12.145,3512600.0
1997-05-27,12.145,12.585,11.52,12.335,6125800.0
1997-05-28,12.21,12.21,11.585,11.71,4731400.0
1997-05-29,11.71,11.835,11.52,11.835,3060200.0
1997-05-30,11.835,12.395,11.585,12.335,4255600.0
1997-06-02,12.27,12.27,11.835,11.895,3519200.0
1997-06-03,11.895,12.27,11.645,12.02,4326200.0
1997-06-04,12.02,12.02,11.395,11.395,5249800.0
1997-06-05,11.395,11.645,11.145,11.335,5899200.0
1997-06-06,11.395,12.085,11.395,11.96,4925600.0
1997-06-09,12.02,12.335,12.02,12.335,4292200.0
1997-06-10,12.335,12.71,12.145,12.27,5444600.0
1997-06-11,12.27,12.585,12.145,12.27,4033200.0
1997-06-12,12.71,13.085,12.71,13.085,6430400.0
1997-06-13,13.27,14.145,13.27,14.02,8388800.0
1997-06-16,14.02,14.395,13.895,13.895,5651000.0
1997-06-17,13.895,14.02,13.46,13.895,5209400.0
1997-06-18,13.895,14.21,13.71,13.77,5276800.0
1997-06-19,13.77,14.085,13.52,13.835,6765000.0
1997-06-20,13.835,13.96,13.645,13.77,10990600.0
1997-06-23,13.71,13.71,12.895,12.96,4148600.0
1997-06-24,12.96,13.335,12.71,13.24,6552200.0
1997-06-25,13.24,13.555,12.395,12.805,5855200.0
1997-06-26,12.805,13.21,12.74,13.02,4747200.0
1997-06-27,13.055,13.68,13.055,13.585,5457400.0
1997-06-30,13.585,13.615,11.625,12.085,8405600.0
1997-07-01,12.085,12.835,12.02,12.395,11291400.0
1997-07-02,12.395,13.305,12.145,13.305,7417800.0
1997-07-03,13.395,13.835,13.395,13.46,4004000.0
1997-07-07,13.46,13.805,12.865,13.02,6065200.0
1997-07-08,13.02,13.365,12.71,13.365,5503200.0
1997-07-09,13.365,13.46,12.615,12.77,6557600.0
1997-07-10,12.77,13.27,12.555,12.895,5044800.0
1997-07-11,12.895,13.115,12.865,12.99,3087400.0
1997-07-14,12.99,13.145,12.645,12.96,3563400.0
1997-07-15,12.96,13.18,12.71,13.145,5041400.0
1997-07-16,13.145,13.835,13.115,13.52,5546200.0
1997-07-17,13.52,14.055,12.615,13.02,7063600.0
1997-07-18,12.99,12.99,12.615,12.71,9139600.0
1997-07-21,12.52,12.52,11.96,12.24,6144800.0
1997-07-22,12.49,13.21,12.49,13.145,8252800.0
1997-07-23,13.145,13.46,12.585,12.615,6741600.0
1997-07-24,12.615,13.305,12.305,13.18,6158800.0
1997-07-25,13.18,13.555,13.02,13.145,5221000.0
1997-07-28,13.145,13.305,12.77,12.93,3888000.0
1997-07-29,12.93,13.085,12.46,12.93,5037800.0
1997-07-30,12.93,13.18,12.74,13.02,4879000.0
1997-07-31,13.02,13.055,12.52,12.645,6088000.0
1997-08-01,12.645,13.085,12.21,12.395,7182200.0
1997-08-04,12.395,12.71,12.145,12.555,4070000.0
1997-08-05,12.49,12.49,12.085,12.085,4023600.0
1997-08-06,12.085,12.395,11.805,12.145,7832200.0
1997-08-07,12.055,12.055,11.365,11.365,7551600.0
1997-08-08,10.96,10.96,9.43,9.43,18877800.0
1997-08-11,9.43,9.835,7.9,8.96,25320000.0
1997-08-12,8.96,9.21,8.4,8.555,14184800.0
1997-08-13,8.555,9.18,8.025,8.305,14515800.0
1997-08-14,8.305,8.615,7.835,8.115,10822200.0
1997-08-15,8.055,8.055,7.115,7.46,12587600.0
1997-08-18,7.46,8.275,7.115,8.275,12737600.0
1997-08-19,8.275,8.555,8.275,8.49,10347800.0
1997-08-20,8.49,8.99,8.335,8.835,9331400.0
1997-08-21,8.835,8.9,8.055,8.365,8738400.0
1997-08-22,8.365,8.43,7.525,8.43,7904800.0
1997-08-25,8.43,8.71,7.805,7.93,5655800.0
1997-08-26,7.93,8.085,7.585,7.585,6479800.0
1997-08-27,7.585,7.585,6.68,7.4,10290200.0
1997-08-28,7.4,7.49,6.65,7.21,9693800.0
1997-08-29,7.21,7.21,6.71,6.74,9787600.0
1997-09-02,6.74,8.055,6.585,8.025,9126200.0
1997-09-03,8.025,8.24,7.585,7.585,7742000.0
1997-09-04,7.585,7.96,7.24,7.9,7006200.0
1997-09-05,7.9,8.4,7.9,8.025,7411800.0
1997-09-08,8.025,8.4,7.65,7.65,5261200.0
1997-09-09,7.65,7.74,7.24,7.46,8264600.0
1997-09-10,7.46,7.68,6.865,6.9,6071800.0
1997-09-11,6.835,6.835,5.775,6.15,15022400.0
1997-09-12,6.15,6.71,5.615,6.615,13883800.0
1997-09-15,6.615,7.115,6.615,6.865,7217600.0
1997-09-16,7.055,8.15,7.055,7.71,9876400.0
1997-09-17,7.71,8.055,7.49,7.615,6530000.0
1997-09-18,7.615,7.74,7.335,7.49,7354800.0
1997-09-19,7.49,7.68,7.15,7.68,10150800.0
1997-09-22,7.9,8.18,7.9,8.005,5835000.0
1997-09-23,8.005,8.18,7.775,7.96,4942000.0
1997-09-24,7.96,8.65,7.96,8.4,9592800.0
1997-09-25,8.4,9.115,8.305,8.71,10278200.0
1997-09-26,8.805,9.055,8.805,9.055,5492200.0
1997-09-29,9.24,9.65,9.24,9.365,8656800.0
1997-09-30,9.335,9.335,8.525,8.585,6843200.0
1997-10-01,8.585,9.055,8.585,9.055,6044800.0
1997-10-02,9.055,9.525,8.96,9.525,6401600.0
1997-10-03,9.525,9.93,8.65,9.275,8069800.0
1997-10-06,9.46,9.74,9.46,9.525,4511000.0
1997-10-07,9.585,10.21,9.585,9.99,6927400.0
1997-10-08,9.99,10.145,9.335,9.46,6040800.0
1997-10-09,9.21,9.21,8.865,8.99,5424000.0
1997-10-10,8.99,9.025,8.525,8.93,3591200.0
1997-10-13,8.9,8.9,8.68,8.74,3216400.0
1997-10-14,8.74,9.18,8.275,8.46,6600200.0
1997-10-15,8.365,8.365,7.9,7.99,6319200.0
1997-10-16,7.99,8.555,7.365,7.555,7278600.0
1997-10-17,7.555,7.65,6.615,7.335,11165600.0
1997-10-20,7.335,7.65,6.835,7.49,8186800.0
1997-10-21,7.49,8.15,7.43,8.085,6119400.0
1997-10-22,8.085,8.18,7.525,7.74,4598200.0
1997-10-23,7.275,7.275,6.49,6.93,13684000.0
1997-10-24,6.93,7.68,5.65,5.835,15190400.0
1997-10-27,5.835,6.525,4.65,4.865,16333400.0
1997-10-28,4.865,7.055,3.085,6.96,25395200.0
1997-10-29,6.96,7.555,6.305,6.65,14566400.0
1997-10-30,6.65,7.4,6.085,6.085,9341400.0
1997-10-31,6.24,6.9,6.24,6.4,8183600.0
1997-11-03,6.585,7.305,6.585,7.21,6505000.0
1997-11-04,7.18,7.18,6.68,7.115,6270600.0
1997-11-05,7.115,7.43,6.835,6.9,5635600.0
1997-11-06,6.9,7.24,6.615,7.025,6092000.0
1997-11-07,6.805,6.805,6.055,6.585,7584800.0
1997-11-10,6.585,6.805,5.9,5.96,6303800.0
1997-11-11,6.085,6.49,6.085,6.365,4647200.0
1997-11-12,6.365,6.9,6.115,6.305,7542400.0
1997-11-13,6.46,6.9,6.46,6.805,7904800.0
1997-11-14,6.805,6.99,6.335,6.865,6647400.0
1997-11-17,7.21,8.15,7.21,7.9,8549800.0
1997-11-18,7.9,8.365,7.71,7.96,7615600.0
1997-11-19,7.96,9.15,7.835,9.15,10506400.0
1997-11-20,9.4,9.99,9.4,9.835,10096600.0
1997-11-21,9.835,9.96,9.305,9.96,9488000.0
1997-11-24,9.865,9.865,9.365,9.365,6105200.0
1997-11-25,9.43,10.24,9.43,10.145,7393200.0
1997-11-26,10.115,10.115,9.275,9.275,6400400.0
1997-11-28,9.305,9.585,9.305,9.335,1953200.0
1997-12-01,9.365,10.46,9.365,10.365,7679400.0
1997-12-02,10.555,11.18,10.555,11.02,11096000.0
1997-12-03,11.02,11.145,10.49,10.99,6606400.0
1997-12-04,10.99,11.085,10.335,10.49,6271800.0
1997-12-05,10.49,11.335,10.46,11.115,5987400.0
1997-12-08,10.96,10.96,9.585,9.865,10053200.0
1997-12-09,9.865,10.055,9.525,9.9,6445200.0
1997-12-10,9.9,10.145,9.555,10.025,6047600.0
1997-12-11,10.025,10.145,9.68,9.9,6752200.0
1997-12-12,10.025,10.74,10.025,10.555,6554600.0
1997-12-15,10.585,11.24,10.585,11.02,7177200.0
1997-12-16,11.02,11.18,10.615,10.93,4456200.0
1997-12-17,10.93,11.24,10.77,11.02,4877400.0
1997-12-18,11.02,11.27,10.18,10.21,7065800.0
1997-12-19,10.21,10.99,9.21,10.805,15696800.0
1997-12-22,10.805,11.43,10.645,11.115,7435400.0
1997-12-23,11.115,11.115,10.49,10.585,4260800.0
1997-12-24,10.585,10.645,10.27,10.395,2728200.0
1997-12-26,10.395,10.74,10.27,10.27,1067400.0
1997-12-29,10.74,11.27,10.74,11.24,3854800.0
1997-12-30,11.365,11.68,11.365,11.615,4494400.0
1997-12-31,11.555,11.555,11.18,11.43,3640600.0
1998-01-02,11.43,11.585,11.055,11.555,5443200.0
1998-01-05,11.52,11.52,10.71,11.305,7691600.0
1998-01-06,11.305,11.395,10.99,11.145,5448200.0
1998-01-07,11.145,11.18,10.645,11.18,5357200.0
1998-01-08,11.18,11.585,10.96,11.395,6323800.0
1998-01-09,11.395,11.43,10.115,10.145,8747200.0
1998-01-12,10.145,11.18,9.21,11.115,8895200.0
1998-01-13,11.115,11.18,10.395,10.77,6400000.0
1998-01-14,10.71,10.71,10.21,10.395,5673200.0
1998-01-15,10.305,10.305,9.865,9.96,4166800.0
1998-01-16,10.24,10.68,10.24,10.585,8217000.0
1998-01-20,10.615,11.055,10.615,11.055,4942000.0
1998-01-21,11.055,11.055,10.585,10.835,4477400.0
1998-01-22,10.835,11.085,10.43,10.805,5446400.0
1998-01-23,10.805,10.895,9.9,9.99,5033800.0
1998-01-26,9.99,10.24,9.305,9.615,5051800.0
1998-01-27,9.615,10.145,9.49,9.71,5669200.0
1998-01-28,9.71,10.46,9.275,10.145,10064600.0
1998-01-29,10.18,10.865,10.18,10.46,6681000.0
1998-01-30,10.46,10.585,10.335,10.46,4994800.0
1998-02-02,10.71,11.645,10.71,11.43,10112200.0
1998-02-03,11.43,11.895,11.335,11.835,7294600.0
1998-02-04,11.805,11.805,11.46,11.615,5980800.0
1998-02-05,11.615,11.895,11.49,11.865,7490600.0
1998-02-06,11.865,12.115,11.68,11.68,4298600.0
1998-02-09,11.68,11.805,11.585,11.77,3552000.0
1998-02-10,11.77,12.27,11.77,12.055,5323400.0
1998-02-11,12.055,12.52,11.99,12.52,4338000.0
1998-02-12,12.52,12.865,12.055,12.71,5871600.0
1998-02-13,12.68,12.68,12.21,12.365,4396200.0
1998-02-17,12.365,12.71,12.18,12.335,4680800.0
1998-02-18,12.335,12.99,12.145,12.645,4588800.0
1998-02-19,12.585,12.585,12.305,12.46,3483200.0
1998-02-20,12.46,12.93,12.335,12.865,5884200.0
1998-02-23,12.865,12.96,12.395,12.68,4430200.0
1998-02-24,12.615,12.615,12.115,12.24,4511200.0
1998-02-25,12.305,12.615,12.305,12.395,3796400.0
1998-02-26,12.395,12.71,12.27,12.52,2958600.0
1998-02-27,12.52,12.555,12.24,12.395,3544200.0
1998-03-02,12.395,12.43,12.055,12.085,5421800.0
1998-03-03,12.085,12.21,11.865,12.18,3897800.0
1998-03-04,12.18,12.46,11.895,12.46,5010400.0
1998-03-05,12.46,12.99,12.27,12.74,7645400.0
1998-03-06,12.865,13.46,12.865,13.335,9568800.0
1998-03-09,13.335,14.68,13.335,14.365,9636000.0
1998-03-10,14.365,14.555,14.365,14.395,5093400.0
1998-03-11,14.335,14.335,14.02,14.305,4748400.0
1998-03-12,14.305,14.305,13.895,13.895,4878600.0
1998-03-13,13.895,14.085,13.27,13.365,4027200.0
1998-03-16,13.49,14.18,13.49,13.96,4828000.0
1998-03-17,13.96,14.305,13.77,14.305,4683000.0
1998-03-18,14.305,15.585,14.21,15.49,8973400.0
1998-03-19,15.49,15.71,15.21,15.555,5914400.0
1998-03-20,15.555,16.835,15.555,16.835,10567600.0
1998-03-23,16.395,16.395,15.71,16.02,7623200.0
1998-03-24,16.02,16.46,15.805,16.085,5543200.0
1998-03-25,16.085,16.27,15.805,16.18,5285200.0
1998-03-26,16.18,16.555,15.74,16.305,4528000.0
1998-03-27,16.305,16.335,15.52,15.615,5057400.0
1998-03-30,16.24,17.74,16.24,17.27,10732000.0
1998-03-31,17.27,17.43,16.645,16.805,6896200.0
1998-04-01,16.805,18.43,16.805,18.395,8855000.0
1998-04-02,18.395,18.77,17.99,18.645,6690000.0
1998-04-03,18.645,18.645,17.99,18.305,6801200.0
1998-04-06,18.305,18.74,17.71,17.71,7718800.0
1998-04-07,17.645,17.645,17.055,17.585,6177200.0
1998-04-08,17.585,17.74,16.71,17.115,5503200.0
1998-04-09,17.115,17.52,16.99,17.365,3912000.0
1998-04-13,17.24,17.24,16.52,16.96,5482600.0
1998-04-14,16.96,17.085,16.49,16.99,4980600.0
1998-04-15,16.99,17.085,15.895,16.43,6630600.0
1998-04-16,16.43,16.555,15.02,15.49,7165000.0
1998-04-17,15.49,16.585,14.93,16.49,8330600.0
1998-04-20,16.49,16.645,15.585,15.74,6923400.0
1998-04-21,15.74,15.96,15.18,15.43,5545200.0
1998-04-22,15.43,16.335,15.085,15.96,6809400.0
1998-04-23,15.895,15.895,15.305,15.46,5773000.0
1998-04-24,15.46,15.555,14.585,14.895,4950200.0
1998-04-27,14.805,14.805,14.02,14.27,6224600.0
1998-04-28,14.305,15.115,14.305,14.305,5871600.0
1998-04-29,14.395,15.27,14.395,14.93,5490400.0
1998-04-30,15.18,16.115,15.18,16.02,5719200.0
1998-05-01,16.02,16.24,15.615,16.18,4886600.0
1998-05-04,16.18,16.49,16.145,16.21,4467400.0
1998-05-05,16.21,16.21,15.49,16.115,3733400.0
1998-05-06,16.115,16.395,15.895,16.085,4714200.0
1998-05-07,16.085,16.21,15.77,15.93,5112200.0
1998-05-08,15.96,16.835,15.96,16.305,5470000.0
1998-05-11,16.52,17.055,16.52,16.805,5788400.0
1998-05-12,16.805,17.02,16.46,16.96,4218400.0
1998-05-13,16.96,17.18,16.585,16.71,4853800.0
1998-05-14,16.71,17.305,16.52,16.96,4586200.0
1998-05-15,16.96,17.21,16.46,16.52,5917800.0
1998-05-18,16.52,16.96,16.52,16.77,4417000.0
1998-05-19,16.895,17.27,16.895,17.115,4154400.0
1998-05-20,17.115,18.02,16.99,17.99,5574400.0
1998-05-21,17.99,18.555,17.71,17.805,6537400.0
1998-05-22,17.805,17.96,17.24,17.49,3618600.0
1998-05-26,17.49,17.585,16.77,16.77,4409400.0
1998-05-27,16.77,17.21,16.335,17.21,6239800.0
1998-05-28,17.21,17.68,16.96,17.555,4448800.0
1998-05-29,17.555,17.93,17.27,17.27,5249000.0
1998-06-01,17.305,17.96,17.305,17.835,4791800.0
1998-06-02,17.835,18.18,17.68,17.895,6249600.0
1998-06-03,17.895,18.055,17.71,17.805,4311200.0
1998-06-04,17.805,18.27,17.395,18.18,5252800.0
1998-06-05,18.18,19.115,18.115,19.115,6399000.0
1998-06-08,19.115,19.46,18.49,18.615,5750800.0
1998-06-09,18.615,19.305,18.46,18.895,4434600.0
1998-06-10,18.895,19.21,18.49,18.71,4824600.0
1998-06-11,18.71,18.74,17.865,17.93,4921800.0
1998-06-12,17.93,18.585,17.71,18.43,6615600.0
1998-06-15,18.43,18.68,17.74,17.74,7135400.0
1998-06-16,17.645,17.645,16.96,17.585,8235400.0
1998-06-17,17.585,18.93,17.52,18.24,9051800.0
1998-06-18,18.24,18.895,18.145,18.77,5445800.0
1998-06-19,18.77,18.93,18.055,18.27,9234000.0
1998-06-22,18.27,19.02,18.18,18.645,4806400.0
1998-06-23,18.645,19.46,18.49,19.365,6769400.0
1998-06-24,19.365,20.27,19.085,20.145,6937600.0
1998-06-25,20.145,21.335,19.99,20.52,9885000.0
1998-06-26,20.52,21.18,20.46,20.99,8196000.0
1998-06-29,21.055,21.49,21.055,21.085,5139000.0
1998-06-30,21.085,21.18,20.615,20.835,5523000.0
1998-07-01,20.835,20.99,20.46,20.96,4725000.0
1998-07-02,20.865,20.865,20.615,20.77,3156400.0
1998-07-06,20.77,21.645,20.585,21.46,4839200.0
1998-07-07,21.46,21.895,20.96,21.055,5350400.0
1998-07-08,21.055,21.77,20.93,21.68,3905800.0
1998-07-09,21.68,21.74,20.835,21.43,5358600.0
1998-07-10,21.43,22.055,21.18,21.68,4149800.0
1998-07-13,21.68,21.96,21.24,21.52,4086800.0
1998-07-14,21.52,22.145,21.43,22.055,4133400.0
1998-07-15,22.055,22.555,21.93,21.99,4610600.0
1998-07-16,21.835,21.835,21.085,21.68,7432400.0
1998-07-17,21.585,21.585,21.115,21.145,4504600.0
1998-07-20,21.145,21.145,20.18,20.365,4772200.0
1998-07-21,20.365,20.585,20.145,20.21,5066000.0
1998-07-22,20.21,20.305,19.835,20.02,6065000.0
1998-07-23,20.02,20.395,19.585,19.585,5557200.0
1998-07-24,19.585,20.21,19.49,19.805,5388400.0
1998-07-27,19.805,20.96,19.335,20.555,5778200.0
1998-07-28,20.27,20.27,19.115,19.77,7995600.0
1998-07-29,19.77,19.895,18.615,19.02,5920800.0
1998-07-30,19.145,20.085,19.145,19.46,5448400.0
1998-07-31,19.46,19.68,17.77,18.335,7155400.0
1998-08-03,18.335,19.895,18.335,19.145,7708600.0
1998-08-04,19.115,19.115,17.395,17.395,10426400.0
1998-08-05,17.395,18.71,16.895,18.27,10670800.0
1998-08-06,18.27,19.18,18.02,18.895,7165400.0
1998-08-07,18.895,19.055,17.71,18.305,7050600.0
1998-08-10,18.305,18.895,17.895,18.145,5342400.0
1998-08-11,17.895,17.895,17.21,17.835,9676400.0
1998-08-12,17.835,18.055,17.305,17.93,7563600.0
1998-08-13,17.93,17.99,17.02,17.46,7293000.0
1998-08-14,17.46,17.68,15.865,16.49,8536600.0
1998-08-17,16.49,17.77,15.96,17.615,6840800.0
1998-08-18,17.615,17.805,17.145,17.615,6955000.0
1998-08-19,17.615,17.615,17.115,17.43,6990000.0
1998-08-20,17.43,18.145,17.18,17.805,6390800.0
1998-08-21,17.805,17.895,16.49,17.74,9367000.0
1998-08-24,17.77,18.24,17.77,17.895,7309600.0
1998-08-25,17.895,18.805,17.645,18.145,8049000.0
1998-08-26,18.145,18.18,17.24,17.68,7588200.0
1998-08-27,16.43,16.43,15.395,15.46,14306800.0
1998-08-28,15.46,15.68,14.115,14.46,11394400.0
1998-08-31,14.46,14.71,10.615,10.645,17622600.0
1998-09-01,10.96,13.02,10.96,12.21,21049400.0
1998-09-02,12.21,12.395,10.145,10.21,13993000.0
1998-09-03,9.65,9.65,8.49,9.055,16590400.0
1998-09-04,9.055,9.9,8.025,9.15,11775400.0
1998-09-08,9.15,10.585,9.055,9.835,12435000.0
1998-09-09,9.835,10.52,9.4,9.4,9759000.0
1998-09-10,8.835,8.835,8.18,8.525,8980000.0
1998-09-11,8.525,9.585,8.115,9.305,10586400.0
1998-09-14,9.615,10.43,9.615,9.74,9153400.0
1998-09-15,9.525,9.525,8.4,8.68,9017400.0
1998-09-16,8.68,9.335,8.335,9.305,11189800.0
1998-09-17,8.96,8.96,8.18,8.49,8112600.0
1998-09-18,8.49,8.93,8.15,8.775,11760200.0
1998-09-21,8.555,8.555,7.615,7.68,9576600.0
1998-09-22,7.68,8.085,6.085,6.275,18296200.0
1998-09-23,6.4,7.93,6.4,7.085,19143800.0
1998-09-24,7.085,7.21,5.9,6.43,13441200.0
1998-09-25,6.4,6.4,4.9,6.18,22417400.0
1998-09-28,6.18,6.835,5.96,6.71,10600400.0
1998-09-29,6.805,7.775,6.805,7.43,11792600.0
1998-09-30,7.43,7.46,6.74,6.9,8855600.0
1998-10-01,6.65,6.65,5.775,6.21,10727400.0
1998-10-02,6.21,7.835,5.865,7.555,9135000.0
1998-10-05,7.555,9.21,7.365,8.805,13577600.0
1998-10-06,8.805,10.115,8.71,9.49,11782600.0
1998-10-07,9.49,10.49,9.21,9.74,14195000.0
1998-10-08,9.74,10.895,9.4,10.335,19223400.0
1998-10-09,10.335,10.77,9.46,9.99,12344200.0
1998-10-12,9.99,10.52,9.365,9.43,6925600.0
1998-10-13,9.43,10.365,9.335,10.085,6529800.0
1998-10-14,10.085,10.96,9.74,10.27,7365000.0
1998-10-15,10.27,12.145,9.9,11.835,9293400.0
1998-10-16,11.865,12.805,11.865,12.68,12202000.0
1998-10-19,12.68,12.74,12.24,12.27,5674200.0
1998-10-20,12.27,13.115,11.555,11.615,9094600.0
1998-10-21,11.615,11.93,11.335,11.585,6495200.0
1998-10-22,11.585,12.895,11.21,12.645,5868600.0
1998-10-23,12.645,13.21,12.49,13.21,5981000.0
1998-10-26,13.21,13.395,12.68,13.02,5451200.0
1998-10-27,13.02,13.365,11.895,12.085,5916400.0
1998-10-28,12.085,12.395,11.835,11.865,4026400.0
1998-10-29,11.865,12.055,11.02,11.99,7195600.0
1998-10-30,11.99,12.335,11.43,11.865,6692400.0
1998-11-02,12.115,13.835,12.115,13.585,9283200.0
1998-11-03,13.585,14.96,13.27,14.555,8025800.0
1998-11-04,14.555,14.805,13.71,14.145,7711200.0
1998-11-05,14.145,14.46,13.27,14.43,6525200.0
1998-11-06,14.43,14.52,13.93,14.395,4482200.0
1998-11-09,14.365,14.365,13.395,13.865,5172600.0
1998-11-10,13.865,14.365,13.46,14.145,4875200.0
1998-11-11,13.895,13.895,13.085,13.77,4811800.0
1998-11-12,13.555,13.555,13.18,13.365,3060800.0
1998-11-13,13.365,13.52,12.74,12.96,4091800.0
1998-11-16,12.96,13.305,12.395,13.085,5620600.0
1998-11-17,13.115,14.055,13.115,13.18,5343400.0
1998-11-18,13.18,13.585,12.895,13.555,4803200.0
1998-11-19,13.555,14.24,13.52,13.77,5638400.0
1998-11-20,13.895,14.52,13.895,14.49,7155000.0
1998-11-23,14.52,15.805,14.52,15.805,7152400.0
1998-11-24,15.74,15.74,14.68,14.835,5388600.0
1998-11-25,14.835,15.145,14.52,14.74,3677600.0
1998-11-27,14.52,14.52,13.865,13.93,2473200.0
1998-11-30,13.71,13.71,12.96,13.115,5605600.0
1998-12-01,13.115,13.335,12.645,13.02,5802800.0
1998-12-02,12.96,12.96,12.335,12.865,4906600.0
1998-12-03,12.71,12.71,12.145,12.145,5482600.0
1998-12-04,12.27,12.99,12.27,12.585,4587800.0
1998-12-07,12.585,12.615,11.96,12.395,4261200.0
1998-12-08,12.395,12.395,11.615,12.395,5514400.0
1998-12-09,11.895,11.895,10.895,11.645,9133600.0
1998-12-10,11.52,11.52,10.74,11.115,7677400.0
1998-12-11,10.21,10.21,9.055,9.525,20779000.0
1998-12-14,9.525,10.18,9.24,9.805,12979600.0
1998-12-15,10.025,11.055,10.025,11.055,8851200.0
1998-12-16,11.055,11.49,10.365,10.52,7611800.0
1998-12-17,10.52,11.02,10.305,10.46,5113400.0
1998-12-18,10.46,10.895,10.43,10.865,9373800.0
1998-12-21,10.865,11.615,10.865,10.96,7210800.0
1998-12-22,10.96,12.18,10.585,11.805,7083000.0
1998-12-23,11.895,13.24,11.895,13.055,6984000.0
1998-12-24,13.055,13.145,12.805,12.805,2035000.0
1998-12-28,12.805,13.055,11.96,12.52,3217400.0
1998-12-29,12.52,13.02,12.365,12.74,4220600.0
1998-12-30,12.74,12.93,11.99,11.99,4415400.0
1998-12-31,11.99,11.99,11.115,11.585,5425000.0
1999-01-04,11.585,12.52,11.145,11.68,7358200.0
1999-01-05,11.68,12.52,11.46,12.365,6733800.0
1999-01-06,12.365,13.27,12.085,13.21,9957800.0
1999-01-07,13.085,13.085,12.21,12.805,6032000.0
1999-01-08,12.77,12.77,11.49,12.085,8961600.0
1999-01-11,11.645,11.645,10.71,11.115,10087600.0
1999-01-12,11.115,11.365,10.71,10.805,8370000.0
1999-01-13,10.805,10.865,9.9,10.68,8561400.0
1999-01-14,10.615,10.615,9.46,9.835,10179400.0
1999-01-15,9.865,10.585,9.865,10.49,9702600.0
1999-01-19,10.49,10.615,9.46,10.145,8228400.0
1999-01-20,10.145,10.18,9.585,9.805,7395200.0
1999-01-21,9.68,9.68,8.555,8.865,12716600.0
1999-01-22,8.805,8.805,7.865,8.525,15610600.0
1999-01-25,8.525,9.585,8.115,9.555,10226800.0
1999-01-26,9.555,9.71,8.115,9.365,11162000.0
1999-01-27,9.365,10.46,8.865,10.055,9598600.0
1999-01-28,10.055,10.93,9.865,10.645,10326600.0
1999-01-29,10.645,11.02,10.335,10.74,8236000.0
1999-02-01,10.74,10.99,10.085,10.085,7864400.0
1999-02-02,10.085,10.71,9.68,10.71,8544600.0
1999-02-03,10.71,11.02,10.145,10.335,8492600.0
1999-02-04,10.18,10.18,9.4,9.865,8295600.0
1999-02-05,9.865,10.055,8.99,9.115,6035000.0
1999-02-08,9.115,9.4,8.74,8.835,5983000.0
1999-02-09,8.835,9.775,8.74,9.055,8243600.0
1999-02-10,9.085,9.9,9.085,9.9,5970200.0
1999-02-11,9.9,10.52,9.525,10.27,5863800.0
1999-02-12,10.27,10.555,9.43,10.025,5048600.0
1999-02-16,10.115,10.585,10.115,10.52,5821800.0
1999-02-17,10.52,10.71,9.835,10.24,6282000.0
1999-02-18,10.24,10.74,10.055,10.395,5313800.0
1999-02-19,10.395,11.02,10.115,10.96,9922600.0
1999-02-22,10.77,10.77,10.27,10.305,9985600.0
1999-02-23,10.27,10.27,9.115,9.46,10619200.0
1999-02-24,9.46,10.43,9.46,9.49,8784400.0
1999-02-25,9.49,10.335,9.365,10.21,8244400.0
1999-02-26,10.21,10.52,9.43,10.025,8363200.0
1999-03-01,10.025,10.055,9.4,9.93,5425000.0
1999-03-02,9.835,9.835,8.71,9.15,9608200.0
1999-03-03,9.15,9.15,8.49,8.9,6140200.0
1999-03-04,8.9,9.74,8.9,9.555,8276200.0
1999-03-05,9.615,10.24,9.615,10.055,8542800.0
1999-03-08,10.055,10.085,9.615,10.085,6003800.0
1999-03-09,10.085,10.145,9.49,9.585,6796200.0
1999-03-10,9.585,9.775,9.18,9.525,6008800.0
1999-03-11,9.96,11.395,9.96,11.27,17270800.0
1999-03-12,11.615,13.055,11.615,12.805,16184600.0
1999-03-15,12.805,12.805,12.21,12.43,8657200.0
1999-03-16,12.43,12.835,12.145,12.43,6542600.0
1999-03-17,12.43,12.555,11.395,11.49,6938800.0
1999-03-18,11.49,12.365,11.49,12.21,8341800.0
1999-03-19,12.21,12.52,11.835,11.835,8632800.0
1999-03-22,11.835,12.27,11.71,11.93,5739800.0
1999-03-23,11.335,11.335,10.49,11.02,12744000.0
1999-03-24,11.02,11.18,10.43,10.77,6156600.0
1999-03-25,10.77,11.18,10.555,11.02,5522000.0
1999-03-26,10.74,10.74,9.99,10.74,7042800.0
1999-03-29,10.74,12.02,10.395,10.49,7931400.0
1999-03-30,9.805,9.805,8.775,9.71,21393400.0
1999-03-31,9.65,9.65,8.49,8.775,13089800.0
1999-04-01,8.775,8.93,8.115,8.555,9611200.0
1999-04-05,8.555,8.68,8.15,8.335,8302400.0
1999-04-06,8.335,8.46,7.9,7.99,10912000.0
1999-04-07,7.93,7.93,6.9,7.555,15249200.0
1999-04-08,7.555,8.71,7.555,8.525,13011600.0
1999-04-09,8.525,8.805,7.99,8.46,8467400.0
1999-04-12,8.46,9.085,7.99,9.025,9582000.0
1999-04-13,9.585,10.46,9.585,9.74,11245000.0
1999-04-14,9.74,9.96,9.335,9.805,8003000.0
1999-04-15,9.805,10.335,9.805,10.21,8768000.0
1999-04-16,10.21,10.96,9.835,10.93,9169600.0
1999-04-19,10.93,11.615,10.115,10.555,12480200.0
1999-04-20,10.555,10.835,9.9,10.71,6711400.0
1999-04-21,10.835,12.145,10.835,11.865,13177000.0
1999-04-22,11.865,12.02,11.21,11.335,9231800.0
1999-04-23,11.335,11.96,11.085,11.335,5469600.0
1999-04-26,11.335,11.77,10.74,11.645,4614600.0
1999-04-27,11.74,12.805,11.74,12.805,9852200.0
1999-04-28,12.615,12.615,11.96,12.055,5784400.0
1999-04-29,12.055,12.395,11.77,11.99,5667600.0
1999-04-30,11.99,12.49,11.52,12.115,7045400.0
1999-05-03,12.115,12.68,11.71,12.585,5654800.0
1999-05-04,12.585,12.585,11.895,12.43,5216800.0
1999-05-05,12.43,13.46,12.145,13.335,10742800.0
1999-05-06,13.335,13.52,12.335,12.645,8282800.0
1999-05-07,12.615,12.615,11.865,11.96,5550200.0
1999-05-10,11.96,12.18,11.335,11.615,6254400.0
1999-05-11,11.615,11.835,10.895,11.555,5540600.0
1999-05-12,11.52,11.52,10.46,11.305,5440200.0
1999-05-13,11.27,11.27,10.805,10.96,6660000.0
1999-05-14,10.96,11.02,10.24,10.71,5762400.0
1999-05-17,10.71,11.71,10.645,11.645,6298000.0
1999-05-18,11.99,12.615,11.99,12.46,10695000.0
1999-05-19,12.46,12.46,11.835,12.305,5608400.0
1999-05-20,12.305,12.305,11.865,12.055,4121600.0
1999-05-21,12.055,12.71,11.895,12.085,6302200.0
1999-05-24,12.085,12.305,11.335,11.49,5638400.0
1999-05-25,11.49,12.49,11.43,11.585,8837600.0
1999-05-26,11.615,12.68,11.615,12.335,8707600.0
1999-05-27,12.335,12.43,11.77,12.145,6468200.0
1999-05-28,12.145,12.805,12.085,12.335,5551000.0
1999-06-01,12.335,12.805,11.93,12.645,6923400.0
1999-06-02,12.52,12.52,12.145,12.395,3718200.0
1999-06-03,12.395,12.555,12.24,12.49,4614400.0
1999-06-04,12.49,13.02,12.305,12.96,6448400.0
1999-06-07,12.805,12.805,11.895,11.96,4600000.0
1999-06-08,11.96,12.305,11.49,11.96,5791000.0
1999-06-09,11.835,11.835,11.395,11.585,4262600.0
1999-06-10,11.305,11.305,10.77,11.145,4696200.0
1999-06-11,11.145,11.21,10.085,10.305,5896600.0
1999-06-14,10.305,10.865,9.99,10.49,5623200.0
1999-06-15,10.21,10.21,9.68,9.96,7671400.0
1999-06-16,9.96,10.49,9.585,10.025,7770800.0
1999-06-17,10.025,10.645,9.99,10.365,7760200.0
1999-06-18,10.305,10.305,9.65,9.805,13430600.0
1999-06-21,9.74,9.74,8.775,8.865,12047400.0
1999-06-22,8.865,10.46,8.74,9.4,14922400.0
1999-06-23,9.4,9.835,8.9,8.96,10523600.0
1999-06-24,8.96,9.555,8.71,9.4,10789400.0
1999-06-25,9.4,9.74,8.775,9.025,6839200.0
1999-06-28,9.025,9.025,8.43,8.615,8389800.0
1999-06-29,8.615,8.68,8.275,8.68,8821600.0
1999-06-30,8.68,9.4,8.46,9.085,15421400.0
1999-07-01,9.15,10.645,9.15,10.52,14922400.0
1999-07-02,10.52,10.835,10.18,10.49,8407400.0
1999-07-06,10.335,10.335,9.68,9.9,6175800.0
1999-07-07,9.865,9.865,9.335,9.585,6491000.0
1999-07-08,9.585,10.18,9.275,9.65,5172800.0
1999-07-09,9.74,10.365,9.74,9.9,5405200.0
1999-07-12,9.9,10.085,9.335,9.615,4791800.0
1999-07-13,9.525,9.525,9.085,9.305,5662800.0
1999-07-14,9.18,9.18,8.865,9.025,5309600.0
1999-07-15,9.4,10.21,9.4,10.085,9338400.0
1999-07-16,10.085,10.585,9.93,10.585,7277000.0
1999-07-19,10.555,10.555,9.46,9.68,6306800.0
1999-07-20,9.68,10.025,9.365,9.555,5544200.0
1999-07-21,9.555,10.145,9.365,9.4,7261400.0
1999-07-22,9.4,9.93,9.115,9.65,6185000.0
1999-07-23,9.555,9.555,8.865,9.21,5908400.0
1999-07-26,9.21,9.9,8.865,9.615,5491400.0
1999-07-27,9.615,9.68,9.15,9.335,5647200.0
1999-07-28,9.21,9.21,8.65,8.775,6001800.0
1999-07-29,8.775,9.025,8.46,8.835,6723000.0
1999-07-30,8.835,8.93,8.21,8.365,5677200.0
1999-08-02,8.365,8.68,8.085,8.115,5161000.0
1999-08-03,8.15,8.65,8.15,8.49,5486000.0
1999-08-04,8.49,9.025,8.15,8.15,6119600.0
1999-08-05,8.15,8.9,7.96,8.525,7089400.0
1999-08-06,8.525,8.71,7.335,7.71,7642000.0
1999-08-09,7.71,8.21,7.615,7.96,4808600.0
1999-08-10,7.96,8.275,7.835,7.99,4855000.0
1999-08-11,7.99,8.085,7.335,7.805,6254800.0
1999-08-12,7.805,8.49,7.805,8.15,5596600.0
1999-08-13,8.15,8.43,7.74,7.99,4847400.0
1999-08-16,7.93,7.93,7.46,7.775,4236800.0
1999-08-17,7.775,8.21,7.65,8.15,3749200.0
1999-08-18,7.9,7.9,7.305,7.335,5697000.0
1999-08-19,7.335,7.4,6.93,7.115,9124000.0
1999-08-20,7.115,7.615,6.865,7.49,7397800.0
1999-08-23,7.49,7.99,7.24,7.49,7271200.0
1999-08-24,7.49,7.9,7.305,7.71,6457000.0
1999-08-25,7.74,8.96,7.74,8.74,10551000.0
1999-08-26,8.74,9.305,8.71,8.865,6892800.0
1999-08-27,8.865,9.115,8.585,9.115,5256200.0
1999-08-30,9.115,9.275,8.275,8.525,4504600.0
1999-08-31,8.525,8.71,7.96,7.99,6173800.0
1999-09-01,7.99,8.335,7.68,8.085,4987600.0
1999-09-02,7.96,7.96,7.43,7.835,4256000.0
1999-09-03,7.115,7.115,6.4,6.775,15629600.0
1999-09-07,6.775,6.835,4.96,5.4,20932600.0
1999-09-08,5.4,6.025,5.365,5.71,16796800.0
1999-09-09,5.71,6.085,5.335,5.585,8579800.0
1999-09-10,5.585,5.74,5.4,5.65,6515000.0
1999-09-13,5.65,5.96,5.49,5.775,5002200.0
1999-09-14,5.585,5.585,5.275,5.46,6496000.0
1999-09-15,5.46,5.865,5.115,5.115,7234000.0
1999-09-16,5.115,5.43,4.9,5.115,6510400.0
1999-09-17,5.115,5.46,4.865,5.085,10967400.0
1999-09-20,5.085,5.525,5.085,5.21,7170800.0
1999-09-21,5.21,5.4,4.805,4.96,7690400.0
1999-09-22,4.93,4.93,4.24,4.305,11921400.0
1999-09-23,4.305,4.68,3.49,3.555,12639800.0
1999-09-24,3.555,4.085,3.555,3.65,10570800.0
1999-09-27,3.65,4.115,3.525,3.585,9242000.0
1999-09-28,3.585,3.74,2.865,3.46,13730200.0
1999-09-29,3.46,3.46,2.46,2.525,12171000.0
1999-09-30,2.525,2.805,2.055,2.21,16804000.0
1999-10-01,2.21,2.68,1.96,2.615,11814600.0
1999-10-04,2.615,2.99,1.865,1.865,13134600.0
1999-10-05,1.865,2.21,1.74,2.055,13728200.0
1999-10-06,2.115,4.055,2.115,4.055,16290200.0
1999-10-07,4.055,4.525,3.99,4.085,11634400.0
1999-10-08,4.115,5.055,4.115,4.615,10347400.0
1999-10-11,4.615,4.835,4.115,4.275,5630800.0
1999-10-12,4.085,4.085,3.15,3.365,9377800.0
1999-10-13,3.365,3.4,2.835,2.93,8828000.0
1999-10-14,2.96,3.805,2.96,3.365,9138200.0
1999-10-15,3.365,3.585,2.9,3.055,9028200.0
1999-10-18,3.055,3.585,2.96,3.585,7876800.0
1999-10-19,3.835,4.525,3.835,4.49,11870400.0
1999-10-20,4.49,4.9,4.365,4.46,8752000.0
1999-10-21,4.46,5.305,4.275,5.24,11963800.0
1999-10-22,5.365,6.055,5.365,5.71,14658400.0
1999-10-25,5.71,6.365,5.585,6.24,8613400.0
1999-10-26,6.24,6.585,5.835,5.835,9280400.0
1999-10-27,5.835,6.68,5.835,6.555,7181800.0
1999-10-28,6.865,7.49,6.865,7.49,10987600.0
1999-10-29,7.49,7.775,7.21,7.585,8153200.0
1999-11-01,7.585,7.775,7.025,7.585,8425200.0
1999-11-02,7.555,7.555,6.74,6.96,6453600.0
1999-11-03,6.96,6.96,6.115,6.525,7917400.0
1999-11-04,6.525,6.835,6.115,6.43,7537000.0
1999-11-05,6.9,7.305,6.9,7.15,8209600.0
1999-11-08,7.15,7.555,6.93,7.49,5470000.0
1999-11-09,7.49,7.49,6.71,6.93,4456400.0
1999-11-10,6.93,7.21,6.585,7.025,5149000.0
1999-11-11,7.025,7.055,6.335,6.46,4844600.0
1999-11-12,6.46,6.835,6.365,6.835,4832600.0
1999-11-15,6.835,7.24,6.835,7.21,5541800.0
1999-11-16,7.21,7.71,6.96,7.71,6558800.0
1999-11-17,7.71,8.085,7.335,8.055,7905000.0
1999-11-18,8.055,8.49,7.71,8.305,6596400.0
1999-11-19,8.305,8.43,7.93,8.335,7501800.0
1999-11-22,8.835,11.115,8.835,10.77,25021800.0
1999-11-23,10.99,11.555,10.99,11.43,19265800.0
1999-11-24,11.43,12.305,11.18,12.055,11651200.0
1999-11-26,12.02,12.02,11.365,11.365,3306600.0
1999-11-29,11.365,11.68,10.96,11.615,8520200.0
1999-11-30,11.615,12.055,11.335,11.74,7551000.0
1999-12-01,11.74,12.585,11.43,12.18,10861600.0
1999-12-02,12.055,12.055,11.585,11.805,4753600.0
1999-12-03,11.99,12.585,11.99,12.24,7668200.0
1999-12-06,12.18,12.18,9.4,10.39,26527600.0
1999-12-07,9.46,9.46,7.46,7.585,36138200.0
1999-12-08,7.775,8.525,7.775,8.085,20022800.0
1999-12-09,8.115,9.18,8.115,9.15,13725400.0
1999-12-10,9.15,9.775,9.15,9.71,11719000.0
1999-12-13,9.585,9.585,8.775,9.085,5586200.0
1999-12-14,9.055,9.055,8.615,8.71,7121200.0
1999-12-15,8.68,8.68,7.775,8.025,9054200.0
1999-12-16,8.025,8.275,7.025,7.335,10605200.0
1999-12-17,7.335,8.025,6.775,7.96,16030000.0
1999-12-20,7.96,8.275,7.335,7.865,7583600.0
1999-12-21,7.865,8.085,7.15,7.305,6346400.0
1999-12-22,7.335,8.46,7.335,7.335,9053400.0
1999-12-23,7.49,8.21,7.49,7.71,6739400.0
1999-12-27,7.71,8.055,7.365,7.835,6182400.0
1999-12-28,7.835,7.9,7.43,7.65,4732200.0
1999-12-29,7.65,8.025,7.4,7.555,3655600.0
1999-12-30,7.555,7.805,7.305,7.305,3969200.0
1999-12-31,7.305,7.525,7.115,7.21,2829800.0
2000-01-03,7.085,7.085,5.71,6.275,10997000.0
2000-01-04,6.275,6.49,5.9,6.305,7308000.0
2000-01-05,6.305,6.805,6.115,6.555,9457400.0
2000-01-06,6.555,6.93,6.365,6.585,7129200.0
2000-01-07,7.025,8.46,7.025,8.46,11474000.0
2000-01-10,8.46,8.555,7.46,7.49,8723800.0
2000-01-11,8.15,8.71,8.15,8.49,9398000.0
2000-01-12,8.49,8.99,8.305,8.835,8389800.0
2000-01-13,8.805,8.805,8.305,8.365,6106000.0
2000-01-14,8.43,9.055,8.43,8.615,7513200.0
2000-01-18,8.615,10.585,8.615,10.585,18350800.0
2000-01-19,10.585,10.71,10.115,10.71,12813400.0
2000-01-20,10.71,11.055,10.645,11.02,11539800.0
2000-01-21,11.02,11.52,10.96,11.52,11385800.0
2000-01-24,11.46,11.46,9.865,10.52,11306000.0
2000-01-25,10.52,11.115,9.525,11.02,9718600.0
2000-01-26,10.835,10.835,9.46,9.615,23723800.0
2000-01-27,9.43,9.43,7.305,7.835,17550800.0
2000-01-28,7.835,7.865,6.555,6.555,10875200.0
2000-01-31,6.555,7.46,6.365,6.805,10734600.0
2000-02-01,6.805,7.275,6.24,7.15,8114600.0
2000-02-02,7.025,7.025,6.115,6.275,7164000.0
2000-02-03,6.275,6.46,5.615,5.71,9464400.0
2000-02-04,5.71,6.96,5.615,6.21,11501800.0
2000-02-07,6.21,6.9,5.865,6.525,7742800.0
2000-02-08,6.525,7.025,6.46,6.68,8261200.0
2000-02-09,6.68,6.96,6.46,6.585,7948600.0
2000-02-10,6.585,6.775,6.21,6.43,8031000.0
2000-02-11,6.055,6.055,5.525,5.865,7688600.0
2000-02-14,5.71,5.71,4.99,5.15,7134000.0
2000-02-15,5.15,5.96,4.71,5.93,7850800.0
2000-02-16,5.805,5.805,4.71,4.865,6869200.0
2000-02-17,4.865,4.865,3.68,4.24,11661000.0
2000-02-18,4.24,4.24,3.46,3.775,11443400.0
2000-02-22,3.775,4.4,3.335,3.96,10543000.0
2000-02-23,3.805,3.805,3.085,3.71,11021600.0
2000-02-24,3.335,3.335,2.24,2.99,15451600.0
2000-02-25,2.99,3.43,2.115,2.43,10905200.0
2000-02-28,2.43,2.93,1.865,2.74,10790800.0
2000-02-29,2.49,2.49,1.9,2.4,10346200.0
2000-03-01,2.68,3.775,2.68,3.585,15612200.0
2000-03-02,3.585,3.99,2.775,2.9,11358600.0
2000-03-03,2.9,3.275,2.615,3.15,9010600.0
2000-03-06,2.835,2.835,2.24,2.585,7866000.0
2000-03-07,2.585,2.585,0.49,1.65,23440200.0
2000-03-08,1.65,2.115,1.025,1.835,14441600.0
2000-03-09,1.835,1.865,1.025,1.46,12389400.0
2000-03-10,1.4,1.4,0.115,0.835,14059200.0
2000-03-13,0.24,0.24,-0.35,-0.04,15646400.0
2000-03-14,-0.04,0.24,-0.475,-0.26,11162000.0
2000-03-15,-0.165,1.99,-0.165,1.865,22138200.0
2000-03-16,2.365,3.025,2.365,2.96,17610200.0
2000-03-17,2.96,3.055,2.46,2.65,14530800.0
2000-03-20,2.585,2.585,2.115,2.365,6755200.0
2000-03-21,2.365,2.93,1.775,2.805,8575800.0
2000-03-22,2.585,2.585,1.18,1.615,11884200.0
2000-03-23,1.615,2.275,1.305,1.585,10333800.0
2000-03-24,1.585,1.68,1.275,1.585,8769200.0
2000-03-27,1.585,1.65,0.71,0.71,10535400.0
2000-03-28,0.71,1.335,0.525,0.525,13673000.0
2000-03-29,0.74,1.615,0.74,1.525,16292600.0
2000-03-30,1.65,3.055,1.65,2.365,18795200.0
2000-03-31,2.365,2.43,1.555,1.555,8857000.0
2000-04-03,1.71,3.055,1.71,2.74,14186800.0
2000-04-04,2.74,4.275,2.18,4.275,27390200.0
2000-04-05,3.555,3.555,1.775,1.9,20256600.0
2000-04-06,1.9,2.055,0.46,0.96,20675000.0
2000-04-07,0.96,1.305,0.46,1.18,12374000.0
2000-04-10,1.18,1.68,0.525,0.585,12903000.0
2000-04-11,0.93,1.96,0.93,1.68,12096400.0
2000-04-12,1.93,3.055,1.93,2.335,15586400.0
2000-04-13,2.335,2.4,1.65,1.71,8892800.0
2000-04-14,1.71,1.865,1.115,1.585,9488200.0
2000-04-17,1.585,2.4,1.21,2.335,10710200.0
2000-04-18,2.335,2.65,1.275,2.4,13001000.0
2000-04-19,2.4,2.93,2.055,2.68,10073200.0
2000-04-20,2.68,2.805,2.085,2.805,8278600.0
2000-04-24,2.805,3.305,2.585,2.9,9377600.0
2000-04-25,2.9,3.335,2.18,3.335,8711600.0
2000-04-26,3.15,3.15,2.525,2.805,9536200.0
2000-04-27,2.65,2.65,1.805,2.21,9023200.0
2000-04-28,2.21,2.275,1.46,1.71,7568800.0
2000-05-01,1.585,1.585,1.21,1.21,7754000.0
2000-05-02,1.21,1.865,1.055,1.21,9209400.0
2000-05-03,1.21,2.49,1.15,2.335,14397400.0
2000-05-04,2.335,2.68,1.74,2.335,6842400.0
2000-05-05,2.085,2.085,1.46,1.615,5999200.0
2000-05-08,1.9,2.335,1.9,2.335,6013000.0
2000-05-09,3.055,3.71,3.055,3.335,22386000.0
2000-05-10,3.335,4.585,3.335,4.49,21062000.0
2000-05-11,4.585,4.99,4.585,4.865,15919400.0
2000-05-12,4.585,4.585,3.835,4.21,7498200.0
2000-05-15,4.21,4.46,3.585,3.96,8056600.0
2000-05-16,3.46,3.46,2.4,2.555,16476600.0
2000-05-17,2.555,2.68,2.085,2.21,8448600.0
2000-05-18,2.21,3.025,2.18,2.805,8098600.0
2000-05-19,2.805,3.24,2.615,3.115,10053600.0
2000-05-22,3.115,3.43,2.805,3.43,9716400.0
2000-05-23,3.18,3.18,2.93,3.085,7210000.0
2000-05-24,3.18,4.615,3.18,4.43,10788000.0
2000-05-25,4.43,4.555,4.085,4.43,7731800.0
2000-05-26,4.71,5.585,4.71,5.365,12380200.0
2000-05-30,5.365,5.585,4.615,5.025,7451200.0
2000-05-31,5.025,5.025,4.46,4.775,5541000.0
2000-06-01,4.775,5.4,4.615,4.71,5993800.0
2000-06-02,4.71,4.71,4.15,4.365,6324800.0
2000-06-05,4.365,4.525,3.96,4.085,4837400.0
2000-06-06,4.055,4.055,3.615,3.99,6609200.0
2000-06-07,4.025,4.71,4.025,4.585,6865200.0
2000-06-08,4.585,4.585,4.025,4.49,7779000.0
2000-06-09,4.49,4.775,4.15,4.24,4966000.0
2000-06-12,4.24,4.805,4.21,4.4,4122600.0
2000-06-13,4.49,5.085,4.49,4.775,5626200.0
2000-06-14,4.775,5.15,4.275,4.585,10165800.0
2000-06-15,4.99,6.15,4.99,6.025,20672400.0
2000-06-16,6.025,6.18,5.65,5.835,14330400.0
2000-06-19,5.525,5.525,5.085,5.305,6989800.0
2000-06-20,4.9,4.9,4.43,4.555,6947800.0
2000-06-21,4.585,5.24,4.585,4.835,8780600.0
2000-06-22,4.835,6.335,4.585,6.15,11664600.0
2000-06-23,6.15,7.24,5.9,7.025,15346000.0
2000-06-26,7.025,7.71,6.835,7.585,9900400.0
2000-06-27,7.525,7.525,6.835,7.025,10429600.0
2000-06-28,7.275,8.525,7.275,8.11,18989000.0
2000-06-29,8.11,8.18,7.46,7.615,12743200.0
2000-06-30,7.49,7.49,6.21,6.805,19122800.0
2000-07-03,6.99,7.335,6.99,7.18,7707200.0
2000-07-05,7.21,7.68,7.21,7.46,6960400.0
2000-07-06,7.46,7.555,6.99,7.555,5041200.0
2000-07-07,7.555,7.71,7.275,7.46,5043200.0
2000-07-10,7.43,7.43,6.71,6.865,6447200.0
2000-07-11,6.835,6.835,5.99,6.18,8134200.0
2000-07-12,6.18,6.335,5.71,6.15,7153800.0
2000-07-13,6.305,7.15,6.305,7.055,8450600.0
2000-07-14,7.055,7.305,6.585,6.9,4648000.0
2000-07-17,6.9,6.9,6.365,6.755,7003000.0
2000-07-18,6.755,7.46,6.4,7.18,7595200.0
2000-07-19,7.46,8.4,7.46,8.335,16435400.0
2000-07-20,8.335,8.43,8.025,8.335,9225600.0
2000-07-21,8.335,8.71,8.265,8.515,8141200.0
2000-07-24,8.085,8.085,7.615,7.71,6808200.0
2000-07-25,7.71,7.74,7.49,7.71,4664400.0
2000-07-26,7.71,8.085,7.4,7.49,10162400.0
2000-07-27,7.93,8.68,7.93,8.305,9117200.0
2000-07-28,8.305,9.585,8.115,9.43,13619000.0
2000-07-31,9.275,9.275,8.71,8.74,8017000.0
2000-08-01,8.74,10.085,8.74,9.585,9321400.0
2000-08-02,9.585,9.615,9.21,9.555,6662400.0
2000-08-03,9.555,9.96,9.115,9.585,6653400.0
2000-08-04,9.4,9.4,8.65,9.15,6006600.0
2000-08-07,8.96,8.96,8.65,8.775,4263600.0
2000-08-08,8.775,9.275,8.335,8.555,6135800.0
2000-08-09,8.305,8.305,7.93,7.99,7111600.0
2000-08-10,8.115,8.96,8.115,8.585,6214800.0
2000-08-11,8.585,9.46,8.585,9.21,6165400.0
2000-08-14,9.21,9.71,9.21,9.615,5329400.0
2000-08-15,9.365,9.365,8.9,9.085,4402600.0
2000-08-16,8.775,8.775,7.835,8.43,11729200.0
2000-08-17,8.4,8.4,7.865,7.93,5834000.0
2000-08-18,7.93,8.24,7.835,8.24,5274600.0
2000-08-21,8.055,8.055,7.65,7.99,5735000.0
2000-08-22,7.99,8.055,7.085,7.085,4243400.0
2000-08-23,7.085,7.68,7.055,7.485,7007400.0
2000-08-24,7.485,7.585,7.025,7.055,4619200.0
2000-08-25,6.805,6.805,5.585,6.085,13902000.0
2000-08-28,6.43,6.96,6.43,6.585,12625800.0
2000-08-29,6.525,6.525,6.115,6.24,5934600.0
2000-08-30,6.085,6.085,4.99,5.21,9392800.0
2000-08-31,5.18,5.18,3.835,4.405,16123800.0
2000-09-01,4.775,5.335,4.775,5.21,10053000.0
2000-09-05,5.21,6.615,4.835,6.24,11223000.0
2000-09-06,5.555,5.555,5.115,5.24,9854000.0
2000-09-07,5.24,5.365,4.71,5.085,7458200.0
2000-09-08,5.085,5.68,4.99,5.365,5253600.0
2000-09-11,5.365,5.43,4.24,4.585,7846000.0
2000-09-12,4.585,5.025,4.18,4.835,8248000.0
2000-09-13,4.835,4.93,4.115,4.335,6986400.0
2000-09-14,4.025,4.025,3.055,3.585,11181600.0
2000-09-15,3.585,4.15,3.335,3.49,12373800.0
2000-09-18,3.49,4.835,3.46,4.65,8759800.0
2000-09-19,4.65,4.835,4.115,4.525,7630400.0
2000-09-20,4.43,4.43,2.805,3.21,14690200.0
2000-09-21,3.21,3.49,2.68,2.865,10247200.0
2000-09-22,3.525,4.555,3.525,4.525,16349000.0
2000-09-25,4.525,5.21,4.4,4.865,8079600.0
2000-09-26,4.865,5.65,4.71,5.555,10269400.0
2000-09-27,5.555,6.025,5.085,5.9,10414600.0
2000-09-28,5.9,5.9,5.15,5.805,8353200.0
2000-09-29,5.805,6.4,5.585,5.65,11962600.0
2000-10-02,5.71,6.585,5.71,6.585,9516000.0
2000-10-03,6.585,6.775,6.15,6.24,7380800.0
2000-10-04,6.24,6.71,6.085,6.71,8279000.0
2000-10-05,6.74,7.775,6.74,7.65,10596400.0
2000-10-06,7.65,7.68,6.96,7.305,9617400.0
2000-10-09,7.305,7.49,6.99,6.99,4073000.0
2000-10-10,6.99,7.74,6.615,7.18,6280600.0
2000-10-11,7.18,7.865,6.96,7.365,7904000.0
2000-10-12,7.365,7.46,6.275,6.71,8552800.0
2000-10-13,6.71,6.93,6.275,6.68,7312400.0
2000-10-16,6.68,7.71,6.585,7.4,7054600.0
2000-10-17,7.4,7.555,6.585,7.055,6069800.0
2000-10-18,7.055,7.525,6.49,7.18,7339400.0
2000-10-19,6.805,6.805,6.15,6.65,5797600.0
2000-10-20,5.96,5.96,4.96,5.49,14655200.0
2000-10-23,5.49,6.055,5.025,5.74,7077800.0
2000-10-24,5.74,6.18,5.305,6.15,6334800.0
2000-10-25,6.15,7.305,5.9,7.055,9350200.0
2000-10-26,7.055,7.74,6.305,7.43,9351000.0
2000-10-27,7.43,7.74,6.9,7.555,7562200.0
2000-10-30,7.555,8.335,7.525,8.025,10526800.0
2000-10-31,8.025,8.555,7.43,8.275,9830000.0
2000-11-01,8.275,8.805,8.24,8.525,8289000.0
2000-11-02,8.525,8.805,8.115,8.46,9108400.0
2000-11-03,8.335,8.335,7.65,7.74,6068400.0
2000-11-06,7.74,8.585,7.49,8.335,5558200.0
2000-11-07,8.335,8.525,7.99,8.115,4236000.0
2000-11-08,8.115,8.4,7.615,8.18,5048200.0
2000-11-09,8.18,9.43,8.025,9.24,11855000.0
2000-11-10,9.24,9.615,9.025,9.025,10323400.0
2000-11-13,8.9,8.9,8.275,8.615,8175800.0
2000-11-14,8.615,8.74,7.9,8.365,7423400.0
2000-11-15,8.365,8.835,8.21,8.74,7506600.0
2000-11-16,8.74,9.24,8.615,9.055,7607400.0
2000-11-17,9.055,9.49,8.65,8.805,12093800.0
2000-11-20,7.525,7.525,6.055,6.365,19313200.0
2000-11-21,6.365,6.835,5.71,5.71,13995800.0
2000-11-22,7.21,8.24,7.21,7.865,13403800.0
2000-11-24,7.835,7.835,7.4,7.585,3905000.0
2000-11-27,7.585,8.115,7.115,7.865,6476800.0
2000-11-28,8.025,8.46,8.025,8.305,5817800.0
2000-11-29,8.305,9.335,7.96,9.15,9692000.0
2000-11-30,9.15,9.4,8.805,9.4,12816400.0
2000-12-01,9.275,9.275,8.74,9.18,8201200.0
2000-12-04,9.18,9.775,9.025,9.46,8572200.0
2000-12-05,9.46,9.49,8.43,8.805,9266800.0
2000-12-06,8.805,8.99,8.275,8.525,7761200.0
2000-12-07,8.525,9.615,8.365,9.275,7895200.0
2000-12-08,9.075,9.075,8.4,8.525,8300800.0
2000-12-11,8.18,8.18,7.18,7.24,11578000.0
2000-12-12,7.24,7.43,6.9,7.085,8008200.0
2000-12-13,7.085,7.24,6.71,6.99,7409800.0
2000-12-14,6.805,6.805,5.96,6.585,10047600.0
2000-12-15,6.43,6.43,4.835,4.835,27540400.0
2000-12-18,4.9,5.865,4.9,5.525,10304600.0
2000-12-19,5.525,7.055,5.43,6.46,11688200.0
2000-12-20,6.46,7.085,5.865,6.21,13344200.0
2000-12-21,6.21,7.9,6.15,7.775,11930800.0
2000-12-22,7.585,7.585,6.835,7.525,7483600.0
2000-12-26,7.525,8.085,7.4,8.085,5670000.0
2000-12-27,8.085,8.775,8.085,8.365,7711000.0
2000-12-28,8.365,9.055,8.365,8.615,5520800.0
2000-12-29,8.615,8.65,8.18,8.555,4970400.0
2001-01-02,8.24,9.055,8.21,8.49,10606000.0
2001-01-03,8.525,9.18,7.615,7.71,12469600.0
2001-01-04,7.365,7.525,6.46,6.865,14770600.0
2001-01-05,6.895,7.46,6.835,6.93,7960200.0
2001-01-08,7.025,7.93,6.99,7.395,9529200.0
2001-01-09,7.21,8.055,6.895,7.775,8516200.0
2001-01-10,7.275,7.71,7.025,7.645,7963200.0
2001-01-11,7.46,7.525,6.645,6.775,6909000.0
2001-01-12,6.805,6.805,6.21,6.395,7212000.0
2001-01-16,6.615,6.74,6.18,6.585,7163600.0
2001-01-17,6.96,7.43,6.615,7.055,7651800.0
2001-01-18,6.74,7.43,6.555,6.645,7014400.0
2001-01-19,6.365,6.645,5.74,5.99,9824200.0
2001-01-22,5.865,6.115,5.68,5.93,6874600.0
2001-01-23,6.115,6.68,5.805,6.525,7707800.0
2001-01-24,6.555,7.115,6.145,7.115,9189400.0
2001-01-25,7.115,7.585,6.99,7.395,7486800.0
2001-01-26,7.49,7.68,6.835,7.055,6394600.0
2001-01-29,6.605,6.935,6.35,6.645,5123000.0
2001-01-30,6.77,7.22,6.715,7.04,5507600.0
2001-01-31,6.585,7.185,6.37,7.085,8614000.0
2001-02-01,6.71,6.835,6.39,6.805,6720800.0
2001-02-02,7.07,7.075,6.68,6.955,6059400.0
2001-02-05,6.935,7.89,6.895,7.685,9183600.0
2001-02-06,7.41,7.97,7.255,7.795,6257000.0
2001-02-07,7.735,8.355,7.72,8.085,9615600.0
2001-02-08,7.96,8.58,7.865,8.39,6654600.0
2001-02-09,8.39,8.555,8.06,8.155,4456400.0
2001-02-12,7.94,8.52,7.835,8.495,6766000.0
2001-02-13,8.06,8.125,7.81,8.065,6660600.0
2001-02-14,7.85,8.01,7.65,7.835,5678000.0
2001-02-15,7.335,7.56,6.58,7.27,11421200.0
2001-02-16,7.385,7.825,7.29,7.765,7635600.0
2001-02-20,8.01,8.575,7.285,7.32,15772000.0
2001-02-21,6.21,6.235,5.145,5.545,19289000.0
2001-02-22,5.545,5.545,3.79,4.58,18957800.0
2001-02-23,4.385,4.485,3.84,4.085,9069200.0
2001-02-26,4.085,4.375,3.81,4.32,9415600.0
2001-02-27,4.325,4.5,3.855,4.085,7369600.0
2001-02-28,4.195,4.66,4.04,4.6,11189600.0
2001-03-01,4.825,5.035,4.26,4.435,9725000.0
2001-03-02,4.605,4.61,4.09,4.36,9115800.0
2001-03-05,3.71,3.735,2.85,3.185,14449600.0
2001-03-06,3.185,3.185,2.78,2.985,9274600.0
2001-03-07,3.035,3.485,2.985,3.3,10325800.0
2001-03-08,3.71,3.82,3.195,3.785,9774600.0
2001-03-09,3.785,4.025,3.57,3.835,7863400.0
2001-03-12,3.385,3.735,3.1,3.135,7984800.0
2001-03-13,2.585,2.59,2.235,2.46,10361200.0
2001-03-14,1.835,2.24,1.215,1.92,14145800.0
2001-03-15,1.92,1.96,1.185,1.91,9442800.0
2001-03-16,1.685,2.955,1.64,2.41,18494000.0
2001-03-19,2.11,2.635,2.105,2.285,7439600.0
2001-03-20,2.235,2.475,1.61,1.8,8841200.0
2001-03-21,1.8,2.085,0.71,0.71,18423000.0
2001-03-22,0.985,1.185,0.33,0.945,14688800.0
2001-03-23,0.335,0.835,0.085,0.835,15672800.0
2001-03-26,1.085,1.135,0.335,0.535,11227600.0
2001-03-27,0.835,1.555,0.37,1.39,13466000.0
2001-03-28,1.39,1.71,0.51,1.06,14176000.0
2001-03-29,0.685,0.685,-0.035,0.345,15293800.0
2001-03-30,0.585,0.835,0.285,0.665,10279600.0
2001-04-02,0.785,1.545,0.515,1.01,10424800.0
2001-04-03,0.885,0.935,0.175,0.415,9345400.0
2001-04-04,0.345,1.11,0.17,0.71,8798600.0
2001-04-05,1.21,1.385,0.395,0.735,9242200.0
2001-04-06,0.3,0.76,0.01,0.585,7907800.0
2001-04-09,0.585,0.88,0.035,0.035,8231600.0
2001-04-10,0.04,0.235,-0.31,-0.09,11896400.0
2001-04-11,-0.415,0.46,-0.73,0.15,13748400.0
2001-04-12,-0.165,0.535,-0.59,0.37,10429200.0
2001-04-16,0.37,0.835,0.16,0.79,8287000.0
2001-04-17,0.585,0.935,0.49,0.935,8815800.0
2001-04-18,1.235,1.625,0.94,1.46,14767400.0
2001-04-19,1.11,1.97,1.105,1.835,10836400.0
2001-04-20,1.61,1.71,1.225,1.585,9167200.0
2001-04-23,1.835,2.035,1.6,1.81,6661000.0
2001-04-24,1.81,2.31,1.67,1.78,8686800.0
2001-04-25,1.835,2.285,1.785,2.185,6495400.0
2001-04-26,1.885,2.075,1.535,1.535,8592800.0
2001-04-27,1.835,1.835,1.085,1.585,6961800.0
2001-04-30,1.46,1.46,1.01,1.18,7674000.0
2001-05-01,1.235,2.185,1.15,1.9,8458000.0
2001-05-02,2.035,2.035,1.66,1.87,7669600.0
2001-05-03,1.865,1.865,1.285,1.46,8591600.0
2001-05-04,1.11,1.57,0.995,1.5,8819000.0
2001-05-07,1.505,1.535,1.29,1.495,7014600.0
2001-05-08,1.345,1.435,1.09,1.37,6875600.0
2001-05-09,1.37,1.37,0.785,0.965,10038000.0
2001-05-10,1.06,1.21,0.845,0.89,7317200.0
2001-05-11,0.89,1.035,0.385,0.73,9636400.0
2001-05-14,0.935,1.14,0.76,1.09,7585600.0
2001-05-15,1.09,1.14,0.69,1.035,6936400.0
2001-05-16,1.085,2.29,0.85,2.2,11359000.0
2001-05-17,2.335,2.435,1.91,2.15,9574800.0
2001-05-18,2.21,2.235,1.935,2.135,6726000.0
2001-05-21,2.21,2.26,1.74,2.23,7996600.0
2001-05-22,2.105,2.16,1.86,1.985,5928600.0
2001-05-23,1.735,2.435,1.735,2.435,8525800.0
2001-05-24,2.435,2.76,2.335,2.63,6694000.0
2001-05-25,2.41,2.635,2.03,2.17,4007000.0
2001-05-29,2.21,2.48,2.16,2.255,4531800.0
2001-05-30,2.285,2.41,1.97,2.025,5220400.0
2001-05-31,1.81,1.855,1.56,1.785,7223400.0
2001-06-01,1.81,2.035,1.585,1.99,6972600.0
2001-06-04,1.835,1.885,1.535,1.87,4484800.0
2001-06-05,1.615,1.92,1.325,1.895,6841400.0
2001-06-06,1.71,1.83,1.265,1.46,7095400.0
2001-06-07,1.56,1.68,1.015,1.145,6785400.0
2001-06-08,1.185,1.2,0.91,1.085,4425000.0
2001-06-11,0.845,1.145,0.84,1.05,3476200.0
2001-06-12,1.035,1.15,0.84,1.04,4899400.0
2001-06-13,1.03,1.035,0.785,1.01,5575600.0
2001-06-14,0.765,0.93,0.505,0.595,7021600.0
2001-06-15,0.14,0.68,0.14,0.215,13749800.0
2001-06-18,0.215,0.31,-0.18,-0.03,6354400.0
2001-06-19,-0.03,0.13,-0.145,-0.04,5441000.0
2001-06-20,-0.185,0.205,-0.19,0.05,8301800.0
2001-06-21,0.21,0.325,-0.14,-0.12,10298800.0
2001-06-22,-0.09,-0.06,-0.62,-0.49,9211200.0
2001-06-25,0.085,0.185,-0.285,-0.12,14690600.0
2001-06-26,-0.12,0.235,-0.4,0.06,20446600.0
2001-06-27,0.135,0.26,-0.04,0.175,12653800.0
2001-06-28,0.235,0.79,0.195,0.76,15615000.0
2001-06-29,0.835,0.915,0.515,0.585,13146800.0
2001-07-02,0.48,1.11,0.42,0.885,7314800.0
2001-07-03,1.08,1.08,0.89,1.055,3896200.0
2001-07-05,0.93,1.025,0.595,0.705,5515000.0
2001-07-06,0.83,0.83,0.37,0.385,5020200.0
2001-07-09,0.56,0.925,0.365,0.695,4552000.0
2001-07-10,0.57,0.73,0.31,0.42,9439200.0
2001-07-11,0.42,0.96,0.23,0.84,7234200.0
2001-07-12,0.715,0.835,0.535,0.83,6950800.0
2001-07-13,0.64,1.155,0.64,1.09,6472800.0
2001-07-16,1.135,1.575,1.11,1.575,8402400.0
2001-07-17,1.435,1.685,1.04,1.65,7532000.0
2001-07-18,1.54,1.56,0.89,1.195,8188800.0
2001-07-19,1.235,1.53,0.985,1.435,5038400.0
2001-07-20,1.31,1.47,0.98,1.14,7086000.0
2001-07-23,1.085,1.11,0.205,0.325,10382000.0
2001-07-24,0.355,0.385,-0.09,0.185,9968400.0
2001-07-25,0.135,0.6,0.09,0.575,7287400.0
2001-07-26,0.495,0.59,0.285,0.585,6933200.0
2001-07-27,0.585,0.63,0.185,0.48,4724000.0
2001-07-30,0.355,0.48,0.09,0.215,5806800.0
2001-07-31,0.215,0.455,-0.015,0.385,8695000.0
2001-08-01,0.435,0.46,-0.035,0.125,7926000.0
2001-08-02,0.26,0.305,-0.165,0.04,10578800.0
2001-08-03,0.185,0.475,0.135,0.435,11690800.0
2001-08-06,0.475,0.575,0.235,0.39,7596400.0
2001-08-07,0.43,0.525,0.29,0.525,8588000.0
2001-08-08,0.485,1.0,0.365,0.835,13201200.0
2001-08-09,0.745,0.935,0.585,0.89,9790400.0
2001-08-10,0.73,1.075,0.31,0.92,7793800.0
2001-08-13,0.835,1.06,0.76,0.985,5174200.0
2001-08-14,1.035,1.135,0.935,1.105,6728200.0
2001-08-15,1.185,1.935,1.16,1.875,15860400.0
2001-08-16,1.875,1.965,1.545,1.94,9601600.0
2001-08-17,1.94,2.03,1.59,1.855,6383600.0
2001-08-20,2.035,2.355,1.94,2.355,8027400.0
2001-08-21,2.335,2.475,2.145,2.24,8164600.0
2001-08-22,2.24,2.26,1.99,2.21,7915600.0
2001-08-23,2.325,2.885,2.19,2.81,9309600.0
2001-08-24,2.785,3.01,2.49,2.69,8325400.0
2001-08-27,2.585,2.7,2.285,2.34,8020400.0
2001-08-28,2.34,2.34,1.885,2.02,6329800.0
2001-08-29,2.06,2.135,1.74,1.935,5472200.0
2001-08-30,2.135,2.96,2.115,2.48,13128600.0
2001-08-31,2.245,2.625,2.235,2.42,7670800.0
2001-09-04,2.545,3.28,2.315,2.835,14190400.0
2001-09-05,2.485,3.435,2.485,3.31,13798400.0
2001-09-06,3.265,3.265,2.8,2.84,10386200.0
2001-09-07,2.715,3.075,2.66,2.95,12133000.0
2001-09-10,2.955,3.175,2.835,3.06,13732600.0
2001-09-17,2.835,3.185,2.44,3.185,20256600.0
2001-09-18,3.235,3.24,2.56,2.82,11112000.0
2001-09-19,2.945,3.055,2.25,2.835,14416000.0
2001-09-20,2.49,2.79,2.235,2.26,16598600.0
2001-09-21,1.085,2.0,0.71,1.485,23054200.0
2001-09-24,1.49,2.435,1.49,2.1,13608400.0
2001-09-25,2.01,2.715,1.99,2.085,17787200.0
2001-09-26,2.035,2.085,1.465,1.53,11593800.0
2001-09-27,1.575,1.62,1.335,1.56,11084800.0
2001-09-28,1.61,1.71,1.44,1.51,11554000.0
2001-10-01,1.335,1.45,1.01,1.13,12393400.0
2001-10-02,1.21,1.32,0.84,1.17,9414200.0
2001-10-03,1.06,1.085,0.765,0.985,11105800.0
2001-10-04,0.585,0.725,0.495,0.665,12277400.0
2001-10-05,0.585,1.035,0.23,0.835,10504800.0
2001-10-08,0.82,1.33,0.765,1.16,6919000.0
2001-10-09,0.96,1.205,0.825,1.175,5939800.0
2001-10-10,1.16,1.26,0.94,1.16,8301800.0
2001-10-11,1.085,1.335,0.885,1.11,9565400.0
2001-10-12,0.66,0.76,0.09,0.485,16640000.0
2001-10-15,0.185,0.485,0.11,0.335,9715400.0
2001-10-16,0.335,0.485,0.235,0.355,9620000.0
2001-10-17,0.48,0.53,0.21,0.225,10608200.0
2001-10-18,0.26,1.185,0.26,1.145,15165200.0
2001-10-19,1.685,2.525,1.59,2.38,23672000.0
2001-10-22,2.14,2.58,1.96,2.575,12130800.0
2001-10-23,2.575,2.575,2.235,2.52,8877600.0
2001-10-24,2.415,2.58,2.355,2.47,6779200.0
2001-10-25,2.215,2.83,2.21,2.805,7438400.0
2001-10-26,2.585,2.83,2.525,2.655,6475600.0
2001-10-29,2.585,2.66,2.335,2.39,5771000.0
2001-10-30,2.135,2.485,1.87,2.165,7737200.0
2001-10-31,2.165,2.24,1.955,2.025,6391000.0
2001-11-01,1.785,2.425,1.765,2.38,7242800.0
2001-11-02,2.095,2.56,2.035,2.525,5705000.0
2001-11-05,2.235,2.885,2.235,2.735,7725800.0
2001-11-06,2.61,3.01,2.515,3.01,6333000.0
2001-11-07,2.785,3.035,2.64,2.785,5599600.0
2001-11-08,2.71,2.885,2.485,2.62,7392800.0
2001-11-09,2.465,2.76,2.36,2.695,5188800.0
2001-11-12,2.565,2.835,2.45,2.745,4106200.0
2001-11-13,2.785,2.945,2.655,2.91,5599600.0
2001-11-14,2.96,3.12,2.885,3.085,8670400.0
2001-11-15,3.135,3.31,2.96,3.085,10053200.0
2001-11-16,3.3,3.3,2.975,3.05,8534600.0
2001-11-19,3.135,3.185,2.64,2.82,6804200.0
2001-11-20,2.535,2.71,2.435,2.585,7764200.0
2001-11-21,2.385,2.585,2.35,2.465,4568600.0
2001-11-23,2.34,2.66,2.34,2.66,2171600.0
2001-11-26,2.56,2.63,2.135,2.24,8057400.0
2001-11-27,2.24,2.275,1.84,2.08,7262400.0
2001-11-28,1.69,1.775,1.37,1.46,9075800.0
2001-11-29,1.56,1.725,1.315,1.625,7146400.0
2001-11-30,1.585,1.71,1.465,1.565,6975200.0
2001-12-03,1.26,1.46,1.14,1.35,8425800.0
2001-12-04,1.555,1.61,1.23,1.36,7857600.0
2001-12-05,1.725,1.785,1.565,1.645,12115800.0
2001-12-06,1.435,1.53,1.165,1.3,7025800.0
2001-12-07,1.175,1.535,1.135,1.385,6653800.0
2001-12-10,1.165,1.52,0.84,0.9,7431400.0
2001-12-11,0.96,1.19,0.86,0.91,7332600.0
2001-12-12,0.91,1.15,0.81,1.075,8400000.0
2001-12-13,1.01,1.335,0.965,1.2,10977800.0
2001-12-14,1.185,1.445,1.125,1.21,6786600.0
2001-12-17,1.41,1.41,0.985,1.16,8741400.0
2001-12-18,1.31,1.36,1.025,1.335,9842800.0
2001-12-19,1.21,2.06,1.21,1.83,15066400.0
2001-12-20,1.71,2.135,1.705,1.965,9772400.0
2001-12-21,2.16,2.475,1.97,2.475,16875000.0
2001-12-24,2.475,2.485,2.14,2.27,5177400.0
2001-12-26,2.11,2.475,1.985,2.345,4803000.0
2001-12-27,1.835,2.055,1.82,2.055,7931600.0
2001-12-28,1.74,1.805,1.58,1.67,8710400.0
2001-12-31,1.71,1.935,1.56,1.66,6934000.0
2002-01-02,1.485,1.905,1.215,1.82,8848000.0
2002-01-03,1.91,1.91,1.335,1.51,10789800.0
2002-01-04,1.385,1.405,1.095,1.3,10145600.0
2002-01-07,1.035,1.585,0.485,0.695,17142800.0
2002-01-08,0.82,0.82,0.4,0.41,12292800.0
2002-01-09,0.335,0.63,0.32,0.365,12000600.0
2002-01-10,0.39,0.56,0.33,0.475,9222800.0
2002-01-11,0.56,0.885,0.42,0.735,11290600.0
2002-01-14,0.585,0.67,0.235,0.335,16115200.0
2002-01-15,0.46,0.49,0.105,0.26,12015800.0
2002-01-16,0.365,0.485,0.05,0.16,10501000.0
2002-01-17,0.285,0.685,0.24,0.61,9838000.0
2002-01-18,0.635,0.81,0.59,0.805,9820800.0
2002-01-22,0.805,1.055,0.685,1.035,9442400.0
2002-01-23,0.96,0.965,0.085,0.475,13132600.0
2002-01-24,0.585,0.635,-0.03,0.195,13154000.0
2002-01-25,0.135,0.78,0.095,0.66,8429800.0
2002-01-28,0.51,0.71,0.34,0.69,9345200.0
2002-01-29,0.585,0.66,0.085,0.085,15979600.0
2002-01-30,0.21,0.23,-0.11,0.01,11985000.0
2002-01-31,0.135,0.185,-0.165,-0.04,18087600.0
2002-02-01,-0.04,0.435,-0.065,0.425,14601200.0
2002-02-04,0.425,0.58,0.265,0.425,9806000.0
2002-02-05,0.53,1.13,0.385,0.96,15225200.0
2002-02-06,0.985,1.345,0.69,1.335,15027600.0
2002-02-07,1.035,1.29,0.96,1.025,8603800.0
2002-02-08,0.79,1.02,0.6,1.01,6663800.0
2002-02-11,0.735,1.205,0.735,1.155,9030800.0
2002-02-12,0.885,1.15,0.835,1.14,6057000.0
2002-02-13,0.96,1.275,0.84,1.275,7968400.0
2002-02-14,1.16,1.585,1.085,1.58,8097800.0
2002-02-15,1.585,1.61,1.41,1.56,12432600.0
2002-02-19,1.26,1.52,1.105,1.23,6432600.0
2002-02-20,1.085,1.585,0.795,1.525,7912000.0
2002-02-21,1.46,1.7,1.025,1.085,9376200.0
2002-02-22,1.085,1.835,1.035,1.735,12420400.0
2002-02-25,1.735,1.925,1.595,1.77,8480200.0
2002-02-26,1.775,1.91,1.39,1.58,8453000.0
2002-02-27,1.56,2.075,1.485,1.825,8153200.0
2002-02-28,2.035,2.085,1.76,1.78,8506200.0
2002-03-01,1.565,2.31,1.565,2.29,9108000.0
2002-03-04,2.14,2.285,1.685,1.97,9246600.0
2002-03-05,1.845,2.045,1.71,1.885,8700000.0
2002-03-06,1.66,2.085,1.585,1.855,7829200.0
2002-03-07,1.635,1.68,1.26,1.56,11507000.0
2002-03-08,1.83,2.17,1.785,2.01,7939800.0
2002-03-11,2.135,2.135,1.785,1.875,6068800.0
2002-03-12,1.785,2.135,1.59,2.13,6878800.0
2002-03-13,1.935,2.135,1.885,2.06,6989600.0
2002-03-14,2.11,2.255,1.975,2.03,8102200.0
2002-03-15,2.26,2.61,2.19,2.405,14707200.0
2002-03-18,2.485,2.645,2.175,2.42,8276200.0
2002-03-19,2.535,2.8,2.51,2.685,8382400.0
2002-03-20,2.685,2.97,2.645,2.79,7312000.0
2002-03-21,3.075,3.47,3.02,3.285,15073200.0
2002-03-22,3.29,3.825,3.21,3.71,13291000.0
2002-03-25,3.81,4.13,3.76,3.96,15111000.0
2002-03-26,3.96,4.425,3.955,4.385,16579000.0
2002-03-27,4.065,4.255,4.01,4.23,19315200.0
2002-03-28,4.23,4.31,4.055,4.215,10190400.0
2002-04-01,4.085,4.26,3.865,4.235,7959000.0
2002-04-02,4.185,4.23,3.935,4.225,8597800.0
2002-04-03,4.065,4.165,3.835,3.955,8403000.0
2002-04-04,3.955,4.29,3.865,4.095,9461600.0
2002-04-05,4.035,4.225,3.89,4.175,5724800.0
2002-04-08,3.885,4.635,3.855,4.585,10295200.0
2002-04-09,4.585,4.86,4.46,4.76,8951600.0
2002-04-10,4.635,5.31,4.595,5.195,8325400.0
2002-04-11,5.14,5.145,4.595,4.655,8850800.0
2002-04-12,4.46,4.835,4.33,4.765,7078600.0
2002-04-15,4.51,4.59,4.19,4.28,8734000.0
2002-04-16,4.28,5.035,3.985,5.025,12718200.0
2002-04-17,4.91,5.115,4.715,5.045,8254800.0
2002-04-18,5.06,5.185,4.69,4.94,7437000.0
2002-04-19,4.945,5.575,4.885,5.54,9241200.0
2002-04-22,5.58,6.01,5.47,5.735,11199000.0
2002-04-23,5.61,5.66,5.215,5.345,7624600.0
2002-04-24,5.455,5.615,5.335,5.575,9417000.0
2002-04-25,5.56,5.585,5.16,5.575,8991200.0
2002-04-26,5.54,5.63,5.31,5.31,6252400.0
2002-04-29,5.31,5.625,5.12,5.405,8159000.0
2002-04-30,5.53,6.105,5.45,5.84,13047600.0
2002-05-01,5.965,7.04,5.935,6.895,16158400.0
2002-05-02,6.785,6.98,6.63,6.905,13051000.0
2002-05-03,6.585,6.67,6.21,6.515,9020600.0
2002-05-06,6.485,6.635,6.335,6.38,7796400.0
2002-05-07,6.575,6.575,6.21,6.41,8967400.0
2002-05-08,6.385,6.57,6.005,6.335,10446000.0
2002-05-09,6.385,6.53,6.29,6.335,5404200.0
2002-05-10,6.285,6.535,6.185,6.265,6790600.0
2002-05-13,6.085,6.535,6.06,6.53,6302000.0
2002-05-14,6.51,6.535,6.25,6.41,7122000.0
2002-05-15,6.285,6.5,6.185,6.43,7274000.0
2002-05-16,6.56,6.685,6.285,6.61,7680800.0
2002-05-17,6.56,6.71,6.365,6.585,7058200.0
2002-05-20,6.46,6.585,6.035,6.185,5421200.0
2002-05-21,6.185,6.26,5.71,5.815,8376200.0
2002-05-22,5.86,6.235,5.84,6.185,5470000.0
2002-05-23,6.185,6.43,5.97,6.43,5719400.0
2002-05-24,6.455,6.825,5.965,6.185,6929000.0
2002-05-28,6.06,6.16,5.36,5.405,7020000.0
2002-05-29,5.335,5.335,4.99,5.16,8976200.0
2002-05-30,5.035,5.385,4.985,5.28,9656800.0
2002-05-31,5.535,5.93,5.425,5.865,8404400.0
2002-06-03,5.535,5.785,5.08,5.1,6607600.0
2002-06-04,4.785,5.085,4.56,5.085,10837400.0
2002-06-05,5.085,5.81,4.89,5.785,8356200.0
2002-06-06,5.81,5.81,5.065,5.16,7283600.0
2002-06-07,5.085,5.31,4.96,5.11,7087200.0
2002-06-10,5.06,5.185,4.895,4.95,6861800.0
2002-06-11,4.985,5.56,4.95,5.085,11366200.0
2002-06-12,5.085,5.56,4.99,5.325,10515600.0
2002-06-13,5.33,5.58,5.11,5.335,7487600.0
2002-06-14,5.185,5.53,4.935,5.51,9062000.0
2002-06-17,5.485,5.78,5.43,5.71,7105600.0
2002-06-18,5.585,5.805,5.535,5.735,7294800.0
2002-06-19,5.735,6.12,5.49,5.625,9771000.0
2002-06-20,5.66,6.26,5.64,5.945,10251400.0
2002-06-21,5.54,6.11,5.54,6.085,17739400.0
2002-06-24,6.085,6.68,6.035,6.56,11513800.0
2002-06-25,6.56,6.655,5.5,5.81,11779200.0
2002-06-26,5.335,5.985,5.255,5.855,13409200.0
2002-06-27,5.98,6.31,5.5,6.13,11711000.0
2002-06-28,6.255,6.81,5.975,6.085,14290600.0
2002-07-01,6.21,6.635,6.21,6.26,10267600.0
2002-07-02,6.56,6.685,6.16,6.425,12085600.0
2002-07-03,6.3,6.535,6.1,6.39,12984600.0
2002-07-05,5.985,6.335,5.865,6.32,6698000.0
2002-07-08,6.435,6.835,6.365,6.725,10446200.0
2002-07-09,6.635,6.7,6.145,6.305,18088000.0
2002-07-10,6.305,6.56,5.26,5.435,15884200.0
2002-07-11,5.085,5.285,4.165,4.64,25808200.0
2002-07-12,4.585,4.585,3.435,3.61,17365800.0
2002-07-15,3.96,4.21,2.78,4.085,18263000.0
2002-07-16,3.61,3.935,3.13,3.27,13761800.0
2002-07-17,3.685,4.06,2.96,3.085,19555200.0
2002-07-18,3.11,3.265,1.725,2.05,15981000.0
2002-07-19,1.55,1.685,0.455,0.63,20025800.0
2002-07-22,0.675,1.735,0.535,1.03,23931200.0
2002-07-23,0.435,1.075,0.185,0.375,23664800.0
2002-07-24,-0.115,1.635,-0.115,1.51,26732200.0
2002-07-25,1.435,2.21,1.035,1.865,14898000.0
2002-07-26,1.885,2.09,1.51,1.81,10545200.0
2002-07-29,2.085,2.885,2.02,2.8,12973200.0
2002-07-30,2.685,2.685,1.89,2.16,10814600.0
2002-07-31,2.16,3.08,2.16,3.055,14246800.0
2002-08-01,3.01,3.46,2.81,3.05,11129800.0
2002-08-02,3.085,3.505,2.735,3.135,8567400.0
2002-08-05,3.135,3.135,2.135,2.265,9946400.0
2002-08-06,2.575,2.96,1.86,2.02,10717200.0
2002-08-07,2.23,2.59,1.885,2.59,9408400.0
2002-08-08,2.61,3.495,2.505,3.495,8422000.0
2002-08-09,3.455,3.805,3.23,3.635,8503400.0
2002-08-12,3.185,3.61,3.115,3.49,7161800.0
2002-08-13,3.085,3.81,3.065,3.215,7377800.0
2002-08-14,3.215,4.135,2.875,4.06,9480800.0
2002-08-15,4.085,4.37,3.59,3.79,10489200.0
2002-08-16,3.79,4.435,3.71,4.18,9989400.0
2002-08-19,4.305,4.305,3.72,3.935,9767400.0
2002-08-20,3.685,4.06,3.545,3.9,8636000.0
2002-08-21,4.135,4.49,3.76,4.455,8965200.0
2002-08-22,4.455,4.58,3.97,4.285,6997800.0
2002-08-23,4.285,4.785,4.185,4.435,7769400.0
2002-08-26,4.435,4.705,4.14,4.59,6329600.0
2002-08-27,4.6,4.685,4.085,4.345,7990600.0
2002-08-28,4.185,4.205,3.485,3.725,8312000.0
2002-08-29,3.41,3.725,3.085,3.285,7309200.0
2002-08-30,3.185,4.135,3.16,3.585,9969000.0
2002-09-03,3.285,3.43,2.825,3.045,10677800.0
2002-09-04,3.085,3.51,3.085,3.335,9965400.0
2002-09-05,3.11,3.175,2.625,2.76,7905000.0
2002-09-06,2.96,3.235,2.645,3.03,5966000.0
2002-09-09,2.865,3.62,2.84,3.26,5963400.0
2002-09-10,3.335,3.66,3.115,3.57,5660800.0
2002-09-11,3.875,3.88,3.555,3.635,5970600.0
2002-09-12,3.26,3.35,2.765,2.86,6457800.0
2002-09-13,2.735,3.035,2.64,2.91,7089800.0
2002-09-16,3.01,3.535,2.86,3.425,7943400.0
2002-09-17,3.685,3.785,2.51,2.56,11016200.0
2002-09-18,2.435,3.05,2.36,2.735,8992800.0
2002-09-19,2.085,2.235,1.605,1.92,12532600.0
2002-09-20,1.985,2.335,1.67,1.845,17571600.0
2002-09-23,1.645,1.93,1.29,1.585,7769800.0
2002-09-24,1.535,2.035,1.435,1.685,9446400.0
2002-09-25,1.985,2.66,1.685,2.33,10466000.0
2002-09-26,2.33,2.425,1.84,2.3,10570000.0
2002-09-27,2.3,2.735,2.185,2.33,8752400.0
2002-09-30,1.985,2.335,1.81,2.065,10303000.0
2002-10-01,2.285,3.135,2.21,3.115,11120400.0
2002-10-02,3.16,3.585,2.985,3.035,11077400.0
2002-10-03,3.235,3.785,3.135,3.395,11420000.0
2002-10-04,3.685,3.93,3.435,3.535,10234200.0
2002-10-07,3.5,4.03,3.09,3.15,12451400.0
2002-10-08,3.585,4.495,3.465,4.145,14686400.0
2002-10-09,3.835,4.335,3.59,3.9,11657800.0
2002-10-10,3.785,4.085,3.295,3.815,12181800.0
2002-10-11,3.785,4.085,3.445,3.81,12385000.0
2002-10-14,3.685,4.425,3.665,4.36,8373800.0
2002-10-15,4.36,4.635,3.71,4.325,13850800.0
2002-10-16,3.085,3.115,1.525,1.685,37382000.0
2002-10-17,1.935,2.01,0.37,1.035,33108000.0
2002-10-18,0.835,1.41,0.645,1.28,17405000.0
2002-10-21,1.635,2.135,1.535,2.085,15011400.0
2002-10-22,2.085,2.455,1.75,2.025,10844600.0
2002-10-23,2.03,2.175,1.7,2.055,10801200.0
2002-10-24,2.135,2.175,1.345,1.53,10427200.0
2002-10-25,1.55,1.66,1.27,1.57,9369200.0
2002-10-28,1.575,1.575,0.92,1.05,9626800.0
2002-10-29,0.96,1.28,0.595,1.275,11569200.0
2002-10-30,1.185,1.625,1.14,1.51,10282800.0
2002-10-31,1.445,1.665,1.035,1.325,11850000.0
2002-11-01,1.325,1.615,0.91,1.5,10783000.0
2002-11-04,1.505,1.535,0.835,0.935,13604200.0
2002-11-05,1.01,1.31,1.005,1.265,10645200.0
2002-11-06,1.24,1.245,0.535,0.785,19806600.0
2002-11-07,0.685,0.78,0.385,0.495,11576200.0
2002-11-08,0.41,0.685,0.325,0.345,10365600.0
2002-11-11,0.34,0.58,0.215,0.365,8224600.0
2002-11-12,0.39,0.79,0.19,0.24,11236800.0
2002-11-13,0.335,1.01,0.285,0.7,11831600.0
2002-11-14,0.96,1.045,0.65,0.655,9944400.0
2002-11-15,0.655,1.085,0.59,1.07,13655600.0
2002-11-18,1.185,1.23,0.88,1.045,8862400.0
2002-11-19,1.045,1.665,1.01,1.28,11389800.0
2002-11-20,1.43,1.43,0.79,1.125,11292800.0
2002-11-21,1.335,1.335,0.545,0.965,16084800.0
2002-11-22,1.085,1.175,0.46,0.79,9489600.0
2002-11-25,0.61,0.785,0.47,0.64,10346400.0
2002-11-26,0.395,0.68,0.375,0.485,10625800.0
2002-11-27,0.585,1.28,0.485,1.2,10498000.0
2002-11-29,1.16,1.16,0.845,0.905,5242200.0
2002-12-02,1.175,1.18,0.61,0.685,10058000.0
2002-12-03,0.825,1.025,0.48,0.535,13710800.0
2002-12-04,0.435,1.185,0.4,0.905,12994600.0
2002-12-05,0.91,0.98,0.485,0.6,8642800.0
2002-12-06,0.485,0.9,0.485,0.785,7989600.0
2002-12-09,0.685,0.93,0.515,0.635,8486400.0
2002-12-10,0.64,1.335,0.635,1.335,12368400.0
2002-12-11,1.135,1.54,1.095,1.46,15685200.0
2002-12-12,1.235,1.24,0.76,1.02,11997200.0
2002-12-13,0.58,1.295,0.335,1.01,15263600.0
2002-12-16,1.01,1.08,0.735,0.95,12417200.0
2002-12-17,1.01,1.065,0.51,0.545,11792200.0
2002-12-18,0.535,0.555,0.27,0.355,11923600.0
2002-12-19,0.26,0.335,-0.13,0.145,13308200.0
2002-12-20,0.21,0.255,0.03,0.125,16630800.0
2002-12-23,0.135,0.385,0.025,0.28,10149600.0
2002-12-24,0.01,0.265,0.01,0.2,3392600.0
2002-12-26,0.185,0.435,0.135,0.16,4606400.0
2002-12-27,0.085,0.22,-0.3,-0.18,6725200.0
2002-12-30,-0.13,-0.03,-0.465,-0.16,10272400.0
2002-12-31,-0.185,0.135,-0.285,0.005,8993400.0
2003-01-02,0.16,0.58,0.11,0.51,9358800.0
2003-01-03,0.515,0.545,0.195,0.455,6184400.0
2003-01-06,0.385,0.66,0.255,0.545,7796000.0
2003-01-07,0.335,0.46,0.185,0.265,7628000.0
2003-01-08,0.385,0.46,0.035,0.12,6403600.0
2003-01-09,-0.04,1.225,-0.065,0.35,9030200.0
2003-01-10,0.26,0.775,0.24,0.685,10570200.0
2003-01-13,0.735,1.06,0.635,0.965,9982800.0
2003-01-14,0.835,0.96,0.595,0.95,10436800.0
2003-01-15,0.95,0.96,0.505,0.535,8891200.0
2003-01-16,0.625,0.955,0.59,0.92,7965400.0
2003-01-17,0.835,1.09,0.605,0.635,10638400.0
2003-01-21,0.685,0.88,0.34,0.445,7587600.0
2003-01-22,0.45,0.875,0.29,0.36,8775000.0
2003-01-23,0.365,0.49,0.02,0.035,11129000.0
2003-01-24,0.085,0.095,-0.54,-0.5,11273200.0
2003-01-27,-0.74,-0.535,-1.155,-1.02,13448600.0
2003-01-28,-0.915,-0.915,-1.415,-1.365,17152600.0
2003-01-29,-0.915,-0.915,-2.01,-1.64,26361200.0
2003-01-30,-1.54,-1.53,-2.315,-2.315,24866000.0
2003-01-31,-2.175,-1.64,-2.34,-1.685,23750000.0
2003-02-03,-1.065,-1.065,-1.875,-1.84,12605400.0
2003-02-04,-1.91,-1.63,-2.065,-1.75,12553800.0
2003-02-05,-1.64,-1.54,-1.985,-1.89,11931800.0
2003-02-06,-1.89,-1.765,-2.09,-1.96,10054200.0
2003-02-07,-1.865,-1.795,-2.165,-2.15,9516400.0
2003-02-10,-2.065,-1.77,-2.24,-1.885,9055200.0
2003-02-11,-1.965,-1.86,-2.49,-2.415,15029400.0
2003-02-12,-2.365,-1.79,-2.365,-2.045,18589400.0
2003-02-13,-1.82,-1.77,-2.265,-1.925,10950400.0
2003-02-14,-1.84,-1.415,-1.965,-1.515,10808000.0
2003-02-18,-1.44,-1.155,-1.59,-1.365,9979800.0
2003-02-19,-1.32,-1.315,-1.765,-1.58,7042800.0
2003-02-20,-1.675,-1.515,-1.9,-1.89,8909400.0
2003-02-21,-1.765,-1.575,-1.915,-1.595,11297600.0
2003-02-24,-1.6,-1.6,-2.005,-2.005,8390400.0
2003-02-25,-2.065,-1.695,-2.165,-1.725,11328800.0
2003-02-26,-1.765,-1.755,-2.155,-2.055,9374600.0
2003-02-27,-1.99,-1.6,-2.06,-1.785,9354000.0
2003-02-28,-1.785,-1.595,-1.94,-1.805,8920800.0
2003-03-03,-1.835,-1.695,-2.31,-2.31,11912800.0
2003-03-04,-2.3,-2.3,-2.76,-2.73,12807600.0
2003-03-05,-3.19,-2.73,-3.41,-3.14,23918800.0
2003-03-06,-3.14,-3.035,-3.315,-3.14,14582000.0
2003-03-07,-3.34,-2.995,-3.34,-3.065,14152600.0
2003-03-10,-2.915,-2.915,-3.41,-3.38,11275400.0
2003-03-11,-3.365,-2.815,-3.365,-3.085,12187600.0
2003-03-12,-3.165,-2.79,-3.175,-2.89,17142400.0
2003-03-13,-2.625,-2.19,-2.665,-2.19,16248600.0
2003-03-14,-2.09,-1.91,-2.185,-1.965,13410200.0
2003-03-17,-1.965,-1.42,-2.065,-1.42,14134200.0
2003-03-18,-1.405,-1.405,-1.765,-1.43,12957600.0
2003-03-19,-1.535,-0.99,-1.535,-1.01,12900000.0
2003-03-20,-1.01,-0.99,-1.44,-1.15,9475400.0
2003-03-21,-0.94,-0.765,-1.265,-0.79,13678800.0
2003-03-24,-1.185,-0.92,-1.53,-1.46,9899400.0
2003-03-25,-1.465,-1.32,-1.63,-1.415,10120200.0
2003-03-26,-1.39,-1.385,-1.585,-1.55,9894800.0
2003-03-27,-1.675,-1.29,-1.845,-1.485,8500400.0
2003-03-28,-1.485,-1.375,-1.7,-1.55,7672600.0
2003-03-31,-1.755,-1.575,-2.06,-1.675,11954400.0
2003-04-01,-1.665,-1.625,-1.975,-1.72,13867600.0
2003-04-02,-1.59,-1.05,-1.59,-1.19,10338600.0
2003-04-03,-1.19,-1.145,-1.44,-1.315,8541200.0
2003-04-04,-1.25,-0.615,-1.34,-0.965,8908400.0
2003-04-07,-0.64,-0.585,-1.115,-1.065,10194400.0
2003-04-08,-0.94,-0.885,-1.11,-0.99,6925600.0
2003-04-09,-0.925,-0.585,-1.2,-1.08,8999200.0
2003-04-10,-0.99,-0.975,-1.265,-1.195,6655400.0
2003-04-11,-1.04,-0.94,-1.265,-1.2,6974600.0
2003-04-14,-1.2,-0.67,-1.2,-0.71,6648400.0
2003-04-15,-0.665,-0.49,-0.92,-0.65,7816600.0
2003-04-16,-0.64,-0.64,-2.16,-1.965,30495000.0
2003-04-17,-1.965,-1.6,-2.46,-1.715,23306200.0
2003-04-21,-1.71,-1.515,-1.955,-1.86,7049600.0
2003-04-22,-1.965,-1.695,-2.075,-1.71,13456200.0
2003-04-23,-1.52,-1.52,-2.065,-1.915,12061000.0
2003-04-24,-1.94,-1.865,-2.29,-1.96,11738600.0
2003-04-25,-1.89,-1.845,-2.29,-2.205,10260400.0
2003-04-28,-1.995,-1.64,-2.04,-1.75,11037600.0
2003-04-29,-1.75,-1.415,-1.75,-1.5,10469400.0
2003-04-30,-1.605,-1.49,-1.85,-1.715,12709600.0
2003-05-01,-1.715,-1.62,-2.195,-1.695,10425800.0
2003-05-02,-1.815,-1.37,-1.825,-1.415,10687800.0
2003-05-05,-1.415,-1.365,-1.765,-1.65,7072000.0
2003-05-06,-1.49,-1.265,-1.605,-1.405,10097000.0
2003-05-07,-0.915,-0.2,-1.405,-0.28,31069400.0
2003-05-08,-0.39,-0.235,-0.555,-0.475,15021800.0
2003-05-09,-0.165,0.175,-0.24,0.08,16121800.0
2003-05-12,0.08,0.445,0.02,0.235,10735400.0
2003-05-13,0.235,0.315,-0.095,0.21,9108200.0
2003-05-14,0.385,0.395,0.035,0.21,7854800.0
2003-05-15,0.335,0.575,0.31,0.405,8908800.0
2003-05-16,0.46,0.575,0.055,0.06,9979000.0
2003-05-19,-0.065,0.27,-0.105,0.14,9228400.0
2003-05-20,0.185,0.37,0.07,0.345,12090000.0
2003-05-21,0.185,0.265,-0.01,0.155,10507000.0
2003-05-22,0.155,0.52,0.13,0.35,10194600.0
2003-05-23,0.235,0.44,0.11,0.18,5883000.0
2003-05-27,0.075,0.51,0.01,0.415,8908200.0
2003-05-28,0.35,0.39,0.145,0.165,10108800.0
2003-05-29,0.26,0.735,0.26,0.395,14845000.0
2003-05-30,0.495,1.06,0.495,0.87,11478200.0
2003-06-02,1.055,1.195,0.755,0.985,9052200.0
2003-06-03,1.11,1.275,0.96,1.14,7629800.0
2003-06-04,1.035,1.42,0.985,1.38,7991000.0
2003-06-05,1.38,1.51,1.24,1.475,7891800.0
2003-06-06,1.515,1.71,1.435,1.53,8624800.0
2003-06-09,1.285,1.58,1.285,1.52,6309400.0
2003-06-10,1.585,1.585,1.225,1.385,8389400.0
2003-06-11,1.275,1.485,0.88,1.485,8274400.0
2003-06-12,1.34,1.81,1.32,1.81,8487200.0
2003-06-13,1.785,1.875,1.59,1.76,6256000.0
2003-06-16,1.81,2.185,1.735,2.185,8161800.0
2003-06-17,2.135,2.255,1.475,1.685,18057400.0
2003-06-18,1.44,1.71,1.415,1.585,10643600.0
2003-06-19,1.485,1.535,1.055,1.145,10096200.0
2003-06-20,1.255,1.42,1.135,1.32,14901800.0
2003-06-23,1.225,1.485,0.975,1.46,10415200.0
2003-06-24,1.41,1.735,1.37,1.67,8915600.0
2003-06-25,1.675,1.82,1.39,1.405,9179400.0
2003-06-26,1.335,1.555,1.23,1.525,8056600.0
2003-06-27,1.51,1.705,1.3,1.34,6847400.0
2003-06-30,1.26,1.39,1.03,1.29,13898000.0
2003-07-01,1.21,1.405,1.035,1.33,11637800.0
2003-07-02,1.31,1.345,1.105,1.275,8860000.0
2003-07-03,1.16,1.31,1.035,1.2,6110800.0
2003-07-07,1.2,1.26,0.56,0.56,21706800.0
2003-07-08,0.56,0.56,0.135,0.195,23908400.0
2003-07-09,0.335,0.555,-0.075,0.025,15254400.0
2003-07-10,0.075,0.26,-0.01,0.09,12264000.0
2003-07-11,-0.3,0.14,-0.3,0.04,14111800.0
2003-07-14,0.16,0.45,0.095,0.225,14658800.0
2003-07-15,0.235,0.3,-0.065,0.08,11134400.0
2003-07-16,-0.19,0.16,-0.775,-0.46,20595200.0
2003-07-17,0.01,0.47,-0.195,0.465,22579200.0
2003-07-18,0.545,0.575,0.295,0.535,14723800.0
2003-07-21,0.585,0.655,0.405,0.585,10212600.0
2003-07-22,0.685,0.755,0.455,0.63,8531800.0
2003-07-23,0.71,0.735,0.42,0.67,7824200.0
2003-07-24,0.68,0.965,0.345,0.345,8869800.0
2003-07-25,0.35,0.62,-0.015,0.605,9610600.0
2003-07-28,0.545,0.555,0.31,0.4,8532200.0
2003-07-29,0.46,0.725,0.26,0.515,11342000.0
2003-07-30,0.685,0.86,0.545,0.775,10619200.0
2003-07-31,0.82,1.2,0.57,0.57,13449000.0
2003-08-01,0.575,0.705,0.285,0.46,9515400.0
2003-08-04,0.335,0.625,0.21,0.53,6996200.0
2003-08-05,0.51,0.53,0.22,0.265,8277600.0
2003-08-06,0.16,0.325,0.03,0.135,8778400.0
2003-08-07,0.235,0.565,0.175,0.475,7603600.0
2003-08-08,0.535,0.57,0.395,0.51,6387000.0
2003-08-11,0.485,0.51,0.25,0.395,5639400.0
2003-08-12,0.495,0.495,0.185,0.41,7505200.0
2003-08-13,0.455,0.455,0.185,0.34,7626800.0
2003-08-14,0.435,0.67,0.32,0.615,7240000.0
2003-08-15,0.645,0.645,0.49,0.59,4643000.0
2003-08-18,0.59,0.635,0.465,0.515,6087800.0
2003-08-19,0.44,0.52,0.055,0.235,8300000.0
2003-08-20,0.085,0.1,-0.085,0.03,7283800.0
2003-08-21,0.05,0.18,-0.18,-0.11,8552400.0
2003-08-22,-0.04,0.12,-0.315,-0.275,9080800.0
2003-08-25,-0.19,0.12,-0.275,0.12,6703200.0
2003-08-26,0.01,0.335,-0.095,0.2,7485000.0
2003-08-27,0.2,0.2,-0.04,0.065,6206400.0
2003-08-28,-0.055,0.065,-0.125,0.0,7210000.0
2003-08-29,-0.065,0.005,-0.205,-0.155,7710800.0
2003-09-02,-0.11,0.01,-0.375,-0.03,12356200.0
2003-09-03,-0.025,0.13,-0.16,-0.06,13377400.0
2003-09-04,0.04,0.38,-0.01,0.335,11328200.0
2003-09-05,0.335,0.485,0.07,0.16,7674400.0
2003-09-08,0.285,0.32,0.135,0.22,6593400.0
2003-09-09,0.095,0.485,0.09,0.26,8581200.0
2003-09-10,0.34,0.71,0.325,0.56,11486800.0
2003-09-11,0.66,0.675,0.285,0.325,11522200.0
2003-09-12,0.145,0.19,-0.07,0.08,10193200.0
2003-09-15,0.08,0.08,-0.18,-0.165,10719000.0
2003-09-16,-0.38,-0.35,-0.65,-0.455,18932800.0
2003-09-17,-0.455,-0.24,-0.555,-0.41,9438000.0
2003-09-18,-0.215,0.08,-0.255,-0.115,10341800.0
2003-09-19,-0.115,-0.105,-0.36,-0.325,11161200.0
2003-09-22,-0.325,-0.12,-0.565,-0.295,10950600.0
2003-09-23,-0.17,-0.095,-0.345,-0.205,10899600.0
2003-09-24,-0.215,-0.115,-0.52,-0.42,11325200.0
2003-09-25,-0.425,-0.215,-0.47,-0.39,9619200.0
2003-09-26,-0.415,-0.275,-0.48,-0.4,9366000.0
2003-09-29,-0.41,-0.165,-0.485,-0.38,9579600.0
2003-09-30,-0.44,-0.22,-0.615,-0.435,10289200.0
2003-10-01,-0.415,0.03,-0.415,0.03,12962800.0
2003-10-02,0.06,0.255,-0.065,0.21,8843800.0
2003-10-03,0.235,0.65,-0.29,0.105,9913200.0
2003-10-06,0.185,0.355,0.13,0.29,6665600.0
2003-10-07,0.215,0.465,0.165,0.415,9547800.0
2003-10-08,0.285,0.335,0.07,0.205,6935800.0
2003-10-09,0.33,0.335,-0.035,0.05,10227000.0
2003-10-10,-0.02,0.13,-0.06,0.0,6999600.0
2003-10-13,0.11,0.21,-0.005,0.155,6840400.0
2003-10-14,0.085,0.455,0.01,0.36,8420400.0
2003-10-15,0.66,0.845,0.585,0.635,17331800.0
2003-10-16,0.635,0.845,0.335,0.585,13005400.0
2003-10-17,0.68,0.715,0.44,0.61,11085000.0
2003-10-20,0.685,0.91,0.565,0.89,8543600.0
2003-10-21,1.025,1.07,0.885,0.98,9734600.0
2003-10-22,0.835,0.995,0.66,0.745,8019800.0
2003-10-23,0.695,0.88,0.59,0.845,7373400.0
2003-10-24,0.61,0.785,0.505,0.785,7056400.0
2003-10-27,0.785,0.855,0.64,0.68,5982200.0
2003-10-28,0.91,0.91,0.465,0.775,9601000.0
2003-10-29,0.585,1.2,0.585,1.01,12100000.0
2003-10-30,1.01,1.155,0.855,1.085,8750000.0
2003-10-31,1.09,1.285,0.96,1.285,11217600.0
2003-11-03,1.285,1.48,1.185,1.425,9327800.0
2003-11-04,1.335,1.58,1.335,1.535,8834800.0
2003-11-05,1.47,1.58,1.35,1.575,7830200.0
2003-11-06,1.535,1.605,1.435,1.595,6969200.0
2003-11-07,1.46,1.59,1.285,1.4,7444000.0
2003-11-10,1.31,1.485,1.31,1.395,4864800.0
2003-11-11,1.4,1.505,1.265,1.345,5364600.0
2003-11-12,1.265,1.67,1.23,1.625,6520200.0
2003-11-13,1.41,1.605,1.365,1.55,6847000.0
2003-11-14,1.47,1.58,1.33,1.43,7043000.0
2003-11-17,1.315,1.49,1.22,1.425,6101200.0
2003-11-18,1.345,1.475,1.24,1.335,8956000.0
2003-11-19,1.385,1.535,1.335,1.515,8055200.0
2003-11-20,1.46,1.545,0.9,1.31,7387000.0
2003-11-21,1.27,1.345,1.185,1.295,6645800.0
2003-11-24,1.28,1.525,1.2,1.295,7904400.0
2003-11-25,1.235,1.475,1.18,1.37,6966800.0
2003-11-26,1.41,1.46,1.175,1.43,6502000.0
2003-11-28,1.585,1.585,1.195,1.335,3406000.0
2003-12-01,1.41,1.61,1.28,1.595,8321200.0
2003-12-02,1.54,1.62,1.355,1.59,9536000.0
2003-12-03,1.585,1.93,1.585,1.785,10977400.0
2003-12-04,1.71,1.78,1.54,1.665,8888200.0
2003-12-05,1.51,1.585,1.335,1.53,8945000.0
2003-12-08,1.46,2.055,1.39,1.96,14496200.0
2003-12-09,1.815,2.08,1.815,1.965,10372600.0
2003-12-10,1.915,2.285,1.915,2.18,10398600.0
2003-12-11,2.155,2.395,2.025,2.28,10501000.0
2003-12-12,2.34,2.85,2.21,2.77,13889800.0
2003-12-15,3.085,3.085,2.86,2.98,16332800.0
2003-12-16,3.07,3.535,2.985,3.425,17192800.0
2003-12-17,3.36,3.45,3.045,3.17,11163200.0
2003-12-18,3.07,3.18,2.79,3.055,14947200.0
2003-12-19,3.1,3.185,2.965,3.135,14125000.0
2003-12-22,3.11,3.17,2.96,3.165,9522400.0
2003-12-23,3.16,3.26,3.04,3.17,7370200.0
2003-12-24,3.09,3.145,3.0,3.035,3341400.0
2003-12-26,3.06,3.125,3.02,3.065,2147400.0
2003-12-29,3.03,3.165,2.97,3.165,7101400.0
2003-12-30,3.085,3.5,3.065,3.345,7118600.0
2003-12-31,3.345,3.49,3.285,3.46,6974600.0
2004-01-02,3.485,3.58,3.09,3.26,7210200.0
2004-01-05,3.26,3.38,3.115,3.29,9740200.0
2004-01-06,3.195,3.27,3.145,3.185,8223200.0
2004-01-07,3.185,3.205,2.945,3.025,10242800.0
2004-01-08,2.99,3.165,2.915,3.145,9070800.0
2004-01-09,3.145,3.49,2.875,2.88,13127800.0
2004-01-12,2.92,3.115,2.81,3.09,9204400.0
2004-01-13,2.965,3.185,2.88,2.94,8906000.0
2004-01-14,2.945,3.01,2.885,2.985,7565200.0
2004-01-15,2.855,2.98,2.675,2.95,9990200.0
2004-01-16,2.95,3.1,2.88,3.025,8282800.0
2004-01-20,2.935,3.115,2.91,3.05,8777000.0
2004-01-21,2.995,3.08,2.915,2.975,7990200.0
2004-01-22,2.85,2.935,2.6,2.75,11138600.0
2004-01-23,2.785,3.16,2.76,3.105,11214600.0
2004-01-26,3.135,3.285,3.0,3.18,8437000.0
2004-01-27,3.105,3.375,3.075,3.08,8519400.0
2004-01-28,2.985,3.23,2.655,2.78,10017800.0
2004-01-29,3.08,3.16,2.635,2.88,8916600.0
2004-01-30,2.47,2.785,2.41,2.705,12398200.0
2004-02-02,2.585,3.07,2.545,2.89,8595600.0
2004-02-03,2.815,3.085,2.745,3.0,7749600.0
2004-02-04,2.8,3.075,2.78,2.96,9109400.0
2004-02-05,3.085,3.375,2.875,3.275,10215800.0
2004-02-06,3.21,3.585,3.2,3.58,10103000.0
2004-02-09,3.635,4.665,3.635,4.285,11581000.0
2004-02-10,4.26,4.285,4.04,4.17,10408000.0
2004-02-11,4.03,4.055,3.64,3.985,11974200.0
2004-02-12,3.745,3.935,3.73,3.855,6958200.0
2004-02-13,4.075,4.075,3.61,3.655,8566200.0
2004-02-17,3.735,3.775,3.535,3.655,7491600.0
2004-02-18,3.655,3.76,3.54,3.705,7385200.0
2004-02-19,3.685,3.775,3.335,3.585,9698800.0
2004-02-20,3.31,3.57,3.165,3.555,14664600.0
2004-02-23,3.36,3.635,3.21,3.255,11319600.0
2004-02-24,3.195,3.31,2.855,2.975,14578400.0
2004-02-25,2.885,3.105,2.87,2.91,10332400.0
2004-02-26,2.905,3.06,2.82,3.0,9824000.0
2004-02-27,2.985,3.255,2.845,3.065,14180400.0
2004-03-01,2.95,3.0,2.735,2.895,15142800.0
2004-03-02,2.785,2.94,2.595,2.725,12598600.0
2004-03-03,2.585,2.74,2.585,2.655,11588800.0
2004-03-04,2.535,3.06,2.36,2.5,8508000.0
2004-03-05,2.46,3.21,2.375,3.135,22941800.0
2004-03-08,3.21,3.21,2.965,3.015,12211400.0
2004-03-09,2.96,3.385,2.895,3.175,12788400.0
2004-03-10,3.175,3.32,2.945,3.035,11676000.0
2004-03-11,2.585,2.895,2.135,2.175,18371000.0
2004-03-12,2.255,2.31,1.925,2.31,15979600.0
2004-03-15,2.585,2.585,1.875,1.94,16688400.0
2004-03-16,2.085,2.31,2.01,2.165,11500800.0
2004-03-17,2.275,2.59,2.185,2.525,9687000.0
2004-03-18,2.52,2.835,2.52,2.605,9101600.0
2004-03-19,2.61,2.695,2.395,2.475,12974200.0
2004-03-22,2.26,2.475,2.06,2.21,11216800.0
2004-03-23,2.235,2.33,2.12,2.15,8855600.0
2004-03-24,2.235,2.385,2.16,2.33,10076200.0
2004-03-25,2.41,2.47,2.15,2.465,8376600.0
2004-03-26,2.385,2.665,2.26,2.475,8349200.0
2004-03-29,2.845,2.995,2.675,2.785,9608200.0
2004-03-30,2.86,3.265,2.815,3.2,14505400.0
2004-03-31,3.115,3.325,3.0,3.235,10403200.0
2004-04-01,3.325,3.415,3.2,3.375,8979400.0
2004-04-02,3.61,3.615,3.4,3.55,9452800.0
2004-04-05,3.46,3.51,3.33,3.375,9491000.0
2004-04-06,3.185,3.645,3.155,3.52,9925800.0
2004-04-07,3.435,3.71,3.375,3.625,11291200.0
2004-04-08,3.745,3.87,3.585,3.705,8024800.0
2004-04-12,3.61,3.695,3.47,3.51,9983600.0
2004-04-13,3.515,3.58,3.36,3.53,12863000.0
2004-04-14,3.485,3.835,3.44,3.68,8876400.0
2004-04-15,3.805,3.935,3.595,3.685,8750000.0
2004-04-16,3.81,4.11,3.715,4.05,10517000.0
2004-04-19,4.235,4.835,4.235,4.585,17597800.0
2004-04-20,4.61,4.625,4.215,4.225,9239600.0
2004-04-21,3.885,4.435,3.835,4.15,14946400.0
2004-04-22,3.435,3.885,3.435,3.815,18415600.0
2004-04-23,3.71,3.76,3.46,3.61,13696000.0
2004-04-26,3.61,3.675,3.345,3.43,11161600.0
2004-04-27,3.46,3.48,3.34,3.44,11534200.0
2004-04-28,3.435,3.48,3.16,3.19,9501200.0
2004-04-29,3.155,3.405,2.975,3.315,10371400.0
2004-04-30,3.315,3.7,3.21,3.37,10971200.0
2004-05-03,3.41,3.56,3.225,3.395,8053800.0
2004-05-04,3.345,3.36,3.035,3.22,10786000.0
2004-05-05,3.485,3.695,3.26,3.63,11156200.0
2004-05-06,3.46,3.8,3.46,3.62,9009600.0
2004-05-07,3.535,3.875,3.415,3.455,10231800.0
2004-05-10,3.335,3.385,2.965,3.05,13490400.0
2004-05-11,2.785,3.135,2.735,3.11,10300800.0
2004-05-12,3.085,3.085,2.72,3.045,8902400.0
2004-05-13,2.92,3.03,2.71,2.89,7085000.0
2004-05-14,2.765,3.105,2.73,3.085,8548800.0
2004-05-17,2.9,3.145,2.84,2.99,7597800.0
2004-05-18,2.935,3.325,2.85,3.135,9899400.0
2004-05-19,3.1,3.165,2.74,2.765,9078400.0
2004-05-20,2.675,3.06,2.67,2.9,7053400.0
2004-05-21,3.22,3.22,2.735,2.775,9992000.0
2004-05-24,2.885,3.04,2.785,3.0,9990000.0
2004-05-25,2.935,3.345,2.85,3.28,11520800.0
2004-05-26,3.295,3.44,3.065,3.195,7401600.0
2004-05-27,3.535,3.79,3.5,3.745,11214800.0
2004-05-28,3.775,3.835,3.68,3.76,7948400.0
2004-06-01,3.685,3.86,3.445,3.62,6464000.0
2004-06-02,3.885,4.09,3.83,4.055,11810600.0
2004-06-03,4.06,4.17,3.925,3.97,8386800.0
2004-06-04,4.095,4.33,3.985,4.22,7293600.0
2004-06-07,4.22,4.455,4.14,4.44,7378000.0
2004-06-08,4.285,4.41,4.22,4.39,8212000.0
2004-06-09,4.035,4.085,3.795,3.965,13833400.0
2004-06-10,4.085,4.085,3.7,3.9,9386000.0
2004-06-14,3.7,3.83,3.585,3.775,7353400.0
2004-06-15,4.01,4.01,3.56,3.7,9286200.0
2004-06-16,3.63,3.7,3.46,3.68,7924400.0
2004-06-17,3.68,3.695,3.565,3.63,6106800.0
2004-06-18,3.51,3.82,3.43,3.78,10107400.0
2004-06-21,3.735,3.925,3.66,3.67,5516800.0
2004-06-22,3.575,3.725,3.485,3.595,7195000.0
2004-06-23,3.615,3.775,3.435,3.735,6094000.0
2004-06-24,3.66,3.78,3.56,3.605,6205600.0
2004-06-25,3.645,3.755,3.135,3.135,10580800.0
2004-06-28,3.26,3.465,3.215,3.28,7731600.0
2004-06-29,3.285,3.51,3.285,3.355,6743400.0
2004-06-30,3.31,3.405,3.205,3.325,8854000.0
2004-07-01,3.34,3.525,3.185,3.265,9761200.0
2004-07-02,3.385,3.655,3.315,3.35,6780200.0
2004-07-06,3.315,3.61,3.295,3.415,5764600.0
2004-07-07,3.34,3.435,3.175,3.295,6745000.0
2004-07-08,3.35,3.65,3.29,3.365,8869200.0
2004-07-09,3.37,3.595,3.26,3.595,6813400.0
2004-07-12,3.595,3.78,3.35,3.5,6718600.0
2004-07-13,3.295,3.48,3.28,3.415,5210600.0
2004-07-14,3.34,3.76,3.335,3.665,8310000.0
2004-07-15,3.76,3.765,3.47,3.505,8425000.0
2004-07-16,3.71,3.71,3.24,3.375,7449600.0
2004-07-19,3.41,3.43,3.11,3.255,9049600.0
2004-07-20,3.13,3.25,2.995,3.125,8366800.0
2004-07-21,3.06,3.255,2.685,2.685,9999800.0
2004-07-22,2.61,2.7,2.36,2.57,8141800.0
2004-07-23,1.515,1.515,0.14,0.67,50347800.0
2004-07-26,0.76,0.82,0.145,0.235,21925000.0
2004-07-27,0.26,0.365,-0.19,-0.04,27922000.0
2004-07-28,-0.04,0.165,-0.145,-0.075,25208600.0
2004-07-29,-0.075,-0.075,-0.515,-0.385,26268800.0
2004-07-30,-0.38,0.075,-0.385,0.015,17788200.0
2004-08-02,-0.02,0.385,-0.08,0.19,15973400.0
2004-08-03,0.23,0.27,0.035,0.14,12271600.0
2004-08-04,0.015,0.345,-0.005,0.185,10292400.0
2004-08-05,0.185,0.325,-0.04,0.01,15254600.0
2004-08-06,-0.045,0.03,-0.3,-0.165,17143200.0
2004-08-09,-0.19,-0.085,-0.34,-0.305,9179800.0
2004-08-10,-0.29,-0.18,-0.385,-0.185,10483200.0
2004-08-11,-0.185,0.395,-0.29,0.31,13898400.0
2004-08-12,0.305,0.405,-0.015,0.005,11305000.0
2004-08-13,0.005,0.285,-0.06,0.27,8895200.0
2004-08-16,0.335,0.41,0.15,0.345,9069400.0
2004-08-17,0.345,0.495,0.205,0.25,8221200.0
2004-08-18,0.285,0.39,0.16,0.37,8944000.0
2004-08-19,0.26,0.36,-0.09,0.095,10514000.0
2004-08-20,0.035,0.19,-0.135,0.19,9611600.0
2004-08-23,0.205,0.445,0.085,0.255,8768200.0
2004-08-24,0.335,0.335,0.08,0.095,9699600.0
2004-08-25,0.075,0.31,-0.06,0.255,9734400.0
2004-08-26,0.255,0.41,0.175,0.315,5642400.0
2004-08-27,0.36,0.53,0.335,0.445,5444200.0
2004-08-30,0.335,0.42,0.255,0.26,5287800.0
2004-08-31,0.275,0.445,0.095,0.44,7030200.0
2004-09-01,0.485,0.515,0.235,0.43,7076200.0
2004-09-02,0.405,0.82,0.36,0.76,10707400.0
2004-09-03,0.805,1.025,0.79,0.83,9841800.0
2004-09-07,0.935,0.985,0.66,0.91,8490200.0
2004-09-08,0.76,0.76,-0.215,-0.19,23239400.0
2004-09-09,-0.265,-0.1,-0.405,-0.16,18173800.0
2004-09-10,-0.39,-0.32,-0.58,-0.435,20256000.0
2004-09-13,-0.515,-0.43,-0.665,-0.515,18311200.0
2004-09-14,-0.64,-0.32,-0.64,-0.48,18448400.0
2004-09-15,-1.51,-1.295,-1.725,-1.335,61406200.0
2004-09-16,-1.31,-1.24,-1.94,-1.895,43299200.0
2004-09-17,-1.94,-1.625,-1.94,-1.765,24090600.0
2004-09-20,-1.965,-1.67,-1.965,-1.695,14747000.0
2004-09-21,-1.59,-1.42,-1.73,-1.55,15514000.0
2004-09-22,-1.53,-1.44,-1.715,-1.705,20142000.0
2004-09-23,-1.7,-1.59,-1.905,-1.905,15195200.0
2004-09-24,-1.91,-1.865,-2.05,-1.92,14931800.0
2004-09-27,-2.3,-1.92,-2.3,-2.1,17705800.0
2004-09-28,-2.015,-1.885,-2.065,-1.92,13817200.0
2004-09-29,-2.015,-1.865,-2.095,-1.91,13398800.0
2004-09-30,-1.835,-1.72,-1.96,-1.89,12534000.0
2004-10-01,-1.675,-1.53,-1.775,-1.76,15593800.0
2004-10-04,-1.74,-1.465,-1.74,-1.54,13469800.0
2004-10-05,-1.54,-1.345,-1.62,-1.595,15395400.0
2004-10-06,-1.62,-1.455,-1.695,-1.465,12522200.0
2004-10-07,-1.44,-1.435,-1.86,-1.855,8238000.0
2004-10-08,-1.885,-1.77,-1.96,-1.915,13898800.0
2004-10-11,-1.855,-1.835,-2.01,-1.91,7699200.0
2004-10-12,-2.085,-1.99,-2.13,-2.025,11810200.0
2004-10-13,-2.025,-1.97,-2.29,-2.22,12224000.0
2004-10-14,-2.165,-2.03,-2.345,-2.34,10283600.0
2004-10-15,-2.17,-2.17,-2.385,-2.315,14591400.0
2004-10-18,-2.365,-2.255,-2.41,-2.295,10428200.0
2004-10-19,-2.04,-2.04,-2.315,-2.225,15291600.0
2004-10-20,-2.275,-2.165,-2.285,-2.19,11038000.0
2004-10-21,-2.265,-2.155,-2.34,-2.175,11923600.0
2004-10-22,-1.915,-1.79,-2.54,-2.465,22106400.0
2004-10-25,-2.405,-2.4,-2.71,-2.59,14432800.0
2004-10-26,-2.54,-2.165,-2.765,-2.265,16715800.0
2004-10-27,-2.35,-1.7,-2.45,-1.7,17942400.0
2004-10-28,-1.75,-1.54,-1.92,-1.67,12326400.0
2004-10-29,-1.465,-1.465,-1.665,-1.585,16822600.0
2004-11-01,-1.565,-1.525,-1.76,-1.65,11649200.0
2004-11-02,-1.915,-1.29,-1.915,-1.59,12005400.0
2004-11-03,-1.525,-1.375,-1.615,-1.49,13773800.0
2004-11-04,-1.42,-1.175,-1.455,-1.235,17884000.0
2004-11-05,-1.08,-1.045,-1.34,-1.215,12283600.0
2004-11-08,-1.14,-1.115,-1.325,-1.275,10122200.0
2004-11-09,-1.19,-1.135,-1.31,-1.295,10215800.0
2004-11-10,-1.175,-1.17,-1.41,-1.33,10052000.0
2004-11-11,-1.83,-1.365,-2.235,-1.435,37510800.0
2004-11-12,-1.56,-1.51,-1.865,-1.52,23008600.0
2004-11-15,-1.565,-1.51,-1.705,-1.625,13567400.0
2004-11-16,-1.62,-1.415,-1.84,-1.79,14366400.0
2004-11-17,-1.765,-1.52,-1.96,-1.775,14161200.0
2004-11-18,-1.675,-1.67,-1.885,-1.775,12628600.0
2004-11-19,-1.815,-1.73,-2.06,-2.05,18230600.0
2004-11-22,-1.965,-1.965,-2.175,-1.98,14761600.0
2004-11-23,-2.015,-1.99,-2.22,-2.06,15814800.0
2004-11-24,-2.015,-2.0,-2.115,-2.015,11893600.0
2004-11-26,-2.065,-1.945,-2.075,-1.985,6474800.0
2004-11-29,-1.915,-1.915,-2.24,-2.06,13666800.0
2004-11-30,-2.15,-2.06,-2.31,-2.26,16382800.0
2004-12-01,-2.19,-2.03,-2.265,-2.03,20019800.0
2004-12-02,-2.03,-1.665,-2.065,-1.705,25100400.0
2004-12-03,-1.66,-1.29,-1.665,-1.56,20564000.0
2004-12-06,-1.53,-1.505,-1.79,-1.72,11860600.0
2004-12-07,-1.72,-1.665,-1.85,-1.835,11603200.0
2004-12-08,-1.735,-1.67,-1.83,-1.72,12023200.0
2004-12-09,-1.845,-1.455,-1.88,-1.51,15715600.0
2004-12-10,-1.79,-1.545,-1.79,-1.65,10780000.0
2004-12-13,-1.615,-1.46,-1.795,-1.485,13432400.0
2004-12-14,-1.485,-1.21,-1.52,-1.265,14325800.0
2004-12-15,-1.19,-1.135,-1.41,-1.18,12765800.0
2004-12-16,-1.17,-1.12,-1.44,-1.35,13292600.0
2004-12-17,-1.42,-1.27,-1.44,-1.44,22433000.0
2004-12-20,-1.315,-1.31,-1.515,-1.44,11756400.0
2004-12-21,-1.44,-1.335,-1.515,-1.415,14368000.0
2004-12-22,-1.41,-1.02,-1.415,-1.125,14404000.0
2004-12-23,-1.165,-1.015,-1.255,-1.16,8831800.0
2004-12-27,-1.185,-0.98,-1.19,-1.09,8800600.0
2004-12-28,-1.04,-0.975,-1.155,-0.99,10439400.0
2004-12-29,-1.05,-1.045,-1.265,-1.135,10343200.0
2004-12-30,-1.165,-0.96,-1.255,-1.09,9978600.0
2004-12-31,-1.075,-0.97,-1.145,-1.095,9805800.0
2007-03-19,1.755,1.835,1.605,1.75,7756741.0
2007-03-20,1.795,1.96,1.705,1.895,7228000.0
2007-03-21,1.935,2.26,1.77,2.215,12180463.0
2007-03-22,2.04,2.305,2.04,2.21,8650100.0
2007-03-23,2.15,2.22,2.07,2.11,8006024.0
2007-03-26,2.06,2.18,1.925,2.16,7192600.0
2007-03-27,2.085,2.17,2.01,2.095,6615300.0
2007-03-28,1.98,2.235,1.88,2.04,11328900.0
2007-03-29,1.89,2.285,1.51,2.14,9473872.0
2007-03-30,2.215,2.335,1.885,2.085,8969800.0
2007-04-02,2.185,2.415,2.11,2.345,11221700.0
2007-04-03,2.35,2.66,2.35,2.58,9516600.0
2007-04-04,2.59,2.905,2.555,2.815,11103142.0
2007-04-05,2.755,2.97,2.735,2.845,8979600.0
2007-04-09,2.885,3.06,2.8,2.9,7316400.0
2007-04-10,2.975,3.24,2.91,3.125,13158668.0
2007-04-11,3.125,3.185,2.885,2.905,12263432.0
2007-04-12,2.91,3.06,2.41,2.92,7756175.0
2007-04-13,3.23,3.23,2.83,3.025,6919402.0
2007-04-16,3.09,3.305,3.05,3.22,10069309.0
2007-04-17,3.61,4.175,3.465,3.87,25239960.0
2007-04-18,3.88,3.955,3.76,3.915,11477749.0
2007-04-19,3.765,4.035,3.74,3.96,9348219.0
2007-04-20,4.11,4.16,3.895,4.13,10600645.0
2007-04-23,4.13,4.185,3.88,3.91,7232921.0
2007-04-24,4.075,4.075,3.77,3.94,8066675.0
2007-04-25,4.08,4.115,3.83,3.955,10703829.0
2007-04-26,4.08,4.2,4.01,4.125,7587429.0
2007-04-27,4.01,4.145,3.96,4.115,6963034.0
2007-04-30,4.045,4.26,4.01,4.18,11762542.0
2007-05-01,4.18,4.405,4.15,4.4,10303172.0
2007-05-02,4.385,4.55,4.335,4.44,8867496.0
2007-05-03,4.485,4.585,4.38,4.54,8138235.0
2007-05-04,4.585,4.745,4.56,4.69,9035077.0
2007-05-07,4.69,4.91,4.66,4.89,7075986.0
2007-05-08,4.765,4.845,4.545,4.62,7598695.0
2007-05-09,4.63,4.785,4.51,4.64,5617120.0
2007-05-10,4.56,4.605,4.3,4.325,7454140.0
2007-05-11,4.31,4.45,4.17,4.43,6492599.0
2007-05-14,4.355,4.565,4.335,4.385,6647892.0
2007-05-15,4.235,4.48,4.165,4.315,15826877.0
2007-05-16,4.335,4.48,4.15,4.455,8396122.0
2007-05-17,4.575,4.58,4.135,4.185,9541800.0
2007-05-18,4.265,4.41,4.13,4.4,12917576.0
2007-05-21,4.4,4.495,3.96,4.04,13204603.0
2007-05-22,4.06,4.07,3.795,3.825,9571217.0
2007-05-23,3.905,3.97,3.705,3.75,7584794.0
2007-05-24,3.72,3.96,3.66,3.705,8883587.0
2007-05-25,3.865,4.175,3.83,4.03,9251798.0
2007-05-29,4.1,4.26,4.04,4.175,8358135.0
2007-05-30,4.27,4.61,4.045,4.61,14796361.0
2007-05-31,4.565,4.815,4.525,4.58,10710234.0
2007-06-01,4.59,4.65,4.3,4.485,8509140.0
2007-06-04,4.465,4.485,4.19,4.42,10219346.0
2007-06-05,4.32,4.41,4.135,4.245,9642795.0
2007-06-06,4.21,4.245,4.005,4.085,5693418.0
2007-06-07,4.08,4.125,3.715,3.775,9362210.0
2007-06-08,3.71,3.945,3.6,3.92,6677991.0
2007-06-11,3.92,4.01,3.745,3.9,10901670.0
2007-06-12,3.755,3.97,3.615,3.655,11415146.0
2007-06-13,3.67,3.835,3.615,3.765,10035536.0
2007-06-14,3.765,3.93,3.62,3.74,8995864.0
2007-06-15,3.88,4.155,3.765,3.875,13215184.0
2007-06-18,3.875,4.09,3.85,3.965,5551089.0
2007-06-19,3.875,3.925,3.64,3.78,11075680.0
2007-06-20,3.855,4.125,3.745,3.83,10010743.0
2007-06-21,3.785,4.16,3.765,4.13,9437078.0
2007-06-22,4.11,4.215,3.805,3.895,15089089.0
2007-06-25,3.92,4.105,3.835,3.97,10725291.0
2007-06-26,4.035,4.255,3.895,4.06,11139447.0
2007-06-27,3.96,4.345,3.96,4.305,9087745.0
2007-06-28,4.245,4.545,4.195,4.4,8063190.0
2007-06-29,4.505,4.56,4.06,4.24,9514534.0
2007-07-02,4.41,4.58,4.245,4.365,9147214.0
2007-07-03,4.49,4.575,4.335,4.535,4191456.0
2007-07-05,4.535,4.585,4.32,4.42,5432700.0
2007-07-06,4.36,4.41,4.235,4.385,6174765.0
2007-07-09,4.45,4.585,4.37,4.435,9618882.0
2007-07-10,4.555,4.555,4.12,4.135,7252830.0
2007-07-11,4.09,4.22,3.985,4.13,6092700.0
2007-07-12,4.16,4.41,4.11,4.4,11723031.0
2007-07-13,4.4,4.715,4.33,4.64,8317395.0
2007-07-16,4.785,5.33,4.765,5.01,16774701.0
2007-07-17,5.25,5.275,4.49,4.67,16516106.0
2007-07-18,4.74,4.875,4.62,4.8,14245600.0
2007-07-19,5.035,5.055,4.8,4.935,7231149.0
2007-07-20,4.955,5.035,4.63,4.69,11198700.0
2007-07-23,4.75,4.96,4.66,4.905,7034800.0
2007-07-24,4.57,4.985,4.565,4.695,9352200.0
2007-07-25,4.82,5.185,4.675,5.11,12806000.0
2007-07-26,4.66,5.195,4.365,4.575,14745476.0
2007-07-27,4.545,4.63,4.195,4.225,12041600.0
2007-07-30,4.615,5.01,3.98,4.28,9956000.0
2007-07-31,4.455,4.52,4.105,4.14,9943500.0
2007-08-01,4.265,4.825,4.175,4.72,12371603.0
2007-08-02,4.665,4.985,4.665,4.915,9850400.0
2007-08-03,4.995,5.21,4.705,4.725,11022849.0
2007-08-06,4.66,5.21,4.66,5.2,11667600.0
2007-08-07,5.06,5.48,4.94,5.315,11328600.0
2007-08-08,5.28,6.025,5.275,6.015,12586200.0
2007-08-09,5.49,6.44,5.49,6.01,17123800.0
2007-08-10,5.785,6.15,5.135,5.575,14908400.0
2007-08-13,5.58,5.635,5.19,5.345,9583200.0
2007-08-14,5.475,5.51,4.985,5.155,13100300.0
2007-08-15,5.165,5.42,4.89,5.0,7140231.0
2007-08-16,4.835,5.23,4.5,4.875,14501100.0
2007-08-17,5.55,6.51,4.665,5.31,14234300.0
2007-08-20,5.275,5.525,5.16,5.345,7996900.0
2007-08-21,5.285,5.51,5.075,5.1,8391200.0
2007-08-22,5.27,5.335,4.975,5.06,7639700.0
2007-08-23,5.025,5.17,4.895,5.075,6964917.0
2007-08-24,4.91,5.45,4.91,5.085,6746700.0
2007-08-27,5.075,5.16,4.935,5.09,4997839.0
2007-08-28,5.085,5.085,4.675,4.715,7853600.0
2007-08-29,4.825,4.935,4.625,4.84,7961400.0
2007-08-30,4.695,4.905,4.65,4.785,6991300.0
2007-08-31,4.97,5.075,4.78,4.975,7523100.0
2007-09-04,4.92,5.305,4.92,5.27,6231461.0
2007-09-05,5.15,5.26,4.765,4.93,9469700.0
2007-09-06,4.86,5.605,4.685,5.415,9500100.0
2007-09-07,5.38,5.585,5.14,5.38,11991300.0
2007-09-10,5.385,5.595,5.23,5.37,10173300.0
2007-09-11,5.44,6.055,5.435,5.915,11933100.0
2007-09-12,5.885,6.265,5.725,6.005,9262300.0
2007-09-13,6.06,6.185,5.895,6.02,7176500.0
2007-09-14,5.945,6.365,5.915,6.285,7729900.0
2007-09-17,6.085,6.135,5.605,5.725,10539200.0
2007-09-18,5.79,6.3,5.79,6.285,9949400.0
2007-09-19,6.335,6.465,6.025,6.395,8610248.0
2007-09-20,6.365,6.41,6.165,6.24,6291700.0
2007-09-21,6.275,6.515,6.24,6.36,10974400.0
2007-09-24,6.34,6.775,6.34,6.435,10436324.0
2007-09-25,6.43,6.72,6.355,6.595,7615025.0
2007-09-26,6.67,6.925,6.54,6.76,7388100.0
2007-09-27,6.74,6.88,6.65,6.75,7137200.0
2007-09-28,6.735,6.975,6.6,6.82,6531657.0
2007-10-01,6.89,7.25,6.865,7.035,9959205.0
2007-10-02,7.085,7.165,6.905,7.045,8782800.0
2007-10-03,6.96,7.1,6.77,6.87,6314190.0
2007-10-04,6.91,7.15,6.87,7.02,5767300.0
2007-10-05,7.07,7.225,7.0,7.12,5448200.0
2007-10-08,7.065,7.15,6.93,6.985,3010800.0
2007-10-09,6.885,7.025,6.735,7.025,8136000.0
2007-10-10,7.08,7.185,6.975,7.02,6618199.0
2007-10-11,7.085,7.175,6.545,6.68,6475300.0
2007-10-12,6.685,7.05,6.66,6.985,5205022.0
2007-10-15,7.13,7.2,6.665,6.905,6904100.0
2007-10-16,6.92,7.135,6.8,6.965,7114026.0
2007-10-17,7.26,7.8,7.115,7.63,16407325.0
2007-10-18,7.605,7.91,7.47,7.765,10388691.0
2007-10-19,7.85,7.96,7.43,7.465,12087500.0
2007-10-22,7.355,7.785,7.28,7.71,9126900.0
2007-10-23,7.74,7.975,7.71,7.96,5831500.0
2007-10-24,7.835,8.185,7.765,8.175,9317364.0
2007-10-25,8.2,8.815,8.13,8.735,9776900.0
2007-10-26,8.755,8.88,8.525,8.87,8093801.0
2007-10-29,8.835,9.1,8.73,9.005,8475569.0
2007-10-30,9.0,9.16,8.76,8.95,6870000.0
2007-10-31,9.08,9.115,8.65,8.965,8320100.0
2007-11-01,8.9,9.085,8.495,8.535,10017700.0
2007-11-02,8.655,8.66,8.09,8.34,8577232.0
2007-11-05,8.335,8.45,8.045,8.255,8922608.0
2007-11-06,8.28,8.63,8.21,8.59,7643015.0
2007-11-07,8.535,8.585,8.05,8.065,7250409.0
2007-11-08,8.445,8.905,8.035,8.82,13045841.0
2007-11-09,8.835,8.96,8.4,8.5,9101269.0
2007-11-12,8.405,8.515,7.985,8.015,8340362.0
2007-11-13,8.205,8.685,7.91,8.605,7665350.0
2007-11-14,8.735,8.96,8.46,8.765,8272614.0
2007-11-15,8.58,9.29,8.58,9.06,10614816.0
2007-11-16,9.205,9.445,8.935,9.395,10727370.0
2007-11-19,9.335,9.365,9.09,9.235,8446874.0
2007-11-20,9.345,9.635,9.135,9.48,10786191.0
2007-11-21,9.48,9.805,9.155,9.21,9038459.0
2007-11-23,9.355,9.46,9.045,9.235,4723058.0
2007-11-26,9.26,9.515,8.885,8.95,8387943.0
2007-11-27,9.06,9.74,8.925,9.575,10524159.0
2007-11-28,9.695,9.695,9.33,9.58,12838906.0
2007-11-29,9.54,9.67,9.395,9.48,7515788.0
2007-11-30,9.635,9.635,8.945,9.135,10842784.0
2007-12-03,9.135,9.585,9.065,9.185,8555988.0
2007-12-04,9.06,9.555,8.84,9.46,8439237.0
2007-12-05,9.505,9.61,9.31,9.61,7311096.0
2007-12-06,9.54,9.67,9.275,9.62,7912632.0
2007-12-07,9.615,9.96,9.615,9.66,6706849.0
2007-12-10,9.625,9.835,9.525,9.72,4243886.0
2007-12-11,9.705,10.03,9.555,9.57,8668286.0
2007-12-12,9.7,10.11,9.56,9.97,11621776.0
2007-12-13,9.875,10.155,9.775,10.13,6209363.0
2007-12-14,9.965,10.245,9.955,9.99,9503133.0
2007-12-17,10.085,10.16,9.225,9.32,11934518.0
2007-12-18,9.485,9.49,9.025,9.195,11878289.0
2007-12-19,9.185,9.585,9.135,9.51,7203795.0
2007-12-20,9.46,9.56,9.035,9.225,7532646.0
2007-12-21,9.335,9.82,9.235,9.62,12687085.0
2007-12-24,9.605,9.81,9.485,9.69,2296826.0
2007-12-26,9.81,9.81,9.465,9.59,4742153.0
2007-12-27,9.535,9.685,9.19,9.235,3864840.0
2007-12-28,9.245,9.465,9.085,9.22,4173148.0
2007-12-31,9.115,9.185,8.695,8.77,5864565.0
2008-01-02,8.81,8.875,8.45,8.63,7726840.0
2008-01-03,8.67,9.135,8.62,8.95,6951426.0
2008-01-04,8.925,9.44,8.92,9.01,9014331.0
2008-01-07,9.135,9.805,9.035,9.74,11890911.0
2008-01-08,9.88,10.285,9.74,9.87,10441523.0
2008-01-09,9.895,10.74,9.885,10.72,17975080.0
2008-01-10,10.585,10.88,10.44,10.865,14472089.0
2008-01-11,10.775,10.775,9.815,9.97,16073832.0
2008-01-14,9.96,10.345,9.96,10.235,11465673.0
2008-01-15,9.9,10.185,9.865,9.89,11512364.0
2008-01-16,9.725,10.01,9.325,9.41,13292284.0
2008-01-17,9.71,9.74,9.035,9.105,18637148.0
2008-01-18,9.255,9.31,8.165,8.455,16879545.0
2008-01-22,7.45,7.785,6.585,7.48,18684859.0
2008-01-23,6.85,7.555,6.33,7.52,16127943.0
2008-01-24,7.665,8.095,7.555,8.025,15350303.0
2008-01-25,8.255,8.255,7.2,7.29,12963117.0
2008-01-28,7.27,7.795,7.11,7.79,9170987.0
2008-01-29,7.915,7.915,7.225,7.36,13416727.0
2008-01-30,7.335,7.505,6.865,6.97,11533373.0
2008-01-31,6.735,7.765,6.705,7.585,12023246.0
2008-02-01,7.73,8.07,7.34,7.715,8260129.0
2008-02-04,7.795,7.81,7.32,7.4,7657959.0
2008-02-05,7.325,7.335,6.74,6.785,12355191.0
2008-02-06,7.035,7.18,6.87,6.94,8408588.0
2008-02-07,7.005,7.425,7.005,7.31,11656515.0
2008-02-08,7.63,7.975,7.58,7.71,10110811.0
2008-02-11,7.76,7.935,7.485,7.835,6818889.0
2008-02-12,7.985,8.335,7.91,8.045,11913718.0
2008-02-13,8.31,8.31,7.59,7.78,14519767.0
2008-02-14,7.845,7.93,7.285,7.36,12522639.0
2008-02-15,7.305,7.495,7.09,7.465,10380871.0
2008-02-19,7.585,7.61,7.07,7.135,8608934.0
2008-02-20,7.125,7.225,6.86,7.2,7415941.0
2008-02-21,7.245,7.365,6.95,7.08,8732730.0
2008-02-22,7.085,7.25,6.78,7.215,7384919.0
2008-02-25,7.185,7.62,7.185,7.47,8010354.0
2008-02-26,7.385,7.88,7.245,7.845,8404518.0
2008-02-27,7.725,8.29,7.725,8.11,9911838.0
2008-02-28,8.085,8.145,7.66,7.815,7717907.0
2008-02-29,7.635,7.75,7.175,7.315,7983654.0
2008-03-03,7.26,7.66,7.26,7.595,6246298.0
2008-03-04,7.38,7.875,7.345,7.77,10052900.0
2008-03-05,7.705,8.085,7.6,7.925,8039643.0
2008-03-06,7.84,8.01,7.595,7.635,7282039.0
2008-03-07,7.46,7.785,7.335,7.51,9166473.0
2008-03-10,7.51,7.755,7.41,7.415,9455496.0
2008-03-11,7.59,7.925,7.52,7.82,14918100.0
2008-03-12,7.66,7.83,7.565,7.68,11300529.0
2008-03-13,7.425,7.635,7.24,7.55,8770929.0
2008-03-14,7.55,7.55,6.65,6.85,13265807.0
2008-03-17,6.535,7.095,6.46,6.93,10815163.0
2008-03-18,7.185,7.79,7.055,7.79,9182656.0
2008-03-19,7.77,8.5,7.77,8.065,11630264.0
2008-03-20,8.165,8.655,8.065,8.605,15514276.0
2008-03-24,8.71,8.835,8.355,8.675,7018766.0
2008-03-25,8.675,8.995,8.62,8.79,7649096.0
2008-03-26,8.79,8.935,8.585,8.66,8273849.0
2008-03-27,8.765,9.035,8.69,8.74,8415183.0
2008-03-28,8.875,8.885,8.525,8.555,6835791.0
2008-03-31,8.485,8.685,8.405,8.52,9270609.0
2008-04-01,8.59,8.835,8.53,8.805,12936570.0
2008-04-02,8.77,8.77,8.19,8.315,9083465.0
2008-04-03,8.23,8.535,8.21,8.365,8088008.0
2008-04-04,8.35,8.55,8.185,8.21,7631355.0
2008-04-07,8.22,8.39,8.22,8.27,8096546.0
2008-04-08,8.22,8.37,8.02,8.34,9971365.0
2008-04-09,8.335,8.5,8.24,8.475,6498914.0
2008-04-10,8.525,8.825,8.32,8.75,7421140.0
2008-04-11,8.595,8.835,8.13,8.23,7783791.0
2008-04-14,8.28,8.76,8.16,8.585,10014959.0
2008-04-15,8.6,8.695,8.295,8.555,11722565.0
2008-04-16,8.96,9.005,8.355,8.66,11559261.0
2008-04-17,8.58,8.775,8.355,8.425,8329838.0
2008-04-18,8.465,8.625,7.91,8.14,11127043.0
2008-04-21,8.045,8.305,7.91,8.26,6214303.0
2008-04-22,8.195,8.285,7.935,8.03,8636906.0
2008-04-23,7.965,8.28,7.965,8.245,9493621.0
2008-04-24,8.225,8.585,7.98,8.21,6418298.0
2008-04-25,8.21,8.335,7.565,7.75,9401135.0
2008-04-28,7.75,8.035,7.515,7.575,8049069.0
2008-04-29,7.485,7.585,7.27,7.445,7434494.0
2008-04-30,7.445,7.97,7.43,7.52,11680844.0
2008-05-01,7.39,7.665,7.285,7.63,7564086.0
2008-05-02,7.63,7.835,7.385,7.47,8259554.0
2008-05-05,7.47,7.575,7.155,7.275,7060796.0
2008-05-06,7.21,7.275,7.025,7.22,6695353.0
2008-05-07,7.22,7.225,6.58,6.6,14933392.0
2008-05-08,6.76,6.87,6.11,6.23,14001801.0
2008-05-09,6.23,6.255,6.0,6.16,10414413.0
2008-05-12,6.175,6.315,6.085,6.285,8621624.0
2008-05-13,6.23,6.465,6.22,6.335,10438547.0
2008-05-14,6.405,6.585,6.18,6.355,10366187.0
2008-05-15,6.335,6.67,6.215,6.59,8251530.0
2008-05-16,6.615,6.785,6.475,6.62,8980411.0
2008-05-19,6.635,7.005,6.555,6.845,10004771.0
2008-05-20,6.835,6.91,6.565,6.63,8977596.0
2008-05-21,6.54,6.735,6.31,6.41,12601826.0
2008-05-22,6.425,7.295,6.35,7.22,12615208.0
2008-05-23,7.14,7.605,7.09,7.4,15291462.0
2008-05-27,7.36,7.435,7.14,7.38,7807042.0
2008-05-28,7.505,7.505,6.755,6.805,12022725.0
2008-05-29,6.85,7.15,6.655,7.02,12352542.0
2008-05-30,6.93,7.08,6.595,6.715,13416760.0
2008-06-02,6.61,6.77,6.31,6.585,9560587.0
2008-06-03,6.515,6.71,6.23,6.285,9770073.0
2008-06-04,6.21,6.57,6.21,6.435,7485981.0
2008-06-05,6.46,6.715,6.315,6.68,7850789.0
2008-06-06,6.59,6.64,5.955,5.985,12473813.0
2008-06-09,5.835,6.21,5.835,6.015,9675792.0
2008-06-10,6.15,7.385,6.085,7.09,16339949.0
2008-06-11,6.945,7.0,6.59,6.655,11729499.0
2008-06-12,6.74,6.88,6.46,6.655,9521927.0
2008-06-13,6.6,6.635,5.045,5.795,30878372.0
2008-06-16,5.795,5.845,5.105,5.175,17692688.0
2008-06-17,5.36,5.435,5.065,5.065,14334237.0
2008-06-18,4.975,5.085,4.64,4.665,13018857.0
2008-06-19,4.785,4.885,4.585,4.765,12610509.0
2008-06-20,4.62,5.03,4.55,4.915,16636519.0
2008-06-23,5.01,5.01,4.595,4.715,8955215.0
2008-06-24,4.585,4.845,4.4,4.77,10913739.0
2008-06-25,4.815,5.375,4.785,5.135,11875265.0
2008-06-26,5.045,5.395,4.65,4.695,15266022.0
2008-06-27,4.67,4.705,4.0,4.005,17836843.0
2008-06-30,4.015,4.535,3.805,4.075,15070962.0
2008-07-01,4.045,4.045,3.545,3.585,17670841.0
2008-07-02,3.59,3.865,3.52,3.77,16253092.0
2008-07-03,3.77,3.96,3.68,3.825,7453726.0
2008-07-07,3.92,3.975,3.585,3.73,11701492.0
2008-07-08,3.625,3.925,3.585,3.82,13328660.0
2008-07-09,3.9,3.905,3.515,3.53,11602789.0
2008-07-10,3.56,3.56,2.935,3.105,15156285.0
2008-07-11,2.915,3.335,2.845,3.22,13469651.0
2008-07-14,3.355,3.715,3.355,3.565,12561666.0
2008-07-15,3.41,4.085,3.38,3.98,19228636.0
2008-07-16,4.025,4.385,3.71,4.255,13594537.0
2008-07-17,3.685,3.765,2.935,3.255,39607293.0
2008-07-18,3.325,3.325,2.91,3.1,18247184.0
2008-07-21,3.135,3.135,2.805,2.885,10880713.0
2008-07-22,3.145,4.145,3.115,3.76,21571269.0
2008-07-23,3.845,4.36,3.595,4.335,12912049.0
2008-07-24,4.3,4.53,3.85,4.015,10670187.0
2008-07-25,4.21,4.21,3.85,4.115,8433696.0
2008-07-28,4.085,4.115,3.64,3.66,7019907.0
2008-07-29,3.69,3.99,3.645,3.87,8122377.0
2008-07-30,4.01,4.085,3.585,3.74,9743412.0
2008-07-31,3.835,4.01,3.695,3.835,10608321.0
2008-08-01,4.055,4.695,3.955,4.655,16577911.0
2008-08-04,4.645,5.125,4.535,5.035,11139419.0
2008-08-05,5.135,5.585,5.11,5.54,12741598.0
2008-08-06,5.52,5.825,5.385,5.765,10189929.0
2008-08-07,5.665,5.665,5.005,5.09,9964399.0
2008-08-08,5.085,5.85,4.94,5.79,9829049.0
2008-08-11,5.655,6.0,5.51,5.76,7091762.0
2008-08-12,5.68,5.995,5.145,5.48,8352264.0
2008-08-13,5.365,5.805,5.285,5.69,9518371.0
2008-08-14,5.61,6.005,5.46,5.595,7705875.0
2008-08-15,5.695,5.895,5.46,5.615,11945972.0
2008-08-18,5.62,5.765,5.055,5.25,10577161.0
2008-08-19,5.2,5.375,5.075,5.25,8282003.0
2008-08-20,5.36,5.455,5.035,5.26,5516578.0
2008-08-21,5.18,5.205,4.695,4.84,5835356.0
2008-08-22,4.895,5.34,4.79,5.27,7406231.0
2008-08-25,5.155,5.38,4.77,4.87,6164522.0
2008-08-26,4.87,5.03,4.66,4.845,4730681.0
2008-08-27,4.88,5.09,4.695,4.98,6802727.0
2008-08-28,4.71,4.87,4.535,4.645,10430441.0
2008-08-29,4.63,4.63,4.105,4.12,8920802.0
2008-09-02,4.195,4.565,4.04,4.065,12881654.0
2008-09-03,3.915,4.105,3.72,3.915,11224349.0
2008-09-04,3.955,4.225,3.685,3.94,12950567.0
2008-09-05,3.93,4.14,3.825,4.05,9143145.0
2008-09-08,4.445,4.85,4.235,4.775,11154053.0
2008-09-09,4.67,5.345,4.67,5.025,14732140.0
2008-09-10,5.12,5.135,4.74,4.99,12304744.0
2008-09-11,4.68,5.375,4.61,5.16,13705302.0
2008-09-12,5.01,5.36,4.86,5.335,10182070.0
2008-09-15,4.965,5.97,4.855,5.46,16123897.0
2008-09-16,5.1,5.6,4.935,5.51,16414685.0
2008-09-17,5.365,5.53,4.41,4.415,18767908.0
2008-09-18,4.695,5.105,4.135,4.78,20173571.0
2008-09-19,5.46,5.46,3.145,4.445,23994872.0
2008-09-22,4.34,4.415,3.74,3.775,11677593.0
2008-09-23,3.8,4.255,3.37,3.425,12843380.0
2008-09-24,3.585,3.635,3.02,3.18,10871432.0
2008-09-25,3.285,4.2,3.265,3.815,13087356.0
2008-09-26,3.555,4.415,3.505,4.325,13758519.0
2008-09-29,4.125,4.565,3.29,3.6,19515560.0
2008-09-30,3.99,4.535,3.59,4.525,17596563.0
2008-10-01,4.395,5.225,4.345,5.165,14550600.0
2008-10-02,4.61,5.22,4.535,4.885,15334420.0
2008-10-03,4.975,5.585,4.28,4.37,13926434.0
2008-10-06,3.755,4.23,2.445,3.545,23121723.0
2008-10-07,3.735,3.86,2.625,2.735,17410750.0
2008-10-08,2.41,2.885,1.31,1.79,24542274.0
2008-10-09,1.87,1.9,-0.265,-0.265,23146430.0
2008-10-10,-0.89,0.61,-1.77,-1.165,36785650.0
2008-10-13,-0.2,1.85,-0.31,1.715,25240001.0
2008-10-14,1.635,1.635,-0.59,-0.05,28835842.0
2008-10-15,1.5,1.75,0.04,0.19,28129524.0
2008-10-16,0.485,1.04,-0.85,0.975,26536801.0
2008-10-17,0.565,1.17,-0.46,0.185,21016702.0
2008-10-20,0.63,1.52,0.35,1.315,13886885.0
2008-10-21,1.265,1.65,1.085,1.1,10963486.0
2008-10-22,0.885,1.195,0.195,0.775,15945548.0
2008-10-23,0.885,0.885,-1.165,-0.385,28163347.0
2008-10-24,-1.415,-0.415,-1.415,-1.11,20399719.0
2008-10-27,-1.34,-0.305,-1.415,-1.41,14708899.0
2008-10-28,-1.135,0.745,-1.355,0.71,18026376.0
2008-10-29,0.385,0.985,-0.165,0.01,14930020.0
2008-10-30,0.555,0.835,0.02,0.415,12971360.0
2008-10-31,0.655,1.085,-0.165,0.115,15935055.0
2008-11-03,0.34,0.91,0.165,0.81,9288109.0
2008-11-04,1.435,1.58,0.89,1.1,11904848.0
2008-11-05,0.945,1.305,0.385,0.45,11748443.0
2008-11-06,0.46,0.815,0.015,0.33,17001390.0
2008-11-07,0.505,1.545,0.33,1.21,14591602.0
2008-11-10,1.52,1.73,0.64,1.035,11519999.0
2008-11-11,0.88,0.975,0.05,0.305,13746245.0
2008-11-12,-0.07,0.37,-0.51,0.0,17514194.0
2008-11-13,0.01,1.27,-0.255,1.225,18773878.0
2008-11-14,0.88,1.675,0.575,0.595,16691298.0
2008-11-17,0.395,0.55,-0.315,0.07,15342905.0
2008-11-18,-0.255,-0.04,-0.905,-0.17,19461651.0
2008-11-19,-0.09,0.385,-0.81,-0.78,16191222.0
2008-11-20,-0.915,-0.035,-1.415,-1.38,21134848.0
2008-11-21,-1.095,0.23,-1.665,0.085,25053109.0
2008-11-24,0.33,1.14,-0.065,0.7,18360495.0
2008-11-25,1.0,1.34,0.215,0.62,16273283.0
2008-11-26,0.215,0.81,-0.04,0.775,10674443.0
2008-11-28,0.685,1.54,0.685,1.52,6283253.0
2008-12-01,1.18,1.34,0.235,0.25,12576520.0
2008-12-02,0.595,0.595,-0.445,0.05,14334924.0
2008-12-03,-0.08,1.285,-0.165,1.155,19948164.0
2008-12-04,0.87,1.37,0.19,0.46,16029547.0
2008-12-05,0.25,1.13,-0.205,1.075,14138084.0
2008-12-08,1.33,1.615,0.805,1.075,13454316.0
2008-12-09,0.85,1.36,0.275,0.5,13317583.0
2008-12-10,0.32,1.025,0.32,0.74,14684468.0
2008-12-11,0.675,0.905,0.035,0.195,16642919.0
2008-12-12,-0.04,0.405,-0.415,0.37,15228923.0
2008-12-15,0.525,0.72,0.005,0.57,10199793.0
2008-12-16,0.72,1.48,0.45,1.315,17531457.0
2008-12-17,1.125,1.31,0.59,0.825,13860922.0
2008-12-18,1.12,1.31,0.47,0.675,15547837.0
2008-12-19,0.81,1.09,0.175,0.3,25274068.0
2008-12-22,0.45,0.49,0.085,0.415,11188832.0
2008-12-23,0.45,0.65,0.015,0.07,10105422.0
2008-12-24,0.11,0.26,0.085,0.135,2662624.0
2008-12-26,0.29,0.55,0.22,0.375,4813338.0
2008-12-29,0.515,0.515,-0.055,0.29,6975871.0
2008-12-30,0.395,0.655,0.355,0.55,8000974.0
2008-12-31,0.67,0.835,0.615,0.72,7775174.0
2009-01-02,0.785,1.085,0.605,1.035,8177884.0
2009-01-05,0.87,1.03,0.675,0.805,10118741.0
2009-01-06,0.935,1.07,0.315,0.44,10656821.0
2009-01-07,0.195,0.675,0.195,0.55,10790561.0
2009-01-08,0.505,0.725,0.365,0.705,10043414.0
2009-01-09,0.7,0.715,0.21,0.385,9901168.0
2009-01-12,0.315,0.42,-0.16,-0.05,10234854.0
2009-01-13,-0.015,0.245,-0.105,0.095,11301154.0
2009-01-14,-0.165,-0.15,-0.78,-0.605,13526822.0
2009-01-15,-0.63,-0.22,-0.715,-0.235,14030881.0
2009-01-16,0.035,0.325,-0.18,0.005,14176591.0
2009-01-20,-0.025,0.335,-0.475,-0.475,14166042.0
2009-01-21,-0.215,-0.19,-0.835,-0.27,11900388.0
2009-01-22,-0.595,-0.3,-0.765,-0.355,11745239.0
2009-01-23,-0.59,-0.59,-1.135,-0.815,15628008.0
2009-01-26,-0.765,-0.225,-0.855,-0.4,12606474.0
2009-01-27,-0.275,0.05,-0.415,-0.25,9911330.0
2009-01-28,0.085,0.085,-0.29,0.015,9281968.0
2009-01-29,-0.065,0.33,-0.245,-0.14,10681286.0
2009-01-30,-0.195,-0.075,-0.65,-0.555,11303622.0
2009-02-02,-0.81,-0.665,-1.15,-0.795,7983506.0
2009-02-03,-0.665,-0.165,-0.925,-0.255,8975892.0
2009-02-04,-0.24,-0.14,-0.775,-0.715,9154405.0
2009-02-05,-0.805,-0.47,-0.96,-0.57,11059879.0
2009-02-06,-0.55,-0.07,-0.585,-0.14,9361802.0
2009-02-09,-0.255,-0.235,-0.915,-0.76,9845184.0
2009-02-10,-0.91,-0.76,-1.775,-1.58,22747337.0
2009-02-11,-1.435,-1.12,-1.435,-1.28,10623304.0
2009-02-12,-0.59,0.31,-0.84,0.28,30614386.0
2009-02-13,0.185,0.275,-0.07,0.01,11368272.0
2009-02-17,-0.415,-0.32,-0.695,-0.615,13219185.0
2009-02-18,-0.525,-0.395,-0.79,-0.575,9054347.0
2009-02-19,-0.36,-0.055,-0.575,-0.265,9907237.0
2009-02-20,-0.43,-0.18,-0.725,-0.495,15086697.0
2009-02-23,-0.405,-0.32,-0.955,-0.87,11730813.0
2009-02-24,-0.555,-0.315,-0.82,-0.385,13108963.0
2009-02-25,-0.445,-0.275,-0.835,-0.73,13176372.0
2009-02-26,-0.53,-0.53,-1.41,-1.38,10668142.0
2009-02-27,-1.435,-1.27,-1.69,-1.49,17724982.0
2009-03-02,-1.69,-1.555,-2.105,-2.07,15599817.0
2009-03-03,-2.01,-1.765,-2.535,-2.5,18632207.0
2009-03-04,-2.29,-1.755,-2.495,-2.05,16942744.0
2009-03-05,-2.335,-2.195,-3.195,-2.99,18235483.0
2009-03-06,-2.84,-2.31,-2.865,-2.365,16501404.0
2009-03-09,-2.175,-1.98,-2.55,-2.54,17563910.0
2009-03-10,-2.1,-2.08,-2.59,-2.335,17591801.0
2009-03-11,-2.335,-1.94,-2.39,-2.13,13627104.0
2009-03-12,-2.125,-1.485,-2.24,-1.495,12736904.0
2009-03-13,-1.375,-1.19,-1.7,-1.305,12198320.0
2009-03-16,-1.185,-0.91,-1.355,-1.28,11601920.0
2009-03-17,-1.245,-1.08,-1.505,-1.19,10121641.0
2009-03-18,-1.265,-0.79,-1.415,-1.09,14398138.0
2009-03-19,-0.99,-0.79,-1.015,-0.825,11388861.0
2009-03-20,-0.755,-0.345,-0.76,-0.595,19166165.0
2009-03-23,-0.335,0.155,-0.415,0.155,13251205.0
2009-03-24,-0.115,0.255,-0.21,0.095,10939483.0
2009-03-25,0.285,0.53,0.1,0.46,12243360.0
2009-03-26,0.56,0.585,-0.005,0.51,13903889.0
2009-03-27,0.3,0.685,0.3,0.635,11551910.0
2009-03-30,0.335,0.415,-0.2,0.045,11452880.0
2009-03-31,0.22,0.445,0.015,0.06,11918781.0
2009-04-01,-0.035,0.58,-0.165,0.515,10627323.0
2009-04-02,0.735,0.995,0.41,0.755,12463329.0
2009-04-03,0.77,0.965,0.325,0.57,8945005.0
2009-04-06,0.435,0.7,0.355,0.58,8041991.0
2009-04-07,0.505,0.67,0.315,0.395,7833649.0
2009-04-08,0.43,0.655,0.345,0.58,6802549.0
2009-04-09,0.94,0.95,0.495,0.58,8102134.0
2009-04-13,0.56,0.57,0.285,0.45,6587175.0
2009-04-14,0.385,0.385,-0.01,0.19,8229162.0
2009-04-15,0.185,0.645,0.135,0.6,8332730.0
2009-04-16,0.77,0.84,0.255,0.635,8662751.0
2009-04-17,0.71,0.805,0.415,0.595,11212936.0
2009-04-20,0.51,0.585,-0.01,0.25,13833796.0
2009-04-21,0.165,0.56,-0.605,-0.37,18764861.0
2009-04-22,-0.315,-0.305,-0.615,-0.45,14484647.0
2009-04-23,-0.38,-0.34,-0.575,-0.455,14018065.0
2009-04-24,-0.44,-0.37,-0.63,-0.52,14658005.0
2009-04-27,-0.705,-0.43,-0.875,-0.795,11881982.0
2009-04-28,-0.86,-0.64,-0.915,-0.775,9083898.0
2009-04-29,-0.73,-0.37,-0.735,-0.56,10213112.0
2009-04-30,-0.35,0.12,-0.515,-0.39,17979545.0
2009-05-01,-0.345,-0.31,-0.825,-0.68,10610454.0
2009-05-04,-0.615,-0.295,-0.8,-0.33,13394636.0
2009-05-05,-0.255,-0.04,-0.405,-0.345,11196756.0
2009-05-06,-0.165,-0.12,-0.54,-0.445,9744269.0
2009-05-07,-0.255,-0.255,-0.63,-0.515,13529480.0
2009-05-08,-0.44,-0.33,-0.66,-0.455,12082120.0
2009-05-11,-0.55,-0.32,-0.645,-0.54,9218858.0
2009-05-12,-0.435,0.43,-0.485,0.285,18525806.0
2009-05-13,0.1,0.28,-0.195,-0.1,11858812.0
2009-05-14,0.045,0.67,0.04,0.535,17294971.0
2009-05-15,0.5,0.625,0.4,0.565,17051068.0
2009-05-18,0.655,1.145,0.425,1.12,14231217.0
2009-05-19,1.155,1.55,0.995,1.405,15949360.0
2009-05-20,1.49,1.73,1.355,1.585,16690481.0
2009-05-21,1.405,1.495,1.285,1.425,14183620.0
2009-05-22,1.42,1.94,1.405,1.735,12288113.0
2009-05-26,1.585,1.825,1.525,1.69,14392397.0
2009-05-27,1.65,1.68,1.355,1.4,9532454.0
2009-05-28,1.41,1.685,1.265,1.535,9470076.0
2009-05-29,1.59,2.665,1.56,2.665,22718707.0
2009-06-01,2.71,2.81,2.445,2.595,21334264.0
2009-06-02,2.59,3.05,2.525,2.915,16720902.0
2009-06-03,2.755,2.835,2.47,2.63,13431412.0
2009-06-04,2.655,2.98,2.44,2.965,10855121.0
2009-06-05,3.04,3.055,2.7,2.805,9916632.0
2009-06-08,2.7,2.9,2.49,2.775,7924652.0
2009-06-09,2.84,2.885,2.51,2.63,10161178.0
2009-06-10,2.735,2.765,2.11,2.29,14118367.0
2009-06-11,2.145,2.69,2.125,2.375,10286106.0
2009-06-12,2.425,2.605,2.325,2.53,8620310.0
2009-06-15,2.39,2.415,2.135,2.14,8815092.0
2009-06-16,2.18,2.25,1.995,2.0,7933236.0
2009-06-17,2.025,2.405,2.005,2.05,8326810.0
2009-06-18,2.08,2.905,2.065,2.86,12077424.0
2009-06-19,2.95,3.03,2.44,2.49,15359142.0
2009-06-22,2.345,2.49,2.08,2.08,10679876.0
2009-06-23,2.18,2.35,1.96,1.985,9363482.0
2009-06-24,2.145,2.33,1.765,1.835,8889067.0
2009-06-25,1.795,2.1,1.675,2.01,10315008.0
2009-06-26,1.945,2.23,1.9,2.15,13100751.0
2009-06-29,2.155,2.335,2.145,2.23,8763237.0
2009-06-30,2.19,2.21,1.99,2.08,15723810.0
2009-07-01,2.325,2.88,2.29,2.675,12106172.0
2009-07-02,2.47,2.8,2.47,2.525,11100699.0
2009-07-06,2.425,2.61,2.275,2.585,8335864.0
2009-07-07,2.45,2.67,2.36,2.405,8554412.0
2009-07-08,2.36,2.525,2.17,2.34,10660490.0
2009-07-09,2.445,2.51,2.34,2.44,8713465.0
2009-07-10,2.335,2.52,2.095,2.24,7810109.0
2009-07-13,2.275,2.675,2.135,2.61,10304402.0
2009-07-14,2.595,2.76,2.455,2.73,7684519.0
2009-07-15,2.82,3.375,2.78,3.35,10063502.0
2009-07-16,3.26,3.525,3.165,3.48,7908818.0
2009-07-17,3.24,3.36,3.1,3.245,9904371.0
2009-07-20,3.39,3.6,3.12,3.6,9553644.0
2009-07-21,3.5,3.5,2.985,3.26,14369498.0
2009-07-22,3.245,3.255,2.51,2.65,14180171.0
2009-07-23,2.65,3.095,2.525,2.675,13379668.0
2009-07-24,2.79,2.905,2.505,2.765,8286910.0
2009-07-27,2.765,2.88,2.66,2.845,8129505.0
2009-07-28,2.8,2.96,2.585,2.78,8039735.0
2009-07-29,2.795,3.055,2.63,2.725,9062545.0
2009-07-30,2.995,3.335,2.86,2.92,9718979.0
2009-07-31,2.905,3.185,2.835,3.005,8411425.0
2009-08-03,3.1,3.135,2.735,2.885,9222669.0
2009-08-04,2.865,3.16,2.76,2.835,8789211.0
2009-08-05,2.84,2.88,2.585,2.67,7504969.0
2009-08-06,2.79,2.86,2.685,2.78,6905780.0
2009-08-07,2.915,2.96,2.67,2.755,6642297.0
2009-08-10,2.715,2.825,2.575,2.805,6749559.0
2009-08-11,2.795,2.825,2.56,2.605,6254407.0
2009-08-12,2.565,2.63,2.3,2.315,12441514.0
2009-08-13,2.3,2.41,1.795,2.145,13279493.0
2009-08-14,2.11,2.32,2.085,2.32,7403129.0
2009-08-17,2.305,2.48,2.145,2.435,8092519.0
2009-08-18,2.46,2.56,2.325,2.39,7758090.0
2009-08-19,2.245,2.825,2.245,2.765,8519575.0
2009-08-20,2.78,2.875,2.645,2.795,5927035.0
2009-08-21,2.885,3.075,2.71,3.04,8824678.0
2009-08-24,2.985,2.985,2.49,2.615,10870335.0
2009-08-25,2.645,2.66,2.43,2.455,10713874.0
2009-08-26,2.495,2.745,2.435,2.675,6757963.0
2009-08-27,2.675,2.905,2.465,2.805,6940382.0
2009-08-28,2.895,2.905,2.545,2.615,6857337.0
2009-08-31,2.505,2.77,2.335,2.47,10660514.0
2009-09-01,2.445,2.71,2.275,2.35,12271721.0
2009-09-02,2.36,3.235,2.36,2.985,20406591.0
2009-09-03,2.9,3.01,2.7,2.875,11289269.0
2009-09-04,2.735,3.125,2.61,3.06,7559272.0
2009-09-07,2.735,3.125,2.61,3.06,7559272.0
2009-09-08,3.055,3.48,2.945,3.29,15641582.0
2009-09-09,3.39,3.485,3.205,3.4,7905911.0
2009-09-10,3.35,3.485,3.165,3.375,10770382.0
2009-09-11,3.15,3.955,3.085,3.84,17051032.0
2009-09-14,3.625,4.32,3.54,4.165,16576310.0
2009-09-15,4.125,4.375,3.91,4.31,13808491.0
2009-09-16,4.305,4.495,4.035,4.42,12974803.0
2009-09-17,4.335,4.81,4.295,4.795,13679224.0
2009-09-18,4.925,5.145,4.735,4.965,62011451.0
2009-09-21,4.825,4.965,4.475,4.585,12355769.0
2009-09-22,4.74,4.74,4.45,4.51,9742428.0
2009-09-23,4.555,4.66,4.17,4.375,10393146.0
2009-09-24,4.375,4.655,4.2,4.255,12141940.0
2009-09-25,4.25,4.725,4.22,4.57,10868467.0
2009-09-28,4.6,4.9,4.535,4.65,7596177.0
2009-09-29,4.785,4.855,4.68,4.74,8651408.0
2009-09-30,4.745,5.06,4.385,4.935,14113351.0
2009-10-01,4.785,4.935,4.605,4.645,13826035.0
2009-10-02,4.615,5.125,4.54,5.02,12582965.0
2009-10-05,4.99,5.085,4.735,4.985,7506929.0
2009-10-06,4.99,5.41,4.915,5.245,9549633.0
2009-10-07,5.515,5.725,5.245,5.49,10380199.0
2009-10-08,5.59,5.59,5.245,5.38,9014922.0
2009-10-09,5.42,5.535,5.21,5.41,5914104.0
2009-10-12,5.5,5.71,5.35,5.48,8006863.0
2009-10-13,5.47,5.565,5.36,5.485,5967635.0
2009-10-14,5.545,5.6,5.38,5.505,8040234.0
2009-10-15,5.45,5.69,5.26,5.545,12120484.0
2009-10-16,5.545,5.685,5.43,5.59,11045013.0
2009-10-19,5.655,5.835,5.42,5.48,10324645.0
2009-10-20,4.88,5.16,4.675,5.12,13425884.0
2009-10-21,4.995,5.43,4.935,5.12,8255557.0
2009-10-22,4.875,5.22,4.79,5.16,8180462.0
2009-10-23,5.04,5.16,4.64,4.705,10847997.0
2009-10-26,4.625,5.235,4.44,4.7,10783065.0
2009-10-27,4.705,5.045,4.63,4.815,7367542.0
2009-10-28,4.71,5.085,4.7,4.84,8007572.0
2009-10-29,4.845,5.14,4.66,5.13,7381477.0
2009-10-30,5.115,5.22,4.64,4.74,10808675.0
2009-11-02,4.84,5.045,4.665,4.975,8070799.0
2009-11-03,4.91,4.925,4.47,4.575,6572046.0
2009-11-04,4.795,5.085,4.6,4.81,5543661.0
2009-11-05,4.84,5.325,4.81,5.26,6412688.0
2009-11-06,5.07,5.33,4.99,5.305,4641879.0
2009-11-09,5.38,5.835,5.17,5.78,7574637.0
2009-11-10,5.76,6.18,5.71,5.97,7074231.0
2009-11-11,6.115,6.22,5.955,6.125,5773855.0
2009-11-12,6.14,6.275,6.01,6.03,6484312.0
2009-11-13,6.115,6.435,6.035,6.37,6511861.0
2009-11-16,6.41,6.63,6.3,6.465,6661150.0
2009-11-17,6.405,6.545,6.31,6.495,4619445.0
2009-11-18,6.55,6.585,6.23,6.345,6455168.0
2009-11-19,6.205,6.57,6.105,6.56,7463386.0
2009-11-20,6.43,6.93,6.43,6.855,9113800.0
2009-11-23,6.94,7.26,6.94,7.155,8030544.0
2009-11-24,7.3,7.3,7.015,7.165,6865952.0
2009-11-25,7.27,7.27,7.08,7.14,5630251.0
2009-11-27,6.575,6.85,6.285,6.675,7837689.0
2009-11-30,6.73,6.73,6.485,6.68,7002626.0
2009-12-01,6.88,7.215,6.775,7.175,6476848.0
2009-12-02,7.0,7.185,6.925,7.055,5825536.0
2009-12-03,7.13,7.13,6.72,6.795,8378300.0
2009-12-04,6.885,7.1,6.49,6.86,10710319.0
2009-12-07,6.565,7.13,6.435,7.12,7026107.0
2009-12-08,6.85,6.955,6.62,6.92,7752346.0
2009-12-09,6.81,7.005,6.6,6.94,7869876.0
2009-12-10,7.075,7.545,7.045,7.395,12889613.0
2009-12-11,7.385,7.785,7.385,7.71,12599241.0
2009-12-14,7.64,7.81,7.545,7.62,6827699.0
2009-12-15,7.66,7.68,7.51,7.615,7649832.0
2009-12-16,7.56,7.685,7.29,7.315,6354106.0
2009-12-17,7.215,7.22,6.555,6.625,10932452.0
2009-12-18,6.715,6.715,6.24,6.57,11260273.0
2009-12-21,6.595,6.89,6.535,6.68,5961602.0
2009-12-22,6.66,6.875,6.63,6.71,4410697.0
2009-12-23,6.685,6.835,6.58,6.7,4783097.0
2009-12-24,6.83,6.84,6.61,6.805,2907054.0
2009-12-28,6.79,6.875,6.725,6.795,3009208.0
2009-12-29,6.81,7.07,6.81,6.97,4088679.0
2009-12-30,6.955,7.035,6.825,6.905,3923548.0
2009-12-31,6.875,6.96,6.615,6.64,3710576.0
2010-01-04,6.665,6.695,6.535,6.6,5476787.0
2010-01-05,6.51,6.58,6.155,6.26,9931583.0
2010-01-06,6.26,6.305,6.075,6.215,8763377.0
2010-01-07,6.25,6.27,5.96,6.145,5792738.0
2010-01-08,5.815,5.905,5.46,5.6,12020658.0
2010-01-11,5.66,6.305,5.485,6.225,11647737.0
2010-01-12,6.13,6.585,6.115,6.51,9320374.0
2010-01-13,6.515,6.8,6.43,6.59,6461821.0
2010-01-14,6.605,6.705,6.47,6.67,4795216.0
2010-01-15,6.56,6.76,6.105,6.215,11554778.0
2010-01-19,6.195,6.315,6.045,6.28,5761603.0
2010-01-20,6.165,6.28,5.73,5.815,8208588.0
2010-01-21,5.86,5.875,5.18,5.345,11934051.0
2010-01-22,5.26,5.515,5.075,5.275,9143794.0
2010-01-25,5.33,5.355,5.025,5.245,5877982.0
2010-01-26,5.12,5.335,5.02,5.17,6553097.0
2010-01-27,5.085,5.415,4.935,5.36,8933498.0
2010-01-28,5.44,5.505,5.145,5.21,9268289.0
2010-01-29,5.305,5.555,5.035,5.27,8153349.0
2010-02-01,5.34,5.365,5.085,5.215,6202144.0
2010-02-02,5.35,5.69,5.16,5.61,8444207.0
2010-02-03,5.545,5.565,5.35,5.52,7949701.0
2010-02-04,5.36,5.425,4.785,4.8,10672188.0
2010-02-05,4.705,4.8,4.35,4.63,14643453.0
2010-02-08,4.72,4.72,4.37,4.41,8360579.0
2010-02-09,4.93,5.575,4.77,5.09,15747669.0
2010-02-10,5.385,5.385,4.665,4.98,9358703.0
2010-02-11,4.885,5.25,4.72,5.195,13163563.0
2010-02-12,5.045,5.285,4.895,5.075,12319433.0
2010-02-16,5.34,5.495,5.05,5.495,9669672.0
2010-02-17,5.49,5.86,5.465,5.75,8532286.0
2010-02-18,5.66,6.045,5.66,6.04,8621354.0
2010-02-19,5.985,6.035,5.675,5.945,9472325.0
2010-02-22,5.985,6.015,5.72,5.775,6743641.0
2010-02-23,5.79,5.885,5.48,5.5,7417749.0
2010-02-24,5.585,5.675,5.43,5.665,7235086.0
2010-02-25,4.655,4.875,4.39,4.645,31821624.0
2010-02-26,4.63,4.63,4.2,4.445,31542623.0
2010-03-01,4.695,4.77,4.48,4.72,19668298.0
2010-03-02,4.775,4.93,4.66,4.735,12252568.0
2010-03-03,4.735,5.145,4.675,5.05,12799051.0
2010-03-04,5.435,5.605,5.245,5.32,14490356.0
2010-03-05,5.43,5.56,5.265,5.435,12086368.0
2010-03-08,5.445,5.52,5.245,5.315,9457343.0
2010-03-09,5.255,5.38,5.06,5.175,11233995.0
2010-03-10,5.215,5.27,5.105,5.185,10784892.0
2010-03-11,4.975,4.975,4.585,4.885,14575313.0
2010-03-12,4.93,4.965,4.715,4.76,11167184.0
2010-03-15,4.95,5.005,4.77,4.91,11936941.0
2010-03-16,4.985,5.02,4.87,4.935,11143824.0
2010-03-17,4.995,5.08,4.885,5.005,13037158.0
2010-03-18,5.035,5.105,4.955,5.06,11748040.0
2010-03-19,5.155,5.615,4.885,5.46,21804409.0
2010-03-22,5.33,5.51,5.285,5.355,9063365.0
2010-03-23,5.44,5.755,5.29,5.735,9540515.0
2010-03-24,5.695,5.765,5.39,5.395,8526218.0
2010-03-25,5.54,5.67,5.41,5.485,8319024.0
2010-03-26,5.48,5.57,5.335,5.41,8138383.0
2010-03-29,5.485,5.565,5.42,5.47,6926425.0
2010-03-30,5.535,5.61,5.39,5.52,6815741.0
2010-03-31,5.48,5.73,5.335,5.585,11461001.0
2010-04-01,5.765,5.8,5.645,5.735,7172972.0
2010-04-05,5.865,5.865,5.41,5.515,9595206.0
2010-04-06,5.505,5.505,5.195,5.23,8802006.0
2010-04-07,5.235,5.235,4.865,4.995,12030349.0
2010-04-08,4.975,4.975,4.805,4.965,9712582.0
2010-04-09,5.04,5.39,5.01,5.38,10319714.0
2010-04-12,5.41,5.515,5.34,5.465,8465134.0
2010-04-13,5.425,5.625,5.41,5.595,7527468.0
2010-04-14,5.6,5.615,5.41,5.56,6932560.0
2010-04-15,5.465,5.47,5.15,5.215,10175440.0
2010-04-16,5.2,5.655,5.17,5.57,17539673.0
2010-04-19,5.575,5.745,5.545,5.745,13235665.0
2010-04-20,5.695,5.73,5.245,5.32,16256669.0
2010-04-21,5.37,5.375,5.085,5.18,9631540.0
2010-04-22,5.155,5.34,5.085,5.24,10149608.0
2010-04-23,5.315,5.315,4.955,5.025,10837933.0
2010-04-26,5.085,5.26,4.95,4.95,8945971.0
2010-04-27,4.915,5.015,4.505,4.52,13800129.0
2010-04-28,4.59,4.87,4.365,4.765,12378157.0
2010-04-29,4.895,5.18,4.865,4.955,8718714.0
2010-04-30,4.895,5.065,4.785,4.81,9674770.0
2010-05-03,4.94,5.06,4.715,4.965,8061741.0
2010-05-04,4.78,4.985,4.61,4.675,11641364.0
2010-05-05,4.8,5.035,4.685,4.915,11835188.0
2010-05-06,4.92,5.185,3.69,4.235,23957975.0
2010-05-07,4.18,4.505,3.855,4.42,21767854.0
2010-05-10,5.01,5.13,4.71,5.105,17655682.0
2010-05-11,4.895,5.12,4.835,4.89,11583444.0
2010-05-12,4.985,5.135,4.795,5.095,12002670.0
2010-05-13,5.06,5.085,4.81,4.83,9660524.0
2010-05-14,4.765,4.91,4.515,4.755,12934069.0
2010-05-17,4.825,4.86,4.51,4.79,8697802.0
2010-05-18,4.935,4.945,4.625,4.635,10218745.0
2010-05-19,4.585,4.76,4.315,4.645,10559816.0
2010-05-20,4.335,4.335,3.85,3.855,14647050.0
2010-05-21,3.505,3.945,3.235,3.88,17116971.0
2010-05-24,3.69,4.015,3.595,3.815,8459414.0
2010-05-25,3.27,3.45,3.055,3.395,14346895.0
2010-05-26,3.5,3.525,3.055,3.125,16307144.0
2010-05-27,3.39,3.71,3.215,3.7,11331800.0
2010-05-28,3.675,4.06,3.585,3.785,11788668.0
2010-06-01,3.645,4.14,3.45,3.73,12137358.0
2010-06-02,3.855,4.29,3.67,4.29,9371053.0
2010-06-03,4.42,4.585,4.31,4.46,11782152.0
2010-06-04,4.155,4.155,3.595,3.72,11971387.0
2010-06-07,3.7,3.835,3.47,3.485,10088827.0
2010-06-08,3.48,3.995,3.345,3.865,11214858.0
2010-06-09,3.865,4.01,3.67,3.76,8830985.0
2010-06-10,4.015,4.335,4.015,4.31,9394957.0
2010-06-11,3.94,3.95,3.65,3.91,7480599.0
2010-06-14,4.055,4.07,3.815,3.84,6828149.0
2010-06-15,4.0,4.185,3.865,4.175,8186045.0
2010-06-16,4.0,4.305,3.965,4.285,8392310.0
2010-06-17,4.335,4.435,4.1,4.265,10372183.0
2010-06-18,4.28,4.45,4.215,4.24,14203889.0
2010-06-21,4.495,4.575,4.22,4.325,9174246.0
2010-06-22,4.315,4.625,4.3,4.315,10402489.0
2010-06-23,4.365,4.41,4.09,4.205,10358976.0
2010-06-24,4.14,4.325,3.92,3.985,8700697.0
2010-06-25,3.98,4.05,3.215,3.215,28984747.0
2010-06-28,3.45,3.775,3.39,3.625,11762670.0
2010-06-29,3.375,3.56,3.135,3.25,11752643.0
2010-06-30,3.275,3.375,3.09,3.145,10966876.0
2010-07-01,3.235,3.235,2.82,3.1,13015316.0
2010-07-02,3.195,3.315,3.01,3.11,8135500.0
2010-07-06,3.38,3.425,3.095,3.3,9169055.0
2010-07-07,3.355,3.88,3.235,3.82,11739914.0
2010-07-08,3.925,4.305,3.865,4.295,10781255.0
2010-07-09,4.265,4.33,4.12,4.285,6474062.0
2010-07-12,4.165,4.32,4.06,4.31,5385242.0
2010-07-13,4.455,4.56,4.385,4.445,6853193.0
2010-07-14,4.365,4.545,4.295,4.495,6196265.0
2010-07-15,4.445,4.56,4.245,4.51,7485022.0
2010-07-16,4.47,4.625,4.19,4.27,9781863.0
2010-07-19,4.355,4.37,4.11,4.22,5683651.0
2010-07-20,4.07,4.765,4.045,4.705,9769478.0
2010-07-21,4.835,5.475,4.725,5.125,18181930.0
2010-07-22,5.09,5.425,5.075,5.215,10346042.0
2010-07-23,5.185,5.5,5.065,5.46,8088693.0
2010-07-26,5.5,5.575,5.435,5.555,6652826.0
2010-07-27,5.54,5.71,5.495,5.61,8952709.0
2010-07-28,5.61,5.685,5.47,5.525,6477372.0
2010-07-29,5.625,5.735,5.415,5.58,9160190.0
2010-07-30,5.44,5.73,5.3,5.64,8353433.0
2010-08-02,5.995,6.33,5.91,6.29,16020784.0
2010-08-03,6.22,6.35,6.115,6.275,7718784.0
2010-08-04,6.345,6.435,6.19,6.36,5987164.0
2010-08-05,6.29,6.295,5.985,6.27,7549803.0
2010-08-06,6.135,6.48,5.91,6.46,9045343.0
2010-08-09,6.27,6.785,6.265,6.64,9369012.0
2010-08-10,6.405,6.785,6.345,6.575,7687915.0
2010-08-11,6.205,6.46,6.075,6.105,12151210.0
2010-08-12,5.85,6.02,5.76,5.93,9391353.0
2010-08-13,5.905,6.075,5.77,5.95,7461019.0
2010-08-16,5.84,6.05,5.645,6.025,6979179.0
2010-08-17,6.095,6.295,5.835,6.145,9030211.0
2010-08-18,6.14,6.145,5.89,6.005,8308473.0
2010-08-19,5.95,5.95,5.57,5.725,9390634.0
2010-08-20,5.545,5.805,5.545,5.735,9631582.0
2010-08-23,5.84,6.02,5.79,5.885,7620087.0
2010-08-24,5.66,6.055,5.66,5.915,12198605.0
2010-08-25,5.795,5.94,5.615,5.78,7931516.0
2010-08-26,5.8,5.845,5.57,5.665,7411017.0
2010-08-27,5.805,6.185,5.6,6.165,9832742.0
2010-08-30,6.185,6.205,5.84,5.86,5116372.0
2010-08-31,5.685,6.105,5.585,6.025,9283819.0
2010-09-01,6.275,6.745,6.22,6.74,12082693.0
2010-09-02,6.795,6.795,6.515,6.775,7351046.0
2010-09-03,6.765,6.885,6.63,6.865,7433809.0
2010-09-07,6.845,6.99,6.785,6.9,7201307.0
2010-09-08,6.95,7.19,6.935,7.0,9189353.0
2010-09-09,7.2,7.33,6.99,7.23,9059190.0
2010-09-10,7.225,7.405,7.085,7.345,9222722.0
2010-09-13,7.325,7.335,6.96,7.1,9012950.0
2010-09-14,7.01,7.145,6.86,6.88,10493019.0
2010-09-15,6.77,6.885,6.695,6.795,8701187.0
2010-09-16,6.785,6.925,6.71,6.84,8286923.0
2010-09-17,6.91,7.075,6.79,6.865,9988896.0
2010-09-20,6.895,7.085,6.86,7.07,7032006.0
2010-09-21,6.99,7.185,6.91,7.14,7379508.0
2010-09-22,7.16,7.345,7.135,7.2,7381989.0
2010-09-23,7.095,7.23,6.945,7.02,6347954.0
2010-09-24,7.245,7.485,7.2,7.395,6909670.0
2010-09-27,7.46,7.515,7.36,7.385,5272222.0
2010-09-28,7.38,7.7,7.265,7.635,9942008.0
2010-09-29,7.585,7.585,7.29,7.465,7877665.0
2010-09-30,7.515,7.66,7.21,7.345,7924788.0
2010-10-01,7.605,7.705,7.345,7.645,8234282.0
2010-10-04,7.55,7.605,7.36,7.525,5763122.0
2010-10-05,7.66,7.945,7.59,7.915,10036702.0
2010-10-06,7.9,7.99,7.765,7.985,7062665.0
2010-10-07,7.825,7.935,7.72,7.775,854184.0
2010-10-08,7.825,7.935,7.615,7.79,8098899.0
2010-10-11,7.865,7.895,7.75,7.865,6498422.0
2010-10-12,7.755,7.985,7.755,7.885,8086956.0
2010-10-13,7.945,8.07,7.915,8.055,12005434.0
2010-10-14,8.055,8.075,7.925,8.04,7245728.0
2010-10-15,8.065,8.075,7.955,8.055,9849600.0
2010-10-18,7.99,8.085,7.985,8.085,9830148.0
2010-10-19,8.065,8.32,8.0,8.255,17526008.0
2010-10-20,8.27,8.925,8.27,8.66,16198978.0
2010-10-21,8.59,8.96,8.59,8.82,11633066.0
2010-10-22,8.83,8.955,8.8,8.89,4767648.0
2010-10-25,8.73,8.96,8.58,8.59,10610603.0
2010-10-26,8.48,8.77,8.47,8.705,7750922.0
2010-10-27,8.595,8.685,8.235,8.68,9514676.0
2010-10-28,8.725,8.86,8.525,8.69,8266796.0
2010-10-29,8.66,8.835,8.6,8.745,7120138.0
2010-11-01,8.77,9.06,8.69,8.94,8998363.0
2010-11-02,8.985,9.055,8.975,9.015,6583968.0
2010-11-03,9.0,9.06,8.725,9.06,7843611.0
2010-11-04,9.055,9.41,9.025,9.31,13733145.0
2010-11-05,9.295,9.41,9.085,9.375,8007768.0
2010-11-08,9.335,9.37,9.235,9.315,5562765.0
2010-11-09,9.33,9.44,9.26,9.405,8317912.0
2010-11-10,9.365,9.405,9.235,9.36,9006899.0
2010-11-11,9.33,9.485,9.265,9.485,8123595.0
2010-11-12,9.445,9.565,9.28,9.545,10016798.0
2010-11-15,9.53,9.745,9.495,9.565,11464691.0
2010-11-16,9.54,9.575,8.995,9.125,11811129.0
2010-11-17,9.155,9.445,9.13,9.345,8374545.0
2010-11-18,9.525,10.06,9.51,10.005,20697195.0
2010-11-19,9.885,10.25,9.86,10.245,20387415.0
2010-11-22,10.115,10.24,9.875,10.22,16766861.0
2010-11-23,10.05,10.085,9.725,9.895,8830950.0
2010-11-24,10.005,10.4,9.995,10.39,8055423.0
2010-11-26,10.145,10.27,10.085,10.14,4508605.0
2010-11-29,9.86,9.91,9.52,9.78,11196510.0
2010-11-30,9.56,9.875,9.545,9.67,11770957.0
2010-12-01,10.055,10.485,10.0,10.435,10475791.0
2010-12-02,10.41,10.565,10.34,10.535,11353318.0
2010-12-03,10.485,10.555,10.325,10.335,10342821.0
2010-12-06,10.27,10.33,10.08,10.08,11102721.0
2010-12-07,10.12,10.255,10.12,10.185,1936325.0
2010-12-08,10.12,10.305,10.12,10.28,9113190.0
2010-12-09,10.39,10.54,10.365,10.5,9637278.0
2010-12-10,10.52,10.535,10.225,10.41,8954632.0
2010-12-13,10.28,10.57,10.235,10.51,9373655.0
2010-12-14,10.5,10.525,9.935,10.035,13956892.0
2010-12-15,10.035,10.56,9.96,10.455,13038744.0
2010-12-16,10.51,10.8,10.43,10.755,14516162.0
2010-12-17,10.595,10.96,10.51,10.935,14647055.0
2010-12-20,10.815,10.955,10.68,10.74,9115980.0
2010-12-21,10.76,10.885,10.665,10.83,9350659.0
2010-12-22,10.79,10.88,10.6,10.88,7698474.0
2010-12-23,10.845,11.025,10.82,10.875,6540332.0
2010-12-27,10.86,10.86,10.615,10.62,4953697.0
2010-12-28,10.645,10.8,10.615,10.765,4930735.0
2010-12-29,10.78,10.915,10.76,10.81,4369680.0
2010-12-30,10.8,10.885,10.765,10.835,4642348.0
2010-12-31,10.765,10.985,10.765,10.97,5386675.0
2011-01-03,11.025,11.025,10.64,10.695,9458654.0
2011-01-04,10.595,10.68,9.99,10.02,13945452.0
2011-01-05,9.98,10.06,9.515,9.83,17189198.0
2011-01-06,9.895,9.915,9.5,9.6,10839553.0
2011-01-07,9.475,9.585,9.365,9.545,8298452.0
2011-01-10,9.435,9.685,9.365,9.615,7452209.0
2011-01-11,9.755,9.795,9.42,9.43,7728842.0
2011-01-12,9.69,9.765,9.435,9.605,7089381.0
2011-01-13,9.71,10.015,9.65,9.785,8970839.0
2011-01-14,9.77,9.77,9.575,9.65,6320957.0
2011-01-18,9.69,9.955,9.67,9.825,8153215.0
2011-01-19,9.925,10.045,9.68,9.795,9163067.0
2011-01-20,9.895,10.025,9.46,9.55,10274809.0
2011-01-21,9.675,9.685,9.445,9.47,8361890.0
2011-01-24,9.52,9.72,9.425,9.71,7453222.0
2011-01-25,9.695,9.74,9.355,9.565,9096664.0
2011-01-26,9.67,9.73,9.515,9.565,6671140.0
2011-01-27,9.68,9.69,9.405,9.435,6731751.0
2011-01-28,9.51,9.725,9.155,9.19,11694162.0
2011-01-31,9.245,9.51,9.03,9.51,7697463.0
2011-02-01,9.525,9.745,9.51,9.61,7940970.0
2011-02-02,9.66,9.825,9.365,9.515,7766354.0
2011-02-03,9.435,9.575,9.15,9.37,6459237.0
2011-02-04,9.41,9.515,9.265,9.365,4635625.0
2011-02-07,9.42,9.42,9.245,9.345,5915399.0
2011-02-08,9.3,9.545,9.255,9.52,6107026.0
2011-02-09,10.135,10.46,9.52,9.66,14820530.0
2011-02-10,9.665,9.855,9.495,9.855,9025594.0
2011-02-11,9.7,9.915,9.645,9.87,9527376.0
2011-02-14,9.92,9.96,9.585,9.655,6035916.0
2011-02-15,9.54,9.695,9.36,9.68,8055823.0
2011-02-16,9.625,9.83,9.525,9.785,6383134.0
2011-02-17,9.775,10.445,9.72,10.36,9153395.0
2011-02-18,10.385,10.41,10.145,10.36,12326923.0
2011-02-22,9.765,10.22,9.75,9.965,8806266.0
2011-02-23,9.975,10.255,9.935,10.04,9061437.0
2011-02-24,10.185,10.27,9.94,10.025,8431838.0
2011-02-25,9.97,10.285,9.94,10.24,5640582.0
2011-02-28,10.17,10.325,10.015,10.045,9421025.0
2011-03-01,10.225,10.71,10.185,10.54,15297269.0
2011-03-02,10.38,10.49,10.15,10.3,10350331.0
2011-03-03,10.48,11.02,10.475,10.87,10231233.0
2011-03-04,10.78,10.86,10.47,10.69,7858976.0
2011-03-07,10.745,10.955,10.325,10.695,8263332.0
2011-03-08,10.785,11.005,10.695,10.905,10287742.0
2011-03-09,10.85,10.925,10.715,10.895,7381476.0
2011-03-10,10.71,10.855,10.57,10.73,8770837.0
2011-03-11,10.545,10.64,10.32,10.49,5969050.0
2011-03-14,10.255,10.39,9.85,10.055,8779178.0
2011-03-15,9.56,9.72,9.26,9.6,12368071.0
2011-03-16,9.43,9.52,8.73,8.885,15564075.0
2011-03-17,9.3,9.48,9.04,9.225,9745783.0
2011-03-18,9.57,9.735,9.31,9.435,11439690.0
2011-03-21,9.65,10.015,9.61,9.87,6164173.0
2011-03-22,9.925,9.97,9.71,9.84,4187080.0
2011-03-23,9.73,10.35,9.71,10.22,6411738.0
2011-03-24,10.375,10.62,10.365,10.43,6575781.0
2011-03-25,10.52,10.78,10.495,10.695,6148538.0
2011-03-28,10.685,10.83,10.6,10.6,5759073.0
2011-03-29,10.685,10.95,10.625,10.945,5578018.0
2011-03-30,10.945,11.33,10.89,11.105,9348992.0
2011-03-31,11.065,11.51,11.065,11.255,8711303.0
2011-04-01,11.53,11.825,11.385,11.695,9275945.0
2011-04-04,11.695,11.98,11.665,11.915,6687161.0
2011-04-05,11.835,11.97,11.74,11.82,6114000.0
2011-04-06,11.86,11.995,11.69,11.9,6952868.0
2011-04-07,11.8,11.96,11.555,11.805,6353974.0
2011-04-08,11.78,11.905,11.515,11.72,5581088.0
2011-04-11,11.715,12.005,11.485,11.785,7314498.0
2011-04-12,11.575,11.645,11.29,11.535,8206097.0
2011-04-13,11.7,11.82,11.57,11.725,4170217.0
2011-04-14,11.755,12.32,11.63,12.24,11806899.0
2011-04-15,12.25,12.26,12.02,12.09,8610602.0
2011-04-18,11.87,11.91,11.405,11.74,7980208.0
2011-04-19,11.69,11.835,11.56,11.63,5320777.0
2011-04-20,12.03,12.11,11.89,12.01,6345997.0
2011-04-21,12.03,12.17,11.82,12.025,5359437.0
2011-04-25,12.06,12.075,11.745,11.955,5267267.0
2011-04-26,11.405,11.6,10.99,11.55,16225835.0
2011-04-27,11.77,11.795,11.365,11.585,8177086.0
2011-04-28,11.555,11.81,11.415,11.79,6896959.0
2011-04-29,11.865,11.97,11.72,11.815,7244061.0
2011-05-02,11.965,12.015,11.87,11.945,6179096.0
2011-05-03,11.945,12.035,11.87,12.025,5170535.0
2011-05-04,12.015,12.05,11.685,11.815,6663864.0
2011-05-05,11.935,11.955,11.285,11.435,6892324.0
2011-05-06,11.805,11.875,11.45,11.535,8486972.0
2011-05-09,11.515,11.725,11.5,11.56,4251048.0
2011-05-10,11.585,11.81,11.575,11.755,5501715.0
2011-05-11,11.73,11.92,11.535,11.745,5595932.0
2011-05-12,11.765,12.3,11.67,12.24,8516051.0
2011-05-13,12.22,12.47,12.095,12.175,7881565.0
2011-05-16,12.135,12.2,11.945,12.0,5979353.0
2011-05-17,11.95,12.175,11.835,12.08,6625643.0
2011-05-18,12.085,12.26,11.91,12.235,6680410.0
2011-05-19,12.29,12.435,12.09,12.315,6128240.0
2011-05-20,12.245,12.345,12.03,12.235,6457155.0
2011-05-23,11.88,12.035,11.675,11.83,6587804.0
2011-05-24,11.915,11.975,11.69,11.82,5328888.0
2011-05-25,11.725,11.835,11.495,11.54,6406017.0
2011-05-26,11.455,11.54,11.235,11.435,7260203.0
2011-05-27,11.52,11.66,11.325,11.34,4485056.0
2011-05-31,11.555,11.705,11.405,11.49,9132487.0
2011-06-01,11.385,11.675,11.385,11.465,7374478.0
2011-06-02,11.095,11.435,10.92,11.095,5135370.0
2011-06-03,10.72,11.0,10.69,10.85,6334971.0
2011-06-06,10.84,10.97,10.765,10.795,5192256.0
2011-06-07,10.845,10.94,10.675,10.685,5621680.0
2011-06-08,10.7,10.85,10.62,10.785,5799308.0
2011-06-09,10.805,11.245,10.72,11.03,6483308.0
2011-06-10,10.925,10.99,10.705,10.78,6873246.0
2011-06-13,10.635,10.71,10.48,10.645,9516347.0
2011-06-14,10.785,11.005,10.735,10.89,6657041.0
2011-06-15,10.79,10.835,10.405,10.57,8109335.0
2011-06-16,10.57,10.965,10.485,10.83,7734148.0
2011-06-17,11.025,11.2,10.9,10.895,10551097.0
2011-06-20,10.77,11.155,10.77,11.0,5477530.0
2011-06-21,11.14,11.23,10.97,11.215,6970539.0
2011-06-22,11.23,11.495,11.14,11.285,7799659.0
2011-06-23,11.05,11.07,10.3,10.575,13179869.0
2011-06-24,10.62,10.775,10.445,10.55,12722615.0
2011-06-27,10.51,10.815,10.51,10.69,7339382.0
2011-06-28,10.845,11.135,10.76,11.1,6321592.0
2011-06-29,11.18,11.5,11.175,11.44,8459075.0
2011-06-30,11.575,11.83,11.495,11.73,7637282.0
2011-07-01,11.595,12.13,11.59,12.13,8190040.0
2011-07-05,12.125,12.48,12.125,12.235,7269477.0
2011-07-06,12.24,12.46,12.23,12.35,5668049.0
2011-07-07,12.495,12.53,12.375,12.46,6045681.0
2011-07-08,12.26,12.425,12.145,12.425,6229330.0
2011-07-11,11.96,12.225,11.94,12.135,6974356.0
2011-07-12,12.07,12.305,11.95,12.01,6554371.0
2011-07-13,12.17,12.3,11.97,12.115,7301213.0
2011-07-14,12.07,12.25,11.77,11.92,7472190.0
2011-07-15,12.01,12.02,11.725,11.85,8705842.0
2011-07-18,11.715,11.8,11.38,11.645,7337395.0
2011-07-19,11.935,12.975,11.85,12.745,18307049.0
2011-07-20,12.71,12.755,12.485,12.52,7825565.0
2011-07-21,12.495,12.895,12.335,12.755,10965802.0
2011-07-22,12.86,12.995,12.825,12.95,6614710.0
2011-07-25,12.645,12.865,12.59,12.715,6494805.0
2011-07-26,12.76,12.815,12.63,12.68,5715011.0
2011-07-27,12.47,12.71,12.355,12.43,9226565.0
2011-07-28,12.41,12.725,12.395,12.49,7477907.0
2011-07-29,12.265,12.51,12.035,12.09,10171748.0
2011-08-01,12.335,12.34,11.645,11.95,8663439.0
2011-08-02,11.785,11.89,11.62,11.62,8995611.0
2011-08-03,11.585,12.365,11.56,12.285,13987706.0
2011-08-04,11.97,12.15,10.955,10.995,16010157.0
2011-08-05,11.22,11.715,10.605,11.47,21823303.0
2011-08-08,11.175,11.69,10.56,10.645,24636391.0
2011-08-09,10.995,11.52,9.88,11.425,20869216.0
2011-08-10,11.205,11.335,9.935,10.065,18808215.0
2011-08-11,10.085,11.74,10.04,11.32,18753403.0
2011-08-12,11.465,11.96,11.285,11.655,10079575.0
2011-08-15,11.82,12.295,11.715,12.185,11436766.0
2011-08-16,11.93,12.325,11.87,12.17,10379737.0
2011-08-17,12.315,12.76,12.165,12.725,11259932.0
2011-08-18,12.21,12.555,11.615,11.965,19507626.0
2011-08-19,11.85,12.225,11.515,11.635,15071461.0
2011-08-22,12.09,12.115,11.67,11.72,9725867.0
2011-08-23,11.82,12.615,11.745,12.615,11836594.0
2011-08-24,12.5,12.94,12.36,12.925,9584654.0
2011-08-25,12.885,12.885,11.965,12.07,12568685.0
2011-08-26,12.05,12.47,11.435,12.335,9894544.0
2011-08-29,12.565,13.01,12.52,12.95,8708349.0
2011-08-30,12.975,13.225,12.845,13.015,15820864.0
2011-08-31,13.02,13.47,12.915,13.31,10765074.0
2011-09-01,13.13,13.635,12.975,13.31,11673351.0
2011-09-02,12.945,13.08,12.835,12.955,8616692.0
2011-09-06,11.8,12.855,11.78,12.8,12758816.0
2011-09-07,13.09,13.51,13.04,13.485,10388124.0
2011-09-08,13.415,13.97,13.36,13.67,12343600.0
2011-09-09,13.39,13.41,12.45,12.6,10109533.0
2011-09-12,12.31,12.855,12.185,12.775,14464083.0
2011-09-13,12.565,12.745,12.375,12.635,10633955.0
2011-09-14,12.755,13.335,12.355,12.97,11021107.0
2011-09-15,13.04,13.595,13.01,13.595,10544295.0
2011-09-16,13.775,13.925,13.595,13.7,16885181.0
2011-09-19,13.12,13.43,13.06,13.33,14178711.0
2011-09-20,13.48,13.825,13.345,13.41,8891934.0
2011-09-21,13.51,13.62,12.72,12.725,11631568.0
2011-09-22,11.77,12.16,11.395,11.995,17956484.0
2011-09-23,11.765,11.94,11.52,11.795,11988137.0
2011-09-26,12.09,12.53,11.915,12.465,11864999.0
2011-09-27,13.145,13.29,12.725,12.87,11034166.0
2011-09-28,12.995,13.165,12.03,12.115,9363735.0
2011-09-29,12.54,12.905,12.175,12.61,10672732.0
2011-09-30,12.31,12.635,11.865,11.865,12115055.0
2011-10-03,11.38,11.545,10.645,10.795,18947059.0
2011-10-04,10.505,10.795,9.755,10.7,15230622.0
2011-10-05,10.82,10.885,10.36,10.85,11342551.0
2011-10-06,11.07,11.085,10.31,10.78,12441570.0
2011-10-07,11.34,11.34,10.78,11.035,9327136.0
2011-10-10,11.365,11.545,11.09,11.535,6016484.0
2011-10-11,11.45,11.685,11.38,11.485,5552231.0
2011-10-12,11.71,12.07,11.48,11.825,8626836.0
2011-10-13,11.74,11.875,11.53,11.785,6355816.0
2011-10-14,12.185,12.185,11.76,12.01,6318847.0
2011-10-17,11.995,12.01,11.495,11.585,9888106.0
2011-10-18,11.705,11.83,11.285,11.455,11639070.0
2011-10-19,11.58,11.995,11.52,11.6,7653212.0
2011-10-20,11.83,11.875,11.37,11.645,6608896.0
2011-10-21,12.055,12.245,11.815,12.18,11199045.0
2011-10-24,12.285,12.41,11.89,12.02,6749170.0
2011-10-25,12.04,12.05,11.485,11.56,6916801.0
2011-10-26,11.73,11.855,11.29,11.82,7599944.0
2011-10-27,12.55,12.63,12.135,12.37,13205965.0
2011-10-28,12.345,12.575,12.28,12.55,8333453.0
2011-10-31,12.41,12.61,12.23,12.245,9277378.0
2011-11-01,11.65,11.835,11.475,11.605,11714266.0
2011-11-02,11.795,12.115,11.76,11.97,6907858.0
2011-11-03,12.135,12.495,12.09,12.41,8451407.0
2011-11-04,12.065,12.16,11.73,11.955,7360711.0
2011-11-07,11.915,12.22,11.725,12.19,6215949.0
2011-11-08,12.23,12.445,11.985,12.41,5968843.0
2011-11-09,12.01,12.08,11.515,11.6,8861582.0
2011-11-10,11.89,11.96,11.54,11.78,8063723.0
2011-11-11,12.07,12.39,12.06,12.145,6346004.0
2011-11-14,11.98,12.07,11.795,11.98,4415397.0
2011-11-15,11.975,12.31,11.825,12.085,6086841.0
2011-11-16,11.92,11.985,11.54,11.59,8791105.0
2011-11-17,11.555,11.78,11.135,11.395,8618859.0
2011-11-18,11.69,11.94,11.535,11.78,9240364.0
2011-11-21,11.43,11.525,10.78,11.06,9169102.0
2011-11-22,10.89,11.265,10.85,11.07,5885571.0
2011-11-23,10.815,10.835,10.485,10.52,6973029.0
2011-11-25,10.66,10.765,10.455,10.455,3786301.0
2011-11-28,10.715,10.96,10.46,10.67,10371685.0
2011-11-29,10.67,11.335,10.59,11.18,10790596.0
2011-11-30,11.755,12.065,11.445,11.7,12330003.0
2011-12-01,11.585,11.875,11.425,11.5,7664699.0
2011-12-02,11.815,11.86,11.17,11.275,10469310.0
2011-12-05,11.555,11.68,11.025,11.24,8850341.0
2011-12-06,11.33,11.595,11.155,11.425,8208082.0
2011-12-07,11.36,11.62,11.185,11.475,8368858.0
2011-12-08,11.435,11.705,11.365,11.45,7972742.0
2011-12-09,11.64,11.96,11.545,11.87,9096336.0
2011-12-12,11.715,11.835,11.245,11.53,6582272.0
2011-12-13,11.63,11.72,11.23,11.325,7006279.0
2011-12-14,11.21,11.54,11.115,11.215,7776669.0
2011-12-15,11.54,11.78,11.48,11.53,6639327.0
2011-12-16,11.82,11.945,11.715,11.805,11253882.0
2011-12-19,11.815,12.02,11.695,11.77,5585476.0
2011-12-20,12.025,12.405,12.0,12.285,7802871.0
2011-12-21,12.345,12.985,12.245,12.87,9301033.0
2011-12-22,12.755,12.885,12.53,12.68,7664138.0
2011-12-23,12.7,13.07,12.69,13.055,4576644.0
2011-12-27,12.99,13.185,12.99,13.025,4951406.0
2011-12-28,12.995,13.11,12.98,12.98,672893.0
2011-12-29,12.995,13.11,12.98,12.98,672893.0
2011-12-30,13.085,13.23,13.075,13.115,1700024.0
2012-01-03,13.16,13.44,13.135,13.155,7710101.0
2012-01-04,13.04,13.12,12.835,12.935,6967692.0
2012-01-05,12.965,13.015,12.76,12.77,6989714.0
2012-01-06,12.82,12.895,12.395,12.55,6473940.0
2012-01-09,12.585,12.67,12.485,12.55,5141188.0
2012-01-10,12.82,12.845,12.64,12.755,6332764.0
2012-01-11,12.27,12.47,11.86,12.115,11617409.0
2012-01-12,12.295,12.335,11.76,11.87,7565548.0
2012-01-13,11.755,11.8,11.365,11.58,9920112.0
2012-01-17,11.955,12.025,11.745,11.76,7663416.0
2012-01-18,11.815,11.995,11.675,11.88,6610244.0
2012-01-19,11.91,11.955,11.715,11.81,6625969.0
2012-01-20,11.855,12.145,11.785,12.13,9399473.0
2012-01-23,12.085,12.395,12.04,12.35,6789975.0
2012-01-24,12.165,12.335,11.94,12.035,7309884.0
2012-01-25,12.04,12.335,11.855,12.3,7084586.0
2012-01-26,12.395,12.395,11.965,12.09,7225108.0
2012-01-27,12.04,12.155,11.7,11.805,8342641.0
2012-01-30,11.73,11.865,11.6,11.815,5227051.0
2012-01-31,12.075,12.075,11.675,11.85,6267218.0
2012-02-01,12.025,12.255,11.985,12.01,7372535.0
2012-02-02,12.12,12.205,11.96,12.0,6311430.0
2012-02-03,12.215,12.33,12.005,12.125,8144548.0
2012-02-06,12.005,12.2,11.935,12.1,7142615.0
2012-02-07,12.13,12.81,11.9,12.36,11975644.0
2012-02-08,12.505,12.51,12.185,12.25,8151434.0
2012-02-09,12.265,12.28,11.965,12.07,8079936.0
2012-02-10,11.85,12.055,11.795,12.055,5196130.0
2012-02-13,12.295,12.38,12.125,12.305,5418574.0
2012-02-14,12.32,12.55,12.135,12.535,6182469.0
2012-02-15,12.7,12.71,12.2,12.285,7234861.0
2012-02-16,12.39,12.57,12.295,12.57,3940016.0
2012-02-17,12.62,12.67,12.385,12.61,7299982.0
2012-02-21,12.525,12.61,12.335,12.495,6592952.0
2012-02-22,12.385,12.755,12.385,12.71,6816766.0
2012-02-23,12.63,12.735,12.545,12.675,5504972.0
2012-02-24,12.76,12.835,12.5,12.585,6097710.0
2012-02-27,12.43,12.585,12.345,12.5,5941303.0
2012-02-28,12.56,12.635,12.485,12.51,4274863.0
2012-02-29,12.535,13.075,12.535,13.015,11468736.0
2012-03-01,13.02,13.065,12.78,12.885,7596215.0
2012-03-02,12.79,12.885,12.57,12.675,5856312.0
2012-03-05,12.595,12.755,12.585,12.7,5127296.0
2012-03-06,12.495,12.63,12.405,12.465,6490127.0
2012-03-07,12.46,12.555,12.335,12.48,5172938.0
2012-03-08,12.675,12.835,12.635,12.72,7423705.0
2012-03-09,12.8,12.955,12.74,12.84,5901307.0
2012-03-12,12.825,13.255,12.755,13.16,9026814.0
2012-03-13,12.84,13.23,12.84,13.21,8880232.0
2012-03-14,13.215,13.395,13.135,13.195,6405050.0
2012-03-15,13.22,13.255,12.975,13.25,8937988.0
2012-03-16,13.275,13.315,13.025,13.105,6682469.0
2012-03-19,13.19,13.35,13.085,13.285,5133420.0
2012-03-20,13.1,13.47,13.05,13.38,4949125.0
2012-03-21,13.325,13.785,13.26,13.645,9876814.0
2012-03-22,13.59,13.875,13.555,13.795,7033840.0
2012-03-23,13.785,13.845,13.73,13.83,1700085.0
2012-03-26,13.955,14.035,13.88,14.03,3651982.0
2012-03-27,13.995,14.075,13.91,14.02,5585087.0
2012-03-28,14.065,14.495,14.035,14.415,12982268.0
2012-03-29,14.26,15.28,14.22,14.99,20185539.0
2012-03-30,14.895,15.155,14.74,15.09,13021976.0
2012-04-02,15.0,15.185,14.905,15.155,7248694.0
2012-04-03,14.92,15.125,14.815,14.965,6434722.0
2012-04-04,14.73,14.885,14.69,14.815,6149806.0
2012-04-05,14.725,14.845,14.62,14.82,5617714.0
2012-04-09,14.565,14.64,14.455,14.52,4823618.0
2012-04-10,14.375,14.395,14.06,14.095,8451675.0
2012-04-11,14.3,14.32,14.005,14.145,5981820.0
2012-04-12,14.16,14.215,13.995,14.195,5248308.0
2012-04-13,14.195,14.385,14.06,14.055,5212299.0
2012-04-16,14.195,14.48,14.155,14.305,7019622.0
2012-04-17,14.675,15.325,14.675,15.06,11047521.0
2012-04-18,14.995,15.26,14.95,15.17,5711314.0
2012-04-19,15.23,15.25,14.795,14.995,5237395.0
2012-04-20,15.065,15.26,14.955,15.15,6663267.0
2012-04-23,15.075,15.12,14.75,14.93,5129705.0
2012-04-24,15.045,15.26,14.94,15.145,5087480.0
2012-04-25,15.355,15.61,15.24,15.55,9197064.0
2012-04-26,15.56,16.07,15.49,15.94,8284619.0
2012-04-27,16.065,16.995,16.045,16.4,11678689.0
2012-04-30,16.295,16.535,16.05,16.245,12970982.0
2012-05-01,16.355,16.585,16.225,16.55,6858120.0
2012-05-02,16.455,16.71,16.405,16.665,8203282.0
2012-05-03,16.765,16.905,16.685,16.805,7744766.0
2012-05-04,16.74,16.885,16.565,16.63,5175257.0
2012-05-07,16.57,16.81,16.51,16.725,4444429.0
2012-05-08,16.59,16.725,16.395,16.655,5233239.0
2012-05-09,16.38,16.68,16.33,16.475,7008662.0
2012-05-10,16.69,16.935,16.685,16.79,6210389.0
2012-05-11,16.685,16.955,16.685,16.82,5265040.0
2012-05-14,16.645,16.71,16.39,16.52,7643168.0
2012-05-15,16.365,16.66,16.215,16.37,8176247.0
2012-05-16,16.415,16.505,16.045,16.25,8793577.0
2012-05-17,16.17,16.235,15.58,15.645,10971469.0
2012-05-18,15.71,15.73,14.82,15.11,15844453.0
2012-05-21,15.19,15.385,15.15,15.37,5973146.0
2012-05-22,15.375,15.375,15.04,15.18,7559847.0
2012-05-23,15.085,15.37,14.995,15.36,8924294.0
2012-05-24,15.48,16.01,15.385,15.865,10059456.0
2012-05-25,15.895,15.93,15.59,15.7,4487904.0
2012-05-29,15.95,15.95,15.615,15.815,5132122.0
2012-05-30,15.62,15.71,15.495,15.615,6574989.0
2012-05-31,15.565,15.695,15.415,15.45,7214192.0
2012-06-01,15.08,15.31,14.59,14.63,10243918.0
2012-06-04,14.6,14.955,14.365,14.905,6521954.0
2012-06-05,14.75,14.905,14.61,14.705,6104616.0
2012-06-06,14.78,15.39,14.735,15.39,6122469.0
2012-06-07,15.58,15.615,15.185,15.225,6683295.0
2012-06-08,15.165,15.77,15.16,15.705,5720878.0
2012-06-11,15.945,15.975,15.395,15.415,5196569.0
2012-06-12,15.575,15.71,15.255,15.685,5858405.0
2012-06-13,15.39,15.65,15.32,15.43,4641042.0
2012-06-14,15.48,16.085,15.43,15.955,6818781.0
2012-06-15,16.145,16.185,15.795,16.13,9736964.0
2012-06-18,16.065,16.295,15.97,16.075,5199250.0
2012-06-19,16.21,16.21,15.915,15.955,5444484.0
2012-06-20,15.93,15.955,15.505,15.865,7169478.0
2012-06-21,15.98,16.08,15.395,15.42,6316715.0
2012-06-22,15.56,15.735,15.515,15.555,7154183.0
2012-06-25,15.315,15.505,15.17,15.47,4799633.0
2012-06-26,15.58,15.765,15.185,15.625,5755190.0
2012-06-27,15.705,16.325,15.705,16.255,6750184.0
2012-06-28,16.135,16.42,15.93,16.37,5324663.0
2012-07-02,17.135,17.585,17.09,17.545,6611370.0
2012-07-03,17.53,17.765,17.44,17.665,3671642.0
2012-07-05,17.595,17.655,17.185,17.31,5150920.0
2012-07-06,17.095,17.23,17.005,17.16,4906222.0
2012-07-09,17.115,17.185,16.94,17.075,4233151.0
2012-07-10,17.35,17.355,16.99,17.075,5699362.0
2012-07-11,17.035,17.06,16.66,16.815,6601144.0
2012-07-12,16.6,16.72,16.345,16.405,9446135.0
2012-07-13,16.4,16.88,16.255,16.725,6539675.0
2012-07-16,16.635,16.785,16.185,16.325,8632125.0
2012-07-17,17.115,17.415,16.465,16.93,10540104.0
2012-07-18,16.905,16.925,16.495,16.805,6886117.0
2012-07-19,16.845,16.885,16.335,16.86,8966574.0
2012-07-20,16.72,16.76,16.48,16.6,8155546.0
2012-07-23,16.36,16.585,16.27,16.525,5239240.0
2012-07-24,16.535,16.56,16.135,16.415,5172505.0
2012-07-25,16.56,16.695,16.45,16.595,4404452.0
2012-07-26,16.935,17.54,16.935,17.51,7038868.0
2012-07-27,17.61,18.205,17.535,18.09,8753533.0
2012-07-30,17.97,18.67,17.87,18.645,7931056.0
2012-07-31,18.435,18.75,18.28,18.485,8081332.0
2012-08-01,18.57,18.71,18.38,18.59,6423186.0
2012-08-02,18.45,18.585,17.845,17.96,6612356.0
2012-08-03,18.18,18.58,18.09,18.5,5767083.0
2012-08-06,18.59,18.71,18.395,18.405,4581661.0
2012-08-07,18.505,18.57,17.96,17.97,6362723.0
2012-08-08,17.94,18.085,17.765,17.865,4372817.0
2012-08-09,17.82,17.975,17.5,17.705,4552287.0
2012-08-10,17.665,17.69,17.39,17.48,10037931.0
2012-08-13,17.395,17.475,17.135,17.385,8775008.0
2012-08-14,17.685,17.755,17.335,17.465,10548274.0
2012-08-15,17.505,17.635,17.315,17.435,7647561.0
2012-08-16,17.485,17.715,17.395,17.635,8757205.0
2012-08-17,17.745,17.815,17.355,17.615,10521463.0
2012-08-20,17.625,17.675,17.345,17.555,9160325.0
2012-08-21,17.495,17.775,17.315,17.345,7927581.0
2012-08-22,17.225,17.335,16.775,16.855,13418974.0
2012-08-23,16.895,16.925,16.105,16.195,14726785.0
2012-08-24,16.155,16.635,16.155,16.555,9225302.0
2012-08-27,16.645,16.645,16.205,16.255,9365128.0
2012-08-28,16.225,16.405,15.855,16.085,15909739.0
2012-08-29,16.135,16.135,15.465,15.545,18331222.0
2012-08-30,15.465,15.715,15.215,15.225,16335588.0
2012-08-31,15.495,15.665,15.235,15.485,20123552.0
2012-09-04,15.605,15.675,15.295,15.365,17087364.0
2012-09-05,15.435,15.705,15.195,15.595,20490601.0
2012-09-06,15.865,16.385,15.785,16.235,19407587.0
2012-09-07,16.465,16.585,15.825,15.985,15901303.0
2012-09-10,16.045,16.065,15.675,15.745,18163817.0
2012-09-11,15.715,15.915,15.645,15.855,16150906.0
2012-09-12,15.875,15.915,15.595,15.635,14545971.0
2012-09-13,15.815,16.565,15.695,16.435,23517961.0
2012-09-14,16.635,16.635,16.095,16.205,24944122.0
2012-09-17,16.245,16.465,16.115,16.435,21935818.0
2012-09-18,16.465,17.085,16.385,16.705,24153669.0
2012-09-19,16.745,16.895,16.495,16.605,26199355.0
2012-09-20,16.475,16.955,16.465,16.725,26796834.0
2012-09-21,16.815,16.825,15.965,16.115,92575458.0
2012-09-24,15.895,16.325,15.895,16.205,21669564.0
2012-09-25,16.295,16.355,15.745,15.765,20056687.0
2012-09-26,15.865,16.265,15.825,15.845,16580091.0
2012-09-27,16.145,16.435,15.985,16.395,14911450.0
2012-09-28,16.255,16.305,15.985,16.015,20057178.0
2012-10-01,16.245,16.685,16.235,16.465,16552381.0
2012-10-02,16.645,16.775,16.195,16.425,9922674.0
2012-10-03,16.405,16.605,16.225,16.325,13139336.0
2012-10-04,16.545,16.635,16.275,16.415,9518791.0
2012-10-05,16.575,16.685,16.335,16.665,12274175.0
2012-10-08,16.625,16.765,16.525,16.665,9408510.0
2012-10-09,16.585,16.915,16.545,16.645,12913986.0
2012-10-10,16.735,16.815,16.135,16.175,13696234.0
2012-10-11,16.285,16.365,16.105,16.195,10786951.0
2012-10-12,16.345,16.475,16.195,16.315,11985728.0
2012-10-15,16.175,16.335,16.095,16.215,13644247.0
2012-10-16,16.265,16.305,15.525,15.985,25697310.0
2012-10-17,16.145,16.225,15.785,15.825,15351871.0
2012-10-18,15.845,16.155,15.545,15.925,22937147.0
2012-10-19,16.015,16.025,15.485,15.485,19745813.0
2012-10-22,15.455,15.565,15.045,15.315,13243491.0
2012-10-23,15.045,15.065,14.625,14.695,13041775.0
2012-10-24,14.685,15.125,14.685,14.965,12914378.0
2012-10-25,15.085,15.275,14.935,15.175,10368919.0
2012-10-26,15.205,15.345,14.865,15.125,11804331.0
2012-10-31,15.245,15.495,15.005,15.265,11375736.0
2012-11-01,15.235,15.645,15.235,15.415,10544337.0
2012-11-02,15.665,15.735,15.085,15.165,10912102.0
2012-11-05,15.035,15.075,14.715,14.855,11926532.0
2012-11-06,15.005,15.565,14.945,15.505,11041128.0
2012-11-07,15.365,15.475,14.485,14.805,16521136.0
2012-11-08,14.735,15.185,14.445,14.445,12795038.0
2012-11-09,14.135,14.605,14.135,14.375,11393016.0
2012-11-12,14.375,14.375,14.065,14.165,9966150.0
2012-11-13,14.115,14.645,14.065,14.245,12002324.0
2012-11-14,14.275,14.445,13.945,14.095,13355766.0
2012-11-15,13.985,14.565,13.945,14.515,17276613.0
2012-11-16,14.575,14.735,14.355,14.645,15405721.0
2012-11-19,14.935,15.375,14.895,15.325,13647024.0
2012-11-20,15.315,15.345,14.935,15.335,12094359.0
2012-11-21,15.415,15.555,15.305,15.475,8530100.0
2012-11-23,15.635,16.035,15.575,16.015,5365418.0
2012-11-26,15.665,15.865,15.315,15.445,13035396.0
2012-11-27,15.525,15.875,15.425,15.505,11627768.0
2012-11-28,15.4,15.91,15.14,15.9,14255923.0
2012-11-29,16.02,16.31,15.84,16.31,12328838.0
2012-11-30,16.28,16.32,16.0,16.26,12256726.0
2012-12-03,16.24,16.27,15.67,15.72,12796433.0
2012-12-04,15.65,15.83,15.48,15.49,11610599.0
2012-12-05,15.54,15.84,15.42,15.65,14333714.0
2012-12-06,15.68,15.78,15.64,15.72,8652507.0
2012-12-07,15.78,16.08,15.73,16.05,10466176.0
2012-12-10,16.04,16.12,15.85,15.98,8361870.0
2012-12-11,15.97,16.33,15.92,16.2,10487095.0
2012-12-12,16.23,16.27,15.84,15.98,14532295.0
2012-12-13,16.04,16.13,15.87,15.94,11379039.0
2012-12-14,15.86,16.11,15.84,16.0,11776381.0
2012-12-17,16.13,16.16,15.72,15.84,17494228.0
2012-12-18,15.87,16.04,15.47,15.62,17770778.0
2012-12-19,15.59,15.63,15.11,15.12,17413332.0
2012-12-20,15.03,15.44,14.99,15.39,15455808.0
2012-12-21,15.34,15.53,14.87,15.23,25457922.0
2012-12-24,15.06,15.14,14.91,15.07,4851746.0
2012-12-26,15.04,15.14,14.58,14.76,9926727.0
2012-12-27,14.69,14.89,14.54,14.76,11215911.0
2012-12-28,14.56,14.76,14.29,14.31,13920712.0
2012-12-31,14.22,14.62,13.92,14.59,15446517.0
2013-01-02,15.33,15.94,15.0,15.94,21379875.0
2013-01-03,15.79,15.94,15.45,15.94,16236029.0
2013-01-04,15.99,16.21,15.86,16.0,15066542.0
2013-01-07,15.86,15.86,15.44,15.64,14475337.0
2013-01-08,15.53,15.62,15.25,15.38,14309033.0
2013-01-09,15.54,15.54,15.17,15.37,10527223.0
2013-01-10,15.46,15.51,15.1,15.3,15435662.0
2013-01-11,15.18,15.28,14.86,15.25,15568546.0
2013-01-14,15.29,15.45,15.14,15.33,10927149.0
2013-01-15,15.33,15.77,15.14,15.66,12587554.0
2013-01-16,15.55,15.75,15.46,15.66,9084859.0
2013-01-17,15.77,16.0,15.67,15.85,12055438.0
2013-01-18,15.83,16.05,15.64,16.04,14023184.0
2013-01-22,16.08,16.08,15.39,15.47,21133434.0
2013-01-23,15.42,15.6,15.38,15.47,13162769.0
2013-01-24,15.54,15.59,15.34,15.45,12638012.0
2013-01-25,15.52,15.59,15.25,15.39,13875972.0
2013-01-28,15.41,15.45,15.2,15.35,13315735.0
2013-01-29,15.22,15.91,15.2,15.76,17576654.0
2013-01-30,15.74,15.95,15.66,15.84,12175016.0
2013-01-31,15.87,15.87,15.45,15.58,12646908.0
2013-02-01,15.88,16.05,15.71,15.88,11851802.0
2013-02-04,15.82,15.92,15.64,15.69,9376045.0
2013-02-05,15.9,16.5,15.9,16.48,17785357.0
2013-02-06,16.47,16.77,16.34,16.65,16645067.0
2013-02-07,16.76,17.4,16.69,17.25,18647454.0
2013-02-08,17.19,17.28,16.94,17.11,12148365.0
2013-02-11,17.05,17.17,16.75,16.95,12089729.0
2013-02-12,16.45,16.5,15.62,15.9,30560599.0
2013-02-13,16.01,16.28,15.35,15.55,19894759.0
2013-02-14,15.58,15.85,15.04,15.18,22647791.0
2013-02-15,15.28,15.76,14.88,15.76,25155419.0
2013-02-19,15.85,16.11,15.8,16.01,14789906.0
2013-02-20,16.04,16.22,15.75,16.07,12737407.0
2013-02-21,15.96,16.13,15.77,16.05,14069225.0
2013-02-22,16.1,16.86,16.05,16.86,20066141.0
2013-02-25,16.9,17.06,16.06,16.06,15664251.0
2013-02-26,16.29,16.53,16.11,16.45,15621906.0
2013-02-27,16.37,16.88,16.26,16.79,14221801.0
2013-02-28,16.81,17.31,16.76,17.06,17286301.0
2013-03-01,16.83,17.13,16.83,17.04,13640525.0
2013-03-04,16.94,17.16,16.79,17.16,9896111.0
2013-03-05,17.32,17.34,16.89,17.02,13159830.0
2013-03-06,17.14,17.38,17.04,17.36,11634747.0
2013-03-07,17.38,17.53,17.18,17.46,15085688.0
2013-03-08,17.51,17.75,17.37,17.56,11159693.0
2013-03-11,17.54,17.72,17.52,17.65,9140181.0
2013-03-12,17.62,17.65,17.14,17.3,11327256.0
2013-03-13,17.44,17.49,17.17,17.21,13250992.0
2013-03-14,17.44,17.74,17.28,17.64,14421456.0
2013-03-15,17.44,17.56,17.28,17.45,19977171.0
2013-03-18,17.23,17.56,17.19,17.38,11425127.0
2013-03-19,17.54,18.02,17.44,17.95,15065072.0
2013-03-20,18.02,18.54,17.98,18.49,19216179.0
2013-03-21,18.47,19.05,18.38,18.69,22079330.0
2013-03-22,18.6,18.89,18.51,18.66,15877033.0
2013-03-25,18.73,18.87,18.58,18.74,15696273.0
2013-03-26,18.75,19.32,18.75,19.31,13496039.0
2013-03-27,19.07,19.16,18.68,18.84,14453543.0
2013-03-28,19.0,19.22,18.64,19.06,13918713.0
2013-04-01,19.01,19.11,18.79,19.07,8171778.0
2013-04-02,19.05,19.52,19.04,19.34,12658640.0
2013-04-03,19.4,19.44,18.7,18.79,13548067.0
2013-04-04,18.89,19.21,18.82,19.16,11319571.0
2013-04-05,18.83,18.97,18.63,18.7,10627620.0
2013-04-08,18.68,19.49,18.39,19.48,22606872.0
2013-04-09,19.43,19.75,19.13,19.33,21034323.0
2013-04-10,19.4,19.79,19.33,19.69,9629965.0
2013-04-11,19.75,20.03,19.68,19.8,10231526.0
2013-04-12,19.53,19.73,19.3,19.7,10262053.0
2013-04-15,19.47,19.61,18.67,18.71,15956889.0
2013-04-16,20.02,21.1,19.87,20.99,31889955.0
2013-04-17,20.76,21.32,20.65,21.17,23930802.0
2013-04-18,21.1,21.27,20.71,20.72,15976925.0
2013-04-19,20.9,21.39,20.82,21.28,13706081.0
2013-04-22,21.14,21.47,21.02,21.34,10487614.0
2013-04-23,21.4,21.58,20.87,21.32,11182459.0
2013-04-24,21.26,21.52,20.72,20.77,10764344.0
2013-04-25,20.88,21.16,20.7,20.97,10168817.0
2013-04-26,20.8,21.05,20.71,20.72,15123981.0
2013-04-29,20.86,20.91,20.54,20.86,11275864.0
2013-04-30,20.77,21.01,20.5,20.95,13314995.0
2013-05-01,20.77,21.18,20.76,20.83,8693161.0
2013-05-02,20.28,20.78,20.11,20.58,18669443.0
2013-05-03,20.79,21.04,20.58,20.86,11706506.0
2013-05-06,20.91,20.91,20.49,20.7,9350185.0
2013-05-07,20.83,21.33,20.77,21.32,13735264.0
2013-05-08,21.16,21.3,20.78,21.08,12598798.0
2013-05-09,21.13,21.18,20.62,20.74,10008762.0
2013-05-10,20.73,20.86,20.47,20.77,9858518.0
2013-05-13,20.76,21.06,20.62,20.81,9251304.0
2013-05-14,20.8,21.29,20.63,21.14,12982407.0
2013-05-15,21.12,21.72,21.01,21.54,12185302.0
2013-05-16,21.53,22.05,21.41,21.71,12245797.0
2013-05-17,21.67,21.75,21.18,21.59,12526150.0
2013-05-20,21.57,21.57,20.92,21.0,9921995.0
2013-05-21,21.1,21.18,20.69,20.96,9089253.0
2013-05-22,20.9,21.48,20.65,20.87,13493388.0
2013-05-23,20.55,20.69,20.18,20.55,10821928.0
2013-05-24,20.16,20.99,20.12,20.86,11417527.0
2013-05-28,21.22,21.67,21.02,21.17,14334721.0
2013-05-29,20.96,21.04,19.93,20.02,16748253.0
2013-05-30,20.11,20.22,19.37,19.39,20812931.0
2013-05-31,19.27,19.39,18.61,18.61,25267293.0
2013-06-03,18.57,19.46,18.25,19.43,16297285.0
2013-06-04,20.21,20.34,19.57,20.04,19068175.0
2013-06-05,20.02,20.02,19.22,19.27,16261365.0
2013-06-06,19.17,19.41,18.93,19.41,10750698.0
2013-06-07,19.82,20.35,19.6,20.03,14317978.0
2013-06-10,20.12,20.14,19.66,19.8,10936009.0
2013-06-11,19.5,19.6,19.02,19.41,16431399.0
2013-06-12,19.69,19.84,19.18,19.29,11573598.0
2013-06-13,19.21,19.38,18.58,19.31,17646605.0
2013-06-14,19.28,19.69,19.16,19.24,13537911.0
2013-06-17,19.44,19.81,19.3,19.58,12296644.0
2013-06-18,19.6,19.89,19.47,19.83,9634060.0
2013-06-19,19.91,20.34,19.31,19.31,16861513.0
2013-06-20,19.17,19.25,17.87,18.03,24828081.0
2013-06-21,18.53,18.87,18.2,18.66,21749944.0
2013-06-24,18.35,18.91,18.03,18.43,16266692.0
2013-06-25,18.72,18.82,18.33,18.62,12880835.0
2013-06-26,18.98,19.38,18.96,19.23,13783114.0
2013-06-27,19.55,19.78,19.14,19.16,11419281.0
2013-06-28,19.15,19.34,19.0,19.01,15091169.0
2013-07-01,19.4,19.82,19.26,19.36,10614806.0
2013-07-02,19.37,19.64,19.07,19.27,11720389.0
2013-07-03,19.14,19.46,18.93,19.39,5262817.0
2013-07-05,19.62,19.7,19.05,19.42,10351578.0
2013-07-08,19.55,19.66,19.32,19.44,9645584.0
2013-07-09,19.76,19.97,19.62,19.73,8737712.0
2013-07-10,19.82,19.86,19.43,19.58,9438061.0
2013-07-11,19.9,20.05,19.64,19.93,13464272.0
2013-07-12,19.93,20.03,19.63,19.93,10649555.0
2013-07-15,19.95,20.15,19.83,19.91,11386882.0
2013-07-16,18.68,19.4,18.4,19.13,33427702.0
2013-07-17,19.45,19.88,19.21,19.74,18453424.0
2013-07-18,19.76,19.97,19.64,19.71,9670742.0
2013-07-19,19.78,20.0,19.69,19.99,11353142.0
2013-07-22,19.98,20.04,19.65,19.74,9376157.0
2013-07-23,19.85,20.03,19.69,19.86,9348709.0
2013-07-24,20.02,20.03,19.65,19.76,10419141.0
2013-07-25,19.71,19.77,19.38,19.74,8972307.0
2013-07-26,19.55,19.55,18.91,19.54,12224795.0
2013-07-29,19.51,19.58,19.16,19.18,10072829.0
2013-07-30,19.32,19.63,19.15,19.22,10723413.0
2013-07-31,19.31,19.48,18.96,18.98,13502565.0
2013-08-01,19.3,19.65,19.3,19.47,11884043.0
2013-08-02,18.93,19.31,18.81,19.12,25230771.0
2013-08-05,19.08,19.37,19.08,19.19,9865198.0
2013-08-06,19.13,19.33,18.96,19.27,8320394.0
2013-08-07,19.21,19.23,18.96,19.05,9295726.0
2013-08-08,19.2,19.26,18.92,19.1,9461925.0
2013-08-09,19.15,19.22,18.95,19.06,8987431.0
2013-08-12,18.94,19.0,18.61,18.73,13913452.0
2013-08-13,18.83,18.95,18.4,18.55,13506921.0
2013-08-14,18.49,18.58,18.25,18.43,13614078.0
2013-08-15,18.2,18.3,17.92,17.99,14139364.0
2013-08-16,17.93,18.08,17.61,17.95,20540019.0
2013-08-19,17.95,17.99,17.59,17.68,11778267.0
2013-08-20,17.75,18.04,17.55,17.55,10169990.0
2013-08-21,17.53,17.6,17.15,17.18,15708613.0
2013-08-22,17.22,17.42,17.0,17.21,10249904.0
2013-08-23,17.51,17.51,17.27,17.42,11220361.0
2013-08-26,17.5,17.5,17.01,17.02,12696009.0
2013-08-27,16.88,17.14,16.7,17.05,16683726.0
2013-08-28,16.96,17.43,16.95,17.25,19139614.0
2013-08-29,17.37,17.37,17.0,17.0,13884683.0
2013-08-30,17.06,17.18,16.9,17.08,14142796.0
2013-09-03,17.17,17.3,16.7,16.8,19023090.0
2013-09-04,16.78,17.63,16.71,17.44,19090642.0
2013-09-05,17.53,17.59,16.96,17.14,14205097.0
2013-09-06,17.28,17.52,17.0,17.25,13900083.0
2013-09-09,17.42,17.45,17.17,17.42,10430647.0
2013-09-10,17.67,17.68,17.41,17.53,11528915.0
2013-09-11,17.58,17.68,17.43,17.68,11966459.0
2013-09-12,17.77,17.79,17.46,17.62,12098560.0
2013-09-13,17.74,17.92,17.6,17.87,11592519.0
2013-09-16,18.21,18.38,17.92,18.04,13382560.0
2013-09-17,17.99,18.27,17.97,17.97,12850175.0
2013-09-18,17.99,18.78,17.76,18.77,17944282.0
2013-09-19,18.82,18.85,18.33,18.49,14166248.0
2013-09-20,18.51,18.58,17.96,18.58,26709695.0
2013-09-23,18.34,18.37,17.62,17.81,18852248.0
2013-09-24,17.9,18.05,17.7,17.71,14756791.0
2013-09-25,17.83,17.86,17.48,17.51,11344540.0
2013-09-26,17.67,17.92,17.57,17.92,10872992.0
2013-09-27,17.75,17.76,17.32,17.58,12646355.0
2013-09-30,17.37,17.47,16.93,17.06,18086153.0
2013-10-01,17.18,17.27,16.8,17.13,13055291.0
2013-10-02,16.99,16.99,16.39,16.61,25551127.0
2013-10-03,16.64,16.64,16.31,16.34,14333608.0
2013-10-04,16.43,16.45,16.09,16.38,17189321.0
2013-10-07,16.26,16.56,16.01,16.23,16623379.0
2013-10-08,16.28,16.59,16.08,16.46,20374277.0
2013-10-09,16.56,16.6,16.19,16.26,18961410.0
2013-10-10,16.95,17.04,16.62,16.96,17000315.0
2013-10-11,17.1,17.1,16.7,16.95,14239353.0
2013-10-14,16.74,17.13,16.69,17.09,14175221.0
2013-10-15,17.36,17.55,16.78,16.84,21558610.0
2013-10-16,17.19,17.42,16.96,17.18,17971522.0
2013-10-17,17.24,17.74,17.19,17.73,15871182.0
2013-10-18,17.76,17.96,17.6,17.96,18823682.0
2013-10-21,18.13,18.13,17.78,18.0,12935092.0
2013-10-22,18.04,18.43,17.87,18.27,17027575.0
2013-10-23,18.26,18.43,17.98,18.27,12556628.0
2013-10-24,18.33,18.55,17.94,17.98,16318388.0
2013-10-25,18.02,18.31,17.81,18.21,14331773.0
2013-10-28,18.2,18.92,18.17,18.79,16292488.0
2013-10-29,18.75,19.14,18.53,18.98,14174478.0
2013-10-30,19.06,19.07,18.69,18.8,12322025.0
2013-10-31,18.69,19.04,18.69,18.75,14812078.0
2013-11-01,18.75,18.9,18.5,18.79,12346835.0
2013-11-04,18.89,18.99,18.48,18.69,10249611.0
2013-11-05,18.54,18.82,18.4,18.68,10513053.0
2013-11-06,18.8,19.39,18.6,19.23,17148973.0
2013-11-07,19.26,19.43,18.94,19.01,16182352.0
2013-11-08,18.92,19.23,18.67,19.23,11836173.0
2013-11-11,19.19,19.23,18.95,19.05,9567519.0
2013-11-12,19.09,19.17,18.79,19.06,10491265.0
2013-11-13,19.0,19.3,18.83,19.3,11676155.0
2013-11-14,19.27,19.62,19.21,19.39,10813315.0
2013-11-15,19.34,19.5,19.14,19.4,11976786.0
2013-11-18,19.42,19.42,19.18,19.35,9506020.0
2013-11-19,19.32,19.4,19.09,19.32,10887212.0
2013-11-20,19.23,19.63,19.12,19.24,14317674.0
2013-11-21,19.38,19.67,19.28,19.61,26308116.0
2013-11-22,19.52,19.64,19.27,19.61,22340666.0
2013-11-25,19.66,20.05,19.51,19.55,14028931.0
2013-11-26,19.67,19.78,19.42,19.43,13857376.0
2013-11-27,19.55,19.84,19.15,19.65,9877366.0
2013-11-29,19.73,19.94,19.57,19.65,8640007.0
2013-12-02,19.56,19.66,19.21,19.54,16599067.0
2013-12-03,19.51,19.85,19.47,19.81,16422678.0
2013-12-04,19.66,19.93,19.4,19.83,13149123.0
2013-12-05,19.74,19.86,19.26,19.29,18113626.0
2013-12-06,19.51,19.96,19.51,19.92,12533516.0
2013-12-09,19.86,19.96,19.66,19.86,12171884.0
2013-12-10,19.72,19.75,19.21,19.31,15911493.0
2013-12-11,19.41,19.8,19.35,19.59,14926448.0
2013-12-12,19.45,19.67,18.64,18.67,19638327.0
2013-12-13,18.93,19.1,18.67,18.69,14010590.0
2013-12-16,18.92,19.03,18.66,18.73,14142551.0
2013-12-17,18.58,18.71,18.33,18.56,16476140.0
2013-12-18,18.72,19.54,18.46,19.48,23735032.0
2013-12-19,19.43,19.56,19.02,19.32,13929795.0
2013-12-20,19.38,19.65,19.31,19.5,21501780.0
2013-12-23,19.56,19.7,19.33,19.62,10912167.0
2013-12-24,19.63,19.77,19.56,19.65,4783600.0
2013-12-26,19.68,20.0,19.6,19.95,8575217.0
2013-12-27,20.15,20.25,19.99,20.12,6709074.0
2013-12-30,20.23,20.6,20.22,20.55,10863248.0
2013-12-31,20.59,20.84,20.44,20.77,11571040.0
2014-01-02,20.58,20.68,19.97,20.12,12605265.0
2014-01-03,20.14,20.19,19.81,19.92,10393711.0
2014-01-06,19.94,20.05,19.62,19.73,10511573.0
2014-01-07,19.94,20.18,19.75,19.85,11838851.0
2014-01-08,19.9,19.9,19.29,19.4,15310995.0
2014-01-09,19.41,19.46,18.98,19.19,14062401.0
2014-01-10,19.42,19.75,19.36,19.59,13243541.0
2014-01-13,19.46,19.59,18.96,18.99,14092610.0
2014-01-14,19.1,19.38,19.04,19.15,12769691.0
2014-01-15,19.29,19.4,19.04,19.22,12843558.0
2014-01-16,19.24,19.28,19.04,19.17,11038485.0
2014-01-17,19.18,19.21,18.74,18.74,13870321.0
2014-01-21,19.1,19.38,18.99,19.38,17227819.0
2014-01-22,19.45,19.55,19.21,19.36,9687828.0
2014-01-23,19.07,19.1,18.58,18.7,14410341.0
2014-01-24,18.54,18.71,18.28,18.3,16515007.0
2014-01-27,18.28,18.44,18.17,18.19,14573523.0
2014-01-28,18.23,18.53,18.08,18.33,8906949.0
2014-01-29,18.03,18.03,17.28,17.36,23715767.0
2014-01-30,17.46,17.87,17.46,17.63,13656775.0
2014-01-31,17.41,17.62,17.18,17.28,16087996.0
2014-02-03,17.48,17.48,16.56,16.66,23125579.0
2014-02-04,16.9,17.01,16.67,16.94,17674452.0
2014-02-05,16.95,17.17,16.84,17.07,13572263.0
2014-02-06,18.22,18.4,17.38,17.49,22523731.0
2014-02-07,17.63,17.81,17.33,17.41,20390959.0
2014-02-10,17.53,18.08,17.3,18.03,20852137.0
2014-02-11,18.13,18.24,17.97,18.1,15291691.0
2014-02-12,18.31,18.38,17.86,17.97,10607227.0
2014-02-13,17.59,18.21,17.59,18.11,10391454.0
2014-02-14,18.06,18.48,17.73,18.39,16032146.0
2014-02-18,17.44,17.57,16.72,16.93,46010017.0
2014-02-19,16.96,17.06,16.51,16.56,26594568.0
2014-02-20,16.52,16.98,16.35,16.76,22624047.0
2014-02-21,17.05,17.08,16.6,16.64,19402647.0
2014-02-24,16.76,17.06,16.68,16.96,24198423.0
2014-02-25,17.09,17.4,16.96,17.23,22819242.0
2014-02-26,17.36,17.4,17.18,17.33,18180345.0
2014-02-27,17.3,17.57,17.26,17.53,18298734.0
2014-02-28,17.54,17.84,17.5,17.66,15677521.0
2014-03-03,17.34,17.62,17.31,17.58,18658714.0
2014-03-04,17.8,17.84,17.69,17.77,20376855.0
2014-03-05,17.88,17.91,17.71,17.81,14226600.0
2014-03-06,17.86,18.01,17.73,17.93,14548033.0
2014-03-07,18.02,18.07,17.82,18.01,17040443.0
2014-03-10,18.01,18.11,17.9,18.11,14539708.0
2014-03-11,18.3,18.3,18.0,18.26,13771022.0
2014-03-12,18.035,18.265,17.975,18.235,15604357.0
2014-03-13,18.215,18.255,17.685,17.735,18280683.0
2014-03-14,17.715,18.085,17.645,17.935,14321046.0
2014-03-17,17.935,18.135,17.815,18.035,19131031.0
2014-03-18,18.035,18.225,17.895,18.165,16779586.0
2014-03-19,18.125,18.345,17.865,17.905,18164080.0
2014-03-20,17.875,18.235,17.715,18.215,13143107.0
2014-03-21,18.545,18.595,18.045,18.205,18415512.0
2014-03-24,18.245,18.295,17.965,18.165,15438732.0
2014-03-25,18.255,18.565,18.225,18.385,16645002.0
2014-03-26,18.455,18.705,18.375,18.375,15641354.0
2014-03-27,18.275,18.765,18.245,18.585,12922692.0
2014-03-28,18.655,18.795,18.585,18.715,11394763.0
2014-03-31,18.755,18.795,18.225,18.425,24334849.0
2014-04-01,18.295,18.655,18.075,18.175,20494208.0
2014-04-02,18.255,18.305,18.065,18.095,15538532.0
2014-04-03,18.155,18.255,17.805,17.835,17651212.0
2014-04-04,18.005,18.245,17.905,17.985,15319588.0
2014-04-07,18.035,18.655,18.025,18.385,17177123.0
2014-04-08,18.435,18.665,18.245,18.665,14712117.0
2014-04-09,18.605,18.755,18.465,18.755,11965407.0
2014-04-10,18.745,19.165,18.585,18.655,20786725.0
2014-04-11,18.595,18.985,18.335,18.395,17980750.0
2014-04-14,18.475,18.565,18.165,18.495,19332469.0
2014-04-15,19.595,20.235,19.265,19.945,47356279.0
2014-04-16,19.885,20.355,19.885,20.355,21816264.0
2014-04-17,20.195,20.485,20.015,20.485,18313336.0
2014-04-21,20.235,20.525,20.115,20.515,12520050.0
2014-04-22,20.345,20.525,20.185,20.475,17193997.0
2014-04-23,20.465,20.575,20.325,20.495,12004382.0
2014-04-24,20.465,20.655,20.225,20.465,11265049.0
2014-04-25,20.225,20.775,20.205,20.775,16708443.0
2014-04-28,20.585,21.045,20.505,20.795,20703850.0
2014-04-29,20.735,20.795,20.285,20.335,18844602.0
2014-04-30,20.455,20.645,20.355,20.555,12209889.0
2014-05-01,20.555,20.565,20.025,20.545,15294757.0
2014-05-02,20.555,20.725,20.395,20.715,14142676.0
2014-05-05,20.415,20.695,20.315,20.525,10130272.0
2014-05-06,20.285,20.425,20.215,20.255,8919111.0
2014-05-07,20.465,20.735,20.395,20.675,11028976.0
2014-05-08,20.615,20.725,20.415,20.495,8481863.0
2014-05-09,20.545,20.715,20.475,20.635,8471177.0
2014-05-12,20.645,20.735,20.455,20.585,8781542.0
2014-05-13,20.595,20.985,20.585,20.875,11535454.0
2014-05-14,20.785,20.935,20.595,20.655,10032539.0
2014-05-15,20.385,20.725,20.205,20.285,12288475.0
2014-05-16,20.285,20.675,20.215,20.655,13790767.0
2014-05-19,20.365,20.495,20.185,20.475,7532981.0
2014-05-20,20.565,20.695,20.335,20.345,9556582.0
2014-05-21,20.315,20.645,20.265,20.635,8520371.0
2014-05-22,20.535,20.605,20.295,20.345,8419449.0
2014-05-23,20.395,20.465,20.295,20.345,6221954.0
2014-05-27,20.325,20.585,20.245,20.535,11225292.0
2014-05-28,20.465,20.645,20.295,20.345,7522563.0
2014-05-29,20.445,20.635,20.365,20.425,9844448.0
2014-05-30,20.305,20.685,20.255,20.675,10136553.0
2014-06-02,20.515,20.655,20.445,20.625,7457455.0
2014-06-03,20.485,20.765,20.475,20.645,10471029.0
2014-06-04,20.675,20.685,20.475,20.555,7831993.0
2014-06-05,20.495,20.765,20.395,20.655,10101695.0
2014-06-06,20.705,20.825,20.605,20.755,8714265.0
2014-06-09,20.615,20.855,20.615,20.675,7300783.0
2014-06-10,20.605,20.915,20.575,20.835,9098920.0
2014-06-11,20.745,20.815,20.555,20.625,9398794.0
2014-06-12,20.48,20.75,20.44,20.49,11563703.0
2014-06-13,20.46,20.6,20.32,20.44,9193132.0
2014-06-16,20.26,20.84,20.22,20.73,12773042.0
2014-06-17,21.25,21.27,20.68,20.99,26920312.0
2014-06-18,20.86,21.64,20.82,21.63,18461872.0
2014-06-19,21.61,21.94,21.6,21.86,13250683.0
2014-06-20,21.94,21.94,21.6,21.76,23277742.0
2014-06-23,21.53,21.81,21.4,21.8,13091094.0
2014-06-24,21.59,21.96,21.54,21.92,14932818.0
2014-06-25,21.67,22.05,21.53,22.03,17599598.0
2014-06-26,21.98,22.12,21.85,22.1,16891418.0
2014-06-27,22.06,22.36,21.98,22.26,18535328.0
2014-06-30,22.05,22.56,21.89,22.43,14050305.0
2014-07-01,22.46,22.52,22.22,22.36,11475363.0
2014-07-02,22.38,22.48,22.22,22.36,6652980.0
2014-07-03,22.33,22.39,22.08,22.3,7537718.0
2014-07-07,22.03,22.27,22.0,22.21,8990323.0
2014-07-08,22.04,22.32,21.98,22.01,10088843.0
2014-07-09,22.0,22.23,21.86,22.02,9890759.0
2014-07-10,21.63,22.36,21.62,22.33,12563747.0
2014-07-11,22.19,22.32,21.95,22.04,9753084.0
2014-07-14,22.06,22.46,22.05,22.45,11819997.0
2014-07-15,22.33,22.46,22.09,22.19,10277307.0
2014-07-17,22.0,22.22,21.9,22.09,9959569.0
2014-07-18,22.21,22.54,22.09,22.5,19185666.0
2014-07-21,22.19,22.64,22.16,22.47,17593435.0
2014-07-22,21.17,21.4,20.68,21.26,24668578.0
2014-07-23,21.05,21.12,20.7,20.88,17470693.0
2014-07-24,21.04,21.17,20.73,21.04,14795411.0
2014-07-25,20.99,21.11,20.88,21.07,10718947.0
2014-07-28,21.06,21.07,20.68,20.75,11683802.0
2014-07-29,20.82,20.85,20.42,20.42,10523213.0
2014-07-30,20.52,20.57,19.68,19.69,20287796.0
2014-07-31,19.6,19.8,19.32,19.36,15250590.0
2014-08-01,19.2,19.56,19.13,19.36,13005919.0
2014-08-04,19.48,19.53,19.18,19.47,10859991.0
2014-08-05,19.41,19.6,19.17,19.25,11565431.0
2014-08-06,19.2,20.03,19.2,19.99,16434932.0
2014-08-07,20.03,20.08,19.4,19.42,14356871.0
2014-08-08,19.41,19.64,19.33,19.52,13638018.0
2014-08-11,19.59,19.94,19.59,19.64,14095448.0
2014-08-12,19.63,19.91,19.61,19.75,13053770.0
2014-08-13,19.77,20.17,19.77,20.01,9607850.0
2014-08-14,20.0,20.26,20.0,20.25,6814905.0
2014-08-15,20.92,21.22,20.73,20.95,23137866.0
2014-08-18,20.86,21.49,20.86,21.42,14856494.0
2014-08-19,21.42,21.55,21.23,21.33,10231049.0
2014-08-20,21.22,21.41,21.16,21.32,6781910.0
2014-08-21,21.36,21.76,21.29,21.48,11950732.0
2014-08-22,21.36,21.59,21.12,21.19,11202118.0
2014-08-25,21.39,21.51,21.19,21.48,10188738.0
2014-08-26,21.48,21.77,21.48,21.67,8212155.0
2014-08-27,21.6,21.78,21.51,21.67,7629685.0
2014-08-28,21.58,21.77,21.51,21.7,9745927.0
2014-08-29,21.67,21.82,21.54,21.79,7556864.0
2014-09-02,21.59,21.91,21.38,21.71,9772278.0
2014-09-03,21.76,21.92,21.73,21.85,8552425.0
2014-09-04,21.87,22.24,21.8,21.94,16749634.0
2014-09-05,21.93,21.93,21.68,21.91,12499280.0
2014-09-08,21.74,22.01,21.7,21.85,9073924.0
2014-09-09,21.84,22.1,21.82,22.01,11711884.0
2014-09-10,21.97,22.26,21.9,22.24,17429118.0
2014-09-11,22.055,22.435,22.035,22.325,19592639.0
2014-09-12,22.275,22.295,21.735,21.835,12956132.0
2014-09-15,21.825,21.955,21.705,21.875,12239109.0
2014-09-16,21.665,22.165,21.555,22.015,15183514.0
2014-09-17,22.145,22.155,21.685,21.985,16637069.0
2014-09-18,22.125,22.255,21.925,22.165,12521283.0
2014-09-19,22.355,22.715,22.125,22.425,44170132.0
2014-09-22,22.225,22.625,22.105,22.595,11484124.0
2014-09-23,22.375,22.535,22.255,22.265,10247637.0
2014-09-24,22.225,22.715,22.225,22.645,13513816.0
2014-09-25,22.435,22.545,22.145,22.155,11042135.0
2014-09-26,22.375,22.625,22.085,22.575,9705369.0
2014-09-29,22.275,22.635,22.255,22.625,12324452.0
2014-09-30,22.475,23.185,22.455,23.035,21877209.0
2014-10-01,22.925,23.225,22.745,23.115,30038276.0
2014-10-02,22.975,23.145,22.795,23.035,16569816.0
2014-10-03,23.235,23.445,23.035,23.375,13974970.0
2014-10-06,23.405,24.055,23.345,23.975,20195162.0
2014-10-07,23.855,24.515,23.855,24.295,24615463.0
2014-10-08,23.955,24.935,23.885,24.925,26075744.0
2014-10-09,24.815,25.125,24.245,24.245,24720080.0
2014-10-10,24.255,25.245,24.225,24.845,25791998.0
2014-10-13,24.655,25.005,24.405,24.445,20094528.0
2014-10-14,24.415,24.495,23.845,24.015,20270832.0
2014-10-15,23.075,23.905,23.075,23.605,22947512.0
2014-10-16,23.025,23.315,22.755,22.935,21966929.0
2014-10-17,23.065,23.405,22.685,23.255,22886345.0
2014-10-20,23.125,23.835,23.085,23.665,17601209.0
2014-10-21,21.175,21.565,20.635,21.055,55613442.0
2014-10-22,20.565,21.485,20.475,20.995,27615438.0
2014-10-23,21.315,21.755,21.115,21.235,22825068.0
2014-10-24,21.355,21.645,21.295,21.405,13355897.0
2014-10-27,21.075,21.275,20.935,21.135,15152668.0
2014-10-28,21.135,21.235,20.885,20.935,18174303.0
2014-10-29,21.025,21.405,20.895,21.335,24696673.0
2014-10-30,21.365,21.965,21.205,21.775,19337904.0
2014-10-31,22.205,22.265,21.775,22.255,18136157.0
2014-11-03,22.165,22.655,21.965,22.185,13164962.0
2014-11-04,22.145,22.425,22.035,22.195,9709868.0
2014-11-05,22.675,22.915,22.365,22.685,18594586.0
2014-11-06,22.805,22.995,22.485,22.665,11362212.0
2014-11-07,22.825,22.835,22.515,22.695,9455475.0
2014-11-10,22.625,22.945,22.465,22.765,9016860.0
2014-11-11,22.755,23.085,22.735,22.885,8509148.0
2014-11-12,22.885,23.265,22.685,23.085,12745646.0
2014-11-13,23.025,23.455,23.005,23.165,11996711.0
2014-11-14,23.075,23.345,22.875,23.105,10711447.0
2014-11-17,23.125,23.365,23.105,23.295,10562500.0
2014-11-18,23.325,24.235,23.125,23.905,26053563.0
2014-11-19,24.045,24.805,23.935,24.595,25214522.0
2014-11-20,24.335,24.795,24.225,24.625,13446897.0
2014-11-21,24.955,25.115,24.655,24.875,13972689.0
2014-11-24,24.885,25.155,24.575,24.645,12814071.0
2014-11-25,24.645,24.965,24.495,24.805,10248998.0
2014-11-26,24.67,25.04,24.65,24.97,9048402.0
2014-11-28,24.83,25.68,24.83,25.51,10501972.0
2014-12-01,24.86,25.44,24.81,25.23,10049246.0
2014-12-02,25.05,25.35,24.91,25.22,9862355.0
2014-12-03,25.1,25.12,24.44,24.48,15231010.0
2014-12-04,24.3,24.52,24.05,24.18,13765660.0
2014-12-05,24.18,24.29,23.88,24.21,12494795.0
2014-12-08,24.19,24.31,23.77,23.82,12789316.0
2014-12-09,22.83,23.21,22.35,22.72,25342980.0
2014-12-10,22.72,22.92,22.24,22.28,18220816.0
2014-12-11,22.3,22.69,22.18,22.21,16117354.0
2014-12-12,22.07,22.29,21.55,21.59,18338702.0
2014-12-15,21.81,21.86,21.24,21.25,22938939.0
2014-12-16,20.88,21.99,20.48,21.07,23416908.0
2014-12-17,21.12,22.44,21.06,22.23,20141844.0
2014-12-18,22.54,23.07,22.43,23.07,17762540.0
2014-12-19,23.12,23.47,22.57,22.63,22918690.0
2014-12-22,22.82,23.12,22.77,23.03,11136796.0
2014-12-23,23.22,23.82,23.15,23.65,13002504.0
2014-12-24,23.78,23.91,23.6,23.62,6405910.0
2014-12-26,23.65,23.98,23.61,23.64,6284048.0
2014-12-29,23.48,23.74,23.17,23.54,8200312.0
2014-12-30,23.42,23.67,23.33,23.44,8923310.0
2014-12-31,23.6,23.62,22.9,22.9,9273520.0
2015-01-02,22.94,23.08,22.48,22.82,9887461.0
2015-01-05,23.37,23.65,22.76,22.82,26185059.0
2015-01-06,23.09,23.62,22.92,23.14,16698948.0
2015-01-07,23.48,23.79,23.26,23.67,13331489.0
2015-01-08,23.86,24.25,23.78,24.19,21328452.0
2015-01-09,24.15,24.24,23.63,23.71,12627058.0
2015-01-12,23.75,23.87,23.14,23.32,11284891.0
2015-01-13,23.51,23.92,23.13,23.31,12473269.0
2015-01-14,22.76,23.28,22.75,23.24,13412261.0
2015-01-15,23.51,23.54,22.85,23.06,11121429.0
2015-01-16,23.04,23.27,22.92,23.21,14973900.0
2015-01-20,23.38,24.0,23.29,23.84,15999294.0
2015-01-21,23.57,24.04,23.44,23.9,3328180.0
2015-01-22,24.05,24.51,23.75,24.46,13641251.0
2015-01-23,24.28,24.43,23.86,23.99,12332762.0
2015-01-26,23.86,23.91,23.51,23.68,10596410.0
2015-01-27,23.22,23.32,22.83,23.07,15176890.0
2015-01-28,23.27,23.47,22.58,22.6,13594105.0
2015-01-29,22.45,22.83,22.15,22.78,13481980.0
2015-01-30,22.51,22.61,21.79,21.85,19027141.0
2015-02-02,21.89,22.31,21.58,22.27,15026322.0
2015-02-03,22.43,22.53,22.05,22.31,13143349.0
2015-02-04,22.45,22.77,22.3,22.36,15876111.0
2015-02-05,22.48,22.5,22.19,22.47,10997643.0
2015-02-06,22.31,22.44,22.0,22.13,12093734.0
2015-02-09,22.06,22.13,21.72,21.91,13312968.0
2015-02-10,23.59,23.71,22.88,23.08,31719970.0
2015-02-11,22.78,23.17,22.38,23.05,20388326.0
2015-02-12,23.08,23.34,22.75,22.85,13780821.0
2015-02-13,22.7,22.91,22.44,22.67,10763245.0
2015-02-17,22.49,22.56,22.32,22.49,12694580.0
2015-02-18,22.43,22.48,22.15,22.41,9735820.0
2015-02-19,22.36,22.92,22.21,22.79,16554610.0
2015-02-20,22.72,22.79,22.32,22.65,15978231.0
2015-02-23,22.39,22.85,22.37,22.53,11814061.0
2015-02-24,22.53,23.01,22.45,22.81,12747294.0
2015-02-25,22.85,22.92,22.42,22.73,10166054.0
2015-02-26,22.72,23.23,22.65,23.14,14301071.0
2015-02-27,23.2,24.34,23.15,23.98,25728585.0
2015-03-02,23.8,23.96,23.76,23.88,13466155.0
2015-03-03,23.79,23.84,23.52,23.63,9891675.0
2015-03-04,23.6,23.66,23.15,23.18,16203594.0
2015-03-05,23.24,23.28,22.93,23.08,9164453.0
2015-03-06,22.8,22.88,22.01,22.2,18102414.0
2015-03-09,22.21,22.23,22.0,22.07,10069938.0
2015-03-10,21.78,21.83,21.36,21.37,14508810.0
2015-03-11,21.41,21.41,20.76,20.78,18255700.0
2015-03-12,21.11,21.58,21.03,21.58,17369725.0
2015-03-13,21.45,21.58,20.62,20.92,17286049.0
2015-03-16,21.01,21.36,21.0,21.3,14855732.0
2015-03-17,21.68,21.74,21.33,21.52,21598450.0
2015-03-18,21.49,21.8,20.81,21.61,24076238.0
2015-03-19,21.49,21.53,20.97,21.03,15945403.0
2015-03-20,21.08,21.67,21.02,21.66,30362352.0
2015-03-23,21.65,21.95,21.51,21.63,16914310.0
2015-03-24,21.92,21.99,21.48,21.48,13409194.0
2015-03-25,21.6,21.71,21.25,21.46,22506604.0
2015-03-26,21.35,21.57,21.24,21.36,17286422.0
2015-03-27,21.49,21.49,20.98,21.09,14305195.0
2015-03-30,21.12,21.62,20.95,21.52,12393390.0
2015-03-31,21.52,21.91,21.36,21.56,16266371.0
2015-04-01,21.8,21.82,21.24,21.69,14172713.0
2015-04-02,21.74,21.88,21.49,21.69,14279271.0
2015-04-06,21.78,22.62,21.6,22.18,19755133.0
2015-04-07,22.06,22.38,21.98,22.02,9720533.0
2015-04-08,21.99,22.1,21.75,21.9,8883795.0
2015-04-09,21.81,22.09,21.64,22.06,12678157.0
2015-04-10,22.1,22.17,21.86,21.89,8687584.0
2015-04-13,21.98,21.98,21.71,21.71,9409013.0
2015-04-14,21.6,21.66,21.33,21.52,11183121.0
2015-04-15,21.6,21.82,21.33,21.41,11154521.0
2015-04-16,21.42,21.87,21.31,21.61,12751819.0
2015-04-17,21.48,21.67,21.11,21.31,15123374.0
2015-04-20,21.43,21.91,21.42,21.67,12990728.0
2015-04-21,21.68,22.0,21.55,21.79,19289942.0
2015-04-22,22.57,22.58,22.08,22.32,26743619.0
2015-04-23,22.24,22.42,21.93,21.96,17356591.0
2015-04-24,22.05,22.13,21.82,21.9,11341573.0
2015-04-27,22.01,22.16,21.79,21.84,9995678.0
2015-04-28,21.96,21.98,21.61,21.78,12027445.0
2015-04-29,21.67,21.76,21.41,21.5,11247056.0
2015-04-30,21.41,21.59,21.29,21.57,12270890.0
2015-05-01,21.59,21.94,21.51,21.92,10780357.0
2015-05-04,21.89,22.11,21.78,21.97,10167736.0
2015-05-05,22.15,22.15,21.69,21.76,11677580.0
2015-05-06,22.05,22.1,21.4,21.67,11709602.0
2015-05-07,21.54,21.92,21.52,21.71,13794719.0
2015-05-08,22.01,22.18,21.86,21.99,11097471.0
2015-05-11,21.99,22.4,21.89,21.95,10100565.0
2015-05-12,21.78,21.97,21.53,21.7,11862998.0
2015-05-13,21.76,22.37,21.73,22.06,13092859.0
2015-05-14,22.31,22.6,22.26,22.51,9769427.0
2015-05-15,22.46,22.7,22.44,22.53,8448908.0
2015-05-18,22.5,22.5,22.26,22.33,11442064.0
2015-05-19,22.24,22.4,22.14,22.32,9035060.0
2015-05-20,22.38,22.6,22.32,22.36,10952256.0
2015-05-21,22.27,22.33,22.08,22.24,9267798.0
2015-05-22,22.13,22.25,22.05,22.22,11874541.0
2015-05-26,22.13,22.19,21.75,22.0,15153205.0
2015-05-27,21.95,22.21,21.84,22.13,9816766.0
2015-05-28,22.21,22.31,21.89,22.15,9227223.0
2015-05-29,22.19,22.19,21.77,21.97,19084978.0
2015-06-01,22.37,22.41,21.89,21.95,12413995.0
2015-06-02,21.85,22.16,21.69,22.0,11877573.0
2015-06-03,22.11,22.22,21.79,21.88,8148232.0
2015-06-04,21.72,21.99,21.54,21.6,10055345.0
2015-06-05,21.49,21.53,21.09,21.11,15915732.0
2015-06-08,21.11,21.27,21.03,21.17,14193934.0
2015-06-09,21.18,21.42,21.12,21.21,10497084.0
2015-06-10,21.33,21.55,21.29,21.34,11894245.0
2015-06-11,21.45,21.59,21.37,21.44,10663805.0
2015-06-12,21.38,21.46,21.18,21.3,15491197.0
2015-06-15,21.17,21.2,20.91,20.93,11233394.0
2015-06-16,20.97,21.49,20.94,21.42,12475786.0
2015-06-17,21.42,21.66,21.35,21.61,13657011.0
2015-06-18,21.5,22.08,21.5,21.99,15851027.0
2015-06-19,21.93,21.99,21.74,21.74,20298114.0
2015-06-22,21.85,22.15,21.8,21.82,8718223.0
2015-06-23,21.77,21.86,21.65,21.72,11036191.0
2015-06-24,21.71,21.79,21.53,21.53,7761476.0
2015-06-25,21.62,21.68,21.36,21.36,10585165.0
2015-06-26,21.44,21.69,21.34,21.34,15553450.0
2015-06-29,21.14,21.32,20.74,20.74,15331343.0
2015-06-30,20.95,20.95,20.46,20.57,14547669.0
2015-07-01,20.72,20.94,20.62,20.84,10922650.0
2015-07-02,20.97,21.15,20.69,20.83,8855854.0
2015-07-06,20.66,20.94,20.56,20.76,10193313.0
2015-07-07,20.83,21.71,20.73,21.59,20037608.0
2015-07-08,21.33,21.57,21.18,21.2,11283721.0
2015-07-09,21.8,21.92,21.24,21.26,13305216.0
2015-07-10,21.61,21.86,21.5,21.73,13160292.0
2015-07-13,21.9,22.11,21.83,22.0,9797371.0
2015-07-14,22.24,22.6,22.18,22.51,19434855.0
2015-07-15,22.49,22.7,22.44,22.47,11221260.0
2015-07-16,22.76,22.94,22.69,22.82,10457561.0
2015-07-17,22.65,22.66,22.39,22.59,9569568.0
2015-07-20,22.69,22.88,22.56,22.72,9996331.0
2015-07-21,22.72,22.86,22.44,22.53,13273950.0
2015-07-22,22.15,22.93,21.93,22.24,15481783.0
2015-07-23,22.33,22.36,21.82,22.18,13468264.0
2015-07-24,22.1,22.17,21.75,21.78,10904884.0
2015-07-27,21.62,21.92,21.5,21.88,10882157.0
2015-07-28,21.99,22.07,21.78,21.89,10669594.0
2015-07-29,21.87,22.05,21.83,21.93,8438422.0
2015-07-30,21.89,22.09,21.73,21.9,8821900.0
2015-07-31,22.22,22.56,22.11,22.42,15208113.0
2015-08-03,22.19,22.89,22.18,22.88,14538445.0
2015-08-04,22.85,23.21,22.68,23.19,17363340.0
2015-08-05,23.26,23.56,23.16,23.46,15292268.0
2015-08-06,23.34,23.59,23.2,23.26,11315828.0
2015-08-07,23.15,23.31,22.87,23.11,10876834.0
2015-08-10,23.23,23.33,22.92,23.02,8208192.0
2015-08-11,22.74,22.91,22.51,22.82,11072970.0
2015-08-12,22.47,22.6,22.19,22.6,9602159.0
2015-08-13,22.62,22.72,22.35,22.44,10147722.0
2015-08-14,22.35,22.59,22.3,22.59,9904768.0
2015-08-17,22.37,22.79,22.31,22.69,8179109.0
2015-08-18,22.62,22.87,22.53,22.64,11189033.0
2015-08-19,22.48,22.58,22.12,22.12,15704801.0
2015-08-20,21.86,22.16,21.76,21.89,14201919.0
2015-08-21,21.5,21.81,20.85,20.87,27193502.0
2015-08-24,19.33,20.28,17.9,19.72,43512901.0
2015-08-25,20.47,20.61,19.27,19.33,30719852.0
2015-08-26,20.09,20.17,19.23,20.07,23221847.0
2015-08-27,20.4,20.72,19.94,20.61,17248310.0
2015-08-28,20.45,20.81,20.39,20.79,14478028.0
2015-08-31,20.49,20.79,20.39,20.66,12509794.0
2015-09-01,20.01,20.37,19.88,20.09,23514192.0
2015-09-02,20.37,20.41,19.9,20.24,14033072.0
2015-09-03,20.24,20.68,20.18,20.5,13250709.0
2015-09-04,20.02,20.13,19.71,19.86,15376869.0
2015-09-08,20.21,20.37,19.94,20.24,15009603.0
2015-09-09,20.46,20.55,19.54,19.64,13658969.0
2015-09-10,19.65,19.99,19.59,19.76,14889577.0
2015-09-11,19.68,19.86,19.51,19.8,11706499.0
2015-09-14,19.89,19.89,19.52,19.77,8896115.0
2015-09-15,19.74,20.3,19.59,20.17,12934886.0
2015-09-16,20.34,20.86,20.14,20.82,22120022.0
2015-09-17,20.82,21.28,20.71,21.05,20990900.0
2015-09-18,20.53,20.97,20.38,20.65,27196047.0
2015-09-21,20.72,20.98,20.61,20.86,12555186.0
2015-09-22,20.35,20.66,20.25,20.46,14916591.0
2015-09-23,20.46,20.55,20.22,20.43,8879987.0
2015-09-24,20.19,20.86,20.18,20.82,19109267.0
2015-09-25,21.1,21.75,21.0,21.29,22157283.0
2015-09-28,21.19,21.49,21.0,21.2,19302596.0
2015-09-29,21.19,21.38,21.0,21.33,14113032.0
2015-09-30,21.55,21.9,21.47,21.79,19504072.0
2015-10-01,21.89,22.14,21.27,21.47,19545385.0
2015-10-02,21.23,22.06,21.03,22.06,15222932.0
2015-10-05,22.12,22.72,22.1,22.68,15374053.0
2015-10-06,22.71,23.01,22.6,22.63,14416207.0
2015-10-07,22.81,23.28,22.77,23.19,14329736.0
2015-10-08,22.93,23.66,22.93,23.65,11906583.0
2015-10-09,23.49,23.79,23.45,23.69,13857949.0
2015-10-12,23.5,23.96,23.48,23.67,11506013.0
2015-10-13,23.47,23.58,23.21,23.32,12758965.0
2015-10-14,23.23,23.63,23.23,23.35,13750774.0
2015-10-15,23.54,23.69,23.27,23.59,11400306.0
2015-10-16,23.83,23.88,23.55,23.69,20294721.0
2015-10-19,23.57,23.72,23.47,23.66,15510767.0
2015-10-20,23.67,24.07,23.67,23.96,16120133.0
2015-10-21,23.61,24.18,23.38,23.86,19254905.0
2015-10-22,24.11,25.52,24.08,24.91,35863996.0
2015-10-23,24.98,24.98,24.42,24.46,18732158.0
2015-10-26,24.43,24.56,24.13,24.26,14749340.0
2015-10-27,24.17,24.44,24.15,24.28,30158029.0
2015-10-28,24.42,24.5,23.88,24.4,13641433.0
2015-10-29,24.33,24.57,24.0,24.46,9323836.0
2015-10-30,24.47,24.53,24.02,24.02,15114449.0
2015-11-02,23.99,24.03,23.57,23.91,16191517.0
2015-11-03,23.85,23.99,23.48,23.83,9674779.0
2015-11-04,23.94,24.06,23.56,23.64,10362693.0
2015-11-05,23.67,24.02,23.65,24.0,9557911.0
2015-11-06,23.64,23.88,23.28,23.63,11919366.0
2015-11-09,23.37,23.46,23.01,23.21,10819620.0
2015-11-10,23.11,23.48,23.1,23.44,8262878.0
2015-11-11,23.61,23.87,23.59,23.71,9087103.0
2015-11-12,23.68,23.72,23.24,23.25,10486626.0
2015-11-13,23.13,23.45,23.03,23.05,11173608.0
2015-11-16,23.1,23.67,23.06,23.63,10882205.0
2015-11-17,23.52,23.82,23.17,23.34,12731226.0
2015-11-18,23.44,24.02,23.35,23.95,12908923.0
2015-11-19,23.99,24.97,23.99,24.78,23670806.0
2015-11-20,24.98,25.25,24.07,24.1,19598602.0
2015-11-23,24.22,24.85,24.2,24.63,13201960.0
2015-11-24,24.37,25.27,24.33,25.03,15767155.0
2015-11-25,24.99,25.17,24.91,25.03,10337595.0
2015-11-27,25.04,25.24,24.8,25.15,7236711.0
2015-11-30,25.12,25.15,24.6,24.62,15595155.0
2015-12-01,24.73,25.1,24.73,24.89,11145233.0
2015-12-02,24.83,24.93,24.59,24.77,12587879.0
2015-12-03,24.73,24.89,24.32,24.46,15004360.0
2015-12-04,24.58,25.48,24.58,25.29,16487970.0
2015-12-07,25.31,25.44,25.0,25.2,11902701.0
2015-12-08,25.05,25.25,24.79,25.01,10731164.0
2015-12-09,24.78,25.26,24.5,24.66,12944998.0
2015-12-10,24.73,25.07,24.52,24.76,15481945.0
2015-12-11,24.63,24.83,24.14,24.27,17312833.0
2015-12-14,24.31,24.76,23.97,24.45,20041296.0
2015-12-15,24.84,25.24,24.76,25.07,17800159.0
2015-12-16,25.25,25.91,25.25,25.84,21816663.0
2015-12-17,25.81,25.89,25.42,25.49,14668775.0
2015-12-18,25.36,25.42,24.5,24.5,24465972.0
2015-12-21,24.82,24.93,24.46,24.78,10375880.0
2015-12-22,24.86,25.39,24.71,25.29,12278976.0
2015-12-23,25.39,25.72,25.35,25.67,9082436.0
2015-12-24,25.49,25.72,25.42,25.54,3036573.0
2015-12-28,25.44,25.52,25.31,25.49,6325500.0
2015-12-29,25.54,25.78,25.5,25.71,7738616.0
2015-12-30,25.75,25.77,25.45,25.57,5098579.0
2015-12-31,25.3,25.34,24.87,24.96,9571844.0
2016-01-04,24.34,24.5,23.96,24.4,16040180.0
2016-01-05,24.31,24.62,24.17,24.55,15769451.0
2016-01-06,24.2,24.51,24.04,24.32,16234372.0
2016-01-07,23.65,24.11,23.45,23.62,20454992.0
2016-01-08,23.65,24.12,23.41,23.51,14629905.0
2016-01-11,23.58,23.86,23.29,23.58,15748627.0
2016-01-12,24.3,24.45,23.87,24.12,21803769.0
2016-01-13,24.17,24.57,23.79,23.85,16828452.0
2016-01-14,23.99,24.17,23.64,23.88,16027453.0
2016-01-15,22.95,23.59,22.92,23.5,21051551.0
2016-01-19,23.77,24.12,23.65,23.92,15422324.0
2016-01-20,23.45,23.62,22.75,23.38,19915619.0
2016-01-21,23.45,23.51,23.08,23.39,15547104.0
2016-01-22,23.64,24.23,23.45,24.06,15208224.0
2016-01-25,24.24,24.5,23.93,24.16,12482260.0
2016-01-26,24.16,24.5,23.93,24.08,12993950.0
2016-01-27,24.18,24.46,23.81,24.09,14159245.0
2016-01-28,24.18,24.72,24.06,24.57,16622808.0
2016-01-29,24.86,25.26,24.65,24.92,20425556.0
2016-02-01,24.6,25.15,24.57,25.0,17060806.0
2016-02-02,24.7,24.79,24.4,24.44,12324990.0
2016-02-03,24.8,24.93,24.28,24.72,15958298.0
2016-02-04,24.52,24.89,24.4,24.53,14413633.0
2016-02-05,24.93,24.99,24.26,24.44,17299962.0
2016-02-08,24.17,24.7,23.9,24.65,17252430.0
2016-02-09,24.26,25.49,24.26,25.3,24839359.0
2016-02-10,25.34,25.39,24.51,24.55,16728121.0
2016-02-11,24.03,24.61,23.98,24.41,16825075.0
2016-02-12,24.72,25.13,24.56,25.11,15205069.0
2016-02-16,25.32,25.46,25.02,25.36,12675527.0
2016-02-17,25.42,25.62,25.28,25.49,12313675.0
2016-02-18,25.63,25.73,25.3,25.61,11154722.0
2016-02-19,25.58,25.77,25.28,25.77,12849869.0
2016-02-22,25.76,26.16,25.63,25.94,20714538.0
2016-02-23,25.74,26.05,25.66,25.69,11157042.0
2016-02-24,25.56,25.94,25.37,25.91,10817814.0
2016-02-25,25.96,26.18,25.86,26.16,10898229.0
2016-02-26,26.04,26.05,25.1,25.14,18397565.0
2016-02-29,25.17,25.6,24.92,25.13,15018260.0
2016-03-01,25.38,25.69,25.17,25.69,12358145.0
2016-03-02,25.47,25.77,25.42,25.77,12856310.0
2016-03-03,25.61,25.98,25.54,25.96,13117207.0
2016-03-04,25.78,26.15,25.68,26.11,13685206.0
2016-03-07,25.91,26.14,25.86,26.01,10682726.0
2016-03-08,25.92,26.47,25.81,26.32,18888698.0
2016-03-09,26.39,26.83,26.29,26.81,18463250.0
2016-03-10,26.84,27.26,26.68,27.23,28880636.0
2016-03-11,27.35,27.6,27.28,27.55,16069513.0
2016-03-14,27.39,27.77,27.39,27.64,13183021.0
2016-03-15,27.43,27.91,27.42,27.59,13667583.0
2016-03-16,27.4,27.52,26.9,27.4,15367089.0
2016-03-17,27.4,28.26,27.31,28.12,24060819.0
2016-03-18,28.19,28.22,27.74,27.95,23844934.0
2016-03-21,27.77,28.22,27.71,28.02,9740034.0
2016-03-22,27.9,28.08,27.74,27.85,13787749.0
2016-03-23,27.75,28.06,27.7,27.81,9291789.0
2016-03-24,27.8,27.95,27.54,27.93,10877623.0
2016-03-28,27.91,28.28,27.86,28.15,13305422.0
2016-03-29,28.21,28.86,28.16,28.83,24998894.0
2016-03-30,28.98,29.08,28.68,28.93,14311955.0
2016-03-31,28.9,29.23,28.67,28.74,15538557.0
2016-04-01,28.49,29.22,28.46,29.18,14922512.0
2016-04-04,29.19,29.28,28.85,29.24,10622258.0
2016-04-05,28.97,29.16,28.79,28.88,10685787.0
2016-04-06,28.92,29.08,28.73,29.06,9122641.0
2016-04-07,28.85,28.93,28.51,28.71,9291886.0
2016-04-08,28.79,29.33,28.79,29.22,11946949.0
2016-04-11,29.25,29.48,28.76,28.79,11879673.0
2016-04-12,28.76,29.11,28.7,29.0,11219101.0
2016-04-13,29.12,29.13,28.17,28.39,13230765.0
2016-04-14,28.41,28.57,28.09,28.18,12981240.0
2016-04-15,28.17,28.5,28.03,28.45,13633417.0
2016-04-18,28.48,28.63,28.17,28.57,11537944.0
2016-04-19,28.66,28.97,28.5,28.95,14413711.0
2016-04-20,27.69,27.73,26.41,26.72,40344684.0
2016-04-21,26.61,26.63,25.22,26.01,37195154.0
2016-04-22,26.14,27.01,26.14,26.89,25116045.0
2016-04-25,26.85,27.07,26.73,27.06,11173721.0
2016-04-26,27.27,27.31,26.78,26.88,13923244.0
2016-04-27,26.99,27.21,26.6,27.03,11324838.0
2016-04-28,26.85,27.25,26.81,26.98,10932509.0
2016-04-29,26.88,27.21,26.85,27.15,11707236.0
2016-05-02,26.92,27.54,26.92,27.33,12566083.0
2016-05-03,27.22,27.41,27.0,27.19,10420255.0
2016-05-04,27.07,27.46,26.85,27.33,9337556.0
2016-05-05,27.28,27.84,27.22,27.41,8789666.0
2016-05-06,27.41,27.76,27.26,27.67,8563796.0
2016-05-09,27.67,27.85,27.52,27.59,8110493.0
2016-05-10,27.79,28.19,27.77,28.1,8931387.0
2016-05-11,28.08,28.23,27.8,27.81,8833093.0
2016-05-12,27.9,28.24,27.83,28.18,10452915.0
2016-05-13,28.1,28.18,27.58,27.7,10329202.0
2016-05-16,27.51,28.08,27.49,27.97,9399949.0
2016-05-17,27.8,27.91,27.06,27.1,17456754.0
2016-05-18,26.91,27.18,26.58,26.83,12524171.0
2016-05-19,26.6,26.74,26.39,26.67,10652224.0
2016-05-20,26.86,26.89,26.29,26.3,12913866.0
2016-05-23,26.42,26.5,26.29,26.32,13553373.0
2016-05-24,26.45,26.77,26.35,26.72,12633892.0
2016-05-25,26.86,26.98,26.6,26.73,9218142.0
2016-05-26,26.88,27.11,26.79,27.04,8695717.0
2016-05-27,27.06,27.31,27.0,27.13,7893170.0
2016-05-31,27.33,27.33,26.61,26.95,18934805.0
2016-06-01,26.95,27.12,26.84,27.05,8898124.0
2016-06-02,27.05,27.07,26.85,27.07,6682821.0
2016-06-03,27.1,27.4,27.03,27.39,13434857.0
2016-06-06,27.44,27.83,27.43,27.72,10308550.0
2016-06-07,27.7,27.83,27.55,27.67,9812130.0
2016-06-08,27.59,28.01,27.54,27.9,7915401.0
2016-06-09,27.68,28.15,27.66,28.11,8042848.0
2016-06-10,27.97,28.36,27.91,28.34,12356205.0
2016-06-13,28.18,28.37,27.79,27.82,10603098.0
2016-06-14,27.55,27.83,27.14,27.74,11296727.0
2016-06-15,27.82,28.04,27.57,27.71,8352409.0
2016-06-16,27.57,28.04,27.42,28.01,11305129.0
2016-06-17,27.87,27.92,27.08,27.49,20805235.0
2016-06-20,27.79,28.01,27.66,27.68,10709192.0
2016-06-21,27.86,27.98,27.7,27.83,7918895.0
2016-06-22,27.95,28.02,27.51,27.56,10738654.0
2016-06-23,27.73,27.87,27.54,27.78,9653861.0
2016-06-24,26.9,27.25,26.52,26.63,25992714.0
2016-06-27,26.37,26.47,26.22,26.39,1090182.0
2016-06-28,26.76,26.89,26.37,26.88,16498916.0
2016-06-29,27.09,27.41,26.94,27.14,12250901.0
2016-06-30,27.22,28.03,27.19,28.03,16055854.0
2016-07-01,28.02,28.11,27.77,27.82,11797925.0
2016-07-05,27.86,28.37,27.85,28.13,12339042.0
2016-07-06,28.2,28.25,27.61,27.97,10902569.0
2016-07-07,28.12,28.22,27.67,27.79,9739821.0
2016-07-08,28.0,28.22,27.76,28.08,11119258.0
2016-07-11,28.05,28.47,27.81,28.27,10937741.0
2016-07-12,28.34,28.41,27.88,28.28,9746804.0
2016-07-13,28.31,28.46,28.13,28.44,8028213.0
2016-07-14,28.43,28.64,28.28,28.39,7619232.0
2016-07-15,28.58,28.6,28.14,28.33,10620952.0
2016-07-18,28.39,28.4,28.18,28.33,7958313.0
2016-07-19,28.16,28.41,28.13,28.33,7761080.0
2016-07-20,28.45,28.47,28.09,28.21,8466264.0
2016-07-21,28.04,28.21,27.95,28.15,8138952.0
2016-07-22,28.2,28.53,28.16,28.53,8835344.0
2016-07-25,28.51,28.53,28.17,28.27,9134131.0
2016-07-26,28.23,28.35,27.53,27.58,15818027.0
2016-07-27,26.6,26.76,25.8,26.1,37452672.0
2016-07-28,25.97,26.39,25.92,26.35,13068394.0
2016-07-29,26.42,26.45,26.18,26.33,16529296.0
2016-08-01,26.39,26.53,26.13,26.15,12349423.0
2016-08-02,26.05,26.28,26.01,26.23,12824316.0
2016-08-03,26.36,26.4,26.07,26.34,12119064.0
2016-08-04,26.26,26.49,26.1,26.21,11236058.0
2016-08-05,26.35,26.45,26.11,26.18,10390059.0
2016-08-08,26.13,26.21,25.92,26.14,8672915.0
2016-08-09,26.2,26.34,26.07,26.17,7281032.0
2016-08-10,26.34,26.39,26.2,26.31,8381336.0
2016-08-11,26.42,26.57,26.32,26.45,11303257.0
2016-08-12,26.61,26.89,26.49,26.73,10918082.0
2016-08-15,26.8,27.03,26.71,26.94,10390638.0
2016-08-16,26.95,26.95,26.53,26.53,9705954.0
2016-08-17,26.71,26.77,26.48,26.76,11207122.0
2016-08-18,26.71,26.96,26.7,26.8,9132903.0
2016-08-19,26.75,26.76,26.44,26.62,9385896.0
2016-08-22,26.64,26.64,26.42,26.44,8687414.0
2016-08-23,26.55,26.68,26.44,26.55,8420847.0
2016-08-24,26.52,26.64,26.36,26.55,11508874.0
2016-08-25,26.55,26.64,26.33,26.37,9815158.0
2016-08-26,26.42,26.62,26.01,26.02,11817536.0
2016-08-29,26.04,26.31,26.03,26.24,9544543.0
2016-08-30,26.16,26.23,25.82,25.94,9710276.0
2016-08-31,26.13,26.16,25.78,26.13,10200277.0
2016-09-01,25.91,26.11,25.9,26.05,8450090.0
2016-09-02,26.22,26.53,26.17,26.36,9025875.0
2016-09-06,26.44,26.5,26.09,26.49,8585062.0
2016-09-07,26.42,26.5,26.23,26.34,8656552.0
2016-09-08,26.37,26.43,26.15,26.33,10020217.0
2016-09-09,26.13,26.13,24.97,24.97,23607229.0
2016-09-12,25.06,25.93,25.04,25.89,15921267.0
2016-09-13,25.82,25.82,25.26,25.33,12962670.0
2016-09-14,25.32,25.46,25.04,25.16,9823526.0
2016-09-15,25.06,25.44,24.93,25.41,10244482.0
2016-09-16,25.22,25.31,25.01,25.19,16344768.0
2016-09-19,25.21,25.42,25.13,25.15,7659863.0
2016-09-20,25.36,25.58,25.29,25.39,8391298.0
2016-09-21,25.33,25.66,25.15,25.58,13645256.0
2016-09-22,25.76,26.06,25.74,26.01,9288216.0
2016-09-23,25.86,25.99,25.7,25.79,8852667.0
2016-09-26,25.76,25.77,25.06,25.1,15035269.0
2016-09-27,25.24,25.68,25.05,25.64,11899759.0
2016-09-28,25.68,25.81,25.08,25.2,15503713.0
2016-09-29,25.07,25.44,24.9,25.08,12629680.0
2016-09-30,25.26,25.55,25.11,25.37,14333041.0
2016-10-03,25.36,25.36,24.93,25.08,11141196.0
2016-10-04,25.39,25.39,24.83,24.89,13679778.0
2016-10-05,24.98,25.12,24.72,24.86,9593355.0
2016-10-06,24.73,24.99,24.63,24.76,9722473.0
2016-10-07,24.88,24.99,24.61,24.78,8110195.0
2016-10-10,24.97,25.04,24.65,24.78,8983410.0
2016-10-11,24.71,24.75,24.45,24.59,12249058.0
2016-10-12,24.68,24.89,24.55,24.83,12216484.0
2016-10-13,24.7,24.94,24.56,24.81,17637029.0
2016-10-14,24.9,24.95,24.67,24.72,9873325.0
2016-10-17,24.78,24.91,24.62,24.65,10777526.0
2016-10-18,24.86,25.05,24.78,25.02,11288524.0
2016-10-19,24.98,25.16,24.86,25.1,16365541.0
2016-10-20,25.02,25.16,24.94,24.98,10620488.0
2016-10-21,24.9,25.22,24.73,25.18,14390511.0
2016-10-24,25.37,25.82,25.3,25.61,13392988.0
2016-10-25,25.69,25.93,25.48,25.59,16443941.0
2016-10-26,26.05,26.08,25.46,25.49,16872330.0
2016-10-27,25.68,25.69,24.95,25.17,14537026.0
2016-10-28,25.31,25.52,25.15,25.28,13396014.0
2016-10-31,25.17,25.46,25.17,25.45,13316314.0
2016-11-01,25.45,25.47,24.96,25.17,12211028.0
2016-11-02,25.15,25.39,25.06,25.1,11996533.0
2016-11-03,25.27,25.27,25.01,25.08,11238744.0
2016-11-04,24.9,25.09,24.74,24.74,14448003.0
2016-11-07,25.09,25.55,25.09,25.51,13999533.0
2016-11-08,25.42,26.03,25.42,25.93,12016470.0
2016-11-09,24.81,25.37,24.75,25.32,21348582.0
2016-11-10,24.91,25.31,23.9,23.99,33225227.0
2016-11-11,24.0,24.18,23.68,24.08,13403457.0
2016-11-14,24.18,24.47,23.9,24.22,19513910.0
2016-11-15,24.23,24.57,24.22,24.49,16543375.0
2016-11-16,24.45,24.7,24.2,24.31,12672106.0
2016-11-17,24.33,24.35,24.05,24.17,12398307.0
2016-11-18,24.08,24.25,23.95,23.96,16324695.0
2016-11-21,23.79,24.41,23.78,24.41,12291838.0
2016-11-22,24.5,24.75,24.29,24.42,12743502.0
2016-11-23,24.27,24.36,24.08,24.17,9293976.0
2016-11-25,24.44,24.63,24.29,24.58,7402652.0
2016-11-28,24.56,24.84,24.32,24.8,19389543.0
2016-11-29,24.92,24.92,24.54,24.55,11400913.0
2016-11-30,24.4,24.6,23.75,23.75,22391237.0
2016-12-01,23.71,23.79,23.28,23.57,20397122.0
2016-12-02,23.7,23.89,23.59,23.76,11163102.0
2016-12-05,23.74,24.09,23.71,24.02,15958393.0
2016-12-06,24.15,24.17,23.82,23.97,11303129.0
2016-12-07,23.94,24.69,23.91,24.69,13710576.0
2016-12-08,24.47,24.61,24.24,24.38,13069027.0
2016-12-09,24.9,25.62,24.69,25.4,28113477.0
2016-12-12,25.4,25.41,25.12,25.3,17545772.0
2016-12-13,25.12,25.36,24.94,25.16,18687291.0
2016-12-14,25.29,25.39,24.46,24.61,17920546.0
2016-12-15,24.49,25.21,24.49,24.95,14265159.0
2016-12-16,25.01,25.16,24.88,25.14,19673720.0
2016-12-19,25.09,25.2,24.98,25.07,8668245.0
2016-12-20,25.1,25.12,24.84,25.06,10598574.0
2016-12-21,25.0,25.23,24.92,24.97,9693274.0
2016-12-22,24.97,25.02,24.48,24.95,11893149.0
2016-12-23,25.02,25.09,24.75,25.0,6433652.0
2016-12-27,24.96,25.16,24.94,25.01,6988456.0
2016-12-28,24.89,25.07,24.79,24.79,8836195.0
2016-12-29,24.78,25.09,24.78,25.0,6875237.0
2016-12-30,25.09,25.24,24.75,24.86,11470057.0
2017-01-03,24.9,25.21,24.68,25.2,14689667.0
2017-01-04,25.28,25.37,24.99,25.05,9942417.0
2017-01-05,25.06,25.26,24.92,25.15,8968202.0
2017-01-06,25.1,25.21,24.94,25.14,10246709.0
2017-01-09,24.63,24.98,24.61,24.72,14804793.0
2017-01-10,24.84,24.84,24.26,24.44,19678851.0
2017-01-11,24.25,24.52,24.23,24.45,9256622.0
2017-01-12,24.41,24.44,24.2,24.35,8541181.0
2017-01-13,24.4,24.44,24.09,24.28,8114893.0
2017-01-17,24.24,24.7,24.2,24.62,12469343.0
2017-01-18,24.65,24.77,24.54,24.69,10383358.0
2017-01-19,24.54,24.69,24.43,24.54,10986017.0
2017-01-20,24.67,24.84,24.53,24.72,14695291.0
2017-01-23,24.71,24.9,24.61,24.83,11628885.0
2017-01-24,24.87,25.37,24.87,25.3,17004022.0
2017-01-25,25.34,25.65,25.3,25.52,12530397.0
2017-01-26,25.43,25.51,25.19,25.21,8977122.0
2017-01-27,25.31,25.35,24.82,24.85,12967303.0
2017-01-30,24.7,24.88,24.6,24.78,11621662.0
2017-01-31,24.79,25.08,24.76,24.97,12647270.0
2017-02-01,24.92,25.06,24.65,24.66,11125842.0
2017-02-02,24.81,24.89,24.65,24.8,9450408.0
2017-02-03,24.98,25.19,24.85,24.94,11879385.0
2017-02-06,24.93,25.07,24.8,24.96,15742810.0
2017-02-07,25.1,25.38,25.07,25.3,13314669.0
2017-02-08,25.31,25.55,25.24,25.42,14206989.0
2017-02-09,24.92,25.08,24.12,24.65,27235915.0
2017-02-10,24.42,24.6,23.95,23.98,28841349.0
2017-02-13,24.17,24.23,23.9,24.02,23614965.0
2017-02-14,23.78,24.0,23.62,23.93,32176566.0
2017-02-15,23.82,24.03,23.79,23.84,26599582.0
2017-02-16,23.95,24.68,23.9,24.6,22214321.0
2017-02-17,24.53,24.76,24.45,24.63,15064822.0
2017-02-21,24.6,24.9,24.6,24.86,17072489.0
2017-02-22,24.91,25.08,24.8,25.0,11185547.0
2017-02-23,25.07,25.4,25.02,25.06,12856740.0
2017-02-24,25.1,25.31,25.0,25.18,13198744.0
2017-02-27,25.15,25.15,24.98,25.07,12170536.0
2017-02-28,25.08,25.47,25.04,25.36,15946355.0
2017-03-01,25.41,25.75,25.28,25.56,14661759.0
2017-03-02,25.48,25.96,25.47,25.87,15506368.0
2017-03-03,25.84,25.89,25.65,25.88,11742982.0
2017-03-06,25.74,25.83,25.52,25.58,16299463.0
2017-03-07,25.4,25.64,25.35,25.39,11272455.0
2017-03-08,25.4,25.42,25.14,25.39,14639748.0
2017-03-09,25.49,25.51,25.32,25.43,14495800.0
2017-03-10,25.63,25.8,25.55,25.69,16340446.0
2017-03-13,25.69,25.89,25.61,25.8,12546792.0
2017-03-14,25.75,25.87,25.6,25.74,9841361.0
2017-03-15,25.75,26.04,25.74,25.89,22756148.0
2017-03-16,25.8,26.16,25.67,26.02,16004178.0
2017-03-17,26.05,26.12,25.78,25.8,37497597.0
2017-03-20,25.87,26.11,25.84,25.95,11475891.0
2017-03-21,26.08,26.4,25.98,26.27,17176116.0
2017-03-22,26.33,26.47,26.02,26.15,11598969.0
2017-03-23,25.98,26.16,25.83,25.94,11502364.0
2017-03-24,26.0,26.02,25.68,25.89,13804405.0
2017-03-27,25.88,26.11,25.82,26.09,12386621.0
2017-03-28,26.01,26.33,26.01,26.2,14123715.0
2017-03-29,26.28,26.29,26.06,26.19,9579224.0
2017-03-30,26.12,26.38,26.03,26.37,11987808.0
2017-03-31,26.32,26.42,26.2,26.21,11543648.0
2017-04-03,26.35,26.39,26.04,26.18,11239959.0
2017-04-04,26.28,26.46,26.14,26.45,10945524.0
2017-04-05,26.42,26.62,26.3,26.34,10129086.0
2017-04-06,26.35,26.53,26.24,26.44,14583522.0
2017-04-07,26.41,26.51,26.28,26.38,11010419.0
2017-04-10,26.5,26.57,26.32,26.46,9413282.0
2017-04-11,26.45,26.52,26.28,26.43,8909134.0
2017-04-12,26.31,26.76,26.28,26.71,13417089.0
2017-04-13,26.64,26.85,26.55,26.56,9891537.0
2017-04-17,26.56,26.84,26.55,26.84,11318035.0
2017-04-18,26.88,27.36,26.86,27.25,13164638.0
2017-04-19,27.51,27.56,26.96,27.0,13885921.0
2017-04-20,26.97,27.07,26.82,26.86,10836509.0
2017-04-21,26.75,26.87,26.66,26.84,13811174.0
2017-04-24,27.01,27.2,26.92,27.05,16603967.0
2017-04-25,26.62,27.2,26.59,26.88,18667647.0
2017-04-26,26.83,27.2,26.75,27.01,13625151.0
2017-04-27,26.94,27.05,26.69,26.78,10383720.0
2017-04-28,26.73,26.97,26.62,26.92,10337756.0
2017-05-01,26.92,27.27,26.87,26.99,13208085.0
2017-05-02,26.99,27.21,26.93,27.16,11341459.0
2017-05-03,27.1,27.25,26.92,27.09,10384954.0
2017-05-04,27.19,27.58,27.17,27.43,10193064.0
2017-05-05,27.56,27.61,27.33,27.46,8132539.0
2017-05-08,27.36,27.68,27.31,27.66,14282327.0
2017-05-09,27.66,27.66,27.15,27.28,8691955.0
2017-05-10,27.25,27.39,27.13,27.34,7597653.0
2017-05-11,27.26,27.45,27.2,27.44,6859814.0
2017-05-12,27.41,27.45,27.22,27.36,7275754.0
2017-05-15,27.23,27.53,27.23,27.5,7705928.0
2017-05-16,27.64,27.88,27.54,27.62,10453096.0
2017-05-17,27.58,27.93,27.48,27.7,14538339.0
2017-05-18,27.64,27.73,27.41,27.57,13823283.0
2017-05-19,27.62,27.77,27.53,27.67,11794262.0
2017-05-22,27.66,27.99,27.58,27.95,12849169.0
2017-05-23,28.02,28.37,27.98,28.16,11995863.0
2017-05-24,28.28,28.86,28.28,28.8,12854326.0
2017-05-25,28.77,29.25,28.74,29.18,16690639.0
2017-05-26,29.12,29.33,29.1,29.16,11341229.0
2017-05-30,28.93,29.23,28.88,29.2,13093262.0
2017-05-31,29.2,29.47,29.14,29.24,14187737.0
2017-06-01,29.22,29.56,29.0,29.56,11010876.0
2017-06-02,29.6,29.66,29.37,29.66,9912847.0
2017-06-05,29.55,29.76,29.46,29.76,10014971.0
2017-06-06,29.67,29.83,29.55,29.75,9836716.0
2017-06-07,29.27,29.47,29.12,29.28,12766286.0
2017-06-08,29.16,29.28,28.8,28.9,12803850.0
2017-06-09,28.83,29.12,28.74,29.09,9358785.0
2017-06-12,29.12,29.25,28.92,29.1,11217814.0
2017-06-13,29.14,29.25,28.94,29.17,10023158.0
2017-06-14,29.32,29.61,29.3,29.44,11457074.0
2017-06-15,29.32,29.48,29.18,29.39,9908518.0
2017-06-16,29.45,29.49,29.15,29.45,27022695.0
2017-06-19,29.49,29.52,29.24,29.52,7623917.0
2017-06-20,29.49,30.0,29.46,29.75,14918858.0
2017-06-21,29.76,29.82,29.3,29.36,9515844.0
2017-06-22,29.31,29.42,29.17,29.21,7446300.0
2017-06-23,29.19,29.52,29.17,29.39,9528777.0
2017-06-26,29.46,29.65,29.44,29.57,7747057.0
2017-06-27,29.48,29.53,29.14,29.19,11419181.0
2017-06-28,29.39,29.64,29.37,29.46,9209241.0
2017-06-29,29.27,29.38,28.79,28.97,9280933.0
2017-06-30,29.03,29.26,28.99,28.99,9352684.0
2017-07-03,29.25,29.41,28.9,28.9,6434460.0
2017-07-05,28.93,29.13,28.87,28.96,6839183.0
2017-07-06,28.86,28.99,28.43,28.54,13105293.0
2017-07-07,28.61,28.66,28.38,28.53,9566044.0
2017-07-10,28.59,28.72,28.37,28.52,9671802.0
2017-07-11,28.48,28.62,28.29,28.47,4113206.0
2017-07-12,28.72,28.91,28.58,28.64,2742191.0
2017-07-13,28.64,28.67,28.51,28.58,2622746.0
2017-07-14,28.66,28.86,28.64,28.81,3831807.0
2017-07-17,28.79,28.93,28.76,28.85,2756718.0
2017-07-18,28.92,28.99,28.76,28.82,4439175.0
2017-07-19,28.81,28.98,28.69,28.97,6851751.0
2017-07-20,29.04,29.12,28.89,28.99,2920889.0
2017-07-21,28.92,29.21,28.81,29.17,2923843.0
2017-07-24,29.16,29.19,28.97,29.02,3559732.0
2017-07-25,29.18,29.43,29.08,29.37,5695164.0
2017-07-26,28.65,29.93,28.49,29.87,5634195.0
2017-07-27,29.94,30.57,29.84,30.26,15195172.0
2017-07-28,30.15,30.26,29.87,30.14,5023765.0
2017-07-31,30.14,30.22,29.93,29.98,13622891.0
2017-08-01,30.12,30.19,29.79,29.85,4791620.0
2017-08-02,29.75,29.88,29.52,29.74,3945191.0
2017-08-03,29.83,30.09,29.77,29.83,7165590.0
2017-08-04,29.84,29.9,29.61,29.65,3265936.0
2017-08-07,29.67,29.9,29.66,29.76,2164142.0
2017-08-08,29.76,29.96,29.69,29.74,2092386.0
2017-08-09,29.7,29.8,29.47,29.73,9635260.0
2017-08-10,29.7,29.98,29.6,29.88,8901530.0
2017-08-11,30.0,30.04,29.71,29.73,8357356.0
2017-08-14,29.81,30.08,29.76,29.94,8421179.0
2017-08-15,29.94,30.39,29.94,30.33,9637968.0
2017-08-16,30.29,30.48,30.26,30.34,8087313.0
2017-08-17,30.26,30.47,29.99,30.0,8476195.0
2017-08-18,29.94,30.04,29.77,29.81,10879794.0
2017-08-21,29.81,29.94,29.7,29.82,9429736.0
2017-08-22,29.84,29.89,29.68,29.74,10536716.0
2017-08-23,29.77,29.8,29.58,29.68,6528386.0
2017-08-24,29.68,29.75,29.45,29.55,7534364.0
2017-08-25,29.74,29.9,29.7,29.71,8807143.0
2017-08-28,29.77,29.83,29.52,29.56,8024012.0
2017-08-29,29.54,29.71,29.39,29.59,7761262.0
2017-08-30,29.5,29.68,29.43,29.53,7134878.0
2017-08-31,29.54,29.79,29.48,29.69,14264572.0
2017-09-01,29.78,29.94,29.68,29.92,7391249.0
2017-09-05,29.89,30.07,29.79,30.06,10463891.0
2017-09-06,30.12,30.18,29.93,30.1,9238704.0
2017-09-07,30.15,30.46,30.1,30.42,9418340.0
2017-09-08,30.33,30.51,30.16,30.44,10534915.0
2017-09-11,30.49,30.73,30.36,30.66,10430254.0
2017-09-12,30.64,30.89,30.59,30.86,8567619.0
2017-09-13,30.82,31.12,30.79,31.01,10217985.0
2017-09-14,30.91,30.98,30.45,30.62,13768837.0
2017-09-15,30.81,30.87,30.51,30.69,16141413.0
2017-09-18,30.66,30.75,30.42,30.62,8535281.0
2017-09-19,30.65,30.7,30.4,30.49,7297932.0
2017-09-20,30.27,30.66,30.06,30.29,11026594.0
2017-09-21,30.22,30.3,29.87,29.91,7555292.0
2017-09-22,29.96,30.14,29.88,30.0,8023324.0
2017-09-25,30.01,30.27,29.86,30.2,9215326.0
2017-09-26,30.2,30.38,30.07,30.08,6480138.0
2017-09-27,29.98,30.01,28.89,29.15,14816237.0
2017-09-28,29.18,29.51,29.16,29.42,8789517.0
2017-09-29,29.37,29.62,29.3,29.52,10082221.0
2017-10-02,29.56,29.78,29.26,29.31,10707616.0
2017-10-03,29.37,29.77,29.27,29.7,12038102.0
2017-10-04,29.62,30.07,29.45,30.01,14060338.0
2017-10-05,30.02,30.26,30.01,30.03,10215323.0
2017-10-06,29.9,30.03,29.79,30.0,5437871.0
2017-10-09,30.06,30.16,29.85,29.92,5268348.0
2017-10-10,30.11,30.41,30.04,30.38,6310445.0
2017-10-11,30.39,30.71,30.38,30.61,6638173.0
2017-10-12,30.49,30.65,30.45,30.62,7710216.0
2017-10-13,30.76,30.89,30.66,30.69,7126020.0
2017-10-16,30.63,31.26,30.61,31.13,12708563.0
2017-10-17,31.04,31.14,30.82,31.03,7699367.0
2017-10-18,30.92,31.05,30.75,30.91,6272155.0
2017-10-19,30.88,31.3,30.83,31.1,7515545.0
2017-10-20,31.09,31.1,30.79,30.89,9646790.0
2017-10-23,30.89,31.16,30.74,30.83,7153607.0
2017-10-24,30.77,30.8,30.46,30.69,9539484.0
2017-10-25,30.88,31.27,30.44,30.56,11994174.0
2017-10-26,30.83,31.26,30.73,30.74,10569064.0
2017-10-27,30.64,30.84,30.42,30.58,9987969.0
2017-10-30,30.51,30.58,30.33,30.37,7201867.0
2017-10-31,30.43,30.68,30.35,30.49,6560545.0
2017-11-01,30.26,30.6,30.14,30.31,7067635.0
2017-11-02,30.32,30.46,30.26,30.39,8317810.0
2017-11-03,30.48,30.67,30.43,30.48,4730358.0
2017-11-06,30.42,30.43,29.93,29.98,7451311.0
2017-11-07,29.92,30.46,29.82,30.45,9868033.0
2017-11-08,30.49,30.7,30.38,30.69,7586867.0
2017-11-09,30.63,30.9,30.53,30.74,6532379.0
2017-11-10,30.71,31.15,30.65,31.05,8022885.0
2017-11-13,31.11,31.33,31.05,31.23,7653580.0
2017-11-14,31.22,31.99,31.13,31.94,17200736.0
2017-11-15,31.83,31.97,31.29,31.32,12419146.0
2017-11-16,31.46,31.49,31.02,31.06,12506380.0
2017-11-17,30.85,30.89,29.76,30.22,19720707.0
2017-11-20,30.16,30.39,29.93,29.97,19160872.0
2017-11-21,30.07,30.46,30.05,30.29,10280791.0
2017-11-22,30.4,30.44,30.05,30.35,8434404.0
2017-11-24,30.4,30.56,30.37,30.39,2996338.0
2017-11-27,30.39,30.5,30.32,30.41,5649156.0
2017-11-28,30.5,30.66,30.29,30.34,8432783.0
2017-11-29,30.28,30.33,29.72,30.01,16502110.0
2017-11-30,30.02,30.72,29.91,30.65,17147588.0
2017-12-01,30.68,30.9,30.09,30.85,12468785.0
2017-12-04,30.87,31.26,30.65,31.11,17523581.0
2017-12-05,31.13,31.32,30.94,31.14,13670758.0
2017-12-06,31.21,31.36,31.14,31.33,8153957.0
2017-12-07,31.17,31.2,30.6,30.66,9106494.0
2017-12-08,30.58,30.61,29.93,30.19,13238583.0
2017-12-11,30.06,30.29,29.8,30.21,9698673.0
2017-12-12,30.13,30.4,29.94,30.17,13999340.0
2017-12-13,30.33,30.93,30.28,30.78,12418663.0
2017-12-14,30.69,31.05,30.68,30.91,9028977.0
2017-12-15,31.17,31.3,30.92,31.07,21181606.0
2017-12-18,31.08,31.26,30.79,30.81,10156757.0
2017-12-19,30.92,31.26,30.79,31.01,8253158.0
2017-12-20,31.09,31.18,30.84,30.96,7310961.0
2017-12-21,31.02,31.1,30.44,30.48,9657134.0
2017-12-22,30.57,30.61,30.43,30.47,5406307.0
2017-12-26,30.58,30.74,30.49,30.69,6100436.0
2017-12-27,30.78,30.82,30.6,30.81,5660633.0
2017-12-28,30.79,30.87,30.52,30.6,6538851.0
2017-12-29,30.58,31.06,30.57,30.76,8371536.0
2018-01-02,30.79,30.82,30.39,30.42,10872178.0
2018-01-03,30.37,30.57,30.22,30.32,12635589.0
2018-01-04,30.44,31.1,30.33,30.96,12709370.0
2018-01-05,30.9,31.08,30.67,30.95,13113148.0
2018-01-08,30.83,30.98,30.76,30.88,7068611.0
2018-01-09,30.88,31.24,30.82,31.11,9962424.0
2018-01-10,31.11,31.14,30.81,30.95,10700671.0
2018-01-11,31.11,31.11,30.74,30.92,7583180.0
2018-01-12,31.16,31.27,30.91,31.03,14570149.0
2018-01-16,31.03,31.5,31.02,31.41,16459289.0
2018-01-17,31.46,31.88,31.43,31.7,12143081.0
2018-01-18,31.63,31.95,31.49,31.76,11952931.0
2018-01-19,31.87,32.13,31.75,32.04,16187425.0
2018-01-22,32.02,32.38,31.97,32.26,9577437.0
2018-01-23,32.09,32.58,32.01,32.33,11463742.0
2018-01-24,32.41,32.83,32.36,32.71,15964475.0
2018-01-25,32.58,32.88,32.58,32.72,11755001.0
2018-01-26,32.66,33.5,32.62,33.41,16671227.0
2018-01-29,33.09,33.34,32.46,32.58,11662632.0
2018-01-30,32.61,33.04,32.28,32.29,12404757.0
2018-01-31,32.33,32.78,32.25,32.47,10960082.0
2018-02-01,32.29,32.61,31.99,32.33,10279439.0
2018-02-02,32.23,32.29,31.51,31.61,12912307.0
2018-02-05,31.53,31.8,29.29,29.77,23261475.0
2018-02-06,28.75,29.62,28.32,29.55,25184306.0
2018-02-07,29.46,30.38,29.16,29.44,18041614.0
2018-02-08,29.5,29.5,27.95,27.98,23295329.0
2018-02-09,28.24,28.34,27.07,28.01,22853126.0
2018-02-12,28.44,29.11,28.25,28.85,14689026.0
2018-02-13,28.8,29.29,28.57,29.07,13163196.0
2018-02-14,28.9,29.07,28.51,28.98,13457911.0
2018-02-15,29.13,29.71,29.0,29.66,13467318.0
2018-02-16,30.45,30.52,29.6,29.86,17202302.0
2018-02-20,29.63,29.71,28.82,28.87,14137347.0
2018-02-21,28.99,29.14,28.21,28.22,12792902.0
2018-02-22,28.31,28.7,28.1,28.4,12377840.0
2018-02-23,28.46,28.94,28.3,28.92,8277178.0
2018-02-26,29.11,29.27,28.69,28.91,12713306.0
2018-02-27,29.03,29.19,28.5,28.5,12774392.0
2018-02-28,28.71,28.79,28.1,28.1,11929361.0
2018-03-01,27.98,28.52,27.7,28.31,17746825.0
2018-03-02,28.13,28.68,28.12,28.6,14050081.0
2018-03-05,28.45,28.82,28.38,28.77,11992712.0
2018-03-06,28.83,28.93,28.47,28.81,10010478.0
2018-03-07,28.47,28.8,28.35,28.7,10881683.0
2018-03-08,28.78,29.34,28.68,29.33,12361100.0
2018-03-09,29.45,29.7,29.27,29.7,9778643.0
2018-03-12,29.83,29.97,29.21,29.41,11857700.0
2018-03-13,29.55,29.71,29.28,29.45,11342136.0
2018-03-14,29.65,29.7,29.0,29.05,15321218.0
2018-03-15,29.15,29.27,28.82,28.94,12456712.0
2018-03-16,28.97,29.29,28.72,28.73,26603281.0
2018-03-19,28.73,28.98,28.45,28.53,12380290.0
2018-03-20,28.59,28.75,28.28,28.43,13559805.0
2018-03-21,28.4,28.72,28.06,28.27,13053980.0
2018-03-22,28.15,28.64,27.97,28.03,12274085.0
2018-03-23,28.09,28.43,27.56,27.6,13475205.0
2018-03-26,27.88,28.08,27.52,27.96,11276082.0
2018-03-27,27.97,28.58,27.8,28.16,11627041.0
2018-03-28,28.27,28.97,28.27,28.59,16277393.0
2018-03-29,28.81,29.19,28.56,28.7,10450497.0
2018-04-02,28.71,28.77,27.74,27.94,14207925.0
2018-04-03,28.25,28.81,28.11,28.65,15484644.0
2018-04-04,28.41,29.67,28.38,29.51,13563321.0
2018-04-05,29.55,29.88,29.21,29.67,11707816.0
2018-04-06,29.55,29.79,28.98,29.19,11495075.0
2018-04-09,29.3,29.58,29.05,29.1,11913408.0
2018-04-10,29.34,29.45,28.99,29.26,10687338.0
2018-04-11,29.08,29.41,29.03,29.26,8424265.0
2018-04-12,29.35,29.68,29.22,29.3,8476392.0
2018-04-13,29.46,29.96,29.41,29.78,10774160.0
2018-04-16,29.92,30.16,29.67,29.95,8962115.0
2018-04-17,30.22,30.3,29.92,30.15,8406404.0
2018-04-18,30.17,30.24,29.6,29.78,7429015.0
2018-04-19,29.61,29.74,29.29,29.58,10370411.0
2018-04-20,29.58,29.68,28.85,29.01,14690701.0
2018-04-23,29.01,29.26,28.83,29.25,11878473.0
2018-04-24,29.25,29.37,28.0,28.34,18523876.0
2018-04-25,28.01,28.16,27.18,27.7,20774725.0
2018-04-26,27.67,28.37,27.53,28.02,13560998.0
2018-04-27,28.0,28.61,27.98,28.58,9777912.0
2018-04-30,28.77,28.96,28.24,28.48,16037685.0
2018-05-01,28.23,28.26,27.45,27.86,11514189.0
2018-05-02,27.67,27.86,27.21,27.33,13736366.0
2018-05-03,27.49,27.67,26.79,27.16,18352236.0
2018-05-04,27.06,27.77,27.04,27.63,10946198.0
2018-05-07,27.61,27.76,27.23,27.41,9335968.0
2018-05-08,27.24,27.36,26.96,27.08,15062159.0
2018-05-09,27.24,27.5,26.94,27.05,9295152.0
2018-05-10,27.26,27.63,27.21,27.45,7924184.0
2018-05-11,27.51,27.74,27.31,27.41,6331948.0
2018-05-14,27.52,27.59,27.17,27.31,10715475.0
2018-05-15,27.05,27.19,26.72,26.99,16449729.0
2018-05-16,27.01,27.21,26.81,26.82,11590491.0
2018-05-17,27.28,27.62,27.14,27.57,14857406.0
2018-05-18,27.57,27.65,27.35,27.45,11950173.0
2018-05-21,27.58,27.79,27.54,27.68,9110232.0
2018-05-22,27.77,27.87,27.48,27.52,8222864.0
2018-05-23,27.52,27.72,27.2,27.67,8971427.0
2018-05-24,27.67,27.74,27.46,27.59,9269609.0
2018-05-25,27.61,27.85,27.47,27.67,8806470.0
2018-05-29,27.39,28.12,27.37,27.95,14826877.0
2018-05-30,28.04,28.55,27.97,28.4,10114223.0
2018-05-31,28.47,28.48,27.95,28.27,15571263.0
2018-06-01,28.37,28.59,28.31,28.39,10664650.0
2018-06-04,28.63,28.86,28.56,28.76,11727577.0
2018-06-05,28.77,28.81,28.37,28.38,9975899.0
2018-06-06,28.33,28.73,28.31,28.73,9202924.0
2018-06-07,28.6,29.0,28.6,28.71,11948051.0
2018-06-08,28.84,29.27,28.83,29.22,12078768.0
2018-06-11,29.22,29.52,29.16,29.4,7526128.0
2018-06-12,29.4,29.69,29.35,29.68,8243317.0
2018-06-13,29.62,29.79,29.42,29.45,16745026.0
2018-06-14,29.41,29.51,29.18,29.24,12696174.0
2018-06-15,29.22,29.81,29.11,29.78,21562459.0
2018-06-18,29.54,29.62,29.06,29.21,12161936.0
2018-06-19,28.96,29.41,28.86,29.26,12936411.0
2018-06-20,29.28,29.44,28.89,28.92,10893715.0
2018-06-21,28.93,28.96,28.62,28.75,10465212.0
2018-06-22,28.81,29.07,28.74,28.91,16031146.0
2018-06-25,28.82,29.41,28.82,29.24,12092383.0
2018-06-26,29.22,29.5,28.94,28.99,13974671.0
2018-06-27,28.99,29.27,28.65,28.73,15332570.0
2018-06-28,28.9,29.34,28.83,29.13,12668917.0
2018-06-29,29.23,29.76,28.97,29.52,11485550.0
2018-07-02,29.44,29.82,29.24,29.41,9232583.0
2018-07-03,29.72,29.99,29.65,29.65,8214329.0
2018-07-05,29.82,30.33,29.79,30.32,11652987.0
2018-07-06,30.33,30.6,30.24,30.3,8751372.0
2018-07-09,30.2,30.39,30.0,30.06,7373065.0
2018-07-10,30.17,30.66,30.16,30.63,10606148.0
2018-07-11,30.65,30.66,30.3,30.45,7715616.0
2018-07-12,30.49,30.62,30.15,30.33,6331623.0
2018-07-13,30.36,30.44,30.13,30.4,5585980.0
2018-07-16,30.39,30.46,30.19,30.39,5831418.0
2018-07-17,30.41,31.05,30.34,30.91,11592240.0
2018-07-18,30.85,30.95,30.5,30.78,7351566.0
2018-07-19,30.65,31.09,30.58,30.77,10097454.0
2018-07-20,30.68,30.94,30.56,30.94,9059143.0
2018-07-23,30.94,31.02,30.43,30.61,9055748.0
2018-07-24,30.44,30.93,30.27,30.92,13786134.0
2018-07-25,31.66,32.24,31.41,31.75,21318606.0
2018-07-26,32.02,32.25,31.86,31.9,12673080.0
2018-07-27,31.98,32.16,31.72,31.87,10516948.0
2018-07-30,31.76,32.1,31.71,31.89,8968168.0
2018-07-31,32.06,32.33,31.97,32.29,12438797.0
2018-08-01,32.11,32.15,31.83,32.05,9904087.0
2018-08-02,32.14,32.29,31.84,31.84,12009745.0
2018-08-03,31.89,32.42,31.8,32.28,11462886.0
2018-08-06,32.26,32.53,32.21,32.31,10056109.0
2018-08-07,32.18,32.27,31.79,32.16,8632949.0
2018-08-08,32.15,32.22,31.78,31.81,6812170.0
2018-08-09,31.91,32.08,31.74,32.01,8924087.0
2018-08-10,31.87,32.08,31.63,31.74,7535443.0
2018-08-13,31.71,31.79,31.36,31.49,8143398.0
2018-08-14,31.57,31.76,31.53,31.55,6846114.0
2018-08-15,31.43,31.81,31.31,31.74,9686427.0
2018-08-16,31.77,32.04,31.63,31.88,10600733.0
2018-08-17,31.95,32.39,31.9,32.26,8885691.0
2018-08-20,32.34,32.53,32.25,32.39,6392025.0
2018-08-21,32.39,32.41,31.87,31.88,13986293.0
2018-08-22,32.0,32.04,31.58,31.59,7159135.0
2018-08-23,31.55,31.74,31.35,31.36,13144908.0
2018-08-24,31.31,31.46,31.24,31.29,10953103.0
2018-08-27,31.71,31.71,31.22,31.35,9581245.0
2018-08-28,31.31,31.39,30.94,31.03,8476801.0
2018-08-29,30.91,31.08,30.88,30.99,12410931.0
2018-08-30,30.94,30.98,30.55,30.61,9716529.0
2018-08-31,30.66,30.73,30.05,30.23,19834439.0
2018-09-04,30.26,30.56,30.17,30.42,11138579.0
2018-09-05,30.32,31.08,30.32,31.04,10555033.0
2018-09-06,31.06,31.66,30.96,31.43,11439474.0
2018-09-07,31.26,31.48,30.94,31.38,10208108.0
2018-09-10,31.57,31.97,31.46,31.72,8569053.0
2018-09-11,31.76,31.81,31.54,31.68,9278268.0
2018-09-12,31.82,31.96,31.68,31.9,13216376.0
2018-09-13,32.06,32.17,31.76,31.88,8294848.0
2018-09-14,31.97,32.08,31.66,32.04,7612884.0
2018-09-17,32.05,32.38,31.96,32.37,8527345.0
2018-09-18,32.44,32.58,31.98,31.98,9847711.0
2018-09-19,32.05,32.16,31.92,32.01,7119133.0
2018-09-20,32.27,32.73,32.2,32.69,9736714.0
2018-09-21,32.69,32.74,32.43,32.63,19240577.0
2018-09-24,32.54,32.58,31.89,32.12,10778892.0
2018-09-25,32.11,32.23,31.66,31.73,7919144.0
2018-09-26,31.82,32.12,31.62,31.9,10162560.0
2018-09-27,31.78,32.23,31.73,32.06,10826880.0
2018-09-28,32.05,32.24,32.02,32.24,9071904.0
2018-10-01,32.22,32.4,32.1,32.28,9364735.0
2018-10-02,32.33,32.61,32.11,32.56,7462702.0
2018-10-03,32.51,32.6,31.85,31.92,10542292.0
2018-10-04,31.71,31.95,31.48,31.9,9582388.0
2018-10-05,31.99,32.21,31.74,31.93,8734090.0
2018-10-08,32.04,32.63,32.02,32.53,9808094.0
2018-10-09,32.43,32.6,32.27,32.44,10824552.0
2018-10-10,32.35,32.75,31.72,31.73,13917018.0
2018-10-11,31.85,32.02,30.55,30.69,17677941.0
2018-10-12,30.53,30.93,30.3,30.73,12420075.0
2018-10-15,30.69,31.32,30.64,30.96,11608529.0
2018-10-16,31.07,31.65,30.91,31.54,10442520.0
2018-10-17,31.46,32.04,31.41,31.91,11055840.0
2018-10-18,31.95,32.13,31.51,31.66,12716854.0
2018-10-19,31.88,32.54,31.88,32.38,13989247.0
2018-10-22,32.42,32.51,31.86,32.02,14283642.0
2018-10-23,31.67,32.51,31.5,32.41,17483862.0
2018-10-24,32.38,33.44,32.29,32.78,21626031.0
2018-10-25,32.7,32.79,32.17,32.56,14220216.0
2018-10-26,32.42,32.53,31.48,31.97,21458110.0
2018-10-29,32.2,32.61,32.1,32.51,20932176.0
2018-10-30,32.67,33.79,32.09,33.68,20895360.0
2018-10-31,33.55,34.13,33.27,33.93,25309419.0
2018-11-01,33.86,34.2,33.35,33.79,16494500.0
2018-11-02,33.87,34.05,33.49,34.05,17585058.0
2018-11-05,34.05,34.83,33.97,34.74,16543547.0
2018-11-06,34.7,35.18,34.65,35.16,14373426.0
2018-11-07,35.44,35.6,35.08,35.42,12239747.0
2018-11-08,35.17,35.42,35.15,35.38,9762841.0
2018-11-09,35.44,35.94,35.41,35.73,12398306.0
2018-11-12,35.66,36.29,35.59,35.92,13918312.0
2018-11-13,35.86,36.05,35.63,35.91,13873127.0
2018-11-14,35.9,35.99,35.64,35.81,12106794.0
2018-11-15,35.71,35.8,35.32,35.79,12080074.0
2018-11-16,35.71,36.3,35.68,36.22,13405755.0
2018-11-19,36.36,36.81,36.3,36.56,13575799.0
2018-11-20,36.87,36.89,35.26,35.43,16255437.0
2018-11-21,35.28,35.49,34.64,34.78,13559346.0
2018-11-23,34.8,35.28,34.6,35.07,4792475.0
2018-11-26,35.06,35.28,34.72,34.92,9341934.0
2018-11-27,34.93,35.46,34.78,35.42,9180671.0
2018-11-28,35.26,35.77,35.26,35.76,11368691.0
2018-11-29,35.72,35.87,35.41,35.42,11564317.0
2018-11-30,35.44,36.93,35.43,36.84,25538171.0
2018-12-03,36.31,36.4,35.33,36.13,14868769.0
2018-12-04,36.41,36.95,35.94,36.02,19059891.0
2018-12-06,35.95,36.07,35.1,35.82,17674942.0
2018-12-07,36.01,36.12,35.32,35.53,15565697.0
2018-12-10,35.89,35.89,34.91,35.68,12331098.0
2018-12-11,36.03,36.45,35.62,35.98,18083598.0
2018-12-12,36.39,36.46,35.63,35.66,12316944.0
2018-12-13,35.16,36.05,35.01,35.91,13766246.0
2018-12-14,35.67,35.96,35.46,35.78,13836073.0
2018-12-17,35.78,35.97,34.46,34.77,18483063.0
2018-12-18,35.05,35.27,34.29,34.76,14765715.0
2018-12-19,34.68,35.2,34.06,34.34,17903816.0
2018-12-20,34.25,34.57,33.54,33.98,21130011.0
2018-12-21,33.7,35.19,33.67,34.01,32477703.0
2018-12-24,34.06,34.31,32.27,32.4,10733717.0
2018-12-26,32.32,33.4,32.1,33.38,14342580.0
2018-12-27,33.18,33.99,32.47,33.97,16966519.0
2018-12-28,34.33,34.45,33.47,33.64,13218171.0
2018-12-31,33.93,33.98,33.4,33.79,10576275.0
2019-01-02,33.38,33.66,33.0,33.37,11603715.0
2019-01-03,33.26,33.81,32.97,33.08,14714413.0
2019-01-04,33.19,34.01,33.08,34.01,13013814.0
2019-01-07,34.01,34.19,33.34,33.39,13135484.0
2019-01-08,33.69,34.01,33.48,33.92,15420735.0
2019-01-09,33.52,33.72,32.87,33.01,18032543.0
2019-01-10,33.1,33.53,32.78,33.51,15976608.0
2019-01-11,33.73,33.8,33.41,33.78,11088619.0
2019-01-14,33.69,33.84,33.43,33.59,11514288.0
2019-01-15,33.33,34.04,33.25,34.01,11342944.0
2019-01-16,33.84,33.91,33.3,33.36,16907780.0
2019-01-17,33.36,33.58,33.32,33.5,12044612.0
2019-01-18,33.69,34.13,33.56,34.05,12760779.0
2019-01-22,34.14,34.23,33.65,34.16,11700444.0
2019-01-23,34.26,34.73,34.09,34.71,12058273.0
2019-01-24,34.55,34.55,33.82,34.13,10271980.0
2019-01-25,34.32,34.47,33.68,33.81,12066683.0
2019-01-28,33.66,33.74,33.38,33.61,9966925.0
2019-01-29,33.64,34.07,33.57,33.84,11998597.0
2019-01-30,33.69,34.33,33.63,34.3,12952455.0
2019-01-31,34.29,35.22,33.91,34.57,32181497.0
2019-02-01,34.92,35.22,34.84,35.14,19130144.0
2019-02-04,35.14,35.89,34.98,35.69,15105741.0
2019-02-05,35.77,35.91,35.54,35.7,12651851.0
2019-02-06,35.65,35.8,35.46,35.7,8689408.0
2019-02-07,35.61,35.9,35.44,35.86,10047848.0
2019-02-08,35.81,35.94,35.55,35.94,9813297.0
2019-02-11,36.01,36.32,35.92,36.05,9369282.0
2019-02-12,36.13,36.24,35.9,36.1,10983477.0
2019-02-13,36.05,36.38,36.0,36.23,12748849.0
2019-02-14,33.14,33.4,31.94,32.03,58905402.0
2019-02-15,32.34,32.7,31.64,31.68,35701558.0
2019-02-19,31.76,32.03,31.21,31.27,25511303.0
2019-02-20,31.35,31.68,31.24,31.54,27463983.0
2019-02-21,31.44,32.35,31.4,32.3,23121168.0
2019-02-22,32.2,32.39,31.64,31.72,24728388.0
2019-02-25,31.88,32.01,31.28,31.38,23774351.0
2019-02-26,31.54,31.58,31.1,31.13,20463228.0
2019-02-27,31.04,31.46,30.86,31.38,17827613.0
2019-02-28,31.56,32.05,31.55,31.78,22533939.0
2019-03-01,31.91,32.08,31.64,31.82,16291591.0
2019-03-04,31.97,32.11,31.74,32.09,15973822.0
2019-03-05,32.09,32.14,31.84,32.04,13062286.0
2019-03-06,32.11,32.23,31.88,31.89,14232155.0
2019-03-07,31.93,31.97,31.57,31.72,12083997.0
2019-03-08,31.59,31.69,31.05,31.28,15579292.0
2019-03-11,31.58,32.68,31.54,32.62,22126902.0
2019-03-12,32.39,32.69,32.34,32.49,19348467.0
2019-03-13,32.57,32.78,32.35,32.66,16222517.0
2019-03-14,32.68,32.95,32.47,32.54,18504233.0
2019-03-15,32.56,32.74,31.98,32.14,47254492.0
2019-03-18,32.27,32.52,32.2,32.25,24006385.0
2019-03-19,32.39,32.53,32.18,32.4,14986950.0
2019-03-20,32.24,32.74,32.02,32.37,13376078.0
2019-03-21,32.37,32.6,32.28,32.35,20043423.0
2019-03-22,32.3,32.95,32.3,32.77,19055939.0
2019-03-25,32.7,33.04,32.63,32.87,11668222.0
2019-03-26,33.01,33.63,33.01,33.48,11434888.0
2019-03-27,33.49,33.75,33.17,33.45,11543630.0
2019-03-28,33.52,33.76,33.32,33.42,11121067.0
2019-03-29,33.51,33.75,33.32,33.7,16045553.0
2019-04-01,33.83,34.01,33.43,33.56,11522684.0
2019-04-02,33.59,33.77,33.41,33.41,8495331.0
2019-04-03,33.26,33.43,32.88,33.02,12854520.0
2019-04-04,33.18,33.38,32.95,33.32,7814918.0
2019-04-05,33.33,33.42,33.04,33.31,7677796.0
2019-04-08,33.38,33.41,33.11,33.39,9421519.0
2019-04-09,33.29,33.56,33.11,33.51,8641776.0
2019-04-10,33.68,33.84,33.4,33.48,8060254.0
2019-04-11,33.56,33.59,33.38,33.55,7352467.0
2019-04-12,33.51,33.77,33.41,33.58,10690040.0
2019-04-15,33.72,33.88,33.54,33.84,10261724.0
2019-04-16,33.89,33.94,33.54,33.79,10804647.0
2019-04-17,34.04,34.39,33.99,34.12,11849263.0
2019-04-18,34.17,34.42,34.11,34.32,12167116.0
2019-04-22,34.24,34.45,33.86,34.24,9834685.0
2019-04-23,34.93,35.56,34.39,35.05,25327963.0
2019-04-24,34.87,35.07,34.76,34.82,15997286.0
2019-04-25,34.58,34.73,34.31,34.68,11444411.0
2019-04-26,34.83,35.29,34.82,35.1,10154302.0
2019-04-29,35.01,35.29,34.95,35.26,9731540.0
2019-04-30,35.37,36.02,35.23,35.9,17912962.0
2019-05-01,35.79,35.92,35.39,35.43,10551594.0
2019-05-02,35.37,35.61,35.11,35.23,8724932.0
2019-05-03,35.44,35.8,35.36,35.56,7076949.0
2019-05-06,35.17,35.45,35.1,35.31,8658209.0
2019-05-07,35.07,35.13,34.61,34.84,12487481.0
2019-05-08,34.89,35.07,34.66,34.69,9281542.0
2019-05-09,34.64,34.82,33.91,34.24,11450532.0
2019-05-10,34.25,35.14,34.24,35.03,9653803.0
2019-05-13,34.75,34.97,34.57,34.89,11911503.0
2019-05-14,35.37,36.16,35.19,35.53,16844203.0
2019-05-15,35.51,36.22,35.44,36.02,11422539.0
2019-05-16,36.11,36.5,36.05,36.42,17771456.0
2019-05-17,36.11,36.39,36.01,36.04,11257015.0
2019-05-20,35.88,35.98,35.6,35.69,13850532.0
2019-05-21,35.84,35.87,35.29,35.44,10587371.0
2019-05-22,35.62,36.55,35.56,36.49,16050700.0
2019-05-23,36.34,36.74,36.3,36.69,12199513.0
2019-05-24,36.66,36.73,36.37,36.45,6887900.0
2019-05-28,36.44,36.51,35.87,35.94,18614225.0
2019-05-29,35.58,35.87,35.25,35.45,12534850.0
2019-05-30,35.56,36.15,35.51,36.09,9087412.0
2019-05-31,35.84,36.15,35.62,35.97,11368639.0
2019-06-03,36.0,36.82,35.86,36.82,14167447.0
2019-06-04,36.84,37.12,36.46,36.84,12010729.0
2019-06-05,36.85,37.98,36.53,37.62,15837552.0
2019-06-06,37.75,38.38,37.43,38.24,15190441.0
2019-06-07,38.31,39.03,38.29,38.33,15293561.0
2019-06-10,38.38,38.38,37.93,38.22,9737469.0
2019-06-11,38.29,38.43,38.02,38.17,9915822.0
2019-06-12,38.34,38.98,38.31,38.48,11088124.0
2019-06-13,38.7,38.94,38.02,38.37,10353646.0
2019-06-14,38.29,38.77,38.29,38.55,8694261.0
2019-06-17,38.49,38.72,37.85,38.11,12322605.0
2019-06-18,38.49,38.54,37.77,37.88,9221096.0
2019-06-19,37.78,38.48,37.71,38.36,9414126.0
2019-06-20,38.74,39.03,38.59,38.9,10656580.0
2019-06-21,38.77,39.13,38.65,38.79,21264422.0
2019-06-24,38.98,39.44,38.94,39.16,10780166.0
2019-06-25,39.24,39.34,38.88,39.0,11519910.0
2019-06-26,38.76,38.88,38.33,38.36,12405074.0
2019-06-27,38.53,38.64,38.21,38.32,12374915.0
2019-06-28,38.51,38.64,37.76,38.16,16339869.0
2019-07-01,38.31,38.87,38.02,38.84,14983242.0
2019-07-02,39.02,39.29,38.79,39.22,8570397.0
2019-07-03,39.24,39.57,39.24,39.34,7253702.0
2019-07-05,39.13,39.36,38.72,39.35,8916270.0
2019-07-08,39.44,39.57,39.13,39.24,9495084.0
2019-07-09,38.96,39.21,38.67,38.83,10584925.0
2019-07-10,39.04,39.21,38.9,39.06,7620933.0
2019-07-11,39.23,39.3,38.9,39.28,10376532.0
2019-07-12,39.49,39.53,39.15,39.36,7347728.0
2019-07-15,39.52,39.53,39.11,39.37,5876139.0
2019-07-16,39.2,39.71,39.05,39.38,7132540.0
2019-07-17,39.46,39.5,39.25,39.42,8264361.0
2019-07-18,39.28,39.41,38.91,39.27,11912294.0
2019-07-19,39.38,39.39,38.61,38.63,10355791.0
2019-07-22,38.76,38.76,38.37,38.46,12095776.0
2019-07-23,40.49,41.88,40.0,41.57,33417948.0
2019-07-24,41.36,42.06,40.86,41.02,15633378.0
2019-07-25,40.87,41.04,39.96,40.31,19134962.0
2019-07-26,40.58,41.55,40.43,41.41,11452089.0
2019-07-29,41.41,41.54,41.14,41.23,12283929.0
2019-07-30,41.2,41.54,40.81,40.96,8127139.0
2019-07-31,40.75,40.75,39.28,39.87,16865525.0
2019-08-01,40.02,40.44,39.25,39.27,19527452.0
2019-08-02,39.15,39.97,39.15,39.57,13102306.0
2019-08-05,39.63,39.9,38.64,38.89,19986478.0
2019-08-06,39.11,40.0,38.85,39.51,19903076.0
2019-08-07,39.51,40.63,39.01,40.42,17937044.0
2019-08-08,40.45,41.02,40.09,40.93,10799081.0
2019-08-09,41.03,41.14,40.32,40.66,9260870.0
2019-08-12,40.52,40.68,40.23,40.44,6418760.0
2019-08-13,40.14,40.85,40.11,40.74,8657591.0
2019-08-14,40.58,41.21,40.21,40.23,17088932.0
2019-08-15,40.67,41.24,40.47,41.11,12393223.0
2019-08-16,41.22,41.73,41.19,41.65,14288686.0
2019-08-19,41.68,42.02,41.55,41.93,10936540.0
2019-08-20,41.86,41.92,41.08,41.12,8176977.0
2019-08-21,41.49,41.65,41.09,41.34,10886650.0
2019-08-22,41.36,41.88,41.34,41.73,7467949.0
2019-08-23,41.66,41.95,40.63,40.98,14160658.0
2019-08-26,41.24,41.78,40.97,41.78,9227331.0
2019-08-27,41.94,42.19,41.65,41.96,13538722.0
2019-08-28,41.9,42.39,41.66,42.35,10052411.0
2019-08-29,42.5,42.58,41.84,42.29,9262980.0
2019-08-30,42.4,42.46,42.05,42.28,8746708.0
2019-09-03,42.22,42.57,42.11,42.54,12991495.0
2019-09-04,42.59,43.16,42.54,43.01,10733807.0
2019-09-05,42.99,43.01,42.27,42.36,13677162.0
2019-09-06,42.68,42.68,42.0,42.47,9093514.0
2019-09-09,42.27,42.32,41.6,41.76,10814948.0
2019-09-10,41.47,41.68,41.09,41.64,12038561.0
2019-09-11,41.53,42.04,41.21,42.01,9740376.0
2019-09-12,42.34,42.55,42.22,42.35,12357891.0
2019-09-13,42.12,42.43,41.71,41.9,11486110.0
2019-09-16,41.74,41.98,41.27,41.6,11172001.0
2019-09-17,41.74,42.34,41.6,41.88,11402943.0
2019-09-18,41.84,41.93,41.46,41.87,9786556.0
2019-09-19,41.87,42.24,41.77,42.16,8088639.0
2019-09-20,42.33,42.33,41.54,41.55,19349483.0
2019-09-23,41.55,42.0,41.52,41.78,6837554.0
2019-09-24,41.89,42.25,41.68,41.94,10336537.0
2019-09-25,42.08,42.12,41.64,41.81,10289534.0
2019-09-26,42.11,42.22,41.77,42.03,11252681.0
2019-09-27,42.2,42.28,41.64,41.95,7941142.0
2019-09-30,41.79,42.32,41.79,42.08,9822826.0
2019-10-01,42.17,42.42,41.65,42.29,14650924.0
2019-10-02,41.85,42.08,40.54,40.72,15384000.0
2019-10-03,41.14,41.62,40.46,41.48,14206690.0
2019-10-04,41.64,42.18,41.53,42.18,9926618.0
2019-10-07,41.97,42.0,41.41,41.51,6105344.0
2019-10-08,41.52,41.71,41.09,41.22,13558243.0
2019-10-09,41.7,41.71,41.18,41.47,7168098.0
2019-10-10,41.19,41.52,41.0,41.3,9054321.0
2019-10-11,41.29,41.34,40.84,40.94,9433728.0
2019-10-14,41.13,41.32,40.86,40.94,7363270.0
2019-10-15,41.07,41.32,40.91,41.15,9575426.0
2019-10-16,41.1,41.21,40.77,41.13,10675920.0
2019-10-17,41.33,41.76,41.22,41.43,13336937.0
2019-10-18,42.64,43.03,42.09,42.42,18122505.0
2019-10-21,42.09,42.2,41.32,41.87,12879184.0
2019-10-22,41.87,42.06,41.38,41.49,9618980.0
2019-10-23,41.7,42.3,41.65,42.28,8648741.0
2019-10-24,42.21,42.46,42.13,42.25,11069474.0
2019-10-25,42.19,42.2,41.31,41.39,9782440.0
2019-10-28,41.38,41.59,41.01,41.21,8866055.0
2019-10-29,41.03,41.3,40.9,41.05,7999726.0
2019-10-30,41.16,41.69,40.8,41.58,8620879.0
2019-10-31,41.6,42.11,41.49,42.07,13981961.0
2019-11-01,42.27,42.38,41.49,41.54,9889529.0
2019-11-04,41.6,41.64,40.61,40.78,17515050.0
2019-11-05,40.53,40.53,39.76,40.06,19283965.0
2019-11-06,40.17,40.44,40.05,40.44,13288901.0
2019-11-07,40.52,40.64,39.6,39.93,11725819.0
2019-11-08,40.1,40.24,39.73,39.85,7141931.0
2019-11-11,39.97,40.01,39.42,39.48,8198919.0
2019-11-12,39.55,39.55,39.22,39.35,12656896.0
2019-11-13,39.82,40.09,39.6,40.05,12538461.0
2019-11-14,40.17,40.31,39.99,40.27,8660825.0
2019-11-15,40.28,40.32,40.02,40.31,8982554.0
2019-11-18,40.32,41.08,40.31,40.67,13783406.0
2019-11-19,40.79,40.95,40.51,40.72,12679741.0
2019-11-20,40.74,41.04,40.65,40.86,11970306.0
2019-11-21,40.75,40.98,40.42,40.6,7856139.0
2019-11-22,40.6,40.83,40.39,40.67,9113348.0
2019-11-25,40.92,41.03,40.41,40.86,10965781.0
2019-11-26,40.95,41.58,40.86,41.54,13240294.0
2019-11-27,41.57,41.74,41.24,41.59,9596440.0
2019-11-29,41.74,41.77,41.26,41.44,7222347.0
2019-12-02,41.36,41.79,40.89,41.79,13182506.0
2019-12-03,41.75,41.88,41.44,41.84,15847772.0
2019-12-04,41.84,42.35,41.76,42.33,13624914.0
2019-12-05,42.25,42.33,41.87,42.23,14069775.0
2019-12-06,42.35,42.54,42.21,42.46,7843836.0
2019-12-09,42.34,42.55,42.06,42.11,13925131.0
2019-12-10,42.08,42.11,41.77,41.81,8994061.0
2019-12-11,41.98,42.19,41.7,41.99,8879196.0
2019-12-12,42.05,42.49,41.98,42.18,11233465.0
2019-12-13,41.98,42.59,41.88,42.46,13072403.0
2019-12-16,42.73,42.87,42.41,42.46,9538429.0
2019-12-17,42.44,42.62,42.33,42.46,9230076.0
2019-12-18,42.57,42.79,41.93,41.95,15132347.0
2019-12-19,42.08,42.38,41.96,42.36,15150936.0
2019-12-20,42.98,43.24,42.51,43.01,23833294.0
2019-12-23,43.04,43.28,42.88,42.95,9300763.0
2019-12-24,42.84,43.04,42.68,42.75,3359259.0
2019-12-26,42.96,43.06,42.83,43.06,6228683.0
2019-12-27,43.05,43.49,43.04,43.39,6895612.0
2019-12-30,43.22,43.43,43.1,43.31,6432611.0
2019-12-31,43.24,43.42,43.02,43.39,7982821.0
2020-01-02,43.36,43.47,42.8,43.03,11099117.0
2020-01-03,42.36,43.03,42.13,42.73,11354497.0
2020-01-06,42.69,42.95,42.56,42.71,14698444.0
2020-01-07,42.49,42.64,42.19,42.29,10230672.0
2020-01-08,42.31,42.68,42.19,42.39,10676712.0
2020-01-09,43.04,43.44,42.88,43.38,15410150.0
2020-01-10,43.52,43.97,43.49,43.57,13041106.0
2020-01-13,43.57,44.27,43.46,44.17,14303171.0
2020-01-14,44.28,44.33,43.87,44.04,16347160.0
2020-01-15,44.04,45.02,44.04,44.74,17735380.0
2020-01-16,44.89,44.99,44.65,44.86,10234416.0
2020-01-17,44.91,45.19,44.84,44.98,14264298.0
2020-01-21,44.89,45.29,44.61,45.21,11968923.0
2020-01-22,45.29,45.68,45.22,45.65,12869732.0
2020-01-23,45.42,45.89,45.28,45.87,12858946.0
2020-01-24,45.89,45.91,45.5,45.72,8594325.0
2020-01-27,45.25,45.89,45.17,45.52,14359938.0
2020-01-28,45.49,45.79,45.01,45.05,15240426.0
2020-01-29,45.04,45.3,44.7,45.05,13173958.0
2020-01-30,45.97,47.02,45.8,46.9,20225581.0
2020-01-31,47.01,47.12,46.19,46.44,17685226.0
2020-02-03,46.79,47.01,46.56,46.62,12336755.0
2020-02-04,46.79,47.49,46.66,46.88,15417924.0
2020-02-05,46.94,47.12,46.58,46.89,11414910.0
2020-02-06,47.02,47.38,46.88,47.03,9347024.0
2020-02-07,46.92,47.36,46.89,47.23,8757800.0
2020-02-10,47.36,47.88,47.33,47.79,7984915.0
2020-02-11,47.76,47.84,47.36,47.63,7431244.0
2020-02-12,47.52,47.81,47.36,47.45,9179101.0
2020-02-13,47.42,47.88,47.25,47.65,8173191.0
2020-02-14,47.67,48.11,47.66,47.99,9965811.0
2020-02-18,47.85,47.97,47.49,47.57,10076116.0
2020-02-19,47.55,48.04,47.51,47.81,6265794.0
2020-02-20,47.72,47.9,47.15,47.76,7597337.0
2020-02-21,47.55,48.17,47.47,48.17,10842358.0
2020-02-24,47.15,47.84,46.61,46.69,14415502.0
2020-02-25,46.74,47.24,45.66,45.86,15915089.0
2020-02-26,46.02,46.51,45.52,45.64,15839658.0
2020-02-27,45.19,45.93,42.92,42.97,23754008.0
2020-02-28,41.87,41.93,39.62,41.53,40891823.0
2020-03-02,41.97,44.0,41.74,43.96,25698629.0
2020-03-03,44.8,45.53,43.68,44.1,27099173.0
2020-03-04,44.45,47.04,44.45,46.96,20526142.0
2020-03-05,45.84,46.21,44.23,44.78,17948494.0
2020-03-06,42.98,43.95,42.02,43.3,22353925.0
2020-03-09,40.09,41.62,39.52,39.9,27898258.0
2020-03-10,41.26,41.84,39.21,41.7,27457400.0
2020-03-11,40.39,40.69,39.18,40.25,22660708.0
2020-03-12,36.58,37.97,34.73,35.2,31913103.0
2020-03-13,37.96,38.01,35.06,36.92,33697153.0
2020-03-16,30.69,36.33,29.62,33.71,28682285.0
2020-03-17,34.33,35.95,33.82,35.63,32106680.0
2020-03-18,33.19,33.6,30.04,33.3,35408291.0
2020-03-19,32.81,33.11,29.49,30.28,41956853.0
2020-03-20,30.4,30.52,25.96,26.75,51513503.0
2020-03-23,27.21,27.34,24.72,26.01,44978496.0
2020-03-24,29.67,29.85,27.28,27.9,49096206.0
2020-03-25,29.08,31.9,28.36,30.06,42511651.0
2020-03-26,31.29,33.72,30.9,32.74,37828294.0
2020-03-27,32.11,32.48,30.85,31.26,23297904.0
2020-03-30,31.49,34.01,31.49,33.45,23445966.0
2020-03-31,33.52,33.96,32.51,32.7,25373932.0
2020-04-01,30.93,32.1,30.25,30.57,21936414.0
2020-04-02,30.67,32.64,30.31,32.4,17621881.0
2020-04-03,32.03,32.79,31.76,32.28,14207106.0
2020-04-06,33.84,35.46,33.14,35.12,22849977.0
2020-04-07,36.95,37.05,34.93,34.96,21279572.0
2020-04-08,35.09,36.54,34.78,36.27,18937133.0
2020-04-09,36.89,38.18,36.8,37.45,19167279.0
2020-04-13,36.8,37.09,34.95,35.38,19586015.0
2020-04-14,36.39,37.7,35.38,37.37,21801877.0
2020-04-15,36.16,36.85,35.86,36.06,12893170.0
2020-04-16,35.85,36.3,35.21,35.55,17606777.0
2020-04-17,36.75,36.75,35.82,36.51,19844640.0
2020-04-20,36.24,36.45,34.76,34.98,18957924.0
2020-04-21,34.33,35.35,32.71,33.83,26863724.0
2020-04-22,34.5,34.6,33.95,34.13,15815150.0
2020-04-23,34.4,34.55,33.42,33.52,17668165.0
2020-04-24,33.95,34.2,33.57,33.88,15177581.0
2020-04-27,34.45,35.43,34.16,35.23,19175538.0
2020-04-28,36.35,36.45,35.02,35.19,17246696.0
2020-04-29,35.72,36.31,35.33,35.57,15780000.0
2020-04-30,35.45,35.45,34.15,34.34,20801092.0
2020-05-01,34.07,34.84,33.66,34.05,14290418.0
2020-05-04,33.77,33.93,33.05,33.59,22544162.0
2020-05-05,33.81,34.55,33.6,33.85,13370526.0
2020-05-06,33.85,34.08,33.17,33.2,11892890.0
2020-05-07,33.6,33.69,32.95,33.05,16474652.0
2020-05-08,33.53,34.67,33.33,34.56,13987843.0
2020-05-11,34.14,34.56,33.97,33.99,10874595.0
2020-05-12,34.05,34.3,33.25,33.27,13424424.0
2020-05-13,33.16,33.23,31.97,32.39,15854778.0
2020-05-14,31.83,32.51,31.68,32.15,18000815.0
2020-05-15,32.41,33.14,31.65,31.71,31579431.0
2020-05-18,33.27,33.84,32.58,33.42,26122327.0
2020-05-19,33.46,33.78,32.7,32.99,17839922.0
2020-05-20,33.65,34.62,33.47,34.34,22295929.0
2020-05-21,34.53,34.54,33.48,33.62,13193528.0
2020-05-22,33.67,33.76,33.1,33.48,13008410.0
2020-05-26,35.37,35.38,34.38,34.54,22223098.0
2020-05-27,35.45,35.54,34.62,35.18,18447622.0
2020-05-28,35.75,35.91,35.27,35.54,16234424.0
2020-05-29,35.13,35.64,34.59,35.13,51129923.0
2020-06-01,35.11,35.68,35.04,35.44,17013041.0
2020-06-02,35.61,35.73,35.01,35.35,15255146.0
2020-06-03,35.72,36.57,35.57,36.35,15508291.0
2020-06-04,36.39,36.72,35.83,36.37,13604668.0
2020-06-05,36.99,37.94,36.91,37.54,20504798.0
2020-06-08,37.99,38.42,37.92,38.3,19896657.0
2020-06-09,38.04,38.04,37.13,37.45,16713660.0
2020-06-10,37.61,37.72,37.02,37.07,15716570.0
2020-06-11,36.26,36.37,33.91,33.99,26070384.0
2020-06-12,35.07,35.11,33.87,34.46,21822737.0
2020-06-15,33.43,35.31,33.33,35.16,15627065.0
2020-06-16,36.42,36.55,35.05,35.63,18808008.0
2020-06-17,35.64,35.92,35.3,35.44,12602791.0
2020-06-18,35.16,35.9,34.93,35.85,9380779.0
2020-06-19,36.63,36.65,34.88,34.88,30432088.0
2020-06-22,34.89,35.01,34.24,34.6,20876167.0
2020-06-23,34.86,35.15,34.44,34.5,14675296.0
2020-06-24,34.23,34.3,33.36,33.51,17631817.0
2020-06-25,33.33,33.84,32.89,33.79,13829653.0
2020-06-26,33.78,33.87,32.37,32.43,21955057.0
2020-06-29,32.86,33.43,32.41,33.22,17603890.0
2020-06-30,33.11,33.69,32.9,33.54,23679840.0
2020-07-01,33.79,34.39,33.57,33.68,14316519.0
2020-07-02,34.15,34.29,33.66,33.74,15111894.0
2020-07-06,34.0,34.13,33.47,34.09,15146037.0
2020-07-07,33.86,34.36,33.66,34.07,13043564.0
2020-07-08,34.0,34.04,33.33,33.93,13851199.0
2020-07-09,33.91,33.91,32.69,32.77,16087065.0
2020-07-10,32.74,34.11,32.72,34.01,15627763.0
2020-07-13,34.39,34.54,33.82,34.11,16705349.0
2020-07-14,33.77,34.8,33.53,34.73,17080128.0
2020-07-15,35.16,36.05,35.06,35.26,23738000.0
2020-07-16,35.12,35.55,34.8,35.01,13306109.0
2020-07-17,35.33,35.77,34.99,35.68,13906056.0
2020-07-20,35.58,35.69,34.71,34.98,16633176.0
2020-07-21,36.38,36.85,35.79,36.06,25686341.0
2020-07-22,36.79,37.38,35.89,37.34,29831184.0
2020-07-23,37.33,37.43,36.89,37.14,15934950.0
2020-07-24,37.26,37.66,36.93,37.35,16196843.0
2020-07-27,37.04,37.37,37.04,37.34,17346533.0
2020-07-28,37.2,38.14,36.96,37.04,13872700.0
2020-07-29,37.0,37.36,36.68,36.88,13758066.0
2020-07-30,36.53,37.09,36.06,36.55,17276478.0
2020-07-31,36.3,36.63,35.59,36.1,14850566.0
2020-08-03,36.0,36.22,35.09,35.16,14141813.0
2020-08-04,35.15,35.72,35.08,35.55,11707035.0
2020-08-05,35.76,36.13,35.67,36.08,10561639.0
2020-08-06,35.52,36.39,35.46,36.34,10745032.0
2020-08-07,36.33,36.94,36.07,36.66,11669705.0
2020-08-10,36.92,37.14,36.52,36.58,11887957.0
2020-08-11,37.32,37.51,36.56,36.79,16531563.0
2020-08-12,37.16,37.55,36.98,37.29,9564025.0
2020-08-13,37.12,37.59,36.92,37.24,9882909.0
2020-08-14,37.2,37.55,36.89,37.31,10075809.0
2020-08-17,37.18,37.61,37.06,37.07,9102364.0
2020-08-18,37.06,37.36,36.82,37.28,9828985.0
2020-08-19,36.98,37.24,36.08,36.23,17371036.0
2020-08-20,36.13,36.46,35.95,36.21,11308737.0
2020-08-21,36.2,36.36,35.83,36.14,14734120.0
2020-08-24,36.29,36.84,36.04,36.83,9257725.0
2020-08-25,36.86,36.91,36.51,36.77,7827833.0
2020-08-26,36.62,37.04,36.33,37.02,10124150.0
2020-08-27,37.11,37.68,37.06,37.09,10931635.0
2020-08-28,37.61,38.71,37.39,38.69,16420259.0
2020-08-31,38.66,38.93,38.21,38.39,18510779.0
2020-09-01,38.17,38.21,37.69,37.98,12590434.0
2020-09-02,38.22,40.22,38.22,40.05,26332630.0
2020-09-03,40.26,41.0,38.96,39.34,22289383.0
2020-09-04,39.8,40.33,39.14,39.9,21019545.0
2020-09-08,39.79,39.9,38.22,38.67,17776745.0
2020-09-09,38.46,39.62,38.41,39.05,15252275.0
2020-09-10,39.21,39.54,38.81,38.86,15439505.0
2020-09-11,39.26,40.06,38.96,39.92,18272338.0
2020-09-14,40.24,40.5,39.84,39.98,10911657.0
2020-09-15,40.27,40.65,40.11,40.32,12838392.0
2020-09-16,40.22,40.72,40.01,40.06,15354678.0
2020-09-17,39.49,39.9,39.21,39.82,13287136.0
2020-09-18,40.02,40.43,39.48,39.72,23816602.0
2020-09-21,39.02,39.29,37.88,38.36,17514771.0
2020-09-22,38.38,39.31,38.34,38.93,13034616.0
2020-09-23,39.0,39.19,37.44,37.48,17121210.0
2020-09-24,37.48,38.37,36.83,37.97,16788103.0
2020-09-25,37.47,38.03,37.25,37.99,12603379.0
2020-09-28,38.58,38.98,38.41,38.55,11215708.0
2020-09-29,38.66,38.83,38.18,38.19,12427767.0
2020-09-30,38.54,38.89,38.16,38.64,15755901.0
2020-10-01,38.71,38.93,37.86,38.45,17577263.0
2020-10-02,38.03,38.85,37.82,38.63,13610071.0
2020-10-05,38.7,38.82,38.39,38.65,10628736.0
2020-10-06,38.82,39.0,38.1,38.21,10077431.0
2020-10-07,38.29,39.03,38.22,38.83,10135646.0
2020-10-08,38.98,39.81,38.81,39.73,12143920.0
2020-10-09,39.94,40.5,39.87,40.08,11407809.0
2020-10-12,40.11,40.8,40.1,40.36,11386512.0
2020-10-13,40.26,40.26,39.17,39.49,14365292.0
2020-10-14,39.32,39.76,38.92,39.39,10582935.0
2020-10-15,38.67,39.4,38.57,39.26,9963190.0
2020-10-16,39.26,39.62,39.14,39.3,13570887.0
2020-10-19,39.3,39.75,38.73,38.89,9930443.0
2020-10-20,39.16,39.89,39.06,39.52,10972732.0
2020-10-21,39.23,39.7,39.04,39.26,12517411.0
2020-10-22,40.44,40.47,39.65,39.95,20189227.0
2020-10-23,40.27,40.45,39.74,39.79,13491265.0
2020-10-26,39.61,39.78,38.47,39.07,14696396.0
2020-10-27,39.08,39.56,38.82,39.17,13892109.0
2020-10-28,38.27,38.42,37.05,37.23,19886155.0
2020-10-29,37.0,37.75,36.57,37.29,15369877.0
2020-10-30,37.08,37.39,36.64,37.33,15805004.0
2020-11-02,38.02,38.22,37.51,37.89,15156149.0
2020-11-03,38.49,39.23,38.27,38.62,15285086.0
2020-11-04,38.7,39.48,38.35,38.44,12930818.0
2020-11-05,39.03,39.48,38.61,38.71,12452432.0
2020-11-06,38.92,39.26,38.52,38.72,9294903.0
2020-11-09,41.77,42.53,41.34,41.84,33441952.0
2020-11-10,41.84,43.55,41.72,43.25,29706666.0
2020-11-11,43.2,43.57,42.6,42.85,17399922.0
2020-11-12,42.32,42.48,41.88,42.28,15026961.0
2020-11-13,42.52,42.77,42.16,42.72,12449444.0
2020-11-16,43.77,43.89,42.55,43.12,14908181.0
2020-11-17,42.93,43.02,42.3,42.95,14248362.0
2020-11-18,43.02,43.29,41.83,41.88,15278206.0
2020-11-19,41.76,42.5,41.22,42.4,17189549.0
2020-11-20,42.46,42.52,41.86,41.94,15647921.0
2020-11-23,42.22,42.44,41.47,41.95,13194015.0
2020-11-24,42.41,42.86,42.29,42.49,13836367.0
2020-11-25,42.34,42.55,42.06,42.2,10194758.0
2020-11-27,42.38,42.46,41.88,41.97,8499289.0
2020-11-30,41.77,41.87,40.76,41.28,43203587.0
2020-12-01,41.82,42.01,41.47,41.72,18969341.0
2020-12-02,41.58,41.81,41.32,41.79,14913072.0
2020-12-03,41.58,42.62,41.58,42.46,17318877.0
2020-12-04,42.46,43.55,42.44,43.53,18122399.0
2020-12-07,43.44,43.46,42.38,42.67,16210855.0
2020-12-08,42.62,43.16,42.47,42.86,12485802.0
2020-12-09,43.05,43.28,42.68,43.01,11508587.0
2020-12-10,43.08,43.19,42.66,42.73,12097340.0
2020-12-11,42.48,43.22,42.46,43.03,10638103.0
2020-12-14,43.33,43.52,42.86,42.95,22292031.0
2020-12-15,43.47,43.9,43.28,43.52,16194487.0
2020-12-16,43.28,43.48,42.62,42.74,15679648.0
2020-12-17,42.98,43.39,42.83,42.95,12677329.0
2020-12-18,42.76,43.52,42.3,43.42,35480123.0
2020-12-21,42.36,42.68,41.66,42.49,14926602.0
2020-12-22,42.49,42.86,42.07,42.44,9691586.0
2020-12-23,42.63,43.07,42.62,42.76,7040628.0
2020-12-24,42.7,43.23,42.7,43.12,3265532.0
2020-12-28,43.53,44.12,43.41,43.84,9020482.0
2020-12-29,44.13,44.17,43.7,43.81,8320600.0
2020-12-30,43.73,44.31,43.71,44.12,8142749.0
2020-12-31,44.13,44.61,43.95,44.52,8494972.0
2021-01-04,43.95,44.31,41.71,42.44,25610031.0
2021-01-05,42.01,42.3,41.71,41.86,20323822.0
2021-01-06,41.65,41.7,39.87,40.2,38724516.0
2021-01-07,39.77,39.94,39.2,39.64,53225700.0
2021-01-08,39.71,40.81,39.52,40.76,29673952.0
2021-01-11,40.3,40.54,39.63,39.88,19310581.0
2021-01-12,39.72,40.05,39.44,39.79,18538664.0
2021-01-13,39.66,40.04,39.63,39.84,18864148.0
2021-01-14,39.84,39.86,38.9,38.91,34303579.0
2021-01-15,38.84,38.86,38.21,38.38,24366789.0
2021-01-19,38.42,38.72,37.92,38.19,29114466.0
2021-01-20,38.22,38.5,37.99,38.36,23115796.0
2021-01-21,38.46,38.77,38.14,38.63,19707198.0
2021-01-22,38.49,38.62,38.17,38.17,15400347.0
2021-01-25,38.1,38.52,37.92,38.46,16604213.0
2021-01-26,38.59,39.08,38.29,38.97,12922626.0
2021-01-27,38.57,39.0,37.91,38.21,21242412.0
2021-01-28,38.37,39.18,38.29,38.83,17498867.0
2021-01-29,38.71,38.8,37.79,37.83,18670257.0
2021-02-01,37.95,38.37,37.86,38.16,12183609.0
2021-02-02,38.48,39.03,38.31,38.64,13319750.0
2021-02-03,38.63,38.77,38.35,38.45,12274115.0
2021-02-04,38.64,38.75,38.33,38.69,20597413.0
2021-02-05,39.18,39.46,38.95,39.33,12742032.0
2021-02-08,39.64,39.85,39.17,39.6,17833222.0
2021-02-09,39.53,39.7,39.31,39.38,14592923.0
2021-02-10,40.09,40.26,39.21,39.28,22965432.0
2021-02-11,39.49,40.27,39.48,39.98,21928581.0
2021-02-12,40.25,40.53,40.07,40.37,13137059.0
2021-02-16,40.3,40.4,39.84,39.95,15093406.0
2021-02-17,39.68,40.17,39.57,39.81,12810509.0
2021-02-18,39.84,40.53,39.71,40.45,12749841.0
2021-02-19,40.47,40.51,39.65,39.79,15968769.0
2021-02-22,39.53,40.56,39.35,40.31,14370879.0
2021-02-23,40.68,41.19,40.1,40.22,16222250.0
2021-02-24,40.07,40.58,39.81,40.39,14441998.0
2021-02-25,40.15,40.43,39.66,39.85,14211089.0
2021-02-26,39.88,39.89,38.65,38.67,23638352.0
2021-03-01,39.12,40.12,39.08,39.58,13904859.0
2021-03-02,39.52,40.24,39.38,39.78,11755132.0
2021-03-03,39.4,40.24,39.39,39.66,15410665.0
2021-03-04,39.99,40.77,39.3,39.62,22036421.0
2021-03-05,39.73,40.63,39.58,40.47,21310758.0
2021-03-08,41.15,42.17,40.84,41.32,25084870.0
2021-03-09,41.4,41.56,40.5,40.54,23082680.0
2021-03-10,40.86,41.31,40.4,41.12,21331589.0
2021-03-11,41.09,41.11,40.49,40.56,17417652.0
2021-03-12,40.69,40.78,40.3,40.46,17598594.0
2021-03-15,40.6,41.22,40.57,41.13,13414078.0
2021-03-16,41.3,41.62,41.14,41.32,14214187.0
2021-03-17,41.35,41.72,41.25,41.34,17502653.0
2021-03-18,41.16,41.29,40.59,40.67,18007306.0
2021-03-19,40.56,41.18,40.27,40.91,67845715.0
2021-03-22,40.42,41.18,40.42,41.1,17911391.0
2021-03-23,41.09,41.75,40.93,41.49,16936692.0
2021-03-24,41.27,41.99,41.25,41.62,14997373.0
2021-03-25,41.8,42.16,41.27,42.12,17091938.0
2021-03-26,42.24,43.21,41.86,43.14,17126693.0
2021-03-29,42.83,44.04,42.81,43.95,17514066.0
2021-03-30,43.85,43.89,43.03,43.25,14871754.0
2021-03-31,43.13,43.27,42.6,42.81,15826474.0
2021-04-01,43.06,43.25,42.56,42.61,15834732.0
2021-04-05,42.45,43.32,42.39,42.91,16368724.0
2021-04-06,43.14,43.75,43.0,43.29,15614268.0
2021-04-07,43.38,43.6,43.22,43.38,10062687.0
2021-04-08,43.27,43.48,43.07,43.22,9695561.0
2021-04-09,43.27,43.38,42.91,43.28,10828169.0
2021-04-12,43.43,43.65,43.2,43.45,8565279.0
2021-04-13,43.14,43.39,42.91,43.19,11071689.0
2021-04-14,43.08,43.29,42.75,43.18,9787597.0
2021-04-15,43.23,43.76,43.22,43.43,13078104.0
2021-04-16,43.84,43.9,43.48,43.78,17974107.0
2021-04-19,44.1,44.46,43.4,44.1,19352942.0
2021-04-20,43.94,44.69,43.91,44.27,14419247.0
2021-04-21,44.34,44.84,44.34,44.71,13866500.0
2021-04-22,44.57,44.97,44.42,44.54,12558856.0
2021-04-23,44.5,44.69,44.27,44.57,9023480.0
2021-04-26,44.57,44.61,43.68,43.76,11684627.0
2021-04-27,43.66,43.8,43.42,43.68,9852430.0
2021-04-28,44.08,44.15,43.54,43.69,10868141.0
2021-04-29,43.64,44.46,43.53,44.36,15390993.0
2021-04-30,44.35,44.37,43.79,44.08,14912570.0
2021-05-03,44.37,44.9,44.26,44.58,10417920.0
2021-05-04,44.67,44.72,44.04,44.24,14151238.0
2021-05-05,44.24,44.24,43.85,44.1,6406860.0
2021-05-06,44.22,44.71,44.15,44.64,11572695.0
2021-05-07,44.54,44.87,44.26,44.61,10637483.0
2021-05-10,44.98,45.6,44.93,45.01,15545823.0
2021-05-11,45.13,45.24,44.15,44.42,12986733.0
2021-05-12,44.46,44.66,43.98,44.14,15836456.0
2021-05-13,44.07,44.88,43.93,44.61,15476903.0
2021-05-14,45.0,45.2,44.79,44.83,11725564.0
2021-05-17,44.94,45.12,44.6,44.74,12119758.0
2021-05-18,44.49,44.66,44.2,44.44,13232497.0
2021-05-19,44.22,44.28,43.71,44.27,15126119.0
2021-05-20,44.22,44.9,44.22,44.75,10948425.0
2021-05-21,44.9,45.22,44.32,44.72,16033217.0
2021-05-24,44.73,45.03,44.59,44.9,10326136.0
2021-05-25,44.92,44.92,44.45,44.89,11916454.0
2021-05-26,45.08,45.15,44.69,45.13,16064277.0
2021-05-27,45.31,45.67,44.88,45.59,59109570.0
2021-05-28,45.45,45.81,45.3,45.39,17011952.0
2021-06-01,45.44,45.75,45.2,45.38,13304325.0
2021-06-02,45.6,45.66,45.36,45.6,11328699.0
2021-06-03,45.28,45.84,45.2,45.74,17364323.0
2021-06-04,46.0,46.58,45.88,46.34,18935060.0
2021-06-07,46.41,46.44,45.91,46.14,14011112.0
2021-06-08,46.35,46.35,45.65,45.75,10968281.0
2021-06-09,45.85,46.02,45.58,45.58,9838835.0
2021-06-10,46.01,46.22,45.86,46.01,12444369.0
2021-06-11,46.09,46.31,45.76,46.26,11825803.0
2021-06-14,46.21,46.23,45.72,46.07,9710829.0
2021-06-15,46.3,46.31,45.71,45.93,11154217.0
2021-06-16,45.96,45.98,45.16,45.19,15211721.0
2021-06-17,45.19,45.67,45.17,45.47,10658390.0
2021-06-18,45.03,45.14,44.24,44.29,31445555.0
2021-06-21,44.74,44.95,44.52,44.88,14404310.0
2021-06-22,44.86,45.37,44.78,45.08,13072841.0
2021-06-23,45.08,45.12,44.63,44.64,12339159.0
2021-06-24,44.78,44.94,44.52,44.91,11488442.0
2021-06-25,44.76,44.99,44.53,44.84,18880340.0
2021-06-28,44.77,44.89,44.52,44.78,10556912.0
2021-06-29,44.65,44.86,44.24,44.38,12300924.0
2021-06-30,44.32,44.7,44.27,44.63,14614195.0
2021-07-01,44.86,45.0,44.38,44.48,13214702.0
2021-07-02,44.52,44.97,44.52,44.7,10605054.0
2021-07-06,44.51,44.61,44.07,44.4,15278172.0
2021-07-07,44.24,44.9,44.24,44.84,14377872.0
2021-07-08,44.53,44.69,44.26,44.65,11943918.0
2021-07-09,44.77,45.04,44.7,44.98,10847005.0
2021-07-12,44.84,45.12,44.79,45.0,15107579.0
2021-07-13,45.47,45.82,45.27,45.54,15170812.0
2021-07-14,45.54,46.87,45.48,46.78,22002675.0
2021-07-15,46.76,46.99,46.43,46.96,15068176.0
2021-07-16,46.98,47.2,46.78,46.92,14860540.0
2021-07-19,46.6,46.87,45.68,46.25,19526983.0
2021-07-20,46.25,46.85,46.04,46.35,16257890.0
2021-07-21,47.85,48.08,46.95,47.07,20918157.0
2021-07-22,47.14,47.26,46.57,46.99,13402711.0
2021-07-23,47.11,47.85,46.97,47.53,12143963.0
2021-07-26,47.41,47.64,47.08,47.58,8681136.0
2021-07-27,47.63,48.06,47.44,47.78,12794364.0
2021-07-28,47.51,47.68,47.15,47.26,9857959.0
2021-07-29,47.59,47.77,47.38,47.57,9599110.0
2021-07-30,47.67,47.77,47.42,47.55,11727287.0
2021-08-02,47.72,47.76,47.23,47.4,9777990.0
2021-08-03,47.52,47.52,47.27,47.44,8825480.0
2021-08-04,47.27,47.47,46.53,46.62,11888363.0
2021-08-05,46.96,47.11,46.81,47.02,9806780.0
2021-08-06,47.12,47.26,46.96,47.16,10409250.0
2021-08-09,47.32,47.4,46.95,47.17,8859893.0
2021-08-10,47.36,47.69,47.18,47.32,10906922.0
2021-08-11,47.41,47.7,47.23,47.25,8370669.0
2021-08-12,47.25,47.5,47.25,47.36,6169450.0
2021-08-13,47.33,47.82,47.29,47.75,7714175.0
2021-08-16,47.72,48.01,47.55,48.0,7973528.0
2021-08-17,47.98,48.08,47.53,47.8,10346446.0
2021-08-18,47.71,47.75,46.94,47.02,13873728.0
2021-08-19,46.58,47.5,46.47,47.38,9223662.0
2021-08-20,47.36,47.55,47.1,47.16,10543566.0
2021-08-23,47.19,47.27,46.9,46.96,8912813.0
2021-08-24,47.16,47.16,46.42,46.53,12067193.0
2021-08-25,46.58,46.69,46.25,46.59,11270669.0
2021-08-26,46.47,46.5,46.03,46.06,10331493.0
2021-08-27,46.18,46.31,45.97,46.17,8844146.0
2021-08-30,46.21,46.72,46.16,46.7,10034681.0
2021-08-31,46.68,47.04,46.52,46.83,14185706.0
2021-09-01,46.9,47.32,46.8,47.21,9519203.0
2021-09-02,47.29,47.55,46.93,47.29,11654234.0
2021-09-03,46.98,47.29,46.77,47.25,13220668.0
2021-09-07,47.12,47.21,46.03,46.19,20037974.0
2021-09-08,46.13,47.0,46.13,46.94,12040068.0
2021-09-09,46.7,46.94,46.32,46.38,12545367.0
2021-09-10,46.53,46.65,46.04,46.13,10573710.0
2021-09-13,46.26,46.92,46.26,46.59,20274271.0
2021-09-14,46.86,46.92,46.49,46.63,13918852.0
2021-09-15,46.62,46.94,46.36,46.82,15745981.0
2021-09-16,46.66,46.93,45.76,46.29,17430420.0
2021-09-17,45.96,46.13,45.31,45.38,33383192.0
2021-09-20,45.05,45.34,44.67,45.0,27542450.0
2021-09-21,45.33,45.76,44.88,44.99,16418161.0
2021-09-22,45.45,45.5,45.0,45.07,12719723.0
2021-09-23,45.2,45.56,44.94,44.98,13836215.0
2021-09-24,44.94,45.18,44.8,44.83,9682234.0
2021-09-27,44.79,45.19,44.51,44.55,12429466.0
2021-09-28,44.4,44.4,43.37,43.58,19926090.0
2021-09-29,43.58,44.1,43.5,43.9,13941474.0
2021-09-30,44.11,44.27,43.37,43.41,17674372.0
2021-10-01,43.72,44.14,43.51,43.96,16277410.0
2021-10-04,44.0,44.47,43.34,43.93,18973448.0
2021-10-05,43.96,44.41,43.87,44.02,17173137.0
2021-10-06,43.71,44.71,43.45,44.65,21284532.0
2021-10-07,44.93,45.22,44.75,44.82,13774366.0
2021-10-08,44.94,45.33,44.84,45.06,13786820.0
2021-10-11,45.15,45.33,44.95,45.17,12378523.0
2021-10-12,45.36,45.77,45.16,45.17,19474368.0
2021-10-13,45.11,45.37,44.73,45.18,12143664.0
2021-10-14,45.33,45.75,45.25,45.55,13704288.0
2021-10-15,45.58,45.82,45.23,45.42,17867141.0
2021-10-18,45.29,45.33,44.8,44.88,15861788.0
2021-10-19,44.98,45.14,44.71,45.09,11068618.0
2021-10-20,45.12,45.7,45.05,45.57,12474869.0
2021-10-21,45.54,45.61,45.15,45.29,14388305.0
2021-10-22,45.33,45.47,45.01,45.39,12828798.0
2021-10-25,45.32,45.41,44.96,45.17,11855031.0
2021-10-26,45.26,45.52,45.17,45.41,12086749.0
2021-10-27,46.91,47.02,46.21,46.46,24019827.0
2021-10-28,46.69,47.05,46.56,46.98,15927963.0
2021-10-29,46.81,47.41,46.72,47.31,24463737.0
2021-11-01,47.33,47.34,46.84,47.11,11651091.0
2021-11-02,47.41,47.44,46.91,47.04,11498857.0
2021-11-03,46.94,47.27,46.72,47.23,10788276.0
2021-11-04,47.05,47.57,46.97,47.54,10820196.0
2021-11-05,47.78,48.1,47.53,47.78,12886660.0
2021-11-08,47.69,47.83,47.07,47.27,12827968.0
2021-11-09,47.35,47.46,47.03,47.43,10155817.0
2021-11-10,47.48,47.86,47.23,47.66,8813611.0
2021-11-11,47.77,47.82,47.51,47.68,7257681.0
2021-11-12,47.69,47.93,47.49,47.55,10162510.0
2021-11-15,47.47,47.62,47.21,47.56,10289188.0
2021-11-16,47.56,47.88,47.13,47.16,13756461.0
2021-11-17,46.98,46.99,46.59,46.85,13288677.0
2021-11-18,46.77,46.87,46.08,46.35,15380377.0
2021-11-19,46.38,46.43,45.84,46.07,15813660.0
2021-11-22,46.04,46.96,46.02,46.41,16906227.0
2021-11-23,46.6,47.05,46.44,46.82,13836255.0
2021-11-24,46.65,46.78,45.97,46.37,12598975.0
2021-11-26,45.53,45.69,44.52,44.67,14754338.0
2021-11-29,44.99,45.67,44.87,45.52,22712471.0
2021-11-30,44.96,44.99,43.8,43.81,30485169.0
2021-12-01,44.34,44.88,43.64,43.66,18724144.0
2021-12-02,43.96,44.7,43.87,44.43,17074165.0
2021-12-03,44.69,44.97,44.34,44.9,21064353.0
2021-12-06,45.67,46.61,45.5,46.27,26624137.0
2021-12-07,46.38,46.78,46.21,46.57,23832724.0
2021-12-08,46.48,46.71,45.72,46.36,18026446.0
2021-12-09,46.11,46.49,45.95,46.22,13846415.0
2021-12-10,46.61,47.68,46.43,47.64,23153567.0
2021-12-13,48.34,49.29,48.32,49.12,31362827.0
2021-12-14,48.76,49.53,48.76,49.16,24806569.0
2021-12-15,49.29,49.61,49.01,49.42,24923791.0
2021-12-16,49.34,50.24,49.26,50.01,24696859.0
2021-12-17,49.85,50.28,49.06,49.09,51899377.0
2021-12-20,48.56,49.14,48.36,48.9,20879477.0
2021-12-21,48.97,49.33,48.89,49.13,15864885.0
2021-12-22,49.07,49.55,48.85,49.54,12447436.0
2021-12-23,49.88,49.97,49.3,49.58,11027341.0
2021-12-27,49.36,50.05,49.36,50.01,9862192.0
2021-12-28,49.76,50.3,49.66,50.24,8982271.0
2021-12-29,50.31,50.46,50.02,50.31,9996046.0
2021-12-30,50.42,50.59,50.12,50.14,7703896.0
2021-12-31,50.11,50.71,50.06,50.57,10021251.0
2022-01-03,50.18,50.67,49.74,50.66,20188377.0
2022-01-04,51.09,51.9,50.95,51.65,26141584.0
2022-01-05,51.45,52.56,51.41,52.15,22507262.0
2022-01-06,51.83,52.48,51.8,51.83,17902345.0
2022-01-07,51.64,52.08,51.42,51.69,12307896.0
2022-01-10,51.91,52.18,51.54,51.79,20954345.0
2022-01-11,51.79,51.85,51.2,51.81,19369587.0
2022-01-12,51.89,52.05,51.55,51.9,15753809.0
2022-01-13,51.9,52.4,51.75,52.26,14317992.0
2022-01-14,52.3,52.81,51.72,52.75,19729632.0
2022-01-18,52.42,52.55,51.81,52.26,21977600.0
2022-01-19,52.02,52.54,51.92,52.36,18654749.0
2022-01-20,52.36,52.8,52.08,52.11,23002353.0
2022-01-21,52.44,52.66,51.76,51.81,26643161.0
2022-01-24,51.26,51.71,49.93,51.32,30207455.0
2022-01-25,50.72,51.41,50.05,51.18,19027109.0
2022-01-26,51.15,51.71,50.57,50.96,19190239.0
2022-01-27,51.24,52.29,50.86,51.01,18898682.0
2022-01-28,50.75,52.25,50.3,52.2,19101494.0
2022-01-31,51.66,52.5,51.51,52.37,22045321.0
2022-02-01,52.27,52.5,51.52,51.92,20841657.0
2022-02-02,51.98,52.63,51.92,52.54,20225579.0
2022-02-03,52.3,53.14,51.95,52.97,19440490.0
2022-02-04,52.85,53.04,51.93,52.32,17403729.0
2022-02-07,52.74,53.08,52.22,52.96,17846411.0
2022-02-08,53.19,53.69,53.1,53.36,18771748.0
2022-02-09,53.53,53.68,52.26,52.4,23595558.0
2022-02-10,51.72,53.66,51.56,52.74,23561530.0
2022-02-11,53.13,53.34,51.51,51.65,22781387.0
2022-02-14,51.52,52.15,50.64,52.04,23641310.0
2022-02-15,52.32,53.14,51.99,52.27,13409343.0
2022-02-16,52.22,52.76,51.92,52.26,15484660.0
2022-02-17,51.91,53.64,51.77,53.48,21468724.0
2022-02-18,53.48,54.18,53.35,53.9,21975023.0
2022-02-22,53.79,54.0,53.08,53.64,21731388.0
2022-02-23,53.6,53.69,52.7,52.95,19248474.0
2022-02-24,51.33,51.98,50.58,51.87,27207444.0
2022-02-25,52.3,54.26,52.28,54.21,21487796.0
2022-02-28,53.01,53.7,52.77,53.6,25879116.0
2022-03-01,53.5,54.11,52.87,53.33,15871088.0
2022-03-02,53.59,54.24,53.14,53.79,17319120.0
2022-03-03,53.97,54.38,53.65,53.83,21262797.0
2022-03-04,52.82,53.95,52.56,53.93,17164633.0
2022-03-07,53.37,53.43,52.08,52.44,29151418.0
2022-03-08,52.81,52.9,49.95,50.02,30242133.0
2022-03-09,51.18,51.2,50.02,50.32,23022696.0
2022-03-10,49.84,50.02,48.86,49.24,20887284.0
2022-03-11,49.32,50.21,49.22,49.28,19855646.0
2022-03-14,49.77,50.84,49.77,50.34,17799380.0
2022-03-15,50.88,51.69,50.78,51.42,18607191.0
2022-03-16,51.58,51.74,50.41,51.26,17347253.0
2022-03-17,51.26,51.94,51.03,51.89,15586228.0
2022-03-18,52.1,52.1,51.51,51.9,30197775.0
2022-03-21,52.3,52.9,52.05,52.38,17440141.0
2022-03-22,52.73,52.75,51.86,52.6,17559539.0
2022-03-23,52.55,52.78,51.8,52.2,15529244.0
2022-03-24,52.44,52.82,52.26,52.78,13151348.0
2022-03-25,52.92,53.41,52.85,53.33,12260747.0
2022-03-28,53.33,53.74,53.01,53.72,11485219.0
2022-03-29,54.01,54.33,53.54,53.96,14720572.0
2022-03-30,53.81,54.01,53.36,54.01,13641002.0
2022-03-31,54.02,54.44,53.8,53.8,16822902.0
2022-04-01,54.13,54.75,53.89,54.67,12644879.0
2022-04-04,54.4,54.59,53.52,54.34,11506554.0
2022-04-05,54.2,55.04,54.17,54.27,15721234.0
2022-04-06,54.57,55.06,54.1,54.9,19267420.0
2022-04-07,54.93,55.47,54.51,55.24,13960823.0
2022-04-08,55.28,55.84,54.96,55.63,12703466.0
2022-04-11,55.71,56.1,55.44,55.61,12720105.0
2022-04-12,56.18,56.61,55.69,56.36,18089907.0
2022-04-13,56.24,56.67,56.03,56.53,11882991.0
2022-04-14,56.76,57.37,56.62,56.82,16388429.0
2022-04-18,56.57,56.98,55.98,56.24,11679372.0
2022-04-19,56.3,57.05,56.24,56.87,11993775.0
2022-04-20,57.24,58.04,57.2,57.76,14827073.0
2022-04-21,57.78,58.8,57.52,58.01,15120412.0
2022-04-22,57.88,58.14,56.98,57.05,14902199.0
2022-04-25,58.8,59.0,56.58,57.74,25082000.0
2022-04-26,57.32,58.17,56.84,56.85,21982605.0
2022-04-27,56.8,58.08,56.8,57.36,16971010.0
2022-04-28,56.46,58.08,56.3,57.99,22020524.0
2022-04-29,57.67,57.83,56.29,56.41,20137147.0
2022-05-02,57.08,57.11,54.38,55.24,24970311.0
2022-05-03,55.52,55.74,54.47,54.88,21686339.0
2022-05-04,54.8,56.92,54.74,56.83,19780191.0
2022-05-05,56.49,56.83,55.81,56.31,20155236.0
2022-05-06,56.0,57.11,55.87,56.54,18984019.0
2022-05-09,56.27,57.16,55.84,56.41,20055332.0
2022-05-10,56.3,57.12,55.65,55.81,21322216.0
2022-05-11,56.13,57.0,55.76,56.11,19648404.0
2022-05-12,55.96,56.33,55.01,56.31,22574724.0
2022-05-13,56.61,57.6,55.92,57.52,16166956.0
2022-05-16,57.24,58.18,57.24,57.76,13223177.0
2022-05-17,57.9,57.9,56.81,57.58,21300589.0
2022-05-18,57.22,57.32,52.76,53.0,31437307.0
2022-05-19,52.76,52.76,51.46,51.8,31493882.0
2022-05-20,52.29,53.04,51.46,52.78,29133763.0
2022-05-23,53.45,54.9,53.39,54.66,19406880.0
2022-05-24,54.68,55.99,54.55,55.82,16154240.0
2022-05-25,55.8,56.27,55.4,55.87,15360489.0
2022-05-26,55.87,56.89,55.76,56.1,16159829.0
2022-05-27,56.06,56.63,55.94,56.48,17708983.0
2022-05-31,55.88,56.11,54.85,55.18,43159048.0
2022-06-01,55.22,55.48,53.93,54.87,15408313.0
2022-06-02,54.98,55.54,53.91,55.53,14585979.0
2022-06-03,55.37,55.43,54.61,54.77,13539857.0
2022-06-06,55.13,55.57,54.46,54.67,15112806.0
2022-06-07,54.18,55.17,54.02,55.05,17886319.0
2022-06-08,54.79,55.01,54.36,54.69,10211450.0
2022-06-09,54.67,55.15,53.58,53.6,13391880.0
2022-06-10,52.81,53.69,52.26,53.21,14973493.0
2022-06-13,52.55,54.09,52.47,53.14,23064194.0
2022-06-14,52.97,53.13,50.9,51.47,24620023.0
2022-06-15,52.24,52.88,51.21,51.91,19684697.0
2022-06-16,50.88,51.76,50.49,51.31,15053843.0
2022-06-17,51.94,52.37,51.37,51.67,34781917.0
2022-06-21,51.73,53.12,51.25,52.94,17705019.0
2022-06-22,52.84,53.69,52.56,53.39,15209869.0
2022-06-23,53.54,54.15,53.47,54.12,17190869.0
2022-06-24,54.35,55.3,54.35,55.28,18147070.0
2022-06-27,55.22,55.53,54.87,55.15,12142112.0
2022-06-28,55.32,56.0,54.35,54.52,13181559.0
2022-06-29,54.78,55.35,54.67,54.97,11795511.0
2022-06-30,54.56,55.35,54.4,55.15,15514153.0
2022-07-01,55.36,56.69,55.06,56.62,15143204.0
2022-07-05,56.42,56.42,54.66,55.52,15925029.0
2022-07-06,55.84,56.33,55.43,55.65,13450506.0
2022-07-07,55.5,55.82,54.94,55.15,14828434.0
2022-07-08,55.27,55.66,55.12,55.38,11311461.0
2022-07-11,55.23,55.7,54.83,55.18,12704111.0
2022-07-12,55.24,55.69,54.71,54.91,14731072.0
2022-07-13,54.57,55.24,54.22,54.62,13145291.0
2022-07-14,53.57,54.49,53.54,54.42,14433044.0
2022-07-15,54.99,55.21,54.31,54.74,21968418.0
2022-07-18,54.76,54.8,53.75,53.89,10780844.0
2022-07-19,54.33,54.89,54.17,54.77,10998234.0
2022-07-20,54.64,54.82,53.39,53.74,11010454.0
2022-07-21,53.5,54.12,53.03,53.6,11959622.0
2022-07-22,53.62,54.11,53.56,53.83,11644691.0
2022-07-25,53.79,54.54,53.55,54.43,14941652.0
2022-07-26,54.99,56.04,54.77,55.45,20117950.0
2022-07-27,55.12,55.43,54.03,55.25,12142874.0
2022-07-28,55.16,56.49,55.13,56.3,10837003.0
2022-07-29,55.95,56.53,55.87,56.41,13734236.0
2022-08-01,56.33,57.28,56.27,56.76,12831535.0
2022-08-02,56.83,56.84,55.67,55.88,15241904.0
2022-08-03,55.79,56.33,55.55,56.16,11316985.0
2022-08-04,55.88,55.97,55.16,55.91,11795647.0
2022-08-05,55.87,55.87,54.91,55.62,10445393.0
2022-08-08,55.74,56.05,54.99,55.21,9166673.0
2022-08-09,55.42,55.55,55.09,55.29,7910877.0
2022-08-10,55.87,56.03,55.34,55.89,8857253.0
2022-08-11,55.93,56.23,55.32,55.46,8507766.0
2022-08-12,55.67,56.0,55.33,55.94,9489284.0
2022-08-15,55.88,56.93,55.81,56.74,9863332.0
2022-08-16,56.81,57.47,56.57,57.27,9569616.0
2022-08-17,57.07,57.46,57.0,57.12,8144045.0
2022-08-18,57.2,57.59,56.95,57.46,6532028.0
2022-08-19,57.44,57.71,57.2,57.41,8921062.0
2022-08-22,57.08,57.16,56.23,56.44,9087893.0
2022-08-23,56.06,56.61,55.92,56.51,8443752.0
2022-08-24,56.48,56.82,56.29,56.6,6844730.0
2022-08-25,56.6,56.94,56.14,56.91,7913869.0
2022-08-26,56.97,57.04,55.22,55.35,10089513.0
2022-08-29,54.93,55.27,54.65,54.97,9115904.0
2022-08-30,55.15,55.15,54.23,54.39,8456837.0
2022-08-31,54.62,54.77,53.94,53.95,14633568.0
2022-09-01,53.82,54.28,53.53,54.24,14939684.0
2022-09-02,54.63,55.01,53.14,53.39,11809821.0
2022-09-06,53.53,54.21,53.23,53.42,12181823.0
2022-09-07,53.56,54.73,53.56,54.55,13290711.0
2022-09-08,54.32,54.54,53.58,54.36,17193460.0
2022-09-09,54.41,55.12,54.1,54.56,11855886.0
2022-09-12,54.67,55.05,54.51,54.74,13026935.0
2022-09-13,54.44,54.46,52.52,52.71,18532832.0
2022-09-14,52.88,53.32,52.68,53.03,12881592.0
2022-09-15,53.08,53.08,52.04,52.21,11451927.0
2022-09-16,52.34,52.48,51.79,52.22,20493535.0
2022-09-19,52.07,52.78,51.91,52.67,12596248.0
2022-09-20,52.36,52.71,52.0,52.58,11984607.0
2022-09-21,52.82,53.38,52.07,52.08,14165341.0
2022-09-22,52.23,52.41,51.88,51.94,11657595.0
2022-09-23,51.64,51.78,50.68,51.28,14824047.0
2022-09-26,51.17,51.25,50.37,50.55,18670050.0
2022-09-27,50.76,51.05,48.99,49.06,23829348.0
2022-09-28,49.34,49.93,48.59,49.66,21480149.0
2022-09-29,49.77,49.97,48.68,49.25,14570701.0
2022-09-30,49.55,49.81,48.68,48.7,16124618.0
2022-10-03,49.04,49.53,48.74,49.33,16277620.0
2022-10-04,49.63,50.49,49.14,49.46,18861431.0
2022-10-05,49.18,49.33,48.19,48.92,14324851.0
2022-10-06,48.68,48.78,47.55,47.71,17192843.0
2022-10-07,47.67,47.77,46.93,47.19,11479799.0
2022-10-10,47.28,47.64,46.7,47.07,10239123.0
2022-10-11,47.14,47.9,46.92,47.16,14303920.0
2022-10-12,47.91,48.72,47.72,47.82,18377448.0
2022-10-13,47.16,48.76,46.94,48.55,16220718.0
2022-10-14,48.97,49.15,47.62,47.66,16001400.0
2022-10-17,48.31,48.9,48.25,48.37,13721426.0
2022-10-18,48.99,49.46,48.78,49.12,11823119.0
2022-10-19,48.99,49.22,48.41,48.64,10182286.0
2022-10-20,48.45,48.6,47.64,47.76,16905147.0
2022-10-21,47.68,48.79,47.67,48.64,15034054.0
2022-10-24,49.32,50.41,49.25,50.25,17416681.0
2022-10-25,51.72,51.79,50.43,51.63,28829930.0
2022-10-26,51.69,52.46,51.54,52.07,15841374.0
2022-10-27,52.45,52.52,52.06,52.21,16026117.0
2022-10-28,52.25,53.59,52.15,53.44,12888859.0
2022-10-31,53.19,53.25,52.35,52.53,14016378.0
2022-11-01,52.71,52.97,52.05,52.32,10659459.0
2022-11-02,52.32,52.91,51.45,51.49,14551132.0
2022-11-03,50.79,51.68,50.78,51.46,9193970.0
2022-11-04,51.98,52.27,51.24,51.94,9726126.0
2022-11-07,51.94,52.45,51.92,52.17,8849704.0
2022-11-08,52.43,52.47,51.62,52.28,10081649.0
2022-11-09,52.27,52.32,51.43,51.45,10115159.0
2022-11-10,52.93,53.72,52.36,53.56,16804845.0
2022-11-11,54.05,54.13,52.89,54.0,18972078.0
2022-11-14,54.0,54.4,53.39,53.41,16361026.0
2022-11-15,53.81,54.13,52.68,53.31,13295839.0
2022-11-16,53.47,53.71,52.97,53.2,14199486.0
2022-11-17,52.87,53.42,52.81,53.39,11220301.0
2022-11-18,53.67,54.05,53.48,53.82,10415640.0
2022-11-21,54.09,54.89,53.88,54.76,15399353.0
2022-11-22,55.15,55.18,54.73,55.03,12319641.0
2022-11-23,55.17,55.47,54.98,55.31,8990385.0
2022-11-25,55.41,55.49,55.06,55.37,5165499.0
2022-11-28,55.37,55.78,55.24,55.38,12268004.0
2022-11-29,55.2,55.25,54.66,55.16,10969563.0
2022-11-30,55.13,56.8,54.87,56.73,30433938.0
2022-12-01,56.73,57.23,56.55,56.91,12001356.0
2022-12-02,56.73,57.64,56.52,57.47,13643450.0
2022-12-05,56.53,56.92,56.38,56.59,9185090.0
2022-12-06,56.64,57.0,56.35,56.56,10099529.0
2022-12-07,56.57,56.84,56.37,56.66,12307605.0
2022-12-08,56.72,56.97,56.47,56.93,9946173.0
2022-12-09,56.73,56.96,56.21,56.26,13914856.0
2022-12-12,56.42,57.13,56.13,57.09,11647900.0
2022-12-13,57.71,57.82,56.92,57.11,17521554.0
2022-12-14,57.31,57.77,56.69,57.11,12826650.0
2022-12-15,56.71,57.01,55.61,56.23,12213292.0
2022-12-16,55.87,56.26,55.45,55.87,33631530.0
2022-12-19,55.95,56.53,55.59,55.96,10919725.0
2022-12-20,55.94,56.27,55.87,55.91,10286479.0
2022-12-21,56.19,57.17,56.19,56.92,10411288.0
2022-12-22,56.54,56.71,55.77,56.46,9668107.0
2022-12-23,56.62,56.99,56.32,56.94,6463261.0
2022-12-27,57.05,57.41,56.83,57.33,7320717.0
2022-12-28,57.58,57.77,56.61,56.69,7159417.0
2022-12-29,56.92,57.27,56.82,57.07,7169256.0
2022-12-30,57.04,57.04,56.29,56.73,7650228.0
2023-01-03,56.68,56.68,55.3,56.07,12180507.0
2023-01-04,56.27,56.45,55.63,56.04,13387923.0
2023-01-05,55.72,55.92,55.2,55.32,9814674.0
2023-01-06,56.03,56.79,55.7,56.52,9989986.0
2023-01-09,56.42,56.84,55.7,55.73,9442623.0
2023-01-10,55.72,55.85,55.04,55.25,10134605.0
2023-01-11,55.5,55.68,54.53,55.13,10822997.0
2023-01-12,55.23,55.3,54.09,54.33,13907327.0
2023-01-13,53.82,54.58,53.71,54.55,13986356.0
2023-01-17,54.85,55.5,54.68,54.8,18327779.0
2023-01-18,54.63,54.71,52.8,52.93,19679436.0
2023-01-19,52.85,53.76,52.83,52.84,14894455.0
2023-01-20,52.84,53.21,52.52,53.2,14237702.0
2023-01-23,53.4,53.69,53.17,53.35,12613428.0
2023-01-24,53.2,56.38,52.92,53.67,10103314.0
2023-01-25,53.32,54.06,53.01,54.05,11265844.0
2023-01-26,53.93,54.22,53.69,53.93,11884834.0
2023-01-27,53.96,54.08,53.49,53.61,14087038.0
2023-01-30,53.66,54.29,53.58,53.76,15632006.0
2023-01-31,54.1,54.46,53.63,54.44,14344379.0
2023-02-01,54.26,54.7,53.74,54.45,12535439.0
2023-02-02,53.92,54.14,53.03,53.4,16947223.0
2023-02-03,53.47,53.54,52.35,52.95,15404440.0
2023-02-06,52.91,53.46,52.84,53.29,11330897.0
2023-02-07,52.79,53.36,52.66,53.19,14922741.0
2023-02-08,53.04,53.04,52.71,52.84,11012019.0
2023-02-09,53.27,53.44,52.72,52.74,12515309.0
2023-02-10,52.84,53.02,52.0,52.74,14420655.0
2023-02-13,53.02,53.88,52.85,53.72,16191786.0
2023-02-14,53.33,54.02,52.68,52.71,20505679.0
2023-02-15,53.02,53.05,52.35,52.71,13172697.0
2023-02-16,52.35,52.94,52.07,52.34,16538284.0
2023-02-17,52.62,53.35,52.5,53.24,16814652.0
2023-02-21,53.11,53.35,52.84,52.92,14278307.0
2023-02-22,52.97,53.48,52.87,53.1,12409562.0
2023-02-23,53.13,53.54,52.93,53.21,12222827.0
2023-02-24,52.8,53.03,52.51,52.96,9736249.0
2023-02-27,53.3,53.42,52.86,52.94,8849821.0
2023-02-28,52.82,52.82,52.26,52.63,16082218.0
2023-03-01,52.25,52.3,51.49,51.98,13275810.0
2023-03-02,51.96,52.9,51.92,52.84,11772110.0
2023-03-03,52.67,52.8,52.33,52.56,13101766.0
2023-03-06,52.38,53.5,52.34,53.48,16282678.0
2023-03-07,53.61,53.69,52.87,53.13,13961203.0
2023-03-08,53.16,53.45,52.85,53.16,10851578.0
2023-03-09,53.66,53.66,52.4,52.58,13900858.0
2023-03-10,52.82,53.26,52.11,52.33,13745841.0
2023-03-13,52.41,53.99,52.37,52.93,21956014.0
2023-03-14,53.12,53.58,52.47,53.15,19496899.0
2023-03-15,52.55,53.6,52.36,53.55,21089906.0
2023-03-16,53.67,53.92,53.28,53.88,15658974.0
2023-03-17,53.89,53.93,53.22,53.6,27351227.0
2023-03-20,53.74,54.18,53.55,54.18,12904123.0
2023-03-21,54.15,54.33,53.46,53.9,13716475.0
2023-03-22,53.98,54.45,53.61,53.63,10494213.0
2023-03-23,53.67,53.97,53.3,53.5,15478995.0
2023-03-24,53.83,54.6,53.49,54.48,12977607.0
2023-03-27,54.72,55.06,54.53,54.93,12777402.0
2023-03-28,54.97,55.32,54.85,55.0,10925739.0
2023-03-29,55.3,55.53,55.17,55.44,9441019.0
2023-03-30,55.46,55.67,55.24,55.43,9870659.0
2023-03-31,55.64,55.83,55.45,55.61,14440888.0
2023-04-03,55.88,56.1,55.44,55.98,12300660.0
2023-04-04,55.97,56.32,55.66,55.79,11433404.0
2023-04-05,56.11,56.6,56.08,56.38,12789554.0
2023-04-06,56.44,56.62,55.96,56.42,9644204.0
2023-04-10,56.07,56.27,55.6,56.27,7952575.0
2023-04-11,56.23,56.29,55.98,56.16,9913049.0
2023-04-12,56.06,56.61,55.89,56.27,9593704.0
2023-04-13,56.34,56.74,56.06,56.73,9871424.0
2023-04-14,56.63,56.73,56.36,56.63,8946011.0
2023-04-17,56.9,57.11,56.72,57.04,9452394.0
2023-04-18,57.09,57.18,56.77,57.14,9035679.0
2023-04-19,57.31,57.41,57.01,57.26,9769543.0
2023-04-20,57.21,57.58,57.02,57.54,10706385.0
2023-04-21,57.58,57.85,57.38,57.63,12931095.0
2023-04-24,58.33,58.57,57.2,57.53,15532266.0
2023-04-25,57.75,57.75,57.21,57.43,12818860.0
2023-04-26,57.14,57.35,56.97,57.13,13179560.0
2023-04-27,57.11,57.34,56.69,57.26,13795824.0
2023-04-28,57.19,57.74,57.06,57.73,13687621.0
2023-05-01,57.73,58.27,57.64,57.88,9091540.0
2023-05-02,57.72,57.72,56.85,57.59,10948420.0
2023-05-03,57.6,57.76,57.16,57.23,11084594.0
2023-05-04,57.32,57.51,57.09,57.3,11938308.0
2023-05-05,57.22,57.79,57.21,57.6,9039023.0
2023-05-08,57.39,57.64,57.19,57.5,7240719.0
2023-05-09,57.22,57.33,56.86,56.97,9067653.0
2023-05-10,56.9,57.22,56.57,57.08,10134026.0
2023-05-11,57.16,57.51,56.59,57.44,9581525.0
2023-05-12,57.44,57.77,57.28,57.69,8740752.0
2023-05-15,57.8,57.83,57.29,57.52,8149993.0
2023-05-16,57.48,57.48,56.74,56.8,9130361.0
2023-05-17,56.98,57.0,56.31,56.73,11582953.0
2023-05-18,56.59,56.62,56.15,56.38,13595053.0
2023-05-19,56.62,56.68,56.19,56.41,14251355.0
2023-05-22,56.37,56.45,55.02,55.09,15055371.0
2023-05-23,55.09,55.25,54.75,54.98,13932724.0
2023-05-24,54.96,55.01,54.3,54.46,11090129.0
2023-05-25,54.05,54.31,53.73,53.99,14463630.0
2023-05-26,54.03,54.22,53.69,53.84,12570281.0
2023-05-30,53.67,53.78,53.1,53.36,15634206.0
2023-05-31,53.5,53.86,52.95,53.24,59432166.0
2023-06-01,53.52,53.75,53.35,53.58,13402678.0
2023-06-02,53.85,54.9,53.66,54.74,15259845.0
2023-06-05,54.58,55.02,54.13,54.33,12915645.0
2023-06-06,54.53,54.57,53.7,53.89,10943523.0
2023-06-07,53.59,53.94,53.4,53.8,16817908.0
2023-06-08,53.71,53.99,53.56,53.95,15589981.0
2023-06-09,53.85,54.25,53.75,54.05,12582572.0
2023-06-12,54.17,54.23,53.6,53.79,14220955.0
2023-06-13,53.79,54.25,53.62,54.03,13397782.0
2023-06-14,54.31,54.66,54.18,54.44,14099675.0
2023-06-15,54.65,55.34,54.38,55.27,15271390.0
2023-06-16,55.64,56.21,55.52,55.71,26737982.0
2023-06-20,55.63,56.0,55.28,55.3,13973440.0
2023-06-21,55.35,55.76,55.02,55.47,13948672.0
2023-06-22,55.85,56.14,55.63,55.89,15194155.0
2023-06-23,55.98,56.01,55.22,55.24,25112061.0
2023-06-26,55.25,55.33,54.43,55.26,12856073.0
2023-06-27,55.26,55.4,55.02,55.13,9068545.0
2023-06-28,54.92,55.08,54.44,54.56,11173182.0
2023-06-29,54.26,54.39,53.81,54.06,17142305.0
2023-06-30,54.04,54.39,53.91,54.26,19739193.0
2023-07-03,54.24,54.67,54.07,54.62,9694520.0
2023-07-05,54.32,55.14,54.2,55.07,14717678.0
2023-07-06,54.77,55.06,54.54,54.6,12604354.0
2023-07-07,54.35,54.54,53.77,53.8,14573961.0
2023-07-10,54.01,54.19,53.18,53.35,15480649.0
2023-07-11,53.5,53.6,52.88,53.56,15970131.0
2023-07-12,53.79,54.09,53.49,53.88,14241274.0
2023-07-13,54.16,54.5,54.02,54.39,11269754.0
2023-07-14,54.18,55.08,54.13,54.94,11634211.0
2023-07-17,54.8,55.14,54.53,54.85,10015422.0
2023-07-18,55.0,55.29,54.45,54.61,11152930.0
2023-07-19,54.81,55.83,54.72,55.68,12936044.0
2023-07-20,55.72,56.45,55.71,56.43,11563020.0
2023-07-21,56.5,56.72,56.28,56.48,12815069.0
2023-07-24,56.46,56.85,56.44,56.5,10251135.0
2023-07-25,56.34,56.43,56.09,56.29,13422655.0
2023-07-26,55.9,57.21,55.43,57.09,17145517.0
2023-07-27,57.09,57.31,56.42,56.48,11517112.0
2023-07-28,56.63,56.81,56.26,56.52,9723263.0
2023-07-31,56.49,56.49,55.77,55.97,15584503.0
2023-08-01,56.13,56.4,55.66,55.81,9283438.0
2023-08-02,55.6,56.63,55.6,56.0,11061082.0
2023-08-03,55.91,56.16,55.57,55.68,8039062.0
2023-08-04,55.72,55.93,54.66,54.75,9359298.0
2023-08-07,54.83,55.37,54.78,55.23,6982647.0
2023-08-08,55.23,55.39,54.66,54.96,7956064.0
2023-08-09,54.95,55.67,54.79,55.1,7904067.0
2023-08-10,55.39,55.77,54.83,54.96,7870314.0
2023-08-11,54.88,55.24,54.73,55.21,8483912.0
2023-08-14,55.36,55.52,54.79,54.92,7176291.0
2023-08-15,54.73,54.94,54.41,54.51,7187444.0
2023-08-16,54.58,54.86,54.44,54.52,8372266.0
2023-08-17,54.62,55.06,54.49,54.65,12873497.0
2023-08-18,54.58,55.13,54.41,54.99,11083770.0
2023-08-21,54.9,54.97,54.36,54.47,8648519.0
2023-08-22,54.38,54.62,54.02,54.1,9412208.0
2023-08-23,54.24,54.48,54.2,54.31,7749490.0
2023-08-24,54.31,54.92,54.13,54.15,8955130.0
2023-08-25,54.45,54.61,54.05,54.43,7629222.0
2023-08-28,54.59,54.77,54.41,54.6,6254255.0
2023-08-29,54.6,54.67,54.19,54.54,8189592.0
2023-08-30,54.68,54.78,54.33,54.51,9447912.0
2023-08-31,54.34,54.51,53.85,53.87,14663458.0
2023-09-01,54.04,54.17,53.16,53.35,11262277.0
2023-09-05,53.29,53.36,52.71,52.86,12474644.0
2023-09-06,52.66,52.87,52.46,52.82,13923548.0
2023-09-07,52.99,53.2,52.34,52.37,17628594.0
2023-09-08,52.34,52.45,52.05,52.37,14332807.0
2023-09-11,52.44,53.03,52.27,52.92,14767420.0
2023-09-12,53.03,53.04,52.23,52.34,12292724.0
2023-09-13,52.44,52.72,52.38,52.48,12641370.0
2023-09-14,52.74,53.09,52.69,52.96,12311576.0
2023-09-15,52.91,53.14,52.25,52.44,55727509.0
2023-09-18,52.48,52.85,52.13,52.8,13617370.0
2023-09-19,52.76,52.89,52.42,52.68,12000086.0
2023-09-20,52.8,53.33,52.58,52.94,14767923.0
2023-09-21,52.87,52.92,51.92,52.04,15945821.0
2023-09-22,52.35,52.47,52.0,52.1,14645394.0
2023-09-25,51.9,51.99,51.24,51.5,12358824.0
2023-09-26,51.23,51.4,50.9,51.03,11194700.0
2023-09-27,50.92,51.03,50.18,50.45,13766301.0
2023-09-28,50.73,50.82,50.2,50.31,12484769.0
2023-09-29,50.64,50.77,50.12,50.48,12271561.0
2023-10-02,50.41,50.51,49.58,49.98,11792502.0
2023-10-03,49.66,49.93,49.28,49.38,13604197.0
2023-10-04,49.39,49.78,49.21,49.54,12100517.0
2023-10-05,49.24,49.45,46.74,46.88,29878072.0
2023-10-06,46.54,47.79,46.05,47.64,30298866.0
2023-10-09,47.46,47.65,46.61,47.38,15704749.0
2023-10-10,48.63,48.83,48.06,48.53,20909684.0
2023-10-11,48.72,48.78,47.52,48.21,21138929.0
2023-10-12,48.26,48.33,46.93,47.31,19330363.0
2023-10-13,47.24,47.92,47.14,47.39,14526994.0
2023-10-16,47.52,48.06,47.34,47.93,12816818.0
2023-10-17,47.81,48.6,47.71,48.57,16457191.0
2023-10-18,48.6,49.03,48.42,48.55,12809451.0
2023-10-19,48.66,49.26,48.36,48.85,16202187.0
2023-10-20,49.03,49.52,48.94,49.07,15686249.0
2023-10-23,48.88,49.39,48.545,48.58,21212236.0
2023-10-24,50.15,50.67,49.8,50.14,25290697.0
2023-10-25,50.26,50.7178,50.06,50.62,16701021.0
2023-10-26,50.87,51.125,50.22,50.28,16228313.0
2023-10-27,50.05,50.635,49.6,49.74,13626522.0
2023-10-30,49.93,50.775,49.92,50.65,15014293.0
2023-10-31,51.07,51.22,50.65,50.99,16639292.0
2023-11-01,51.3,51.38,50.76,50.94,14110720.0
2023-11-02,51.0,51.65,50.855,51.59,13086801.0
2023-11-03,51.9,52.09,51.2,51.24,13957933.0
2023-11-06,51.28,51.775,51.24,51.47,12673030.0
2023-11-07,51.42,51.8995,51.23,51.68,10447983.0
2023-11-08,51.82,51.965,51.42,51.59,13744001.0
2023-11-09,51.53,51.64,50.87,51.16,12021041.0
2023-11-10,51.37,51.425,50.555,51.22,11680352.0
2023-11-13,51.12,51.595,51.1,51.43,12798180.0
2023-11-14,51.52,51.74,51.305,51.6,12696526.0
2023-11-15,51.8,51.835,51.25,51.71,10201855.0
2023-11-16,51.75,52.03,51.31,51.65,16010140.0
2023-11-17,51.69,51.84,51.2,51.76,14476450.0
2023-11-20,51.55,52.075,51.455,51.9,13053863.0
2023-11-21,51.96,52.54,51.83,52.53,13891220.0
2023-11-22,52.76,53.035,52.6271,52.92,11327059.0
2023-11-24,52.96,53.25,52.835,53.07,4688591.0
2023-11-27,53.04,53.19,52.77,52.96,16246398.0
2023-11-28,52.9,53.33,52.86,53.08,13739445.0
2023-11-29,53.08,53.17,52.6,52.73,11263604.0
2023-11-30,52.92,53.415,52.56,53.4,22727487.0
2023-12-01,53.23,53.645,53.2,53.6,15371018.0
2023-12-04,53.55,53.915,53.4,53.53,14941955.0
2023-12-05,53.51,53.79,53.375,53.62,11891506.0
2023-12-06,53.52,53.69,53.165,53.56,14868526.0
2023-12-07,53.63,53.8501,53.35,53.7,11587852.0
2023-12-08,53.7,53.71,53.325,53.57,11178399.0
2023-12-11,53.79,54.05,53.46,54.0,14524653.0
2023-12-12,54.16,54.38,53.855,54.38,12898894.0
2023-12-13,54.41,54.98,54.22,54.89,16196414.0
2023-12-14,54.93,55.0,53.73,54.0,22478144.0
2023-12-15,53.79,54.13,52.76,53.56,65177338.0
2023-12-18,53.76,54.45,53.58,53.98,16717532.0
2023-12-19,53.96,54.16,53.595,53.79,14612197.0
2023-12-20,53.46,53.63,52.53,52.57,17700857.0
2023-12-21,52.81,53.03,52.43,52.95,11724362.0
2023-12-22,53.08,53.42,52.98,53.28,9028975.0
2023-12-26,53.02,53.665,53.02,53.52,6422244.0
2023-12-27,53.6,53.73,53.36,53.67,8560059.0
2023-12-28,53.61,53.83,53.485,53.71,8400006.0
2023-12-29,53.7,53.94,53.59,53.89,9244006.0
2024-01-02,53.76,54.84,53.63,54.78,16322292.0
2024-01-03,54.89,55.16,54.72,54.92,14830555.0
2024-01-04,55.01,55.22,54.62,54.72,12912925.0
2024-01-05,54.76,54.91,54.0521,54.63,10412578.0
2024-01-08,54.64,55.14,54.38,55.07,11554555.0
2024-01-09,54.95,55.095,54.58,54.96,10493321.0
2024-01-10,55.18,55.37,54.94,55.16,12257173.0
2024-01-11,55.21,55.22,54.65,54.77,13753959.0
2024-01-12,55.04,55.42,54.83,55.35,13217961.0
2024-01-16,55.35,55.39,54.81,54.95,11826795.0
2024-01-17,54.82,55.17,54.78,54.95,8980493.0
2024-01-18,54.65,55.19,54.485,55.12,10397493.0
2024-01-19,55.22,55.24,54.6,54.79,14392514.0
2024-01-22,54.715,55.025,54.4,54.53,14314002.0
2024-01-23,54.49,54.96,54.42,54.81,14481380.0
2024-01-24,54.76,54.77,53.85,53.87,16370049.0
2024-01-25,53.97,54.13,53.62,54.12,14899634.0
2024-01-26,54.21,54.45,54.085,54.33,13025037.0
2024-01-29,54.3,54.75,54.13,54.69,14546948.0
2024-01-30,54.81,54.98,54.405,54.86,22061310.0
2024-01-31,55.06,55.41,54.25,54.45,22836838.0
2024-02-01,54.53,55.965,54.32,55.94,15870878.0
2024-02-02,55.78,55.83,55.19,55.5,17544839.0
2024-02-05,55.34,55.34,54.84,55.0,12759533.0
2024-02-06,54.92,55.01,54.64,54.9,12777123.0
2024-02-07,55.03,55.17,54.9,54.95,10259703.0
2024-02-08,54.85,54.93,54.37,54.79,12874167.0
2024-02-09,54.43,54.54,53.99,54.52,15235241.0
2024-02-12,54.62,54.72,53.92,54.66,13516655.0
2024-02-13,54.46,55.615,53.75,54.31,24195605.0
2024-02-14,54.13,54.55,53.995,54.25,15872308.0
2024-02-15,54.38,54.55,54.09,54.36,13695838.0
2024-02-16,54.31,54.58,53.915,54.35,13947036.0
2024-02-20,54.555,55.8,54.47,55.66,18339318.0
2024-02-21,55.95,56.24,55.79,56.2,14378263.0
2024-02-22,55.95,56.21,55.46,56.11,12982221.0
2024-02-23,56.05,56.58,55.96,56.16,13612845.0
2024-02-26,56.2,56.23,55.62,55.67,10335565.0
2024-02-27,55.5,55.74,55.08,55.3,9930947.0
2024-02-28,55.33,55.45,55.02,55.36,8076440.0
2024-02-29,55.31,55.6,54.86,54.98,18152648.0
2024-03-01,54.86,54.86,54.3,54.49,10927100.0
2024-03-04,54.19,54.91,54.18,54.77,10150215.0
2024-03-05,54.87,55.07,54.38,54.48,12309931.0
2024-03-06,54.48,54.955,54.34,54.51,12378633.0
2024-03-07,54.65,54.73,54.2,54.4,13686321.0
2024-03-08,54.26,54.75,53.93,54.48,13238840.0
2024-03-11,54.74,55.25,54.535,55.2,14114003.0
2024-03-12,55.28,55.71,55.17,55.46,12684466.0
2024-03-13,55.84,56.17,55.7601,56.08,13909409.0
2024-03-14,56.025,56.245,55.845,55.945,13996463.0
2024-03-15,55.465,55.895,55.085,55.325,36849649.0
2024-03-18,55.335,55.845,55.246,55.575,15856336.0
2024-03-19,55.685,55.795,55.505,55.675,15030596.0
2024-03-20,55.625,56.255,55.6,56.195,15258468.0
2024-03-21,56.005,56.435,55.765,55.915,13066846.0
2024-03-22,55.965,56.235,55.875,55.935,11502835.0
2024-03-25,55.925,56.155,55.565,55.845,13144436.0
2024-03-26,55.945,56.155,55.825,55.985,13277309.0
2024-03-27,56.235,56.875,56.145,56.475,12550810.0
2024-03-28,56.585,56.705,56.445,56.625,13683528.0
2024-04-01,56.625,56.745,56.075,56.125,11668686.0
2024-04-02,55.895,56.175,55.555,55.595,13017260.0
2024-04-03,55.495,55.835,55.225,55.275,13672922.0
2024-04-04,55.535,55.595,54.615,54.745,14320686.0
2024-04-05,54.695,55.125,54.355,54.955,10157760.0
2024-04-08,54.845,54.915,54.515,54.715,10284535.0
2024-04-09,54.925,55.185,54.575,55.165,10792141.0
2024-04-10,54.765,54.835,54.135,54.365,11861881.0
2024-04-11,54.595,54.815,54.235,54.495,11109007.0
2024-04-12,54.395,54.455,53.575,53.725,12250949.0
2024-04-15,54.055,54.255,53.485,53.585,12425049.0
2024-04-16,53.695,53.825,53.375,53.505,11236839.0
2024-04-17,53.725,54.005,53.545,53.955,13805068.0
2024-04-18,54.065,54.425,53.985,54.355,11125869.0
2024-04-19,54.545,55.805,54.445,55.615,21207852.0
2024-04-22,55.585,56.075,55.165,55.995,15624546.0
2024-04-23,55.975,56.125,55.575,56.085,13689127.0
2024-04-24,55.765,57.095,55.285,56.995,19548315.0
2024-04-25,57.315,58.035,56.815,57.185,19048535.0
2024-04-26,56.995,57.375,56.795,57.185,10994262.0
2024-04-29,57.365,57.495,56.975,57.485,13420749.0
2024-04-30,57.585,58.275,56.915,57.215,19349153.0
2024-05-01,57.245,58.015,56.655,57.375,16730830.0
2024-05-02,57.625,57.845,57.165,57.435,10991304.0
2024-05-03,57.435,57.775,57.085,57.615,11628359.0
2024-05-06,57.745,57.825,57.34,57.795,9310652.0
2024-05-07,58.205,58.265,57.695,58.065,9806995.0
2024-05-08,58.295,58.415,57.925,58.295,10484396.0
2024-05-09,58.255,58.595,58.195,58.325,9113655.0
2024-05-10,58.365,58.805,58.235,58.705,8371680.0
2024-05-13,58.685,59.065,58.625,59.025,10137618.0
2024-05-14,59.025,59.205,58.245,58.545,10852190.0
2024-05-15,58.505,58.8365,58.445,58.575,9838521.0
2024-05-16,58.685,59.17,58.515,58.765,10227306.0
2024-05-17,58.785,58.815,58.38,58.475,11538892.0
2024-05-20,58.375,58.455,57.905,58.015,11000882.0
2024-05-21,58.265,58.425,57.885,58.355,9795927.0
2024-05-22,58.155,58.465,58.105,58.445,7419324.0
2024-05-23,57.935,58.325,57.495,57.535,9834113.0
2024-05-24,57.665,57.865,57.415,57.445,8202436.0
2024-05-28,57.235,57.575,56.845,57.265,12346743.0
2024-05-29,56.915,57.325,56.515,57.145,11861795.0
2024-05-30,57.295,57.525,57.045,57.415,9436733.0
2024-05-31,57.435,58.47,57.135,58.375,19816556.0
2024-06-03,58.155,58.535,57.89,58.375,9368534.0
2024-06-04,58.645,59.415,58.385,59.385,11895621.0
2024-06-05,59.435,59.515,58.795,59.365,9632524.0
2024-06-06,59.365,59.805,59.285,59.595,8658339.0
2024-06-07,59.535,59.67,59.255,59.355,9523012.0
2024-06-10,59.385,59.435,58.81,59.035,15686948.0
2024-06-11,59.035,59.09,58.515,58.995,8395539.0
2024-06-12,59.135,59.135,58.13,58.325,9569281.0
2024-06-13,58.305,58.48,57.895,58.435,9668882.0
2024-06-14,58.31,58.62,58.02,58.48,8178902.0
2024-06-17,58.3,58.825,58.11,58.55,10531933.0
2024-06-18,58.46,58.75,58.37,58.56,10651273.0
2024-06-20,58.33,58.67,57.875,58.11,13306258.0
2024-06-21,58.11,59.03,58.11,58.7,28282189.0
2024-06-24,58.92,59.985,58.84,59.9,13212335.0
2024-06-25,59.865,60.0,59.44,59.77,10545804.0
2024-06-26,59.33,60.04,59.16,59.98,9402367.0
2024-06-27,59.98,60.2,59.55,59.84,8493825.0
2024-06-28,59.83,59.99,59.45,59.58,17358710.0
2024-07-01,59.96,60.23,59.05,59.21,10033132.0
2024-07-02,59.19,59.31,58.785,59.08,8877607.0
2024-07-03,59.12,59.595,58.86,59.26,9126696.0
2024-07-05,59.26,59.72,58.925,59.69,11734962.0
2024-07-08,59.52,59.52,58.77,58.89,11233213.0
2024-07-09,58.99,59.16,58.52,58.62,11659119.0
2024-07-10,58.65,58.79,58.215,58.76,11930296.0
2024-07-11,58.57,59.39,58.325,59.03,11433958.0
2024-07-12,59.39,60.045,59.315,59.63,9199765.0
2024-07-15,59.72,59.87,59.28,59.34,8205461.0
2024-07-16,59.36,60.24,59.32,60.2,9024877.0
2024-07-17,60.4,61.32,60.335,61.14,12507617.0
2024-07-18,60.73,61.735,60.65,61.12,11128075.0
2024-07-19,61.57,61.57,60.75,61.22,13775383.0
2024-07-22,61.18,61.22,60.245,60.7,11794146.0
2024-07-23,61.36,61.97,60.775,60.89,11809880.0
2024-07-24,61.02,61.895,60.765,61.74,13244556.0
2024-07-25,61.97,62.82,61.79,62.0,16328128.0
2024-07-26,62.0,63.04,61.94,62.98,13530071.0
2024-07-29,62.81,62.955,62.32,62.76,12140111.0
2024-07-30,62.41,63.76,62.29,63.61,13257930.0
2024-07-31,63.43,63.54,62.54,62.67,15576516.0
2024-08-01,62.93,64.035,62.63,63.89,16495659.0
2024-08-02,64.46,65.6,63.62,65.26,22514666.0
2024-08-05,64.92,65.48,63.66,64.03,25483989.0
2024-08-06,64.08,64.77,63.7,63.98,12968949.0
2024-08-07,63.98,65.11,63.76,64.39,13365177.0
2024-08-08,63.93,64.795,63.78,64.66,15240906.0
2024-08-09,64.63,64.715,64.175,64.61,12079700.0
2024-08-12,64.38,64.47,63.76,64.1,11011860.0
2024-08-13,64.01,64.54,63.94,64.39,9877116.0
2024-08-14,64.16,64.82,64.06,64.51,14327661.0
2024-08-15,64.55,64.85,64.43,64.58,11285098.0
2024-08-16,64.77,65.23,64.57,65.11,12650702.0
2024-08-19,65.28,65.35,64.775,64.91,9843801.0
2024-08-20,64.92,65.32,64.695,65.31,11957023.0
2024-08-21,65.41,66.06,65.265,65.5,8792223.0
2024-08-22,65.85,65.85,64.72,65.26,12508389.0
2024-08-23,65.33,65.78,64.865,65.72,11834627.0
2024-08-26,65.76,66.85,65.66,66.77,12911829.0
2024-08-27,67.25,67.46,66.98,67.43,16988080.0
2024-08-28,67.54,67.74,67.225,67.68,13272568.0
2024-08-29,67.83,68.15,67.16,67.98,17201633.0
2024-08-30,68.13,68.5,67.71,68.4,18624060.0
2024-09-03,68.37,69.215,68.175,68.94,14755357.0
2024-09-04,69.23,69.46,67.84,68.49,18140820.0
2024-09-05,68.55,68.61,66.91,67.1,23866104.0
2024-09-06,66.92,67.6,66.82,67.07,17485598.0
2024-09-09,67.16,68.235,66.91,67.78,12939235.0
2024-09-10,67.9,68.35,67.45,67.48,10276300.0
2024-09-11,67.29,67.3,66.5001,67.01,11417581.0
2024-09-12,66.93,67.31,66.585,67.16,12340761.0
2024-09-13,67.255,67.88,66.895,67.825,11073789.0
2024-09-16,68.185,68.655,68.035,68.515,10786257.0
2024-09-17,68.315,68.765,68.14,68.215,12974378.0
2024-09-18,68.305,68.795,67.685,68.165,10718490.0
2024-09-19,67.975,68.355,67.015,67.035,13635382.0
2024-09-20,66.825,68.215,66.795,68.055,48578447.0
2024-09-23,67.965,68.615,67.595,68.145,11613014.0
2024-09-24,67.635,68.23,67.015,67.745,13330513.0
2024-09-25,68.125,68.335,67.72,67.865,12328779.0
2024-09-26,67.275,68.025,67.255,67.815,10814964.0
2024-09-27,67.955,68.615,67.875,68.205,11175495.0
2024-09-30,68.415,68.615,68.105,68.275,18015218.0
2024-10-01,68.515,69.16,68.045,68.125,13294493.0
2024-10-02,67.805,67.845,66.825,67.425,11155300.0
2024-10-03,67.275,67.405,66.615,66.935,9374654.0
2024-10-04,66.375,66.695,66.135,66.585,12687066.0
2024-10-07,66.465,66.515,65.285,65.425,14511940.0
2024-10-08,65.455,65.855,65.275,65.595,13548941.0
2024-10-09,65.605,66.155,65.485,65.985,9037604.0
2024-10-10,66.245,66.325,65.4,65.665,8634614.0
2024-10-11,65.875,66.005,65.41,65.985,8785711.0
2024-10-14,65.985,66.885,65.885,66.755,7659229.0
2024-10-15,66.875,67.625,66.575,66.755,10358221.0
2024-10-16,66.505,67.115,66.385,66.985,7936333.0
2024-10-17,67.045,67.105,65.995,66.315,14673962.0
2024-10-18,66.285,66.965,66.02,66.855,15087496.0
2024-10-21,66.415,66.74,65.72,65.865,11981094.0
2024-10-22,65.415,66.16,65.095,65.865,18603222.0
2024-10-23,63.405,65.115,62.995,64.425,24655068.0
2024-10-24,64.065,64.455,63.367,63.715,17568831.0
2024-10-25,63.485,64.115,63.205,63.335,11138006.0
2024-10-28,63.375,63.81,63.015,63.085,10761277.0
2024-10-29,62.705,62.755,61.935,61.975,16525688.0
2024-10-30,61.925,62.95,61.735,62.335,14177385.0
2024-10-31,62.225,62.405,61.67,61.725,13383625.0
2024-11-01,61.885,62.075,61.305,61.425,12163028.0
2024-11-04,61.495,61.835,61.0657,61.525,10984487.0
2024-11-05,61.055,61.8848,61.055,61.785,8780116.0
2024-11-06,60.835,61.275,59.595,60.115,22898911.0
2024-11-07,60.705,60.805,60.015,60.075,14855793.0
2024-11-08,60.325,60.655,60.155,60.335,14717834.0
2024-11-11,60.405,60.535,59.6659,59.775,13980872.0
2024-11-12,60.095,60.165,59.535,59.615,15020863.0
2024-11-13,59.465,59.675,58.905,59.415,13177494.0
2024-11-14,59.525,59.525,58.845,58.965,15910760.0
2024-11-15,58.905,59.045,57.805,58.155,26284262.0
2024-11-18,58.265,58.555,57.975,58.275,16079142.0
2024-11-19,58.315,59.035,58.045,59.005,16254790.0
2024-11-20,59.115,59.425,58.435,59.405,18904908.0
2024-11-21,59.565,60.225,59.365,60.175,17292064.0
2024-11-22,60.655,60.895,60.065,60.335,19561917.0
2024-11-25,60.735,61.125,60.255,60.795,36805082.0
2024-11-26,60.725,61.055,60.475,60.965,14473267.0
2024-11-27,61.375,61.515,60.665,60.845,13263403.0
2024-11-29,60.92,61.15,60.67,60.98,10531598.0
2024-12-02,60.95,61.09,60.245,60.55,16499686.0
2024-12-03,60.62,60.98,59.925,60.42,24873597.0
2024-12-04,60.175,60.25,58.8,59.11,28137659.0
2024-12-05,59.37,60.02,59.0,59.82,21040359.0
2024-12-06,59.73,60.26,59.41,59.43,15581022.0
2024-12-09,59.59,59.829,58.8,59.5,22348291.0
2024-12-10,59.6,59.94,58.69,59.81,14949315.0
2024-12-11,59.9,60.53,59.3,59.54,32818697.0
2024-12-12,60.45,60.82,60.12,60.74,17542056.0
2024-12-13,60.47,60.735,60.01,60.02,13429013.0
2024-12-16,60.13,60.76,59.25,59.45,24559648.0
2024-12-17,59.35,60.45,59.22,60.3,21902264.0
2024-12-18,59.71,60.54,59.69,59.75,20946086.0
2024-12-19,59.6,60.07,59.3,59.35,21300406.0
2024-12-20,59.37,59.96,59.18,59.45,42458089.0
2024-12-23,59.4,59.66,58.4318,59.28,13010652.0
2024-12-24,59.1,59.74,58.91,59.74,4991067.0
2024-12-26,59.52,59.64,59.3,59.47,7945574.0
2024-12-27,59.35,59.85,59.109,59.35,8542381.0
2024-12-30,59.24,59.24,58.58,58.93,8971739.0
2024-12-31,58.92,59.33,58.7,59.16,9256322.0
2025-01-02,59.25,59.65,58.52,58.74,12990856.0
2025-01-03,58.8,58.975,58.52,58.65,10403108.0
2025-01-06,58.4,58.465,57.56,57.71,17924159.0
2025-01-07,58.01,58.6175,57.515,57.74,17799611.0
2025-01-08,57.89,58.67,57.83,58.61,14411743.0
2025-01-10,58.48,58.55,57.63,57.97,22424557.0
2025-01-13,58.03,58.745,57.61,58.55,18016164.0
2025-01-14,58.555,58.965,58.2,58.94,16658256.0
2025-01-15,59.23,59.52,58.58,58.67,16187136.0
2025-01-16,58.32,59.2,58.22,59.15,12585154.0
2025-01-17,59.21,59.665,59.07,59.61,17948816.0
2025-01-21,59.8,60.13,59.2,59.32,19817040.0
2025-01-22,59.02,59.185,58.56,58.68,18191855.0
2025-01-23,58.7,58.88,58.27,58.43,16528339.0
2025-01-24,58.62,58.91,58.335,58.82,19244539.0
2025-01-27,59.77,61.08,59.373,60.77,20742804.0
2025-01-28,60.41,60.94,59.18,59.26,14956030.0
2025-01-29,59.46,60.26,59.45,59.73,11325309.0
2025-01-30,60.75,61.185,60.13,60.95,13200977.0
2025-01-31,60.6,60.83,60.29,60.38,12102059.0
2025-02-03,60.08,60.5299,59.33,60.25,12067837.0
2025-02-04,60.51,60.53,59.25,59.57,15677998.0
2025-02-05,59.62,60.19,59.485,60.02,10686746.0
2025-02-06,60.52,60.64,59.81,60.26,13423300.0
2025-02-07,60.33,60.82,60.17,60.74,13184592.0
2025-02-10,61.0,61.55,60.56,61.45,16154279.0
2025-02-11,64.4,64.57,63.31,64.5,30588952.0
2025-02-12,63.77,65.72,63.77,65.61,26033752.0
2025-02-13,65.9,66.51,65.662,66.4,24392837.0
2025-02-14,66.265,66.93,65.66,65.77,20779081.0
2025-02-18,65.45,66.27,65.32,65.95,15568540.0
2025-02-19,66.11,67.03,66.07,66.97,16032200.0
2025-02-20,66.61,66.97,66.32,66.94,13397720.0
2025-02-21,67.22,68.5,67.03,68.25,21662133.0
2025-02-24,67.74,68.63,67.23,67.49,21418150.0
2025-02-25,67.76,68.6699,67.63,68.39,21555314.0
2025-02-26,68.17,68.175,67.425,67.7,14531093.0
2025-02-27,67.62,68.435,67.32,67.77,16789236.0
2025-02-28,68.35,68.47,67.46,68.11,22167377.0
2025-03-03,67.14,69.26,66.63,69.22,21717212.0
2025-03-04,68.97,69.55,66.78,67.09,25411844.0
2025-03-05,66.8,67.64,66.74,66.98,23933616.0
2025-03-06,67.31,67.429,66.35,67.36,21693454.0
2025-03-07,66.55,68.72,66.55,68.33,28393245.0
2025-03-10,68.86,70.12,68.215,68.35,25251070.0
2025-03-11,68.775,68.94,67.51,67.94,28075883.0
2025-03-12,67.27,67.63,66.64,66.84,18923294.0
2025-03-13,67.15,67.15,66.181,66.52,15746458.0
2025-03-14,65.92,66.67,65.7903,66.57,14205032.0
2025-03-17,66.65,67.58,66.49,67.53,15634574.0
2025-03-18,67.52,67.6,66.71,66.79,12657420.0
2025-03-19,65.96,66.79,65.95,66.69,14779805.0
2025-03-20,66.715,67.22,66.5,67.12,16295197.0
2025-03-21,67.12,67.38,65.59,66.08,47479396.0
2025-03-24,66.21,66.49,65.74,66.36,12575368.0
2025-03-25,66.36,66.49,66.01,66.22,12513879.0
2025-03-26,66.33,67.76,66.31,67.43,14482731.0
2025-03-27,67.59,68.395,67.48,68.15,11663151.0
2025-03-28,68.22,68.725,66.94,67.78,17412737.0
2025-03-31,68.14,69.3475,67.9,69.03,24016787.0
2025-04-01,69.09,69.32,68.595,69.28,15309075.0
2025-04-02,69.37,69.77,68.46,68.74,14606516.0
2025-04-03,69.89,71.36,69.73,70.59,24959137.0
2025-04-04,69.83,70.42,67.2,67.34,26517282.0
2025-04-07,63.64,66.79,63.46,65.78,34258117.0
2025-04-08,66.37,67.3915,65.17,65.83,22774423.0
2025-04-09,65.33,67.88,64.69,67.36,27918408.0
2025-04-10,67.6,68.615,66.39,68.17,22450137.0
2025-04-11,68.315,69.26,67.95,68.84,19987992.0
2025-04-14,68.71,70.07,68.34,69.86,13930062.0
2025-04-15,70.03,70.04,69.135,69.27,14964878.0
2025-04-16,69.77,70.075,68.795,69.09,15276074.0
2025-04-17,69.31,70.835,69.13,70.41,20754275.0
2025-04-21,70.79,70.8823,69.23,70.18,16036903.0
2025-04-22,70.41,71.79,70.33,71.31,15613389.0
2025-04-23,70.7,71.36,69.79,70.71,16353401.0
2025-04-24,70.43,70.835,69.71,69.93,16893570.0
2025-04-25,70.06,70.33,68.535,69.32,16315921.0
2025-04-28,69.485,69.67,68.72,69.2,15997377.0
2025-04-29,68.6,70.12,67.69,69.76,16244057.0
2025-04-30,70.76,70.89,69.095,69.96,21074406.0
2025-05-01,69.41,69.45,68.64,68.7,18033921.0
2025-05-02,68.91,69.225,68.505,69.06,12629582.0
2025-05-05,69.08,69.21,68.42,69.11,11932593.0
2025-05-06,69.085,69.31,68.57,69.13,12705297.0
2025-05-07,69.13,70.095,69.08,69.81,15025785.0
2025-05-08,69.61,69.88,68.54,68.58,14370645.0
2025-05-09,68.4,68.56,67.87,67.93,11228872.0
2025-05-12,67.555,67.74,66.11,66.94,21538988.0
2025-05-13,67.0,67.1,66.28,66.37,14389003.0
2025-05-14,66.29,66.75,65.99,66.57,16286698.0
2025-05-15,67.11,69.14,67.01,69.02,19817096.0
2025-05-16,69.27,69.67,68.84,69.41,18441134.0
2025-05-19,69.44,69.58,69.05,69.34,13282424.0
2025-05-20,69.21,69.54,68.84,69.1,12137270.0
2025-05-21,69.1,69.49,68.995,69.26,12094404.0
2025-05-22,69.25,69.395,68.37,68.55,11101695.0
2025-05-23,68.95,69.39,68.095,69.18,12822013.0
2025-05-27,69.15,69.63,68.97,69.19,10665864.0
2025-05-28,69.11,69.31,68.46,68.56,8710843.0
2025-05-29,68.41,69.07,67.87,68.9,10293750.0
2025-05-30,69.015,69.88,69.015,69.51,28019524.0
2025-06-02,69.435,69.45,68.77,69.41,10202542.0
2025-06-03,69.12,69.19,67.885,68.57,20139623.0
2025-06-04,68.67,69.255,68.09,68.78,13565848.0
2025-06-05,68.79,68.865,68.245,68.32,13535222.0
2025-06-06,68.495,68.89,68.3548,68.76,9523680.0
2025-06-09,68.76,69.24,68.5,69.18,12281100.0
2025-06-10,69.31,70.095,69.17,69.76,12264918.0
2025-06-11,69.675,69.77,69.17,69.48,12718068.0
2025-06-12,69.66,69.8099,69.01,69.65,12806666.0
2025-06-13,69.69,69.8,68.65,68.94,17467020.0
2025-06-16,69.12,69.54,68.16,68.44,15045802.0
2025-06-17,68.3,68.38,67.5,67.54,15436911.0
2025-06-18,67.92,67.92,67.01,67.13,16227553.0
2025-06-20,67.01,67.4754,66.7,66.76,40859227.0
2025-06-23,67.06,67.73,66.89,67.66,21822729.0
2025-06-24,67.865,68.27,67.605,68.13,15216075.0
2025-06-25,67.845,67.94,67.35,67.55,12540372.0
2025-06-26,67.62,67.84,67.065,67.39,14452836.0
2025-06-27,67.51,68.48,67.39,68.25,23470647.0
2025-06-30,68.045,68.71,68.01,68.67,15428769.0
2025-07-01,68.91,70.37,68.82,69.59,21729046.0
2025-07-02,69.61,69.745,68.655,68.83,13049771.0
2025-07-03,68.96,69.315,68.37,69.27,9409719.0
2025-07-07,69.29,69.29,68.72,68.93,16984454.0
2025-07-08,68.6,68.6,67.8,68.16,17115518.0
2025-07-09,68.08,68.17,66.89,67.4,33704052.0
2025-07-10,67.21,67.765,67.08,67.69,14615044.0
2025-07-11,67.485,68.075,67.17,67.79,12916491.0
2025-07-14,67.72,68.0,67.1919,67.39,13983238.0
2025-07-15,67.43,67.47,67.07,67.28,12639709.0
2025-07-16,67.27,67.42,66.71,67.19,13178069.0
2025-07-17,67.73,68.605,67.43,68.51,20464557.0
2025-07-18,68.365,68.62,67.755,67.77,14927946.0
2025-07-21,68.115,68.54,67.85,67.99,17811719.0
2025-07-22,67.37,68.1792,66.61,67.58,22339612.0
2025-07-23,67.58,67.66,66.52,67.08,21029818.0
2025-07-24,67.175,67.47,66.91,67.02,12510882.0
2025-07-25,67.05,67.15,66.67,67.09,12574803.0
2025-07-28,66.66,66.82,65.98,66.01,13668762.0
2025-07-29,66.26,67.34,66.07,67.3,16223367.0
2025-07-30,67.03,67.25,66.445,66.67,10447383.0
2025-07-31,66.07,66.57,65.66,65.81,17193215.0
2025-08-01,66.515,66.96,66.19,66.78,16107163.0
2025-08-04,66.635,67.005,66.23,66.88,10701286.0
2025-08-05,66.82,67.405,66.67,66.97,11993020.0
2025-08-06,67.04,67.72,66.55,67.43,10782962.0
2025-08-07,67.38,68.635,67.25,68.35,15790795.0
2025-08-08,68.285,68.791,68.0,68.26,9232604.0
2025-08-11,68.22,68.78,67.88,68.67,10909226.0
2025-08-12,68.735,68.98,68.14,68.63,11064630.0
2025-08-13,68.61,68.69,68.15,68.38,10354797.0
2025-08-14,68.3,68.38,67.31,67.47,10721671.0
2025-08-15,67.66,68.305,67.49,67.84,12381096.0
2025-08-18,67.9,67.97,66.97,67.05,14094871.0
2025-08-19,67.22,68.14,67.16,68.05,13861970.0
2025-08-20,68.66,69.625,68.325,68.62,17530714.0
2025-08-21,68.52,68.825,68.25,68.58,8840415.0
2025-08-22,68.88,68.94,67.84,68.05,12999373.0
2025-08-25,68.03,68.15,66.635,66.85,13634087.0
2025-08-26,66.96,67.0,66.495,66.65,17964198.0
2025-08-27,66.74,66.79,66.385,66.75,11562261.0
2025-08-28,66.8,66.82,66.2,66.28,16209863.0
2025-08-29,66.59,67.06,66.345,66.91,14601046.0
2025-09-02,66.88,67.26,66.175,66.98,24769678.0
2025-09-03,66.58,67.015,65.29,66.91,33581294.0
2025-09-04,67.03,67.38,66.035,66.17,16735343.0
2025-09-05,65.93,66.5,65.79,65.88,23977629.0
2025-09-08,65.775,65.8,65.08,65.35,21671575.0
2025-09-09,65.2,66.025,65.2,65.78,14120212.0
2025-09-10,65.71,66.0054,65.13,65.74,16041499.0
2025-09-11,65.84,66.085,65.5,65.54,15128384.0
2025-09-12,65.52,65.635,64.855,64.93,18712185.0
2025-09-15,65.11,65.21,64.53,64.64,15985987.0
2025-09-16,64.78,64.94,64.485,64.67,18555767.0
2025-09-17,64.835,65.56,64.835,65.47,17372246.0
2025-09-18,65.23,65.465,64.78,64.89,17722860.0
2025-09-19,64.92,65.16,64.475,64.86,31192810.0
2025-09-22,64.59,65.02,64.51,64.64,13298625.0
2025-09-23,64.78,65.19,64.33,65.14,15072787.0
2025-09-24,64.835,65.21,64.39,64.88,14758847.0
2025-09-25,65.18,65.35,64.38,64.41,14394927.0
2025-09-26,64.5,64.765,63.93,64.1,17821425.0
2025-09-29,64.1,64.53,63.7838,64.47,14818306.0
2025-09-30,64.5,65.07,64.3901,64.75,13814983.0
2025-10-01,64.935,65.26,64.72,65.21,14877496.0
2025-10-02,64.955,65.08,64.29,64.53,14350722.0
2025-10-03,64.53,65.415,64.47,65.08,12249185.0
2025-10-06,64.92,64.93,64.27,64.53,14333320.0
2025-10-07,64.655,65.69,64.3,65.22,13328267.0
2025-10-08,65.095,65.3,64.49,64.55,12606575.0
2025-10-09,64.72,65.23,64.55,64.8,12705186.0
2025-10-10,64.95,65.825,64.805,65.47,17991250.0
2025-10-13,64.66,65.23,64.43,65.23,13689990.0
2025-10-14,65.3,66.0,65.175,65.94,14245513.0
2025-10-15,65.695,66.15,65.35,65.51,11193264.0
2025-10-16,65.605,66.535,65.59,66.02,15706803.0
2025-10-17,66.43,66.925,66.23,66.87,15541766.0
2025-10-20,66.855,67.07,66.35,66.87,17786734.0
2025-10-21,68.995,69.82,68.66,69.65,33651210.0
2025-10-22,69.79,70.045,68.94,69.24,18292636.0
2025-10-23,69.24,69.3587,68.15,68.37,13989214.0
2025-10-24,68.34,68.48,68.075,68.14,15688135.0
2025-10-27,68.21,68.545,67.68,68.49,13799934.0
2025-10-28,68.475,69.33,68.38,68.59,12730269.0
2025-10-29,68.35,68.46,66.585,66.78,19789225.0
2025-10-30,66.88,67.72,66.8172,67.41,14751729.0
2025-10-31,66.975,67.5,66.3301,67.33,16742419.0
2025-11-03,67.23,67.32,66.09,66.4,15660291.0
2025-11-04,66.9,67.16,66.59,67.09,12743779.0
2025-11-05,67.09,67.26,66.605,66.94,12849957.0
2025-11-06,66.73,67.565,66.35,67.49,15906592.0
2025-11-07,68.24,69.3,67.84,68.98,25108273.0
2025-11-10,68.44,69.09,67.87,68.95,15317844.0
2025-11-11,69.41,70.18,69.09,70.04,16160195.0
2025-11-12,69.92,70.32,69.77,69.94,13612608.0
2025-11-13,69.845,70.0975,69.43,69.5,14002709.0
2025-11-14,69.835,70.07,69.03,69.59,13171992.0
2025-11-17,69.63,69.955,69.05,69.11,14771795.0
2025-11-18,69.42,69.77,69.0,69.65,12838916.0
2025-11-19,69.63,69.875,69.2443,69.54,12401019.0
2025-11-20,69.38,69.91,69.04,69.64,15395603.0
2025-11-21,70.11,71.62,69.915,71.38,26492335.0
2025-11-24,71.59,71.59,70.0,71.02,39817398.0
2025-11-25,71.225,71.355,70.5695,71.04,17450406.0
2025-11-26,71.03,71.515,70.82,71.31,11795043.0
2025-11-28,71.43,71.66,71.19,71.55,6839360.0
2025-12-01,71.54,71.845,70.87,70.89,14387174.0
2025-12-02,70.74,70.74,69.37,69.61,19871297.0
2025-12-03,69.82,70.34,69.55,69.75,17001656.0
2025-12-04,69.77,70.28,69.3101,69.39,17709843.0
2025-12-05,69.255,69.65,68.8135,68.94,13978097.0
2025-12-08,68.78,69.32,68.43,69.19,17775041.0
2025-12-09,69.31,69.565,68.77,69.03,13009411.0
2025-12-10,69.33,69.47,68.72,69.15,29789342.0
2025-12-11,69.49,69.63,67.73,68.05,23124112.0
2025-12-12,68.05,69.5599,67.98,69.46,18444444.0
2025-12-15,69.37,70.255,69.26,69.91,18659943.0
2025-12-16,70.24,70.24,69.26,69.31,17369956.0
2025-12-17,69.51,69.86,69.245,69.61,13672696.0
2025-12-18,69.21,69.735,69.11,69.3,15524658.0
2025-12-19,69.0,69.705,68.97,69.0,36911028.0
2025-12-22,68.87,69.16,68.595,69.15,12828183.0
2025-12-23,69.14,69.195,68.63,68.81,9470834.0
2025-12-24,68.835,69.1,68.69,69.05,4340569.0
2025-12-26,68.89,69.1,68.665,68.81,5711282.0
2025-12-29,68.94,69.36,68.79,69.1,9686106.0
2025-12-30,68.94,69.175,68.74,69.01,8610879.0
2025-12-31,69.01,69.1,68.8201,68.85,8127448.0
2026-01-02,68.79,68.81,67.915,68.06,12151264.0
2026-01-05,67.86,67.86,66.86,66.88,21186642.0
2026-01-06,66.95,67.19,66.53,66.78,21019719.0
2026-01-07,66.93,67.01,66.214,66.48,20223314.0
2026-01-08,66.48,68.395,66.39,68.31,19236905.0
2026-01-09,68.37,69.6,68.06,69.45,19638541.0
2026-01-12,69.835,69.905,69.175,69.44,20582303.0
2026-01-13,69.36,70.18,69.21,70.18,18324618.0
2026-01-14,70.11,70.65,69.75,70.38,16738877.0
2026-01-15,70.53,70.54,69.305,69.42,15463958.0
2026-01-16,69.23,69.68,68.98,69.38,20026916.0
2026-01-20,68.94,70.72,68.73,70.69,22152118.0
2026-01-21,70.92,71.18,69.77,70.95,21660524.0
2026-01-22,70.765,70.98,70.38,70.81,13962706.0
2026-01-23,70.955,72.0,70.715,71.82,18306644.0
2026-01-26,71.8,72.235,71.48,71.5,14017293.0
2026-01-27,71.38,72.4951,71.208,72.49,13239048.0
2026-01-28,72.15,72.56,71.505,72.0,14633555.0
2026-01-29,72.12,73.025,72.08,72.37,20861899.0
2026-01-30,72.65,73.835,72.48,73.75,26420184.0
2026-02-02,73.95,74.635,73.34,74.27,19301496.0
2026-02-03,74.21,76.44,74.07,75.83,27007028.0
2026-02-04,76.205,77.045,76.02,76.29,28607236.0
2026-02-05,76.76,77.795,76.53,77.45,21633386.0
2026-02-06,77.44,78.14,77.2,77.97,18512195.0
2026-02-09,77.61,78.05,76.475,76.91,23415507.0
2026-02-10,75.57,76.45,74.95,75.75,28848162.0
2026-02-11,75.82,77.99,75.52,77.54,22649618.0
2026-02-12,77.92,79.35,77.73,77.94,26043174.0
2026-02-13,77.39,78.34,77.07,77.62,16711773.0
2026-02-17,77.93,78.575,77.68,78.5,16260193.0
2026-02-18,78.44,78.78,77.8632,78.43,16304845.0
2026-02-19,78.4,78.6112,77.53,77.85,14924501.0
2026-02-20,78.27,78.78,77.83,78.78,17174602.0
2026-02-23,78.46,79.785,78.44,79.5,17157624.0
2026-02-24,79.48,80.03,78.79,79.66,16448460.0
2026-02-25,79.34,79.63,78.495,79.41,18086855.0
2026-02-26,79.69,79.83,78.961,79.44,12843160.0
2026-02-27,79.88,80.94,79.76,80.5,28483340.0
2026-03-02,80.19,80.34,79.09,79.16,18137157.0
2026-03-03,78.8,79.02,77.495,78.28,20549253.0
2026-03-04,78.23,78.41,76.69,77.04,21011278.0
2026-03-05,76.615,76.66,75.435,75.97,23165627.0
2026-03-06,75.74,76.13,75.29,75.98,15515870.0
2026-03-09,75.56,77.01,75.47,76.74,18553831.0
2026-03-10,76.415,77.345,76.04,76.82,17242962.0
2026-03-11,76.65,76.65,75.535,76.57,11550710.0
2026-03-12,76.36,77.1,75.835,76.55,16842004.0
2026-03-13,76.94,77.515,76.66,76.81,11974384.0
2026-03-16,77.47,77.9,77.21,77.29,11761234.0
2026-03-17,77.47,77.77,76.921,77.05,14899042.0
2026-03-18,76.55,76.595,75.32,75.44,13134637.0
2026-03-19,75.47,75.92,74.995,75.02,13023020.0
2026-03-20,75.035,75.52,73.86,74.22,33298585.0
2026-03-23,74.81,74.9171,74.02,74.58,15053953.0
2026-03-24,74.33,75.155,74.1,74.14,15653679.0
2026-03-25,74.06,75.115,73.54,74.72,14787677.0
2026-03-26,74.66,75.215,74.12,74.16,11202114.0
2026-03-27,74.29,75.52,74.17,75.18,17460855.0
2026-03-30,75.4,76.465,75.19,75.74,18502810.0
2026-03-31,76.0,76.485,74.975,75.52,18300528.0
2026-04-01,75.62,75.83,74.73,75.55,15834215.0
2026-04-02,76.05,76.428,75.59,76.19,14573387.0
2026-04-06,76.11,76.745,75.6918,76.69,8259893.0
2026-04-07,76.67,77.065,75.095,75.38,12769006.0
2026-04-08,75.28,76.84,74.785,76.76,12331294.0
2026-04-09,76.12,77.76,75.84,77.65,14310971.0
2026-04-10,77.45,77.64,76.775,76.94,11081362.0
2026-04-13,76.79,76.92,75.295,75.88,12695868.0
2026-04-14,75.44,76.09,75.27,75.37,12397590.0
2026-04-15,75.21,75.21,74.19,74.78,16211836.0
2026-04-16,74.5,75.305,74.37,74.65,11501865.0
2026-04-17,74.42,75.525,74.27,75.21,15033805.0
2026-04-20,75.29,75.69,74.83,74.95,10141757.0
2026-04-21,74.945,75.0,74.085,74.17,11806770.0
2026-04-22,74.37,74.85,74.02,74.1,9352241.0
2026-04-23,74.91,76.13,74.63,75.75,12060202.0
2026-04-24,76.18,76.475,75.64,76.1,12008665.0
2026-04-27,76.18,76.18,74.87,74.91,15812180.0
2026-04-28,78.99,79.79,77.545,77.82,30710565.0
2026-04-29,77.84,78.745,77.66,78.34,18294748.0
2026-04-30,78.265,78.59,77.795,78.23,15142155.0
2026-05-01,78.76,79.11,77.505,78.05,12610306.0
2026-05-04,77.53,78.24,77.2,77.66,12672400.0
2026-05-05,77.66,78.25,77.21,77.95,11637523.0
2026-05-06,78.25,78.8,78.035,78.7,14060314.0
2026-05-07,78.26,78.615,77.565,77.9,16530949.0
2026-05-08,78.035,78.67,77.585,77.89,12446883.0
2026-05-11,77.63,78.2,77.3123,78.13,10966623.0
2026-05-12,78.47,79.79,77.75,79.5,19883080.0
2026-05-13,79.335,80.5,79.31,79.73,12356954.0
2026-05-14,80.2,80.39,79.38,79.92,10641269.0
2026-05-15,80.83,80.83,79.92,80.29,17526826.0
2026-05-18,80.34,80.855,79.86,80.67,12375514.0
2026-05-19,80.875,82.1335,80.73,81.39,16595167.0
2026-05-20,81.64,81.87,80.99,81.02,16999665.0
2026-05-21,81.26,81.2707,80.19,80.64,15708429.0
2026-05-22,80.65,81.145,80.39,80.95,8244432.0
2026-05-26,80.31,81.07,79.71,79.93,13012204.0
2026-05-27,80.57,81.98,80.27,81.09,13212807.0
2026-05-28,80.79,81.23,79.805,79.88,14691211.0
2026-05-29,79.51,79.8,78.375,78.48,32476887.0
2026-06-01,78.045,78.67,77.9,78.11,12776148.0
2026-06-02,78.35,78.67,77.715,77.88,12533215.0
2026-06-03,77.755,78.5,77.58,78.23,14964092.0
2026-06-04,79.25,79.51,76.28,76.29,19361606.0
2026-06-05,76.98,80.2093,76.95,78.95,25707717.0
2026-06-08,78.78,79.4,78.57,79.01,12828738.0
2026-06-09,79.02,81.23,78.85,80.81,20591546.0
2026-06-10,82.15,83.32,81.59,83.06,20880416.0
2026-06-11,83.39,83.51,81.955,82.0,14264518.0
2026-06-12,82.18,82.36,81.34,82.09,11757678.0
2026-06-15,81.08,81.2,80.25,80.91,20055128.0
2026-06-16,81.15,81.39,79.84,80.28,17564550.0
2026-06-17,79.95,80.33,78.99,79.93,17055348.0
2026-06-18,79.87,80.01,78.74,79.39,46857936.0
2026-06-22,79.25,80.055,79.06,79.53,21205846.0
2026-06-23,81.325,81.325,79.83,80.31,16853478.0
2026-06-24,80.89,81.575,80.56,80.6,20632345.0
2026-06-25,80.53,81.38,79.97,80.42,16034164.0
2026-06-26,80.96,82.81,80.695,82.63,53356536.0
2026-06-29,82.83,83.62,82.205,82.65,15014668.0
2026-06-30,82.5,82.5381,81.01,81.27,16421924.0
2026-07-01,81.7,81.975,80.96,81.29,21734586.0
2026-07-02,81.63,84.14,81.395,84.14,18320439.0
2026-07-06,84.1,84.56,82.315,82.96,18992564.0
2026-07-07,84.6,85.68,83.64,84.05,17835147.0
2026-07-08,84.17,84.83,83.27,83.4,14160012.0
2026-07-09,82.09,82.815,81.71,82.63,15782449.0
2026-07-10,82.73,83.735,82.406,83.49,10694617.0
2026-07-13,83.9,84.68,83.67,84.25,12085733.0
2026-07-14,84.17,84.6299,83.08,83.08,13775336.0
2026-07-15,82.93,83.235,82.23,82.45,18383719.0
2026-07-16,83.5,84.95,83.28,84.92,17889810.0
2026-07-17,85.37,85.555,80.83,81.56,32902931.0
2026-07-20,81.55,82.37,81.3,82.12,14966939.0
2026-07-21,81.97,82.395,81.32,81.97,12949404.0
2026-07-22,82.85,82.92,81.955,82.2,11701272.0
2026-07-23,81.67,81.869,80.88,81.17,13755605.0
2026-07-24,81.57,82.33,80.9,82.25,11980372.0
