date,open,high,low,close,volume
1986-03-13,-35.5515,-35.5384,-35.5515,-35.5428,1031788800.0
1986-03-14,-35.5428,-35.5376,-35.5428,-35.5393,308160000.0
1986-03-17,-35.5393,-35.5367,-35.5393,-35.5376,133171200.0
1986-03-18,-35.5376,-35.5367,-35.541,-35.5402,67766400.0
1986-03-19,-35.5402,-35.5393,-35.5428,-35.5419,47894400.0
1986-03-20,-35.5419,-35.5419,-35.5454,-35.5445,58435200.0
1986-03-21,-35.5445,-35.5428,-35.5489,-35.5471,59990400.0
1986-03-24,-35.5471,-35.5471,-35.5506,-35.5497,65289600.0
1986-03-25,-35.5497,-35.548,-35.5506,-35.548,32083200.0
1986-03-26,-35.548,-35.5445,-35.5489,-35.5454,22752000.0
1986-03-27,-35.5454,-35.5436,-35.5454,-35.5436,16848000.0
1986-03-31,-35.5436,-35.5436,-35.5463,-35.5445,12873600.0
1986-04-01,-35.5445,-35.5445,-35.5454,-35.5454,11088000.0
1986-04-02,-35.5454,-35.5428,-35.5454,-35.5445,27014400.0
1986-04-03,-35.5436,-35.541,-35.5436,-35.5436,23040000.0
1986-04-04,-35.5436,-35.5428,-35.5436,-35.5436,26582400.0
1986-04-07,-35.5436,-35.5428,-35.5471,-35.5454,16560000.0
1986-04-08,-35.5454,-35.5428,-35.5454,-35.5445,10252800.0
1986-04-09,-35.5445,-35.5419,-35.5445,-35.5428,12153600.0
1986-04-10,-35.5428,-35.541,-35.5445,-35.5419,13881600.0
1986-04-11,-35.541,-35.5384,-35.541,-35.5402,17222400.0
1986-04-14,-35.5402,-35.5384,-35.5402,-35.5393,12153600.0
1986-04-15,-35.5393,-35.5393,-35.5428,-35.5393,9302400.0
1986-04-16,-35.5393,-35.535,-35.5402,-35.5358,31910400.0
1986-04-17,-35.5358,-35.535,-35.5358,-35.535,22003200.0
1986-04-18,-35.535,-35.535,-35.5393,-35.5384,21628800.0
1986-04-21,-35.5384,-35.5376,-35.541,-35.5384,22924800.0
1986-04-22,-35.5384,-35.5384,-35.5402,-35.5402,15552000.0
1986-04-23,-35.5402,-35.5393,-35.541,-35.5398,15609600.0
1986-04-24,-35.5398,-35.528,-35.5402,-35.5298,62352000.0
1986-04-25,-35.5289,-35.518,-35.5289,-35.5228,85795200.0
1986-04-28,-35.5228,-35.5211,-35.5237,-35.5219,28886400.0
1986-04-29,-35.5219,-35.5219,-35.5263,-35.5254,30326400.0
1986-04-30,-35.5254,-35.5245,-35.5306,-35.528,30902400.0
1986-05-01,-35.528,-35.528,-35.5315,-35.5298,54345600.0
1986-05-02,-35.5298,-35.528,-35.5306,-35.5298,20246400.0
1986-05-05,-35.5298,-35.5298,-35.5306,-35.5306,3254400.0
1986-05-06,-35.5298,-35.528,-35.5298,-35.5298,9734400.0
1986-05-07,-35.5298,-35.5289,-35.5315,-35.5298,5155200.0
1986-05-08,-35.5298,-35.5289,-35.5306,-35.5289,3542400.0
1986-05-09,-35.5289,-35.5289,-35.5298,-35.5298,6076800.0
1986-05-12,-35.5298,-35.5263,-35.5298,-35.5289,10483200.0
1986-05-13,-35.5289,-35.5272,-35.5289,-35.528,3830400.0
1986-05-14,-35.528,-35.528,-35.5289,-35.5289,9302400.0
1986-05-15,-35.5289,-35.5272,-35.5289,-35.5289,3801600.0
1986-05-16,-35.5289,-35.5254,-35.5289,-35.528,11952000.0
1986-05-19,-35.528,-35.528,-35.5306,-35.5298,11001600.0
1986-05-20,-35.5298,-35.5298,-35.5315,-35.5306,61977600.0
1986-05-21,-35.5306,-35.5298,-35.5324,-35.5324,8092800.0
1986-05-22,-35.5324,-35.5315,-35.5324,-35.5324,4406400.0
1986-05-23,-35.5324,-35.5306,-35.5324,-35.5324,4089600.0
1986-05-27,-35.5324,-35.5289,-35.5324,-35.5289,13881600.0
1986-05-28,-35.5289,-35.5254,-35.5289,-35.5254,15523200.0
1986-05-29,-35.5254,-35.5211,-35.5263,-35.5228,45676800.0
1986-05-30,-35.5219,-35.5167,-35.5219,-35.5185,27072000.0
1986-06-02,-35.5185,-35.5185,-35.5219,-35.5219,19728000.0
1986-06-03,-35.5219,-35.5219,-35.5237,-35.5219,5011200.0
1986-06-04,-35.5219,-35.5211,-35.5237,-35.5228,4723200.0
1986-06-05,-35.5228,-35.5211,-35.5237,-35.5211,13708800.0
1986-06-06,-35.5211,-35.5211,-35.5228,-35.5211,3427200.0
1986-06-09,-35.5211,-35.5211,-35.5263,-35.5263,12672000.0
1986-06-10,-35.5263,-35.5263,-35.528,-35.5263,3427200.0
1986-06-11,-35.5263,-35.5263,-35.528,-35.5263,2304000.0
1986-06-12,-35.5263,-35.5263,-35.5315,-35.5306,13708800.0
1986-06-13,-35.5306,-35.5298,-35.5315,-35.5306,7891200.0
1986-06-16,-35.5306,-35.5298,-35.5324,-35.5315,9590400.0
1986-06-17,-35.5306,-35.528,-35.5306,-35.5298,13075200.0
1986-06-18,-35.5298,-35.5298,-35.5324,-35.5306,4348800.0
1986-06-19,-35.5306,-35.5298,-35.5324,-35.5315,8467200.0
1986-06-20,-35.5315,-35.5306,-35.5315,-35.5311,3801600.0
1986-06-23,-35.5311,-35.5298,-35.5332,-35.5298,46195200.0
1986-06-24,-35.5298,-35.5289,-35.5315,-35.5306,14572800.0
1986-06-25,-35.5306,-35.5298,-35.5324,-35.5324,15235200.0
1986-06-26,-35.5324,-35.5315,-35.5358,-35.5358,19152000.0
1986-06-27,-35.5358,-35.535,-35.5376,-35.5367,10396800.0
1986-06-30,-35.5367,-35.5306,-35.5376,-35.5332,62352000.0
1986-07-01,-35.5332,-35.5332,-35.5341,-35.5332,47577600.0
1986-07-02,-35.5332,-35.5332,-35.5341,-35.5332,52617600.0
1986-07-03,-35.5324,-35.5306,-35.5324,-35.5315,14140800.0
1986-07-07,-35.5315,-35.5315,-35.5358,-35.5358,14054400.0
1986-07-08,-35.5358,-35.5358,-35.5393,-35.5384,14256000.0
1986-07-09,-35.5384,-35.5384,-35.5436,-35.5428,46137600.0
1986-07-10,-35.5428,-35.5419,-35.5497,-35.5454,46886400.0
1986-07-11,-35.5454,-35.541,-35.5454,-35.5428,17395200.0
1986-07-14,-35.5454,-35.5419,-35.5454,-35.5441,28598400.0
1986-07-15,-35.5441,-35.541,-35.5454,-35.5428,13190400.0
1986-07-16,-35.5419,-35.5393,-35.5419,-35.5393,9360000.0
1986-07-17,-35.5393,-35.5376,-35.5402,-35.5376,6940800.0
1986-07-18,-35.5376,-35.5358,-35.5402,-35.5367,12326400.0
1986-07-21,-35.5367,-35.535,-35.5367,-35.5367,3513600.0
1986-07-22,-35.5367,-35.5332,-35.5367,-35.5332,10512000.0
1986-07-23,-35.5332,-35.5315,-35.5358,-35.5358,20793600.0
1986-07-24,-35.5341,-35.5306,-35.5341,-35.5324,14140800.0
1986-07-25,-35.5324,-35.5306,-35.5324,-35.5315,20448000.0
1986-07-28,-35.5315,-35.5315,-35.5341,-35.5341,11808000.0
1986-07-29,-35.5341,-35.5332,-35.5384,-35.5367,14054400.0
1986-07-30,-35.5367,-35.5367,-35.5436,-35.5402,26409600.0
1986-07-31,-35.5402,-35.5393,-35.541,-35.541,15638400.0
1986-08-01,-35.541,-35.5402,-35.5428,-35.5419,12902400.0
1986-08-04,-35.5419,-35.5419,-35.5445,-35.5419,12441600.0
1986-08-05,-35.5419,-35.541,-35.5428,-35.5428,2822400.0
1986-08-06,-35.5428,-35.5419,-35.5454,-35.5436,18316800.0
1986-08-07,-35.5436,-35.5428,-35.5454,-35.5445,3657600.0
1986-08-08,-35.5445,-35.5419,-35.5445,-35.5436,4147200.0
1986-08-11,-35.5419,-35.5393,-35.5419,-35.5402,7948800.0
1986-08-12,-35.5402,-35.5376,-35.5402,-35.5376,9993600.0
1986-08-13,-35.5376,-35.5367,-35.5384,-35.5367,6883200.0
1986-08-14,-35.5367,-35.5332,-35.5367,-35.5341,20131200.0
1986-08-15,-35.5341,-35.5332,-35.535,-35.5337,6105600.0
1986-08-18,-35.5337,-35.5332,-35.535,-35.535,12787200.0
1986-08-19,-35.535,-35.5345,-35.5367,-35.535,20390400.0
1986-08-20,-35.535,-35.535,-35.5358,-35.5358,20764800.0
1986-08-21,-35.5358,-35.5341,-35.5358,-35.5358,49536000.0
1986-08-22,-35.5358,-35.535,-35.5393,-35.5376,5760000.0
1986-08-25,-35.5376,-35.5376,-35.5393,-35.5376,2419200.0
1986-08-26,-35.5376,-35.5376,-35.5384,-35.5384,10857600.0
1986-08-27,-35.5384,-35.5376,-35.5393,-35.5384,9532800.0
1986-08-28,-35.5384,-35.5376,-35.5384,-35.5384,3427200.0
1986-08-29,-35.5384,-35.5376,-35.5428,-35.541,25430400.0
1986-09-02,-35.541,-35.541,-35.545,-35.5436,5212800.0
1986-09-03,-35.5445,-35.5445,-35.5489,-35.5463,18316800.0
1986-09-04,-35.5445,-35.5384,-35.5445,-35.5384,39427200.0
1986-09-05,-35.5384,-35.5341,-35.5393,-35.5341,26352000.0
1986-09-08,-35.5341,-35.5332,-35.535,-35.535,9619200.0
1986-09-09,-35.535,-35.5306,-35.535,-35.5332,37526400.0
1986-09-10,-35.5332,-35.5324,-35.535,-35.535,10886400.0
1986-09-11,-35.535,-35.5341,-35.5393,-35.5393,35654400.0
1986-09-12,-35.5393,-35.5384,-35.5419,-35.5419,24451200.0
1986-09-15,-35.5419,-35.5402,-35.5436,-35.5402,22492800.0
1986-09-16,-35.5402,-35.5393,-35.5419,-35.5402,5184000.0
1986-09-17,-35.5402,-35.5358,-35.541,-35.5376,8035200.0
1986-09-18,-35.5376,-35.535,-35.5376,-35.5367,5356800.0
1986-09-19,-35.5367,-35.5358,-35.5376,-35.5367,2505600.0
1986-09-22,-35.5367,-35.5367,-35.5376,-35.5376,4492800.0
1986-09-23,-35.5376,-35.535,-35.5376,-35.5358,5961600.0
1986-09-24,-35.5358,-35.5358,-35.5376,-35.5372,4780800.0
1986-09-25,-35.5372,-35.5367,-35.5393,-35.5393,5155200.0
1986-09-26,-35.5393,-35.5384,-35.5402,-35.5393,2332800.0
1986-09-29,-35.5393,-35.5393,-35.5419,-35.5419,6192000.0
1986-09-30,-35.5419,-35.5402,-35.5419,-35.5419,5184000.0
1986-10-01,-35.5419,-35.5402,-35.5445,-35.5428,32428800.0
1986-10-02,-35.5428,-35.541,-35.5436,-35.5428,22723200.0
1986-10-03,-35.5428,-35.541,-35.5428,-35.5419,14716800.0
1986-10-06,-35.5393,-35.5324,-35.5393,-35.5341,85334400.0
1986-10-07,-35.5341,-35.5298,-35.5341,-35.5319,59788800.0
1986-10-08,-35.5319,-35.5276,-35.5332,-35.5289,119606400.0
1986-10-09,-35.5289,-35.5228,-35.5289,-35.5254,92563200.0
1986-10-10,-35.5254,-35.5176,-35.5272,-35.5202,76752000.0
1986-10-13,-35.5202,-35.5202,-35.5254,-35.5254,27129600.0
1986-10-14,-35.5245,-35.5228,-35.5245,-35.5237,12873600.0
1986-10-15,-35.5237,-35.5176,-35.5237,-35.5185,63532800.0
1986-10-16,-35.5185,-35.5176,-35.5193,-35.5185,21859200.0
1986-10-17,-35.5185,-35.5141,-35.5185,-35.515,124444800.0
1986-10-20,-35.515,-35.5124,-35.5176,-35.5141,43545600.0
1986-10-21,-35.5133,-35.5089,-35.5133,-35.5089,112377600.0
1986-10-22,-35.5089,-35.5076,-35.5098,-35.5089,54576000.0
1986-10-23,-35.5089,-35.5081,-35.5102,-35.5089,70444800.0
1986-10-24,-35.5089,-35.5089,-35.5133,-35.5098,101376000.0
1986-10-27,-35.5089,-35.5055,-35.5089,-35.5055,125654400.0
1986-10-28,-35.5055,-35.5002,-35.5055,-35.5024,142646400.0
1986-10-29,-35.5024,-35.502,-35.5081,-35.5063,53222400.0
1986-10-30,-35.5063,-35.502,-35.5072,-35.5037,44380800.0
1986-10-31,-35.5037,-35.502,-35.5063,-35.5055,63734400.0
1986-11-03,-35.5046,-35.502,-35.5046,-35.5028,42192000.0
1986-11-04,-35.5028,-35.4976,-35.5028,-35.4976,54403200.0
1986-11-05,-35.4976,-35.4881,-35.4985,-35.489,45100800.0
1986-11-06,-35.489,-35.482,-35.4898,-35.4855,72576000.0
1986-11-07,-35.4855,-35.4846,-35.489,-35.4864,44323200.0
1986-11-10,-35.4864,-35.4864,-35.4933,-35.4924,28684800.0
1986-11-11,-35.4916,-35.4898,-35.4916,-35.4916,11894400.0
1986-11-12,-35.4916,-35.4881,-35.4933,-35.4916,34156800.0
1986-11-13,-35.4916,-35.4907,-35.4942,-35.4937,30211200.0
1986-11-14,-35.4937,-35.4924,-35.4968,-35.4924,18720000.0
1986-11-17,-35.4924,-35.4898,-35.4942,-35.4916,24307200.0
1986-11-18,-35.4916,-35.4907,-35.4994,-35.4994,59673600.0
1986-11-19,-35.4994,-35.4933,-35.4994,-35.4942,48729600.0
1986-11-20,-35.4942,-35.4829,-35.4942,-35.4829,98179200.0
1986-11-21,-35.482,-35.4759,-35.482,-35.4777,91065600.0
1986-11-24,-35.4777,-35.4638,-35.4829,-35.4647,173836800.0
1986-11-25,-35.4647,-35.462,-35.4655,-35.4629,95788800.0
1986-11-26,-35.4629,-35.462,-35.4647,-35.4647,38793600.0
1986-11-28,-35.4647,-35.4638,-35.469,-35.4673,41328000.0
1986-12-01,-35.4673,-35.4664,-35.4716,-35.4707,40291200.0
1986-12-02,-35.4699,-35.4664,-35.4699,-35.4699,28771200.0
1986-12-03,-35.4699,-35.4681,-35.4716,-35.4711,35164800.0
1986-12-04,-35.4711,-35.4673,-35.4725,-35.469,42508800.0
1986-12-05,-35.469,-35.4681,-35.4699,-35.4699,107510400.0
1986-12-08,-35.4699,-35.4681,-35.4742,-35.4716,22665600.0
1986-12-09,-35.4716,-35.4707,-35.4733,-35.4725,16099200.0
1986-12-10,-35.4725,-35.4707,-35.4742,-35.4711,27590400.0
1986-12-11,-35.4711,-35.469,-35.4716,-35.4699,11635200.0
1986-12-12,-35.4699,-35.4699,-35.4759,-35.4759,25286400.0
1986-12-15,-35.4759,-35.4751,-35.4829,-35.4803,50774400.0
1986-12-16,-35.4794,-35.4759,-35.4794,-35.4785,77299200.0
1986-12-17,-35.4785,-35.4759,-35.4785,-35.4768,23356800.0
1986-12-18,-35.4768,-35.4751,-35.4777,-35.4755,12672000.0
1986-12-19,-35.4751,-35.4699,-35.4751,-35.4716,56592000.0
1986-12-22,-35.4716,-35.4681,-35.4716,-35.4699,18316800.0
1986-12-23,-35.4699,-35.4681,-35.4699,-35.4681,23788800.0
1986-12-24,-35.4681,-35.4681,-35.469,-35.4685,7027200.0
1986-12-26,-35.4685,-35.4673,-35.469,-35.469,3715200.0
1986-12-29,-35.469,-35.4673,-35.4759,-35.4759,41702400.0
1986-12-30,-35.4759,-35.4733,-35.4777,-35.4742,25401600.0
1986-12-31,-35.4742,-35.4699,-35.4742,-35.4725,23356800.0
1987-01-02,-35.4725,-35.4707,-35.4751,-35.4742,12643200.0
1987-01-05,-35.4742,-35.4629,-35.4751,-35.4647,48499200.0
1987-01-06,-35.4647,-35.4612,-35.4655,-35.462,40032000.0
1987-01-07,-35.462,-35.4525,-35.462,-35.4525,60998400.0
1987-01-08,-35.4516,-35.4447,-35.4516,-35.4464,61488000.0
1987-01-09,-35.4464,-35.4377,-35.4473,-35.4386,63705600.0
1987-01-12,-35.4386,-35.4239,-35.4403,-35.4256,128793600.0
1987-01-13,-35.4273,-35.4273,-35.4351,-35.4317,76320000.0
1987-01-14,-35.4317,-35.4308,-35.436,-35.4317,69465600.0
1987-01-15,-35.4317,-35.4152,-35.4317,-35.4204,117014400.0
1987-01-16,-35.4204,-35.4204,-35.4299,-35.4256,65433600.0
1987-01-19,-35.4256,-35.4178,-35.4299,-35.4178,88243200.0
1987-01-20,-35.4178,-35.4091,-35.4186,-35.4143,95760000.0
1987-01-21,-35.4143,-35.3987,-35.4186,-35.4048,108489600.0
1987-01-22,-35.4048,-35.3805,-35.4117,-35.3813,116035200.0
1987-01-23,-35.3813,-35.3709,-35.4056,-35.4056,317894400.0
1987-01-26,-35.4039,-35.3987,-35.4117,-35.4013,116553600.0
1987-01-27,-35.4013,-35.3883,-35.4013,-35.3917,114105600.0
1987-01-28,-35.3917,-35.3874,-35.3987,-35.3909,76723200.0
1987-01-29,-35.3909,-35.3883,-35.4065,-35.4013,79228800.0
1987-01-30,-35.4013,-35.3857,-35.4048,-35.3861,104169600.0
1987-02-02,-35.3861,-35.3813,-35.3865,-35.3865,46915200.0
1987-02-03,-35.3865,-35.3839,-35.3952,-35.3909,59328000.0
1987-02-04,-35.3909,-35.3891,-35.3935,-35.39,31737600.0
1987-02-05,-35.39,-35.3883,-35.3943,-35.3917,42652800.0
1987-02-06,-35.3917,-35.3905,-35.4022,-35.4009,45619200.0
1987-02-09,-35.4013,-35.4013,-35.4043,-35.403,136080000.0
1987-02-10,-35.403,-35.4022,-35.4082,-35.4022,44668800.0
1987-02-11,-35.4013,-35.3909,-35.4013,-35.3909,60307200.0
1987-02-12,-35.3909,-35.3722,-35.3909,-35.3735,185731200.0
1987-02-13,-35.3735,-35.37,-35.3822,-35.3761,81763200.0
1987-02-17,-35.3761,-35.3735,-35.3822,-35.3744,70732800.0
1987-02-18,-35.3744,-35.37,-35.3917,-35.3909,128592000.0
1987-02-19,-35.3917,-35.3917,-35.4039,-35.4013,317750400.0
1987-02-20,-35.4013,-35.4013,-35.4074,-35.4039,87897600.0
1987-02-23,-35.4039,-35.3857,-35.4091,-35.3891,125913600.0
1987-02-24,-35.3891,-35.3761,-35.3891,-35.377,120816000.0
1987-02-25,-35.377,-35.3722,-35.3831,-35.3813,65001600.0
1987-02-26,-35.3813,-35.364,-35.3865,-35.3718,145209600.0
1987-02-27,-35.3718,-35.37,-35.3778,-35.3735,37555200.0
1987-03-02,-35.3735,-35.3735,-35.3831,-35.3813,79516800.0
1987-03-03,-35.3813,-35.3787,-35.3848,-35.3813,81100800.0
1987-03-04,-35.3813,-35.3622,-35.3822,-35.3631,98179200.0
1987-03-05,-35.3631,-35.344,-35.3631,-35.3501,128188800.0
1987-03-06,-35.3501,-35.3483,-35.3579,-35.3509,63561600.0
1987-03-09,-35.3509,-35.3501,-35.3579,-35.3561,38275200.0
1987-03-10,-35.3561,-35.344,-35.357,-35.3475,74102400.0
1987-03-11,-35.3431,-35.3414,-35.3466,-35.3431,43862400.0
1987-03-12,-35.3431,-35.3397,-35.3501,-35.3418,71337600.0
1987-03-13,-35.3418,-35.3397,-35.3588,-35.3527,105120000.0
1987-03-16,-35.3535,-35.3535,-35.3631,-35.3544,88473600.0
1987-03-17,-35.3544,-35.3431,-35.3553,-35.3449,54547200.0
1987-03-18,-35.3431,-35.3266,-35.3431,-35.3292,119347200.0
1987-03-19,-35.3292,-35.3232,-35.3344,-35.3232,62812800.0
1987-03-20,-35.3232,-35.3232,-35.3284,-35.3266,38246400.0
1987-03-23,-35.3266,-35.3223,-35.3318,-35.3288,67478400.0
1987-03-24,-35.3362,-35.3249,-35.3362,-35.3266,69609600.0
1987-03-25,-35.3266,-35.3249,-35.3301,-35.328,33840000.0
1987-03-26,-35.328,-35.3275,-35.331,-35.3301,33379200.0
1987-03-27,-35.3284,-35.3145,-35.3284,-35.3214,120873600.0
1987-03-30,-35.3214,-35.3041,-35.3327,-35.3041,186134400.0
1987-03-31,-35.3084,-35.2963,-35.3084,-35.3041,125337600.0
1987-04-01,-35.3041,-35.2971,-35.3258,-35.324,259430400.0
1987-04-02,-35.3188,-35.3032,-35.3188,-35.3101,159955200.0
1987-04-03,-35.3101,-35.2919,-35.3101,-35.2936,155606400.0
1987-04-06,-35.2936,-35.2928,-35.3015,-35.2954,98956800.0
1987-04-07,-35.2954,-35.2954,-35.3136,-35.3136,73728000.0
1987-04-08,-35.3136,-35.3006,-35.3136,-35.3041,106214400.0
1987-04-09,-35.3041,-35.3041,-35.3127,-35.3101,71568000.0
1987-04-10,-35.3101,-35.3075,-35.311,-35.308,43372800.0
1987-04-13,-35.3084,-35.3084,-35.3206,-35.3188,50256000.0
1987-04-14,-35.3188,-35.3084,-35.324,-35.3136,87379200.0
1987-04-15,-35.311,-35.3032,-35.311,-35.3067,95961600.0
1987-04-16,-35.3067,-35.291,-35.3075,-35.298,188092800.0
1987-04-20,-35.298,-35.2945,-35.3084,-35.3075,100310400.0
1987-04-21,-35.3075,-35.2997,-35.3145,-35.3023,113184000.0
1987-04-22,-35.3023,-35.2971,-35.3023,-35.298,74678400.0
1987-04-23,-35.298,-35.2945,-35.3032,-35.298,48326400.0
1987-04-24,-35.298,-35.2945,-35.3023,-35.2963,54172800.0
1987-04-27,-35.2963,-35.2936,-35.3023,-35.2963,53107200.0
1987-04-28,-35.2963,-35.2702,-35.2997,-35.2711,111081600.0
1987-04-29,-35.2711,-35.2615,-35.2815,-35.2815,85161600.0
1987-04-30,-35.2815,-35.2711,-35.2867,-35.2789,88041600.0
1987-05-01,-35.2789,-35.2745,-35.2832,-35.2754,37843200.0
1987-05-04,-35.2754,-35.2659,-35.2772,-35.2685,34531200.0
1987-05-05,-35.2676,-35.2381,-35.2676,-35.2381,110995200.0
1987-05-06,-35.2381,-35.2346,-35.2494,-35.2476,153504000.0
1987-05-07,-35.2476,-35.2285,-35.2502,-35.2294,289699200.0
1987-05-08,-35.2285,-35.1947,-35.2285,-35.2008,150048000.0
1987-05-11,-35.2008,-35.2008,-35.2134,-35.2129,127382400.0
1987-05-12,-35.2129,-35.2086,-35.2338,-35.2277,148464000.0
1987-05-13,-35.2251,-35.2155,-35.2251,-35.2173,73382400.0
1987-05-14,-35.2173,-35.206,-35.2173,-35.2138,59961600.0
1987-05-15,-35.2147,-35.2147,-35.2259,-35.2259,84326400.0
1987-05-18,-35.2259,-35.2259,-35.2511,-35.2398,172598400.0
1987-05-19,-35.2398,-35.2398,-35.2537,-35.2537,78336000.0
1987-05-20,-35.2555,-35.2555,-35.2676,-35.2598,228355200.0
1987-05-21,-35.2589,-35.2485,-35.2589,-35.2528,93312000.0
1987-05-22,-35.2528,-35.2511,-35.2659,-35.2641,64627200.0
1987-05-26,-35.2641,-35.2581,-35.265,-35.2598,46886400.0
1987-05-27,-35.2598,-35.2511,-35.2615,-35.2598,48758400.0
1987-05-28,-35.2598,-35.2355,-35.2607,-35.2364,108662400.0
1987-05-29,-35.2364,-35.2294,-35.2407,-35.2398,80380800.0
1987-06-01,-35.2398,-35.2398,-35.2476,-35.2476,30326400.0
1987-06-02,-35.2476,-35.2416,-35.2546,-35.2494,51552000.0
1987-06-03,-35.2476,-35.2416,-35.2476,-35.2468,21628800.0
1987-06-04,-35.2468,-35.2468,-35.252,-35.2494,20390400.0
1987-06-05,-35.2494,-35.2476,-35.2685,-35.2607,59270400.0
1987-06-08,-35.2607,-35.2581,-35.2667,-35.2589,111571200.0
1987-06-09,-35.2589,-35.2581,-35.2633,-35.2615,25833600.0
1987-06-10,-35.2615,-35.2598,-35.2884,-35.2806,176256000.0
1987-06-11,-35.2745,-35.2728,-35.3023,-35.3015,268704000.0
1987-06-12,-35.3015,-35.2876,-35.3023,-35.2989,196156800.0
1987-06-15,-35.2989,-35.2936,-35.3058,-35.2989,125222400.0
1987-06-16,-35.2989,-35.2876,-35.2997,-35.2919,73526400.0
1987-06-17,-35.2902,-35.2789,-35.2902,-35.2798,71078400.0
1987-06-18,-35.2806,-35.2754,-35.2858,-35.2759,56188800.0
1987-06-19,-35.2745,-35.2711,-35.2789,-35.2772,40809600.0
1987-06-22,-35.2754,-35.2754,-35.2824,-35.2798,87436800.0
1987-06-23,-35.2798,-35.2798,-35.291,-35.2832,100771200.0
1987-06-24,-35.2815,-35.2719,-35.2815,-35.2763,82684800.0
1987-06-25,-35.2772,-35.2754,-35.2806,-35.2772,44035200.0
1987-06-26,-35.2763,-35.2745,-35.2798,-35.2763,21945600.0
1987-06-29,-35.2763,-35.2763,-35.2841,-35.278,25632000.0
1987-06-30,-35.2772,-35.2763,-35.2867,-35.2858,38332800.0
1987-07-01,-35.2867,-35.2815,-35.2876,-35.2841,21945600.0
1987-07-02,-35.2832,-35.2832,-35.2971,-35.2928,56880000.0
1987-07-06,-35.2936,-35.2893,-35.3032,-35.3015,65491200.0
1987-07-07,-35.3023,-35.3023,-35.3292,-35.3266,197078400.0
1987-07-08,-35.324,-35.311,-35.3327,-35.3162,193449600.0
1987-07-09,-35.3145,-35.2997,-35.3162,-35.3075,92707200.0
1987-07-10,-35.3093,-35.3015,-35.3136,-35.3032,75830400.0
1987-07-13,-35.3032,-35.2945,-35.3067,-35.2954,48326400.0
1987-07-14,-35.2928,-35.2745,-35.2945,-35.2754,152812800.0
1987-07-15,-35.2754,-35.2728,-35.285,-35.285,96768000.0
1987-07-16,-35.2841,-35.2824,-35.2928,-35.2858,72979200.0
1987-07-17,-35.2858,-35.2789,-35.2867,-35.285,51264000.0
1987-07-20,-35.2858,-35.2858,-35.2954,-35.2945,42019200.0
1987-07-21,-35.2945,-35.2893,-35.298,-35.2954,36547200.0
1987-07-22,-35.2954,-35.291,-35.298,-35.2928,53366400.0
1987-07-23,-35.2928,-35.2928,-35.3136,-35.3006,148492800.0
1987-07-24,-35.2997,-35.2945,-35.3006,-35.298,57744000.0
1987-07-27,-35.298,-35.2936,-35.3032,-35.2936,41817600.0
1987-07-28,-35.2919,-35.2867,-35.2954,-35.2945,38160000.0
1987-07-29,-35.2945,-35.2936,-35.3006,-35.2954,27676800.0
1987-07-30,-35.2954,-35.2954,-35.3067,-35.3032,55555200.0
1987-07-31,-35.3049,-35.3049,-35.3206,-35.3136,186624000.0
1987-08-03,-35.3136,-35.3119,-35.3232,-35.3214,116352000.0
1987-08-04,-35.3214,-35.3145,-35.3214,-35.3145,135072000.0
1987-08-05,-35.3136,-35.298,-35.3145,-35.3023,211190400.0
1987-08-06,-35.3015,-35.2872,-35.3015,-35.2893,152553600.0
1987-08-07,-35.2893,-35.2772,-35.2902,-35.2806,171014400.0
1987-08-10,-35.2798,-35.2789,-35.2841,-35.2806,56448000.0
1987-08-11,-35.2789,-35.2772,-35.2893,-35.2876,68544000.0
1987-08-12,-35.2876,-35.2867,-35.2928,-35.2928,42364800.0
1987-08-13,-35.2928,-35.2772,-35.2928,-35.2824,80640000.0
1987-08-14,-35.2824,-35.2798,-35.2841,-35.2806,50832000.0
1987-08-17,-35.2806,-35.278,-35.2824,-35.278,33667200.0
1987-08-18,-35.2806,-35.2789,-35.2876,-35.2841,46944000.0
1987-08-19,-35.2841,-35.2832,-35.291,-35.2841,48902400.0
1987-08-20,-35.2841,-35.2728,-35.2841,-35.2745,82051200.0
1987-08-21,-35.2754,-35.2641,-35.2754,-35.2685,68976000.0
1987-08-24,-35.2685,-35.2502,-35.2737,-35.252,97747200.0
1987-08-25,-35.2485,-35.2346,-35.2528,-35.2416,185961600.0
1987-08-26,-35.2416,-35.2303,-35.2433,-35.239,114105600.0
1987-08-27,-35.239,-35.2364,-35.2433,-35.2381,72432000.0
1987-08-28,-35.2372,-35.219,-35.2372,-35.2225,114796800.0
1987-08-31,-35.2242,-35.2225,-35.2346,-35.2277,84326400.0
1987-09-01,-35.2303,-35.2277,-35.2476,-35.2459,93859200.0
1987-09-02,-35.2494,-35.2398,-35.2502,-35.2407,78393600.0
1987-09-03,-35.2364,-35.2311,-35.245,-35.2398,70934400.0
1987-09-04,-35.2398,-35.239,-35.252,-35.2511,48355200.0
1987-09-08,-35.252,-35.2511,-35.2641,-35.2528,96336000.0
1987-09-09,-35.2511,-35.2442,-35.2528,-35.2485,60710400.0
1987-09-10,-35.2468,-35.2381,-35.2476,-35.2424,58176000.0
1987-09-11,-35.2424,-35.2355,-35.2442,-35.2364,41040000.0
1987-09-14,-35.2355,-35.2233,-35.2355,-35.2259,94464000.0
1987-09-15,-35.2251,-35.2251,-35.2364,-35.2307,39052800.0
1987-09-16,-35.2303,-35.2233,-35.2346,-35.2346,57715200.0
1987-09-17,-35.2338,-35.232,-35.245,-35.2372,69436800.0
1987-09-18,-35.2372,-35.2372,-35.2442,-35.2407,31651200.0
1987-09-21,-35.2685,-35.2424,-35.2719,-35.2685,85548800.0
1987-09-22,-35.2685,-35.239,-35.2719,-35.2424,82006400.0
1987-09-23,-35.239,-35.2207,-35.239,-35.2216,107696000.0
1987-09-24,-35.2233,-35.2008,-35.2233,-35.2147,118438400.0
1987-09-25,-35.2129,-35.1886,-35.2147,-35.2094,82454400.0
1987-09-28,-35.2094,-35.1869,-35.2112,-35.1956,95542400.0
1987-09-29,-35.1921,-35.1869,-35.1981,-35.1938,57411200.0
1987-09-30,-35.1956,-35.1774,-35.1956,-35.1799,85680000.0
1987-10-01,-35.1799,-35.1626,-35.1817,-35.1643,127222400.0
1987-10-02,-35.1608,-35.1348,-35.1626,-35.1365,131644800.0
1987-10-05,-35.1296,-35.0914,-35.1296,-35.0914,184320000.0
1987-10-06,-35.0914,-35.0897,-35.1305,-35.1278,203040000.0
1987-10-07,-35.1261,-35.1174,-35.1435,-35.1331,125638400.0
1987-10-08,-35.1313,-35.1244,-35.1574,-35.14,96940800.0
1987-10-09,-35.1383,-35.1174,-35.1417,-35.1417,93888000.0
1987-10-12,-35.14,-35.1331,-35.1608,-35.1435,117187200.0
1987-10-13,-35.1383,-35.1261,-35.1469,-35.1313,96809600.0
1987-10-14,-35.1313,-35.1209,-35.1487,-35.1452,114220800.0
1987-10-15,-35.1504,-35.1348,-35.1539,-35.1504,128822400.0
1987-10-16,-35.1504,-35.1226,-35.1938,-35.1903,210240000.0
1987-10-19,-35.2129,-35.199,-35.3275,-35.3258,146880000.0
1987-10-20,-35.3206,-35.2789,-35.3414,-35.3067,324000000.0
1987-10-21,-35.2806,-35.2199,-35.2928,-35.2467,262080000.0
1987-10-22,-35.2459,-35.2372,-35.2858,-35.2702,223200000.0
1987-10-23,-35.2754,-35.2719,-35.3101,-35.3049,112764800.0
1987-10-26,-35.3171,-35.3067,-35.3813,-35.3674,148320000.0
1987-10-27,-35.357,-35.3414,-35.3674,-35.3535,234720000.0
1987-10-28,-35.3622,-35.3449,-35.3726,-35.3535,149760000.0
1987-10-29,-35.3535,-35.3015,-35.3535,-35.3084,167040000.0
1987-10-30,-35.2945,-35.2772,-35.3032,-35.2945,168480000.0
1987-11-02,-35.298,-35.2858,-35.3032,-35.291,84771200.0
1987-11-03,-35.298,-35.2928,-35.3362,-35.3067,116150400.0
1987-11-04,-35.3136,-35.2876,-35.3206,-35.3015,95340800.0
1987-11-05,-35.2997,-35.2841,-35.3015,-35.2893,81430400.0
1987-11-06,-35.291,-35.2893,-35.3136,-35.3101,75353600.0
1987-11-09,-35.3153,-35.3101,-35.324,-35.3136,86585600.0
1987-11-10,-35.3171,-35.3032,-35.324,-35.3136,91164800.0
1987-11-11,-35.3101,-35.298,-35.3119,-35.2997,54617600.0
1987-11-12,-35.2876,-35.2789,-35.2997,-35.2928,99171200.0
1987-11-13,-35.2928,-35.291,-35.3049,-35.3049,58492800.0
1987-11-16,-35.3015,-35.2945,-35.3101,-35.3084,59472000.0
1987-11-17,-35.3153,-35.3101,-35.3258,-35.3153,69321600.0
1987-11-18,-35.3101,-35.3067,-35.3275,-35.3067,89308800.0
1987-11-19,-35.3049,-35.3032,-35.3206,-35.3188,75024000.0
1987-11-20,-35.324,-35.3084,-35.3292,-35.3101,82467200.0
1987-11-23,-35.3119,-35.3015,-35.3136,-35.3084,44640000.0
1987-11-24,-35.3032,-35.2997,-35.324,-35.3101,72230400.0
1987-11-25,-35.3101,-35.3084,-35.3206,-35.3206,32153600.0
1987-11-27,-35.3206,-35.3188,-35.3275,-35.3258,18316800.0
1987-11-30,-35.3327,-35.3275,-35.3588,-35.3292,164160000.0
1987-12-01,-35.331,-35.3223,-35.3414,-35.3362,73539200.0
1987-12-02,-35.3379,-35.3292,-35.3431,-35.3344,68515200.0
1987-12-03,-35.3327,-35.3292,-35.3605,-35.3596,127670400.0
1987-12-04,-35.3605,-35.3457,-35.3622,-35.3483,121750400.0
1987-12-07,-35.3414,-35.3362,-35.3466,-35.3397,66211200.0
1987-12-08,-35.3397,-35.3101,-35.3414,-35.3101,112521600.0
1987-12-09,-35.3119,-35.3049,-35.3206,-35.3188,83792000.0
1987-12-10,-35.324,-35.2963,-35.3327,-35.3101,165600000.0
1987-12-11,-35.3084,-35.3032,-35.3153,-35.3067,72473600.0
1987-12-14,-35.3067,-35.2858,-35.3084,-35.2876,95110400.0
1987-12-15,-35.2841,-35.2797,-35.2928,-35.2841,112217600.0
1987-12-16,-35.2893,-35.2598,-35.291,-35.2633,105536000.0
1987-12-17,-35.2598,-35.2598,-35.2806,-35.2789,94016000.0
1987-12-18,-35.2754,-35.2667,-35.2789,-35.2789,52486400.0
1987-12-21,-35.2754,-35.2685,-35.2876,-35.2824,51161600.0
1987-12-22,-35.2824,-35.2719,-35.2928,-35.2754,41772800.0
1987-12-23,-35.2702,-35.2667,-35.2772,-35.2702,60710400.0
1987-12-24,-35.2702,-35.2667,-35.2719,-35.2702,12672000.0
1987-12-28,-35.2719,-35.2702,-35.2928,-35.2841,50716800.0
1987-12-29,-35.2841,-35.2581,-35.2893,-35.2615,79459200.0
1987-12-30,-35.2615,-35.2511,-35.2633,-35.2528,70704000.0
1987-12-31,-35.2563,-35.2528,-35.2667,-35.2633,61545600.0
1988-01-04,-35.2598,-35.2476,-35.2615,-35.2511,110345600.0
1988-01-05,-35.2424,-35.2372,-35.2476,-35.2442,155520000.0
1988-01-06,-35.2424,-35.2251,-35.2442,-35.2338,121680000.0
1988-01-07,-35.2372,-35.219,-35.2407,-35.2199,90675200.0
1988-01-08,-35.2216,-35.2112,-35.2537,-35.2511,145440000.0
1988-01-11,-35.2528,-35.2372,-35.2598,-35.2381,143568000.0
1988-01-12,-35.2372,-35.2338,-35.2633,-35.2459,168480000.0
1988-01-13,-35.2511,-35.2338,-35.2598,-35.2459,96147200.0
1988-01-14,-35.2424,-35.2372,-35.2511,-35.2494,40608000.0
1988-01-15,-35.2303,-35.2285,-35.239,-35.239,92172800.0
1988-01-18,-35.2372,-35.2372,-35.2494,-35.2424,30038400.0
1988-01-19,-35.2511,-35.2355,-35.2528,-35.2424,47417600.0
1988-01-20,-35.2459,-35.2424,-35.2754,-35.265,208800000.0
1988-01-21,-35.2633,-35.2494,-35.2633,-35.2581,125107200.0
1988-01-22,-35.2537,-35.2502,-35.2737,-35.2658,75296000.0
1988-01-25,-35.2633,-35.2494,-35.2633,-35.2528,75497600.0
1988-01-26,-35.2581,-35.2519,-35.2633,-35.2615,43558400.0
1988-01-27,-35.2598,-35.2494,-35.2598,-35.2528,100409600.0
1988-01-28,-35.2511,-35.2459,-35.2511,-35.2476,29318400.0
1988-01-29,-35.2476,-35.2442,-35.2615,-35.2528,66700800.0
1988-02-01,-35.2459,-35.2442,-35.2581,-35.2563,48729600.0
1988-02-02,-35.2563,-35.2511,-35.2598,-35.2528,60752000.0
1988-02-03,-35.2528,-35.2528,-35.2772,-35.2737,75801600.0
1988-02-04,-35.2719,-35.2702,-35.2945,-35.2858,114710400.0
1988-02-05,-35.2789,-35.2685,-35.2841,-35.2824,94102400.0
1988-02-08,-35.2876,-35.2754,-35.2876,-35.2806,72876800.0
1988-02-09,-35.2772,-35.2719,-35.2789,-35.2737,49939200.0
1988-02-10,-35.2719,-35.265,-35.2754,-35.2667,77024000.0
1988-02-11,-35.265,-35.2598,-35.2667,-35.2598,69436800.0
1988-02-12,-35.2598,-35.2494,-35.2615,-35.2563,80220800.0
1988-02-16,-35.2581,-35.239,-35.2615,-35.2407,67334400.0
1988-02-17,-35.2372,-35.232,-35.2424,-35.2407,101318400.0
1988-02-18,-35.2424,-35.2303,-35.2442,-35.2372,84153600.0
1988-02-19,-35.2355,-35.232,-35.239,-35.232,53164800.0
1988-02-22,-35.232,-35.2303,-35.2372,-35.232,52227200.0
1988-02-23,-35.232,-35.2233,-35.232,-35.2268,91728000.0
1988-02-24,-35.2268,-35.2181,-35.2268,-35.2242,79558400.0
1988-02-25,-35.2251,-35.2199,-35.2381,-35.2363,61558400.0
1988-02-26,-35.2355,-35.232,-35.2424,-35.2355,29923200.0
1988-02-29,-35.2338,-35.2268,-35.2372,-35.2276,39324800.0
1988-03-01,-35.2251,-35.2233,-35.2338,-35.2303,43299200.0
1988-03-02,-35.2303,-35.2181,-35.232,-35.2268,67894400.0
1988-03-03,-35.2233,-35.2129,-35.2251,-35.2164,83664000.0
1988-03-04,-35.2164,-35.2147,-35.2251,-35.2181,68355200.0
1988-03-07,-35.2164,-35.2042,-35.2181,-35.2051,78003200.0
1988-03-08,-35.2025,-35.1903,-35.2042,-35.1964,96896000.0
1988-03-09,-35.199,-35.1921,-35.2008,-35.1956,81734400.0
1988-03-10,-35.1938,-35.1886,-35.2068,-35.2042,97948800.0
1988-03-11,-35.206,-35.2025,-35.2164,-35.206,84297600.0
1988-03-14,-35.2077,-35.1973,-35.2129,-35.1981,46281600.0
1988-03-15,-35.1973,-35.1973,-35.2077,-35.206,43760000.0
1988-03-16,-35.2042,-35.1903,-35.2094,-35.1903,54547200.0
1988-03-17,-35.1886,-35.1851,-35.1973,-35.1964,125308800.0
1988-03-18,-35.1973,-35.1956,-35.2355,-35.2355,169920000.0
1988-03-21,-35.2338,-35.232,-35.2459,-35.232,198720000.0
1988-03-22,-35.232,-35.2181,-35.232,-35.2216,115833600.0
1988-03-23,-35.2112,-35.2068,-35.232,-35.2303,151200000.0
1988-03-24,-35.232,-35.232,-35.2528,-35.2476,159840000.0
1988-03-25,-35.2459,-35.2398,-35.2528,-35.2502,47331200.0
1988-03-28,-35.2546,-35.2442,-35.2581,-35.245,67145600.0
1988-03-29,-35.2424,-35.2355,-35.2494,-35.2476,80710400.0
1988-03-30,-35.2459,-35.2442,-35.2633,-35.2598,100713600.0
1988-03-31,-35.2615,-35.2476,-35.2615,-35.2476,50256000.0
1988-04-04,-35.2511,-35.2476,-35.2615,-35.2563,47721600.0
1988-04-05,-35.2546,-35.2511,-35.2615,-35.2511,41760000.0
1988-04-06,-35.2511,-35.2355,-35.2528,-35.2363,75296000.0
1988-04-07,-35.2355,-35.232,-35.2424,-35.2424,74921600.0
1988-04-08,-35.2407,-35.2338,-35.2433,-35.2372,57974400.0
1988-04-11,-35.2338,-35.2338,-35.2442,-35.2407,40406400.0
1988-04-12,-35.2424,-35.239,-35.2581,-35.2528,52444800.0
1988-04-13,-35.2511,-35.2442,-35.2546,-35.2442,42204800.0
1988-04-14,-35.2546,-35.2476,-35.2737,-35.2719,110028800.0
1988-04-15,-35.2702,-35.2581,-35.2737,-35.2633,114220800.0
1988-04-18,-35.265,-35.2563,-35.2667,-35.2598,48051200.0
1988-04-19,-35.2598,-35.2442,-35.265,-35.2633,75772800.0
1988-04-20,-35.2633,-35.2581,-35.2667,-35.2615,65404800.0
1988-04-21,-35.2581,-35.2546,-35.2667,-35.2624,63977600.0
1988-04-22,-35.2615,-35.2528,-35.2615,-35.2563,33926400.0
1988-04-25,-35.2563,-35.2528,-35.2598,-35.2572,23385600.0
1988-04-26,-35.2528,-35.2476,-35.2563,-35.2528,46454400.0
1988-04-27,-35.2528,-35.2511,-35.2633,-35.2546,47894400.0
1988-04-28,-35.2546,-35.2528,-35.2581,-35.2554,28467200.0
1988-04-29,-35.2581,-35.2581,-35.2633,-35.2615,64771200.0
1988-05-02,-35.2615,-35.2563,-35.2685,-35.2581,49260800.0
1988-05-03,-35.2563,-35.2442,-35.2563,-35.2476,62739200.0
1988-05-04,-35.2459,-35.239,-35.2511,-35.2433,75152000.0
1988-05-05,-35.2459,-35.2424,-35.2494,-35.2442,24883200.0
1988-05-06,-35.2459,-35.2372,-35.2459,-35.2424,43977600.0
1988-05-09,-35.2424,-35.2355,-35.2459,-35.2424,34790400.0
1988-05-10,-35.2424,-35.2398,-35.2494,-35.2442,46828800.0
1988-05-11,-35.2476,-35.2476,-35.2581,-35.2528,59484800.0
1988-05-12,-35.2528,-35.2476,-35.2546,-35.2511,26409600.0
1988-05-13,-35.2476,-35.2442,-35.2494,-35.2459,17913600.0
1988-05-16,-35.2459,-35.2311,-35.2459,-35.2355,59788800.0
1988-05-17,-35.2303,-35.2285,-35.2372,-35.2372,70428800.0
1988-05-18,-35.2372,-35.2346,-35.2476,-35.2459,81372800.0
1988-05-19,-35.2511,-35.2424,-35.2528,-35.2442,57728000.0
1988-05-20,-35.2424,-35.239,-35.2511,-35.2494,42521600.0
1988-05-23,-35.2494,-35.2476,-35.2615,-35.2581,50227200.0
1988-05-24,-35.2581,-35.2459,-35.2598,-35.2459,55324800.0
1988-05-25,-35.2476,-35.2442,-35.2546,-35.2528,53580800.0
1988-05-26,-35.2511,-35.2442,-35.2528,-35.2502,43385600.0
1988-05-27,-35.2494,-35.2494,-35.2546,-35.2546,33148800.0
1988-05-31,-35.2546,-35.2355,-35.2563,-35.2372,44048000.0
1988-06-01,-35.2355,-35.2233,-35.239,-35.2285,95788800.0
1988-06-02,-35.2268,-35.2233,-35.232,-35.2303,63228800.0
1988-06-03,-35.2303,-35.2251,-35.232,-35.2268,34832000.0
1988-06-06,-35.2268,-35.2164,-35.2285,-35.2181,81747200.0
1988-06-07,-35.2164,-35.2094,-35.2207,-35.2164,82166400.0
1988-06-08,-35.2181,-35.206,-35.2181,-35.2094,66281600.0
1988-06-09,-35.2077,-35.2033,-35.212,-35.2112,69264000.0
1988-06-10,-35.2112,-35.2042,-35.2147,-35.2077,45014400.0
1988-06-13,-35.206,-35.2025,-35.2077,-35.2068,31116800.0
1988-06-14,-35.2025,-35.199,-35.2042,-35.2025,60377600.0
1988-06-15,-35.2042,-35.1956,-35.206,-35.1956,51033600.0
1988-06-16,-35.2008,-35.1973,-35.2025,-35.199,73712000.0
1988-06-17,-35.199,-35.1938,-35.2042,-35.2025,42105600.0
1988-06-20,-35.2042,-35.2025,-35.2094,-35.2042,28137600.0
1988-06-21,-35.206,-35.1956,-35.206,-35.1956,39715200.0
1988-06-22,-35.1886,-35.1713,-35.193,-35.1747,127324800.0
1988-06-23,-35.1747,-35.173,-35.1834,-35.1817,41052800.0
1988-06-24,-35.1817,-35.1799,-35.1886,-35.1869,28553600.0
1988-06-27,-35.1869,-35.1869,-35.1956,-35.1956,23628800.0
1988-06-28,-35.1956,-35.1817,-35.1973,-35.1834,32140800.0
1988-06-29,-35.1817,-35.1782,-35.1851,-35.1834,49808000.0
1988-06-30,-35.1799,-35.1747,-35.1817,-35.1747,31548800.0
1988-07-01,-35.1747,-35.1678,-35.1765,-35.1678,42940800.0
1988-07-05,-35.1713,-35.1556,-35.1747,-35.1565,48096000.0
1988-07-06,-35.1556,-35.1504,-35.1643,-35.1626,89379200.0
1988-07-07,-35.166,-35.1608,-35.1695,-35.1626,68428800.0
1988-07-08,-35.1678,-35.1626,-35.1695,-35.1643,40089600.0
1988-07-11,-35.1626,-35.1626,-35.1765,-35.1765,65763200.0
1988-07-12,-35.1747,-35.173,-35.1903,-35.1843,90000000.0
1988-07-13,-35.1851,-35.1765,-35.1886,-35.1765,57427200.0
1988-07-14,-35.1765,-35.1747,-35.1817,-35.1747,34848000.0
1988-07-15,-35.1747,-35.173,-35.1799,-35.1747,31577600.0
1988-07-18,-35.173,-35.1695,-35.1747,-35.1713,20102400.0
1988-07-19,-35.173,-35.1713,-35.1834,-35.1817,36460800.0
1988-07-20,-35.1782,-35.1782,-35.1973,-35.1956,111094400.0
1988-07-21,-35.1973,-35.1956,-35.2199,-35.2164,128937600.0
1988-07-22,-35.2181,-35.206,-35.2199,-35.2112,68816000.0
1988-07-25,-35.2094,-35.206,-35.2216,-35.2199,52704000.0
1988-07-26,-35.2372,-35.2303,-35.2459,-35.2372,228960000.0
1988-07-27,-35.2355,-35.2303,-35.2407,-35.2398,68140800.0
1988-07-28,-35.2407,-35.2338,-35.2442,-35.2355,57945600.0
1988-07-29,-35.2338,-35.2233,-35.2355,-35.2268,59385600.0
1988-08-01,-35.2251,-35.2233,-35.2338,-35.2338,51824000.0
1988-08-02,-35.2338,-35.232,-35.2459,-35.2407,65475200.0
1988-08-03,-35.2424,-35.2407,-35.2546,-35.2494,91987200.0
1988-08-04,-35.2494,-35.2476,-35.2546,-35.2546,53494400.0
1988-08-05,-35.2546,-35.2546,-35.2806,-35.2685,201600000.0
1988-08-08,-35.2667,-35.2667,-35.2737,-35.2702,148320000.0
1988-08-09,-35.2719,-35.2702,-35.2858,-35.2806,138828800.0
1988-08-10,-35.2841,-35.2806,-35.2928,-35.2893,113168000.0
1988-08-11,-35.2858,-35.2789,-35.2928,-35.2806,123104000.0
1988-08-12,-35.2806,-35.2772,-35.2824,-35.2789,58262400.0
1988-08-15,-35.2789,-35.2772,-35.2928,-35.2876,41081600.0
1988-08-16,-35.2893,-35.2737,-35.291,-35.2754,90876800.0
1988-08-17,-35.2754,-35.2658,-35.2832,-35.2754,59110400.0
1988-08-18,-35.2737,-35.2702,-35.2754,-35.2737,32025600.0
1988-08-19,-35.2737,-35.2719,-35.291,-35.2893,67376000.0
1988-08-22,-35.291,-35.2893,-35.3084,-35.3067,110172800.0
1988-08-23,-35.3049,-35.2945,-35.3084,-35.2971,88313600.0
1988-08-24,-35.2963,-35.2815,-35.298,-35.2824,102585600.0
1988-08-25,-35.291,-35.2824,-35.2928,-35.2876,72633600.0
1988-08-26,-35.2876,-35.2806,-35.2876,-35.2832,24451200.0
1988-08-29,-35.2789,-35.2754,-35.2806,-35.278,35033600.0
1988-08-30,-35.2789,-35.2772,-35.2858,-35.2841,20966400.0
1988-08-31,-35.2824,-35.2806,-35.298,-35.2928,71884800.0
1988-09-01,-35.2963,-35.2945,-35.3067,-35.3006,82380800.0
1988-09-02,-35.2945,-35.2806,-35.2963,-35.2824,115328000.0
1988-09-06,-35.2824,-35.2754,-35.2841,-35.2789,67750400.0
1988-09-07,-35.2772,-35.2737,-35.2876,-35.2806,72115200.0
1988-09-08,-35.2824,-35.2702,-35.2841,-35.2789,69206400.0
1988-09-09,-35.2806,-35.2598,-35.2824,-35.265,111123200.0
1988-09-12,-35.2667,-35.2581,-35.2685,-35.2667,43257600.0
1988-09-13,-35.2702,-35.2633,-35.2737,-35.265,40608000.0
1988-09-14,-35.2589,-35.2563,-35.2667,-35.265,79212800.0
1988-09-15,-35.265,-35.2633,-35.2789,-35.2772,72921600.0
1988-09-16,-35.2772,-35.2754,-35.2806,-35.2789,48700800.0
1988-09-19,-35.2754,-35.2754,-35.2858,-35.2806,44697600.0
1988-09-20,-35.2789,-35.2702,-35.2806,-35.2702,53625600.0
1988-09-21,-35.2685,-35.265,-35.2685,-35.2667,16054400.0
1988-09-22,-35.265,-35.2581,-35.2667,-35.2615,59686400.0
1988-09-23,-35.2615,-35.2615,-35.2667,-35.2667,35091200.0
1988-09-26,-35.2667,-35.265,-35.2806,-35.2763,50211200.0
1988-09-27,-35.2789,-35.2772,-35.2824,-35.2789,35366400.0
1988-09-28,-35.2772,-35.2719,-35.2806,-35.2719,25516800.0
1988-09-29,-35.2737,-35.2685,-35.2754,-35.2719,56460800.0
1988-09-30,-35.2737,-35.2719,-35.2806,-35.2772,37251200.0
1988-10-03,-35.2841,-35.2806,-35.2893,-35.2832,41097600.0
1988-10-04,-35.2824,-35.2789,-35.2867,-35.2849,29260800.0
1988-10-05,-35.2841,-35.2841,-35.2928,-35.291,67088000.0
1988-10-06,-35.291,-35.2876,-35.2928,-35.2928,33609600.0
1988-10-07,-35.2928,-35.291,-35.3075,-35.2945,208064000.0
1988-10-10,-35.2928,-35.2928,-35.3084,-35.298,106358400.0
1988-10-11,-35.2945,-35.2893,-35.2997,-35.2945,65952000.0
1988-10-12,-35.2963,-35.2806,-35.2997,-35.2884,137532800.0
1988-10-13,-35.2901,-35.2772,-35.291,-35.2824,82467200.0
1988-10-14,-35.2789,-35.2772,-35.2858,-35.2841,56764800.0
1988-10-17,-35.2841,-35.2754,-35.2841,-35.2789,25673600.0
1988-10-18,-35.2806,-35.2737,-35.2841,-35.2754,37222400.0
1988-10-19,-35.2685,-35.2667,-35.2772,-35.2702,80681600.0
1988-10-20,-35.2737,-35.265,-35.2737,-35.2685,73296000.0
1988-10-21,-35.2719,-35.2685,-35.2754,-35.2719,24262400.0
1988-10-24,-35.2702,-35.2702,-35.2797,-35.2789,28627200.0
1988-10-25,-35.2789,-35.2772,-35.2928,-35.2893,74547200.0
1988-10-26,-35.291,-35.2893,-35.3032,-35.2945,157420800.0
1988-10-27,-35.298,-35.2963,-35.3084,-35.2963,114336000.0
1988-10-28,-35.298,-35.2945,-35.3032,-35.2963,46540800.0
1988-10-31,-35.298,-35.298,-35.3032,-35.2997,41283200.0
1988-11-01,-35.2997,-35.2945,-35.3015,-35.3015,53280000.0
1988-11-02,-35.3015,-35.3015,-35.3153,-35.3119,221801600.0
1988-11-03,-35.3119,-35.3084,-35.3197,-35.3119,118339200.0
1988-11-04,-35.3171,-35.3084,-35.3171,-35.3171,106601600.0
1988-11-07,-35.3171,-35.3136,-35.3206,-35.3153,55065600.0
1988-11-08,-35.3119,-35.2997,-35.3136,-35.3023,56604800.0
1988-11-09,-35.3067,-35.2928,-35.3084,-35.2945,124732800.0
1988-11-10,-35.2945,-35.2893,-35.2997,-35.2997,78796800.0
1988-11-11,-35.3032,-35.2997,-35.3101,-35.3092,54934400.0
1988-11-14,-35.3067,-35.3015,-35.3101,-35.3032,34329600.0
1988-11-15,-35.3032,-35.3032,-35.3171,-35.3136,93900800.0
1988-11-16,-35.3127,-35.3119,-35.324,-35.3188,199008000.0
1988-11-17,-35.3188,-35.3153,-35.3223,-35.3206,65865600.0
1988-11-18,-35.3188,-35.3153,-35.3223,-35.3162,34428800.0
1988-11-21,-35.3206,-35.3188,-35.3258,-35.3206,47100800.0
1988-11-22,-35.3206,-35.3171,-35.324,-35.3206,30310400.0
1988-11-23,-35.3188,-35.3136,-35.3206,-35.3144,56547200.0
1988-11-25,-35.3188,-35.3171,-35.3223,-35.3179,11462400.0
1988-11-28,-35.3188,-35.3101,-35.3188,-35.3136,58736000.0
1988-11-29,-35.3136,-35.3101,-35.3153,-35.3101,21872000.0
1988-11-30,-35.3119,-35.3084,-35.3119,-35.3119,35193600.0
1988-12-01,-35.3101,-35.2963,-35.3136,-35.2997,82006400.0
1988-12-02,-35.3032,-35.291,-35.3032,-35.2945,91497600.0
1988-12-05,-35.2945,-35.2893,-35.3015,-35.2963,70140800.0
1988-12-06,-35.2963,-35.2945,-35.2997,-35.2945,44364800.0
1988-12-07,-35.2963,-35.2928,-35.2988,-35.298,30886400.0
1988-12-08,-35.298,-35.2963,-35.3015,-35.2997,40176000.0
1988-12-09,-35.3015,-35.298,-35.3032,-35.2997,22304000.0
1988-12-12,-35.3015,-35.2997,-35.311,-35.311,38892800.0
1988-12-13,-35.3119,-35.3084,-35.3119,-35.3084,39168000.0
1988-12-14,-35.3084,-35.3015,-35.3101,-35.304,28006400.0
1988-12-15,-35.2997,-35.298,-35.3032,-35.2997,23196800.0
1988-12-16,-35.3015,-35.291,-35.3015,-35.2945,51795200.0
1988-12-19,-35.2884,-35.2824,-35.2893,-35.2876,83532800.0
1988-12-20,-35.2832,-35.2754,-35.2858,-35.2841,92188800.0
1988-12-21,-35.2824,-35.2754,-35.2841,-35.2772,46438400.0
1988-12-22,-35.2754,-35.2719,-35.2806,-35.2789,74592000.0
1988-12-23,-35.2806,-35.2789,-35.2824,-35.2789,17120000.0
1988-12-27,-35.2789,-35.2754,-35.2806,-35.2806,30771200.0
1988-12-28,-35.2789,-35.2772,-35.2806,-35.2772,21267200.0
1988-12-29,-35.2789,-35.2685,-35.2789,-35.2702,38275200.0
1988-12-30,-35.2685,-35.2633,-35.2702,-35.2702,63820800.0
1989-01-03,-35.2685,-35.2667,-35.2737,-35.2676,51824000.0
1989-01-04,-35.2685,-35.2589,-35.2685,-35.2633,53897600.0
1989-01-05,-35.2598,-35.2598,-35.2702,-35.2693,47244800.0
1989-01-06,-35.2685,-35.2667,-35.2719,-35.2719,59052800.0
1989-01-09,-35.2719,-35.2702,-35.278,-35.2754,46006400.0
1989-01-10,-35.2772,-35.2754,-35.2806,-35.2789,54128000.0
1989-01-11,-35.2797,-35.2754,-35.2824,-35.2754,48297600.0
1989-01-12,-35.2772,-35.2667,-35.2772,-35.2754,54588800.0
1989-01-13,-35.2754,-35.2702,-35.2754,-35.2719,35568000.0
1989-01-16,-35.2702,-35.2641,-35.2737,-35.271,27532800.0
1989-01-17,-35.2745,-35.2728,-35.2841,-35.2824,41744000.0
1989-01-18,-35.2806,-35.2806,-35.291,-35.2824,63632000.0
1989-01-19,-35.2772,-35.2667,-35.2772,-35.2685,84297600.0
1989-01-20,-35.2685,-35.2624,-35.2702,-35.2641,61027200.0
1989-01-23,-35.265,-35.265,-35.2728,-35.2719,52227200.0
1989-01-24,-35.2719,-35.2685,-35.2754,-35.2737,56217600.0
1989-01-25,-35.2719,-35.2702,-35.2754,-35.2719,49046400.0
1989-01-26,-35.2745,-35.2615,-35.2754,-35.2633,87132800.0
1989-01-27,-35.2641,-35.2476,-35.2667,-35.2554,166419200.0
1989-01-30,-35.2546,-35.232,-35.2563,-35.2338,110086400.0
1989-01-31,-35.2303,-35.2216,-35.2338,-35.2259,125091200.0
1989-02-01,-35.2268,-35.2251,-35.2303,-35.2285,131212800.0
1989-02-02,-35.2268,-35.2025,-35.2285,-35.2172,180028800.0
1989-02-03,-35.2199,-35.206,-35.2233,-35.2164,91324800.0
1989-02-06,-35.2181,-35.2164,-35.2251,-35.2199,87580800.0
1989-02-07,-35.219,-35.206,-35.2199,-35.2085,127094400.0
1989-02-08,-35.2094,-35.1956,-35.2129,-35.206,133315200.0
1989-02-09,-35.2094,-35.1903,-35.2112,-35.1973,199036800.0
1989-02-10,-35.2025,-35.199,-35.212,-35.2103,129036800.0
1989-02-13,-35.2129,-35.2094,-35.2164,-35.2147,94073600.0
1989-02-14,-35.2103,-35.2077,-35.2233,-35.2216,62956800.0
1989-02-15,-35.2199,-35.2077,-35.2216,-35.2077,81936000.0
1989-02-16,-35.206,-35.199,-35.2147,-35.2042,61385600.0
1989-02-17,-35.2025,-35.2008,-35.2077,-35.206,29692800.0
1989-02-21,-35.2077,-35.2042,-35.2129,-35.2112,33753600.0
1989-02-22,-35.2129,-35.2112,-35.2233,-35.2233,95513600.0
1989-02-23,-35.2216,-35.2181,-35.2285,-35.2207,75945600.0
1989-02-24,-35.2216,-35.2181,-35.232,-35.232,76016000.0
1989-02-27,-35.232,-35.2216,-35.2338,-35.2251,68787200.0
1989-02-28,-35.2233,-35.2216,-35.2303,-35.2268,43443200.0
1989-03-01,-35.2233,-35.2216,-35.2285,-35.2285,59888000.0
1989-03-02,-35.2285,-35.2164,-35.2285,-35.2181,92304000.0
1989-03-03,-35.2181,-35.2094,-35.2199,-35.2112,68947200.0
1989-03-06,-35.2112,-35.2077,-35.2164,-35.2094,56633600.0
1989-03-07,-35.2251,-35.2233,-35.2702,-35.2685,788688000.0
1989-03-08,-35.2667,-35.2615,-35.2763,-35.2754,253612800.0
1989-03-09,-35.2737,-35.2737,-35.2824,-35.2806,123305600.0
1989-03-10,-35.2824,-35.2754,-35.2858,-35.2806,66902400.0
1989-03-13,-35.2789,-35.2737,-35.2806,-35.2737,60204800.0
1989-03-14,-35.2702,-35.2702,-35.2772,-35.2737,63718400.0
1989-03-15,-35.2737,-35.2737,-35.291,-35.291,104889600.0
1989-03-16,-35.2876,-35.2824,-35.2893,-35.2841,102886400.0
1989-03-17,-35.291,-35.2893,-35.3206,-35.3171,245577600.0
1989-03-20,-35.3179,-35.3171,-35.3223,-35.3171,238995200.0
1989-03-21,-35.3153,-35.2928,-35.3188,-35.2936,224467200.0
1989-03-22,-35.2963,-35.2945,-35.3032,-35.2997,167024000.0
1989-03-23,-35.3015,-35.291,-35.3015,-35.291,87811200.0
1989-03-27,-35.2928,-35.2884,-35.2963,-35.2945,75542400.0
1989-03-28,-35.291,-35.2893,-35.298,-35.2945,70803200.0
1989-03-29,-35.2945,-35.2945,-35.298,-35.2963,30009600.0
1989-03-30,-35.2945,-35.2928,-35.2988,-35.2936,46742400.0
1989-03-31,-35.2928,-35.291,-35.2963,-35.2936,29734400.0
1989-04-03,-35.2928,-35.2876,-35.2953,-35.291,35049600.0
1989-04-04,-35.291,-35.291,-35.2963,-35.2928,25027200.0
1989-04-05,-35.2928,-35.2893,-35.2945,-35.2901,19641600.0
1989-04-06,-35.2893,-35.2824,-35.291,-35.2841,51680000.0
1989-04-07,-35.2841,-35.2806,-35.2858,-35.2841,29446400.0
1989-04-10,-35.2841,-35.2772,-35.2841,-35.2832,28668800.0
1989-04-11,-35.2824,-35.2789,-35.2901,-35.2832,28726400.0
1989-04-12,-35.2806,-35.2806,-35.3092,-35.3058,71020800.0
1989-04-13,-35.3084,-35.2901,-35.3101,-35.3015,92880000.0
1989-04-14,-35.298,-35.2841,-35.298,-35.2876,62624000.0
1989-04-17,-35.2841,-35.2763,-35.2876,-35.2824,51638400.0
1989-04-18,-35.2754,-35.2702,-35.2789,-35.2702,69334400.0
1989-04-19,-35.2581,-35.2528,-35.2615,-35.2589,168969600.0
1989-04-20,-35.2581,-35.2476,-35.2615,-35.2511,138800000.0
1989-04-21,-35.2511,-35.2511,-35.2581,-35.2563,58188800.0
1989-04-24,-35.2581,-35.2546,-35.2615,-35.2572,29331200.0
1989-04-25,-35.2546,-35.2528,-35.2615,-35.2598,24896000.0
1989-04-26,-35.2581,-35.2581,-35.2676,-35.265,44508800.0
1989-04-27,-35.265,-35.2589,-35.265,-35.2598,34588800.0
1989-04-28,-35.2598,-35.2494,-35.2667,-35.2519,69782400.0
1989-05-01,-35.2554,-35.2511,-35.2633,-35.2606,33737600.0
1989-05-02,-35.2598,-35.2581,-35.2685,-35.265,34371200.0
1989-05-03,-35.265,-35.2598,-35.265,-35.265,28857600.0
1989-05-04,-35.2633,-35.2633,-35.2772,-35.2754,37424000.0
1989-05-05,-35.2702,-35.2702,-35.2806,-35.2789,35827200.0
1989-05-08,-35.2789,-35.2772,-35.2858,-35.2824,49001600.0
1989-05-09,-35.2806,-35.2685,-35.2824,-35.2719,54588800.0
1989-05-10,-35.2685,-35.2598,-35.2702,-35.265,58752000.0
1989-05-11,-35.2633,-35.2633,-35.2685,-35.265,34400000.0
1989-05-12,-35.2606,-35.2581,-35.2685,-35.2633,71091200.0
1989-05-15,-35.2641,-35.2581,-35.265,-35.2598,74736000.0
1989-05-16,-35.2598,-35.2476,-35.2615,-35.2494,83433600.0
1989-05-17,-35.2485,-35.2372,-35.2485,-35.2415,89811200.0
1989-05-18,-35.2424,-35.2328,-35.2424,-35.2355,52572800.0
1989-05-19,-35.2363,-35.2268,-35.2363,-35.2355,62566400.0
1989-05-22,-35.2355,-35.2268,-35.239,-35.2285,74275200.0
1989-05-23,-35.2355,-35.2303,-35.2494,-35.2467,97545600.0
1989-05-24,-35.2502,-35.2407,-35.2528,-35.2407,69363200.0
1989-05-25,-35.2407,-35.2338,-35.2442,-35.2407,33840000.0
1989-05-26,-35.2372,-35.2303,-35.239,-35.2311,37884800.0
1989-05-30,-35.2303,-35.2259,-35.2338,-35.2303,63907200.0
1989-05-31,-35.2303,-35.2164,-35.2303,-35.2199,80969600.0
1989-06-01,-35.2216,-35.2181,-35.2251,-35.2233,62796800.0
1989-06-02,-35.2224,-35.2216,-35.2355,-35.2355,54041600.0
1989-06-05,-35.2338,-35.2338,-35.2476,-35.2459,61414400.0
1989-06-06,-35.2459,-35.2328,-35.2476,-35.2338,53897600.0
1989-06-07,-35.232,-35.2233,-35.232,-35.2251,44928000.0
1989-06-08,-35.2251,-35.2216,-35.2268,-35.2251,29216000.0
1989-06-09,-35.2251,-35.2224,-35.2285,-35.2251,36144000.0
1989-06-12,-35.2251,-35.2216,-35.2328,-35.2303,51680000.0
1989-06-13,-35.2346,-35.2338,-35.2424,-35.2424,40563200.0
1989-06-14,-35.239,-35.2372,-35.2476,-35.239,47302400.0
1989-06-15,-35.239,-35.239,-35.2494,-35.2459,52112000.0
1989-06-16,-35.2467,-35.2442,-35.2494,-35.2459,47360000.0
1989-06-19,-35.2442,-35.2442,-35.2546,-35.2476,27158400.0
1989-06-20,-35.2476,-35.2459,-35.2615,-35.2615,45804800.0
1989-06-21,-35.2702,-35.2511,-35.2702,-35.2581,80496000.0
1989-06-22,-35.2563,-35.2546,-35.2581,-35.2546,36070400.0
1989-06-23,-35.2546,-35.2511,-35.2563,-35.2554,33536000.0
1989-06-26,-35.2563,-35.2546,-35.2633,-35.2598,30240000.0
1989-06-27,-35.2598,-35.2563,-35.2667,-35.2658,35897600.0
1989-06-28,-35.265,-35.265,-35.2789,-35.2737,57456000.0
1989-06-29,-35.2728,-35.2728,-35.2841,-35.2789,77196800.0
1989-06-30,-35.2789,-35.2685,-35.2841,-35.2719,67248000.0
1989-07-03,-35.271,-35.2633,-35.271,-35.265,14688000.0
1989-07-05,-35.2615,-35.2546,-35.265,-35.2563,26537600.0
1989-07-06,-35.2528,-35.2511,-35.2763,-35.2737,94780800.0
1989-07-07,-35.2737,-35.2633,-35.2745,-35.2685,41456000.0
1989-07-10,-35.2667,-35.2581,-35.2685,-35.2589,27257600.0
1989-07-11,-35.2589,-35.2546,-35.2702,-35.2685,43488000.0
1989-07-12,-35.2719,-35.2685,-35.2789,-35.2702,52156800.0
1989-07-13,-35.271,-35.2667,-35.2754,-35.2719,33408000.0
1989-07-14,-35.2702,-35.2685,-35.2806,-35.2737,42768000.0
1989-07-17,-35.2737,-35.2685,-35.2754,-35.2702,31289600.0
1989-07-18,-35.2702,-35.2633,-35.2702,-35.2685,42982400.0
1989-07-19,-35.265,-35.2615,-35.2702,-35.2641,29763200.0
1989-07-20,-35.2633,-35.2563,-35.2685,-35.2685,44524800.0
1989-07-21,-35.2719,-35.2476,-35.2737,-35.2563,99763200.0
1989-07-24,-35.2598,-35.2528,-35.2633,-35.2563,38361600.0
1989-07-25,-35.2581,-35.2442,-35.2824,-35.2789,326028800.0
1989-07-26,-35.2737,-35.2702,-35.2789,-35.2737,123638400.0
1989-07-27,-35.2676,-35.265,-35.2702,-35.2667,45561600.0
1989-07-28,-35.265,-35.2615,-35.2702,-35.2633,29216000.0
1989-07-31,-35.265,-35.2581,-35.2667,-35.2598,33334400.0
1989-08-01,-35.2598,-35.2563,-35.265,-35.2633,62134400.0
1989-08-02,-35.265,-35.2598,-35.265,-35.2633,28368000.0
1989-08-03,-35.2624,-35.2563,-35.2633,-35.2581,27590400.0
1989-08-04,-35.2598,-35.2407,-35.2615,-35.2442,178128000.0
1989-08-07,-35.239,-35.2372,-35.2442,-35.239,93571200.0
1989-08-08,-35.2407,-35.2285,-35.2407,-35.2303,110547200.0
1989-08-09,-35.2311,-35.2233,-35.232,-35.232,113772800.0
1989-08-10,-35.2303,-35.2303,-35.2355,-35.2338,48339200.0
1989-08-11,-35.2303,-35.2268,-35.239,-35.239,61472000.0
1989-08-14,-35.239,-35.239,-35.2442,-35.2442,68988800.0
1989-08-15,-35.2442,-35.2372,-35.2467,-35.2407,17856000.0
1989-08-16,-35.239,-35.2372,-35.2546,-35.2519,46668800.0
1989-08-17,-35.2528,-35.2459,-35.2563,-35.2476,39958400.0
1989-08-18,-35.2476,-35.239,-35.2476,-35.2407,24912000.0
1989-08-21,-35.2407,-35.2381,-35.2511,-35.2502,32096000.0
1989-08-22,-35.2511,-35.232,-35.2511,-35.2346,64771200.0
1989-08-23,-35.2328,-35.2259,-35.2372,-35.2285,46092800.0
1989-08-24,-35.2242,-35.2199,-35.2355,-35.2303,92764800.0
1989-08-25,-35.232,-35.2285,-35.239,-35.2311,85145600.0
1989-08-28,-35.232,-35.2268,-35.2355,-35.2294,28540800.0
1989-08-29,-35.2242,-35.2233,-35.2346,-35.2338,54416000.0
1989-08-30,-35.232,-35.2259,-35.2338,-35.2285,40377600.0
1989-08-31,-35.2268,-35.2251,-35.232,-35.232,14198400.0
1989-09-01,-35.2303,-35.2216,-35.232,-35.2242,44409600.0
1989-09-05,-35.2251,-35.2164,-35.2259,-35.2233,93340800.0
1989-09-06,-35.2251,-35.2233,-35.232,-35.2285,42377600.0
1989-09-07,-35.2303,-35.2285,-35.2372,-35.2355,41904000.0
1989-09-08,-35.2372,-35.2268,-35.239,-35.2303,39785600.0
1989-09-11,-35.232,-35.2268,-35.2338,-35.2276,27907200.0
1989-09-12,-35.2268,-35.2164,-35.2285,-35.2216,67795200.0
1989-09-13,-35.2164,-35.199,-35.2199,-35.2077,181020800.0
1989-09-14,-35.2042,-35.1921,-35.2077,-35.1973,78163200.0
1989-09-15,-35.1956,-35.1921,-35.206,-35.2042,89148800.0
1989-09-18,-35.206,-35.199,-35.206,-35.199,39110400.0
1989-09-19,-35.1973,-35.1956,-35.206,-35.206,49203200.0
1989-09-20,-35.2042,-35.1886,-35.2077,-35.1886,72128000.0
1989-09-21,-35.1834,-35.1765,-35.1921,-35.1851,89350400.0
1989-09-22,-35.1851,-35.1817,-35.1903,-35.1817,43948800.0
1989-09-25,-35.1817,-35.1678,-35.1851,-35.1747,69939200.0
1989-09-26,-35.1747,-35.1713,-35.1782,-35.173,39987200.0
1989-09-27,-35.1799,-35.1722,-35.1834,-35.1774,69235200.0
1989-09-28,-35.1782,-35.1678,-35.1782,-35.1678,41427200.0
1989-09-29,-35.1678,-35.1574,-35.1695,-35.1643,64323200.0
1989-10-02,-35.166,-35.1539,-35.1678,-35.1565,50428800.0
1989-10-03,-35.1504,-35.1504,-35.1617,-35.1608,68918400.0
1989-10-04,-35.1608,-35.114,-35.1643,-35.1157,260019200.0
1989-10-05,-35.1157,-35.0688,-35.1174,-35.0897,284758400.0
1989-10-06,-35.0871,-35.081,-35.0966,-35.0862,87609600.0
1989-10-09,-35.0879,-35.0706,-35.0914,-35.0723,58534400.0
1989-10-10,-35.0671,-35.0636,-35.0792,-35.0758,68297600.0
1989-10-11,-35.0827,-35.081,-35.0914,-35.0844,106400000.0
1989-10-12,-35.0844,-35.081,-35.0966,-35.0949,58880000.0
1989-10-13,-35.1001,-35.0983,-35.1331,-35.1296,102643200.0
1989-10-16,-35.1487,-35.1105,-35.1608,-35.114,253065600.0
1989-10-17,-35.1174,-35.074,-35.1244,-35.094,177206400.0
1989-10-18,-35.0923,-35.0792,-35.0949,-35.081,134784000.0
1989-10-19,-35.0775,-35.0428,-35.0827,-35.0549,179424000.0
1989-10-20,-35.0567,-35.0463,-35.0671,-35.048,93542400.0
1989-10-23,-35.0515,-35.0445,-35.0671,-35.0628,60912000.0
1989-10-24,-35.0671,-35.0671,-35.0931,-35.0784,157088000.0
1989-10-25,-35.074,-35.0653,-35.0897,-35.0862,71481600.0
1989-10-26,-35.0931,-35.0827,-35.1018,-35.1001,135459200.0
1989-10-27,-35.1001,-35.0983,-35.1105,-35.1053,97040000.0
1989-10-30,-35.0983,-35.0862,-35.0992,-35.0871,45920000.0
1989-10-31,-35.0827,-35.0706,-35.0844,-35.0723,56563200.0
1989-11-01,-35.0723,-35.0636,-35.0723,-35.0697,74649600.0
1989-11-02,-35.0784,-35.0784,-35.1122,-35.1105,226051200.0
1989-11-03,-35.1088,-35.0931,-35.1105,-35.0966,98755200.0
1989-11-06,-35.0966,-35.0862,-35.1088,-35.1035,88025600.0
1989-11-07,-35.1018,-35.068,-35.1035,-35.0775,131542400.0
1989-11-08,-35.0697,-35.0532,-35.0706,-35.0619,106486400.0
1989-11-09,-35.0567,-35.0532,-35.0671,-35.0584,111526400.0
1989-11-10,-35.0567,-35.0497,-35.0584,-35.0532,59168000.0
1989-11-13,-35.0532,-35.0272,-35.0584,-35.0281,178905600.0
1989-11-14,-35.0237,-35.0202,-35.0428,-35.0393,95241600.0
1989-11-15,-35.0376,-35.0202,-35.041,-35.0254,94492800.0
1989-11-16,-35.0219,-35.0202,-35.041,-35.0324,68054400.0
1989-11-17,-35.0315,-35.0272,-35.0376,-35.0367,31651200.0
1989-11-20,-35.0376,-35.0376,-35.0532,-35.0393,56937600.0
1989-11-21,-35.0393,-35.0254,-35.0393,-35.0281,67116800.0
1989-11-22,-35.0272,-35.0254,-35.0324,-35.0272,38230400.0
1989-11-24,-35.0228,-35.0219,-35.0324,-35.0315,17971200.0
1989-11-27,-35.0324,-35.0306,-35.0445,-35.0376,37280000.0
1989-11-28,-35.0358,-35.0272,-35.041,-35.0358,56662400.0
1989-11-29,-35.0324,-35.0289,-35.0549,-35.0463,85894400.0
1989-11-30,-35.0567,-35.0341,-35.0584,-35.0358,111209600.0
1989-12-01,-35.035,-35.0306,-35.0506,-35.0497,52070400.0
1989-12-04,-35.0497,-35.0341,-35.0541,-35.041,40534400.0
1989-12-05,-35.0376,-35.0341,-35.0428,-35.0376,44048000.0
1989-12-06,-35.0393,-35.0358,-35.0532,-35.048,57382400.0
1989-12-07,-35.0567,-35.041,-35.0567,-35.0463,40348800.0
1989-12-08,-35.0463,-35.0428,-35.0636,-35.0515,107625600.0
1989-12-11,-35.0515,-35.0515,-35.0706,-35.0636,103376000.0
1989-12-12,-35.0584,-35.0584,-35.081,-35.0671,93628800.0
1989-12-13,-35.0792,-35.0671,-35.0897,-35.0844,95788800.0
1989-12-14,-35.0914,-35.0862,-35.0983,-35.0983,61516800.0
1989-12-15,-35.0966,-35.0949,-35.1192,-35.1053,107164800.0
1989-12-18,-35.1035,-35.0914,-35.1053,-35.0966,78435200.0
1989-12-19,-35.0966,-35.081,-35.1001,-35.0819,70473600.0
1989-12-20,-35.0758,-35.0636,-35.0792,-35.0653,111008000.0
1989-12-21,-35.0653,-35.0601,-35.0758,-35.0601,55020800.0
1989-12-22,-35.0601,-35.041,-35.0653,-35.0445,54892800.0
1989-12-26,-35.0437,-35.0402,-35.0515,-35.0463,23817600.0
1989-12-27,-35.0428,-35.0358,-35.048,-35.041,62796800.0
1989-12-28,-35.0601,-35.0445,-35.0636,-35.048,123091200.0
1989-12-29,-35.0463,-35.0272,-35.048,-35.0358,77628800.0
1990-01-02,-35.0341,-35.0237,-35.0419,-35.0237,53033600.0
1990-01-03,-35.0185,-35.0133,-35.0254,-35.0202,113772800.0
1990-01-04,-35.0202,-35.0011,-35.0237,-35.002,125740800.0
1990-01-05,-35.0046,-35.0011,-35.0185,-35.0176,69564800.0
1990-01-08,-35.0185,-35.0081,-35.0254,-35.0081,58982400.0
1990-01-09,-35.0081,-35.0011,-35.0133,-35.0098,70300800.0
1990-01-10,-35.015,-35.0063,-35.0281,-35.0272,103766400.0
1990-01-11,-35.0237,-35.0185,-35.0497,-35.0393,95772800.0
1990-01-12,-35.0489,-35.0341,-35.0567,-35.0419,148908800.0
1990-01-15,-35.0445,-35.0358,-35.048,-35.0419,62467200.0
1990-01-16,-35.0463,-35.0202,-35.0532,-35.0237,80092800.0
1990-01-17,-35.0289,-35.0115,-35.0358,-35.0324,97587200.0
1990-01-18,-35.0176,-34.9803,-35.0185,-34.9803,292361600.0
1990-01-19,-34.9785,-34.9733,-34.9907,-34.9864,99257600.0
1990-01-22,-34.9872,-34.9872,-35.0115,-35.0098,167686400.0
1990-01-23,-35.0081,-35.0063,-35.0202,-35.0167,139347200.0
1990-01-24,-35.0289,-35.0098,-35.035,-35.0098,180345600.0
1990-01-25,-35.0046,-34.9976,-35.0115,-35.0098,112752000.0
1990-01-26,-35.0115,-35.0063,-35.015,-35.0098,68083200.0
1990-01-29,-35.0046,-34.9994,-35.0133,-35.0046,55078400.0
1990-01-30,-35.0028,-34.9976,-35.015,-35.0063,73107200.0
1990-01-31,-35.0011,-34.9976,-35.0063,-34.9976,112937600.0
1990-02-01,-34.9976,-34.9855,-34.9976,-34.989,89193600.0
1990-02-02,-34.9942,-34.9768,-34.9942,-34.989,71395200.0
1990-02-05,-34.9899,-34.9855,-34.9924,-34.9855,59731200.0
1990-02-06,-34.9872,-34.9855,-34.9994,-34.9872,81964800.0
1990-02-07,-34.9907,-34.982,-34.9942,-34.9924,134150400.0
1990-02-08,-34.9899,-34.9803,-34.9924,-34.9855,95225600.0
1990-02-09,-34.9855,-34.982,-34.9872,-34.9838,62380800.0
1990-02-12,-34.9838,-34.9768,-34.9872,-34.982,56086400.0
1990-02-13,-34.9803,-34.9785,-34.9838,-34.982,58752000.0
1990-02-14,-34.9785,-34.9785,-34.9838,-34.9803,35868800.0
1990-02-15,-34.9803,-34.9594,-34.9803,-34.9664,89494400.0
1990-02-16,-34.9577,-34.9542,-34.9612,-34.9594,70876800.0
1990-02-20,-34.9612,-34.9421,-34.9664,-34.9438,132652800.0
1990-02-21,-34.9542,-34.9456,-34.9751,-34.9725,103347200.0
1990-02-22,-34.9681,-34.9577,-34.9716,-34.9708,60809600.0
1990-02-23,-34.9751,-34.9612,-34.9768,-34.9629,56851200.0
1990-02-26,-34.9629,-34.9456,-34.9647,-34.9508,69219200.0
1990-02-27,-34.949,-34.949,-34.9594,-34.9594,62019200.0
1990-02-28,-34.9594,-34.9473,-34.9594,-34.9542,39312000.0
1990-03-01,-34.956,-34.9334,-34.956,-34.9456,76867200.0
1990-03-02,-34.9438,-34.9152,-34.9447,-34.9195,100208000.0
1990-03-05,-34.9213,-34.9056,-34.9299,-34.9091,75526400.0
1990-03-06,-34.9126,-34.9108,-34.9282,-34.9143,68630400.0
1990-03-07,-34.9126,-34.9074,-34.9265,-34.9265,47606400.0
1990-03-08,-34.9247,-34.8952,-34.9334,-34.9022,88976000.0
1990-03-09,-34.9039,-34.89,-34.9091,-34.9004,75744000.0
1990-03-12,-34.9022,-34.8848,-34.9039,-34.8883,68873600.0
1990-03-13,-34.8865,-34.8831,-34.9022,-34.9022,85203200.0
1990-03-14,-34.8952,-34.8848,-34.9039,-34.8909,130966400.0
1990-03-15,-34.8909,-34.864,-34.8917,-34.8692,81676800.0
1990-03-16,-34.8622,-34.8397,-34.864,-34.8483,118899200.0
1990-03-19,-34.8501,-34.8275,-34.8553,-34.831,81171200.0
1990-03-20,-34.831,-34.8292,-34.8588,-34.8553,92144000.0
1990-03-21,-34.8562,-34.8379,-34.8605,-34.8535,69840000.0
1990-03-22,-34.8518,-34.8501,-34.8744,-34.8674,92419200.0
1990-03-23,-34.8622,-34.8535,-34.8831,-34.8744,53596800.0
1990-03-26,-34.8726,-34.8588,-34.8735,-34.8657,55929600.0
1990-03-27,-34.8683,-34.8553,-34.8709,-34.8588,52515200.0
1990-03-28,-34.8605,-34.8605,-34.8865,-34.8692,99532800.0
1990-03-29,-34.8735,-34.857,-34.8761,-34.8726,64784000.0
1990-03-30,-34.8761,-34.8692,-34.8813,-34.8709,36691200.0
1990-04-02,-34.8778,-34.8597,-34.8813,-34.8657,74057600.0
1990-04-03,-34.857,-34.8327,-34.8588,-34.8344,84643200.0
1990-04-04,-34.8344,-34.8153,-34.8379,-34.8275,79644800.0
1990-04-05,-34.8284,-34.8267,-34.8449,-34.8449,66368000.0
1990-04-06,-34.8431,-34.8397,-34.8535,-34.8466,72876800.0
1990-04-09,-34.8501,-34.8397,-34.8501,-34.8449,31174400.0
1990-04-10,-34.844,-34.8206,-34.8449,-34.8206,45187200.0
1990-04-11,-34.8171,-34.7997,-34.8188,-34.7997,70371200.0
1990-04-12,-34.7945,-34.7928,-34.8067,-34.8015,48252800.0
1990-04-16,-34.7928,-34.7824,-34.8049,-34.7963,39468800.0
1990-04-17,-34.7979,-34.765,-34.8101,-34.7789,66777600.0
1990-04-18,-34.784,-34.7824,-34.824,-34.7979,97795200.0
1990-04-19,-34.8067,-34.7893,-34.8171,-34.8136,58003200.0
1990-04-20,-34.8067,-34.7997,-34.824,-34.8171,44659200.0
1990-04-23,-34.8222,-34.8136,-34.8449,-34.8206,64876800.0
1990-04-24,-34.8101,-34.8101,-34.8553,-34.8344,47913600.0
1990-04-25,-34.831,-34.824,-34.8483,-34.8344,53868800.0
1990-04-26,-34.8275,-34.824,-34.8449,-34.8431,46294400.0
1990-04-27,-34.8465,-34.8449,-34.8674,-34.8588,57123200.0
1990-04-30,-34.8588,-34.8344,-34.8657,-34.8344,51449600.0
1990-05-01,-34.824,-34.824,-34.8518,-34.8465,52473600.0
1990-05-02,-34.8449,-34.8275,-34.8449,-34.831,33264000.0
1990-05-03,-34.8275,-34.8101,-34.831,-34.8206,45891200.0
1990-05-04,-34.8136,-34.7824,-34.8206,-34.7824,47811200.0
1990-05-07,-34.7789,-34.7233,-34.7858,-34.7511,97347200.0
1990-05-08,-34.7685,-34.7581,-34.7754,-34.7685,50822400.0
1990-05-09,-34.7667,-34.7615,-34.7789,-34.7685,35164800.0
1990-05-10,-34.7615,-34.7372,-34.7685,-34.7442,48800000.0
1990-05-11,-34.7372,-34.7233,-34.7615,-34.7303,49164800.0
1990-05-14,-34.7199,-34.7164,-34.7303,-34.7268,47232000.0
1990-05-15,-34.7303,-34.7268,-34.7476,-34.7407,54118400.0
1990-05-16,-34.7442,-34.7407,-34.7581,-34.7407,38553600.0
1990-05-17,-34.7407,-34.7338,-34.7476,-34.7407,41731200.0
1990-05-18,-34.7425,-34.6782,-34.7442,-34.6921,101820800.0
1990-05-21,-34.6851,-34.6365,-34.6851,-34.6643,159593600.0
1990-05-22,-34.6539,-34.6365,-34.6817,-34.6469,142435200.0
1990-05-23,-34.64,-34.5844,-34.6418,-34.5863,141180800.0
1990-05-24,-34.574,-34.5463,-34.5844,-34.5775,146649600.0
1990-05-25,-34.6088,-34.581,-34.6122,-34.6088,104688000.0
1990-05-29,-34.6088,-34.5914,-34.6122,-34.5949,61478400.0
1990-05-30,-34.5828,-34.5775,-34.6018,-34.5914,65072000.0
1990-05-31,-34.6018,-34.5914,-34.6331,-34.6261,69436800.0
1990-06-01,-34.6226,-34.5949,-34.6261,-34.5967,69065600.0
1990-06-04,-34.6001,-34.5671,-34.6122,-34.5775,59158400.0
1990-06-05,-34.5671,-34.5636,-34.6296,-34.621,80256000.0
1990-06-06,-34.6226,-34.6053,-34.6331,-34.6261,86288000.0
1990-06-07,-34.6226,-34.6157,-34.6539,-34.64,90118400.0
1990-06-08,-34.64,-34.6157,-34.6469,-34.6192,63766400.0
1990-06-11,-34.6261,-34.5914,-34.6261,-34.6001,58236800.0
1990-06-12,-34.5914,-34.5844,-34.6053,-34.5863,46656000.0
1990-06-13,-34.5863,-34.5601,-34.5967,-34.5775,80265600.0
1990-06-14,-34.5775,-34.574,-34.6088,-34.5914,58204800.0
1990-06-15,-34.6053,-34.5706,-34.6053,-34.5844,51552000.0
1990-06-18,-34.5879,-34.581,-34.6053,-34.6001,52790400.0
1990-06-19,-34.6018,-34.5914,-34.6157,-34.5983,41715200.0
1990-06-20,-34.5932,-34.5601,-34.5983,-34.5619,39561600.0
1990-06-21,-34.5636,-34.5601,-34.5844,-34.5706,34304000.0
1990-06-22,-34.5671,-34.5601,-34.5914,-34.5879,34032000.0
1990-06-25,-34.5897,-34.5775,-34.6088,-34.6053,68979200.0
1990-06-26,-34.5949,-34.5897,-34.6053,-34.6018,50198400.0
1990-06-27,-34.6018,-34.5775,-34.6053,-34.581,35760000.0
1990-06-28,-34.5758,-34.5671,-34.5828,-34.5775,30051200.0
1990-06-29,-34.5775,-34.5775,-34.5949,-34.5844,34953600.0
1990-07-02,-34.5844,-34.5844,-34.6175,-34.6157,35472000.0
1990-07-03,-34.621,-34.6192,-34.6469,-34.64,79257600.0
1990-07-05,-34.6469,-34.6331,-34.6574,-34.6365,61852800.0
1990-07-06,-34.6383,-34.6122,-34.6435,-34.6226,41801600.0
1990-07-09,-34.6192,-34.6018,-34.6226,-34.6088,37315200.0
1990-07-10,-34.6088,-34.5983,-34.6192,-34.6157,29696000.0
1990-07-11,-34.6122,-34.5879,-34.6226,-34.5914,28918400.0
1990-07-12,-34.5949,-34.5601,-34.5949,-34.5636,89040000.0
1990-07-13,-34.5601,-34.5219,-34.5636,-34.5515,93628800.0
1990-07-16,-34.5463,-34.5185,-34.5497,-34.5393,48729600.0
1990-07-17,-34.5376,-34.5358,-34.5706,-34.5601,54473600.0
1990-07-18,-34.5671,-34.5601,-34.5914,-34.5844,41849600.0
1990-07-19,-34.5932,-34.574,-34.6157,-34.574,63132800.0
1990-07-20,-34.5706,-34.5532,-34.6261,-34.6226,87724800.0
1990-07-23,-34.6226,-34.6122,-34.6504,-34.64,74201600.0
1990-07-24,-34.6331,-34.6331,-34.7129,-34.6747,137100800.0
1990-07-25,-34.6678,-34.6435,-34.6851,-34.6469,60147200.0
1990-07-26,-34.6504,-34.6122,-34.7233,-34.6851,303321600.0
1990-07-27,-34.6886,-34.6678,-34.699,-34.6817,51017600.0
1990-07-30,-34.6886,-34.6817,-34.7268,-34.6956,87955200.0
1990-07-31,-34.6921,-34.6869,-34.7233,-34.7164,42307200.0
1990-08-01,-34.7199,-34.706,-34.7546,-34.7129,111113600.0
1990-08-02,-34.7303,-34.7129,-34.7476,-34.7233,91769600.0
1990-08-03,-34.7303,-34.7268,-34.8014,-34.7615,117177600.0
1990-08-06,-34.7858,-34.7789,-34.8275,-34.7997,113184000.0
1990-08-07,-34.7893,-34.7754,-34.8067,-34.7893,91065600.0
1990-08-08,-34.7719,-34.7511,-34.7789,-34.7581,86259200.0
1990-08-09,-34.7511,-34.7268,-34.7615,-34.7356,77052800.0
1990-08-10,-34.7356,-34.7268,-34.7685,-34.7442,73184000.0
1990-08-13,-34.7546,-34.7303,-34.7615,-34.7372,53942400.0
1990-08-14,-34.7338,-34.7251,-34.7546,-34.7476,33708800.0
1990-08-15,-34.7407,-34.7268,-34.7476,-34.7476,51408000.0
1990-08-16,-34.7511,-34.7442,-34.7824,-34.7824,53328000.0
1990-08-17,-34.7928,-34.7824,-34.8067,-34.8032,95225600.0
1990-08-20,-34.8032,-34.7997,-34.8692,-34.8692,113600000.0
1990-08-21,-34.8865,-34.8796,-34.9351,-34.8865,165648000.0
1990-08-22,-34.8761,-34.8692,-34.8986,-34.8935,79232000.0
1990-08-23,-34.9108,-34.8935,-34.9317,-34.9213,107443200.0
1990-08-24,-34.9143,-34.8379,-34.9143,-34.8449,95443200.0
1990-08-27,-34.8206,-34.7893,-34.8206,-34.7963,110115200.0
1990-08-28,-34.8032,-34.7615,-34.8067,-34.7667,79824000.0
1990-08-29,-34.7719,-34.7546,-34.8067,-34.7997,77952000.0
1990-08-30,-34.7963,-34.7736,-34.8067,-34.8067,65379200.0
1990-08-31,-34.8067,-34.7789,-34.8171,-34.7858,40736000.0
1990-09-04,-34.7928,-34.7719,-34.7963,-34.7754,47376000.0
1990-09-05,-34.7719,-34.765,-34.8275,-34.8206,54675200.0
1990-09-06,-34.8344,-34.8275,-34.8588,-34.8414,115616000.0
1990-09-07,-34.8483,-34.8206,-34.8553,-34.8379,53702400.0
1990-09-10,-34.824,-34.8067,-34.8657,-34.8657,74246400.0
1990-09-11,-34.8622,-34.8553,-34.8831,-34.8692,78867200.0
1990-09-12,-34.8588,-34.8379,-34.8657,-34.8431,75014400.0
1990-09-13,-34.8344,-34.8275,-34.8483,-34.8414,49865600.0
1990-09-14,-34.8483,-34.8032,-34.8569,-34.8101,67670400.0
1990-09-17,-34.8136,-34.7824,-34.8171,-34.7963,70390400.0
1990-09-18,-34.7979,-34.7736,-34.8101,-34.7824,60636800.0
1990-09-19,-34.765,-34.7615,-34.7824,-34.7789,52694400.0
1990-09-20,-34.7858,-34.7789,-34.8101,-34.8101,52444800.0
1990-09-21,-34.8101,-34.7963,-34.8275,-34.7997,79891200.0
1990-09-24,-34.8136,-34.8067,-34.8414,-34.8275,81436800.0
1990-09-25,-34.8118,-34.7997,-34.824,-34.8014,53308800.0
1990-09-26,-34.7997,-34.7963,-34.8136,-34.8032,39267200.0
1990-09-27,-34.7928,-34.7858,-34.831,-34.8171,65724800.0
1990-09-28,-34.831,-34.7581,-34.8344,-34.765,97980800.0
1990-10-01,-34.7407,-34.7025,-34.7442,-34.7078,131619200.0
1990-10-02,-34.6921,-34.6886,-34.7303,-34.7251,83465600.0
1990-10-03,-34.7303,-34.7043,-34.7338,-34.7268,57600000.0
1990-10-04,-34.7338,-34.7268,-34.7511,-34.7494,69292800.0
1990-10-05,-34.765,-34.7268,-34.7754,-34.7407,82099200.0
1990-10-08,-34.7233,-34.7164,-34.7442,-34.7233,38678400.0
1990-10-09,-34.7338,-34.7233,-34.7719,-34.765,66374400.0
1990-10-10,-34.7789,-34.7754,-34.8206,-34.8136,115593600.0
1990-10-11,-34.8101,-34.8032,-34.8483,-34.8344,83811200.0
1990-10-12,-34.8275,-34.824,-34.89,-34.8483,109251200.0
1990-10-15,-34.8379,-34.8344,-34.8692,-34.8553,130332800.0
1990-10-16,-34.8518,-34.8396,-34.89,-34.8813,300886400.0
1990-10-17,-34.8796,-34.8518,-34.8969,-34.8553,135820800.0
1990-10-18,-34.8483,-34.7858,-34.8518,-34.791,123737600.0
1990-10-19,-34.7789,-34.7615,-34.7997,-34.7789,170336000.0
1990-10-22,-34.7789,-34.7407,-34.7824,-34.7511,80294400.0
1990-10-23,-34.7546,-34.7268,-34.7615,-34.7476,71884800.0
1990-10-24,-34.7581,-34.7303,-34.7615,-34.7321,54732800.0
1990-10-25,-34.7303,-34.7199,-34.7511,-34.7407,51497600.0
1990-10-26,-34.7546,-34.7442,-34.7615,-34.7597,59126400.0
1990-10-29,-34.7546,-34.7476,-34.7789,-34.7719,67881600.0
1990-10-30,-34.7719,-34.7476,-34.7789,-34.7528,52563200.0
1990-10-31,-34.7442,-34.7338,-34.7546,-34.7546,61200000.0
1990-11-01,-34.765,-34.7476,-34.7685,-34.7581,49440000.0
1990-11-02,-34.7581,-34.7268,-34.7615,-34.7372,74764800.0
1990-11-05,-34.7338,-34.7233,-34.7407,-34.7286,50700800.0
1990-11-06,-34.7268,-34.7164,-34.7581,-34.7476,59212800.0
1990-11-07,-34.7546,-34.7407,-34.7581,-34.7546,63100800.0
1990-11-08,-34.7581,-34.7407,-34.765,-34.7581,43462400.0
1990-11-09,-34.7407,-34.7303,-34.7442,-34.7407,43344000.0
1990-11-12,-34.7233,-34.6782,-34.7233,-34.6835,87657600.0
1990-11-13,-34.6851,-34.6747,-34.699,-34.6869,67654400.0
1990-11-14,-34.6886,-34.6678,-34.6921,-34.6747,59721600.0
1990-11-15,-34.6817,-34.6782,-34.706,-34.6974,63129600.0
1990-11-16,-34.7025,-34.6851,-34.706,-34.6956,67075200.0
1990-11-19,-34.6956,-34.6713,-34.6956,-34.6747,45552000.0
1990-11-20,-34.6782,-34.6608,-34.6939,-34.6921,68864000.0
1990-11-21,-34.6956,-34.6817,-34.7094,-34.6851,60739200.0
1990-11-23,-34.6782,-34.6643,-34.6886,-34.6851,22060800.0
1990-11-26,-34.6886,-34.6608,-34.699,-34.6643,47577600.0
1990-11-27,-34.6608,-34.6365,-34.6713,-34.6418,63417600.0
1990-11-28,-34.6365,-34.6296,-34.6643,-34.6626,77619200.0
1990-11-29,-34.6643,-34.6504,-34.6713,-34.6504,65865600.0
1990-11-30,-34.6504,-34.6088,-34.6608,-34.6365,72163200.0
1990-12-03,-34.6226,-34.6053,-34.6296,-34.614,68240000.0
1990-12-04,-34.6192,-34.5949,-34.6261,-34.6053,54547200.0
1990-12-05,-34.6053,-34.5879,-34.6088,-34.5949,68630400.0
1990-12-06,-34.581,-34.574,-34.6122,-34.6018,108201600.0
1990-12-07,-34.6088,-34.5949,-34.6365,-34.6088,81920000.0
1990-12-10,-34.6226,-34.5932,-34.6296,-34.6122,55526400.0
1990-12-11,-34.6226,-34.6053,-34.64,-34.6383,61766400.0
1990-12-12,-34.6435,-34.6296,-34.6608,-34.6331,71558400.0
1990-12-13,-34.6261,-34.6192,-34.6435,-34.6296,50707200.0
1990-12-14,-34.6261,-34.6088,-34.6331,-34.6175,48633600.0
1990-12-17,-34.6261,-34.6088,-34.6331,-34.6122,27286400.0
1990-12-18,-34.6053,-34.5879,-34.6088,-34.5949,51872000.0
1990-12-19,-34.5932,-34.5879,-34.6018,-34.6001,34262400.0
1990-12-20,-34.6088,-34.5844,-34.6122,-34.5914,46992000.0
1990-12-21,-34.5879,-34.5844,-34.5949,-34.5879,33468800.0
1990-12-24,-34.5914,-34.5914,-34.6018,-34.5949,13548800.0
1990-12-26,-34.5949,-34.5879,-34.6053,-34.5983,16214400.0
1990-12-27,-34.5983,-34.5949,-34.6053,-34.6018,22627200.0
1990-12-28,-34.6053,-34.5949,-34.6088,-34.5983,20265600.0
1990-12-31,-34.5983,-34.5949,-34.6053,-34.5949,23702400.0
1991-01-02,-34.5983,-34.5949,-34.6018,-34.6018,38105600.0
1991-01-03,-34.6018,-34.5844,-34.6018,-34.5949,52822400.0
1991-01-04,-34.5983,-34.5775,-34.5983,-34.5863,58483200.0
1991-01-07,-34.5949,-34.5601,-34.6018,-34.6001,87552000.0
1991-01-08,-34.6018,-34.5949,-34.6261,-34.6192,76438400.0
1991-01-09,-34.6122,-34.5879,-34.6192,-34.6122,115622400.0
1991-01-10,-34.6088,-34.5463,-34.6088,-34.5532,123888000.0
1991-01-11,-34.5497,-34.5428,-34.574,-34.5567,62006400.0
1991-01-14,-34.5671,-34.5636,-34.5914,-34.574,58656000.0
1991-01-15,-34.574,-34.5358,-34.574,-34.5515,83436800.0
1991-01-16,-34.5497,-34.489,-34.5532,-34.4976,139913600.0
1991-01-17,-34.4456,-34.4421,-34.4768,-34.4733,163526400.0
1991-01-18,-34.4942,-34.4525,-34.4976,-34.456,103030400.0
1991-01-21,-34.4647,-34.39,-34.4647,-34.3969,154512000.0
1991-01-22,-34.3953,-34.3761,-34.4265,-34.4057,113715200.0
1991-01-23,-34.4143,-34.3865,-34.4143,-34.4039,77081600.0
1991-01-24,-34.4004,-34.3779,-34.4074,-34.3831,86083200.0
1991-01-25,-34.3796,-34.3761,-34.4039,-34.3969,86889600.0
1991-01-28,-34.4039,-34.3344,-34.4039,-34.3588,130985600.0
1991-01-29,-34.3588,-34.3293,-34.39,-34.3553,146979200.0
1991-01-30,-34.3553,-34.2997,-34.3692,-34.3032,148582400.0
1991-01-31,-34.2997,-34.2581,-34.3067,-34.2772,111417600.0
1991-02-01,-34.265,-34.2372,-34.2893,-34.2546,117878400.0
1991-02-04,-34.2511,-34.2407,-34.2789,-34.2633,88233600.0
1991-02-05,-34.2615,-34.2233,-34.2789,-34.2338,88736000.0
1991-02-06,-34.2372,-34.1608,-34.2442,-34.1713,106348800.0
1991-02-07,-34.1643,-34.1261,-34.2199,-34.2094,133462400.0
1991-02-08,-34.2094,-34.1851,-34.2268,-34.1956,74230400.0
1991-02-11,-34.1939,-34.1886,-34.2199,-34.1921,152336000.0
1991-02-12,-34.206,-34.1851,-34.2164,-34.206,96204800.0
1991-02-13,-34.2164,-34.1731,-34.2268,-34.1747,95491200.0
1991-02-14,-34.1782,-34.1747,-34.265,-34.2407,133702400.0
1991-02-15,-34.2303,-34.1921,-34.2338,-34.206,115449600.0
1991-02-19,-34.2199,-34.2025,-34.2303,-34.2164,66560000.0
1991-02-20,-34.2268,-34.1956,-34.2303,-34.2129,52550400.0
1991-02-21,-34.2094,-34.2025,-34.2511,-34.2511,68275200.0
1991-02-22,-34.2546,-34.1886,-34.2546,-34.2199,105340800.0
1991-02-25,-34.206,-34.1956,-34.2303,-34.2094,88521600.0
1991-02-26,-34.2303,-34.2164,-34.2442,-34.2268,55539200.0
1991-02-27,-34.2199,-34.1713,-34.2338,-34.1782,87670400.0
1991-02-28,-34.1678,-34.1643,-34.206,-34.199,55008000.0
1991-03-01,-34.2094,-34.1643,-34.2233,-34.1713,77721600.0
1991-03-04,-34.1713,-34.1469,-34.1886,-34.1539,47020800.0
1991-03-05,-34.1504,-34.0775,-34.1539,-34.0914,76352000.0
1991-03-06,-34.0775,-34.0706,-34.1574,-34.1504,101088000.0
1991-03-07,-34.1921,-34.1469,-34.2025,-34.1956,165388800.0
1991-03-08,-34.1886,-34.1678,-34.2268,-34.2164,134697600.0
1991-03-11,-34.2268,-34.2164,-34.2824,-34.2615,160966400.0
1991-03-12,-34.2754,-34.2668,-34.3119,-34.3101,152883200.0
1991-03-13,-34.3067,-34.2356,-34.3067,-34.2442,110265600.0
1991-03-14,-34.2303,-34.2303,-34.2928,-34.2789,100214400.0
1991-03-15,-34.2754,-34.2685,-34.3032,-34.2981,76928000.0
1991-03-18,-34.3032,-34.2546,-34.3067,-34.2615,66214400.0
1991-03-19,-34.2754,-34.2372,-34.2963,-34.265,92505600.0
1991-03-20,-34.265,-34.2372,-34.2685,-34.265,83216000.0
1991-03-21,-34.2581,-34.2407,-34.3344,-34.324,119187200.0
1991-03-22,-34.3275,-34.3136,-34.3483,-34.3379,95686400.0
1991-03-25,-34.3344,-34.2685,-34.3344,-34.2754,59820800.0
1991-03-26,-34.2685,-34.1782,-34.2685,-34.18,89926400.0
1991-03-27,-34.1817,-34.1226,-34.1817,-34.1435,91932800.0
1991-03-28,-34.1504,-34.1365,-34.1678,-34.1661,30489600.0
1991-04-01,-34.1678,-34.1435,-34.1886,-34.1574,59203200.0
1991-04-02,-34.1469,-34.0775,-34.1574,-34.081,96252800.0
1991-04-03,-34.074,-34.0185,-34.074,-34.0601,91776000.0
1991-04-04,-34.0567,-34.0185,-34.074,-34.0601,73846400.0
1991-04-05,-34.0567,-34.0532,-34.1261,-34.1122,108912000.0
1991-04-08,-34.1122,-34.0671,-34.1192,-34.0932,46524800.0
1991-04-09,-34.0914,-34.0671,-34.1157,-34.1088,60768000.0
1991-04-10,-34.1157,-34.1088,-34.1747,-34.1469,74336000.0
1991-04-11,-34.1331,-34.0914,-34.14,-34.0983,47936000.0
1991-04-12,-34.1192,-34.1122,-34.199,-34.1504,176729600.0
1991-04-15,-34.1678,-34.0532,-34.1817,-34.0601,88819200.0
1991-04-16,-34.0601,-34.0497,-34.1122,-34.081,81331200.0
1991-04-17,-34.0567,-34.0081,-34.0967,-34.0914,128380800.0
1991-04-18,-34.0949,-34.0844,-34.14,-34.1122,88083200.0
1991-04-19,-34.1643,-34.1192,-34.1817,-34.1504,96585600.0
1991-04-22,-34.1678,-34.1643,-34.2268,-34.2217,139708800.0
1991-04-23,-34.2199,-34.2094,-34.2442,-34.2286,103910400.0
1991-04-24,-34.2303,-34.1851,-34.2442,-34.2094,82128000.0
1991-04-25,-34.2164,-34.199,-34.2442,-34.2407,65705600.0
1991-04-26,-34.2476,-34.2199,-34.2685,-34.2407,88371200.0
1991-04-29,-34.2338,-34.2303,-34.2824,-34.2824,71254400.0
1991-04-30,-34.2824,-34.2615,-34.3067,-34.265,115174400.0
1991-05-01,-34.2719,-34.2407,-34.2928,-34.2407,111628800.0
1991-05-02,-34.2338,-34.2164,-34.2476,-34.2442,66886400.0
1991-05-03,-34.2442,-34.2338,-34.2546,-34.2338,23043200.0
1991-05-06,-34.2442,-34.206,-34.2476,-34.2129,44755200.0
1991-05-07,-34.206,-34.199,-34.2338,-34.2338,50902400.0
1991-05-08,-34.2372,-34.206,-34.2476,-34.2094,57590400.0
1991-05-09,-34.206,-34.1678,-34.2129,-34.1713,76294400.0
1991-05-10,-34.1643,-34.1539,-34.2233,-34.2129,52070400.0
1991-05-13,-34.206,-34.199,-34.2338,-34.2078,68745600.0
1991-05-14,-34.2147,-34.206,-34.2407,-34.2338,58812800.0
1991-05-15,-34.2476,-34.2442,-34.2981,-34.2789,111158400.0
1991-05-16,-34.2615,-34.2511,-34.2719,-34.2599,70243200.0
1991-05-17,-34.265,-34.2581,-34.2789,-34.2615,44812800.0
1991-05-20,-34.2581,-34.2511,-34.2824,-34.2633,65936000.0
1991-05-21,-34.2546,-34.206,-34.2581,-34.2233,83568000.0
1991-05-22,-34.2129,-34.1574,-34.2199,-34.1574,88780800.0
1991-05-23,-34.1539,-34.1157,-34.1539,-34.1192,67750400.0
1991-05-24,-34.1122,-34.0775,-34.1192,-34.1122,67929600.0
1991-05-28,-34.1053,-34.0879,-34.1122,-34.1018,43939200.0
1991-05-29,-34.0949,-34.0844,-34.1157,-34.1088,64198400.0
1991-05-30,-34.1106,-34.0879,-34.1261,-34.1088,61833600.0
1991-05-31,-34.1053,-34.0983,-34.14,-34.1157,81782400.0
1991-06-03,-34.1192,-34.081,-34.1261,-34.0844,46947200.0
1991-06-04,-34.0844,-34.0636,-34.1053,-34.0706,35033600.0
1991-06-05,-34.0775,-34.0532,-34.0844,-34.0844,41385600.0
1991-06-06,-34.074,-34.0706,-34.1053,-34.0967,32678400.0
1991-06-07,-34.1157,-34.1088,-34.1296,-34.1088,51984000.0
1991-06-10,-34.1088,-34.0983,-34.1157,-34.1053,29494400.0
1991-06-11,-34.0983,-34.0706,-34.1053,-34.1036,41846400.0
1991-06-12,-34.1018,-34.081,-34.1088,-34.0967,51065600.0
1991-06-13,-34.0983,-34.081,-34.1053,-34.0983,38000000.0
1991-06-14,-34.0949,-34.0601,-34.0983,-34.0636,46358400.0
1991-06-17,-34.0601,-34.0463,-34.0775,-34.0636,29417600.0
1991-06-18,-34.0671,-34.0636,-34.1157,-34.0914,46848000.0
1991-06-19,-34.1157,-34.1157,-34.2094,-34.2043,157036800.0
1991-06-20,-34.2372,-34.2268,-34.265,-34.2407,187996800.0
1991-06-21,-34.2338,-34.2094,-34.2338,-34.2199,67680000.0
1991-06-24,-34.2372,-34.2303,-34.2858,-34.2772,79692800.0
1991-06-25,-34.2615,-34.2476,-34.2789,-34.2685,97228800.0
1991-06-26,-34.265,-34.2303,-34.2754,-34.2407,96636800.0
1991-06-27,-34.2285,-34.2181,-34.2494,-34.2233,56508800.0
1991-06-28,-34.2285,-34.2077,-34.2754,-34.2208,61526400.0
1991-07-01,-34.2077,-34.1479,-34.2285,-34.1531,72387200.0
1991-07-02,-34.1556,-34.1348,-34.2233,-34.2208,43920000.0
1991-07-03,-34.2963,-34.2858,-34.3535,-34.3067,191628800.0
1991-07-05,-34.3119,-34.3119,-34.3588,-34.3535,78758400.0
1991-07-08,-34.3744,-34.239,-34.3796,-34.2442,109184000.0
1991-07-09,-34.2338,-34.2077,-34.2546,-34.226,76947200.0
1991-07-10,-34.2181,-34.2077,-34.2858,-34.2806,67308800.0
1991-07-11,-34.2702,-34.2494,-34.2858,-34.2598,51148800.0
1991-07-12,-34.2442,-34.2129,-34.265,-34.2233,35174400.0
1991-07-15,-34.2077,-34.1765,-34.2129,-34.1844,36761600.0
1991-07-16,-34.1817,-34.1817,-34.2338,-34.2338,42732800.0
1991-07-17,-34.2702,-34.2285,-34.2858,-34.2285,40524800.0
1991-07-18,-34.2233,-34.1973,-34.2494,-34.2442,25654400.0
1991-07-19,-34.2338,-34.2233,-34.265,-34.2285,24441600.0
1991-07-22,-34.2494,-34.2077,-34.2546,-34.2338,35136000.0
1991-07-23,-34.2233,-34.2181,-34.2546,-34.2546,35596800.0
1991-07-24,-34.2442,-34.239,-34.2858,-34.2754,54320000.0
1991-07-25,-34.2442,-34.2233,-34.2677,-34.265,90211200.0
1991-07-26,-34.2442,-34.1452,-34.2494,-34.1608,149292800.0
1991-07-29,-34.1608,-34.1556,-34.2077,-34.1765,136467200.0
1991-07-30,-34.1713,-34.1192,-34.1869,-34.1244,78038400.0
1991-07-31,-34.1192,-34.0983,-34.1244,-34.1088,111628800.0
1991-08-01,-34.1035,-34.0983,-34.1192,-34.114,53942400.0
1991-08-02,-34.1035,-34.0827,-34.114,-34.114,81369600.0
1991-08-05,-34.114,-34.114,-34.1452,-34.1348,28252800.0
1991-08-06,-34.1348,-34.0775,-34.1348,-34.0879,53097600.0
1991-08-07,-34.0827,-34.0463,-34.0879,-34.0567,69235200.0
1991-08-08,-34.0567,-33.989,-34.0567,-33.9942,91852800.0
1991-08-09,-33.9994,-33.9317,-34.0098,-33.9577,114806400.0
1991-08-12,-33.9785,-33.8952,-33.9785,-33.9108,56899200.0
1991-08-13,-33.8952,-33.8952,-33.9265,-33.9213,94496000.0
1991-08-14,-33.916,-33.9004,-33.9317,-33.9213,67008000.0
1991-08-15,-33.9213,-33.9056,-33.9525,-33.9421,45459200.0
1991-08-16,-33.9577,-33.924,-33.9681,-33.9369,52073600.0
1991-08-19,-34.0254,-33.9473,-34.0358,-33.9681,85424000.0
1991-08-20,-33.9604,-33.9344,-33.9733,-33.9629,57324800.0
1991-08-21,-33.9317,-33.8796,-33.9369,-33.89,73212800.0
1991-08-22,-33.8848,-33.864,-33.9056,-33.89,43625600.0
1991-08-23,-33.89,-33.8379,-33.89,-33.864,43161600.0
1991-08-26,-33.8744,-33.864,-33.9004,-33.864,44134400.0
1991-08-27,-33.8744,-33.8692,-33.89,-33.8744,34204800.0
1991-08-28,-33.8744,-33.8327,-33.8796,-33.8563,41558400.0
1991-08-29,-33.8483,-33.8379,-33.8692,-33.8535,27974400.0
1991-08-30,-33.8535,-33.8431,-33.8796,-33.864,22032000.0
1991-09-03,-33.8692,-33.8692,-33.9213,-33.9083,33494400.0
1991-09-04,-33.9056,-33.9004,-33.9525,-33.9188,38467200.0
1991-09-05,-33.9108,-33.9108,-33.9733,-33.9629,58457600.0
1991-09-06,-33.9525,-33.9265,-33.9681,-33.9577,50787200.0
1991-09-09,-33.9577,-33.9421,-33.9681,-33.9577,31913600.0
1991-09-10,-33.9317,-33.9213,-33.9733,-33.9733,65936000.0
1991-09-11,-33.9629,-33.9265,-33.9629,-33.9317,64032000.0
1991-09-12,-33.9108,-33.8535,-33.9108,-33.8563,53808000.0
1991-09-13,-33.8588,-33.8535,-33.9213,-33.9108,51360000.0
1991-09-16,-33.9108,-33.9004,-33.9265,-33.9108,21686400.0
1991-09-17,-33.916,-33.8744,-33.9317,-33.8796,23366400.0
1991-09-18,-33.89,-33.8588,-33.8952,-33.8744,26940800.0
1991-09-19,-33.8692,-33.8223,-33.8744,-33.8431,51363200.0
1991-09-20,-33.8327,-33.8275,-33.8483,-33.8379,30316800.0
1991-09-23,-33.8431,-33.8379,-33.8796,-33.8719,49769600.0
1991-09-24,-33.864,-33.8015,-33.864,-33.8067,47625600.0
1991-09-25,-33.8067,-33.799,-33.8379,-33.8119,25766400.0
1991-09-26,-33.8171,-33.765,-33.8223,-33.7806,48000000.0
1991-09-27,-33.7754,-33.7754,-33.8119,-33.8015,33273600.0
1991-09-30,-33.8015,-33.7754,-33.8275,-33.7858,27699200.0
1991-10-01,-33.7858,-33.7806,-33.8067,-33.7885,19625600.0
1991-10-02,-33.7963,-33.7546,-33.8431,-33.8275,67219200.0
1991-10-03,-33.8379,-33.8015,-33.8431,-33.8171,34630400.0
1991-10-04,-33.8067,-33.7858,-33.8171,-33.8042,26457600.0
1991-10-07,-33.8223,-33.7885,-33.8327,-33.7963,27187200.0
1991-10-08,-33.8067,-33.7754,-33.8067,-33.7806,37708800.0
1991-10-09,-33.7754,-33.739,-33.7806,-33.7754,60931200.0
1991-10-10,-33.7546,-33.7546,-33.7963,-33.7702,42048000.0
1991-10-11,-33.7494,-33.7442,-33.8119,-33.7729,69920000.0
1991-10-14,-33.765,-33.7181,-33.765,-33.7181,50624000.0
1991-10-15,-33.7181,-33.7181,-33.7494,-33.7365,57852800.0
1991-10-16,-33.7338,-33.7338,-33.7677,-33.7494,100198400.0
1991-10-17,-33.7494,-33.7494,-33.7963,-33.7806,95561600.0
1991-10-18,-33.765,-33.739,-33.7702,-33.765,37843200.0
1991-10-21,-33.765,-33.7338,-33.7702,-33.7442,28704000.0
1991-10-22,-33.7338,-33.7077,-33.739,-33.7365,32496000.0
1991-10-23,-33.7285,-33.7233,-33.7702,-33.7598,36723200.0
1991-10-24,-33.7546,-33.7546,-33.7806,-33.7598,26940800.0
1991-10-25,-33.7598,-33.7494,-33.7806,-33.7754,28080000.0
1991-10-28,-33.7754,-33.7598,-33.8119,-33.7598,37952000.0
1991-10-29,-33.7598,-33.7494,-33.7702,-33.7494,36521600.0
1991-10-30,-33.7494,-33.666,-33.7494,-33.6713,65590400.0
1991-10-31,-33.6713,-33.6556,-33.6973,-33.6844,41091200.0
1991-11-01,-33.6921,-33.6869,-33.7233,-33.7104,34294400.0
1991-11-04,-33.7181,-33.7129,-33.7494,-33.7442,28838400.0
1991-11-05,-33.739,-33.6713,-33.7442,-33.6869,51737600.0
1991-11-06,-33.6817,-33.6504,-33.6973,-33.6556,38307200.0
1991-11-07,-33.6504,-33.6452,-33.6713,-33.666,20892800.0
1991-11-08,-33.6608,-33.6244,-33.6608,-33.6556,36492800.0
1991-11-11,-33.64,-33.5983,-33.6479,-33.6088,40563200.0
1991-11-12,-33.5931,-33.541,-33.5983,-33.5594,80035200.0
1991-11-13,-33.5671,-33.5202,-33.5827,-33.5358,57523200.0
1991-11-14,-33.5254,-33.5254,-33.5827,-33.5723,44371200.0
1991-11-15,-33.5775,-33.5463,-33.666,-33.6608,71590400.0
1991-11-18,-33.6556,-33.6035,-33.6608,-33.614,72432000.0
1991-11-19,-33.6348,-33.6115,-33.6765,-33.6348,71974400.0
1991-11-20,-33.6192,-33.6088,-33.64,-33.6296,36441600.0
1991-11-21,-33.6348,-33.614,-33.6452,-33.614,35558400.0
1991-11-22,-33.6192,-33.6088,-33.6556,-33.64,38102400.0
1991-11-25,-33.6452,-33.6192,-33.6556,-33.6479,33724800.0
1991-11-26,-33.6375,-33.6348,-33.7077,-33.6713,58809600.0
1991-11-27,-33.6765,-33.6504,-33.6817,-33.6556,15008000.0
1991-11-29,-33.666,-33.6035,-33.666,-33.614,20524800.0
1991-12-02,-33.6348,-33.5254,-33.64,-33.5306,55852800.0
1991-12-03,-33.5358,-33.4994,-33.5671,-33.5281,64995200.0
1991-12-04,-33.5202,-33.4942,-33.5567,-33.515,36297600.0
1991-12-05,-33.5202,-33.5098,-33.541,-33.5202,24892800.0
1991-12-06,-33.5254,-33.4473,-33.5358,-33.4681,51580800.0
1991-12-09,-33.489,-33.4785,-33.5306,-33.515,57718400.0
1991-12-10,-33.515,-33.515,-33.5567,-33.5202,46252800.0
1991-12-11,-33.5125,-33.4994,-33.5671,-33.541,39132800.0
1991-12-12,-33.5358,-33.489,-33.5463,-33.515,36979200.0
1991-12-13,-33.5098,-33.4994,-33.5254,-33.515,26192000.0
1991-12-16,-33.515,-33.5098,-33.541,-33.5125,27225600.0
1991-12-17,-33.515,-33.4838,-33.5515,-33.5177,27478400.0
1991-12-18,-33.515,-33.489,-33.5306,-33.4969,33561600.0
1991-12-19,-33.5073,-33.489,-33.5306,-33.4994,38115200.0
1991-12-20,-33.4733,-33.4525,-33.5098,-33.489,35356800.0
1991-12-23,-33.489,-33.416,-33.5046,-33.416,46112000.0
1991-12-24,-33.416,-33.4004,-33.4317,-33.4265,23993600.0
1991-12-26,-33.4265,-33.3848,-33.4369,-33.3927,24326400.0
1991-12-27,-33.3848,-33.3171,-33.3952,-33.3406,36656000.0
1991-12-30,-33.3379,-33.3223,-33.3588,-33.3327,35523200.0
1991-12-31,-33.3327,-33.3067,-33.3744,-33.3223,40512000.0
1992-01-02,-33.3327,-33.2494,-33.3588,-33.265,74265600.0
1992-01-03,-33.265,-33.2598,-33.3119,-33.2858,38246400.0
1992-01-06,-33.2806,-33.1869,-33.299,-33.2129,63056000.0
1992-01-07,-33.2129,-33.1348,-33.2285,-33.14,64361600.0
1992-01-08,-33.1608,-33.0202,-33.166,-33.0515,90761600.0
1992-01-09,-33.0515,-32.9525,-33.0567,-32.989,88348800.0
1992-01-10,-32.9942,-32.9785,-33.0567,-33.0306,64640000.0
1992-01-13,-33.0567,-32.955,-33.0827,-32.9917,52803200.0
1992-01-14,-32.9838,-32.9629,-33.015,-32.9681,44006400.0
1992-01-15,-32.9577,-32.864,-32.9681,-32.9004,65292800.0
1992-01-16,-32.9056,-32.89,-32.9838,-32.9785,58761600.0
1992-01-17,-32.9785,-32.9421,-33.0619,-33.0046,85027200.0
1992-01-20,-32.989,-32.989,-33.0879,-33.0879,58860800.0
1992-01-21,-33.0931,-33.0775,-33.2233,-33.1531,120019200.0
1992-01-22,-33.14,-33.0254,-33.1608,-33.0254,56131200.0
1992-01-23,-33.0254,-32.9446,-33.0619,-33.0358,75590400.0
1992-01-24,-33.0463,-33.0254,-33.0567,-33.0438,37756800.0
1992-01-27,-33.041,-33.0254,-33.1296,-33.1271,46233600.0
1992-01-28,-33.1192,-33.1035,-33.2233,-33.1244,95539200.0
1992-01-29,-33.0879,-33.0202,-33.1035,-33.0463,97344000.0
1992-01-30,-33.0463,-33.041,-33.1088,-33.0671,41923200.0
1992-01-31,-33.0671,-33.0619,-33.1452,-33.1348,49948800.0
1992-02-03,-33.1765,-33.0254,-33.1921,-33.0358,80265600.0
1992-02-04,-33.0306,-33.015,-33.0879,-33.0463,58438400.0
1992-02-05,-33.041,-32.9629,-33.0671,-32.989,71212800.0
1992-02-06,-33.0046,-32.9525,-33.0202,-33.0098,62355200.0
1992-02-07,-33.0098,-32.9838,-33.0567,-33.0202,36499200.0
1992-02-10,-33.0229,-33.015,-33.0983,-33.0463,41369600.0
1992-02-11,-33.0515,-33.041,-33.1088,-33.0879,41078400.0
1992-02-12,-33.1688,-32.9994,-33.1688,-33.0202,83340800.0
1992-02-13,-33.0254,-33.0046,-33.1088,-33.0879,97356800.0
1992-02-14,-33.0931,-33.0879,-33.1817,-33.1713,82630400.0
1992-02-18,-33.1556,-33.0931,-33.1817,-33.1765,73692800.0
1992-02-19,-33.1817,-33.1817,-33.2754,-33.2417,145372800.0
1992-02-20,-33.2233,-33.1556,-33.2285,-33.1921,74323200.0
1992-02-21,-33.2025,-33.1713,-33.2702,-33.2546,91116800.0
1992-02-24,-33.2546,-33.2129,-33.2858,-33.2469,59049600.0
1992-02-25,-33.2442,-33.2129,-33.2806,-33.2285,57388800.0
1992-02-26,-33.2233,-33.0983,-33.2233,-33.0983,100668800.0
1992-02-27,-33.0827,-33.0306,-33.0827,-33.0385,79577600.0
1992-02-28,-33.0358,-33.0046,-33.0931,-33.0671,58275200.0
1992-03-02,-33.0619,-33.0202,-33.1035,-33.0775,34876800.0
1992-03-03,-33.0671,-33.0306,-33.0879,-33.0723,27734400.0
1992-03-04,-33.0723,-33.0515,-33.1035,-33.0879,33084800.0
1992-03-05,-33.0879,-33.0723,-33.1556,-33.114,55689600.0
1992-03-06,-33.1244,-33.0983,-33.2077,-33.1765,61865600.0
1992-03-09,-33.166,-33.1296,-33.1765,-33.1608,30425600.0
1992-03-10,-33.1504,-33.0827,-33.1556,-33.1035,45478400.0
1992-03-11,-33.0931,-33.0723,-33.1556,-33.1348,39532800.0
1992-03-12,-33.1348,-33.1088,-33.1713,-33.1167,50025600.0
1992-03-13,-33.0879,-33.0775,-33.1296,-33.1192,36761600.0
1992-03-16,-33.1192,-33.0515,-33.1296,-33.0515,55132800.0
1992-03-17,-33.0281,-32.9577,-33.041,-32.9733,94473600.0
1992-03-18,-32.9629,-32.9525,-33.015,-33.0073,69228800.0
1992-03-19,-32.9942,-32.9265,-33.0098,-32.9838,111574400.0
1992-03-20,-32.9838,-32.9525,-32.9838,-32.9629,35772800.0
1992-03-23,-32.9629,-32.9473,-32.9785,-32.9629,37843200.0
1992-03-24,-32.9525,-32.9342,-33.0046,-32.9838,70227200.0
1992-03-25,-32.9838,-32.9473,-32.9942,-32.9629,36739200.0
1992-03-26,-32.9577,-32.9525,-33.0515,-33.0358,60403200.0
1992-03-27,-33.0463,-33.0358,-33.1504,-33.114,89971200.0
1992-03-30,-33.1088,-33.0983,-33.14,-33.14,40713600.0
1992-03-31,-33.1296,-33.0983,-33.1869,-33.1713,86700800.0
1992-04-01,-33.1973,-33.1244,-33.2025,-33.1296,74201600.0
1992-04-02,-33.1296,-33.1088,-33.2077,-33.2025,56918400.0
1992-04-03,-33.1921,-33.1556,-33.2077,-33.1921,59532800.0
1992-04-06,-33.1869,-33.1063,-33.1869,-33.114,40121600.0
1992-04-07,-33.0983,-33.0879,-33.2285,-33.2233,72758400.0
1992-04-08,-33.2285,-33.1921,-33.2806,-33.1973,105388800.0
1992-04-09,-33.1765,-33.1348,-33.2104,-33.14,70006400.0
1992-04-10,-33.114,-33.0983,-33.265,-33.2233,126444800.0
1992-04-13,-33.2077,-33.1792,-33.2598,-33.1921,45552000.0
1992-04-14,-33.1765,-33.1348,-33.2129,-33.2025,72806400.0
1992-04-15,-32.9577,-32.9473,-33.0046,-32.955,223305600.0
1992-04-16,-32.9525,-32.9525,-32.9942,-32.9813,66393600.0
1992-04-20,-33.0463,-33.0358,-33.2338,-33.1792,226118400.0
1992-04-21,-33.1765,-33.1713,-33.2338,-33.2208,99244800.0
1992-04-22,-33.2129,-33.1713,-33.2546,-33.1896,61788800.0
1992-04-23,-33.1713,-33.1608,-33.3015,-33.2285,115334400.0
1992-04-24,-33.2233,-33.2077,-33.3067,-33.3015,90393600.0
1992-04-27,-33.2963,-33.2129,-33.2963,-33.2806,99584000.0
1992-04-28,-33.2702,-33.2546,-33.4108,-33.3692,199875200.0
1992-04-29,-33.3588,-33.3171,-33.3848,-33.3198,137308800.0
1992-04-30,-33.3067,-33.291,-33.3535,-33.3431,95868800.0
1992-05-01,-33.3379,-33.265,-33.3431,-33.2702,62083200.0
1992-05-04,-33.2754,-33.2233,-33.2963,-33.265,73920000.0
1992-05-05,-33.2702,-33.1921,-33.2806,-33.2129,59244800.0
1992-05-06,-33.2025,-33.1973,-33.2338,-33.2233,50016000.0
1992-05-07,-33.2233,-33.2129,-33.2598,-33.2442,40579200.0
1992-05-08,-33.2233,-33.2025,-33.2806,-33.2546,59820800.0
1992-05-11,-33.2494,-33.239,-33.2806,-33.265,41110400.0
1992-05-12,-33.2494,-33.239,-33.291,-33.2598,49904000.0
1992-05-13,-33.2702,-33.2598,-33.3275,-33.291,64320000.0
1992-05-14,-33.291,-33.2858,-33.364,-33.3327,72307200.0
1992-05-15,-33.3431,-33.3171,-33.3588,-33.3483,40812800.0
1992-05-18,-33.3327,-33.2754,-33.3379,-33.291,37526400.0
1992-05-19,-33.2806,-33.2546,-33.2806,-33.2546,51238400.0
1992-05-20,-33.2546,-33.2025,-33.2546,-33.2077,58800000.0
1992-05-21,-33.2025,-33.2025,-33.239,-33.2104,48566400.0
1992-05-22,-33.2025,-33.2025,-33.2442,-33.2285,36969600.0
1992-05-26,-33.2233,-33.2025,-33.2442,-33.2338,38217600.0
1992-05-27,-33.2285,-33.2181,-33.2494,-33.2442,31164800.0
1992-05-28,-33.2494,-33.1504,-33.2546,-33.1608,62700800.0
1992-05-29,-33.1452,-33.0931,-33.1504,-33.1192,89916800.0
1992-06-01,-33.1296,-33.0515,-33.14,-33.0515,68528000.0
1992-06-02,-33.0515,-33.0463,-33.0931,-33.0802,42585600.0
1992-06-03,-33.0879,-33.0515,-33.0879,-33.0775,28188800.0
1992-06-04,-33.0723,-33.0671,-33.0879,-33.0854,41753600.0
1992-06-05,-33.0879,-33.0775,-33.1244,-33.1192,40937600.0
1992-06-08,-33.1244,-33.1192,-33.1765,-33.1765,40227200.0
1992-06-09,-33.1713,-33.1608,-33.265,-33.2442,84604800.0
1992-06-10,-33.239,-33.2338,-33.3067,-33.2963,65456000.0
1992-06-11,-33.2963,-33.239,-33.4004,-33.39,130732800.0
1992-06-12,-33.3431,-33.2858,-33.3719,-33.2963,138028800.0
1992-06-15,-33.2963,-33.2025,-33.2963,-33.2728,54940800.0
1992-06-16,-33.2806,-33.2494,-33.3744,-33.3666,57376000.0
1992-06-17,-33.3744,-33.3509,-33.4056,-33.3784,70032000.0
1992-06-18,-33.3588,-33.3041,-33.4213,-33.3822,53356800.0
1992-06-19,-33.3431,-33.3197,-33.3666,-33.3431,43110400.0
1992-06-22,-33.3509,-33.3119,-33.4056,-33.3197,54080000.0
1992-06-23,-33.3041,-33.2728,-33.3666,-33.3431,57420800.0
1992-06-24,-33.3353,-33.3353,-33.3978,-33.3822,34096000.0
1992-06-25,-33.3822,-33.3822,-33.5619,-33.4525,165340800.0
1992-06-26,-33.4681,-33.4603,-33.5853,-33.5541,140982400.0
1992-06-29,-33.4994,-33.3666,-33.5072,-33.3822,90963200.0
1992-06-30,-33.3666,-33.3588,-33.4681,-33.4525,74048000.0
1992-07-01,-33.4447,-33.3666,-33.4681,-33.3863,45136000.0
1992-07-02,-33.3666,-33.3588,-33.4916,-33.4566,80563200.0
1992-07-06,-33.4525,-33.4447,-33.5228,-33.4681,36224000.0
1992-07-07,-33.4603,-33.4603,-33.5384,-33.515,54396800.0
1992-07-08,-33.515,-33.4838,-33.5931,-33.4956,93417600.0
1992-07-09,-33.4838,-33.4291,-33.5072,-33.4838,61174400.0
1992-07-10,-33.4759,-33.4525,-33.5269,-33.4681,28905600.0
1992-07-13,-33.4603,-33.4134,-33.4994,-33.4525,35113600.0
1992-07-14,-33.4369,-33.4056,-33.4447,-33.4175,41116800.0
1992-07-15,-33.3978,-33.3509,-33.4213,-33.4056,80172800.0
1992-07-16,-33.4213,-33.3822,-33.4291,-33.3822,42291200.0
1992-07-17,-33.3978,-33.39,-33.4603,-33.4447,59865600.0
1992-07-20,-33.4681,-33.4447,-33.4994,-33.4759,48707200.0
1992-07-21,-33.4525,-33.3666,-33.4681,-33.3978,45907200.0
1992-07-22,-33.3978,-33.3978,-33.4681,-33.4525,59008000.0
1992-07-23,-33.4603,-33.3822,-33.4916,-33.4213,68441600.0
1992-07-24,-33.4175,-33.3353,-33.4213,-33.3666,76259200.0
1992-07-27,-33.3666,-33.3431,-33.3822,-33.3588,30512000.0
1992-07-28,-33.3431,-33.3119,-33.3666,-33.3275,45363200.0
1992-07-29,-33.3119,-33.3041,-33.39,-33.3275,145273600.0
1992-07-30,-33.3431,-33.3119,-33.3588,-33.355,32035200.0
1992-07-31,-33.3431,-33.3431,-33.3822,-33.3666,35312000.0
1992-08-03,-33.3666,-33.3197,-33.39,-33.3353,31516800.0
1992-08-04,-33.3275,-33.3119,-33.3431,-33.3316,31430400.0
1992-08-05,-33.3353,-33.3353,-33.4134,-33.39,60150400.0
1992-08-06,-33.4056,-33.39,-33.4447,-33.4056,3705600.0
1992-08-07,-33.4056,-33.3353,-33.4369,-33.4291,55008000.0
1992-08-10,-33.4213,-33.3744,-33.4291,-33.4253,42067200.0
1992-08-11,-33.4134,-33.3941,-33.4525,-33.4097,33436800.0
1992-08-12,-33.3978,-33.3744,-33.4291,-33.4213,30441600.0
1992-08-13,-33.4134,-33.3978,-33.4369,-33.4253,28227200.0
1992-08-14,-33.4213,-33.3978,-33.4291,-33.4213,33942400.0
1992-08-17,-33.4291,-33.4213,-33.4681,-33.4681,63318400.0
1992-08-18,-33.4838,-33.4291,-33.515,-33.4681,66313600.0
1992-08-19,-33.4681,-33.4369,-33.4916,-33.4759,27433600.0
1992-08-20,-33.4681,-33.4291,-33.4838,-33.4409,36534400.0
1992-08-21,-33.4369,-33.4253,-33.4838,-33.4603,52710400.0
1992-08-24,-33.4644,-33.4525,-33.4916,-33.4838,42800000.0
1992-08-25,-33.4916,-33.4291,-33.4994,-33.4409,37123200.0
1992-08-26,-33.4447,-33.3822,-33.4447,-33.4019,50016000.0
1992-08-27,-33.39,-33.3275,-33.39,-33.3394,88028800.0
1992-08-28,-33.3431,-33.3119,-33.3431,-33.3159,49468800.0
1992-08-31,-33.3197,-33.2963,-33.3431,-33.3119,25651200.0
1992-09-01,-33.3275,-33.3081,-33.3509,-33.3119,30825600.0
1992-09-02,-33.3119,-33.2728,-33.3353,-33.2847,61955200.0
1992-09-03,-33.2728,-33.2259,-33.2806,-33.2456,85296000.0
1992-09-04,-33.2572,-33.2494,-33.2806,-33.265,28585600.0
1992-09-08,-33.265,-33.2378,-33.2884,-33.2416,49376000.0
1992-09-09,-33.2416,-33.1909,-33.2494,-33.1988,60982400.0
1992-09-10,-33.1947,-33.1713,-33.2181,-33.1713,53302400.0
1992-09-11,-33.1869,-33.1634,-33.2025,-33.1791,30796800.0
1992-09-14,-33.1478,-33.0775,-33.1478,-33.0853,95100800.0
1992-09-15,-33.0931,-33.0853,-33.14,-33.1009,44614400.0
1992-09-16,-33.1478,-33.0853,-33.1556,-33.1284,35708800.0
1992-09-17,-33.1244,-33.0931,-33.1322,-33.105,23590400.0
1992-09-18,-33.1009,-33.0931,-33.1909,-33.1441,71683200.0
1992-09-21,-33.1791,-33.1556,-33.1947,-33.1675,31811200.0
1992-09-22,-33.1713,-33.1675,-33.2181,-33.2103,30777600.0
1992-09-23,-33.2103,-33.1478,-33.2181,-33.1675,37654400.0
1992-09-24,-33.1634,-33.1244,-33.1634,-33.1322,36953600.0
1992-09-25,-33.1322,-33.1284,-33.265,-33.1791,41817600.0
1992-09-28,-33.2494,-33.1947,-33.2572,-33.2338,52854400.0
1992-09-29,-33.2338,-33.1713,-33.2338,-33.1791,39392000.0
1992-09-30,-33.1478,-33.1244,-33.1791,-33.1244,59843200.0
1992-10-01,-33.14,-33.1088,-33.1556,-33.1519,47804800.0
1992-10-02,-33.1634,-33.1478,-33.2025,-33.1791,36803200.0
1992-10-05,-33.1869,-33.0853,-33.2728,-33.0853,71347200.0
1992-10-06,-33.0697,-33.0306,-33.1009,-33.0619,74316800.0
1992-10-07,-33.0619,-33.0072,-33.1088,-33.105,58153600.0
1992-10-08,-33.0697,-32.9994,-33.0853,-33.0347,59532800.0
1992-10-09,-33.0306,-33.0306,-33.0931,-33.0659,40182400.0
1992-10-12,-33.0463,-33.015,-33.0541,-33.0191,34700800.0
1992-10-13,-32.9916,-32.9722,-33.0384,-33.0072,86643200.0
1992-10-14,-33.0034,-32.9838,-33.0463,-33.0306,47456000.0
1992-10-15,-33.0384,-32.9916,-33.0541,-32.9994,35942400.0
1992-10-16,-32.9916,-32.9681,-33.0228,-32.9722,47644800.0
1992-10-19,-32.9838,-32.8822,-32.9838,-32.8941,83280000.0
1992-10-20,-32.8822,-32.8353,-32.9213,-32.8941,84150400.0
1992-10-21,-32.8822,-32.8275,-32.8978,-32.8275,60396800.0
1992-10-22,-32.8275,-32.8197,-32.8822,-32.8353,49174400.0
1992-10-23,-32.8197,-32.8197,-32.8822,-32.8706,46006400.0
1992-10-26,-32.8744,-32.8197,-32.8978,-32.8275,40121600.0
1992-10-27,-32.8275,-32.8197,-32.9056,-32.89,49116800.0
1992-10-28,-32.8822,-32.8666,-32.9134,-32.8744,36172800.0
1992-10-29,-32.8666,-32.8275,-32.8744,-32.8275,32774400.0
1992-10-30,-32.8316,-32.8275,-32.8744,-32.8666,24998400.0
1992-11-02,-32.8588,-32.8275,-32.8978,-32.8394,31091200.0
1992-11-03,-32.8431,-32.8353,-32.9019,-32.8822,35267200.0
1992-11-04,-32.8822,-32.8353,-32.89,-32.8744,23657600.0
1992-11-05,-32.8588,-32.7572,-32.8822,-32.7691,90361600.0
1992-11-06,-32.7728,-32.7259,-32.7884,-32.7416,61155200.0
1992-11-09,-32.7416,-32.7416,-32.8119,-32.7691,54796800.0
1992-11-10,-32.765,-32.7259,-32.7806,-32.7378,38710400.0
1992-11-11,-32.7416,-32.6713,-32.7572,-32.7103,60748800.0
1992-11-12,-32.7103,-32.6947,-32.765,-32.7181,46960000.0
1992-11-13,-32.7181,-32.7103,-32.7494,-32.7259,25811200.0
1992-11-16,-32.7338,-32.7181,-32.7572,-32.7416,19312000.0
1992-11-17,-32.7378,-32.7025,-32.8509,-32.8275,56649600.0
1992-11-18,-32.8119,-32.7494,-32.8316,-32.765,33273600.0
1992-11-19,-32.7572,-32.6713,-32.7572,-32.7025,46857600.0
1992-11-20,-32.7025,-32.6713,-32.7103,-32.6713,41113600.0
1992-11-23,-32.8197,-32.7728,-32.9134,-32.8744,309884800.0
1992-11-24,-32.7884,-32.7416,-32.8509,-32.7806,145513600.0
1992-11-25,-32.765,-32.7494,-32.8197,-32.7925,53152000.0
1992-11-27,-32.7806,-32.7494,-32.7963,-32.7728,17593600.0
1992-11-30,-32.7494,-32.7259,-32.7728,-32.73,35251200.0
1992-12-01,-32.7416,-32.7181,-32.765,-32.73,33593600.0
1992-12-02,-32.7338,-32.7181,-32.8119,-32.8041,49881600.0
1992-12-03,-32.8041,-32.7494,-32.8119,-32.7769,26048000.0
1992-12-04,-32.7806,-32.7494,-32.7884,-32.7728,23548800.0
1992-12-07,-32.765,-32.7181,-32.7963,-32.7222,46422400.0
1992-12-08,-32.7103,-32.7025,-32.7806,-32.7494,26908800.0
1992-12-09,-32.7728,-32.7259,-32.7884,-32.765,26048000.0
1992-12-10,-32.8275,-32.7728,-32.8744,-32.8588,89296000.0
1992-12-11,-32.8744,-32.8588,-32.9603,-32.9409,112934400.0
1992-12-14,-32.9291,-32.8822,-32.9369,-32.9175,51286400.0
1992-12-15,-32.9134,-32.8978,-32.9681,-32.9409,45289600.0
1992-12-16,-32.9369,-32.8822,-32.9759,-32.9213,73792000.0
1992-12-17,-32.9134,-32.8197,-32.9213,-32.8275,51859200.0
1992-12-18,-32.8588,-32.8197,-32.8744,-32.8275,74387200.0
1992-12-21,-32.8353,-32.765,-32.8509,-32.8119,64928000.0
1992-12-22,-32.7963,-32.7806,-32.9213,-32.8978,56928000.0
1992-12-23,-32.89,-32.8822,-32.9525,-32.9134,59974400.0
1992-12-24,-32.9134,-32.9134,-32.9525,-32.9134,32723200.0
1992-12-28,-32.9134,-32.8978,-32.9525,-32.9056,45731200.0
1992-12-29,-32.9134,-32.9056,-32.9447,-32.9369,60035200.0
1992-12-30,-32.9291,-32.9213,-32.9759,-32.9566,50860800.0
1992-12-31,-32.9525,-32.9447,-32.9759,-32.9722,30851200.0
1993-01-04,-32.9838,-32.9603,-32.9994,-32.98,72646400.0
1993-01-05,-32.9838,-32.9291,-32.9916,-32.9369,71529600.0
1993-01-06,-32.9213,-32.8509,-32.9291,-32.8588,87440000.0
1993-01-07,-32.8588,-32.8316,-32.9213,-32.9134,58748800.0
1993-01-08,-32.9134,-32.8822,-32.9447,-32.9175,43977600.0
1993-01-11,-32.9134,-32.8509,-32.9447,-32.855,58348800.0
1993-01-12,-32.8588,-32.7884,-32.8666,-32.8353,85129600.0
1993-01-13,-32.8431,-32.7572,-32.8822,-32.7884,83696000.0
1993-01-14,-32.7572,-32.7025,-32.8119,-32.7884,121264000.0
1993-01-15,-32.9056,-32.7963,-32.9213,-32.8353,181958400.0
1993-01-18,-32.8431,-32.8353,-32.8822,-32.8509,50611200.0
1993-01-19,-32.8588,-32.8509,-32.8822,-32.8784,52960000.0
1993-01-20,-32.8744,-32.8588,-32.8978,-32.8784,47968000.0
1993-01-21,-32.8978,-32.8275,-32.9291,-32.8431,73363200.0
1993-01-22,-32.8353,-32.8197,-32.8666,-32.8472,49088000.0
1993-01-25,-32.8509,-32.8197,-32.8978,-32.8744,49609600.0
1993-01-26,-32.8744,-32.8275,-32.9056,-32.89,42345600.0
1993-01-27,-32.9056,-32.8978,-32.9681,-32.9447,64192000.0
1993-01-28,-32.9447,-32.9175,-32.9916,-32.9213,77030400.0
1993-01-29,-32.9056,-32.89,-32.9603,-32.9369,39424000.0
1993-02-01,-32.9447,-32.89,-32.9681,-32.9056,42854400.0
1993-02-02,-32.9097,-32.8431,-32.9134,-32.8588,70371200.0
1993-02-03,-32.8431,-32.8197,-32.89,-32.8784,71728000.0
1993-02-04,-32.8978,-32.8978,-32.9994,-32.9838,124214400.0
1993-02-05,-32.9916,-32.8431,-33.0697,-32.8588,177216000.0
1993-02-08,-32.8744,-32.8588,-32.9838,-32.9603,92665600.0
1993-02-09,-32.9291,-32.9134,-33.0306,-33.0191,64550400.0
1993-02-10,-32.9994,-32.9447,-33.015,-32.9681,39193600.0
1993-02-11,-32.9447,-32.9369,-32.9916,-32.9759,31635200.0
1993-02-12,-32.9759,-32.9759,-33.0384,-33.0269,34752000.0
1993-02-16,-33.0503,-33.0228,-33.1478,-33.1363,91180800.0
1993-02-17,-33.1088,-33.1009,-33.2259,-33.1322,121913600.0
1993-02-18,-33.1009,-33.0541,-33.1713,-33.0894,138553600.0
1993-02-19,-33.0816,-33.0775,-33.1556,-33.1478,97094400.0
1993-02-22,-33.1478,-33.1088,-33.2416,-33.2416,76256000.0
1993-02-23,-33.2025,-33.1244,-33.2416,-33.1556,105974400.0
1993-02-24,-33.1713,-33.015,-33.1791,-33.0191,77548800.0
1993-02-25,-33.0619,-32.9838,-33.0619,-33.0034,60806400.0
1993-02-26,-33.0072,-32.9838,-33.0463,-33.0347,29833600.0
1993-03-01,-33.0228,-33.0228,-33.1009,-33.0931,26432000.0
1993-03-02,-33.0853,-32.9916,-33.1009,-32.9956,38380800.0
1993-03-03,-32.9916,-32.9681,-33.0306,-32.9916,42352000.0
1993-03-04,-32.9916,-32.9916,-33.0853,-33.0228,56659200.0
1993-03-05,-33.0306,-32.9838,-33.0619,-33.0541,35724800.0
1993-03-08,-33.0581,-32.9994,-33.0775,-33.0269,48022400.0
1993-03-09,-33.015,-32.9838,-33.0228,-33.0072,41312000.0
1993-03-10,-32.9994,-32.9603,-33.0306,-32.9838,26592000.0
1993-03-11,-32.9759,-32.8978,-32.9838,-32.9369,57779200.0
1993-03-12,-32.9525,-32.8509,-32.9759,-32.8588,73580800.0
1993-03-15,-32.8509,-32.8509,-32.9213,-32.9019,35347200.0
1993-03-16,-32.8822,-32.8666,-32.9213,-32.8978,36336000.0
1993-03-17,-32.9291,-32.9056,-32.9759,-32.9722,39644800.0
1993-03-18,-32.9603,-32.9291,-32.9838,-32.9759,34406400.0
1993-03-19,-32.9603,-32.9603,-33.015,-33.0072,45404800.0
1993-03-22,-33.0384,-33.015,-33.0619,-33.0347,34083200.0
1993-03-23,-33.0306,-32.9838,-33.0463,-33.0425,34409600.0
1993-03-24,-33.0384,-32.9291,-33.0463,-32.9447,50576000.0
1993-03-25,-32.9369,-32.8822,-32.9409,-32.9097,43833600.0
1993-03-26,-32.89,-32.8822,-32.9525,-32.9331,28380800.0
1993-03-29,-32.9291,-32.8744,-32.9291,-32.9213,48262400.0
1993-03-30,-32.8744,-32.7884,-32.9134,-32.7963,140777600.0
1993-03-31,-32.7884,-32.6947,-32.8041,-32.7494,179660800.0
1993-04-01,-32.7494,-32.6791,-32.7494,-32.7338,100412800.0
1993-04-02,-32.7728,-32.765,-32.8353,-32.8353,73251200.0
1993-04-05,-32.8666,-32.7572,-32.89,-32.7806,61187200.0
1993-04-06,-32.7728,-32.7338,-32.8509,-32.8353,55699200.0
1993-04-07,-32.8275,-32.8119,-32.8509,-32.8197,39417600.0
1993-04-08,-32.8275,-32.8197,-32.8822,-32.8588,40185600.0
1993-04-12,-32.8666,-32.7884,-32.8744,-32.8238,48976000.0
1993-04-13,-32.8197,-32.7572,-32.8666,-32.8628,53337600.0
1993-04-14,-32.8588,-32.8197,-32.8978,-32.8588,38592000.0
1993-04-15,-32.89,-32.8316,-32.9525,-32.9175,109152000.0
1993-04-16,-32.9134,-32.8978,-32.9681,-32.9213,49600000.0
1993-04-19,-32.9213,-32.9134,-32.9838,-32.9213,45673600.0
1993-04-20,-32.9291,-32.9056,-32.9838,-32.9291,46009600.0
1993-04-21,-32.9291,-32.9291,-33.0072,-32.9878,92528000.0
1993-04-22,-32.9994,-32.9838,-33.0503,-33.0384,79872000.0
1993-04-23,-33.0463,-33.0384,-33.1166,-33.0972,89296000.0
1993-04-26,-33.0931,-33.0619,-33.1478,-33.1284,65376000.0
1993-04-27,-33.1244,-33.0541,-33.1322,-33.0619,58208000.0
1993-04-28,-33.0463,-32.9525,-33.0541,-32.9525,55372800.0
1993-04-29,-32.9603,-32.9603,-33.015,-32.9681,49660800.0
1993-04-30,-32.9838,-32.9291,-32.9838,-32.9681,46825600.0
1993-05-03,-32.9681,-32.9213,-32.9838,-32.9488,38096000.0
1993-05-04,-32.9291,-32.8744,-32.9369,-32.89,49664000.0
1993-05-05,-32.89,-32.8275,-32.9056,-32.8509,51868800.0
1993-05-06,-32.8588,-32.8353,-32.9291,-32.9134,47244800.0
1993-05-07,-32.9134,-32.8978,-32.9369,-32.9213,31798400.0
1993-05-10,-32.8744,-32.8275,-32.89,-32.855,69091200.0
1993-05-11,-32.8822,-32.8666,-32.9134,-32.8978,38220800.0
1993-05-12,-32.9056,-32.89,-32.9603,-32.9447,48272000.0
1993-05-13,-32.9603,-32.9525,-32.9994,-32.9603,43708800.0
1993-05-14,-32.9525,-32.9291,-32.9916,-32.9681,49116800.0
1993-05-17,-32.9603,-32.9331,-32.9759,-32.9369,27763200.0
1993-05-18,-32.9291,-32.8666,-32.9369,-32.8744,84185600.0
1993-05-19,-32.8041,-32.7338,-32.8431,-32.7494,181017600.0
1993-05-20,-32.7572,-32.6634,-32.765,-32.6988,150256000.0
1993-05-21,-32.7181,-32.6947,-32.765,-32.7494,75500800.0
1993-05-24,-32.7572,-32.7025,-32.765,-32.7613,64252800.0
1993-05-25,-32.7728,-32.765,-32.8275,-32.7884,36716800.0
1993-05-26,-32.7806,-32.6634,-32.7884,-32.6634,87484800.0
1993-05-27,-32.6713,-32.6556,-32.7338,-32.6988,95052800.0
1993-05-28,-32.7181,-32.7103,-32.7728,-32.7456,35136000.0
1993-06-01,-32.7338,-32.5775,-32.7416,-32.6322,173088000.0
1993-06-02,-32.6478,-32.5931,-32.6634,-32.6478,70710400.0
1993-06-03,-32.6478,-32.64,-32.6869,-32.6831,23936000.0
1993-06-04,-32.7025,-32.6869,-32.7181,-32.7025,32652800.0
1993-06-07,-32.6947,-32.6478,-32.7338,-32.7259,52761600.0
1993-06-08,-32.7338,-32.7259,-32.8041,-32.7572,48131200.0
1993-06-09,-32.7416,-32.7338,-32.8041,-32.7963,62480000.0
1993-06-10,-32.7884,-32.7494,-32.8431,-32.7925,56544000.0
1993-06-11,-32.7728,-32.7494,-32.8588,-32.8472,67542400.0
1993-06-14,-32.7963,-32.7572,-32.8197,-32.7572,40489600.0
1993-06-15,-32.7338,-32.7338,-32.7806,-32.7494,42345600.0
1993-06-16,-32.7416,-32.7259,-32.8509,-32.7884,66966400.0
1993-06-17,-32.7806,-32.7728,-32.8119,-32.8003,28083200.0
1993-06-18,-32.8119,-32.7884,-32.9213,-32.9056,75910400.0
1993-06-21,-32.8666,-32.8509,-32.9213,-32.8706,68102400.0
1993-06-22,-32.8509,-32.8353,-32.9134,-32.89,41062400.0
1993-06-23,-32.89,-32.8509,-32.8978,-32.8706,33129600.0
1993-06-24,-32.8822,-32.8431,-32.9134,-32.8744,35782400.0
1993-06-25,-32.8744,-32.8509,-32.9291,-32.8744,45484800.0
1993-06-28,-32.8666,-32.8197,-32.8744,-32.8197,52224000.0
1993-06-29,-32.8197,-32.7728,-32.8744,-32.8588,42361600.0
1993-06-30,-32.8509,-32.8197,-32.9134,-32.89,56422400.0
1993-07-01,-32.8822,-32.8744,-32.9369,-32.9175,57907200.0
1993-07-02,-32.9134,-32.9056,-32.9369,-32.9134,25404800.0
1993-07-06,-32.9291,-32.8978,-32.9759,-32.9525,47721600.0
1993-07-07,-33.0738,-33.0072,-33.1009,-33.0347,182569600.0
1993-07-08,-33.015,-32.9681,-33.015,-32.9878,70105600.0
1993-07-09,-32.9838,-32.9838,-33.0306,-32.9956,50000000.0
1993-07-12,-32.9916,-32.9916,-33.0306,-33.0228,26540800.0
1993-07-13,-33.015,-33.015,-33.0619,-33.0541,36476800.0
1993-07-14,-33.0463,-32.9681,-33.0619,-33.0072,43491200.0
1993-07-15,-33.0072,-33.0072,-33.0541,-33.0306,34432000.0
1993-07-16,-33.0384,-33.0384,-33.1166,-33.105,86217600.0
1993-07-19,-33.1556,-33.1322,-33.2025,-33.1791,122435200.0
1993-07-20,-33.1634,-33.1244,-33.2025,-33.1244,74822400.0
1993-07-21,-33.1869,-33.1713,-33.2416,-33.1713,178963200.0
1993-07-22,-33.1166,-33.0853,-33.2416,-33.2144,147584000.0
1993-07-23,-33.2338,-33.1947,-33.2416,-33.2144,92790400.0
1993-07-26,-33.1947,-33.1634,-33.2103,-33.1947,65801600.0
1993-07-27,-33.1869,-33.1791,-33.2806,-33.2806,112220800.0
1993-07-28,-33.265,-33.1556,-33.3041,-33.1947,113459200.0
1993-07-29,-33.2025,-33.1166,-33.2181,-33.1713,96534400.0
1993-07-30,-33.3588,-33.3197,-33.39,-33.3275,287936000.0
1993-08-02,-33.3041,-33.2728,-33.3822,-33.3666,148208000.0
1993-08-03,-33.3588,-33.3509,-33.39,-33.3588,85136000.0
1993-08-04,-33.3509,-33.3353,-33.3978,-33.3588,94416000.0
1993-08-05,-33.3431,-33.2963,-33.3509,-33.3041,67910400.0
1993-08-06,-33.3041,-33.2691,-33.3666,-33.3509,71760000.0
1993-08-09,-33.3509,-33.3275,-33.3822,-33.3588,70876800.0
1993-08-10,-33.3588,-33.3509,-33.4409,-33.4213,192028800.0
1993-08-11,-33.4134,-33.3588,-33.4175,-33.3784,95974400.0
1993-08-12,-33.3744,-33.3119,-33.3822,-33.3275,77366400.0
1993-08-13,-33.3275,-33.2728,-33.3588,-33.2884,61900800.0
1993-08-16,-33.2728,-33.1947,-33.2806,-33.2103,78451200.0
1993-08-17,-33.2025,-33.1869,-33.265,-33.2259,54272000.0
1993-08-18,-33.2103,-33.1634,-33.2494,-33.2259,66012800.0
1993-08-19,-33.2259,-33.2066,-33.3353,-33.3197,114742400.0
1993-08-20,-33.3431,-33.2416,-33.3509,-33.2572,73683200.0
1993-08-23,-33.2806,-33.1947,-33.2806,-33.2338,59472000.0
1993-08-24,-33.2494,-33.2338,-33.2728,-33.2691,39417600.0
1993-08-25,-33.2963,-33.265,-33.3628,-33.3197,68800000.0
1993-08-26,-33.3431,-33.3353,-33.4056,-33.3863,136256000.0
1993-08-27,-33.3822,-33.3744,-33.4134,-33.3941,67763200.0
1993-08-30,-33.3744,-33.3509,-33.3978,-33.3706,54012800.0
1993-08-31,-33.3353,-33.2806,-33.3431,-33.2925,93020800.0
1993-09-01,-33.2884,-33.2259,-33.2963,-33.2416,86035200.0
1993-09-02,-33.2259,-33.1869,-33.2613,-33.2456,55497600.0
1993-09-03,-33.2494,-33.2416,-33.2884,-33.2728,26800000.0
1993-09-07,-33.2728,-33.2572,-33.3197,-33.3041,38659200.0
1993-09-08,-33.3275,-33.3041,-33.3509,-33.3119,54777600.0
1993-09-09,-33.2963,-33.2494,-33.3119,-33.2572,29856000.0
1993-09-10,-33.2338,-33.1947,-33.2572,-33.2025,56540800.0
1993-09-13,-33.1869,-33.1869,-33.2572,-33.2534,33481600.0
1993-09-14,-33.265,-33.2572,-33.3197,-33.2884,57756800.0
1993-09-15,-33.2728,-33.2416,-33.3159,-33.2494,60428800.0
1993-09-16,-33.2416,-33.2259,-33.2728,-33.265,25641600.0
1993-09-17,-33.2806,-33.2494,-33.2884,-33.265,25286400.0
1993-09-20,-33.2572,-33.2103,-33.2963,-33.2769,34691200.0
1993-09-21,-33.2806,-33.2222,-33.3041,-33.265,57846400.0
1993-09-22,-33.265,-33.2025,-33.2884,-33.2259,72051200.0
1993-09-23,-33.2259,-33.1634,-33.2416,-33.1791,72214400.0
1993-09-24,-33.1869,-33.1166,-33.1869,-33.14,91481600.0
1993-09-27,-33.0853,-33.0619,-33.1009,-33.0697,73472000.0
1993-09-28,-33.0697,-33.0072,-33.0697,-33.015,84012800.0
1993-09-29,-33.0228,-33.015,-33.1166,-33.0463,87529600.0
1993-09-30,-33.0541,-33.0384,-33.0697,-33.0619,38400000.0
1993-10-01,-33.0619,-33.0384,-33.0775,-33.0775,46048000.0
1993-10-04,-33.0619,-33.015,-33.0619,-33.0581,40505600.0
1993-10-05,-33.0541,-32.9916,-33.0619,-33.0384,86931200.0
1993-10-06,-33.0384,-32.9681,-33.0463,-32.9878,77321600.0
1993-10-07,-32.9838,-32.9603,-33.0228,-33.0113,41596800.0
1993-10-08,-33.0072,-32.9916,-33.0697,-32.9994,38086400.0
1993-10-11,-32.9994,-32.9916,-33.0697,-33.015,36457600.0
1993-10-12,-33.0072,-32.9759,-33.0697,-33.0072,79296000.0
1993-10-13,-33.0228,-33.0072,-33.1009,-33.0384,62409600.0
1993-10-14,-33.0228,-33.015,-33.0775,-33.0738,63257600.0
1993-10-15,-33.0697,-33.0463,-33.1322,-33.1166,126425600.0
1993-10-18,-33.1088,-33.0384,-33.1166,-33.0463,67750400.0
1993-10-19,-33.0775,-33.015,-33.1556,-33.1322,91392000.0
1993-10-20,-33.1244,-33.0853,-33.1634,-33.1088,81590400.0
1993-10-21,-33.1791,-33.14,-33.2025,-33.1556,127142400.0
1993-10-22,-33.1634,-33.1166,-33.1634,-33.1284,47625600.0
1993-10-25,-33.1244,-33.1009,-33.1713,-33.1244,48553600.0
1993-10-26,-33.1244,-33.1166,-33.1634,-33.1556,66944000.0
1993-10-27,-33.1556,-33.1244,-33.1556,-33.1441,45564800.0
1993-10-28,-33.1478,-33.1244,-33.1791,-33.1713,56009600.0
1993-10-29,-33.1556,-33.1322,-33.1634,-33.1363,39843200.0
1993-11-01,-33.1322,-33.0931,-33.1478,-33.1128,30163200.0
1993-11-02,-33.1009,-33.0931,-33.1556,-33.1322,42422400.0
1993-11-03,-33.14,-33.1244,-33.2103,-33.1869,56796800.0
1993-11-04,-33.1791,-33.1713,-33.2494,-33.2494,63177600.0
1993-11-05,-33.2572,-33.1713,-33.265,-33.1791,56432000.0
1993-11-08,-33.1713,-33.1556,-33.2103,-33.1869,28819200.0
1993-11-09,-33.1713,-33.14,-33.2025,-33.1947,36320000.0
1993-11-10,-33.14,-33.0894,-33.1713,-33.0972,57177600.0
1993-11-11,-33.1009,-33.0619,-33.1088,-33.0894,31158400.0
1993-11-12,-33.0853,-33.0619,-33.0853,-33.0816,34339200.0
1993-11-15,-33.0775,-33.0775,-33.1244,-33.1244,29244800.0
1993-11-16,-33.1088,-33.0541,-33.1244,-33.0697,47664000.0
1993-11-17,-33.0541,-33.0463,-33.1166,-33.1166,72217600.0
1993-11-18,-33.1166,-33.0931,-33.14,-33.1322,48438400.0
1993-11-19,-33.1478,-33.1322,-33.1556,-33.1363,38403200.0
1993-11-22,-33.1478,-33.1478,-33.2494,-33.2338,80355200.0
1993-11-23,-33.2103,-33.1869,-33.2259,-33.2222,98256000.0
1993-11-24,-33.2181,-33.1478,-33.2181,-33.1791,32467200.0
1993-11-26,-33.1713,-33.1634,-33.1791,-33.1713,6403200.0
1993-11-29,-33.1713,-33.14,-33.1713,-33.1556,32105600.0
1993-11-30,-33.1869,-33.1244,-33.1947,-33.14,44153600.0
1993-12-01,-33.1244,-33.0697,-33.1244,-33.0931,58886400.0
1993-12-02,-33.0775,-33.0463,-33.0853,-33.0503,51936000.0
1993-12-03,-33.0228,-32.9369,-33.0306,-32.9603,114502400.0
1993-12-06,-32.9838,-32.9681,-33.015,-32.9878,59337600.0
1993-12-07,-32.9838,-32.9525,-32.9838,-32.9681,32780800.0
1993-12-08,-33.0463,-33.0228,-33.0697,-33.0306,105900800.0
1993-12-09,-33.0306,-33.0306,-33.1244,-33.105,61465600.0
1993-12-10,-33.1009,-33.0697,-33.1166,-33.0816,19916800.0
1993-12-13,-33.0931,-33.0775,-33.1166,-33.0972,20112000.0
1993-12-14,-33.1088,-33.0931,-33.1634,-33.14,47414400.0
1993-12-15,-33.14,-33.1088,-33.1478,-33.1478,35219200.0
1993-12-16,-33.14,-33.1088,-33.1478,-33.14,29113600.0
1993-12-17,-33.1244,-33.1244,-33.1478,-33.1244,26112000.0
1993-12-20,-33.1088,-33.0775,-33.1244,-33.0775,35462400.0
1993-12-21,-33.0775,-33.0619,-33.0931,-33.0619,31008000.0
1993-12-22,-33.0697,-33.0619,-33.1088,-33.105,24169600.0
1993-12-23,-33.1088,-33.0697,-33.1166,-33.1128,31820800.0
1993-12-27,-33.1166,-33.1009,-33.1478,-33.1244,24537600.0
1993-12-28,-33.1244,-33.0463,-33.1244,-33.0541,27776000.0
1993-12-29,-33.0541,-33.0306,-33.1244,-33.0931,48988800.0
1993-12-30,-33.0853,-33.0697,-33.1166,-33.1009,25328000.0
1993-12-31,-33.1088,-33.0931,-33.1322,-33.1206,22995200.0
1994-01-03,-33.1244,-33.1166,-33.1634,-33.1363,36646400.0
1994-01-04,-33.1322,-33.1166,-33.1634,-33.1244,45302400.0
1994-01-05,-33.1322,-33.0619,-33.14,-33.0697,53974400.0
1994-01-06,-33.0581,-32.9916,-33.0619,-32.9956,82006400.0
1994-01-07,-33.0072,-32.9603,-33.0384,-32.9759,70832000.0
1994-01-10,-32.9838,-32.9369,-32.9838,-32.9603,74185600.0
1994-01-11,-32.9838,-32.9525,-33.0034,-32.9759,35360000.0
1994-01-12,-32.9838,-32.9603,-33.0228,-32.9681,39488000.0
1994-01-13,-32.9916,-32.9681,-33.015,-32.9722,40755200.0
1994-01-14,-32.9681,-32.9525,-32.9916,-32.9644,45216000.0
1994-01-17,-32.9759,-32.9525,-32.9994,-32.9916,30755200.0
1994-01-18,-32.9759,-32.9681,-33.015,-32.9956,43686400.0
1994-01-19,-33.0228,-33.0072,-33.0619,-33.0384,76563200.0
1994-01-20,-33.0384,-32.9409,-33.0384,-32.9447,145004800.0
1994-01-21,-32.9447,-32.9213,-32.9838,-32.9447,99078400.0
1994-01-24,-32.9525,-32.9213,-32.9838,-32.9759,38374400.0
1994-01-25,-32.9759,-32.9722,-33.015,-32.98,70361600.0
1994-01-26,-32.9838,-32.9838,-33.015,-33.0072,50489600.0
1994-01-27,-33.015,-32.9916,-33.0384,-33.0072,51129600.0
1994-01-28,-32.9994,-32.9681,-33.0072,-32.9878,41875200.0
1994-01-31,-32.9759,-32.9566,-32.9916,-32.98,62566400.0
1994-02-01,-32.9838,-32.9603,-32.9994,-32.98,44003200.0
1994-02-02,-32.9916,-32.9681,-33.015,-33.015,40924800.0
1994-02-03,-33.0072,-32.9994,-33.0306,-32.9994,31792000.0
1994-02-04,-33.015,-32.9994,-33.1009,-33.1009,78217600.0
1994-02-07,-33.1478,-33.1009,-33.1556,-33.1166,118851200.0
1994-02-08,-33.1244,-33.1244,-33.2025,-33.1791,149875200.0
1994-02-09,-33.1869,-33.1322,-33.2025,-33.1519,98585600.0
1994-02-10,-33.1478,-33.1166,-33.1713,-33.1597,66620800.0
1994-02-11,-33.1634,-33.1556,-33.2025,-33.1791,53747200.0
1994-02-14,-33.1713,-33.1556,-33.1791,-33.1675,55270400.0
1994-02-15,-33.1478,-33.1322,-33.1634,-33.1478,28876800.0
1994-02-16,-33.1322,-33.1322,-33.1791,-33.1791,43731200.0
1994-02-17,-33.1713,-33.1556,-33.2025,-33.1831,85017600.0
1994-02-18,-33.1869,-33.1166,-33.1869,-33.14,79465600.0
1994-02-22,-33.14,-33.1322,-33.1869,-33.1556,63235200.0
1994-02-23,-33.1478,-33.0775,-33.1947,-33.1088,139462400.0
1994-02-24,-33.14,-33.1166,-33.1634,-33.1441,82553600.0
1994-02-25,-33.1322,-33.1009,-33.1478,-33.1088,52995200.0
1994-02-28,-33.1009,-33.0463,-33.1088,-33.0619,55494400.0
1994-03-01,-33.0463,-33.0384,-33.0697,-33.0384,48070400.0
1994-03-02,-33.0853,-33.0463,-33.1088,-33.0541,68499200.0
1994-03-03,-33.0463,-33.0384,-33.1244,-33.1088,31564800.0
1994-03-04,-33.1088,-33.0931,-33.1244,-33.1088,25705600.0
1994-03-07,-33.1009,-33.0697,-33.1166,-33.1009,30540800.0
1994-03-08,-33.1009,-33.1009,-33.1478,-33.1088,24723200.0
1994-03-09,-33.1009,-33.0853,-33.14,-33.1128,37024000.0
1994-03-10,-33.0931,-33.0697,-33.1244,-33.1128,46588800.0
1994-03-11,-33.1088,-33.0697,-33.1166,-33.0853,34857600.0
1994-03-14,-33.0619,-33.0072,-33.0697,-33.0191,69203200.0
1994-03-15,-33.015,-32.9759,-33.0306,-32.9878,62934400.0
1994-03-16,-32.9838,-32.9759,-32.9994,-32.9916,41286400.0
1994-03-17,-32.9916,-32.9759,-32.9994,-32.9994,30992000.0
1994-03-18,-32.9994,-32.9838,-33.0306,-32.9916,36857600.0
1994-03-21,-32.9838,-32.9722,-33.0463,-33.0384,65078400.0
1994-03-22,-33.0697,-32.9603,-33.0697,-32.9916,89024000.0
1994-03-23,-32.9759,-32.9056,-32.9838,-32.9447,116441600.0
1994-03-24,-32.9603,-32.9134,-32.9838,-32.9134,60166400.0
1994-03-25,-32.9213,-32.8509,-32.9213,-32.9056,102051200.0
1994-03-28,-32.9056,-32.89,-33.0228,-32.9409,118403200.0
1994-03-29,-32.9369,-32.9369,-33.0619,-33.0619,78339200.0
1994-03-30,-33.0541,-32.9838,-33.0619,-33.0269,86860800.0
1994-03-31,-33.0306,-32.9603,-33.0619,-32.9916,72297600.0
1994-04-04,-33.0619,-32.9603,-33.0775,-32.9994,73996800.0
1994-04-05,-32.9759,-32.8978,-32.9838,-32.8978,101878400.0
1994-04-06,-32.9056,-32.8509,-32.9134,-32.8588,80780800.0
1994-04-07,-32.8509,-32.8238,-32.8666,-32.8353,76630400.0
1994-04-08,-32.8353,-32.8275,-32.9291,-32.9213,118710400.0
1994-04-11,-32.9213,-32.9134,-32.9525,-32.9213,40400000.0
1994-04-12,-32.9291,-32.9291,-33.015,-32.9916,84969600.0
1994-04-13,-32.9916,-32.9681,-33.0463,-32.9878,69644800.0
1994-04-14,-32.9994,-32.9759,-33.0228,-33.0113,53088000.0
1994-04-15,-33.0306,-32.9759,-33.0306,-32.9878,35241600.0
1994-04-18,-32.9916,-32.9603,-33.0697,-33.0463,78006400.0
1994-04-19,-32.9213,-32.8431,-32.9603,-32.8863,291273600.0
1994-04-20,-32.8744,-32.8394,-32.9213,-32.8431,104732800.0
1994-04-21,-32.8431,-32.7728,-32.8509,-32.7806,141980800.0
1994-04-22,-32.765,-32.7416,-32.8041,-32.7728,66060800.0
1994-04-25,-32.765,-32.6947,-32.7806,-32.7103,142745600.0
1994-04-26,-32.6869,-32.6634,-32.7025,-32.6731,113193600.0
1994-04-28,-32.6634,-32.6634,-32.7728,-32.7613,141382400.0
1994-04-29,-32.765,-32.7181,-32.7884,-32.7494,56803200.0
1994-05-02,-32.7416,-32.6538,-32.765,-32.6556,79260800.0
1994-05-03,-32.6634,-32.6556,-32.7259,-32.7181,41929600.0
1994-05-04,-32.7103,-32.6634,-32.7416,-32.6675,68889600.0
1994-05-05,-32.6634,-32.6322,-32.7025,-32.6909,56374400.0
1994-05-06,-32.7259,-32.6947,-32.8003,-32.7494,96403200.0
1994-05-09,-32.7728,-32.7144,-32.7769,-32.7572,47600000.0
1994-05-10,-32.7338,-32.6869,-32.7416,-32.7025,65305600.0
1994-05-11,-32.7025,-32.6947,-32.7416,-32.7181,57433600.0
1994-05-12,-32.7181,-32.6619,-32.7259,-32.6869,58998400.0
1994-05-13,-32.5931,-32.5931,-32.6869,-32.6244,179920000.0
1994-05-16,-32.6322,-32.6166,-32.6791,-32.6713,56633600.0
1994-05-17,-32.6713,-32.6634,-32.7181,-32.6831,122464000.0
1994-05-18,-32.6634,-32.5931,-32.6791,-32.6069,96953600.0
1994-05-19,-32.6009,-32.5463,-32.6088,-32.5659,89651200.0
1994-05-20,-32.5775,-32.5384,-32.6009,-32.5853,78140800.0
1994-05-23,-32.5775,-32.4525,-32.6088,-32.48,74947200.0
1994-05-24,-32.4369,-32.3975,-32.4994,-32.4444,85144000.0
1994-05-25,-32.4525,-32.3431,-32.4994,-32.3588,86003200.0
1994-05-26,-32.3431,-32.3431,-32.4369,-32.39,64296000.0
1994-05-27,-32.4056,-32.3431,-32.4369,-32.3663,47544000.0
1994-05-31,-32.3744,-32.2794,-32.3975,-32.2806,76000000.0
1994-06-01,-32.2963,-32.2963,-32.3663,-32.3275,100764800.0
1994-06-02,-32.3119,-32.3038,-32.39,-32.3744,60291200.0
1994-06-03,-32.3588,-32.2963,-32.3744,-32.335,86841600.0
1994-06-06,-32.3506,-32.2256,-32.4056,-32.2338,764504000.0
1994-06-07,-32.265,-32.2494,-32.2963,-32.2881,166171200.0
1994-06-08,-32.2881,-32.2881,-32.4131,-32.39,203835200.0
1994-06-09,-32.3975,-32.355,-32.4056,-32.3744,79356800.0
1994-06-10,-32.3744,-32.3275,-32.3975,-32.355,53726400.0
1994-06-13,-32.3506,-32.3038,-32.3975,-32.335,56628800.0
1994-06-14,-32.3194,-32.2569,-32.3275,-32.2925,59249600.0
1994-06-15,-32.2881,-32.2256,-32.3119,-32.2494,58860800.0
1994-06-16,-32.2494,-32.2494,-32.2963,-32.2925,48478400.0
1994-06-17,-32.2963,-32.2881,-32.335,-32.3275,47622400.0
1994-06-20,-32.3588,-32.2963,-32.3663,-32.2963,45668800.0
1994-06-21,-32.3819,-32.3038,-32.39,-32.3506,86995200.0
1994-06-22,-32.3431,-32.3275,-32.4369,-32.4213,82924800.0
1994-06-23,-32.4213,-32.3744,-32.515,-32.5069,85979200.0
1994-06-24,-32.515,-32.4913,-32.5619,-32.5463,81454400.0
1994-06-27,-32.5306,-32.3819,-32.5538,-32.3975,76161600.0
1994-06-28,-32.39,-32.3431,-32.5031,-32.4331,99417600.0
1994-06-29,-32.4288,-32.3975,-32.46,-32.4288,53435200.0
1994-06-30,-32.4056,-32.3819,-32.4525,-32.4131,40827200.0
1994-07-01,-32.4131,-32.4056,-32.5238,-32.4994,66622400.0
1994-07-05,-32.4913,-32.4525,-32.5775,-32.5694,40430400.0
1994-07-06,-32.605,-32.5775,-32.6556,-32.6206,89254400.0
1994-07-07,-32.6088,-32.4838,-32.6438,-32.4913,89667200.0
1994-07-08,-32.5225,-32.46,-32.5694,-32.5463,48945600.0
1994-07-11,-32.5381,-32.5381,-32.6556,-32.6163,85406400.0
1994-07-12,-32.6244,-32.6244,-32.71,-32.64,83752000.0
1994-07-13,-32.6244,-32.5463,-32.6475,-32.5463,82956800.0
1994-07-14,-32.5538,-32.5381,-32.6163,-32.5931,81446400.0
1994-07-15,-32.5931,-32.5538,-32.64,-32.6006,45520000.0
1994-07-18,-32.4213,-32.4056,-32.5463,-32.4838,150499200.0
1994-07-19,-32.4756,-32.4756,-32.5381,-32.5069,70126400.0
1994-07-20,-32.515,-32.515,-32.6475,-32.6163,112604800.0
1994-07-21,-32.6006,-32.585,-32.6713,-32.6556,85740800.0
1994-07-22,-32.6088,-32.4681,-32.6869,-32.48,152916800.0
1994-07-25,-32.4756,-32.4131,-32.4994,-32.4406,51513600.0
1994-07-26,-32.4444,-32.4369,-32.5306,-32.4913,54308800.0
1994-07-27,-32.4913,-32.4913,-32.5463,-32.5463,29291200.0
1994-07-28,-32.5463,-32.4994,-32.5619,-32.5463,39899200.0
1994-07-29,-32.5225,-32.4131,-32.5381,-32.4213,67064000.0
1994-08-01,-32.4131,-32.2881,-32.4213,-32.3038,83934400.0
1994-08-02,-32.2806,-32.2256,-32.3506,-32.3394,95249600.0
1994-08-03,-32.2806,-32.265,-32.3194,-32.3038,58771200.0
1994-08-04,-32.2963,-32.2881,-32.3431,-32.3431,40192000.0
1994-08-05,-32.3506,-32.335,-32.3744,-32.3588,31204800.0
1994-08-08,-32.3663,-32.3275,-32.39,-32.3275,34537600.0
1994-08-09,-32.3275,-32.2725,-32.3431,-32.2963,40198400.0
1994-08-10,-32.2963,-32.2413,-32.3119,-32.2569,48646400.0
1994-08-11,-32.2725,-32.14,-32.2725,-32.1869,81428800.0
1994-08-12,-32.1788,-32.1631,-32.21,-32.1869,38088000.0
1994-08-15,-32.1713,-32.1713,-32.2413,-32.2375,36113600.0
1994-08-16,-32.21,-32.1944,-32.265,-32.21,56779200.0
1994-08-17,-32.1788,-32.1244,-32.1944,-32.1475,79790400.0
1994-08-18,-32.1475,-32.1163,-32.1788,-32.1713,61276800.0
1994-08-19,-32.1475,-32.14,-32.2181,-32.21,74761600.0
1994-08-22,-32.2025,-32.2025,-32.2338,-32.2256,62835200.0
1994-08-23,-32.2256,-32.1163,-32.2338,-32.1713,58363200.0
1994-08-24,-32.1713,-32.14,-32.1713,-32.1556,35246400.0
1994-08-25,-32.1475,-32.0931,-32.1556,-32.1281,55174400.0
1994-08-26,-32.1163,-32.0306,-32.1244,-32.085,60961600.0
1994-08-29,-32.0538,-32.0069,-32.0775,-32.0738,56625600.0
1994-08-30,-32.0775,-31.9838,-32.1006,-31.9913,39851200.0
1994-08-31,-31.9913,-31.9369,-32.0306,-32.0069,60968000.0
1994-09-01,-32.0775,-32.0775,-32.1556,-32.1319,115568000.0
1994-09-02,-32.1088,-32.1088,-32.1556,-32.14,46964800.0
1994-09-06,-32.1475,-32.1244,-32.1594,-32.14,28804800.0
1994-09-07,-32.1244,-32.0269,-32.1319,-32.085,43588800.0
1994-09-08,-32.0775,-32.015,-32.0775,-32.0188,28377600.0
1994-09-09,-32.1319,-32.0225,-32.1475,-32.085,60800000.0
1994-09-12,-32.0694,-32.0694,-32.1475,-32.1319,36238400.0
1994-09-13,-32.1163,-32.0225,-32.1163,-32.0425,41134400.0
1994-09-14,-32.0306,-32.0069,-32.0463,-32.0381,29968000.0
1994-09-15,-32.0381,-31.9994,-32.0538,-31.9994,40640000.0
1994-09-16,-32.015,-32.0069,-32.0931,-32.085,52921600.0
1994-09-19,-32.0694,-32.0619,-32.1006,-32.085,48350400.0
1994-09-20,-32.085,-32.0694,-32.1438,-32.14,40276800.0
1994-09-21,-32.1206,-32.0538,-32.2025,-32.0619,82948800.0
1994-09-22,-32.0619,-32.0463,-32.1006,-32.0775,44320000.0
1994-09-23,-32.085,-32.0463,-32.14,-32.14,48371200.0
1994-09-26,-32.14,-32.14,-32.1869,-32.1675,29921600.0
1994-09-27,-32.1713,-32.1088,-32.21,-32.1088,50585600.0
1994-09-28,-32.1006,-32.0463,-32.1088,-32.0775,33355200.0
1994-09-29,-32.085,-32.0619,-32.1163,-32.1088,27105600.0
1994-09-30,-32.1088,-32.0463,-32.1319,-32.1319,34608000.0
1994-10-03,-32.1319,-32.1163,-32.1713,-32.1475,28833600.0
1994-10-04,-32.14,-32.1319,-32.21,-32.2025,42622400.0
1994-10-05,-32.21,-32.1475,-32.2569,-32.1713,50985600.0
1994-10-06,-32.1713,-32.1475,-32.2494,-32.2338,40790400.0
1994-10-07,-32.2256,-32.21,-32.2725,-32.2413,51518400.0
1994-10-10,-32.2413,-32.1788,-32.2413,-32.2181,39480000.0
1994-10-11,-32.1944,-32.1006,-32.1944,-32.1519,55692800.0
1994-10-12,-32.1475,-32.1088,-32.1556,-32.1244,27912000.0
1994-10-13,-32.1006,-32.0306,-32.1006,-32.0619,63033600.0
1994-10-14,-32.0619,-32.0538,-32.1906,-32.1438,99878400.0
1994-10-17,-32.14,-32.1244,-32.2025,-32.1944,31160000.0
1994-10-18,-32.1869,-32.0931,-32.1988,-32.1006,52686400.0
1994-10-19,-32.1006,-32.015,-32.1244,-32.0381,59488000.0
1994-10-20,-31.9994,-31.8975,-32.0225,-31.9131,136558400.0
1994-10-21,-31.9369,-31.9131,-31.9913,-31.9288,67099200.0
1994-10-24,-31.9213,-31.9213,-31.9913,-31.96,57145600.0
1994-10-25,-31.9681,-31.9056,-31.9913,-31.9094,44780800.0
1994-10-26,-31.8975,-31.8194,-31.9056,-31.8275,97904000.0
1994-10-27,-31.8194,-31.7881,-31.8431,-31.7881,41238400.0
1994-10-28,-31.7881,-31.7413,-31.8038,-31.7569,58414400.0
1994-10-31,-31.7494,-31.6556,-31.765,-31.7025,59932800.0
1994-11-01,-31.7181,-31.71,-31.7569,-31.7181,39624000.0
1994-11-02,-31.7181,-31.6325,-31.7338,-31.7025,61408000.0
1994-11-03,-31.7025,-31.6869,-31.7413,-31.7256,63441600.0
1994-11-04,-31.7256,-31.6944,-31.8081,-31.7963,46947200.0
1994-11-07,-31.7963,-31.765,-31.835,-31.7725,47094400.0
1994-11-08,-31.7725,-31.6475,-31.7844,-31.6631,43328000.0
1994-11-09,-31.6244,-31.6013,-31.6944,-31.6556,60206400.0
1994-11-10,-31.6713,-31.6169,-31.6713,-31.6594,24689600.0
1994-11-11,-31.7494,-31.7219,-31.8431,-31.7494,132899200.0
1994-11-14,-31.7181,-31.6088,-31.7181,-31.6088,48934400.0
1994-11-15,-31.6088,-31.57,-31.6244,-31.605,52544000.0
1994-11-16,-31.5931,-31.5856,-31.6088,-31.6013,30196800.0
1994-11-17,-31.6013,-31.5931,-31.6475,-31.6244,33232000.0
1994-11-18,-31.6325,-31.5931,-31.64,-31.6325,25694400.0
1994-11-21,-31.6088,-31.5931,-31.6788,-31.6713,35560000.0
1994-11-22,-31.6869,-31.6475,-31.7725,-31.765,56358400.0
1994-11-23,-31.7881,-31.7613,-31.8238,-31.7963,87507200.0
1994-11-25,-31.7806,-31.7413,-31.7881,-31.7494,12563200.0
1994-11-28,-31.7338,-31.6713,-31.7494,-31.6788,43449600.0
1994-11-29,-31.6631,-31.6169,-31.6713,-31.6325,37673600.0
1994-11-30,-31.6244,-31.6244,-31.7181,-31.71,40934400.0
1994-12-01,-31.7256,-31.6769,-31.7338,-31.73,43096000.0
1994-12-02,-31.7181,-31.6869,-31.765,-31.6869,37715200.0
1994-12-05,-31.6788,-31.6244,-31.6944,-31.6831,38166400.0
1994-12-06,-31.6869,-31.6325,-31.7025,-31.6788,38830400.0
1994-12-07,-31.6713,-31.6475,-31.7025,-31.7025,36744000.0
1994-12-08,-31.6944,-31.6556,-31.7494,-31.7338,41934400.0
1994-12-09,-31.7338,-31.6869,-31.7494,-31.6944,79956800.0
1994-12-12,-31.6944,-31.6713,-31.7881,-31.6944,65313600.0
1994-12-13,-31.6788,-31.6713,-31.7494,-31.7181,30219200.0
1994-12-14,-31.7338,-31.6631,-31.7338,-31.6869,33641600.0
1994-12-15,-31.6788,-31.6325,-31.7025,-31.6713,28854400.0
1994-12-16,-31.6631,-31.6244,-31.69,-31.6788,54020800.0
1994-12-19,-31.6788,-31.6631,-31.7338,-31.7256,31507200.0
1994-12-20,-31.7256,-31.7181,-31.9681,-31.8975,253456000.0
1994-12-21,-31.8744,-31.7881,-31.8819,-31.7963,69395200.0
1994-12-22,-31.7963,-31.765,-31.8744,-31.8506,57355200.0
1994-12-23,-31.8506,-31.8038,-31.8663,-31.835,19486400.0
1994-12-27,-31.8275,-31.7881,-31.8506,-31.8431,20566400.0
1994-12-28,-31.8431,-31.8275,-31.89,-31.8275,34961600.0
1994-12-29,-31.835,-31.7725,-31.8506,-31.7769,23446400.0
1994-12-30,-31.7725,-31.7725,-31.8194,-31.8194,20686400.0
1995-01-03,-31.7963,-31.7963,-31.8819,-31.8781,39545600.0
1995-01-04,-31.8744,-31.8431,-31.9213,-31.8506,51611200.0
1995-01-05,-31.835,-31.8275,-31.9288,-31.9131,39824000.0
1995-01-06,-31.8975,-31.8119,-31.9056,-31.8506,46681600.0
1995-01-09,-31.835,-31.8275,-31.9056,-31.8744,46000000.0
1995-01-10,-31.8506,-31.7963,-31.8588,-31.8275,42184000.0
1995-01-11,-31.8194,-31.7806,-31.8431,-31.8038,31512000.0
1995-01-12,-31.8119,-31.7569,-31.8275,-31.8119,26996800.0
1995-01-13,-31.765,-31.7025,-31.7725,-31.7181,41307200.0
1995-01-16,-31.6869,-31.6088,-31.7025,-31.6325,74648000.0
1995-01-17,-31.5931,-31.57,-31.6169,-31.6013,73932800.0
1995-01-18,-31.5856,-31.5619,-31.6244,-31.5738,50504000.0
1995-01-19,-31.6088,-31.5775,-31.675,-31.6713,67108800.0
1995-01-20,-31.71,-31.6713,-31.8119,-31.7881,82388800.0
1995-01-23,-31.8275,-31.7025,-31.8588,-31.7144,53843200.0
1995-01-24,-31.7025,-31.6944,-31.765,-31.7638,36739200.0
1995-01-25,-31.7881,-31.7494,-31.8275,-31.7806,52459200.0
1995-01-26,-31.835,-31.8275,-31.9056,-31.8975,80836800.0
1995-01-27,-31.8819,-31.8744,-31.9056,-31.8975,58376000.0
1995-01-30,-31.8819,-31.8819,-31.96,-31.9525,55164800.0
1995-01-31,-31.9444,-31.9056,-31.9994,-31.9288,59945600.0
1995-02-01,-31.9288,-31.8431,-31.9538,-31.9444,66705600.0
1995-02-02,-31.9681,-31.9288,-31.9913,-31.9525,46312000.0
1995-02-03,-31.9213,-31.8588,-31.9369,-31.8819,60332800.0
1995-02-06,-31.8819,-31.8194,-31.8819,-31.835,48345600.0
1995-02-07,-31.8431,-31.8194,-31.8506,-31.8275,33152000.0
1995-02-08,-31.8119,-31.765,-31.8275,-31.7725,49150400.0
1995-02-09,-31.7569,-31.7338,-31.7806,-31.7725,42398400.0
1995-02-10,-31.765,-31.7256,-31.7963,-31.765,49862400.0
1995-02-13,-31.765,-31.7181,-31.7881,-31.765,38160000.0
1995-02-14,-31.7569,-31.7494,-31.7963,-31.7725,31121600.0
1995-02-15,-31.8819,-31.8038,-31.9131,-31.8431,147001600.0
1995-02-16,-31.835,-31.8194,-31.8744,-31.835,56744000.0
1995-02-17,-31.8431,-31.835,-31.8744,-31.8663,37824000.0
1995-02-21,-31.8588,-31.8431,-31.9213,-31.9056,55392000.0
1995-02-22,-31.9056,-31.765,-31.9131,-31.7963,60902400.0
1995-02-23,-31.8119,-31.7569,-31.8275,-31.7881,59939200.0
1995-02-24,-31.8038,-31.7725,-31.8119,-31.8119,34177600.0
1995-02-27,-31.8038,-31.765,-31.8194,-31.7806,28592000.0
1995-02-28,-31.7725,-31.6869,-31.7806,-31.7025,52544000.0
1995-03-01,-31.6944,-31.64,-31.7181,-31.6869,52032000.0
1995-03-02,-31.6869,-31.6556,-31.6944,-31.6556,26038400.0
1995-03-03,-31.6631,-31.6475,-31.6944,-31.6631,31776000.0
1995-03-06,-31.6869,-31.6169,-31.71,-31.6206,45156800.0
1995-03-07,-31.6169,-31.5138,-31.6244,-31.5563,91750400.0
1995-03-08,-31.5306,-31.3513,-31.5306,-31.3588,140096000.0
1995-03-09,-31.3588,-31.3431,-31.4606,-31.3981,58238400.0
1995-03-10,-31.3981,-31.3431,-31.4838,-31.355,44324800.0
1995-03-13,-31.3513,-31.2844,-31.3744,-31.3275,34550400.0
1995-03-14,-31.3044,-31.14,-31.3119,-31.1556,78643200.0
1995-03-15,-31.1556,-31.1481,-31.2419,-31.2338,57294400.0
1995-03-16,-31.265,-31.2338,-31.2888,-31.2575,47510400.0
1995-03-17,-31.2338,-31.1556,-31.2731,-31.2688,59868800.0
1995-03-20,-31.2575,-31.1713,-31.265,-31.195,37772800.0
1995-03-21,-31.1869,-31.1713,-31.2419,-31.2375,74772800.0
1995-03-22,-31.2338,-31.2025,-31.2731,-31.2063,52464000.0
1995-03-23,-31.1794,-31.0619,-31.1869,-31.0931,105286400.0
1995-03-24,-31.0619,-31.0075,-31.07,-31.0231,65683200.0
1995-03-27,-31.0931,-31.0231,-31.1013,-31.0775,61008000.0
1995-03-28,-31.0856,-31.015,-31.0856,-31.0388,47603200.0
1995-03-29,-31.0388,-31.015,-31.1363,-31.1244,65763200.0
1995-03-30,-31.1088,-31.0931,-31.2419,-31.1325,75011200.0
1995-03-31,-31.1556,-31.1325,-31.2338,-31.195,63080000.0
1995-04-03,-31.2025,-31.1794,-31.2963,-31.265,65617600.0
1995-04-04,-31.2494,-31.1713,-31.2806,-31.2731,66689600.0
1995-04-05,-31.2731,-31.2263,-31.3431,-31.2263,65792000.0
1995-04-06,-31.2263,-31.2106,-31.3,-31.265,35414400.0
1995-04-07,-31.2494,-31.2181,-31.2963,-31.2888,43148800.0
1995-04-10,-31.2963,-31.1869,-31.3044,-31.2063,43169600.0
1995-04-11,-31.1638,-31.1313,-31.195,-31.1325,43624000.0
1995-04-12,-31.1325,-31.0619,-31.2181,-31.1638,40430400.0
1995-04-13,-31.1556,-31.1088,-31.195,-31.1088,32814400.0
1995-04-17,-30.9213,-30.7575,-30.9213,-30.8044,187913600.0
1995-04-18,-30.8044,-30.7963,-30.89,-30.8431,75609600.0
1995-04-19,-30.8513,-30.8275,-30.9213,-30.8825,59163200.0
1995-04-20,-30.8588,-30.8356,-31.015,-30.9369,83913600.0
1995-04-21,-30.9138,-30.8981,-30.9606,-30.9525,53555200.0
1995-04-24,-30.9294,-30.7794,-30.945,-30.7806,68089600.0
1995-04-25,-30.7888,-30.6325,-30.7888,-30.64,69371200.0
1995-04-26,-30.6556,-30.6244,-30.695,-30.6638,44305600.0
1995-04-27,-30.6638,-30.6088,-30.8669,-30.7263,128844800.0
1995-04-28,-30.7106,-30.5075,-30.7263,-30.5306,92104000.0
1995-05-01,-30.5231,-30.4056,-30.5306,-30.5075,65550400.0
1995-05-02,-30.5075,-30.4994,-30.6713,-30.6675,78099200.0
1995-05-03,-30.6244,-30.5775,-30.6244,-30.5856,61566400.0
1995-05-04,-30.5463,-30.4369,-30.5775,-30.5463,66524800.0
1995-05-05,-30.5544,-30.5388,-30.6481,-30.64,43707200.0
1995-05-08,-30.6481,-30.6169,-30.695,-30.6481,43988800.0
1995-05-09,-30.64,-30.6169,-30.695,-30.6519,36748800.0
1995-05-10,-30.6325,-30.6169,-30.7106,-30.6869,38688000.0
1995-05-11,-30.695,-30.5463,-30.7025,-30.5544,38673600.0
1995-05-12,-30.5544,-30.4994,-30.6169,-30.5931,36192000.0
1995-05-15,-30.6013,-30.515,-30.6481,-30.5581,35232000.0
1995-05-16,-30.5463,-30.3263,-30.5463,-30.3356,86708800.0
1995-05-17,-30.3119,-30.2106,-30.32,-30.265,66515200.0
1995-05-18,-30.2888,-30.2181,-30.3513,-30.3513,58326400.0
1995-05-19,-30.3744,-30.2963,-30.39,-30.3044,45190400.0
1995-05-22,-30.3044,-30.1713,-30.39,-30.1869,91382400.0
1995-05-23,-30.1713,-30.1088,-30.2631,-30.1088,55516800.0
1995-05-24,-30.07,-30.0463,-30.2025,-30.1713,68684800.0
1995-05-25,-30.1481,-30.0544,-30.195,-30.0619,43440000.0
1995-05-26,-30.0656,-30.0619,-30.2025,-30.1713,52934400.0
1995-05-30,-30.14,-30.1169,-30.4763,-30.4525,99612800.0
1995-05-31,-30.4369,-30.3431,-30.5775,-30.3469,119756800.0
1995-06-01,-30.3275,-30.2888,-30.3981,-30.3825,61153600.0
1995-06-02,-30.4056,-30.3825,-30.4763,-30.445,55556800.0
1995-06-05,-30.4763,-30.3044,-30.5306,-30.3431,55852800.0
1995-06-06,-30.3356,-30.2638,-30.445,-30.445,49036800.0
1995-06-07,-30.4606,-30.3431,-30.5075,-30.39,64590400.0
1995-06-08,-30.3825,-30.3513,-30.4138,-30.3825,29320000.0
1995-06-09,-30.4056,-30.2731,-30.4763,-30.3356,81214400.0
1995-06-12,-30.3513,-30.3431,-30.4369,-30.4056,45832000.0
1995-06-13,-30.3825,-30.3431,-30.4294,-30.3981,37691200.0
1995-06-14,-30.4294,-30.3825,-30.4681,-30.4019,43096000.0
1995-06-15,-30.39,-30.3275,-30.3981,-30.3356,43912000.0
1995-06-16,-30.3275,-30.1713,-30.3356,-30.2025,92278400.0
1995-06-19,-30.1869,-30.0219,-30.2106,-30.0269,78982400.0
1995-06-20,-29.9919,-29.9294,-30.0306,-29.9294,56670400.0
1995-06-21,-29.8981,-29.8669,-30.015,-29.9838,57224000.0
1995-06-22,-29.9763,-29.89,-29.9763,-29.8981,46296000.0
1995-06-23,-29.9681,-29.8781,-29.9994,-29.945,46356800.0
1995-06-26,-29.9525,-29.945,-30.0463,-30.0306,41048000.0
1995-06-27,-30.0463,-29.9838,-30.2181,-30.2106,66004800.0
1995-06-28,-30.2181,-30.0775,-30.3356,-30.1481,107286400.0
1995-06-29,-30.14,-30.0306,-30.14,-30.0544,57643200.0
1995-06-30,-30.0388,-29.9525,-30.0388,-29.9919,53342400.0
1995-07-03,-29.9606,-29.945,-29.9919,-29.9563,16763200.0
1995-07-05,-29.9138,-29.89,-29.9919,-29.9719,48547200.0
1995-07-06,-29.9763,-29.8275,-29.9919,-29.8431,47070400.0
1995-07-07,-29.8356,-29.6638,-29.8431,-29.6638,66699200.0
1995-07-10,-29.64,-29.4056,-29.6556,-29.4606,111982400.0
1995-07-11,-29.4525,-29.445,-29.6088,-29.6088,78227200.0
1995-07-12,-29.5931,-29.39,-29.5931,-29.3981,94675200.0
1995-07-13,-29.3825,-29.2963,-29.5075,-29.3825,84811200.0
1995-07-14,-29.4994,-29.1638,-29.515,-29.1638,89905600.0
1995-07-17,-28.9056,-28.8119,-28.9838,-28.8275,155830400.0
1995-07-18,-28.9525,-28.945,-29.3119,-29.2731,289624000.0
1995-07-19,-29.5775,-29.4681,-30.1088,-29.7338,305092800.0
1995-07-20,-29.6869,-29.5544,-29.765,-29.6325,177848000.0
1995-07-21,-29.765,-29.64,-29.9056,-29.89,169257600.0
1995-07-24,-29.8513,-29.7806,-29.8825,-29.7888,94811200.0
1995-07-25,-29.6713,-29.5388,-29.7025,-29.6169,109422400.0
1995-07-26,-29.5388,-29.5075,-29.7106,-29.64,77470400.0
1995-07-27,-29.6088,-29.5388,-29.6244,-29.6088,52916800.0
1995-07-28,-29.64,-29.64,-29.89,-29.8513,158468800.0
1995-07-31,-29.82,-29.7963,-30.015,-29.9838,101435200.0
1995-08-01,-29.9681,-29.9594,-30.1481,-30.0463,166144000.0
1995-08-02,-29.9525,-29.8513,-30.14,-30.0775,129804800.0
1995-08-03,-30.14,-29.9294,-30.1713,-29.945,113536000.0
1995-08-04,-29.9294,-29.7731,-29.9369,-29.7731,77705600.0
1995-08-07,-29.7338,-29.6713,-29.9056,-29.7888,64273600.0
1995-08-08,-29.7575,-29.7106,-29.8044,-29.7963,43913600.0
1995-08-09,-29.5306,-29.5075,-29.64,-29.6088,144384000.0
1995-08-10,-29.5775,-29.57,-29.7731,-29.7575,71883200.0
1995-08-11,-29.7181,-29.6013,-29.8825,-29.6088,97195200.0
1995-08-14,-29.5856,-29.4369,-29.6556,-29.4681,88872000.0
1995-08-15,-29.4369,-29.4294,-29.5856,-29.4919,63267200.0
1995-08-16,-29.4919,-29.4606,-29.57,-29.4681,38118400.0
1995-08-17,-29.4606,-29.3431,-29.475,-29.445,74564800.0
1995-08-18,-29.4094,-29.4056,-29.5775,-29.57,77502400.0
1995-08-21,-29.5463,-29.4994,-29.7419,-29.7338,110491200.0
1995-08-22,-29.695,-29.4294,-29.7419,-29.4331,94320000.0
1995-08-23,-29.39,-29.3588,-29.5463,-29.5231,111188800.0
1995-08-24,-29.5075,-29.5075,-29.6713,-29.6325,95275200.0
1995-08-25,-29.6169,-29.5931,-29.7419,-29.7419,73489600.0
1995-08-28,-29.7419,-29.7419,-30.0231,-30.0113,112622400.0
1995-08-29,-30.0075,-29.8981,-30.2025,-29.8981,163929600.0
1995-08-30,-29.8356,-29.7806,-29.9213,-29.8119,79499200.0
1995-08-31,-29.8044,-29.765,-29.9213,-29.8588,38764800.0
1995-09-01,-29.9056,-29.89,-30.0544,-30.0306,80262400.0
1995-09-05,-29.9606,-29.695,-29.9994,-29.7025,92052800.0
1995-09-06,-29.6869,-29.6088,-29.8275,-29.7963,100265600.0
1995-09-07,-29.7494,-29.6013,-29.8119,-29.7263,93932800.0
1995-09-08,-29.7806,-29.6638,-29.8119,-29.6713,64417600.0
1995-09-11,-29.6794,-29.5231,-29.7025,-29.5388,77408000.0
1995-09-12,-29.5306,-29.5306,-29.6638,-29.6244,71155200.0
1995-09-13,-29.6325,-29.5775,-29.695,-29.6325,61208000.0
1995-09-14,-29.6325,-29.6088,-29.7181,-29.7106,54230400.0
1995-09-15,-29.7181,-29.6794,-29.8588,-29.8,88316800.0
1995-09-18,-29.8119,-29.8044,-29.9606,-29.89,76827200.0
1995-09-19,-29.89,-29.7338,-29.9213,-29.8081,58011200.0
1995-09-20,-29.7963,-29.7263,-29.8513,-29.82,44652800.0
1995-09-21,-29.9369,-29.8238,-29.9838,-29.9763,83836800.0
1995-09-22,-30.0231,-29.9681,-30.0775,-30.0306,99899200.0
1995-09-25,-29.9838,-29.9763,-30.1088,-30.0006,57878400.0
1995-09-26,-29.9919,-29.8981,-30.1325,-30.1244,76548800.0
1995-09-27,-30.14,-30.0931,-30.4294,-30.1013,140756800.0
1995-09-28,-30.0775,-29.9213,-30.0856,-29.9213,105510400.0
1995-09-29,-29.9138,-29.8431,-30.0113,-29.9838,95158400.0
1995-10-02,-29.9838,-29.9606,-30.1325,-30.1244,67731200.0
1995-10-03,-30.1325,-30.0619,-30.1869,-30.0856,80736000.0
1995-10-04,-30.1325,-30.1325,-30.2963,-30.2575,73473600.0
1995-10-05,-30.265,-30.1713,-30.3275,-30.1713,101289600.0
1995-10-06,-30.1713,-30.0775,-30.2963,-30.2731,76616000.0
1995-10-09,-30.3356,-30.2806,-30.4681,-30.445,108614400.0
1995-10-10,-30.5619,-30.3825,-30.6169,-30.4056,157644800.0
1995-10-11,-30.2731,-30.1794,-30.3275,-30.2263,107009600.0
1995-10-12,-30.2025,-30.1325,-30.2263,-30.1638,78700800.0
1995-10-13,-30.1088,-30.0931,-30.265,-30.2494,68644800.0
1995-10-16,-30.2806,-30.1794,-30.2963,-30.2181,61067200.0
1995-10-17,-30.1869,-29.9213,-30.2181,-29.945,123140800.0
1995-10-18,-29.4994,-29.4763,-29.7106,-29.6638,294329600.0
1995-10-19,-29.6869,-29.5775,-29.7181,-29.5931,95840000.0
1995-10-20,-29.6088,-29.5856,-29.7106,-29.6713,79984000.0
1995-10-23,-29.7025,-29.57,-29.7338,-29.6169,93473600.0
1995-10-24,-29.6169,-29.5075,-29.6169,-29.5463,68681600.0
1995-10-25,-29.5388,-29.5306,-29.6481,-29.6481,60211200.0
1995-10-26,-29.6556,-29.5075,-29.6794,-29.515,82841600.0
1995-10-27,-29.5463,-29.3813,-29.5544,-29.39,130683200.0
1995-10-30,-29.4369,-29.1794,-29.4838,-29.2181,125464000.0
1995-10-31,-29.2025,-29.1794,-29.4056,-29.39,91958400.0
1995-11-01,-29.3825,-29.3275,-29.4994,-29.4919,72819200.0
1995-11-02,-29.4763,-29.3669,-29.4994,-29.39,63504000.0
1995-11-03,-29.39,-29.3825,-29.4681,-29.4213,40635200.0
1995-11-06,-29.5775,-29.4606,-29.5856,-29.5544,87729600.0
1995-11-07,-29.6088,-29.5544,-29.8356,-29.8275,115921600.0
1995-11-08,-29.7731,-29.6713,-29.8044,-29.6869,71280000.0
1995-11-09,-29.6088,-29.4513,-29.64,-29.4525,99814400.0
1995-11-10,-29.4838,-29.4525,-29.6019,-29.5856,60819200.0
1995-11-13,-29.6013,-29.5619,-29.6363,-29.6206,59003200.0
1995-11-14,-29.6481,-29.64,-29.7731,-29.765,75657600.0
1995-11-15,-29.7419,-29.7263,-29.8981,-29.765,108686400.0
1995-11-16,-29.9838,-29.9,-30.0388,-30.0231,195126400.0
1995-11-17,-30.015,-29.9763,-30.1794,-30.1794,143803200.0
1995-11-20,-30.1169,-30.0544,-30.2806,-30.265,115296000.0
1995-11-21,-30.2731,-30.0931,-30.3744,-30.14,130163200.0
1995-11-22,-30.1169,-30.0463,-30.1869,-30.1794,65428800.0
1995-11-24,-30.1638,-30.1244,-30.1794,-30.14,15014400.0
1995-11-27,-30.1013,-30.0463,-30.1938,-30.1869,79100800.0
1995-11-28,-30.2025,-29.9213,-30.2338,-29.9213,86537600.0
1995-11-29,-29.8981,-29.8588,-30.0619,-30.0306,91067200.0
1995-11-30,-30.0463,-30.0306,-30.2106,-30.195,93512000.0
1995-12-01,-30.195,-30.1481,-30.2731,-30.2494,96124800.0
1995-12-04,-30.2575,-30.0388,-30.3119,-30.1481,130436800.0
1995-12-05,-30.1481,-30.1325,-30.32,-30.265,104528000.0
1995-12-06,-30.2575,-29.9525,-30.265,-29.9763,145272000.0
1995-12-07,-29.945,-29.89,-30.0863,-29.9838,132876800.0
1995-12-08,-29.8513,-29.7263,-29.8756,-29.7338,147041600.0
1995-12-11,-29.7338,-29.7181,-29.8275,-29.82,61924800.0
1995-12-12,-29.8275,-29.82,-29.945,-29.9294,44739200.0
1995-12-13,-29.945,-29.8825,-29.9838,-29.9056,39577600.0
1995-12-14,-29.8744,-29.7963,-30.1013,-30.0931,92822400.0
1995-12-15,-30.07,-30.0306,-30.1869,-30.1169,115470400.0
1995-12-18,-30.1169,-30.0775,-30.3044,-30.2025,99460800.0
1995-12-19,-30.1794,-29.9513,-30.1794,-29.9606,84340800.0
1995-12-20,-29.945,-29.9294,-30.2025,-30.195,84980800.0
1995-12-21,-30.1556,-30.015,-30.1794,-30.015,60593600.0
1995-12-22,-30.0075,-29.9606,-30.07,-29.9838,36057600.0
1995-12-26,-29.9994,-29.9369,-30.0231,-29.9994,34707200.0
1995-12-27,-29.9919,-29.9763,-30.1169,-30.0856,40539200.0
1995-12-28,-30.1244,-30.1088,-30.1869,-30.1794,49777600.0
1995-12-29,-30.1869,-30.0931,-30.2494,-30.1556,52342400.0
1996-01-02,-30.1481,-30.0306,-30.1794,-30.0306,57779200.0
1996-01-03,-30.07,-30.0075,-30.2181,-30.2106,62857600.0
1996-01-04,-30.1869,-30.1713,-30.3356,-30.1794,102353600.0
1996-01-05,-30.2494,-30.1638,-30.2575,-30.2419,62083200.0
1996-01-08,-30.2338,-30.1638,-30.2575,-30.2494,11377600.0
1996-01-09,-30.265,-30.265,-30.6481,-30.6281,177424000.0
1996-01-10,-30.6088,-30.4369,-30.61,-30.4919,181571200.0
1996-01-11,-30.4213,-30.2106,-30.445,-30.2263,116617600.0
1996-01-12,-30.2338,-30.2106,-30.3981,-30.2806,80544000.0
1996-01-15,-30.2731,-30.2731,-30.5231,-30.4838,84572800.0
1996-01-16,-30.4138,-30.235,-30.4369,-30.2419,122006400.0
1996-01-17,-30.3431,-30.1713,-30.3513,-30.3356,143078400.0
1996-01-18,-30.2963,-30.0856,-30.3275,-30.1638,121331200.0
1996-01-19,-29.9994,-29.8119,-30.0388,-29.8981,227440000.0
1996-01-22,-29.9138,-29.8431,-29.9606,-29.89,82643200.0
1996-01-23,-29.9294,-29.9056,-30.0619,-30.0463,66473600.0
1996-01-24,-30.0231,-29.8588,-30.0463,-29.9369,92217600.0
1996-01-25,-29.9294,-29.9138,-30.0775,-30.0544,59881600.0
1996-01-26,-30.07,-29.9606,-30.0775,-29.9838,50881600.0
1996-01-29,-29.9681,-29.9369,-30.055,-29.9919,39587200.0
1996-01-30,-29.9606,-29.9294,-29.9763,-29.9644,45120000.0
1996-01-31,-29.9681,-29.8513,-30.0075,-29.8588,68774400.0
1996-02-01,-29.8744,-29.7494,-29.89,-29.7575,78587200.0
1996-02-02,-29.765,-29.7575,-29.8825,-29.8275,44686400.0
1996-02-05,-29.8431,-29.5619,-29.8431,-29.57,126480000.0
1996-02-06,-29.6088,-29.5463,-29.6638,-29.6088,98158400.0
1996-02-07,-29.64,-29.57,-29.6725,-29.5856,65555200.0
1996-02-08,-29.6013,-29.4213,-29.6713,-29.4606,103924800.0
1996-02-09,-29.4681,-29.3744,-29.4838,-29.3825,122832000.0
1996-02-12,-29.4056,-29.32,-29.445,-29.4213,87779200.0
1996-02-13,-29.5306,-29.3744,-29.5463,-29.4138,114513600.0
1996-02-14,-29.3825,-29.3825,-29.4919,-29.4681,80212800.0
1996-02-15,-29.4838,-29.445,-29.5306,-29.4838,52195200.0
1996-02-16,-29.4681,-29.4369,-29.5231,-29.5231,62206400.0
1996-02-20,-29.5619,-29.4838,-29.5856,-29.5306,64182400.0
1996-02-21,-29.5306,-29.3825,-29.5463,-29.3981,80046400.0
1996-02-22,-29.39,-29.2263,-29.39,-29.2338,106500800.0
1996-02-23,-29.2263,-29.1638,-29.2731,-29.1713,102640000.0
1996-02-26,-29.2025,-29.1869,-29.3588,-29.3513,63696000.0
1996-02-27,-29.3431,-29.3394,-29.4069,-29.3825,60958400.0
1996-02-28,-29.3431,-29.265,-29.3981,-29.3825,60051200.0
1996-02-29,-29.4525,-29.3825,-29.48,-29.4719,61723200.0
1996-03-01,-29.4919,-29.4763,-29.7263,-29.6713,157652800.0
1996-03-04,-29.64,-29.5544,-29.6713,-29.6244,72564800.0
1996-03-05,-29.64,-29.4981,-29.6556,-29.5075,57369600.0
1996-03-06,-29.4994,-29.4606,-29.5775,-29.5775,44256000.0
1996-03-07,-29.57,-29.5388,-29.6013,-29.5581,44291200.0
1996-03-08,-29.6713,-29.5463,-29.7181,-29.695,108524800.0
1996-03-11,-29.695,-29.6013,-29.695,-29.6088,74592000.0
1996-03-12,-29.6244,-29.6013,-29.7181,-29.6556,76888000.0
1996-03-13,-29.5006,-29.3275,-29.5306,-29.3356,156710400.0
1996-03-14,-29.32,-29.2731,-29.4138,-29.4138,60640000.0
1996-03-15,-29.39,-29.195,-29.4138,-29.2419,121721600.0
1996-03-18,-29.2419,-29.0231,-29.2419,-29.0619,119472000.0
1996-03-19,-28.9919,-28.9488,-29.0931,-28.9606,92491200.0
1996-03-20,-28.9994,-28.9763,-29.1569,-29.1013,92944000.0
1996-03-21,-29.1244,-29.1169,-29.3588,-29.3431,66313600.0
1996-03-22,-29.32,-29.3,-29.4056,-29.32,48046400.0
1996-03-25,-29.2963,-29.2419,-29.4644,-29.3981,63379200.0
1996-03-26,-29.4294,-29.2106,-29.4681,-29.2181,79899200.0
1996-03-27,-29.1869,-29.14,-29.32,-29.2338,52729600.0
1996-03-28,-29.2731,-29.1713,-29.32,-29.2494,54955200.0
1996-03-29,-29.2419,-29.1325,-29.2575,-29.195,53508800.0
1996-04-01,-29.1938,-29.1713,-29.2575,-29.2181,31692800.0
1996-04-02,-29.2181,-29.0775,-29.2263,-29.1013,54396800.0
1996-04-03,-29.1325,-29.07,-29.1794,-29.1088,46072000.0
1996-04-04,-29.1013,-29.0856,-29.1713,-29.1169,28961600.0
1996-04-08,-29.2338,-29.1481,-29.2731,-29.1556,73753600.0
1996-04-09,-29.14,-29.14,-29.2963,-29.2888,66942400.0
1996-04-10,-29.2963,-29.2025,-29.3119,-29.2888,51910400.0
1996-04-11,-29.2963,-29.2419,-29.4138,-29.32,62465600.0
1996-04-12,-29.32,-29.2888,-29.3588,-29.32,33737600.0
1996-04-15,-29.3275,-29.1638,-29.3275,-29.17,50102400.0
1996-04-16,-29.1244,-29.0463,-29.14,-29.0619,80116800.0
1996-04-17,-29.0619,-29.015,-29.1206,-29.0188,62630400.0
1996-04-18,-29.015,-28.8119,-29.0463,-28.8275,133958400.0
1996-04-19,-28.6638,-28.6325,-28.7963,-28.7806,169492800.0
1996-04-22,-28.7338,-28.5544,-28.7494,-28.5931,92758400.0
1996-04-23,-28.5931,-28.5619,-28.6794,-28.6013,57139200.0
1996-04-24,-28.5775,-28.57,-28.6869,-28.6713,69251200.0
1996-04-25,-28.6713,-28.5306,-28.7494,-28.5931,63896000.0
1996-04-26,-28.5931,-28.5231,-28.6169,-28.5463,54296000.0
1996-04-29,-28.5544,-28.5463,-28.64,-28.6013,34267200.0
1996-04-30,-28.6013,-28.5619,-28.6481,-28.5619,28441600.0
1996-05-01,-28.5856,-28.4369,-28.6013,-28.445,65014400.0
1996-05-02,-28.445,-28.4369,-28.695,-28.6638,87340800.0
1996-05-03,-28.6088,-28.4838,-28.7575,-28.7106,75300800.0
1996-05-06,-28.7025,-28.6169,-28.7888,-28.6556,75852800.0
1996-05-07,-28.6638,-28.5463,-28.6638,-28.57,47366400.0
1996-05-08,-28.5856,-28.4919,-28.7181,-28.4994,77851200.0
1996-05-09,-28.4994,-28.445,-28.5619,-28.5463,47776000.0
1996-05-10,-28.4919,-28.4438,-28.5075,-28.4606,43913600.0
1996-05-13,-28.4525,-28.2106,-28.4525,-28.2263,95606400.0
1996-05-14,-28.1869,-28.14,-28.2506,-28.2025,76832000.0
1996-05-15,-28.2025,-28.1556,-28.3044,-28.2888,56323200.0
1996-05-16,-28.39,-28.3044,-28.4138,-28.32,67092800.0
1996-05-17,-28.2731,-28.265,-28.3669,-28.3275,35392000.0
1996-05-20,-28.3044,-28.2731,-28.3513,-28.3431,38457600.0
1996-05-21,-28.3431,-28.3356,-28.445,-28.445,42113600.0
1996-05-22,-28.4525,-28.3119,-28.4763,-28.3356,45646400.0
1996-05-23,-28.3356,-28.195,-28.3356,-28.2338,51976000.0
1996-05-24,-28.2338,-28.2025,-28.2494,-28.2338,26443200.0
1996-05-28,-28.2181,-28.1938,-28.32,-28.3119,43376000.0
1996-05-29,-28.3044,-28.2494,-28.3513,-28.32,33569600.0
1996-05-30,-28.3119,-28.2494,-28.3513,-28.2494,33824000.0
1996-05-31,-28.23,-28.1794,-28.265,-28.2181,40259200.0
1996-06-03,-28.2181,-28.1713,-28.2575,-28.2419,31684800.0
1996-06-04,-28.2263,-28.2106,-28.3744,-28.2731,65852800.0
1996-06-05,-28.265,-28.0619,-28.2731,-28.0856,50968000.0
1996-06-06,-28.0306,-27.9525,-28.1556,-28.1519,88136000.0
1996-06-07,-28.2888,-28.0619,-28.2888,-28.0619,70198400.0
1996-06-10,-28.0775,-28.0619,-28.1413,-28.1013,45819200.0
1996-06-11,-28.0931,-27.9369,-28.1013,-28.0075,65259200.0
1996-06-12,-27.9606,-27.8044,-27.9681,-27.8275,88844800.0
1996-06-13,-27.82,-27.7731,-27.9056,-27.8513,62577600.0
1996-06-14,-27.8431,-27.8275,-27.9606,-27.9525,55944000.0
1996-06-17,-27.945,-27.8275,-27.9919,-27.8513,57499200.0
1996-06-18,-27.8588,-27.8588,-28.015,-27.9919,74585600.0
1996-06-19,-27.9838,-27.945,-28.0544,-28.0306,73409600.0
1996-06-20,-28.015,-27.985,-28.2025,-28.0306,102228800.0
1996-06-21,-27.9919,-27.8825,-28.0463,-27.8981,56806400.0
1996-06-24,-27.89,-27.82,-27.9525,-27.8825,48102400.0
1996-06-25,-27.8744,-27.8744,-28.0544,-28.015,41145600.0
1996-06-26,-28.0231,-28.015,-28.2025,-28.1088,71457600.0
1996-06-27,-28.1088,-28.0775,-28.2025,-28.1438,77582400.0
1996-06-28,-28.1088,-28.0775,-28.195,-28.1325,52000000.0
1996-07-01,-28.1244,-27.9838,-28.1325,-27.9956,47862400.0
1996-07-02,-27.9919,-27.9763,-28.0619,-28.0388,38548800.0
1996-07-03,-28.0388,-27.9606,-28.1013,-28.07,44243200.0
1996-07-05,-28.1325,-28.1325,-28.2419,-28.2419,35331200.0
1996-07-08,-28.2338,-28.0931,-28.2575,-28.1206,64432000.0
1996-07-09,-28.0856,-28.0544,-28.14,-28.14,35571200.0
1996-07-10,-28.14,-28.14,-28.2575,-28.1713,77980800.0
1996-07-11,-28.2494,-28.2419,-28.5306,-28.4838,140915200.0
1996-07-12,-28.4406,-28.4406,-28.735,-28.6169,139478400.0
1996-07-15,-28.6169,-28.5306,-28.7731,-28.7263,111832000.0
1996-07-16,-28.7494,-28.4138,-28.9213,-28.4294,182100800.0
1996-07-17,-28.2806,-28.2575,-28.4138,-28.32,126208000.0
1996-07-18,-28.3119,-28.14,-28.3981,-28.1481,98537600.0
1996-07-19,-28.2806,-28.0388,-28.2806,-28.0788,99208000.0
1996-07-22,-28.0763,-28.0463,-28.2731,-28.1556,144475200.0
1996-07-23,-28.14,-28.14,-28.7494,-28.6325,257678400.0
1996-07-24,-28.7963,-28.4056,-28.7963,-28.4681,192225600.0
1996-07-25,-28.39,-28.2181,-28.445,-28.2338,100920000.0
1996-07-26,-28.1713,-28.1713,-28.2494,-28.195,59304000.0
1996-07-29,-28.1869,-28.1481,-28.3431,-28.3356,56748800.0
1996-07-30,-28.2731,-28.2181,-28.3825,-28.2263,66976000.0
1996-07-31,-28.2025,-28.1638,-28.2888,-28.2731,56320000.0
1996-08-01,-28.2731,-28.0856,-28.3044,-28.1013,96025600.0
1996-08-02,-28.0075,-27.8981,-28.1013,-27.9294,109289600.0
1996-08-05,-27.9213,-27.9056,-28.0619,-28.0306,55072000.0
1996-08-06,-28.0388,-27.8825,-28.0856,-27.89,67388800.0
1996-08-07,-27.8669,-27.82,-27.9606,-27.8431,76790400.0
1996-08-08,-27.8825,-27.7731,-27.9056,-27.8119,54379200.0
1996-08-09,-27.8431,-27.7963,-27.8981,-27.8588,44313600.0
1996-08-12,-27.8744,-27.7575,-27.89,-27.8119,66187200.0
1996-08-13,-27.8275,-27.7731,-27.9294,-27.9213,72508800.0
1996-08-14,-27.8981,-27.82,-27.9056,-27.8356,52032000.0
1996-08-15,-27.8431,-27.7806,-27.8669,-27.82,35556800.0
1996-08-16,-27.82,-27.8119,-27.9056,-27.8744,47598400.0
1996-08-19,-27.8981,-27.8825,-27.9994,-27.9213,43131200.0
1996-08-20,-27.9056,-27.8825,-27.9369,-27.9294,25678400.0
1996-08-21,-27.9838,-27.9213,-28.0306,-27.9213,49345600.0
1996-08-22,-27.8825,-27.82,-27.9213,-27.8275,50236800.0
1996-08-23,-27.8356,-27.8275,-27.9369,-27.9369,44006400.0
1996-08-26,-27.9294,-27.9056,-27.9681,-27.9606,31944000.0
1996-08-27,-27.945,-27.8431,-27.9525,-27.8431,28038400.0
1996-08-28,-27.8275,-27.7806,-27.8356,-27.7888,32070400.0
1996-08-29,-27.8119,-27.8119,-27.9138,-27.8825,34182400.0
1996-08-30,-27.8744,-27.8744,-27.9838,-27.9838,28088000.0
1996-09-03,-28.015,-27.9294,-28.1013,-27.9294,48524800.0
1996-09-04,-27.9294,-27.9138,-27.9563,-27.9294,27126400.0
1996-09-05,-27.9681,-27.9681,-28.0463,-28.0463,40372800.0
1996-09-06,-28.015,-27.9681,-28.0388,-27.9838,41921600.0
1996-09-09,-27.9838,-27.8275,-27.9994,-27.8356,41747200.0
1996-09-10,-27.8431,-27.82,-27.9138,-27.8669,38904000.0
1996-09-11,-27.8938,-27.7963,-27.9138,-27.82,36387200.0
1996-09-12,-27.7963,-27.5463,-27.8156,-27.6006,95944000.0
1996-09-13,-27.5381,-27.4288,-27.585,-27.4525,80137600.0
1996-09-16,-27.4444,-27.3194,-27.4525,-27.4213,62409600.0
1996-09-17,-27.335,-27.2256,-27.3744,-27.2725,75624000.0
1996-09-18,-27.265,-27.0225,-27.3119,-27.1088,86049600.0
1996-09-19,-27.1088,-26.9994,-27.1556,-27.0306,75912000.0
1996-09-20,-27.0775,-26.9756,-27.1475,-27.0069,104849600.0
1996-09-23,-27.0381,-27.0069,-27.1244,-27.0306,46385600.0
1996-09-24,-27.0463,-26.9913,-27.1319,-27.085,72520000.0
1996-09-25,-27.0463,-27.0225,-27.1788,-27.1631,44067200.0
1996-09-26,-27.1556,-27.1319,-27.4056,-27.39,92604800.0
1996-09-27,-27.3588,-27.1869,-27.4369,-27.2413,98372800.0
1996-09-30,-27.2963,-27.21,-27.4056,-27.3975,89574400.0
1996-10-01,-27.4056,-27.2725,-27.46,-27.3819,69124800.0
1996-10-02,-27.335,-27.1556,-27.3663,-27.2181,68760000.0
1996-10-03,-27.2181,-27.1944,-27.2881,-27.265,58294400.0
1996-10-04,-27.2256,-27.1006,-27.2494,-27.1163,45166400.0
1996-10-07,-27.1163,-27.0069,-27.1475,-27.0463,42432000.0
1996-10-08,-27.0306,-27.0306,-27.2025,-27.1788,48465600.0
1996-10-09,-27.14,-27.1319,-27.3119,-27.2338,64955200.0
1996-10-10,-27.2806,-27.1319,-27.3038,-27.2806,51739200.0
1996-10-11,-27.2256,-27.0619,-27.2494,-27.0694,36523200.0
1996-10-14,-27.0538,-27.0069,-27.1163,-27.1006,36091200.0
1996-10-15,-26.9681,-26.9444,-27.0538,-26.96,61206400.0
1996-10-16,-26.9681,-26.9563,-27.0775,-27.015,36427200.0
1996-10-17,-26.9994,-26.9525,-27.1713,-27.1713,49097600.0
1996-10-18,-27.265,-27.2025,-27.2925,-27.2181,69646400.0
1996-10-21,-27.2181,-27.14,-27.2963,-27.265,71401600.0
1996-10-22,-27.3194,-27.3038,-27.4369,-27.3588,113806400.0
1996-10-23,-27.3506,-27.2181,-27.4056,-27.2338,67443200.0
1996-10-24,-27.21,-27.0538,-27.2725,-27.1006,81417600.0
1996-10-25,-27.1006,-27.0225,-27.1319,-27.1125,53084800.0
1996-10-28,-27.0969,-27.0381,-27.1244,-27.1006,51240000.0
1996-10-29,-27.085,-27.0538,-27.21,-27.1788,66756800.0
1996-10-30,-27.1788,-27.0775,-27.21,-27.1244,60526400.0
1996-10-31,-27.1163,-27.0538,-27.1319,-27.0619,37028800.0
1996-11-01,-27.0619,-26.9681,-27.1088,-27.0538,56531200.0
1996-11-04,-27.0619,-26.9913,-27.0931,-27.015,36006400.0
1996-11-05,-26.9838,-26.7963,-26.9956,-26.7963,86417600.0
1996-11-06,-26.8038,-26.6088,-26.8275,-26.6088,71438400.0
1996-11-07,-26.5931,-26.5069,-26.6944,-26.6713,76742400.0
1996-11-08,-26.6788,-26.6713,-26.7963,-26.6713,67369600.0
1996-11-11,-26.6788,-26.5931,-26.7025,-26.6631,38593600.0
1996-11-12,-26.64,-26.5225,-26.7963,-26.7806,81156800.0
1996-11-13,-26.6631,-26.5306,-26.6944,-26.5775,90409600.0
1996-11-14,-26.5619,-26.2881,-26.5619,-26.2881,114969600.0
1996-11-15,-26.2181,-26.21,-26.4288,-26.3275,104041600.0
1996-11-18,-26.3038,-26.1556,-26.3506,-26.2413,98585600.0
1996-11-19,-26.2338,-25.8975,-26.2494,-25.8975,104739200.0
1996-11-20,-25.89,-25.765,-26.0619,-26.0619,123857600.0
1996-11-21,-25.9838,-25.9756,-26.265,-26.2413,130718400.0
1996-11-22,-26.2181,-26.1088,-26.3038,-26.2338,94424000.0
1996-11-25,-26.1944,-26.0381,-26.2338,-26.0463,75129600.0
1996-11-26,-26.015,-25.9288,-26.1163,-26.0306,108238400.0
1996-11-27,-26.0069,-25.9056,-26.0306,-25.9213,44446400.0
1996-11-29,-25.9213,-25.8194,-25.9213,-25.835,17152000.0
1996-12-02,-25.7963,-25.7806,-25.9369,-25.7806,64502400.0
1996-12-03,-25.7413,-25.6713,-25.9756,-25.9719,77563200.0
1996-12-04,-25.9444,-25.9369,-26.1319,-26.0619,102542400.0
1996-12-05,-26.0538,-25.9288,-26.1475,-26.0775,74950400.0
1996-12-06,-26.3275,-25.9838,-26.3731,-26.085,110238400.0
1996-12-09,-25.8438,-25.4063,-25.89,-25.4213,94718400.0
1996-12-10,-25.0938,-25.07,-25.4213,-25.4063,125725600.0
1996-12-11,-25.515,-25.1875,-25.625,-25.2188,113558400.0
1996-12-12,-25.015,-24.9838,-25.515,-25.515,78272800.0
1996-12-13,-25.5,-25.39,-25.7363,-25.64,74532000.0
1996-12-16,-25.6088,-25.5463,-26.0775,-26.0463,64883200.0
1996-12-17,-26.0625,-25.625,-26.0938,-25.6563,68944800.0
1996-12-18,-25.4688,-25.2963,-25.64,-25.3125,61796800.0
1996-12-19,-25.14,-25.0,-25.265,-25.0313,94609600.0
1996-12-20,-24.9525,-24.9375,-25.2188,-25.1875,90414400.0
1996-12-23,-25.125,-25.0463,-25.2813,-25.1713,36892800.0
1996-12-24,-25.125,-25.0,-25.25,-25.0313,16246400.0
1996-12-26,-24.9838,-24.875,-25.0,-24.9525,27905600.0
1996-12-27,-24.9525,-24.9213,-25.1375,-25.1088,19079200.0
1996-12-30,-24.9688,-24.9375,-25.2025,-25.2025,27279200.0
1996-12-31,-25.14,-25.1088,-25.3275,-25.3125,34367200.0
1997-01-02,-25.25,-25.25,-25.5463,-25.4375,54480800.0
1997-01-03,-25.3588,-25.0463,-25.39,-25.0625,44131200.0
1997-01-06,-25.0625,-24.9838,-25.25,-25.0938,55948000.0
1997-01-07,-25.0775,-25.0,-25.2188,-25.015,36880800.0
1997-01-08,-25.015,-24.9863,-25.25,-25.2188,50593600.0
1997-01-09,-25.1713,-25.1713,-25.3588,-25.3438,47763200.0
1997-01-10,-25.39,-25.0938,-25.4375,-25.1088,66556800.0
1997-01-13,-25.0,-24.9525,-25.2025,-25.1713,50361600.0
1997-01-14,-25.1088,-24.8125,-25.1088,-24.9688,63728000.0
1997-01-15,-24.9375,-24.8588,-25.0938,-25.0625,53058400.0
1997-01-16,-25.015,-24.75,-25.015,-24.89,58688000.0
1997-01-17,-24.9375,-24.6713,-24.9525,-24.75,65368800.0
1997-01-20,-24.765,-24.0313,-24.8125,-24.2963,146220800.0
1997-01-21,-24.3125,-23.7575,-24.4375,-23.765,114592000.0
1997-01-22,-23.75,-23.3275,-23.8125,-23.4688,129236800.0
1997-01-23,-23.375,-23.1713,-23.8275,-23.7963,105048000.0
1997-01-24,-23.75,-23.4213,-23.8438,-23.6475,89817600.0
1997-01-27,-23.5775,-23.4663,-23.7025,-23.625,53263200.0
1997-01-28,-23.3438,-23.2963,-23.7963,-23.6875,64656800.0
1997-01-29,-23.5463,-23.4688,-23.6713,-23.4838,48933600.0
1997-01-30,-23.3588,-22.9838,-23.39,-23.0,79937600.0
1997-01-31,-22.9063,-22.7338,-23.0313,-22.89,86516000.0
1997-02-03,-22.8125,-22.7163,-23.0,-22.8438,60804800.0
1997-02-04,-22.8438,-22.7338,-23.0775,-22.75,56464000.0
1997-02-05,-22.75,-22.7025,-23.5313,-23.3438,110099200.0
1997-02-06,-23.3588,-23.3438,-23.64,-23.5,102122400.0
1997-02-07,-23.3438,-23.0775,-23.4525,-23.0938,62448000.0
1997-02-10,-23.0463,-22.9525,-23.4375,-23.4213,66804800.0
1997-02-11,-23.3588,-23.3125,-23.75,-23.3275,88834400.0
1997-02-12,-23.3438,-23.14,-23.4525,-23.1563,72001600.0
1997-02-13,-23.0775,-23.0,-23.2188,-23.14,58292000.0
1997-02-14,-23.2188,-23.0775,-23.4375,-23.4063,57395200.0
1997-02-18,-23.4375,-23.4063,-23.6088,-23.4688,52545600.0
1997-02-19,-23.4688,-23.375,-23.5775,-23.4525,56383200.0
1997-02-20,-23.5313,-23.4525,-23.75,-23.7338,75395200.0
1997-02-21,-23.7813,-23.7188,-23.89,-23.765,61131200.0
1997-02-24,-23.8588,-23.1088,-23.89,-23.125,68599200.0
1997-02-25,-23.14,-23.0125,-23.2813,-23.2025,63941600.0
1997-02-26,-23.2025,-23.0938,-23.3438,-23.1088,48849600.0
1997-02-27,-23.1088,-23.1088,-23.64,-23.625,56628800.0
1997-02-28,-23.625,-23.3438,-23.71,-23.4525,78412000.0
1997-03-03,-23.515,-23.125,-23.5625,-23.2025,53874400.0
1997-03-04,-23.2338,-23.125,-23.3125,-23.25,63920800.0
1997-03-05,-23.2025,-23.015,-23.2338,-23.0313,46393600.0
1997-03-06,-23.0463,-23.0313,-23.4238,-23.4213,57018400.0
1997-03-07,-23.3438,-23.2025,-23.5775,-23.5463,46032000.0
1997-03-10,-23.5,-23.125,-23.6475,-23.14,45997600.0
1997-03-11,-23.1875,-23.07,-23.3438,-23.3438,47577600.0
1997-03-12,-23.4213,-23.2025,-23.4213,-23.2963,43234400.0
1997-03-13,-23.3588,-23.125,-23.39,-23.1875,45505600.0
1997-03-14,-23.1713,-23.1088,-23.2813,-23.265,61327200.0
1997-03-17,-23.3275,-23.0463,-23.39,-23.0775,83958400.0
1997-03-18,-23.0625,-23.0388,-23.2813,-23.1875,59012000.0
1997-03-19,-23.4213,-23.3588,-23.7725,-23.5463,111560000.0
1997-03-20,-23.5625,-23.4213,-23.7188,-23.64,81410400.0
1997-03-21,-23.5775,-23.5,-24.0313,-23.89,85829600.0
1997-03-24,-24.0,-23.9525,-24.6875,-24.375,186269600.0
1997-03-25,-24.3125,-24.2188,-24.5313,-24.3513,89701600.0
1997-03-26,-24.2963,-23.8125,-24.3125,-23.8588,81270400.0
1997-03-27,-23.75,-23.625,-24.265,-23.9213,93919200.0
1997-03-31,-24.0,-23.8275,-24.2338,-24.1788,93825600.0
1997-04-01,-24.375,-23.9213,-24.4213,-23.9838,86680800.0
1997-04-02,-24.0313,-23.9375,-24.265,-24.14,63331200.0
1997-04-03,-24.265,-23.7188,-24.3125,-23.75,92252800.0
1997-04-04,-23.9213,-23.5463,-23.9213,-23.8663,94964000.0
1997-04-07,-23.6875,-23.4375,-23.765,-23.6563,76511200.0
1997-04-08,-23.5625,-23.3588,-23.7025,-23.3588,53339200.0
1997-04-09,-23.25,-23.2338,-23.4213,-23.39,73762400.0
1997-04-10,-23.4213,-23.4213,-23.7025,-23.5463,67913600.0
1997-04-11,-23.7025,-23.4838,-23.7725,-23.765,60033600.0
1997-04-14,-23.7963,-23.4688,-23.9688,-23.4688,59107200.0
1997-04-15,-23.4063,-23.265,-23.6563,-23.5,84440000.0
1997-04-16,-23.5625,-23.3275,-23.6088,-23.3588,42710400.0
1997-04-17,-23.3275,-23.14,-23.4525,-23.375,71720800.0
1997-04-18,-22.64,-22.1875,-22.765,-22.1875,231764000.0
1997-04-21,-22.265,-21.6563,-22.375,-22.1875,155695200.0
1997-04-22,-22.1875,-21.7888,-22.2025,-21.8125,82300000.0
1997-04-23,-21.8125,-21.1713,-21.8438,-21.25,102814400.0
1997-04-24,-21.0625,-20.9063,-21.5463,-21.375,118163200.0
1997-04-25,-21.4525,-21.2188,-21.4838,-21.4375,58566400.0
1997-04-28,-21.4213,-21.2575,-21.6875,-21.2813,67224000.0
1997-04-29,-20.9688,-20.75,-21.0775,-20.765,73953600.0
1997-04-30,-20.8125,-20.3125,-20.8438,-20.4525,90204000.0
1997-05-01,-20.39,-20.2338,-20.7338,-20.515,72325600.0
1997-05-02,-20.39,-20.2025,-20.7725,-20.5463,96192000.0
1997-05-05,-20.6875,-20.5463,-21.2025,-20.6163,111063200.0
1997-05-06,-20.7188,-20.6713,-21.0938,-20.9763,74770400.0
1997-05-07,-21.0938,-20.765,-21.25,-21.2025,70532800.0
1997-05-08,-21.2338,-20.875,-21.25,-21.0938,53834400.0
1997-05-09,-20.89,-20.8275,-21.1713,-21.0463,58392000.0
1997-05-12,-20.9525,-20.8275,-21.015,-20.875,42976000.0
1997-05-13,-20.8438,-20.7338,-21.0313,-20.9213,49813600.0
1997-05-14,-20.8438,-20.8125,-21.1875,-21.1563,60744800.0
1997-05-15,-21.14,-20.9063,-21.1563,-21.0,41861600.0
1997-05-16,-21.0938,-21.015,-21.2813,-21.21,59913600.0
1997-05-19,-21.125,-21.0,-21.25,-21.25,45632000.0
1997-05-20,-21.1563,-20.7338,-21.2338,-20.75,64876800.0
1997-05-21,-20.5625,-20.2725,-20.6713,-20.5938,76620000.0
1997-05-22,-20.515,-20.4375,-20.6713,-20.5625,33655200.0
1997-05-23,-20.4688,-20.265,-20.5313,-20.2813,28904800.0
1997-05-27,-20.2963,-19.7188,-20.3438,-19.8125,69036000.0
1997-05-28,-19.7338,-19.7338,-20.0313,-19.9063,52241600.0
1997-05-29,-19.7338,-19.5075,-20.015,-19.9063,51111200.0
1997-05-30,-20.9525,-19.9375,-20.9525,-20.14,83337600.0
1997-06-02,-20.015,-19.9525,-20.25,-20.0938,38939200.0
1997-06-03,-20.2188,-20.2025,-20.5625,-20.5463,41995200.0
1997-06-04,-20.5625,-20.3588,-20.8588,-20.7413,54639200.0
1997-06-05,-20.6063,-20.4525,-20.7025,-20.57,35892000.0
1997-06-06,-20.4688,-20.1013,-20.515,-20.1325,35964000.0
1997-06-09,-20.0313,-19.875,-20.3275,-20.0,48200000.0
1997-06-10,-20.0,-19.7575,-20.1713,-20.0388,53135200.0
1997-06-11,-20.0388,-19.7188,-20.195,-19.765,49056800.0
1997-06-12,-19.7963,-19.6238,-19.9688,-19.765,44614400.0
1997-06-13,-19.7963,-19.3825,-19.82,-19.4363,50116000.0
1997-06-16,-19.4363,-19.2175,-19.53,-19.2175,40612800.0
1997-06-17,-19.2025,-18.7725,-19.28,-18.8663,53191200.0
1997-06-18,-18.9838,-18.9525,-19.3825,-19.3663,55657600.0
1997-06-19,-19.5925,-19.2963,-19.64,-19.4763,65519200.0
1997-06-20,-19.4675,-19.2175,-19.5775,-19.405,64240000.0
1997-06-23,-19.405,-19.2025,-19.64,-19.6325,35724800.0
1997-06-24,-19.4525,-19.1238,-19.5925,-19.1325,39319200.0
1997-06-25,-19.03,-18.9838,-19.4138,-19.335,49576000.0
1997-06-26,-19.3738,-19.2888,-19.6563,-19.6088,37312000.0
1997-06-27,-19.4988,-19.39,-19.7338,-19.7025,38198400.0
1997-06-30,-19.6563,-19.5463,-19.8663,-19.8438,38286400.0
1997-07-01,-19.835,-19.7813,-20.2338,-20.0225,59377600.0
1997-07-02,-19.9375,-19.5775,-20.1325,-19.5925,53237600.0
1997-07-03,-19.3825,-19.3825,-19.5775,-19.445,28764000.0
1997-07-07,-19.3113,-19.1713,-19.4675,-19.4525,39320000.0
1997-07-08,-19.4675,-19.2263,-19.5225,-19.2338,36007200.0
1997-07-09,-19.0775,-19.0613,-19.4525,-19.2963,48266400.0
1997-07-10,-19.3275,-19.2338,-19.53,-19.405,43780800.0
1997-07-11,-19.3588,-19.2575,-19.585,-19.4213,38094400.0
1997-07-14,-19.2888,-18.64,-19.3275,-18.6475,57424000.0
1997-07-15,-18.3825,-18.2338,-18.5613,-18.3313,75503200.0
1997-07-16,-17.8425,-16.9525,-18.14,-17.085,111217600.0
1997-07-17,-16.8275,-16.7963,-17.3275,-16.9525,131668000.0
1997-07-18,-17.515,-17.2175,-18.14,-18.0775,158927200.0
1997-07-21,-18.03,-18.015,-18.9213,-18.6475,127223200.0
1997-07-22,-18.53,-17.5388,-18.5463,-17.6238,101384000.0
1997-07-23,-17.4838,-17.28,-18.015,-17.96,95556000.0
1997-07-24,-18.3425,-18.0925,-18.6863,-18.39,141855200.0
1997-07-25,-18.3275,-17.8588,-18.4838,-18.3275,90308800.0
1997-07-28,-18.2338,-18.2175,-18.6713,-18.515,56404000.0
1997-07-29,-18.5463,-18.1325,-18.6238,-18.1475,79061600.0
1997-07-30,-18.0463,-17.89,-18.1863,-17.9988,78324000.0
1997-07-31,-17.89,-17.8738,-18.03,-17.9675,42240800.0
1997-08-01,-17.9675,-17.9138,-18.2413,-18.0613,58912800.0
1997-08-04,-18.1088,-17.89,-18.21,-17.945,46312800.0
1997-08-05,-17.8588,-17.5925,-17.89,-17.7263,59333600.0
1997-08-06,-17.7263,-17.5613,-17.8588,-17.71,43410400.0
1997-08-07,-17.6013,-17.5925,-17.89,-17.6475,43947200.0
1997-08-08,-17.7888,-17.7488,-18.14,-18.14,66815200.0
1997-08-11,-18.14,-18.1088,-18.5925,-18.3588,72696000.0
1997-08-12,-18.2175,-18.1713,-18.6638,-18.64,60887200.0
1997-08-13,-18.3738,-18.3588,-18.7963,-18.6325,66731200.0
1997-08-14,-18.64,-18.5463,-18.8738,-18.6088,45900800.0
1997-08-15,-18.7025,-18.64,-19.0463,-19.03,51078400.0
1997-08-18,-19.015,-18.905,-19.265,-18.905,69969600.0
1997-08-19,-18.7963,-18.265,-18.8113,-18.2888,91013600.0
1997-08-20,-18.265,-18.0538,-18.515,-18.07,51433600.0
1997-08-21,-17.9363,-17.8425,-18.4525,-18.405,64412000.0
1997-08-22,-18.7338,-18.4525,-18.8738,-18.4838,72161600.0
1997-08-25,-18.405,-18.265,-18.6863,-18.5775,38856800.0
1997-08-26,-18.64,-18.53,-18.7963,-18.765,34327200.0
1997-08-27,-18.7338,-18.7263,-19.015,-18.82,49371200.0
1997-08-28,-18.9525,-18.9213,-19.14,-19.1325,43641600.0
1997-08-29,-19.1325,-18.905,-19.1713,-19.1163,37857600.0
1997-09-02,-18.9988,-18.4525,-19.015,-18.4913,50112800.0
1997-09-03,-18.4363,-18.28,-18.6163,-18.57,42872800.0
1997-09-04,-18.64,-18.3275,-18.6713,-18.3663,44476000.0
1997-09-05,-18.2575,-18.1788,-18.6088,-18.4763,48398400.0
1997-09-08,-18.4213,-18.1638,-18.4213,-18.2263,42416000.0
1997-09-09,-18.2338,-18.1088,-18.3425,-18.2025,39465600.0
1997-09-10,-18.28,-18.2488,-18.7575,-18.7488,53294400.0
1997-09-11,-18.765,-18.4675,-19.03,-18.5388,61779200.0
1997-09-12,-18.53,-18.3425,-18.6863,-18.3975,48576000.0
1997-09-15,-18.6863,-18.4838,-19.3113,-19.3038,129003200.0
1997-09-16,-19.1713,-18.515,-19.265,-18.5925,102538400.0
1997-09-17,-18.5613,-18.5463,-19.0613,-18.9913,61609600.0
1997-09-18,-18.8588,-18.7488,-19.21,-19.1088,61077600.0
1997-09-19,-19.1088,-18.7338,-19.14,-18.7413,77435200.0
1997-09-22,-18.765,-18.655,-18.9913,-18.9763,43251200.0
1997-09-23,-18.945,-18.7025,-18.9988,-18.7025,39946400.0
1997-09-24,-18.6863,-18.6325,-19.1238,-19.085,60040000.0
1997-09-25,-19.03,-18.8738,-19.1325,-19.0463,39272000.0
1997-09-26,-18.9363,-18.9213,-19.1863,-18.9675,36652000.0
1997-09-29,-18.9525,-18.7963,-19.03,-18.8275,27505600.0
1997-09-30,-18.835,-18.6713,-19.1088,-19.1013,43892800.0
1997-10-01,-19.0775,-18.8275,-19.2175,-18.905,61466400.0
1997-10-02,-18.9213,-18.8113,-19.0463,-18.9913,28831200.0
1997-10-03,-18.7725,-18.6088,-18.9675,-18.7725,60284800.0
1997-10-06,-18.655,-18.6088,-18.8588,-18.7488,41776800.0
1997-10-07,-18.765,-18.4288,-18.8113,-18.57,54548800.0
1997-10-08,-18.5613,-18.2575,-18.6088,-18.265,71196800.0
1997-10-09,-18.3275,-18.1863,-18.3738,-18.2725,34672800.0
1997-10-10,-18.3513,-18.2963,-18.6088,-18.5775,24893600.0
1997-10-13,-18.515,-18.405,-18.57,-18.5463,19051200.0
1997-10-14,-18.4988,-18.4675,-18.7175,-18.5538,33361600.0
1997-10-15,-18.6713,-18.64,-18.78,-18.6713,45003200.0
1997-10-16,-18.6238,-18.5613,-19.1088,-18.9013,47327200.0
1997-10-17,-18.9988,-18.8113,-19.3425,-19.1088,87720000.0
1997-10-20,-19.015,-18.7338,-19.7025,-19.0613,154052800.0
1997-10-21,-18.6238,-18.2363,-18.7263,-18.3275,115682400.0
1997-10-22,-18.3425,-18.3275,-18.7175,-18.6788,55775200.0
1997-10-23,-19.14,-18.4838,-19.14,-18.6863,66413600.0
1997-10-24,-18.53,-18.4838,-18.9838,-18.7175,70030400.0
1997-10-27,-18.78,-18.6088,-19.5613,-19.53,96795200.0
1997-10-28,-19.1088,-18.765,-20.2025,-18.9675,160057600.0
1997-10-29,-18.9213,-18.7575,-19.3738,-19.28,85532800.0
1997-10-30,-19.4525,-19.2175,-19.5775,-19.5613,72097600.0
1997-10-31,-19.265,-19.2025,-19.4363,-19.39,46808800.0
1997-11-03,-19.1863,-18.8588,-19.2263,-18.8738,67714400.0
1997-11-04,-18.89,-18.7725,-18.9913,-18.8588,49134400.0
1997-11-05,-18.8275,-18.8113,-19.0775,-18.945,42512800.0
1997-11-06,-18.9838,-18.9525,-19.1713,-19.1325,40266400.0
1997-11-07,-19.3825,-19.14,-19.405,-19.195,63628800.0
1997-11-10,-19.1863,-19.0775,-19.4213,-19.3663,36764800.0
1997-11-11,-19.335,-19.21,-19.4675,-19.3113,37013600.0
1997-11-12,-19.3738,-19.265,-19.515,-19.4913,45784000.0
1997-11-13,-19.3825,-19.1863,-19.4913,-19.195,60094400.0
1997-11-14,-19.1863,-18.905,-19.2175,-18.9763,46663200.0
1997-11-17,-18.8275,-18.6638,-18.96,-18.78,60094400.0
1997-11-18,-18.7725,-18.7025,-18.9213,-18.89,36683200.0
1997-11-19,-18.9363,-18.7488,-18.9675,-18.7575,31720800.0
1997-11-20,-18.7338,-18.4988,-18.78,-18.53,53680800.0
1997-11-21,-18.4138,-18.39,-18.5925,-18.405,68220800.0
1997-11-24,-18.4988,-18.3738,-18.7025,-18.7025,39084000.0
1997-11-25,-18.655,-18.2338,-18.6713,-18.265,56463200.0
1997-11-26,-18.265,-17.905,-18.3588,-17.945,63053600.0
1997-11-28,-17.9838,-17.8588,-17.9988,-17.9525,17392800.0
1997-12-01,-17.8975,-17.64,-17.9363,-17.6638,49006400.0
1997-12-02,-17.695,-17.53,-17.89,-17.8588,50167200.0
1997-12-03,-17.9288,-17.5075,-18.015,-17.5538,57712000.0
1997-12-04,-17.5463,-17.405,-17.8588,-17.82,62630400.0
1997-12-05,-17.8738,-17.5463,-17.8738,-17.7488,48136000.0
1997-12-08,-17.7025,-17.3113,-17.7488,-17.3738,49952800.0
1997-12-09,-17.515,-17.4675,-17.7025,-17.6013,51782400.0
1997-12-10,-17.8588,-17.7338,-18.015,-17.8588,66434400.0
1997-12-11,-18.0925,-18.015,-18.28,-18.2575,70189600.0
1997-12-12,-18.4213,-18.3275,-18.64,-18.5463,54308000.0
1997-12-15,-18.585,-18.515,-19.015,-18.6238,84305600.0
1997-12-16,-18.655,-18.0925,-18.765,-18.2575,65401600.0
1997-12-17,-18.155,-18.0925,-18.7025,-18.6863,51472000.0
1997-12-18,-18.8275,-18.7963,-19.3425,-19.28,98774400.0
1997-12-19,-19.5463,-19.3663,-19.8588,-19.5538,138065600.0
1997-12-22,-19.4988,-19.39,-19.9063,-19.765,59063200.0
1997-12-23,-19.7575,-19.6088,-20.265,-20.2263,67195200.0
1997-12-24,-20.1713,-20.1563,-20.89,-20.7725,88411200.0
1997-12-26,-20.7813,-20.5463,-20.7963,-20.5463,32388800.0
1997-12-29,-20.3438,-19.7963,-20.375,-19.8513,67815200.0
1997-12-30,-19.835,-19.265,-19.8588,-19.3588,77864800.0
1997-12-31,-19.265,-19.2025,-19.515,-19.4838,46147200.0
1998-01-02,-19.4363,-19.2025,-19.4525,-19.2488,39748000.0
1998-01-05,-19.2338,-18.9363,-19.6563,-19.3425,80377600.0
1998-01-06,-19.4213,-19.015,-19.4838,-19.2488,67834400.0
1998-01-07,-19.405,-19.2413,-19.7025,-19.445,61492800.0
1998-01-08,-19.5613,-19.1238,-19.7025,-19.3275,77619200.0
1998-01-09,-19.3825,-19.2025,-19.9063,-19.765,87534400.0
1998-01-12,-20.0625,-19.39,-20.0938,-19.4525,78393600.0
1998-01-13,-19.4525,-19.1088,-19.6238,-19.1238,66945600.0
1998-01-14,-19.1238,-19.0775,-19.4838,-19.2488,54774400.0
1998-01-15,-19.3425,-19.015,-19.405,-19.1013,50622400.0
1998-01-16,-19.0925,-18.7175,-19.1013,-18.7338,72943200.0
1998-01-20,-18.8738,-18.39,-18.89,-18.4138,64956000.0
1998-01-21,-18.4838,-18.335,-18.6863,-18.515,85567200.0
1998-01-22,-18.695,-18.155,-18.7263,-18.3113,159139200.0
1998-01-23,-18.2963,-18.21,-18.5525,-18.3588,63312000.0
1998-01-26,-18.155,-17.905,-18.3338,-17.9213,74277600.0
1998-01-27,-17.8425,-17.405,-17.945,-17.4913,97540800.0
1998-01-28,-17.3588,-16.9525,-17.4525,-17.015,79387200.0
1998-01-29,-17.0225,-16.8738,-17.2025,-17.1088,73571200.0
1998-01-30,-17.0613,-16.89,-17.1863,-16.9913,50071200.0
1998-02-02,-16.6713,-16.2488,-16.8275,-16.28,98397600.0
1998-02-03,-16.2488,-16.1238,-16.4138,-16.155,61374400.0
1998-02-04,-16.155,-15.89,-16.2575,-16.0388,61940800.0
1998-02-05,-15.8738,-15.7963,-16.2963,-16.21,67014400.0
1998-02-06,-16.2175,-15.8588,-16.2488,-15.8738,50070400.0
1998-02-09,-15.7963,-15.78,-16.1863,-15.9913,54681600.0
1998-02-10,-15.9838,-15.7025,-16.0463,-15.7338,48099200.0
1998-02-11,-15.7175,-15.6325,-16.0075,-15.7725,76460000.0
1998-02-12,-15.8825,-15.7725,-16.085,-15.7963,76658400.0
1998-02-13,-15.8113,-15.7963,-15.9675,-15.9525,42203200.0
1998-02-17,-15.8275,-15.8275,-16.405,-16.3425,85673600.0
1998-02-18,-16.3113,-16.14,-16.4213,-16.3113,76608800.0
1998-02-19,-16.2025,-16.1325,-16.3588,-16.28,73773600.0
1998-02-20,-16.2025,-16.1713,-16.53,-16.2488,86092000.0
1998-02-23,-15.405,-15.2175,-15.7975,-15.235,120803600.0
1998-02-24,-14.7975,-14.405,-15.1725,-15.11,118302000.0
1998-02-25,-14.78,-14.39,-14.875,-14.405,94944400.0
1998-02-26,-14.265,-14.2175,-14.53,-14.265,61388000.0
1998-02-27,-14.25,-14.14,-14.5,-14.4525,47532400.0
1998-03-02,-14.1725,-14.1725,-14.875,-14.8125,50093600.0
1998-03-03,-14.985,-14.5,-15.0,-14.515,50753600.0
1998-03-04,-15.03,-14.6875,-15.25,-15.0625,71513600.0
1998-03-05,-15.8275,-15.28,-15.8275,-15.625,92255600.0
1998-03-06,-15.5625,-14.9525,-15.5775,-14.9525,51404800.0
1998-03-09,-15.015,-15.015,-15.765,-15.7425,52256000.0
1998-03-10,-15.3425,-15.265,-15.655,-15.265,47406400.0
1998-03-11,-15.14,-15.14,-15.7025,-15.4675,39838800.0
1998-03-12,-15.015,-14.985,-15.4375,-15.1725,47962000.0
1998-03-13,-15.03,-14.89,-15.25,-15.0475,32542400.0
1998-03-16,-15.03,-14.9525,-15.2975,-15.14,27979600.0
1998-03-17,-15.2175,-15.2175,-15.7175,-15.5475,53842400.0
1998-03-18,-15.625,-15.1875,-15.6725,-15.2025,33887600.0
1998-03-19,-15.265,-15.0625,-15.3275,-15.14,30299200.0
1998-03-20,-15.11,-14.89,-15.515,-15.1875,56310000.0
1998-03-23,-15.3425,-14.485,-15.375,-14.6725,55050000.0
1998-03-24,-14.5925,-14.375,-14.78,-14.405,32281600.0
1998-03-25,-13.015,-12.905,-13.8275,-13.4375,124244800.0
1998-03-26,-13.515,-13.25,-13.765,-13.5775,45441200.0
1998-03-27,-13.2975,-13.2975,-13.75,-13.6875,38924000.0
1998-03-30,-13.625,-13.485,-13.86,-13.655,27463200.0
1998-03-31,-13.485,-13.2025,-13.515,-13.265,38177200.0
1998-04-01,-13.1875,-12.985,-13.515,-13.0475,36835600.0
1998-04-02,-12.9675,-12.655,-13.1725,-12.8125,41414800.0
1998-04-03,-12.64,-12.375,-12.765,-12.39,40987600.0
1998-04-06,-12.485,-12.485,-13.375,-13.155,74232000.0
1998-04-07,-13.3125,-12.985,-13.9525,-13.8275,62630800.0
1998-04-08,-13.9525,-13.39,-13.985,-13.405,36793200.0
1998-04-09,-13.655,-13.235,-13.765,-13.39,33619200.0
1998-04-13,-13.4375,-13.39,-13.9525,-13.485,33156400.0
1998-04-14,-13.4675,-13.25,-13.765,-13.53,28476800.0
1998-04-15,-13.3275,-12.7975,-13.4225,-12.7975,40498400.0
1998-04-16,-13.0475,-12.625,-13.0925,-12.7175,39695600.0
1998-04-17,-12.765,-12.5775,-13.0625,-12.61,37402800.0
1998-04-20,-12.5475,-11.89,-12.5925,-11.985,45535200.0
1998-04-21,-11.9675,-11.89,-12.36,-11.9225,51938400.0
1998-04-22,-11.64,-10.86,-11.735,-10.9225,80154000.0
1998-04-23,-11.3275,-11.2975,-12.105,-12.015,64215200.0
1998-04-24,-12.265,-11.9525,-12.6725,-12.61,51436000.0
1998-04-27,-13.265,-13.0075,-13.515,-13.0625,58752000.0
1998-04-28,-12.61,-12.5775,-13.385,-13.1725,56668000.0
1998-04-29,-13.125,-12.765,-13.235,-13.015,50061600.0
1998-04-30,-12.765,-12.735,-13.2175,-13.11,54473600.0
1998-05-01,-13.0925,-13.015,-13.61,-13.235,35996000.0
1998-05-04,-13.3425,-13.1725,-13.655,-13.625,37899600.0
1998-05-05,-13.735,-13.25,-13.89,-13.7025,50828000.0
1998-05-06,-13.765,-13.765,-14.14,-14.0475,48110800.0
1998-05-07,-14.0925,-14.0775,-14.8425,-14.7975,78022000.0
1998-05-08,-15.1725,-14.11,-15.1725,-14.2025,96274800.0
1998-05-11,-14.11,-14.0925,-14.625,-14.5775,51474400.0
1998-05-12,-14.8275,-14.2025,-14.8275,-14.2175,64147200.0
1998-05-13,-13.4675,-13.4525,-14.015,-13.905,80680400.0
1998-05-14,-14.1725,-12.89,-14.1875,-13.405,94774400.0
1998-05-15,-13.11,-13.0925,-13.4525,-13.28,48150800.0
1998-05-18,-14.515,-14.015,-14.515,-14.125,80395600.0
1998-05-19,-14.1875,-13.905,-14.25,-14.015,52234400.0
1998-05-20,-14.11,-13.9225,-14.2975,-14.2025,35698800.0
1998-05-21,-14.1875,-13.7975,-14.265,-14.0475,36680000.0
1998-05-22,-13.985,-13.9525,-14.28,-14.25,36129200.0
1998-05-26,-14.3125,-14.0925,-14.765,-14.735,44473600.0
1998-05-27,-14.9225,-14.11,-14.9225,-14.14,58574400.0
1998-05-28,-14.2025,-14.0475,-14.375,-14.0625,30746800.0
1998-05-29,-14.0475,-14.015,-14.4525,-14.4375,34091200.0
1998-06-01,-14.6725,-14.4875,-14.86,-14.7025,42436800.0
1998-06-02,-14.625,-14.155,-14.6725,-14.265,38570800.0
1998-06-03,-14.1725,-14.03,-14.61,-14.5625,36010800.0
1998-06-04,-14.4675,-14.11,-14.735,-14.125,33717600.0
1998-06-05,-14.1725,-14.015,-14.4525,-14.0775,34431600.0
1998-06-08,-14.235,-14.0625,-14.39,-14.2175,18886400.0
1998-06-09,-14.3125,-13.75,-14.3275,-13.875,35690400.0
1998-06-10,-13.985,-13.5475,-14.1725,-14.14,33290400.0
1998-06-11,-14.03,-13.86,-14.36,-14.3125,41271200.0
1998-06-12,-14.4225,-14.11,-14.64,-14.2025,41323600.0
1998-06-15,-14.4675,-13.8125,-14.5,-14.155,42846000.0
1998-06-16,-14.0625,-13.155,-14.265,-13.1725,61138400.0
1998-06-17,-13.155,-12.5475,-13.2025,-12.875,76147600.0
1998-06-18,-12.9375,-12.7025,-13.0475,-12.8425,39228400.0
1998-06-19,-12.4225,-11.9525,-12.515,-11.9675,91226800.0
1998-06-22,-11.9525,-11.655,-12.2175,-11.6875,48969600.0
1998-06-23,-11.6875,-10.4225,-11.8275,-10.4525,124675200.0
1998-06-24,-10.2175,-9.36,-10.655,-9.405,105724800.0
1998-06-25,-9.1725,-8.9225,-10.2975,-10.25,88969600.0
1998-06-26,-10.0775,-9.485,-10.14,-9.53,55680400.0
1998-06-29,-9.265,-8.7175,-9.3275,-8.78,65906000.0
1998-06-30,-9.3275,-8.5,-9.485,-8.5475,77010000.0
1998-07-01,-8.36,-8.11,-8.8425,-8.2975,53470400.0
1998-07-02,-8.4375,-8.36,-8.86,-8.8275,27321200.0
1998-07-06,-8.9225,-8.625,-9.2975,-8.6875,35307600.0
1998-07-07,-8.6875,-8.5,-9.015,-8.655,32422800.0
1998-07-08,-8.61,-8.11,-8.9525,-8.1725,41553600.0
1998-07-09,-8.14,-7.64,-8.2025,-7.89,43690000.0
1998-07-10,-7.86,-7.3275,-8.1725,-7.3425,45396800.0
1998-07-13,-7.11,-6.0775,-7.235,-6.25,69223200.0
1998-07-14,-6.0775,-5.9525,-6.765,-6.515,56972400.0
1998-07-15,-6.64,-6.14,-6.735,-6.2975,48690000.0
1998-07-16,-6.125,-5.9225,-6.485,-6.2975,65125200.0
1998-07-17,-6.265,-5.735,-6.655,-6.155,83108400.0
1998-07-20,-6.0925,-5.765,-6.4375,-6.39,45794800.0
1998-07-21,-6.4225,-5.89,-7.515,-7.4375,74605200.0
1998-07-22,-7.64,-6.3275,-7.6725,-6.4525,71654400.0
1998-07-23,-6.5625,-6.265,-7.39,-7.39,51029600.0
1998-07-24,-7.2025,-6.735,-7.515,-7.1875,60366400.0
1998-07-27,-7.36,-6.4525,-7.9675,-6.4525,58998000.0
1998-07-28,-6.64,-6.4225,-7.64,-7.5775,78378400.0
1998-07-29,-7.3275,-7.0775,-8.125,-7.9675,59738000.0
1998-07-30,-7.655,-7.235,-7.9525,-7.28,72746400.0
1998-07-31,-7.405,-7.26,-8.155,-8.155,53705200.0
1998-08-03,-8.36,-7.9225,-8.7975,-8.53,73566400.0
1998-08-04,-8.485,-8.235,-9.5925,-9.515,91412000.0
1998-08-05,-9.61,-9.0775,-10.265,-9.5625,120208800.0
1998-08-06,-9.7025,-8.905,-9.735,-8.9225,68308000.0
1998-08-07,-8.78,-8.765,-9.375,-9.1725,54972400.0
1998-08-10,-9.1875,-9.0625,-9.53,-9.53,46763200.0
1998-08-11,-9.9225,-9.5475,-10.14,-9.78,60976400.0
1998-08-12,-9.5625,-9.3425,-9.89,-9.375,53760000.0
1998-08-13,-9.61,-9.14,-9.7025,-9.655,51193200.0
1998-08-14,-9.4675,-9.375,-9.765,-9.5775,29566400.0
1998-08-17,-9.765,-8.7975,-9.89,-8.8125,54073200.0
1998-08-18,-8.6725,-7.6875,-8.7975,-7.8275,70591200.0
1998-08-19,-7.5775,-7.4525,-8.0775,-8.0,55709600.0
1998-08-20,-8.11,-7.4525,-8.2175,-7.5,49970400.0
1998-08-21,-7.86,-7.6725,-8.4525,-7.985,59523600.0
1998-08-24,-8.0625,-7.64,-8.14,-8.0475,26319200.0
1998-08-25,-7.7975,-7.2175,-7.86,-7.4375,58026800.0
1998-08-26,-7.8275,-7.2025,-7.9225,-7.5,44804400.0
1998-08-27,-8.0,-7.4525,-8.515,-8.3275,74874000.0
1998-08-28,-8.5775,-8.235,-9.4525,-9.3275,72730000.0
1998-08-31,-9.4225,-9.015,-11.7025,-11.655,132690400.0
1998-09-01,-11.8275,-10.2025,-12.015,-10.3275,140112400.0
1998-09-02,-10.1875,-9.5775,-10.5775,-10.5,63438400.0
1998-09-03,-10.9525,-10.4525,-11.0475,-10.8275,67506800.0
1998-09-04,-10.7175,-10.5775,-11.61,-11.485,50890400.0
1998-09-08,-10.64,-10.125,-10.875,-10.1475,60625600.0
1998-09-09,-10.0775,-9.53,-10.235,-10.0775,65480800.0
1998-09-10,-10.64,-10.36,-10.9675,-10.4525,60758000.0
1998-09-11,-10.36,-9.485,-10.61,-9.5775,58989200.0
1998-09-14,-9.405,-8.875,-9.4225,-9.14,45086800.0
1998-09-15,-9.1725,-8.53,-9.36,-8.5625,49367600.0
1998-09-16,-8.6725,-8.515,-9.11,-8.5925,42886800.0
1998-09-17,-9.3125,-9.015,-9.4375,-9.405,45178400.0
1998-09-18,-9.2025,-9.0775,-9.5625,-9.2975,47361600.0
1998-09-21,-10.015,-8.625,-10.0475,-8.6725,45872000.0
1998-09-22,-8.53,-8.1725,-8.9525,-8.3425,43082000.0
1998-09-23,-8.235,-7.1725,-8.515,-7.235,65263600.0
1998-09-24,-7.36,-6.985,-8.39,-8.11,63521600.0
1998-09-25,-8.36,-7.36,-8.485,-7.375,47878400.0
1998-09-28,-7.39,-7.0475,-8.2025,-7.8125,41405200.0
1998-09-29,-7.6875,-7.14,-7.7975,-7.4225,48743200.0
1998-09-30,-7.5625,-7.25,-8.1325,-8.125,38875600.0
1998-10-01,-8.625,-8.265,-9.64,-9.625,65442400.0
1998-10-02,-9.7975,-9.3425,-10.39,-9.61,65889600.0
1998-10-05,-10.015,-9.9225,-11.515,-10.3425,114937600.0
1998-10-06,-10.015,-9.735,-11.2975,-11.235,76550000.0
1998-10-07,-11.2975,-10.7025,-12.2975,-12.11,90710400.0
1998-10-08,-13.0,-12.6725,-13.7025,-12.8425,144719200.0
1998-10-09,-12.3425,-11.39,-12.5775,-11.4225,72661600.0
1998-10-12,-10.8275,-10.39,-11.015,-10.7025,51502800.0
1998-10-13,-10.765,-10.7025,-11.7025,-11.53,47995600.0
1998-10-14,-11.6725,-10.2975,-11.6725,-10.5925,62403200.0
1998-10-15,-10.61,-9.235,-10.735,-9.28,66253600.0
1998-10-16,-9.14,-9.015,-9.64,-9.375,68620000.0
1998-10-19,-9.61,-9.5925,-10.36,-9.905,60177600.0
1998-10-20,-9.8275,-9.7975,-10.735,-10.5775,94368400.0
1998-10-21,-9.4225,-8.9225,-9.875,-9.03,125377200.0
1998-10-22,-9.14,-8.11,-9.3275,-8.14,81910800.0
1998-10-23,-8.39,-8.14,-9.0925,-9.0475,59882000.0
1998-10-26,-8.9375,-8.64,-9.2175,-8.875,59678400.0
1998-10-27,-8.7025,-8.6725,-9.39,-9.28,65434800.0
1998-10-28,-9.4225,-8.985,-9.4225,-9.2175,56808400.0
1998-10-29,-9.28,-8.765,-9.28,-8.985,52402800.0
1998-10-30,-8.8275,-8.5925,-9.36,-9.1725,59322800.0
1998-11-02,-9.0475,-8.9225,-9.39,-9.1875,48388400.0
1998-11-03,-9.265,-9.0,-9.4525,-9.3425,36546800.0
1998-11-04,-9.1875,-8.8125,-9.4225,-9.265,67459600.0
1998-11-05,-9.3125,-8.735,-9.3275,-9.0475,76727200.0
1998-11-06,-9.125,-8.2025,-9.155,-8.3125,74461200.0
1998-11-09,-8.3425,-7.7975,-8.4375,-7.9675,68956800.0
1998-11-10,-8.11,-7.28,-8.125,-7.625,72075600.0
1998-11-11,-7.28,-6.9525,-7.9225,-7.875,63899200.0
1998-11-12,-8.0775,-7.86,-8.515,-8.4525,38526800.0
1998-11-13,-8.53,-8.015,-8.5475,-8.14,28368800.0
1998-11-16,-7.8125,-7.7025,-8.765,-8.4375,42620400.0
1998-11-17,-8.39,-7.5475,-8.405,-7.6725,58744000.0
1998-11-18,-8.25,-7.875,-8.36,-8.2025,41691200.0
1998-11-19,-8.375,-7.515,-8.375,-7.7025,45220800.0
1998-11-20,-7.4525,-7.2025,-7.8275,-7.235,48405200.0
1998-11-23,-7.515,-5.5925,-7.515,-5.8425,110870400.0
1998-11-24,-5.9675,-4.375,-5.985,-5.2175,101114800.0
1998-11-25,-4.9675,-4.5475,-5.4525,-4.5775,41394000.0
1998-11-27,-4.36,-3.6075,-4.5625,-3.625,26335600.0
1998-11-30,-3.295,-3.0725,-5.155,-5.14,70900000.0
1998-12-01,-5.5775,-3.2025,-5.61,-3.265,86330800.0
1998-12-02,-3.3425,-3.2025,-4.265,-3.9525,65759600.0
1998-12-03,-3.9225,-3.405,-5.14,-5.11,51426800.0
1998-12-04,-4.405,-3.7975,-4.64,-3.7975,44352000.0
1998-12-07,-3.7175,-2.2025,-3.9525,-2.25,89809200.0
1998-12-08,-2.42,-2.0775,-3.2025,-2.8425,77585200.0
1998-12-09,-2.6075,-2.1875,-3.14,-2.2325,44781600.0
1998-12-10,-2.3575,-1.9825,-2.795,-2.75,57015600.0
1998-12-11,-2.89,-1.9675,-2.9525,-2.14,51728800.0
1998-12-14,-2.4525,-2.2025,-3.7175,-3.655,64077600.0
1998-12-15,-3.3125,-2.64,-3.3275,-2.67,51719600.0
1998-12-16,-2.515,-1.8575,-3.3575,-2.2025,60024000.0
1998-12-17,-2.0925,-1.92,-2.5775,-2.045,46963600.0
1998-12-18,-1.89,-1.0775,-2.1075,-1.1875,59648000.0
1998-12-21,-0.9825,-0.0925,-1.2025,-0.53,48112000.0
1998-12-22,-0.515,-0.515,-1.295,-1.03,41350000.0
1998-12-23,-0.545,0.3125,-0.795,0.25,34940000.0
1998-12-24,0.2675,0.36,-0.265,-0.2025,13832400.0
1998-12-28,0.11,0.2675,-0.265,-0.045,23636400.0
1998-12-29,-0.0,-0.0,-0.7325,-0.515,29651600.0
1998-12-30,-0.42,0.2,-0.92,-0.89,34942800.0
1998-12-31,-0.8425,-0.64,-1.14,-0.9675,23834400.0
1999-01-04,-0.7375,0.6725,-0.795,-0.39,69305200.0
1999-01-05,-0.17,1.36,-0.28,0.985,64281600.0
1999-01-06,1.735,2.235,1.0475,2.1725,69064800.0
1999-01-07,1.7975,2.0175,1.4225,1.985,51150400.0
1999-01-08,2.4075,2.485,1.11,1.83,50244800.0
1999-01-11,2.08,2.095,0.4225,1.235,46463200.0
1999-01-12,1.3925,1.3925,-0.39,-0.0925,57907200.0
1999-01-13,-1.64,1.2975,-1.64,0.3125,75346000.0
1999-01-14,0.6725,0.75,-0.265,-0.2025,59214000.0
1999-01-15,0.095,1.86,-0.295,1.7975,59344000.0
1999-01-19,2.205,3.955,2.08,3.2675,102741600.0
1999-01-20,6.095,6.2975,4.98,5.0175,125481200.0
1999-01-21,4.7975,5.1875,3.7975,3.9375,80077200.0
1999-01-22,3.2675,4.4175,3.1725,3.4225,82160000.0
1999-01-25,4.7825,5.1875,4.1425,4.83,103076400.0
1999-01-26,5.735,7.2975,5.485,7.25,120203200.0
1999-01-27,7.485,7.97,6.485,6.5175,98048000.0
1999-01-28,7.2975,7.875,6.8125,7.86,78838400.0
1999-01-29,8.0475,8.1425,7.08,8.11,79571600.0
1999-02-01,8.22,8.345,7.0625,7.595,81729200.0
1999-02-02,7.485,7.5,5.9225,6.2675,91965600.0
1999-02-03,5.955,6.83,5.86,6.0625,73749200.0
1999-02-04,6.3925,6.455,4.08,4.125,89151600.0
1999-02-05,4.4225,4.7675,3.08,4.36,127945200.0
1999-02-08,5.0,5.75,4.7675,5.6725,109866800.0
1999-02-09,5.595,6.0475,4.2975,4.375,77293600.0
1999-02-10,4.33,5.455,4.0175,4.5175,73694000.0
1999-02-11,5.0475,5.33,4.455,5.0475,60366000.0
1999-02-12,4.7825,5.2825,3.6425,3.7975,62930400.0
1999-02-16,4.2975,4.33,3.0,3.4225,73666800.0
1999-02-17,2.595,2.8925,1.485,1.86,101215600.0
1999-02-18,2.095,2.205,0.355,0.7975,117035200.0
1999-02-19,1.22,1.6725,0.7975,1.2975,73085600.0
1999-02-22,1.4225,1.61,0.5475,1.5625,92514400.0
1999-02-23,2.595,3.2675,1.985,3.22,95106800.0
1999-02-24,3.47,4.205,2.5475,2.58,67696800.0
1999-02-25,2.455,2.7975,1.7675,2.735,70817200.0
1999-02-26,2.455,2.485,1.735,1.8925,59273200.0
1999-03-01,1.75,2.5,1.735,2.2975,58332000.0
1999-03-02,2.33,2.8925,1.2675,1.5,58569600.0
1999-03-03,1.61,2.0325,1.125,1.7675,76798400.0
1999-03-04,2.1425,2.735,1.3925,2.4225,61696400.0
1999-03-05,3.0475,3.205,2.6425,3.095,47302800.0
1999-03-08,3.235,4.1675,3.11,4.11,46726000.0
1999-03-09,4.33,5.5475,4.2975,4.8125,90129600.0
1999-03-10,4.9375,4.985,4.1575,4.705,53114800.0
1999-03-11,4.61,5.5,4.1875,4.72,62948400.0
1999-03-12,5.0175,5.0475,3.5625,4.4075,73395200.0
1999-03-15,4.5,5.86,3.83,5.83,60609600.0
1999-03-16,5.735,6.86,5.4225,6.625,68554000.0
1999-03-17,6.625,6.72,6.0475,6.1425,44919600.0
1999-03-18,5.97,7.5,5.9075,7.47,56231200.0
1999-03-19,7.83,7.8925,6.83,7.1575,91980400.0
1999-03-22,7.595,8.095,7.36,7.5625,55719200.0
1999-03-23,7.5325,7.8925,5.9225,6.0,69581200.0
1999-03-24,6.11,7.3125,5.1425,7.1725,82634400.0
1999-03-25,7.625,9.375,7.485,9.345,109447600.0
1999-03-26,9.095,9.455,8.2975,8.8925,94687600.0
1999-03-29,9.42,10.67,8.295,10.545,79777000.0
1999-03-30,11.045,11.11,10.485,10.86,67502400.0
1999-03-31,11.61,11.67,8.92,9.17,58752600.0
1999-04-01,9.985,10.795,9.495,10.705,41106000.0
1999-04-05,11.515,11.87,11.11,11.83,39848600.0
1999-04-06,11.955,12.17,10.985,11.39,39674800.0
1999-04-07,11.795,11.86,9.985,11.015,46910200.0
1999-04-08,10.985,11.67,9.86,11.64,38637000.0
1999-04-09,11.485,11.86,10.86,11.485,31816800.0
1999-04-12,10.17,11.17,10.045,10.86,37858800.0
1999-04-13,10.92,10.92,8.955,9.42,46746800.0
1999-04-14,9.765,9.92,7.295,7.295,52944000.0
1999-04-15,8.015,9.295,6.295,8.795,72594600.0
1999-04-16,8.89,8.92,7.295,7.67,44774000.0
1999-04-19,7.795,8.42,4.545,4.86,75389000.0
1999-04-20,5.485,6.36,4.36,5.92,108459400.0
1999-04-21,5.42,5.61,4.36,5.36,92732800.0
1999-04-22,6.86,6.985,6.045,6.83,55096400.0
1999-04-23,6.86,7.86,5.86,7.36,56592000.0
1999-04-26,7.955,8.83,7.735,8.36,48349800.0
1999-04-27,8.735,8.735,6.33,6.36,58665800.0
1999-04-28,7.015,7.61,5.22,5.42,55963400.0
1999-04-29,5.545,6.205,4.565,5.39,60880600.0
1999-04-30,5.735,6.235,4.295,5.015,58558600.0
1999-05-03,5.08,5.11,3.64,4.295,67180000.0
1999-05-04,4.61,5.265,3.235,3.39,66502200.0
1999-05-05,3.92,4.295,2.58,3.92,67028200.0
1999-05-06,4.705,4.92,3.11,3.33,74021000.0
1999-05-07,4.17,4.545,3.36,3.89,48011600.0
1999-05-10,4.295,4.61,3.485,4.205,46218000.0
1999-05-11,4.735,4.87,4.08,4.295,42786200.0
1999-05-12,4.735,4.86,3.985,4.61,60142600.0
1999-05-13,4.92,5.235,3.92,3.92,51737200.0
1999-05-14,3.795,4.33,2.67,2.795,84401000.0
1999-05-17,3.045,4.14,2.86,3.92,66850200.0
1999-05-18,4.265,4.485,3.33,3.705,63858400.0
1999-05-19,4.295,4.295,2.985,4.015,46510800.0
1999-05-20,4.14,4.36,3.545,3.58,42386200.0
1999-05-21,3.61,3.86,2.86,3.14,56568800.0
1999-05-24,3.295,3.295,2.39,2.985,38990000.0
1999-05-25,2.735,3.985,2.42,2.485,50791600.0
1999-05-26,2.955,3.61,2.11,3.61,52022800.0
1999-05-27,3.485,4.08,3.11,3.545,56702200.0
1999-05-28,3.735,4.795,3.42,4.705,41548000.0
1999-06-01,4.67,4.735,3.58,3.61,36046400.0
1999-06-02,3.39,3.67,2.485,3.58,42812600.0
1999-06-03,3.545,3.83,2.42,2.545,32934400.0
1999-06-04,2.83,4.205,2.735,4.14,35668200.0
1999-06-07,4.33,4.89,3.955,4.485,32392200.0
1999-06-08,4.295,5.42,3.86,4.045,41516400.0
1999-06-09,4.42,5.67,4.36,5.515,53310800.0
1999-06-10,5.295,5.515,3.89,4.295,35277400.0
1999-06-11,4.36,4.61,3.14,3.42,34543000.0
1999-06-14,3.735,4.205,3.08,3.14,28369800.0
1999-06-15,3.39,3.795,2.705,3.205,36981000.0
1999-06-16,3.89,5.17,3.83,4.86,48325200.0
1999-06-17,4.705,5.86,4.61,5.795,44475200.0
1999-06-18,5.515,6.86,5.42,6.86,69116200.0
1999-06-21,6.795,8.86,6.795,8.83,56194400.0
1999-06-22,8.58,8.58,7.485,7.61,38751000.0
1999-06-23,7.33,8.045,6.89,7.36,33942000.0
1999-06-24,7.235,7.485,6.36,6.67,33559000.0
1999-06-25,7.045,7.58,6.545,6.83,24933000.0
1999-06-28,7.11,7.765,6.83,7.735,31701000.0
1999-06-29,7.705,8.39,7.36,8.36,38973200.0
1999-06-30,8.235,9.485,7.735,9.455,57610200.0
1999-07-01,9.295,10.11,8.545,9.955,47737800.0
1999-07-02,9.795,10.42,9.515,10.36,32094800.0
1999-07-06,10.485,10.83,8.985,9.14,45419400.0
1999-07-07,9.39,10.515,9.295,10.515,33834600.0
1999-07-08,10.265,10.86,9.705,10.64,37790400.0
1999-07-09,10.545,11.015,10.485,10.985,33884200.0
1999-07-12,10.955,11.735,10.545,11.455,43847800.0
1999-07-13,10.92,11.39,10.765,11.17,30845000.0
1999-07-14,11.235,11.86,10.61,11.83,37985200.0
1999-07-15,11.86,11.985,11.235,11.545,40926200.0
1999-07-16,12.11,14.295,11.86,14.08,115369800.0
1999-07-19,14.36,14.735,13.265,13.545,81181600.0
1999-07-20,12.58,12.735,10.515,11.015,92287400.0
1999-07-21,11.17,12.015,10.86,11.705,54050800.0
1999-07-22,11.545,11.61,9.36,9.89,60904200.0
1999-07-23,10.14,10.235,9.205,9.485,68833200.0
1999-07-26,8.795,9.265,8.17,8.17,50885000.0
1999-07-27,8.765,9.235,8.36,8.765,65513000.0
1999-07-28,8.955,9.61,8.545,9.36,62215200.0
1999-07-29,8.705,8.765,7.515,7.83,57968200.0
1999-07-30,8.17,8.67,7.11,7.265,51127400.0
1999-08-02,7.205,7.83,6.545,6.765,48050600.0
1999-08-03,7.295,7.39,6.545,6.735,55051200.0
1999-08-04,6.92,7.955,6.735,6.83,75573400.0
1999-08-05,7.045,7.545,6.735,7.235,76634000.0
1999-08-06,7.39,7.58,6.83,6.92,67205800.0
1999-08-09,7.17,7.265,6.205,6.265,39333600.0
1999-08-10,6.14,6.39,5.17,5.83,62743000.0
1999-08-11,6.36,6.705,5.515,6.455,66105200.0
1999-08-12,6.33,6.455,5.17,5.235,61062000.0
1999-08-13,5.83,7.17,5.735,6.705,65099800.0
1999-08-16,6.89,7.305,5.515,6.515,57321800.0
1999-08-17,7.08,7.11,5.83,6.64,51749000.0
1999-08-18,6.58,7.455,6.39,6.86,58361200.0
1999-08-19,6.64,6.92,5.92,6.265,71478200.0
1999-08-20,6.36,6.75,5.89,6.045,46072800.0
1999-08-23,6.515,7.67,6.295,7.58,60447000.0
1999-08-24,7.89,11.11,7.89,10.455,120450000.0
1999-08-25,11.17,12.36,10.955,12.015,81877600.0
1999-08-26,12.045,12.545,11.205,11.67,61246000.0
1999-08-27,11.89,11.92,10.545,10.985,41948400.0
1999-08-30,10.795,11.08,10.14,10.485,33300800.0
1999-08-31,10.265,10.92,9.42,10.64,46882800.0
1999-09-01,10.515,11.08,10.17,10.545,36607200.0
1999-09-02,10.11,10.64,9.705,10.265,33340800.0
1999-09-03,11.235,12.58,11.11,12.295,52098000.0
1999-09-07,11.795,12.705,11.235,11.485,47028000.0
1999-09-08,11.205,11.705,10.39,10.485,42568200.0
1999-09-09,10.58,11.43,10.26,11.39,38475200.0
1999-09-10,11.89,12.015,11.36,11.86,34455000.0
1999-09-13,11.61,11.765,11.045,11.295,27870800.0
1999-09-14,11.205,12.14,11.17,11.89,40207800.0
1999-09-15,12.11,12.235,10.545,10.67,48413800.0
1999-09-16,10.795,11.39,9.67,11.36,45796000.0
1999-09-17,11.545,12.61,11.265,12.58,79773400.0
1999-09-20,12.36,13.295,11.86,13.14,48601800.0
1999-09-21,12.64,12.64,11.42,11.67,47082800.0
1999-09-22,11.735,12.67,11.205,12.39,48531600.0
1999-09-23,12.795,12.795,9.37,9.955,71073600.0
1999-09-24,9.455,10.045,8.795,9.83,70277000.0
1999-09-27,10.36,10.83,9.795,10.08,34132200.0
1999-09-28,9.985,10.705,8.89,10.42,46000600.0
1999-09-29,10.14,10.42,8.92,9.11,37484400.0
1999-09-30,9.36,10.205,8.765,9.64,47455400.0
1999-10-01,9.455,9.67,8.515,9.35,44239000.0
1999-10-04,9.61,10.67,9.485,10.64,29998000.0
1999-10-05,10.735,11.295,9.11,10.265,43397000.0
1999-10-06,10.515,11.36,10.39,11.205,35500200.0
1999-10-07,11.205,11.89,10.705,11.235,46036400.0
1999-10-08,11.11,11.955,10.42,11.83,35697000.0
1999-10-11,11.67,11.86,11.42,11.515,19943800.0
1999-10-12,11.36,11.515,10.545,10.64,27668600.0
1999-10-13,10.36,10.92,9.515,9.89,38098400.0
1999-10-14,9.795,10.475,9.205,9.705,42737800.0
1999-10-15,9.11,9.265,8.015,8.39,73788000.0
1999-10-18,7.955,8.36,6.89,8.295,75312800.0
1999-10-19,8.485,8.985,6.985,7.515,69945600.0
1999-10-20,10.14,10.545,9.485,10.485,88090600.0
1999-10-21,9.64,10.92,9.61,10.89,60801200.0
1999-10-22,11.14,11.295,10.235,10.705,43650600.0
1999-10-25,10.36,11.14,9.92,10.58,30492200.0
1999-10-26,11.545,11.985,10.495,10.545,52467600.0
1999-10-27,10.11,10.17,9.205,9.795,54416600.0
1999-10-28,9.36,9.795,9.015,9.295,70570400.0
1999-10-29,10.08,11.36,9.985,10.64,79452600.0
1999-11-01,10.985,11.455,10.42,10.545,53261200.0
1999-11-02,10.735,11.61,10.33,10.64,46349000.0
1999-11-03,10.83,11.11,10.11,10.36,44517000.0
1999-11-04,10.515,10.735,9.515,10.235,54239400.0
1999-11-05,10.265,10.795,9.61,10.14,70167400.0
1999-11-08,6.765,9.735,6.545,9.33,243819200.0
1999-11-09,9.235,9.295,7.58,8.795,109769800.0
1999-11-10,8.42,8.92,7.58,7.92,69385400.0
1999-11-11,8.485,9.58,8.485,9.17,69274600.0
1999-11-12,9.235,9.36,7.89,8.955,49414200.0
1999-11-15,8.485,8.61,7.83,7.86,47080400.0
1999-11-16,7.83,8.235,7.295,8.015,59165200.0
1999-11-17,7.58,7.89,6.86,6.86,66819000.0
1999-11-18,6.83,7.265,6.61,6.83,64493200.0
1999-11-19,6.58,7.64,6.545,7.36,58226000.0
1999-11-22,9.17,9.545,8.58,9.265,90596600.0
1999-11-23,8.985,10.045,8.545,9.17,70787400.0
1999-11-24,9.14,10.485,9.11,10.205,53771000.0
1999-11-26,10.17,11.045,9.86,9.92,28514200.0
1999-11-29,9.42,10.39,9.11,9.455,51460200.0
1999-11-30,9.235,10.795,9.14,9.885,64145600.0
1999-12-01,9.89,11.33,9.795,10.955,48864200.0
1999-12-02,10.89,11.985,10.795,11.765,55473800.0
1999-12-03,12.265,12.92,12.225,12.42,64100600.0
1999-12-06,11.985,12.955,11.735,12.08,49098200.0
1999-12-07,11.735,11.795,10.795,10.86,56859200.0
1999-12-08,10.92,11.515,10.205,10.235,40955800.0
1999-12-09,10.36,11.015,10.08,10.735,46258200.0
1999-12-10,11.045,11.42,10.485,11.295,36836000.0
1999-12-13,11.165,12.83,10.735,12.67,52691600.0
1999-12-14,12.455,14.92,12.015,13.705,144116192.0
1999-12-15,13.64,18.735,13.61,18.58,155571600.0
1999-12-16,18.985,21.86,18.83,21.205,128660200.0
1999-12-17,22.67,22.92,21.17,21.985,105898800.0
1999-12-20,21.765,21.86,19.955,20.735,39433800.0
1999-12-21,20.545,22.67,19.67,22.295,57446000.0
1999-12-22,22.51,23.36,21.92,23.14,38565200.0
1999-12-23,22.985,23.985,22.735,23.08,31028400.0
1999-12-27,23.58,23.985,22.42,23.92,32202200.0
1999-12-28,23.735,23.765,22.89,23.11,24591000.0
1999-12-29,22.83,23.545,22.765,23.33,17449200.0
1999-12-30,23.295,24.33,22.92,23.17,22360000.0
1999-12-31,23.11,23.235,22.485,22.735,12517600.0
2000-01-03,23.045,23.67,20.36,22.64,53228400.0
2000-01-04,21.14,22.92,20.485,20.67,54119000.0
2000-01-05,19.92,22.545,19.045,21.265,64059600.0
2000-01-06,20.455,21.295,18.545,19.36,54976600.0
2000-01-07,18.67,20.485,18.015,20.08,62013600.0
2000-01-10,21.08,21.205,20.045,20.485,44963600.0
2000-01-11,20.11,21.485,18.705,19.045,46743600.0
2000-01-12,18.61,18.795,16.58,17.265,66532400.0
2000-01-13,16.545,18.67,15.11,18.265,83144000.0
2000-01-14,17.955,21.33,17.235,20.485,73416400.0
2000-01-18,20.265,22.61,20.235,22.015,81483600.0
2000-01-19,19.61,20.11,17.36,17.86,97568200.0
2000-01-20,17.89,19.205,17.295,17.36,56349800.0
2000-01-21,17.86,17.985,15.985,16.235,68416200.0
2000-01-24,16.26,17.205,14.765,14.985,63597600.0
2000-01-25,14.86,16.295,14.14,15.765,59823200.0
2000-01-26,15.58,16.11,13.92,14.045,49365000.0
2000-01-27,14.305,14.955,12.985,13.735,63654800.0
2000-01-28,13.42,14.485,12.985,13.485,58225400.0
2000-01-31,13.17,13.455,11.795,13.295,73194200.0
2000-02-01,13.61,15.985,13.205,15.83,70196600.0
2000-02-02,15.58,16.33,14.61,14.765,49915600.0
2000-02-03,15.39,16.455,14.42,16.17,49186000.0
2000-02-04,16.545,18.36,16.43,17.64,55365400.0
2000-02-07,17.765,17.795,16.485,17.67,40005800.0
2000-02-08,17.58,19.36,17.58,19.33,56229000.0
2000-02-09,19.08,19.08,16.295,16.36,55090000.0
2000-02-10,16.305,17.64,15.61,17.36,54527800.0
2000-02-11,16.795,16.795,13.92,14.33,115559000.0
2000-02-14,14.975,15.235,13.89,14.17,81028600.0
2000-02-15,14.235,14.36,13.42,13.64,71027600.0
2000-02-16,13.985,14.455,12.92,13.17,65202600.0
2000-02-17,13.61,14.205,12.93,14.17,80343400.0
2000-02-18,14.36,14.39,11.795,11.89,79063000.0
2000-02-22,11.92,12.92,10.765,11.265,66296200.0
2000-02-23,11.11,12.235,10.39,11.485,75847200.0
2000-02-24,11.485,12.295,10.36,11.735,69733200.0
2000-02-25,11.705,11.71,9.61,10.015,65301400.0
2000-02-28,9.485,10.42,8.42,10.14,76131800.0
2000-02-29,10.235,10.235,8.795,9.045,58437400.0
2000-03-01,9.17,11.405,8.83,9.765,106889800.0
2000-03-02,10.265,12.045,9.92,11.045,106932600.0
2000-03-03,11.735,13.795,11.295,12.42,101435200.0
2000-03-06,12.36,13.045,9.42,9.67,93609400.0
2000-03-07,12.42,13.11,10.33,10.795,135060992.0
2000-03-08,11.265,12.455,9.86,12.14,94290000.0
2000-03-09,12.015,14.36,11.86,14.36,88198800.0
2000-03-10,14.14,15.61,14.11,14.86,85589000.0
2000-03-13,13.17,14.485,13.11,13.36,61831800.0
2000-03-14,13.67,13.985,11.92,11.92,73489200.0
2000-03-15,11.64,12.67,11.205,12.045,53208000.0
2000-03-16,12.33,12.705,10.985,12.045,77300800.0
2000-03-17,11.985,14.11,11.61,14.045,81161600.0
2000-03-20,13.735,14.235,12.61,13.045,47773000.0
2000-03-21,12.735,15.92,12.61,15.735,81648800.0
2000-03-22,15.765,17.17,14.92,15.985,93975800.0
2000-03-23,17.765,20.795,17.67,20.295,148224000.0
2000-03-24,20.67,21.86,19.14,20.205,112196800.0
2000-03-27,18.245,18.485,16.33,16.39,111434000.0
2000-03-28,16.17,18.08,15.545,16.515,81114400.0
2000-03-29,16.955,18.83,16.92,17.955,64363800.0
2000-03-30,17.455,18.67,15.61,16.045,64178400.0
2000-03-31,17.36,18.485,16.42,17.485,64281400.0
2000-04-03,11.58,12.61,9.36,9.795,260118208.0
2000-04-04,10.14,10.36,6.83,8.64,181244400.0
2000-04-05,8.485,8.61,7.295,7.545,82887600.0
2000-04-06,8.295,8.36,6.995,7.36,66421400.0
2000-04-07,7.86,9.045,6.86,8.89,82613600.0
2000-04-10,8.67,8.67,7.36,7.39,60685400.0
2000-04-11,6.92,7.39,6.11,6.295,71961800.0
2000-04-12,5.42,5.485,3.735,4.045,153003808.0
2000-04-13,4.795,5.485,3.86,3.985,94316200.0
2000-04-14,3.92,4.11,0.985,1.42,151217792.0
2000-04-17,1.485,2.36,0.86,2.295,119772200.0
2000-04-18,2.61,5.33,2.295,4.64,91794600.0
2000-04-19,5.08,5.11,3.42,3.705,53715400.0
2000-04-20,3.67,4.295,3.11,3.83,52387400.0
2000-04-24,-2.015,-1.64,-3.14,-2.33,313645792.0
2000-04-25,-1.265,-0.89,-1.83,-0.955,159517408.0
2000-04-26,-0.64,-0.08,-1.955,-1.64,107091200.0
2000-04-27,-1.92,-0.67,-1.955,-0.735,77669800.0
2000-04-28,-0.265,-0.14,-1.515,-0.765,78082600.0
2000-05-01,0.795,1.36,0.205,1.08,107811000.0
2000-05-02,0.765,1.11,-0.89,-0.705,97716200.0
2000-05-03,-0.455,-0.235,-1.235,-0.36,55354800.0
2000-05-04,-0.485,-0.015,-0.985,-0.42,43317200.0
2000-05-05,-0.515,0.265,-0.705,-0.08,36402200.0
2000-05-08,-0.17,0.045,-0.795,-0.735,36187600.0
2000-05-09,-0.545,-0.42,-1.89,-1.735,60778400.0
2000-05-10,-1.765,-1.705,-2.765,-2.545,67740000.0
2000-05-11,-2.33,-1.58,-2.765,-1.705,58390800.0
2000-05-12,-1.42,-0.765,-1.515,-1.235,37886000.0
2000-05-15,-1.14,-0.92,-1.64,-0.955,33899600.0
2000-05-16,-0.86,-0.33,-1.11,-0.89,48410600.0
2000-05-17,-1.205,-1.08,-2.015,-1.795,53242000.0
2000-05-18,-1.61,-1.61,-2.705,-2.545,53640400.0
2000-05-19,-2.955,-2.67,-3.39,-3.11,66578000.0
2000-05-22,-3.08,-3.015,-4.42,-3.545,69955000.0
2000-05-23,-3.7,-2.86,-4.11,-4.045,57963200.0
2000-05-24,-4.075,-2.36,-4.14,-2.86,85482400.0
2000-05-25,-3.36,-3.265,-5.075,-4.89,94348800.0
2000-05-26,-4.61,-4.325,-5.45,-4.92,55822000.0
2000-05-30,-4.42,-3.58,-4.64,-3.95,68536400.0
2000-05-31,-3.82,-3.79,-4.61,-4.36,54968200.0
2000-06-01,-3.455,-2.64,-3.735,-3.36,94507200.0
2000-06-02,-2.64,-2.265,-3.14,-2.485,80463200.0
2000-06-05,-2.63,-1.455,-2.64,-2.205,64400000.0
2000-06-06,-1.545,-0.705,-1.735,-0.83,99019000.0
2000-06-07,-1.015,-0.265,-2.08,-0.39,76310600.0
2000-06-08,0.14,0.42,-1.515,-1.235,94765600.0
2000-06-09,-0.83,-0.795,-1.485,-1.235,35710200.0
2000-06-12,-1.14,-1.14,-2.455,-2.205,49260600.0
2000-06-13,-2.265,-1.64,-2.58,-1.705,44289200.0
2000-06-14,-0.735,-0.14,-0.89,-0.39,79992400.0
2000-06-15,-0.235,0.705,-0.33,0.545,65592600.0
2000-06-16,0.67,0.92,0.11,0.64,68710600.0
2000-06-19,0.64,1.265,0.36,1.205,46604800.0
2000-06-20,1.295,1.985,1.235,1.83,62275000.0
2000-06-21,2.86,5.455,2.83,4.705,160399600.0
2000-06-22,5.045,5.36,4.015,4.295,87315200.0
2000-06-23,4.33,4.39,2.86,3.205,49811600.0
2000-06-26,3.11,4.42,3.11,4.11,48287000.0
2000-06-27,3.985,4.42,3.545,3.765,31071200.0
2000-06-28,3.86,4.39,3.67,3.83,37459200.0
2000-06-29,3.485,3.83,2.89,2.955,38449000.0
2000-06-30,2.89,4.36,2.705,4.36,52356400.0
2000-07-03,4.205,4.39,4.045,4.36,15734800.0
2000-07-05,4.295,4.295,3.485,3.61,34824400.0
2000-07-06,3.795,5.205,3.61,4.83,47873200.0
2000-07-07,4.995,5.795,4.64,5.36,54153200.0
2000-07-10,4.705,5.015,4.045,4.08,52689800.0
2000-07-11,3.765,4.61,3.61,3.92,37164800.0
2000-07-12,3.485,4.86,2.955,4.515,58370200.0
2000-07-13,3.765,4.36,3.045,4.33,80843200.0
2000-07-14,4.11,4.235,3.58,3.83,51180600.0
2000-07-17,3.485,4.14,3.11,3.455,53992800.0
2000-07-18,3.17,4.11,3.08,3.61,70617200.0
2000-07-19,2.39,3.11,0.765,0.92,139924608.0
2000-07-20,1.08,1.985,0.92,1.765,54690600.0
2000-07-21,1.735,1.86,0.295,0.515,56100600.0
2000-07-24,0.39,0.42,-0.64,-0.36,56165600.0
2000-07-25,-0.235,-0.14,-1.455,-1.14,64188600.0
2000-07-26,-1.11,-0.89,-2.015,-1.735,85404600.0
2000-07-27,-1.705,-0.58,-1.89,-0.955,74337600.0
2000-07-28,-0.17,0.265,-0.83,-0.795,75645600.0
2000-07-31,-0.545,-0.08,-1.015,-0.735,70283800.0
2000-08-01,-0.67,-0.61,-1.545,-1.295,47163600.0
2000-08-02,-1.36,-0.42,-1.39,-0.955,48269200.0
2000-08-03,-1.545,-0.455,-1.58,-0.515,54543400.0
2000-08-04,-0.92,-0.705,-1.545,-1.08,38107400.0
2000-08-07,-0.545,-0.08,-0.765,-0.64,52741800.0
2000-08-08,-0.61,1.705,-0.64,1.42,138038800.0
2000-08-09,1.235,1.795,0.92,1.485,63945600.0
2000-08-10,1.265,1.39,0.235,0.67,48986000.0
2000-08-11,0.58,0.705,0.17,0.58,35629600.0
2000-08-14,0.515,1.045,0.045,0.455,53427000.0
2000-08-15,0.36,0.86,0.11,0.17,40714200.0
2000-08-16,0.295,0.485,-0.36,-0.14,44976200.0
2000-08-17,-0.08,0.36,-0.36,0.14,36112800.0
2000-08-18,-0.08,0.08,-0.64,-0.14,54438800.0
2000-08-21,-0.295,-0.235,-0.61,-0.33,34119600.0
2000-08-22,-0.235,0.58,-0.53,-0.015,54428200.0
2000-08-23,-0.235,-0.08,-0.455,-0.265,36726800.0
2000-08-24,-0.33,-0.045,-0.67,-0.08,42405400.0
2000-08-25,-0.295,0.205,-0.36,-0.33,52729400.0
2000-08-28,-0.545,0.42,-0.58,0.015,56421600.0
2000-08-29,-0.045,0.735,-0.205,-0.17,59400200.0
2000-08-30,-0.295,-0.17,-0.795,-0.64,53498800.0
2000-08-31,-0.205,0.36,-0.795,-0.735,72575400.0
2000-09-01,-0.64,-0.33,-0.795,-0.545,37629800.0
2000-09-05,-0.64,-0.295,-0.735,-0.58,50755200.0
2000-09-06,-0.61,-0.295,-0.985,-0.92,62960800.0
2000-09-07,-0.64,0.39,-0.92,-0.61,111711200.0
2000-09-08,-0.455,-0.205,-1.045,-0.985,56709600.0
2000-09-11,-1.08,-0.795,-1.61,-1.235,48495200.0
2000-09-12,-1.265,-0.985,-1.83,-1.58,46781200.0
2000-09-13,-1.86,-1.265,-2.045,-1.515,40744800.0
2000-09-14,-1.295,-1.265,-2.795,-2.735,78503000.0
2000-09-15,-2.92,-2.83,-3.985,-3.545,99915200.0
2000-09-18,-3.515,-3.33,-4.545,-4.14,69037800.0
2000-09-19,-3.825,-2.765,-3.95,-3.14,79311200.0
2000-09-20,-3.205,-3.14,-4.045,-3.515,67791400.0
2000-09-21,-3.64,-3.08,-3.86,-3.545,48952200.0
2000-09-22,-5.075,-3.89,-5.14,-4.015,84476600.0
2000-09-25,-4.015,-3.89,-5.42,-5.015,53484200.0
2000-09-26,-5.17,-2.705,-5.42,-4.295,155704800.0
2000-09-27,-3.92,-3.86,-5.735,-5.325,106155600.0
2000-09-28,-5.235,-4.7,-5.325,-4.985,52360400.0
2000-09-29,-5.14,-4.985,-6.325,-5.485,74053600.0
2000-10-02,-5.39,-5.235,-6.515,-6.075,58562400.0
2000-10-03,-5.86,-5.735,-7.39,-7.36,85374000.0
2000-10-04,-7.45,-7.36,-8.39,-7.92,136453408.0
2000-10-05,-7.89,-7.015,-8.015,-7.95,81099400.0
2000-10-06,-7.735,-7.265,-8.265,-7.86,61794000.0
2000-10-09,-7.825,-7.765,-9.14,-8.545,58323600.0
2000-10-10,-8.67,-7.86,-8.735,-8.36,62066200.0
2000-10-11,-8.64,-7.17,-8.64,-7.765,101205800.0
2000-10-12,-7.485,-7.2,-8.735,-8.45,90219600.0
2000-10-13,-8.7,-8.2,-9.575,-8.765,104521200.0
2000-10-16,-8.89,-8.735,-10.86,-10.45,119759000.0
2000-10-17,-9.7,-9.42,-10.515,-10.42,81276600.0
2000-10-18,-10.825,-9.015,-11.42,-9.765,110536400.0
2000-10-19,-6.42,-4.545,-6.64,-4.7,256993200.0
2000-10-20,-4.985,-2.58,-5.075,-3.045,160378592.0
2000-10-23,-3.33,-2.515,-5.295,-4.575,185170400.0
2000-10-24,-4.325,-4.17,-5.545,-4.89,94427400.0
2000-10-25,-4.67,-3.92,-5.42,-5.015,167603808.0
2000-10-26,-5.14,-3.11,-5.235,-3.42,114826600.0
2000-10-27,-3.295,-1.045,-3.33,-1.795,124292400.0
2000-10-30,-1.89,-0.58,-1.955,-1.11,110057600.0
2000-10-31,-1.14,-0.89,-1.64,-1.205,104474000.0
2000-11-01,-1.39,-0.61,-1.42,-0.83,81309400.0
2000-11-02,-0.455,-0.22,-0.83,-0.485,77985200.0
2000-11-03,-1.015,-0.83,-1.61,-1.515,68711000.0
2000-11-06,-1.295,-0.58,-1.515,-0.89,74851400.0
2000-11-07,-0.765,0.295,-0.89,-0.39,104331200.0
2000-11-08,-0.08,0.545,-1.64,-0.92,206149408.0
2000-11-09,-1.39,0.015,-1.42,-0.205,91058600.0
2000-11-10,-0.67,-0.485,-2.235,-1.955,93744400.0
2000-11-13,-2.295,-1.58,-3.435,-2.42,83364800.0
2000-11-14,-1.64,-0.735,-1.985,-1.235,84218600.0
2000-11-15,-1.11,-0.205,-1.295,-0.61,60422200.0
2000-11-16,-0.92,0.11,-1.17,-1.17,92128600.0
2000-11-17,-0.92,-0.64,-1.74,-1.11,106525600.0
2000-11-20,-1.58,-1.39,-2.86,-2.045,80157200.0
2000-11-21,-1.955,-1.015,-1.955,-1.765,59487600.0
2000-11-22,-2.61,-0.89,-2.64,-1.515,76343200.0
2000-11-24,-1.14,-0.42,-1.39,-0.67,34439200.0
2000-11-27,0.08,0.485,-0.33,-0.295,85307600.0
2000-11-28,-0.955,-0.765,-2.235,-2.14,127446200.0
2000-11-29,-2.235,-2.08,-4.015,-3.11,98280400.0
2000-11-30,-4.64,-4.61,-7.14,-6.95,197200800.0
2000-12-01,-6.61,-5.325,-7.61,-7.325,109809800.0
2000-12-04,-7.015,-6.14,-8.045,-7.42,80407200.0
2000-12-05,-6.045,-5.39,-6.515,-5.7,101734400.0
2000-12-06,-5.64,-5.61,-7.61,-7.295,90560800.0
2000-12-07,-8.92,-8.64,-9.515,-9.075,145308400.0
2000-12-08,-8.325,-7.7,-8.92,-8.42,120939800.0
2000-12-11,-7.89,-6.265,-8.14,-6.61,95576200.0
2000-12-12,-6.735,-5.64,-7.265,-6.45,63106000.0
2000-12-13,-5.39,-5.39,-7.235,-7.015,98360400.0
2000-12-14,-6.67,-6.275,-7.95,-7.89,71201400.0
2000-12-15,-10.115,-9.64,-11.765,-11.045,116899800.0
2000-12-18,-11.14,-10.64,-12.14,-11.735,107187400.0
2000-12-19,-11.92,-11.64,-13.39,-13.235,120271800.0
2000-12-20,-14.235,-13.64,-14.95,-14.89,149037792.0
2000-12-21,-15.265,-13.075,-15.485,-13.92,163172992.0
2000-12-22,-13.265,-12.075,-13.265,-12.42,109551800.0
2000-12-26,-12.2,-11.36,-12.7,-12.2,66941600.0
2000-12-27,-12.575,-12.235,-13.14,-12.42,69003800.0
2000-12-28,-13.075,-12.515,-13.7,-13.36,77619200.0
2000-12-29,-13.67,-12.735,-14.14,-13.95,99977600.0
2001-01-02,-24.61,-24.39,-24.92,-24.795,82413200.0
2001-01-03,-24.845,-23.42,-24.86,-23.655,135962208.0
2001-01-04,-23.685,-23.015,-23.92,-23.53,112397000.0
2001-01-05,-23.515,-23.17,-23.75,-23.36,93414600.0
2001-01-08,-23.405,-23.2,-23.97,-23.405,79817600.0
2001-01-09,-23.14,-22.485,-23.2,-22.685,114965400.0
2001-01-10,-22.875,-22.185,-22.95,-22.42,90230200.0
2001-01-11,-22.39,-21.7,-22.56,-21.89,101854800.0
2001-01-12,-21.92,-21.89,-22.515,-22.265,73712000.0
2001-01-16,-22.295,-22.265,-22.86,-22.5,68462400.0
2001-01-17,-22.235,-21.92,-22.5,-22.405,72844200.0
2001-01-18,-22.22,-21.08,-22.485,-21.735,109788800.0
2001-01-19,-20.58,-20.28,-20.92,-20.39,209348800.0
2001-01-22,-20.45,-20.39,-20.89,-20.61,76673000.0
2001-01-23,-20.72,-20.33,-20.905,-20.5,70295200.0
2001-01-24,-20.405,-19.78,-20.45,-19.905,110455000.0
2001-01-25,-19.95,-19.64,-20.265,-20.185,85657400.0
2001-01-26,-20.39,-19.56,-20.405,-19.64,93080000.0
2001-01-29,-19.75,-19.45,-19.86,-19.515,84983800.0
2001-01-30,-19.505,-19.45,-19.95,-19.795,57276800.0
2001-01-31,-19.89,-19.7,-20.405,-20.375,81898800.0
2001-02-01,-20.435,-19.86,-20.545,-20.045,71792800.0
2001-02-02,-20.015,-19.795,-20.45,-20.435,71100000.0
2001-02-05,-20.45,-20.085,-20.58,-20.155,51399200.0
2001-02-06,-20.125,-19.685,-20.33,-20.0,96442000.0
2001-02-07,-20.14,-19.375,-20.185,-19.47,126061800.0
2001-02-08,-19.7,-19.515,-20.14,-20.08,88041200.0
2001-02-09,-20.31,-20.25,-21.015,-20.86,100575200.0
2001-02-12,-20.935,-20.78,-21.345,-20.95,71289400.0
2001-02-13,-20.735,-20.375,-21.125,-21.095,76070600.0
2001-02-14,-21.235,-20.89,-21.545,-21.045,61728400.0
2001-02-15,-20.89,-20.595,-21.2,-20.935,65627800.0
2001-02-16,-21.345,-21.08,-21.61,-21.31,66958400.0
2001-02-20,-21.295,-21.08,-21.795,-21.67,60730800.0
2001-02-21,-21.83,-21.125,-21.845,-21.58,63947200.0
2001-02-22,-21.56,-21.435,-22.14,-21.845,100816400.0
2001-02-23,-22.03,-21.265,-22.06,-21.53,92620600.0
2001-02-26,-21.235,-20.655,-21.295,-20.75,87936800.0
2001-02-27,-20.795,-20.345,-21.56,-20.795,99148600.0
2001-02-28,-20.75,-20.62,-21.095,-20.89,84608400.0
2001-03-01,-21.0,-20.72,-21.58,-20.8,81781600.0
2001-03-02,-21.265,-21.11,-21.53,-21.47,79800800.0
2001-03-05,-21.33,-20.985,-21.5,-21.28,49383600.0
2001-03-06,-20.985,-20.64,-21.045,-20.78,66781800.0
2001-03-07,-20.67,-20.36,-20.81,-20.47,59743600.0
2001-03-08,-20.56,-20.49,-21.03,-20.83,54626000.0
2001-03-09,-21.155,-21.095,-21.92,-21.47,103794400.0
2001-03-12,-21.97,-21.89,-22.75,-22.655,114376000.0
2001-03-13,-22.595,-21.95,-22.64,-22.095,91035600.0
2001-03-14,-22.515,-21.83,-22.595,-22.14,90686200.0
2001-03-15,-21.81,-21.62,-22.39,-22.22,71638400.0
2001-03-16,-22.515,-21.86,-22.52,-22.0,112848800.0
2001-03-19,-22.015,-21.765,-22.36,-22.06,61036400.0
2001-03-20,-22.0,-21.61,-22.595,-22.47,91822800.0
2001-03-21,-22.595,-22.33,-23.22,-23.125,124988600.0
2001-03-22,-23.0,-22.125,-23.015,-22.14,126363200.0
2001-03-23,-21.905,-21.39,-22.045,-21.5,99519600.0
2001-03-26,-21.375,-21.265,-21.75,-21.625,63118600.0
2001-03-27,-21.625,-21.0,-22.06,-21.08,95135600.0
2001-03-28,-21.295,-21.155,-21.795,-21.75,78681600.0
2001-03-29,-21.81,-21.345,-22.0,-21.795,86985000.0
2001-03-30,-21.7,-21.595,-22.17,-21.97,91201600.0
2001-04-02,-21.935,-21.405,-21.985,-21.685,75924000.0
2001-04-03,-21.81,-21.75,-22.45,-22.295,94187600.0
2001-04-04,-22.295,-21.89,-22.875,-22.655,104046600.0
2001-04-05,-22.2,-21.295,-22.265,-21.45,113364000.0
2001-04-06,-21.545,-21.345,-21.875,-21.595,92622000.0
2001-04-09,-21.5,-21.265,-21.725,-21.35,56295600.0
2001-04-10,-21.155,-20.62,-21.195,-20.72,109199400.0
2001-04-11,-20.48,-20.265,-20.715,-20.39,109879600.0
2001-04-12,-20.75,-20.06,-20.8,-20.095,87520000.0
2001-04-16,-20.29,-20.245,-20.765,-20.445,65857400.0
2001-04-17,-20.51,-20.115,-20.63,-20.27,85149200.0
2001-04-18,-19.79,-18.99,-19.89,-19.28,156696400.0
2001-04-19,-19.185,-17.99,-19.2,-18.635,159375600.0
2001-04-20,-18.065,-17.865,-18.515,-18.39,192919600.0
2001-04-23,-18.615,-18.51,-18.915,-18.58,92171200.0
2001-04-24,-18.59,-18.155,-18.89,-18.75,89176600.0
2001-04-25,-18.74,-18.14,-18.825,-18.22,76744000.0
2001-04-26,-18.13,-17.89,-18.58,-18.355,118737600.0
2001-04-27,-18.26,-18.22,-19.085,-18.86,121572400.0
2001-04-30,-18.51,-18.375,-18.79,-18.7,74368200.0
2001-05-01,-18.725,-18.02,-18.74,-18.1,83702800.0
2001-05-02,-17.89,-17.85,-18.3,-18.2,92864400.0
2001-05-03,-18.33,-18.095,-18.605,-18.51,66273400.0
2001-05-04,-18.64,-17.875,-18.65,-17.95,119538400.0
2001-05-07,-17.93,-17.6,-17.965,-17.795,109356200.0
2001-05-08,-17.705,-17.58,-17.95,-17.625,75084000.0
2001-05-09,-17.83,-17.815,-18.175,-18.04,76676600.0
2001-05-10,-17.855,-17.83,-18.15,-18.14,64334600.0
2001-05-11,-18.15,-18.14,-18.48,-18.29,51128800.0
2001-05-14,-18.355,-18.34,-18.565,-18.46,44968000.0
2001-05-15,-18.455,-18.315,-18.64,-18.57,61385600.0
2001-05-16,-18.715,-18.17,-18.81,-18.35,91893800.0
2001-05-17,-18.365,-18.105,-18.75,-18.6,106984800.0
2001-05-18,-18.715,-18.34,-18.83,-18.62,90605400.0
2001-05-21,-18.625,-18.14,-18.7,-18.445,103491600.0
2001-05-22,-18.28,-17.875,-18.355,-18.06,83455600.0
2001-05-23,-18.04,-17.74,-18.265,-18.215,93637400.0
2001-05-24,-18.155,-17.695,-18.32,-17.71,80781600.0
2001-05-25,-17.725,-17.665,-18.05,-17.91,52747600.0
2001-05-29,-17.94,-17.7,-18.19,-18.055,71210800.0
2001-05-30,-18.25,-17.995,-18.48,-18.345,86501800.0
2001-05-31,-18.27,-18.045,-18.85,-18.345,70682600.0
2001-06-01,-18.24,-17.965,-18.465,-18.055,57587600.0
2001-06-04,-18.0,-17.885,-18.19,-17.945,43736600.0
2001-06-05,-17.95,-17.37,-18.015,-17.49,89454200.0
2001-06-06,-17.42,-17.27,-17.75,-17.55,80022800.0
2001-06-07,-17.61,-17.015,-17.62,-17.23,66960000.0
2001-06-08,-17.23,-17.2,-17.625,-17.345,51867000.0
2001-06-11,-17.43,-17.43,-17.76,-17.61,47345600.0
2001-06-12,-17.885,-17.54,-17.935,-17.62,66714600.0
2001-06-13,-17.63,-17.565,-17.985,-17.97,55302400.0
2001-06-14,-18.085,-18.0,-18.54,-18.415,71972400.0
2001-06-15,-18.78,-18.54,-19.04,-18.635,108354400.0
2001-06-18,-18.65,-18.65,-19.14,-18.92,56846800.0
2001-06-19,-18.585,-18.43,-18.93,-18.81,63457400.0
2001-06-20,-18.855,-18.24,-18.865,-18.29,64108400.0
2001-06-21,-18.355,-18.0,-18.53,-18.18,69603800.0
2001-06-22,-18.14,-17.99,-18.495,-18.43,51092000.0
2001-06-25,-18.365,-18.185,-18.7,-18.43,49215600.0
2001-06-26,-18.68,-18.085,-18.715,-18.105,63077000.0
2001-06-27,-18.17,-17.76,-18.3,-17.855,69199800.0
2001-06-28,-17.75,-16.6,-18.08,-17.455,128975600.0
2001-06-29,-17.5,-17.265,-17.79,-17.39,94283800.0
2001-07-02,-17.625,-17.35,-18.1,-17.99,72810200.0
2001-07-03,-18.065,-17.93,-18.16,-18.02,28037400.0
2001-07-05,-18.085,-17.96,-18.53,-18.51,49242600.0
2001-07-06,-18.565,-18.54,-19.26,-19.125,67467800.0
2001-07-09,-19.09,-18.91,-19.38,-19.22,66476600.0
2001-07-10,-19.165,-19.08,-19.62,-19.52,66562600.0
2001-07-11,-19.59,-18.885,-19.59,-19.015,73822600.0
2001-07-12,-17.965,-17.625,-18.06,-17.74,128078000.0
2001-07-13,-17.79,-17.64,-17.905,-17.805,58934600.0
2001-07-16,-17.765,-17.6,-18.1,-17.845,55990800.0
2001-07-17,-17.975,-17.515,-18.105,-17.685,63241000.0
2001-07-18,-17.99,-17.765,-18.17,-18.0,57590800.0
2001-07-19,-17.835,-17.08,-18.35,-17.5,76549400.0
2001-07-20,-18.635,-18.29,-18.69,-18.345,124203600.0
2001-07-23,-18.33,-18.325,-19.05,-18.87,79999400.0
2001-07-24,-18.89,-18.64,-19.215,-19.06,67530200.0
2001-07-25,-19.075,-18.685,-19.3,-18.805,74065400.0
2001-07-26,-18.86,-18.81,-19.265,-18.99,77974000.0
2001-07-27,-19.13,-19.08,-19.375,-19.27,65396000.0
2001-07-30,-19.23,-18.92,-19.255,-19.19,42196400.0
2001-07-31,-19.14,-18.79,-19.18,-19.095,59031600.0
2001-08-01,-18.94,-18.935,-19.2,-19.02,55679000.0
2001-08-02,-18.835,-18.7,-19.075,-18.78,54198400.0
2001-08-03,-18.815,-18.8,-19.14,-18.915,43260400.0
2001-08-06,-19.01,-18.86,-19.22,-19.105,27831600.0
2001-08-07,-19.13,-18.875,-19.14,-19.05,31347800.0
2001-08-08,-19.01,-18.83,-19.515,-19.425,54996400.0
2001-08-09,-19.39,-19.25,-19.565,-19.39,45536200.0
2001-08-10,-19.45,-19.175,-19.915,-19.26,51756400.0
2001-08-13,-19.33,-19.14,-19.45,-19.18,32675400.0
2001-08-14,-19.2,-19.12,-19.53,-19.47,36481200.0
2001-08-15,-19.46,-19.375,-19.85,-19.84,39503000.0
2001-08-16,-19.93,-19.415,-19.965,-19.485,43905600.0
2001-08-17,-19.695,-19.605,-20.265,-20.17,52234200.0
2001-08-20,-20.225,-19.95,-20.365,-19.965,48371200.0
2001-08-21,-19.97,-19.84,-20.51,-20.445,47111800.0
2001-08-22,-20.355,-20.35,-20.87,-20.475,78107200.0
2001-08-23,-20.47,-20.26,-20.915,-20.86,51813200.0
2001-08-24,-20.74,-20.07,-20.83,-20.125,63399000.0
2001-08-27,-20.165,-19.8,-20.25,-20.06,44562800.0
2001-08-28,-20.055,-19.905,-20.495,-20.455,47422800.0
2001-08-29,-20.375,-20.315,-20.755,-20.58,48170000.0
2001-08-30,-20.88,-20.725,-21.51,-21.405,97632000.0
2001-08-31,-21.43,-21.125,-21.565,-21.375,57900800.0
2001-09-04,-21.34,-20.87,-21.63,-21.615,67189200.0
2001-09-05,-21.595,-21.04,-21.82,-21.205,89470600.0
2001-09-06,-21.5,-21.04,-21.71,-21.635,112356800.0
2001-09-07,-21.61,-21.3,-21.89,-21.79,89863800.0
2001-09-10,-21.91,-21.15,-21.965,-21.245,84471800.0
2001-09-17,-22.09,-21.865,-22.515,-22.41,127502000.0
2001-09-18,-22.29,-21.89,-22.35,-22.06,83182600.0
2001-09-19,-22.025,-21.86,-22.99,-22.175,126950200.0
2001-09-20,-22.55,-22.49,-23.08,-22.95,117983200.0
2001-09-21,-23.66,-22.99,-23.765,-23.21,184976608.0
2001-09-24,-22.96,-22.53,-23.175,-22.64,85580200.0
2001-09-25,-22.57,-22.39,-23.1,-22.815,84940600.0
2001-09-26,-22.76,-22.69,-23.25,-23.07,58524400.0
2001-09-27,-23.115,-22.97,-23.64,-23.15,81191200.0
2001-09-28,-23.235,-22.74,-23.395,-22.85,116641200.0
2001-10-01,-22.905,-22.515,-23.04,-22.695,69999600.0
2001-10-02,-22.73,-22.25,-22.75,-22.375,80860800.0
2001-10-03,-22.515,-21.41,-22.54,-21.58,97199200.0
2001-10-04,-21.41,-21.04,-21.585,-21.53,101778000.0
2001-10-05,-21.6,-21.14,-21.905,-21.21,80844400.0
2001-10-08,-21.43,-20.98,-21.455,-21.13,60605800.0
2001-10-09,-21.265,-21.245,-22.09,-22.0,99477600.0
2001-10-10,-22.24,-21.7,-22.39,-21.76,86349200.0
2001-10-11,-21.7,-21.43,-21.99,-21.56,83742600.0
2001-10-12,-21.715,-21.48,-22.0,-21.545,63307000.0
2001-10-15,-21.665,-21.015,-21.68,-21.125,68437000.0
2001-10-16,-21.17,-20.91,-21.34,-21.03,66169000.0
2001-10-17,-20.86,-20.815,-21.69,-21.63,73710600.0
2001-10-18,-21.555,-21.245,-21.765,-21.45,78348000.0
2001-10-19,-21.29,-21.13,-21.73,-21.165,91219600.0
2001-10-22,-21.165,-20.59,-21.27,-20.6,72323600.0
2001-10-23,-20.52,-20.28,-20.79,-20.53,80325000.0
2001-10-24,-20.515,-20.235,-20.735,-20.31,79141400.0
2001-10-25,-20.485,-19.99,-20.75,-20.0,75318200.0
2001-10-26,-20.06,-19.73,-20.12,-20.09,64509400.0
2001-10-29,-20.115,-20.09,-20.755,-20.73,55129400.0
2001-10-30,-20.91,-20.755,-21.09,-20.92,57395600.0
2001-10-31,-20.815,-20.46,-21.14,-21.1,64700000.0
2001-11-01,-20.62,-20.075,-20.74,-20.18,109671200.0
2001-11-02,-20.16,-19.885,-20.51,-20.29,83360000.0
2001-11-05,-20.17,-19.63,-20.2,-19.82,66401600.0
2001-11-06,-19.965,-19.365,-20.1,-19.445,68612000.0
2001-11-07,-19.585,-19.38,-19.63,-19.58,58899000.0
2001-11-08,-19.525,-19.125,-19.725,-19.535,74227800.0
2001-11-09,-19.555,-19.23,-19.66,-19.34,48013600.0
2001-11-12,-19.465,-19.03,-19.73,-19.19,57752800.0
2001-11-13,-18.94,-18.64,-18.99,-18.665,60159600.0
2001-11-14,-18.585,-18.555,-19.19,-19.15,88625600.0
2001-11-15,-19.115,-18.88,-19.28,-19.11,77922000.0
2001-11-16,-19.065,-18.985,-19.4,-19.2,59249000.0
2001-11-19,-19.08,-18.9,-19.215,-19.005,56005000.0
2001-11-20,-19.03,-18.69,-19.38,-19.29,65921800.0
2001-11-21,-19.55,-19.49,-19.77,-19.63,50785200.0
2001-11-23,-19.525,-19.44,-19.735,-19.46,15754600.0
2001-11-26,-19.39,-19.21,-19.54,-19.355,41983600.0
2001-11-27,-19.44,-19.37,-19.95,-19.705,90819000.0
2001-11-28,-19.84,-19.61,-19.96,-19.94,54536600.0
2001-11-29,-19.86,-19.4,-19.9,-19.43,54034400.0
2001-11-30,-19.475,-19.37,-19.66,-19.59,48234200.0
2001-12-03,-19.68,-19.33,-19.69,-19.45,47211800.0
2001-12-04,-19.39,-19.11,-19.615,-19.14,51005800.0
2001-12-05,-19.02,-18.6,-19.045,-18.615,74243000.0
2001-12-06,-18.645,-18.39,-18.75,-18.48,56026200.0
2001-12-07,-18.59,-18.43,-19.0,-18.68,42334800.0
2001-12-10,-18.76,-18.53,-18.925,-18.875,38367400.0
2001-12-11,-18.73,-18.605,-18.89,-18.81,54334000.0
2001-12-12,-18.85,-18.64,-19.08,-18.65,47884200.0
2001-12-13,-18.86,-18.58,-19.12,-19.07,53227800.0
2001-12-14,-19.135,-18.65,-19.16,-18.78,43000600.0
2001-12-17,-18.85,-18.36,-18.85,-18.395,57079800.0
2001-12-18,-18.41,-18.27,-18.49,-18.32,47255200.0
2001-12-19,-18.485,-18.165,-18.53,-18.27,56996200.0
2001-12-20,-18.35,-18.29,-18.985,-18.95,78585000.0
2001-12-21,-18.64,-18.44,-18.89,-18.755,84307600.0
2001-12-24,-18.71,-18.63,-18.84,-18.82,11701600.0
2001-12-26,-18.785,-18.37,-18.79,-18.72,29328000.0
2001-12-27,-18.645,-18.46,-18.825,-18.68,32406600.0
2001-12-28,-18.58,-18.43,-18.715,-18.67,28787200.0
2001-12-31,-18.68,-18.52,-19.115,-19.08,43006200.0
2002-01-02,-18.99,-18.85,-19.26,-18.88,48124000.0
2002-01-03,-18.86,-18.32,-18.87,-18.33,67590800.0
2002-01-04,-18.33,-18.16,-18.47,-18.415,52731400.0
2002-01-07,-18.2,-18.135,-18.55,-18.5,58508800.0
2002-01-08,-18.47,-18.14,-18.64,-18.295,47736400.0
2002-01-09,-18.21,-17.985,-18.52,-18.46,76304000.0
2002-01-10,-18.52,-18.19,-18.61,-18.32,50296600.0
2002-01-11,-18.26,-18.06,-18.615,-18.49,72993200.0
2002-01-14,-18.565,-18.38,-18.705,-18.52,50997800.0
2002-01-15,-18.475,-18.235,-18.515,-18.25,60717400.0
2002-01-16,-18.43,-18.18,-18.73,-18.67,61955400.0
2002-01-17,-18.51,-18.14,-18.75,-18.175,78958000.0
2002-01-18,-18.87,-18.68,-19.285,-19.115,107140400.0
2002-01-22,-18.99,-18.98,-19.58,-19.525,76837200.0
2002-01-23,-19.63,-19.46,-19.83,-19.705,80403000.0
2002-01-24,-19.615,-19.345,-19.69,-19.475,83886000.0
2002-01-25,-19.59,-19.43,-19.76,-19.69,48981200.0
2002-01-28,-19.58,-19.54,-19.91,-19.685,41622000.0
2002-01-29,-19.665,-19.515,-20.14,-20.06,58666000.0
2002-01-30,-20.03,-19.915,-20.31,-19.93,66100000.0
2002-01-31,-19.875,-19.665,-20.11,-19.71,69566200.0
2002-02-01,-19.6,-19.515,-20.03,-19.975,63462200.0
2002-02-04,-20.04,-19.97,-20.45,-20.36,70308400.0
2002-02-05,-20.44,-20.08,-20.515,-20.35,66772600.0
2002-02-06,-20.24,-20.17,-20.58,-20.54,66103000.0
2002-02-07,-20.565,-20.24,-20.745,-20.69,63314000.0
2002-02-08,-20.61,-20.45,-20.93,-20.48,61283000.0
2002-02-11,-20.64,-20.33,-20.74,-20.36,50899600.0
2002-02-12,-20.52,-20.43,-20.69,-20.605,44973800.0
2002-02-13,-20.575,-20.17,-20.65,-20.185,54168600.0
2002-02-14,-20.14,-19.89,-20.31,-20.24,57267000.0
2002-02-15,-20.215,-20.125,-20.595,-20.58,50179800.0
2002-02-19,-20.66,-20.605,-20.99,-20.93,52262600.0
2002-02-20,-20.79,-20.55,-20.94,-20.665,50492000.0
2002-02-21,-20.71,-20.57,-21.14,-21.13,59398400.0
2002-02-22,-21.13,-20.95,-21.35,-21.14,71347800.0
2002-02-25,-21.16,-20.67,-21.17,-20.87,51832200.0
2002-02-26,-20.865,-20.64,-21.165,-21.0,63276200.0
2002-02-27,-20.87,-20.6,-21.14,-21.04,65750000.0
2002-02-28,-20.945,-20.715,-21.105,-21.055,68068000.0
2002-03-01,-20.88,-20.265,-20.93,-20.3,62115600.0
2002-03-04,-20.34,-19.765,-20.42,-19.84,74464200.0
2002-03-05,-19.89,-19.67,-20.055,-19.87,55926400.0
2002-03-06,-19.915,-19.715,-20.09,-19.73,49835400.0
2002-03-07,-19.72,-19.67,-20.175,-19.96,58079200.0
2002-03-08,-19.74,-19.465,-19.85,-19.65,57701800.0
2002-03-11,-19.76,-19.39,-19.89,-19.555,43718200.0
2002-03-12,-20.01,-19.94,-20.22,-20.005,66407200.0
2002-03-13,-20.12,-19.885,-20.15,-20.115,44387400.0
2002-03-14,-20.105,-20.08,-20.39,-20.335,51819600.0
2002-03-15,-20.355,-20.01,-20.4,-20.02,69086800.0
2002-03-18,-19.965,-19.89,-20.34,-20.105,52296800.0
2002-03-19,-20.095,-19.89,-20.265,-20.08,36376400.0
2002-03-20,-20.29,-20.135,-20.615,-20.615,55235200.0
2002-03-21,-20.59,-20.24,-20.68,-20.3,46123400.0
2002-03-22,-20.38,-20.355,-20.585,-20.53,41341400.0
2002-03-25,-20.52,-20.445,-20.86,-20.83,47752400.0
2002-03-26,-20.865,-20.41,-21.06,-20.87,69357200.0
2002-03-27,-20.94,-20.67,-20.99,-20.78,47318400.0
2002-03-28,-20.65,-20.48,-20.725,-20.56,43901200.0
2002-04-01,-20.68,-20.54,-20.84,-20.545,47010000.0
2002-04-02,-20.915,-20.865,-21.36,-21.315,76509400.0
2002-04-03,-21.28,-21.24,-21.765,-21.56,76931400.0
2002-04-04,-21.645,-21.4,-21.785,-21.53,61763800.0
2002-04-05,-21.42,-21.315,-21.74,-21.67,50166000.0
2002-04-08,-22.065,-21.3,-22.075,-21.335,73389600.0
2002-04-09,-21.31,-21.28,-21.94,-21.92,63413000.0
2002-04-10,-21.86,-21.36,-21.875,-21.565,75636400.0
2002-04-11,-21.67,-21.53,-22.015,-21.94,58165800.0
2002-04-12,-21.85,-21.575,-21.925,-21.66,52297600.0
2002-04-15,-21.64,-21.45,-21.79,-21.72,47388800.0
2002-04-16,-21.54,-20.845,-21.55,-21.19,51921600.0
2002-04-17,-21.15,-21.07,-21.535,-21.48,55158600.0
2002-04-18,-21.44,-21.265,-22.47,-21.55,74794800.0
2002-04-19,-21.25,-21.145,-21.425,-21.34,104268600.0
2002-04-22,-21.51,-21.465,-21.89,-21.74,51465200.0
2002-04-23,-21.72,-21.685,-22.315,-22.14,68281400.0
2002-04-24,-22.18,-22.03,-22.39,-22.385,61220400.0
2002-04-25,-22.415,-22.03,-22.42,-22.21,57290400.0
2002-04-26,-22.12,-22.03,-22.83,-22.765,62776600.0
2002-04-29,-22.77,-22.41,-22.78,-22.58,70246000.0
2002-04-30,-22.615,-22.315,-22.66,-22.575,77384000.0
2002-05-01,-22.6,-22.34,-22.975,-22.45,76413000.0
2002-05-02,-22.48,-22.12,-22.855,-22.84,79009200.0
2002-05-03,-22.825,-22.72,-23.28,-23.25,71628000.0
2002-05-06,-23.28,-23.005,-23.56,-23.485,66299400.0
2002-05-07,-23.345,-23.07,-23.55,-23.27,88385400.0
2002-05-08,-22.8,-21.89,-22.83,-21.9,101242000.0
2002-05-09,-22.04,-21.89,-22.665,-22.61,83288200.0
2002-05-10,-22.51,-22.47,-23.14,-23.13,64408800.0
2002-05-13,-23.03,-22.41,-23.2,-22.47,64819000.0
2002-05-14,-22.04,-21.68,-22.145,-21.92,64832400.0
2002-05-15,-22.02,-21.53,-22.175,-21.95,70412000.0
2002-05-16,-21.96,-21.63,-21.98,-21.705,53406400.0
2002-05-17,-21.59,-21.54,-21.82,-21.63,54646200.0
2002-05-20,-21.765,-21.75,-22.265,-22.14,52115800.0
2002-05-21,-22.15,-21.99,-22.615,-22.59,63120000.0
2002-05-22,-22.67,-22.21,-22.68,-22.22,54169400.0
2002-05-23,-22.215,-21.92,-22.39,-21.935,51412800.0
2002-05-24,-22.105,-22.01,-22.38,-22.325,35982000.0
2002-05-28,-22.24,-22.22,-22.7,-22.56,49602000.0
2002-05-29,-22.73,-22.46,-22.75,-22.63,45393200.0
2002-05-30,-22.73,-22.3,-22.78,-22.48,63213000.0
2002-05-31,-22.415,-22.285,-22.95,-22.91,66468000.0
2002-06-03,-22.89,-22.73,-23.35,-23.285,88439000.0
2002-06-04,-23.265,-22.83,-23.33,-23.145,88008400.0
2002-06-05,-23.03,-22.7,-23.06,-22.725,66969400.0
2002-06-06,-22.76,-22.605,-23.19,-22.665,78703400.0
2002-06-07,-23.17,-22.49,-23.175,-22.645,97834400.0
2002-06-10,-22.73,-22.315,-22.935,-22.435,71825400.0
2002-06-11,-22.32,-22.095,-22.535,-22.5,74368200.0
2002-06-12,-22.495,-21.695,-22.515,-21.755,136198592.0
2002-06-13,-21.93,-21.77,-22.09,-22.085,79771600.0
2002-06-14,-22.35,-21.75,-22.39,-21.83,109433600.0
2002-06-17,-21.725,-21.53,-21.8,-21.72,94486600.0
2002-06-18,-21.76,-21.49,-21.8,-21.64,77518400.0
2002-06-19,-21.77,-21.655,-22.06,-22.05,81247000.0
2002-06-20,-22.05,-21.865,-22.165,-22.115,86401200.0
2002-06-21,-22.29,-22.0,-22.57,-22.57,116820000.0
2002-06-24,-22.615,-21.98,-22.68,-22.1,104523200.0
2002-06-25,-21.965,-21.89,-22.44,-22.4,84025200.0
2002-06-26,-22.875,-22.04,-22.88,-22.11,112131400.0
2002-06-27,-21.99,-21.88,-22.425,-21.91,95812400.0
2002-06-28,-22.0,-21.69,-22.18,-21.965,89555600.0
2002-07-01,-22.11,-22.04,-22.51,-22.475,66473800.0
2002-07-02,-22.545,-22.41,-22.85,-22.78,82814200.0
2002-07-03,-22.83,-22.49,-23.03,-22.52,80936600.0
2002-07-05,-22.37,-21.915,-22.38,-21.93,35673600.0
2002-07-08,-22.04,-21.91,-22.495,-22.41,63199400.0
2002-07-09,-22.3,-21.96,-22.4,-22.34,85277200.0
2002-07-10,-22.22,-22.09,-22.64,-22.58,90673400.0
2002-07-11,-22.63,-21.415,-22.83,-22.41,129550600.0
2002-07-12,-22.3,-22.21,-22.77,-22.675,95733800.0
2002-07-15,-22.8,-22.57,-23.47,-22.69,136965600.0
2002-07-16,-22.81,-22.44,-22.98,-22.83,97154600.0
2002-07-17,-22.51,-22.315,-22.85,-22.64,98034800.0
2002-07-18,-22.625,-22.455,-22.975,-22.86,91053600.0
2002-07-19,-23.185,-22.92,-23.435,-23.25,112543400.0
2002-07-22,-23.4,-23.14,-24.165,-24.07,180069792.0
2002-07-23,-24.015,-23.94,-24.965,-24.89,168061600.0
2002-07-24,-25.24,-24.05,-25.29,-24.08,202307808.0
2002-07-25,-24.28,-24.09,-25.03,-24.93,163411392.0
2002-07-26,-24.705,-24.29,-24.72,-24.3,123538000.0
2002-07-29,-23.915,-23.565,-24.0,-23.58,112148600.0
2002-07-30,-23.75,-23.43,-23.81,-23.615,122690600.0
2002-07-31,-23.74,-23.63,-24.05,-23.645,93875600.0
2002-08-01,-23.745,-23.62,-24.315,-24.2,92002800.0
2002-08-02,-24.26,-24.18,-24.69,-24.54,85947600.0
2002-08-05,-24.57,-24.35,-24.69,-24.64,78941600.0
2002-08-06,-24.415,-23.83,-24.43,-24.22,88715800.0
2002-08-07,-23.89,-23.815,-24.35,-23.87,86349400.0
2002-08-08,-23.86,-23.39,-24.04,-23.41,88748000.0
2002-08-09,-23.6,-23.35,-23.725,-23.61,69049400.0
2002-08-12,-23.74,-23.45,-23.74,-23.52,56866600.0
2002-08-13,-23.64,-23.215,-23.915,-23.875,100122800.0
2002-08-14,-23.83,-23.205,-23.84,-23.21,96706000.0
2002-08-15,-23.15,-22.955,-23.45,-23.2,98745600.0
2002-08-16,-23.265,-23.08,-23.41,-23.14,69334000.0
2002-08-19,-23.13,-22.63,-23.18,-22.64,79848200.0
2002-08-20,-22.795,-22.715,-22.95,-22.88,70317600.0
2002-08-21,-22.75,-22.51,-22.85,-22.57,81203400.0
2002-08-22,-22.43,-22.28,-22.49,-22.33,72517600.0
2002-08-23,-22.475,-22.43,-22.68,-22.585,57929200.0
2002-08-26,-22.515,-22.48,-22.845,-22.615,55652400.0
2002-08-27,-22.56,-22.53,-22.98,-22.93,65470200.0
2002-08-28,-23.02,-22.975,-23.315,-23.295,68875000.0
2002-08-29,-23.42,-22.89,-23.51,-22.995,94275600.0
2002-08-30,-23.105,-23.02,-23.39,-23.37,58138400.0
2002-09-03,-23.51,-23.51,-23.895,-23.885,74452600.0
2002-09-04,-23.78,-23.49,-23.85,-23.59,80232000.0
2002-09-05,-23.765,-23.76,-24.17,-24.16,90438800.0
2002-09-06,-23.7,-23.57,-23.77,-23.685,69918400.0
2002-09-09,-23.83,-23.4,-23.98,-23.465,81653200.0
2002-09-10,-23.505,-23.185,-23.55,-23.19,83950000.0
2002-09-11,-23.08,-22.865,-23.51,-23.495,77443200.0
2002-09-12,-23.6,-23.565,-23.885,-23.85,63726800.0
2002-09-13,-23.915,-23.575,-23.93,-23.66,59549200.0
2002-09-16,-23.735,-23.61,-23.88,-23.695,50166200.0
2002-09-17,-23.47,-23.415,-23.87,-23.82,73343400.0
2002-09-18,-23.96,-23.58,-23.975,-23.7,83951800.0
2002-09-19,-23.97,-23.685,-24.0,-23.84,77777600.0
2002-09-20,-23.71,-23.64,-23.815,-23.775,130619200.0
2002-09-23,-23.99,-23.96,-24.44,-24.33,89783800.0
2002-09-24,-24.43,-24.02,-24.48,-24.22,104142200.0
2002-09-25,-24.04,-23.9,-24.375,-24.01,107116600.0
2002-09-26,-23.86,-23.765,-24.15,-24.09,100852200.0
2002-09-27,-24.13,-23.865,-24.34,-24.33,81011600.0
2002-09-30,-24.42,-24.38,-24.86,-24.705,115577000.0
2002-10-01,-24.56,-24.065,-24.84,-24.08,110636600.0
2002-10-02,-24.115,-23.935,-24.35,-24.24,103488600.0
2002-10-03,-24.315,-23.99,-24.515,-24.46,105221400.0
2002-10-04,-24.29,-24.25,-24.73,-24.7,107120400.0
2002-10-07,-24.69,-24.375,-24.72,-24.63,89790000.0
2002-10-08,-24.45,-24.145,-24.61,-24.39,115667600.0
2002-10-09,-24.58,-24.28,-24.69,-24.64,123142600.0
2002-10-10,-24.64,-23.98,-24.83,-24.045,118515000.0
2002-10-11,-23.8,-23.39,-23.88,-23.42,108828800.0
2002-10-14,-23.59,-23.31,-23.68,-23.32,76216200.0
2002-10-15,-22.81,-22.53,-23.26,-22.57,133374200.0
2002-10-16,-23.04,-22.825,-23.07,-23.04,95437400.0
2002-10-17,-22.57,-22.14,-23.14,-22.945,182602400.0
2002-10-18,-22.49,-22.315,-22.855,-22.35,152817200.0
2002-10-21,-22.65,-22.39,-22.89,-22.51,112378600.0
2002-10-22,-22.78,-22.64,-22.88,-22.72,87159000.0
2002-10-23,-22.785,-22.325,-22.89,-22.34,110866600.0
2002-10-24,-22.3,-22.3,-22.915,-22.83,95833400.0
2002-10-25,-22.83,-22.44,-22.85,-22.47,75425800.0
2002-10-28,-22.29,-22.265,-22.76,-22.65,79906600.0
2002-10-29,-22.6,-22.52,-22.93,-22.62,90517200.0
2002-10-30,-22.59,-22.29,-22.73,-22.36,94451200.0
2002-10-31,-22.34,-22.12,-22.43,-22.27,105973800.0
2002-11-01,-22.53,-21.64,-22.665,-22.39,105097800.0
2002-11-04,-21.45,-21.33,-21.76,-21.615,139964192.0
2002-11-05,-21.695,-21.44,-21.745,-21.48,76658200.0
2002-11-06,-21.39,-21.32,-21.76,-21.38,115407000.0
2002-11-07,-21.6,-21.485,-21.765,-21.64,73699600.0
2002-11-08,-21.64,-21.5,-21.89,-21.865,64522200.0
2002-11-11,-21.87,-21.865,-22.185,-22.175,58341200.0
2002-11-12,-22.115,-21.78,-22.165,-22.01,81398600.0
2002-11-13,-22.08,-21.66,-22.11,-21.8,107370200.0
2002-11-14,-21.64,-21.38,-21.67,-21.39,78337000.0
2002-11-15,-21.485,-21.41,-21.72,-21.47,77533600.0
2002-11-18,-21.4,-21.38,-21.705,-21.68,58086400.0
2002-11-19,-21.75,-21.74,-22.06,-21.93,76403400.0
2002-11-20,-21.89,-21.4,-21.91,-21.485,76435400.0
2002-11-21,-21.4,-21.14,-21.445,-21.18,82922200.0
2002-11-22,-21.28,-21.065,-21.38,-21.085,70002000.0
2002-11-25,-21.125,-20.98,-21.245,-21.08,61583000.0
2002-11-26,-21.23,-21.08,-21.445,-21.415,68650400.0
2002-11-27,-21.24,-20.985,-21.29,-21.12,55191800.0
2002-11-29,-21.03,-20.98,-21.28,-21.22,28393000.0
2002-12-02,-20.98,-20.9,-21.48,-21.22,63735000.0
2002-12-03,-21.32,-21.3,-21.54,-21.46,58457400.0
2002-12-04,-21.61,-21.28,-21.685,-21.505,83892000.0
2002-12-05,-21.4,-21.37,-21.815,-21.805,68435800.0
2002-12-06,-21.92,-21.705,-22.08,-21.77,71670200.0
2002-12-09,-21.89,-21.835,-22.32,-22.26,63862800.0
2002-12-10,-22.25,-22.02,-22.27,-22.14,63730200.0
2002-12-11,-22.18,-21.885,-22.245,-21.975,69186200.0
2002-12-12,-21.89,-21.875,-22.22,-22.1,55242000.0
2002-12-13,-22.22,-22.2,-22.525,-22.515,65245400.0
2002-12-16,-22.395,-22.0,-22.47,-22.02,60140400.0
2002-12-17,-22.035,-21.89,-22.195,-22.05,49549800.0
2002-12-18,-22.18,-22.04,-22.44,-22.26,62709400.0
2002-12-19,-22.33,-21.95,-22.42,-22.36,82686600.0
2002-12-20,-22.27,-22.21,-22.61,-22.38,98294600.0
2002-12-23,-22.38,-22.07,-22.415,-22.14,48798400.0
2002-12-24,-22.255,-22.08,-22.26,-22.185,18386000.0
2002-12-26,-22.13,-21.97,-22.35,-22.29,37228000.0
2002-12-27,-22.32,-22.14,-22.42,-22.4,40891600.0
2002-12-30,-22.39,-22.33,-22.57,-22.45,48019600.0
2002-12-31,-22.455,-22.39,-22.825,-22.715,58208800.0
2003-01-02,-22.565,-22.2,-22.715,-22.21,67025200.0
2003-01-03,-22.24,-22.14,-22.42,-22.19,55546800.0
2003-01-06,-22.135,-21.83,-22.19,-21.95,59456200.0
2003-01-07,-21.91,-21.64,-21.97,-21.69,80517400.0
2003-01-08,-21.8,-21.75,-22.11,-22.08,64566000.0
2003-01-09,-21.96,-21.66,-22.01,-21.69,61808000.0
2003-01-10,-21.865,-21.565,-21.915,-21.66,67730200.0
2003-01-13,-21.51,-21.45,-21.695,-21.54,60817800.0
2003-01-14,-21.56,-21.315,-21.59,-21.4,54206400.0
2003-01-15,-21.39,-21.31,-21.59,-21.57,59622600.0
2003-01-16,-21.56,-21.48,-21.86,-21.8,81371000.0
2003-01-17,-22.4,-22.39,-22.81,-22.775,155876000.0
2003-01-21,-22.67,-22.6,-22.82,-22.81,86159200.0
2003-01-22,-22.75,-22.54,-23.135,-22.89,86948000.0
2003-01-23,-22.655,-22.505,-22.775,-22.57,71374800.0
2003-01-24,-22.62,-22.62,-23.215,-23.18,103027000.0
2003-01-27,-23.315,-22.99,-23.54,-23.35,114838600.0
2003-01-28,-23.22,-23.215,-23.5,-23.435,86151200.0
2003-01-29,-23.46,-23.13,-23.66,-23.16,106884000.0
2003-01-30,-23.1,-23.1,-23.615,-23.58,87877400.0
2003-01-31,-23.78,-23.55,-23.88,-23.775,106858400.0
2003-02-03,-23.66,-23.365,-23.775,-23.5,80129800.0
2003-02-04,-23.69,-23.655,-23.92,-23.81,81854800.0
2003-02-05,-23.69,-23.51,-23.96,-23.9,101072000.0
2003-02-06,-23.925,-23.735,-24.0,-23.785,83312000.0
2003-02-07,-23.67,-23.65,-24.04,-23.995,75208000.0
2003-02-10,-23.94,-23.76,-24.005,-23.795,74081400.0
2003-02-11,-23.815,-23.72,-24.14,-24.03,84292000.0
2003-02-12,-24.0,-23.865,-24.075,-24.03,71315200.0
2003-02-13,-24.04,-23.86,-24.105,-23.89,73558200.0
2003-02-14,-23.83,-23.515,-23.95,-23.565,90446400.0
2003-02-18,-11.24,-10.64,-11.49,-10.68,57415500.0
2003-02-19,-10.71,-10.68,-11.39,-11.03,46902700.0
2003-02-20,-10.8,-10.69,-11.46,-11.41,50897200.0
2003-02-21,-11.27,-10.76,-11.86,-10.95,56853200.0
2003-02-24,-11.12,-11.06,-11.72,-11.49,62403700.0
2003-02-25,-12.02,-11.29,-12.18,-11.37,68113000.0
2003-02-26,-11.46,-11.09,-12.06,-11.96,57096000.0
2003-02-27,-11.66,-11.35,-12.26,-11.98,75434304.0
2003-02-28,-11.82,-11.49,-12.0,-11.86,56585400.0
2003-03-03,-11.53,-11.44,-12.15,-12.02,50653500.0
2003-03-04,-11.98,-11.9,-12.52,-12.49,56605700.0
2003-03-05,-12.49,-12.01,-12.51,-12.12,55415900.0
2003-03-06,-12.39,-12.06,-12.56,-12.29,54607600.0
2003-03-07,-12.61,-11.77,-12.66,-12.0,66167600.0
2003-03-10,-12.25,-12.1,-12.67,-12.61,48413600.0
2003-03-11,-12.5,-12.29,-12.8,-12.77,53990700.0
2003-03-12,-12.74,-12.12,-13.01,-12.17,72379504.0
2003-03-13,-11.84,-10.82,-12.12,-10.89,80701296.0
2003-03-14,-10.88,-10.58,-11.3,-10.7,75451400.0
2003-03-17,-11.06,-9.61,-11.23,-9.63,100983800.0
2003-03-18,-9.62,-9.46,-10.06,-9.52,78108800.0
2003-03-19,-9.58,-9.13,-9.82,-9.24,73652096.0
2003-03-20,-9.53,-9.04,-9.89,-9.31,71798496.0
2003-03-21,-8.8,-8.68,-10.01,-8.99,85586800.0
2003-03-24,-10.01,-9.62,-10.37,-10.27,61105200.0
2003-03-25,-9.96,-9.81,-10.53,-10.07,63595100.0
2003-03-26,-10.13,-9.94,-10.32,-10.31,51673600.0
2003-03-27,-10.62,-10.3,-10.96,-10.52,60043300.0
2003-03-28,-10.89,-10.46,-10.96,-10.89,39584600.0
2003-03-31,-11.3,-10.85,-11.55,-11.35,71384000.0
2003-04-01,-11.1,-10.86,-11.31,-11.21,49803200.0
2003-04-02,-10.44,-9.56,-10.46,-9.84,68282496.0
2003-04-03,-9.59,-9.47,-9.96,-9.83,57394300.0
2003-04-04,-9.8,-9.76,-10.63,-10.47,55740600.0
2003-04-07,-9.33,-9.13,-10.46,-10.39,65627100.0
2003-04-08,-10.25,-9.72,-10.36,-9.98,54132100.0
2003-04-09,-9.94,-9.89,-11.02,-10.99,76875800.0
2003-04-10,-10.85,-10.77,-11.28,-10.97,51608900.0
2003-04-11,-10.7,-10.38,-11.61,-11.36,71565504.0
2003-04-14,-11.29,-10.68,-11.56,-10.81,51599600.0
2003-04-15,-10.88,-10.13,-11.46,-10.95,63399000.0
2003-04-16,-9.96,-9.82,-10.96,-10.65,86178704.0
2003-04-17,-10.81,-10.02,-10.82,-10.06,58356600.0
2003-04-21,-9.95,-9.95,-10.48,-10.35,41557800.0
2003-04-22,-10.51,-9.76,-10.53,-9.82,58844000.0
2003-04-23,-9.82,-9.57,-10.09,-9.84,55559300.0
2003-04-24,-10.2,-9.84,-10.24,-10.07,51703600.0
2003-04-25,-10.18,-9.92,-10.39,-10.35,53657400.0
2003-04-28,-10.17,-9.62,-10.24,-9.82,56287600.0
2003-04-29,-9.61,-9.31,-9.88,-9.75,65877300.0
2003-04-30,-9.76,-9.68,-10.31,-10.0,55566800.0
2003-05-01,-10.03,-9.61,-10.22,-9.85,42085800.0
2003-05-02,-9.91,-9.27,-9.99,-9.43,52695400.0
2003-05-05,-9.3,-9.17,-9.72,-9.7,50391500.0
2003-05-06,-9.7,-9.06,-9.74,-9.18,54299500.0
2003-05-07,-9.46,-9.21,-9.72,-9.57,49120000.0
2003-05-08,-9.81,-9.41,-9.85,-9.81,46401400.0
2003-05-09,-9.66,-9.06,-9.67,-9.21,58913600.0
2003-05-12,-9.41,-9.09,-9.5,-9.35,53900800.0
2003-05-13,-9.46,-9.36,-9.67,-9.57,44501900.0
2003-05-14,-9.38,-9.38,-10.01,-9.93,45021000.0
2003-05-15,-9.71,-9.55,-9.99,-9.77,45450200.0
2003-05-16,-9.64,-9.51,-10.15,-9.99,60620900.0
2003-05-19,-10.21,-10.02,-10.82,-10.76,55336300.0
2003-05-20,-10.7,-10.56,-11.06,-10.93,52677600.0
2003-05-21,-10.96,-10.85,-11.67,-11.53,108960896.0
2003-05-22,-11.36,-11.29,-11.52,-11.4,93157104.0
2003-05-23,-11.36,-11.02,-11.53,-11.34,76968000.0
2003-05-27,-11.34,-10.67,-11.34,-10.77,68486800.0
2003-05-28,-10.77,-10.69,-11.26,-11.15,91467000.0
2003-05-29,-11.09,-10.89,-11.33,-11.16,75451296.0
2003-05-30,-10.83,-10.65,-11.05,-10.95,85096704.0
2003-06-02,-10.56,-10.53,-10.99,-10.92,66310800.0
2003-06-03,-10.81,-10.64,-10.99,-10.68,61058200.0
2003-06-04,-10.57,-10.34,-10.82,-10.69,83484600.0
2003-06-05,-11.09,-11.04,-11.58,-11.47,115877904.0
2003-06-06,-11.12,-11.0,-11.91,-11.89,119629400.0
2003-06-09,-11.84,-11.58,-11.96,-11.81,73610000.0
2003-06-10,-11.64,-10.81,-11.71,-10.88,80655296.0
2003-06-11,-10.9,-10.6,-11.14,-10.68,75768600.0
2003-06-12,-10.59,-10.42,-10.82,-10.57,66177700.0
2003-06-13,-10.36,-10.31,-11.07,-10.91,55157500.0
2003-06-16,-10.76,-10.14,-10.89,-10.17,69658600.0
2003-06-17,-9.92,-9.42,-10.03,-9.6,122213904.0
2003-06-18,-9.55,-9.13,-9.85,-9.49,89957696.0
2003-06-19,-9.47,-9.17,-9.55,-9.49,63626900.0
2003-06-20,-9.21,-9.18,-9.55,-9.23,86048896.0
2003-06-23,-9.42,-9.32,-10.07,-9.78,52584500.0
2003-06-24,-9.96,-9.52,-10.04,-9.86,51820300.0
2003-06-25,-9.92,-9.57,-10.42,-10.3,60483500.0
2003-06-26,-10.2,-9.05,-10.35,-9.81,51758100.0
2003-06-27,-9.61,-9.22,-10.03,-9.93,76040304.0
2003-06-30,-9.62,-9.44,-10.06,-9.92,48073100.0
2003-07-01,-10.0,-9.36,-10.17,-9.41,60926000.0
2003-07-02,-9.06,-8.63,-9.11,-8.68,94069296.0
2003-07-03,-8.87,-8.61,-9.15,-9.11,39440900.0
2003-07-07,-8.54,-8.01,-8.61,-8.14,88960800.0
2003-07-08,-8.31,-7.76,-8.31,-7.86,61896800.0
2003-07-09,-8.0,-7.86,-8.31,-8.09,62300700.0
2003-07-10,-8.31,-8.11,-8.97,-8.65,55350800.0
2003-07-11,-8.59,-8.11,-8.67,-8.25,50377300.0
2003-07-14,-7.87,-7.75,-8.51,-8.16,60464400.0
2003-07-15,-8.09,-8.03,-8.46,-8.29,53567600.0
2003-07-16,-8.03,-7.94,-8.36,-8.04,49838900.0
2003-07-17,-8.42,-8.29,-9.02,-8.87,72805000.0
2003-07-18,-8.44,-8.33,-8.81,-8.67,63388400.0
2003-07-21,-8.73,-8.65,-9.56,-9.52,48480800.0
2003-07-22,-9.28,-9.0,-9.43,-9.18,51791000.0
2003-07-23,-9.12,-8.91,-9.42,-9.11,49828200.0
2003-07-24,-8.75,-8.64,-9.58,-9.56,53556600.0
2003-07-25,-9.36,-8.61,-9.49,-8.67,54173000.0
2003-07-28,-8.62,-8.56,-9.07,-8.95,52658300.0
2003-07-29,-8.68,-8.66,-9.32,-9.09,62391100.0
2003-07-30,-9.09,-8.99,-9.39,-9.33,41240300.0
2003-07-31,-8.96,-8.57,-9.25,-9.15,64504800.0
2003-08-01,-9.23,-9.05,-9.44,-9.39,42649700.0
2003-08-04,-9.41,-9.15,-9.81,-9.38,51825600.0
2003-08-05,-9.27,-9.02,-9.96,-9.9,58825800.0
2003-08-06,-10.03,-9.37,-10.13,-9.91,56294900.0
2003-08-07,-9.84,-9.75,-10.11,-9.85,44258500.0
2003-08-08,-9.68,-9.58,-10.06,-9.98,33241400.0
2003-08-11,-9.92,-9.57,-10.02,-9.95,36433900.0
2003-08-12,-9.8,-9.79,-10.11,-9.83,38208400.0
2003-08-13,-9.77,-9.67,-10.06,-9.96,39636900.0
2003-08-14,-9.9,-9.85,-10.04,-9.93,37338300.0
2003-08-15,-9.96,-9.9,-10.13,-10.02,27607900.0
2003-08-18,-9.96,-9.73,-10.1,-9.86,45817400.0
2003-08-19,-9.71,-8.91,-9.79,-8.94,72952896.0
2003-08-20,-9.25,-9.03,-9.56,-9.11,56739300.0
2003-08-21,-8.91,-8.83,-9.43,-9.32,63802700.0
2003-08-22,-8.76,-8.61,-9.35,-9.34,65846300.0
2003-08-25,-9.25,-9.02,-9.33,-9.06,36132900.0
2003-08-26,-9.25,-8.89,-9.6,-8.99,47546000.0
2003-08-27,-9.05,-8.98,-9.26,-9.14,30633900.0
2003-08-28,-9.07,-8.98,-9.32,-9.05,46211200.0
2003-08-29,-9.1,-9.01,-9.21,-9.04,34503000.0
2003-09-02,-8.84,-8.26,-9.09,-8.3,74168896.0
2003-09-03,-8.16,-7.16,-8.18,-7.26,109437800.0
2003-09-04,-7.46,-7.09,-7.57,-7.13,59840800.0
2003-09-05,-7.33,-6.81,-7.39,-7.18,64024500.0
2003-09-08,-7.17,-6.64,-7.22,-6.72,46105300.0
2003-09-09,-6.92,-6.85,-7.25,-7.19,44315200.0
2003-09-10,-7.54,-7.38,-8.08,-8.01,54763500.0
2003-09-11,-7.88,-7.45,-7.97,-7.72,37813300.0
2003-09-12,-8.09,-7.16,-8.86,-7.22,55777200.0
2003-09-15,-7.2,-6.95,-7.23,-7.2,41432300.0
2003-09-16,-7.16,-6.61,-7.24,-6.66,52060600.0
2003-09-17,-6.81,-6.61,-7.09,-7.06,47221600.0
2003-09-18,-6.2,-6.05,-7.14,-6.06,67268096.0
2003-09-19,-5.76,-5.59,-6.04,-5.6,92433800.0
2003-09-22,-6.15,-5.56,-6.75,-6.49,65678700.0
2003-09-23,-6.44,-5.85,-6.68,-5.96,57827800.0
2003-09-24,-5.95,-5.86,-7.14,-7.1,66336500.0
2003-09-25,-7.09,-6.6,-7.34,-7.32,56224500.0
2003-09-26,-7.29,-6.78,-7.42,-7.37,49864700.0
2003-09-29,-7.15,-6.65,-7.46,-6.73,47380300.0
2003-09-30,-6.97,-6.95,-7.81,-7.76,63333700.0
2003-10-01,-7.53,-6.93,-7.75,-7.04,58375900.0
2003-10-02,-7.11,-6.81,-7.37,-7.06,38143600.0
2003-10-03,-6.4,-6.1,-6.63,-6.48,57303000.0
2003-10-06,-6.41,-6.26,-6.65,-6.37,34047600.0
2003-10-07,-6.55,-6.19,-6.64,-6.42,52356800.0
2003-10-08,-6.2,-6.2,-6.88,-6.74,46989100.0
2003-10-09,-6.34,-6.21,-6.76,-6.62,62653300.0
2003-10-10,-6.65,-6.36,-6.89,-6.65,37604700.0
2003-10-13,-6.58,-6.46,-7.06,-6.78,39320300.0
2003-10-14,-6.96,-6.79,-7.08,-6.88,34851300.0
2003-10-15,-6.2,-6.14,-6.7,-6.33,57242100.0
2003-10-16,-6.49,-6.09,-6.6,-6.17,42232500.0
2003-10-17,-6.14,-6.1,-6.6,-6.47,49960000.0
2003-10-20,-6.46,-6.03,-6.6,-6.05,38794500.0
2003-10-21,-6.05,-5.97,-6.23,-6.05,44166800.0
2003-10-22,-6.36,-6.19,-6.6,-6.51,48798500.0
2003-10-23,-6.68,-6.32,-7.3,-6.49,67357904.0
2003-10-24,-8.13,-8.0,-8.98,-8.79,210558304.0
2003-10-27,-8.49,-8.3,-8.58,-8.49,65619100.0
2003-10-28,-8.3,-8.18,-8.52,-8.2,71752600.0
2003-10-29,-8.15,-8.15,-8.74,-8.66,73551504.0
2003-10-30,-8.36,-8.36,-9.49,-9.28,98729400.0
2003-10-31,-9.03,-8.96,-9.29,-9.26,69623696.0
2003-11-03,-9.05,-8.65,-9.11,-8.72,57772300.0
2003-11-04,-8.81,-8.78,-9.39,-9.33,84026096.0
2003-11-05,-9.25,-9.08,-9.4,-9.3,61514400.0
2003-11-06,-9.14,-9.1,-9.4,-9.17,68189800.0
2003-11-07,-9.02,-8.91,-9.37,-9.3,57822100.0
2003-11-10,-9.28,-9.17,-9.4,-9.4,54579100.0
2003-11-11,-9.39,-9.32,-9.73,-9.6,64990700.0
2003-11-12,-9.54,-9.26,-9.8,-9.42,75877296.0
2003-11-13,-9.54,-9.47,-9.95,-9.71,78949504.0
2003-11-14,-9.7,-9.38,-9.96,-9.9,83146400.0
2003-11-17,-10.02,-9.96,-10.56,-10.25,103900200.0
2003-11-18,-10.07,-9.56,-10.28,-10.25,106868304.0
2003-11-19,-10.12,-9.86,-10.23,-10.05,78853296.0
2003-11-20,-10.22,-9.77,-10.32,-10.3,106845696.0
2003-11-21,-10.07,-10.02,-10.32,-10.29,70712896.0
2003-11-24,-10.03,-9.59,-10.12,-9.67,99463800.0
2003-11-25,-9.53,-9.45,-10.02,-10.0,85663800.0
2003-11-26,-9.79,-9.77,-10.08,-9.95,69758400.0
2003-11-28,-9.89,-9.65,-10.0,-9.69,33402600.0
2003-12-01,-9.48,-9.19,-9.9,-9.56,101914600.0
2003-12-02,-9.46,-9.31,-9.79,-9.74,85121696.0
2003-12-03,-9.57,-9.33,-9.78,-9.73,93121600.0
2003-12-04,-9.69,-9.17,-9.74,-9.2,87202400.0
2003-12-05,-9.44,-8.92,-9.48,-9.42,96610896.0
2003-12-08,-9.28,-9.06,-9.59,-9.16,90504000.0
2003-12-09,-8.96,-8.79,-9.15,-9.02,103547104.0
2003-12-10,-8.95,-8.77,-9.02,-8.81,82853696.0
2003-12-11,-8.8,-8.63,-9.12,-8.79,79309000.0
2003-12-12,-8.69,-8.59,-8.9,-8.75,69154096.0
2003-12-15,-8.4,-8.3,-8.72,-8.66,88860600.0
2003-12-16,-8.57,-8.24,-8.63,-8.34,73978000.0
2003-12-17,-8.38,-8.32,-8.55,-8.36,53712300.0
2003-12-18,-8.26,-7.95,-8.35,-8.0,61177800.0
2003-12-19,-7.91,-7.85,-8.21,-8.04,76856400.0
2003-12-22,-8.24,-7.97,-8.43,-8.22,43894800.0
2003-12-23,-8.27,-8.06,-8.39,-8.25,39609000.0
2003-12-24,-8.3,-8.24,-8.4,-8.36,19924200.0
2003-12-26,-8.36,-8.15,-8.4,-8.19,12076900.0
2003-12-29,-8.23,-7.87,-8.24,-7.94,40426700.0
2003-12-30,-7.99,-7.85,-8.0,-7.88,34406600.0
2003-12-31,-7.96,-7.85,-8.17,-8.03,42198900.0
2004-01-02,-7.82,-7.63,-8.07,-7.95,44487700.0
2004-01-05,-7.66,-7.22,-7.68,-7.26,67333696.0
2004-01-06,-7.31,-7.12,-7.33,-7.16,46950800.0
2004-01-07,-7.26,-7.09,-7.39,-7.19,54298200.0
2004-01-08,-7.01,-6.92,-7.4,-7.24,58810800.0
2004-01-09,-7.37,-7.34,-7.81,-7.74,67079900.0
2004-01-12,-7.73,-7.67,-8.05,-7.83,55845200.0
2004-01-13,-7.86,-7.76,-8.14,-7.97,51555900.0
2004-01-14,-7.89,-7.67,-7.93,-7.7,43907000.0
2004-01-15,-7.85,-7.68,-7.98,-7.86,58504100.0
2004-01-16,-7.68,-7.52,-7.87,-7.59,63983400.0
2004-01-20,-7.41,-7.2,-7.47,-7.3,63068500.0
2004-01-21,-7.27,-7.1,-7.55,-7.1,53570600.0
2004-01-22,-7.03,-6.96,-7.46,-7.39,78425200.0
2004-01-23,-7.14,-6.64,-7.18,-6.92,127259104.0
2004-01-26,-6.92,-6.57,-7.08,-6.6,58299600.0
2004-01-27,-6.75,-6.68,-7.18,-7.15,63196200.0
2004-01-28,-7.12,-6.96,-7.93,-7.69,71336000.0
2004-01-29,-7.59,-7.45,-7.83,-7.49,63748400.0
2004-01-30,-7.56,-7.5,-7.85,-7.75,40528700.0
2004-02-02,-8.12,-7.6,-8.16,-8.0,62891800.0
2004-02-03,-8.0,-7.85,-8.22,-8.11,47993800.0
2004-02-04,-8.18,-7.97,-8.39,-8.39,60648000.0
2004-02-05,-8.34,-8.23,-8.57,-8.44,55527500.0
2004-02-06,-8.37,-8.21,-8.47,-8.32,47209600.0
2004-02-09,-8.23,-8.17,-8.55,-8.5,48108500.0
2004-02-10,-8.54,-8.25,-8.58,-8.38,37790600.0
2004-02-11,-8.45,-8.17,-8.55,-8.25,51515300.0
2004-02-12,-8.31,-8.25,-8.47,-8.45,44537000.0
2004-02-13,-8.45,-8.34,-8.9,-8.81,67541104.0
2004-02-17,-8.7,-8.3,-8.81,-8.41,43477000.0
2004-02-18,-8.47,-8.29,-8.66,-8.63,50334700.0
2004-02-19,-8.49,-8.42,-8.97,-8.94,61840600.0
2004-02-20,-8.77,-8.6,-8.9,-8.83,57821900.0
2004-02-23,-8.67,-8.64,-8.92,-8.79,50256800.0
2004-02-24,-8.79,-8.45,-8.85,-8.52,55426500.0
2004-02-25,-8.51,-8.41,-8.79,-8.7,64275700.0
2004-02-26,-8.77,-8.75,-8.99,-8.9,66602700.0
2004-02-27,-8.92,-8.78,-9.05,-8.87,58266500.0
2004-03-01,-8.75,-8.68,-8.9,-8.7,51912300.0
2004-03-02,-8.78,-8.71,-9.05,-9.01,66331000.0
2004-03-03,-9.13,-8.85,-9.18,-9.03,54998700.0
2004-03-04,-9.04,-8.98,-9.19,-9.03,44023200.0
2004-03-05,-9.2,-8.8,-9.2,-9.05,59849800.0
2004-03-08,-9.13,-9.05,-9.59,-9.57,69367800.0
2004-03-09,-9.61,-9.43,-9.86,-9.68,81111696.0
2004-03-10,-9.74,-9.6,-10.05,-10.03,75155800.0
2004-03-11,-10.23,-9.62,-10.33,-10.31,90536304.0
2004-03-12,-10.02,-9.89,-10.17,-10.02,64137100.0
2004-03-15,-10.07,-9.97,-10.34,-10.24,68835296.0
2004-03-16,-10.13,-10.03,-10.3,-10.22,65453800.0
2004-03-17,-10.15,-9.94,-10.29,-10.27,56241400.0
2004-03-18,-10.44,-10.37,-10.82,-10.51,123231000.0
2004-03-19,-10.56,-10.46,-10.84,-10.77,86281600.0
2004-03-22,-10.87,-10.56,-11.39,-10.9,127605200.0
2004-03-23,-10.76,-10.74,-11.29,-11.25,91696304.0
2004-03-24,-11.03,-10.82,-11.22,-10.99,97584704.0
2004-03-25,-10.8,-10.16,-10.82,-10.21,85677904.0
2004-03-26,-10.29,-9.89,-10.4,-10.37,61584900.0
2004-03-29,-10.17,-10.0,-10.4,-10.09,51881600.0
2004-03-30,-10.19,-10.07,-10.37,-10.2,59010400.0
2004-03-31,-10.21,-10.2,-10.53,-10.47,70533200.0
2004-04-01,-10.45,-10.29,-10.55,-10.32,69051904.0
2004-04-02,-9.93,-9.5,-9.96,-9.55,98043800.0
2004-04-05,-9.59,-9.42,-9.67,-9.45,53800300.0
2004-04-06,-9.64,-9.5,-9.74,-9.6,48992000.0
2004-04-07,-9.67,-9.62,-10.05,-9.81,63268900.0
2004-04-08,-9.6,-9.55,-10.04,-9.92,45294600.0
2004-04-12,-9.92,-9.66,-9.97,-9.79,38786800.0
2004-04-13,-9.77,-9.63,-9.99,-9.95,56971500.0
2004-04-14,-10.01,-9.72,-10.02,-9.89,61079600.0
2004-04-15,-9.86,-9.67,-10.3,-10.18,73756896.0
2004-04-16,-10.05,-10.0,-10.29,-10.24,51768600.0
2004-04-19,-10.33,-9.8,-10.34,-9.87,44592100.0
2004-04-20,-9.75,-9.52,-10.12,-10.07,59902600.0
2004-04-21,-10.04,-9.91,-10.2,-9.95,49252000.0
2004-04-22,-9.91,-9.41,-9.93,-9.45,99207696.0
2004-04-23,-8.01,-7.68,-8.06,-7.86,258268992.0
2004-04-26,-7.95,-7.85,-8.3,-8.16,89391000.0
2004-04-27,-8.24,-8.03,-8.27,-8.18,80716800.0
2004-04-28,-8.35,-8.35,-8.93,-8.84,72842200.0
2004-04-29,-8.89,-8.46,-9.09,-8.92,77787296.0
2004-04-30,-8.81,-8.65,-9.44,-9.27,66172200.0
2004-05-03,-9.19,-8.88,-9.21,-9.05,65916200.0
2004-05-04,-9.04,-8.86,-9.38,-9.07,55496400.0
2004-05-05,-9.13,-8.8,-9.15,-9.1,51841700.0
2004-05-06,-9.24,-9.06,-9.37,-9.28,62693900.0
2004-05-07,-9.37,-9.02,-9.65,-9.62,68290200.0
2004-05-10,-9.76,-9.35,-9.78,-9.47,64621400.0
2004-05-11,-9.3,-9.29,-9.61,-9.46,57917200.0
2004-05-12,-9.53,-9.4,-9.97,-9.46,64145600.0
2004-05-13,-9.58,-9.21,-9.61,-9.3,63861500.0
2004-05-14,-9.42,-9.23,-9.76,-9.54,43775300.0
2004-05-17,-9.92,-9.61,-9.98,-9.86,55149600.0
2004-05-18,-9.7,-9.43,-9.76,-9.57,58158600.0
2004-05-19,-9.36,-9.13,-9.78,-9.78,60052800.0
2004-05-20,-9.66,-9.53,-9.81,-9.67,52089900.0
2004-05-21,-9.46,-9.2,-9.62,-9.51,57809300.0
2004-05-24,-9.36,-9.23,-9.66,-9.64,56250500.0
2004-05-25,-9.7,-9.21,-9.8,-9.3,66615000.0
2004-05-26,-9.41,-9.25,-9.55,-9.26,50306900.0
2004-05-27,-9.24,-9.21,-9.48,-9.21,49071900.0
2004-05-28,-9.26,-9.05,-9.38,-9.17,37393000.0
2004-06-01,-9.29,-9.13,-9.53,-9.29,48369500.0
2004-06-02,-9.27,-9.12,-9.39,-9.27,54020000.0
2004-06-03,-9.35,-9.27,-9.54,-9.51,45933100.0
2004-06-04,-9.36,-9.16,-9.46,-9.45,48815300.0
2004-06-07,-9.38,-8.97,-9.43,-8.97,65218600.0
2004-06-08,-9.11,-8.75,-9.16,-8.8,58447700.0
2004-06-09,-8.93,-8.75,-9.0,-8.93,50385500.0
2004-06-10,-9.02,-8.61,-9.02,-8.63,48109200.0
2004-06-14,-8.84,-8.5,-8.87,-8.5,67377504.0
2004-06-15,-8.42,-7.8,-8.43,-8.0,114183400.0
2004-06-16,-8.06,-7.9,-8.25,-8.08,67431104.0
2004-06-17,-8.09,-7.48,-8.11,-7.63,105427504.0
2004-06-18,-7.66,-6.9,-7.7,-7.05,134218704.0
2004-06-21,-7.17,-6.74,-7.28,-7.05,116881696.0
2004-06-22,-7.25,-7.05,-7.59,-7.11,98932000.0
2004-06-23,-7.22,-7.02,-7.4,-7.1,58558400.0
2004-06-24,-6.91,-6.75,-7.04,-7.01,65503800.0
2004-06-25,-6.93,-6.77,-7.16,-6.83,71136496.0
2004-06-28,-6.8,-6.65,-7.23,-7.12,77024096.0
2004-06-29,-7.21,-6.82,-7.22,-6.9,55371700.0
2004-06-30,-6.8,-6.6,-7.01,-6.84,83544400.0
2004-07-01,-6.77,-6.56,-7.14,-6.77,78441400.0
2004-07-02,-6.79,-6.72,-7.0,-6.83,36690100.0
2004-07-06,-7.08,-7.07,-7.46,-7.38,69158896.0
2004-07-07,-7.7,-7.08,-7.85,-7.3,66255700.0
2004-07-08,-7.52,-7.25,-7.85,-7.76,59125100.0
2004-07-09,-7.62,-7.4,-7.76,-7.54,50249300.0
2004-07-12,-7.71,-7.4,-7.81,-7.51,45757300.0
2004-07-13,-7.49,-7.45,-7.8,-7.8,43274100.0
2004-07-14,-7.95,-7.04,-8.06,-7.27,87656304.0
2004-07-15,-7.35,-7.2,-7.6,-7.53,46759700.0
2004-07-16,-7.24,-7.2,-8.15,-7.92,66406300.0
2004-07-19,-7.78,-7.14,-7.8,-7.45,60354500.0
2004-07-20,-7.39,-6.92,-7.55,-7.08,89010704.0
2004-07-21,-5.87,-5.51,-6.59,-6.54,201518000.0
2004-07-22,-6.34,-6.1,-6.57,-6.4,124640704.0
2004-07-23,-7.24,-7.0,-7.38,-7.37,97372704.0
2004-07-26,-7.03,-6.69,-7.2,-6.74,72387600.0
2004-07-27,-6.69,-6.64,-7.27,-6.96,72968400.0
2004-07-28,-7.05,-6.61,-7.12,-6.82,62718800.0
2004-07-29,-6.62,-6.6,-7.15,-6.92,60148400.0
2004-07-30,-6.96,-6.59,-7.07,-6.91,59552900.0
2004-08-02,-7.11,-6.85,-7.24,-6.88,52267000.0
2004-08-03,-7.35,-6.98,-7.4,-7.33,53990900.0
2004-08-04,-7.4,-7.2,-7.41,-7.34,46217900.0
2004-08-05,-7.26,-7.19,-7.88,-7.87,55591700.0
2004-08-06,-8.0,-7.54,-8.34,-8.26,75628000.0
2004-08-09,-8.15,-8.12,-8.3,-8.22,51877500.0
2004-08-10,-8.1,-7.65,-8.15,-7.68,57632700.0
2004-08-11,-8.02,-7.89,-8.2,-7.99,53097300.0
2004-08-12,-8.16,-8.09,-8.54,-8.52,50279700.0
2004-08-13,-8.38,-8.15,-8.42,-8.38,43333200.0
2004-08-16,-8.32,-8.2,-8.44,-8.31,54347200.0
2004-08-17,-8.18,-8.02,-8.42,-8.35,56879700.0
2004-08-18,-8.5,-7.9,-8.51,-7.94,58844000.0
2004-08-19,-8.06,-7.95,-8.39,-8.28,46293000.0
2004-08-20,-8.28,-8.03,-8.36,-8.2,46494800.0
2004-08-23,-8.04,-7.99,-8.2,-8.08,39572200.0
2004-08-24,-7.93,-7.86,-8.23,-8.08,40835300.0
2004-08-25,-8.11,-7.65,-8.14,-7.77,53512700.0
2004-08-26,-7.86,-7.72,-7.93,-7.88,35465500.0
2004-08-27,-7.83,-7.67,-7.87,-7.86,33248700.0
2004-08-30,-8.02,-7.93,-8.47,-8.02,36679600.0
2004-08-31,-8.03,-8.0,-8.27,-8.02,52106700.0
2004-09-01,-8.08,-7.8,-8.18,-7.93,48507500.0
2004-09-02,-7.94,-7.64,-7.97,-7.7,42161700.0
2004-09-03,-7.87,-7.7,-8.22,-8.21,46174400.0
2004-09-07,-8.03,-7.94,-8.16,-7.96,44893400.0
2004-09-08,-8.01,-7.85,-8.18,-8.06,53278100.0
2004-09-09,-8.02,-7.85,-8.14,-8.04,56904700.0
2004-09-10,-7.99,-7.81,-8.14,-7.83,52664500.0
2004-09-13,-7.78,-7.75,-8.58,-8.07,48239200.0
2004-09-14,-7.94,-7.81,-8.05,-7.88,55920000.0
2004-09-15,-7.95,-7.92,-8.18,-8.13,52605700.0
2004-09-16,-8.1,-7.97,-8.15,-8.06,35951500.0
2004-09-17,-7.93,-7.79,-8.06,-7.81,65283000.0
2004-09-20,-7.89,-7.67,-7.99,-7.81,51513600.0
2004-09-21,-7.86,-7.79,-8.07,-8.06,73874400.0
2004-09-22,-8.09,-7.58,-8.25,-8.2,68409000.0
2004-09-23,-8.13,-7.93,-8.15,-7.97,52155800.0
2004-09-24,-7.93,-7.86,-8.13,-8.03,49859800.0
2004-09-27,-8.14,-8.0,-8.19,-8.13,47813600.0
2004-09-28,-8.11,-7.96,-8.28,-8.05,62055100.0
2004-09-29,-8.05,-7.63,-8.09,-7.74,61529300.0
2004-09-30,-7.73,-7.53,-7.8,-7.67,71218000.0
2004-10-01,-7.51,-7.0,-7.54,-7.07,66302800.0
2004-10-04,-6.9,-6.86,-7.25,-7.2,62016200.0
2004-10-05,-7.17,-6.87,-7.22,-6.94,58017700.0
2004-10-06,-6.93,-6.77,-7.09,-6.79,56999600.0
2004-10-07,-6.81,-6.73,-7.16,-7.15,38401500.0
2004-10-08,-7.21,-6.99,-7.35,-7.33,49556600.0
2004-10-11,-7.12,-7.1,-7.39,-7.26,44691000.0
2004-10-12,-7.49,-7.16,-7.51,-7.29,56412900.0
2004-10-13,-7.13,-7.05,-7.38,-7.29,49500700.0
2004-10-14,-7.26,-7.16,-7.52,-7.52,41548700.0
2004-10-15,-7.36,-7.08,-7.5,-7.33,49828500.0
2004-10-18,-7.26,-6.87,-7.34,-6.91,50350700.0
2004-10-19,-6.78,-6.73,-7.15,-7.14,57026500.0
2004-10-20,-7.1,-6.57,-7.2,-6.62,69078096.0
2004-10-21,-6.5,-6.43,-6.85,-6.76,94988496.0
2004-10-22,-7.02,-6.98,-7.74,-7.58,101912800.0
2004-10-25,-7.64,-7.55,-7.77,-7.69,61529500.0
2004-10-26,-7.62,-7.42,-7.69,-7.42,76966600.0
2004-10-27,-7.45,-6.97,-7.74,-7.17,72392600.0
2004-10-28,-7.21,-6.78,-7.42,-7.31,63059600.0
2004-10-29,-7.21,-7.17,-7.9,-7.35,80010096.0
2004-11-01,-7.17,-7.04,-7.36,-7.24,72930896.0
2004-11-02,-7.08,-6.85,-7.29,-7.08,89417104.0
2004-11-03,-6.67,-6.67,-7.01,-6.85,79666704.0
2004-11-04,-6.93,-6.32,-6.94,-6.32,87867696.0
2004-11-05,-6.16,-5.96,-6.29,-6.01,95337696.0
2004-11-08,-6.14,-5.84,-6.19,-6.04,112802096.0
2004-11-09,-5.89,-5.43,-5.97,-5.55,100401000.0
2004-11-10,-5.41,-5.32,-5.63,-5.59,84097696.0
2004-11-11,-5.44,-5.24,-5.5,-5.34,87358896.0
2004-11-12,-5.16,-5.12,-5.52,-5.35,162268992.0
2004-11-15,-4.89,-4.74,-5.04,-4.85,104468000.0
2004-11-16,-4.92,-4.9,-5.19,-5.12,64522600.0
2004-11-17,-4.99,-4.88,-5.18,-5.07,58830700.0
2004-11-18,-5.11,-5.07,-5.24,-5.17,63249900.0
2004-11-19,-5.2,-5.17,-5.4,-5.38,85808600.0
2004-11-22,-5.48,-5.42,-6.14,-5.59,92410800.0
2004-11-23,-5.72,-5.54,-5.84,-5.71,70459696.0
2004-11-24,-5.62,-5.51,-5.84,-5.6,60069200.0
2004-11-26,-5.67,-5.42,-5.69,-5.64,24398700.0
2004-11-29,-5.6,-5.29,-5.63,-5.47,67079900.0
2004-11-30,-5.48,-5.23,-5.54,-5.43,75960400.0
2004-12-01,-5.29,-4.96,-5.43,-4.99,99889000.0
2004-12-02,-4.97,-4.84,-5.32,-5.15,96088304.0
2004-12-03,-5.08,-4.8,-5.1,-5.01,76498400.0
2004-12-06,-5.14,-4.8,-5.17,-4.91,55297400.0
2004-12-07,-4.98,-4.86,-5.24,-5.17,111656000.0
2004-12-08,-5.23,-4.88,-5.33,-4.88,95655000.0
2004-12-09,-5.12,-4.88,-5.3,-5.01,83006000.0
2004-12-10,-5.16,-5.06,-5.2,-5.16,70949200.0
2004-12-13,-5.14,-4.96,-5.33,-4.99,93812496.0
2004-12-14,-5.19,-4.91,-5.2,-5.01,127843200.0
2004-12-15,-5.02,-4.84,-5.17,-5.13,106303904.0
2004-12-16,-5.1,-4.96,-5.23,-5.08,88997504.0
2004-12-17,-5.24,-4.92,-5.44,-5.28,126184400.0
2004-12-20,-5.22,-5.09,-5.35,-5.29,85552800.0
2004-12-21,-5.24,-5.07,-5.3,-5.17,94646096.0
2004-12-22,-5.41,-5.09,-5.46,-5.27,63651900.0
2004-12-23,-5.38,-5.09,-5.41,-5.23,65801900.0
2004-12-27,-5.23,-5.14,-5.42,-5.39,55958500.0
2004-12-28,-5.4,-5.21,-5.44,-5.29,55075900.0
2004-12-29,-5.39,-5.24,-5.42,-5.34,47594900.0
2004-12-30,-5.35,-5.3,-5.49,-5.48,48355400.0
2004-12-31,-5.49,-5.34,-5.56,-5.52,54959500.0
2007-03-19,-4.11,-3.62,-4.25,-3.62,49416000.0
2007-03-20,-3.52,-3.29,-3.69,-3.61,47924000.0
2007-03-21,-3.56,-2.93,-3.89,-2.93,75796000.0
2007-03-22,-2.93,-2.9,-3.44,-3.18,49515000.0
2007-03-23,-3.23,-3.18,-3.65,-3.43,50528000.0
2007-03-26,-3.51,-3.23,-3.75,-3.23,47492000.0
2007-03-27,-3.41,-3.29,-3.8,-3.73,58982000.0
2007-03-28,-3.87,-3.45,-4.05,-3.81,49031000.0
2007-03-29,-3.61,-3.61,-3.96,-3.7,42631000.0
2007-03-30,-3.7,-3.5,-3.95,-3.58,47066000.0
2007-04-02,-3.56,-3.52,-3.89,-3.71,41978000.0
2007-04-03,-3.59,-3.39,-3.7,-3.58,42651000.0
2007-04-04,-3.44,-2.67,-3.55,-2.95,63259000.0
2007-04-05,-3.13,-2.8,-3.15,-2.9,30197000.0
2007-04-09,-2.88,-2.73,-3.06,-2.88,31389000.0
2007-04-10,-2.95,-2.81,-3.23,-3.05,38645000.0
2007-04-11,-3.15,-2.88,-3.46,-3.34,44367000.0
2007-04-12,-3.39,-2.83,-3.41,-2.91,43775000.0
2007-04-13,-3.02,-2.75,-3.35,-2.84,36005000.0
2007-04-16,-2.85,-2.7,-3.24,-2.72,30743000.0
2007-04-17,-2.82,-2.56,-2.89,-2.6,33170000.0
2007-04-18,-2.84,-2.78,-3.09,-2.85,41779000.0
2007-04-19,-3.11,-2.56,-3.19,-2.76,44834000.0
2007-04-20,-2.47,-2.35,-2.75,-2.43,61626000.0
2007-04-23,-2.49,-2.46,-2.78,-2.67,41993000.0
2007-04-24,-2.66,-2.49,-2.86,-2.66,34245000.0
2007-04-25,-2.59,-2.45,-2.76,-2.46,39492000.0
2007-04-26,-2.36,-2.1,-2.54,-2.35,69999000.0
2007-04-27,-1.28,-0.71,-1.45,-1.33,128316000.0
2007-04-30,-1.32,-1.08,-1.51,-1.51,67807000.0
2007-05-01,-1.51,-1.03,-1.55,-1.05,74170000.0
2007-05-02,-1.06,-0.76,-1.15,-0.84,81308000.0
2007-05-03,-0.85,-0.45,-0.92,-0.48,82052000.0
2007-05-04,-0.77,-0.75,-1.16,-0.89,104398000.0
2007-05-07,-0.93,-0.69,-0.97,-0.74,59890000.0
2007-05-08,-0.77,-0.51,-0.87,-0.7,60565000.0
2007-05-09,-0.75,-0.52,-0.88,-0.67,51735000.0
2007-05-10,-0.77,-0.52,-0.92,-0.87,55399000.0
2007-05-11,-0.88,-0.47,-0.9,-0.56,43649000.0
2007-05-14,-0.61,-0.46,-0.64,-0.48,70287000.0
2007-05-15,-0.45,-0.26,-0.51,-0.45,75037000.0
2007-05-16,-0.35,-0.26,-0.54,-0.28,45843000.0
2007-05-17,-0.32,-0.21,-0.39,-0.37,41856000.0
2007-05-18,-0.38,-0.36,-0.77,-0.52,58453000.0
2007-05-21,-0.62,-0.19,-0.62,-0.3,42549000.0
2007-05-22,-0.45,-0.42,-0.69,-0.66,40015000.0
2007-05-23,-0.51,-0.51,-0.78,-0.77,46337000.0
2007-05-24,-0.81,-0.55,-1.39,-1.18,64054000.0
2007-05-25,-1.07,-0.69,-1.17,-0.87,47727000.0
2007-05-29,-0.86,-0.52,-0.96,-0.56,42378000.0
2007-05-30,-0.8,-0.22,-0.84,-0.24,57446000.0
2007-05-31,-0.23,-0.19,-0.74,-0.66,86403000.0
2007-06-01,-0.56,-0.45,-0.8,-0.76,39493000.0
2007-06-04,-0.93,-0.59,-0.95,-0.64,41437000.0
2007-06-05,-0.73,-0.72,-1.02,-0.77,44287000.0
2007-06-06,-0.98,-0.82,-1.1,-1.06,38253000.0
2007-06-07,-1.33,-1.06,-1.76,-1.73,71981000.0
2007-06-08,-1.77,-1.29,-1.94,-1.3,61347000.0
2007-06-11,-1.41,-1.1,-1.42,-1.33,48486000.0
2007-06-12,-1.39,-1.11,-1.58,-1.5,56982000.0
2007-06-13,-1.38,-0.94,-1.5,-0.96,64472000.0
2007-06-14,-1.0,-0.64,-1.05,-0.83,59069000.0
2007-06-15,-0.49,-0.47,-0.92,-0.86,100941000.0
2007-06-18,-0.66,-0.63,-0.93,-0.84,45633000.0
2007-06-19,-0.87,-0.69,-0.97,-0.89,46805000.0
2007-06-20,-0.91,-0.84,-1.39,-1.34,47089000.0
2007-06-21,-1.38,-1.05,-1.44,-1.13,57058000.0
2007-06-22,-1.35,-1.25,-1.9,-1.86,88345000.0
2007-06-25,-1.88,-1.58,-1.97,-1.86,53915000.0
2007-06-26,-1.8,-1.55,-1.85,-1.83,48340000.0
2007-06-27,-1.99,-1.4,-1.99,-1.48,54272000.0
2007-06-28,-1.49,-1.38,-1.67,-1.52,46190000.0
2007-06-29,-1.48,-1.42,-2.31,-1.88,71194000.0
2007-07-02,-1.68,-1.55,-1.86,-1.61,47326000.0
2007-07-03,-1.57,-1.13,-1.57,-1.33,35203000.0
2007-07-05,-1.3,-1.13,-1.52,-1.36,47844000.0
2007-07-06,-1.44,-1.31,-1.69,-1.38,57542000.0
2007-07-09,-1.49,-1.4,-1.54,-1.48,33832000.0
2007-07-10,-1.65,-1.36,-2.17,-2.02,66019000.0
2007-07-11,-2.11,-1.7,-2.14,-1.86,48017000.0
2007-07-12,-1.79,-1.24,-1.91,-1.28,54302000.0
2007-07-13,-1.41,-1.33,-1.69,-1.53,42173000.0
2007-07-16,-1.59,-1.11,-1.63,-1.32,48023000.0
2007-07-17,-1.33,-0.47,-1.34,-0.57,77540000.0
2007-07-18,-0.84,-0.38,-0.85,-0.43,64437000.0
2007-07-19,-0.3,0.49,-0.42,0.16,121165000.0
2007-07-20,-0.2,-0.15,-0.56,-0.19,98294000.0
2007-07-23,-0.06,0.17,-0.23,-0.16,48911000.0
2007-07-24,-0.34,0.13,-0.64,-0.55,62258000.0
2007-07-25,-0.36,-0.05,-0.98,-0.64,55079000.0
2007-07-26,-1.11,-0.82,-1.84,-1.37,87616000.0
2007-07-27,-1.42,-1.35,-1.99,-1.96,69215000.0
2007-07-30,-1.95,-1.86,-2.4,-1.95,67517000.0
2007-07-31,-1.64,-1.64,-2.37,-2.36,66686000.0
2007-08-01,-2.4,-1.8,-2.53,-2.05,80012000.0
2007-08-02,-2.16,-1.56,-2.33,-1.83,47994000.0
2007-08-03,-1.9,-1.57,-2.45,-2.39,61540000.0
2007-08-06,-2.3,-1.81,-2.6,-1.81,59534000.0
2007-08-07,-2.02,-1.56,-2.3,-1.8,49237000.0
2007-08-08,-1.63,-1.34,-2.14,-1.35,52903000.0
2007-08-09,-1.71,-1.25,-2.43,-2.05,72980000.0
2007-08-10,-2.45,-2.3,-3.09,-2.64,76582000.0
2007-08-13,-2.41,-2.36,-2.91,-2.72,55642000.0
2007-08-14,-2.48,-2.36,-3.05,-2.98,42945000.0
2007-08-15,-3.01,-2.26,-3.2,-3.15,48120000.0
2007-08-16,-3.37,-2.9,-3.74,-3.44,81453000.0
2007-08-17,-3.16,-3.0,-3.43,-3.0,76748000.0
2007-08-20,-3.07,-2.76,-3.17,-2.99,49955000.0
2007-08-21,-3.15,-2.93,-3.38,-3.18,50786000.0
2007-08-22,-2.98,-2.93,-3.24,-3.03,44763000.0
2007-08-23,-2.97,-2.92,-3.15,-2.95,33887000.0
2007-08-24,-3.04,-2.41,-3.18,-2.44,45163000.0
2007-08-27,-2.64,-2.48,-2.85,-2.76,32791000.0
2007-08-28,-2.95,-2.76,-3.34,-3.32,43924000.0
2007-08-29,-3.12,-2.64,-3.43,-2.66,45755000.0
2007-08-30,-2.83,-2.32,-2.93,-2.8,33691000.0
2007-08-31,-2.55,-2.33,-2.89,-2.52,42521000.0
2007-09-04,-2.75,-2.15,-2.77,-2.44,45690000.0
2007-09-05,-2.6,-2.52,-2.83,-2.77,47674000.0
2007-09-06,-2.69,-2.24,-2.7,-2.34,45431000.0
2007-09-07,-2.63,-2.42,-2.93,-2.81,52164000.0
2007-09-10,-2.58,-2.5,-2.84,-2.77,37254000.0
2007-09-11,-2.62,-2.3,-2.67,-2.32,34381000.0
2007-09-12,-2.44,-2.08,-2.45,-2.32,42466000.0
2007-09-13,-2.13,-1.99,-2.29,-2.09,35289000.0
2007-09-14,-2.27,-2.14,-2.37,-2.21,33498000.0
2007-09-17,-2.46,-2.37,-2.63,-2.53,39536000.0
2007-09-18,-2.55,-2.29,-2.98,-2.32,77472000.0
2007-09-19,-2.38,-2.34,-2.95,-2.58,94242000.0
2007-09-20,-2.77,-2.67,-2.91,-2.83,67169000.0
2007-09-21,-2.55,-2.44,-2.81,-2.6,135636000.0
2007-09-24,-2.44,-1.64,-2.45,-2.17,104460000.0
2007-09-25,-2.11,-1.69,-2.14,-1.69,75621000.0
2007-09-26,-1.57,-1.4,-1.77,-1.75,60344000.0
2007-09-27,-1.55,-1.53,-1.81,-1.76,43407000.0
2007-09-28,-1.76,-1.56,-2.02,-1.79,45819000.0
2007-10-01,-1.79,-1.46,-1.84,-1.48,43875000.0
2007-10-02,-1.55,-1.4,-1.68,-1.55,33706000.0
2007-10-03,-1.54,-1.4,-1.96,-1.8,37634000.0
2007-10-04,-1.69,-1.48,-1.81,-1.54,37868000.0
2007-10-05,-1.36,-1.26,-1.52,-1.41,45017000.0
2007-10-08,-1.59,-1.4,-1.65,-1.41,30266000.0
2007-10-09,-1.22,-0.86,-1.25,-1.15,63625000.0
2007-10-10,-1.21,-0.88,-1.22,-1.02,32251000.0
2007-10-11,-0.95,-0.62,-1.46,-1.34,50789000.0
2007-10-12,-1.22,-0.85,-1.3,-1.08,31121000.0
2007-10-15,-1.15,-0.92,-1.25,-1.21,47150000.0
2007-10-16,-1.01,-0.67,-1.02,-0.93,56286000.0
2007-10-17,-0.5,-0.02,-0.6,-0.17,86092000.0
2007-10-18,-0.03,-0.02,-0.62,-0.09,49215000.0
2007-10-19,-0.16,-0.16,-1.14,-1.08,75200000.0
2007-10-22,-1.13,-0.55,-1.13,-0.74,58785000.0
2007-10-23,-0.54,-0.13,-0.54,-0.35,49956000.0
2007-10-24,-0.43,0.05,-0.75,-0.0,77979000.0
2007-10-25,0.32,0.97,0.24,0.74,169589000.0
2007-10-26,4.77,4.78,3.31,3.78,288121008.0
2007-10-29,3.6,4.04,3.2,3.32,114656000.0
2007-10-30,3.12,4.34,3.1,4.32,107297000.0
2007-10-31,4.27,5.75,4.26,5.56,185636000.0
2007-11-01,5.28,6.24,5.11,5.81,152079000.0
2007-11-02,5.97,6.25,5.17,5.81,96399000.0
2007-11-05,5.51,5.85,5.38,5.48,75485000.0
2007-11-06,5.34,5.41,4.62,5.16,100967000.0
2007-11-07,4.79,4.91,4.2,4.27,74898000.0
2007-11-08,4.35,4.65,3.15,3.49,133749000.0
2007-11-09,2.93,3.29,2.4,2.48,125137000.0
2007-11-12,2.07,2.46,1.77,2.13,84865000.0
2007-11-13,2.4,3.53,2.24,3.32,104311000.0
2007-11-14,3.48,3.61,2.61,2.79,84063000.0
2007-11-15,2.62,2.96,2.41,2.62,64014000.0
2007-11-16,2.72,3.12,2.57,2.95,71117000.0
2007-11-19,2.82,3.1,2.73,2.82,63026000.0
2007-11-20,3.09,3.83,2.96,3.44,100009000.0
2007-11-21,3.26,3.59,3.04,3.09,89524000.0
2007-11-23,3.22,3.3,2.57,2.97,33468000.0
2007-11-26,2.95,3.23,1.79,1.83,80335000.0
2007-11-27,2.13,2.46,1.54,1.92,84180000.0
2007-11-28,2.24,2.75,1.76,2.56,88587000.0
2007-11-29,2.44,2.79,2.17,2.45,53634000.0
2007-11-30,2.78,2.98,2.05,2.46,71028000.0
2007-12-03,2.36,2.5,1.54,1.78,61771000.0
2007-12-04,1.6,2.1,1.49,1.63,54802000.0
2007-12-05,2.0,3.38,1.89,3.01,84895000.0
2007-12-06,3.12,3.47,2.73,3.41,50624000.0
2007-12-07,3.47,3.56,3.08,3.39,40771000.0
2007-12-10,3.5,3.81,3.33,3.62,36085000.0
2007-12-11,3.59,3.85,2.79,2.96,55080000.0
2007-12-12,3.47,3.95,2.79,3.33,63353000.0
2007-12-13,3.34,4.31,3.14,4.08,73931000.0
2007-12-14,3.91,4.7,3.87,4.17,71128000.0
2007-12-17,3.89,3.99,3.22,3.25,58121000.0
2007-12-18,3.5,3.86,3.07,3.6,52792000.0
2007-12-19,3.55,4.0,3.24,3.65,58469000.0
2007-12-20,4.15,4.65,3.94,4.38,59348000.0
2007-12-21,4.76,4.92,4.61,4.92,83752000.0
2007-12-24,4.99,5.58,4.91,5.44,29623000.0
2007-12-26,5.27,5.5,5.12,5.47,30253000.0
2007-12-27,5.21,5.41,4.8,4.83,33319000.0
2007-12-28,4.96,5.09,4.53,4.98,33447000.0
2007-12-31,4.76,4.85,4.38,4.46,35232000.0
2008-01-02,4.65,4.82,3.86,4.08,63006000.0
2008-01-03,4.08,4.51,3.72,4.23,49601000.0
2008-01-04,4.05,4.06,2.95,3.24,72094000.0
2008-01-07,3.41,3.66,3.11,3.47,80173000.0
2008-01-08,3.57,3.57,2.26,2.31,79156000.0
2008-01-09,2.22,3.4,2.21,3.3,74317000.0
2008-01-10,3.21,3.36,2.64,3.19,72448000.0
2008-01-11,3.0,3.1,2.58,2.77,55197000.0
2008-01-14,3.32,3.43,2.94,3.25,52792000.0
2008-01-15,2.89,3.24,2.86,2.86,61638000.0
2008-01-16,2.28,2.51,1.37,2.09,120782000.0
2008-01-17,2.4,2.66,1.83,1.97,94254000.0
2008-01-18,2.02,2.86,1.83,1.87,117062000.0
2008-01-22,0.4,1.39,0.36,0.85,108866000.0
2008-01-23,0.34,0.91,-0.1,0.79,137656000.0
2008-01-24,1.21,2.22,0.98,2.11,155640000.0
2008-01-25,3.76,3.86,1.73,1.8,196992000.0
2008-01-28,1.88,1.96,1.28,1.58,81019000.0
2008-01-29,1.71,1.75,1.21,1.46,68023000.0
2008-01-30,1.42,1.66,0.91,1.06,106433000.0
2008-01-31,0.77,1.6,0.58,1.46,103642000.0
2008-02-01,-0.09,2.11,-0.89,-0.69,291139008.0
2008-02-04,-0.65,-0.42,-1.03,-0.95,119999000.0
2008-02-05,-1.23,-1.2,-2.25,-2.07,137534000.0
2008-02-06,-1.86,-1.79,-2.86,-2.62,138316000.0
2008-02-07,-2.8,-2.36,-3.24,-3.02,165268000.0
2008-02-08,-2.85,-2.06,-2.9,-2.58,124872000.0
2008-02-11,-2.62,-2.53,-3.23,-2.93,156814000.0
2008-02-12,-2.71,-2.52,-3.03,-2.8,84366000.0
2008-02-13,-2.52,-2.09,-2.61,-2.18,88994000.0
2008-02-14,-2.26,-2.1,-2.68,-2.64,69113000.0
2008-02-15,-2.83,-2.5,-2.89,-2.72,68166000.0
2008-02-19,-2.23,-2.19,-2.96,-2.86,68254000.0
2008-02-20,-2.88,-2.77,-3.11,-2.81,93056000.0
2008-02-21,-2.41,-2.07,-3.07,-2.93,98784000.0
2008-02-22,-2.79,-2.64,-3.83,-3.35,125713000.0
2008-02-25,-3.38,-2.79,-3.55,-3.19,109974000.0
2008-02-26,-3.29,-2.17,-3.36,-2.65,108927000.0
2008-02-27,-2.84,-2.35,-2.93,-2.77,75199000.0
2008-02-28,-3.01,-2.76,-3.23,-3.1,83010000.0
2008-02-29,-3.34,-3.2,-4.01,-3.83,117411000.0
2008-03-03,-3.79,-3.64,-4.16,-4.04,76581000.0
2008-03-04,-4.01,-3.4,-4.07,-3.44,86926000.0
2008-03-05,-3.28,-2.62,-3.33,-2.91,106490000.0
2008-03-06,-2.97,-2.86,-3.53,-3.46,91134000.0
2008-03-07,-3.69,-2.96,-3.71,-3.16,77607000.0
2008-03-10,-3.2,-2.77,-3.28,-2.98,72538000.0
2008-03-11,-2.63,-1.69,-2.65,-1.75,98764000.0
2008-03-12,-1.6,-1.54,-2.49,-2.4,75994000.0
2008-03-13,-2.49,-2.04,-2.87,-2.41,84557000.0
2008-03-14,-2.31,-2.02,-3.39,-3.07,105215000.0
2008-03-17,-3.73,-2.3,-3.75,-2.73,84497000.0
2008-03-18,-2.36,-1.55,-2.36,-1.61,83695000.0
2008-03-19,-1.65,-1.44,-2.41,-2.41,61452000.0
2008-03-20,-2.29,-1.81,-2.44,-1.85,60176000.0
2008-03-24,-1.7,-1.63,-1.97,-1.86,48297000.0
2008-03-25,-1.7,-1.66,-2.09,-1.89,49249000.0
2008-03-26,-2.0,-1.96,-2.65,-2.47,45868000.0
2008-03-27,-2.55,-2.54,-3.03,-2.98,47894000.0
2008-03-28,-2.8,-2.6,-3.2,-3.12,49262000.0
2008-03-31,-3.15,-2.44,-3.19,-2.65,46781000.0
2008-04-01,-2.2,-1.49,-2.4,-1.53,65796000.0
2008-04-02,-1.47,-1.45,-2.03,-1.87,49506000.0
2008-04-03,-2.03,-1.71,-2.23,-2.03,38966000.0
2008-04-04,-1.9,-1.77,-2.29,-1.87,43900000.0
2008-04-07,-1.48,-1.44,-2.0,-1.87,44444000.0
2008-04-08,-2.09,-2.03,-2.49,-2.28,46574000.0
2008-04-09,-2.31,-1.99,-2.49,-2.14,45857000.0
2008-04-10,-2.2,-1.63,-2.23,-1.92,65597000.0
2008-04-11,-2.16,-2.02,-2.82,-2.75,54374000.0
2008-04-14,-2.79,-2.72,-3.1,-2.97,43418000.0
2008-04-15,-2.91,-2.55,-3.0,-2.78,34310000.0
2008-04-16,-2.46,-1.98,-2.65,-2.08,54107000.0
2008-04-17,-1.91,-1.69,-2.13,-1.81,48774000.0
2008-04-18,-1.02,-0.93,-1.42,-1.03,73659000.0
2008-04-21,-0.84,-0.43,-0.91,-0.61,54412000.0
2008-04-22,-0.39,-0.33,-1.06,-0.78,67387000.0
2008-04-23,-0.58,0.43,-0.73,0.42,98351000.0
2008-04-24,0.6,1.07,0.13,0.77,116451000.0
2008-04-25,-0.98,-0.64,-1.43,-1.2,145195000.0
2008-04-28,-1.23,-1.2,-2.21,-2.04,97473000.0
2008-04-29,-2.23,-2.13,-2.58,-2.39,84429000.0
2008-04-30,-2.29,-1.82,-2.52,-2.51,74734000.0
2008-05-01,-2.53,-1.54,-2.55,-1.63,71699000.0
2008-05-02,-1.44,-1.41,-2.17,-1.79,66024000.0
2008-05-05,-1.1,-0.8,-2.04,-1.95,119688000.0
2008-05-06,-2.03,-1.17,-2.1,-1.33,93582000.0
2008-05-07,-1.34,-0.89,-1.95,-1.82,88783000.0
2008-05-08,-1.75,-1.64,-2.03,-1.76,69592000.0
2008-05-09,-1.82,-1.48,-2.08,-1.64,51621000.0
2008-05-12,-1.63,-0.97,-1.68,-1.04,64286000.0
2008-05-13,-0.92,-0.79,-1.39,-1.14,70935000.0
2008-05-14,-1.03,-0.66,-1.19,-0.99,66739000.0
2008-05-15,-0.94,-0.39,-0.98,-0.47,53364000.0
2008-05-16,-0.45,-0.44,-1.0,-0.93,81542000.0
2008-05-19,-1.05,-1.03,-1.61,-1.46,59626000.0
2008-05-20,-1.62,-1.61,-2.29,-2.16,75768000.0
2008-05-21,-2.11,-1.87,-2.73,-2.67,60125000.0
2008-05-22,-2.64,-2.22,-2.74,-2.45,52210000.0
2008-05-23,-2.66,-2.59,-2.97,-2.87,48911000.0
2008-05-27,-2.81,-2.42,-2.87,-2.48,47335000.0
2008-05-28,-2.37,-2.35,-2.88,-2.74,52318000.0
2008-05-29,-2.71,-2.24,-2.78,-2.61,47699000.0
2008-05-30,-2.54,-2.22,-2.72,-2.6,63399000.0
2008-06-02,-2.68,-2.56,-3.37,-3.12,77038000.0
2008-06-03,-3.01,-2.61,-3.65,-3.61,91650000.0
2008-06-04,-3.64,-3.28,-3.72,-3.38,79612000.0
2008-06-05,-3.2,-2.62,-3.32,-2.62,76063000.0
2008-06-06,-2.93,-2.75,-3.43,-3.43,78501000.0
2008-06-09,-3.27,-3.01,-3.62,-3.21,66787000.0
2008-06-10,-3.56,-2.63,-3.6,-3.03,77434000.0
2008-06-11,-3.07,-2.98,-3.81,-3.8,59331000.0
2008-06-12,-3.52,-2.37,-3.73,-2.68,113996000.0
2008-06-13,-2.29,-1.35,-2.42,-1.85,131969000.0
2008-06-16,-1.9,-1.81,-2.28,-1.99,74725000.0
2008-06-17,-1.88,-1.8,-2.13,-2.12,44263000.0
2008-06-18,-2.37,-2.06,-2.46,-2.46,49688000.0
2008-06-19,-2.37,-1.73,-2.59,-1.99,62048000.0
2008-06-20,-2.03,-2.0,-2.82,-2.69,97488000.0
2008-06-23,-2.62,-2.51,-3.13,-2.95,57150000.0
2008-06-24,-3.0,-2.91,-3.41,-3.19,65225000.0
2008-06-25,-3.11,-2.25,-3.16,-2.57,64280000.0
2008-06-26,-2.89,-2.72,-3.18,-3.17,67049000.0
2008-06-27,-3.24,-3.01,-3.46,-3.29,73450000.0
2008-06-30,-3.19,-2.94,-3.43,-3.41,57836000.0
2008-07-01,-3.66,-3.54,-4.48,-4.05,100328000.0
2008-07-02,-4.03,-3.92,-5.05,-5.04,84703000.0
2008-07-03,-4.95,-4.82,-5.32,-4.94,37076000.0
2008-07-07,-4.81,-4.53,-5.47,-4.89,71528000.0
2008-07-08,-5.0,-4.72,-5.41,-5.07,65570000.0
2008-07-09,-5.14,-5.07,-5.74,-5.69,54260000.0
2008-07-10,-5.72,-5.25,-5.94,-5.47,57837000.0
2008-07-11,-5.77,-5.28,-6.05,-5.67,69533000.0
2008-07-14,-5.44,-5.11,-5.85,-5.77,51223000.0
2008-07-15,-5.99,-4.28,-5.99,-4.77,92721000.0
2008-07-16,-4.79,-3.63,-5.0,-3.66,82060000.0
2008-07-17,-3.34,-3.01,-3.81,-3.4,96526000.0
2008-07-18,-4.56,-4.45,-5.81,-5.06,150277000.0
2008-07-21,-5.26,-4.75,-5.39,-5.28,77576000.0
2008-07-22,-5.39,-4.98,-5.44,-5.12,88657000.0
2008-07-23,-5.06,-4.08,-5.07,-4.49,79409000.0
2008-07-24,-4.83,-4.75,-5.48,-5.48,81093000.0
2008-07-25,-5.28,-4.7,-5.42,-4.76,58682000.0
2008-07-28,-4.86,-4.81,-5.58,-5.42,59714000.0
2008-07-29,-5.4,-4.73,-5.52,-4.81,66373000.0
2008-07-30,-4.72,-4.43,-5.02,-4.69,51980000.0
2008-07-31,-5.07,-4.64,-5.21,-5.2,60464000.0
2008-08-01,-5.0,-4.97,-5.85,-5.48,82735000.0
2008-08-04,-5.53,-5.38,-5.81,-5.64,60592000.0
2008-08-05,-5.28,-4.64,-5.42,-4.71,84305000.0
2008-08-06,-4.19,-3.76,-4.54,-3.9,95550000.0
2008-08-07,-4.03,-3.17,-4.19,-3.53,82566000.0
2008-08-08,-3.57,-2.69,-3.73,-2.79,80818000.0
2008-08-11,-3.06,-2.52,-3.26,-3.02,68750000.0
2008-08-12,-3.14,-2.56,-3.34,-2.8,62814000.0
2008-08-13,-2.85,-2.42,-3.16,-3.01,51167000.0
2008-08-14,-3.1,-2.64,-3.36,-3.01,49735000.0
2008-08-15,-2.94,-2.77,-3.34,-3.11,47269000.0
2008-08-18,-3.14,-2.87,-3.37,-3.23,38078000.0
2008-08-19,-3.27,-3.06,-3.54,-3.49,40339000.0
2008-08-20,-3.28,-3.23,-3.64,-3.52,41497000.0
2008-08-21,-3.71,-3.58,-3.95,-3.63,43614000.0
2008-08-22,-3.58,-2.93,-3.59,-2.97,47930000.0
2008-08-25,-3.2,-2.97,-3.35,-3.15,51382000.0
2008-08-26,-3.23,-3.09,-3.64,-3.54,44775000.0
2008-08-27,-3.47,-3.02,-3.68,-3.25,33977000.0
2008-08-28,-3.2,-2.8,-3.21,-2.87,48381000.0
2008-08-29,-3.13,-3.03,-3.53,-3.52,50754000.0
2008-09-02,-3.15,-3.05,-3.75,-3.71,66082000.0
2008-09-03,-3.81,-3.63,-3.97,-3.91,57129000.0
2008-09-04,-4.08,-3.92,-4.46,-4.46,66934000.0
2008-09-05,-4.78,-4.59,-5.18,-5.16,82305000.0
2008-09-08,-4.6,-4.48,-5.14,-4.69,62114000.0
2008-09-09,-4.61,-4.21,-4.76,-4.71,85736000.0
2008-09-10,-4.29,-3.95,-4.56,-4.37,75065000.0
2008-09-11,-4.71,-3.35,-4.78,-3.47,72915000.0
2008-09-12,-3.67,-3.07,-3.87,-3.19,75628000.0
2008-09-15,-3.89,-3.32,-4.08,-3.99,82349000.0
2008-09-16,-4.72,-4.32,-5.29,-4.82,111730000.0
2008-09-17,-5.08,-4.94,-6.31,-6.24,106972000.0
2008-09-18,-6.01,-5.46,-6.8,-5.55,132291000.0
2008-09-19,-4.44,-4.41,-7.31,-5.65,134942000.0
2008-09-22,-4.59,-4.49,-5.49,-5.41,105208000.0
2008-09-23,-5.15,-4.64,-5.47,-5.37,92247000.0
2008-09-24,-5.23,-4.72,-5.35,-5.09,80256000.0
2008-09-25,-4.99,-3.93,-5.07,-4.2,96203000.0
2008-09-26,-4.64,-3.25,-4.67,-3.41,100744000.0
2008-09-29,-3.87,-3.15,-5.81,-5.8,134383000.0
2008-09-30,-5.04,-4.12,-5.27,-4.12,107210000.0
2008-10-01,-4.43,-3.82,-4.53,-4.33,88987000.0
2008-10-02,-4.63,-4.28,-5.11,-4.56,93829000.0
2008-10-03,-4.45,-3.34,-4.57,-4.49,116068000.0
2008-10-06,-5.18,-4.82,-6.67,-5.9,146409000.0
2008-10-07,-5.83,-5.6,-7.67,-7.58,145968000.0
2008-10-08,-7.91,-6.51,-8.31,-7.8,171627000.0
2008-10-09,-7.05,-6.9,-8.74,-8.51,131968000.0
2008-10-10,-9.02,-8.46,-10.16,-9.31,228489000.0
2008-10-13,-7.95,-5.31,-8.18,-5.31,144980000.0
2008-10-14,-5.17,-5.08,-7.21,-6.71,165684000.0
2008-10-15,-7.03,-6.56,-8.33,-8.15,113280000.0
2008-10-16,-7.88,-6.62,-9.5,-6.62,161148000.0
2008-10-17,-7.25,-5.7,-7.5,-6.88,133676000.0
2008-10-20,-6.61,-6.06,-7.8,-6.09,93487000.0
2008-10-21,-6.51,-5.8,-7.54,-7.45,100386000.0
2008-10-22,-7.77,-7.75,-9.91,-9.28,150055000.0
2008-10-23,-9.26,-8.22,-9.92,-8.49,154774000.0
2008-10-24,-9.75,-7.95,-9.86,-8.85,153920000.0
2008-10-27,-9.14,-8.85,-9.79,-9.63,117722000.0
2008-10-28,-9.17,-7.6,-9.47,-7.71,134109000.0
2008-10-29,-7.68,-6.84,-8.11,-7.81,111763000.0
2008-10-30,-7.12,-6.93,-8.42,-8.18,95323000.0
2008-10-31,-8.28,-7.9,-8.69,-8.48,93064000.0
2008-11-03,-8.33,-7.9,-8.6,-8.19,61947000.0
2008-11-04,-7.68,-7.15,-7.94,-7.28,72194000.0
2008-11-05,-7.48,-7.47,-8.76,-8.73,81217000.0
2008-11-06,-8.94,-8.73,-9.95,-9.93,95569000.0
2008-11-07,-9.49,-9.27,-9.81,-9.31,71263000.0
2008-11-10,-8.97,-8.84,-9.62,-9.51,67603000.0
2008-11-11,-9.52,-9.51,-10.02,-9.61,78033000.0
2008-11-12,-9.92,-9.81,-10.53,-10.51,90160000.0
2008-11-13,-10.66,-9.56,-12.07,-9.56,148503000.0
2008-11-14,-10.25,-9.47,-11.16,-10.75,96627000.0
2008-11-17,-11.07,-10.57,-11.66,-11.49,97297000.0
2008-11-18,-11.18,-11.02,-11.93,-11.06,108985000.0
2008-11-19,-11.05,-10.73,-12.43,-12.39,103049000.0
2008-11-20,-12.57,-11.84,-13.18,-13.15,139533000.0
2008-11-21,-12.66,-10.98,-12.7,-11.0,157246000.0
2008-11-24,-10.79,-9.74,-10.81,-9.99,125299000.0
2008-11-25,-9.82,-9.75,-11.13,-10.69,92972000.0
2008-11-26,-10.95,-10.01,-10.95,-10.19,79682000.0
2008-11-28,-10.45,-10.37,-10.66,-10.46,31372000.0
2008-12-01,-10.81,-10.73,-12.08,-12.07,79874000.0
2008-12-02,-11.69,-11.37,-12.12,-11.53,79692000.0
2008-12-03,-12.03,-10.78,-12.08,-10.81,80970000.0
2008-12-04,-11.28,-10.76,-11.89,-11.57,78725000.0
2008-12-05,-11.77,-10.7,-12.21,-10.81,91998000.0
2008-12-08,-10.33,-9.43,-10.54,-9.67,107230000.0
2008-12-09,-10.06,-9.43,-10.22,-10.08,80500000.0
2008-12-10,-9.86,-9.72,-10.38,-10.07,61502000.0
2008-12-11,-10.57,-10.56,-11.37,-11.23,83624000.0
2008-12-12,-11.53,-10.83,-11.98,-11.32,78131000.0
2008-12-15,-11.34,-11.24,-11.79,-11.64,59936000.0
2008-12-16,-11.47,-10.5,-11.68,-10.57,97707000.0
2008-12-17,-10.87,-10.63,-11.18,-11.02,79062000.0
2008-12-18,-10.82,-10.66,-11.69,-11.38,80765000.0
2008-12-19,-11.26,-10.88,-11.57,-11.56,115432000.0
2008-12-22,-11.44,-11.39,-11.79,-11.5,58578000.0
2008-12-23,-11.4,-11.11,-11.67,-11.4,47536000.0
2008-12-24,-11.42,-11.23,-11.58,-11.51,16894000.0
2008-12-26,-11.48,-11.35,-11.59,-11.55,23105000.0
2008-12-29,-11.53,-11.47,-12.04,-11.72,58886000.0
2008-12-30,-11.67,-11.19,-11.68,-11.34,43229000.0
2008-12-31,-11.37,-11.0,-11.41,-11.24,46425000.0
2009-01-02,-11.15,-10.28,-11.31,-10.35,50122000.0
2009-01-05,-10.48,-10.01,-10.62,-10.16,61477000.0
2009-01-06,-9.93,-9.68,-10.07,-9.92,58086000.0
2009-01-07,-10.49,-10.39,-11.2,-11.17,72747000.0
2009-01-08,-11.05,-10.49,-11.13,-10.56,70255000.0
2009-01-09,-10.51,-10.38,-11.27,-11.16,49828000.0
2009-01-12,-10.97,-10.89,-11.38,-11.21,52204000.0
2009-01-13,-11.16,-10.69,-11.16,-10.86,65848000.0
2009-01-14,-11.15,-11.0,-11.67,-11.59,80342000.0
2009-01-15,-11.61,-11.38,-12.16,-11.44,96222000.0
2009-01-16,-11.05,-10.77,-11.53,-10.97,79640000.0
2009-01-20,-11.22,-11.06,-12.31,-12.2,89892000.0
2009-01-21,-11.81,-11.23,-12.22,-11.3,68358000.0
2009-01-22,-12.63,-12.5,-13.61,-13.57,222436000.0
2009-01-23,-13.71,-13.19,-13.93,-13.48,117021000.0
2009-01-26,-13.39,-12.87,-13.45,-13.05,93115000.0
2009-01-27,-12.9,-12.71,-13.25,-13.02,61708000.0
2009-01-28,-12.88,-12.37,-12.92,-12.64,64703000.0
2009-01-29,-12.9,-12.72,-13.12,-13.09,49209000.0
2009-01-30,-12.94,-12.89,-13.58,-13.58,62386000.0
2009-02-02,-13.65,-12.55,-13.68,-12.85,88883000.0
2009-02-03,-12.83,-12.07,-13.08,-12.18,86881000.0
2009-02-04,-12.14,-11.68,-12.18,-12.05,75618000.0
2009-02-05,-12.17,-11.54,-12.43,-11.64,75198000.0
2009-02-06,-11.52,-10.75,-11.62,-11.02,86746000.0
2009-02-09,-11.04,-10.91,-11.42,-11.24,52196000.0
2009-02-10,-11.43,-10.88,-11.98,-11.88,83959000.0
2009-02-11,-11.74,-11.19,-11.76,-11.47,58599000.0
2009-02-12,-11.71,-11.36,-12.14,-11.42,75323000.0
2009-02-13,-11.41,-11.21,-11.64,-11.59,47419000.0
2009-02-17,-12.06,-12.05,-12.66,-12.46,75853000.0
2009-02-18,-12.33,-12.1,-12.55,-12.43,54955000.0
2009-02-19,-12.25,-12.17,-12.74,-12.64,49198000.0
2009-02-20,-12.78,-12.36,-12.89,-12.55,69416000.0
2009-02-23,-12.53,-12.4,-13.39,-13.34,70803000.0
2009-02-24,-13.52,-13.2,-14.19,-13.38,122674000.0
2009-02-25,-13.54,-13.31,-14.09,-13.59,105895000.0
2009-02-26,-13.5,-13.47,-14.13,-14.13,83219000.0
2009-02-27,-14.26,-14.03,-14.45,-14.4,93434000.0
2009-03-02,-14.59,-14.3,-14.83,-14.76,80597000.0
2009-03-03,-14.52,-14.31,-14.91,-14.67,80477000.0
2009-03-04,-14.43,-14.15,-14.66,-14.43,69290000.0
2009-03-05,-14.69,-14.67,-15.29,-15.28,89705000.0
2009-03-06,-15.2,-14.93,-15.68,-15.27,92854000.0
2009-03-09,-15.35,-14.81,-15.45,-15.4,66514000.0
2009-03-10,-15.18,-13.93,-15.3,-14.07,95192000.0
2009-03-11,-13.92,-13.35,-14.12,-13.44,84573000.0
2009-03-12,-13.54,-13.51,-14.07,-13.54,93720000.0
2009-03-13,-13.57,-13.5,-14.37,-13.9,82975000.0
2009-03-16,-13.73,-13.59,-14.31,-14.3,67038000.0
2009-03-17,-14.23,-13.65,-14.29,-13.65,62669000.0
2009-03-18,-13.52,-13.33,-13.95,-13.59,70733000.0
2009-03-19,-13.18,-13.1,-13.63,-13.41,58999000.0
2009-03-20,-13.23,-12.9,-13.67,-13.49,81743000.0
2009-03-23,-13.18,-11.96,-13.24,-12.22,71608000.0
2009-03-24,-12.51,-12.34,-12.71,-12.62,50090000.0
2009-03-25,-12.57,-12.24,-13.03,-12.67,73932000.0
2009-03-26,-12.38,-11.67,-12.43,-11.72,63780000.0
2009-03-27,-12.01,-11.94,-12.5,-12.42,47674000.0
2009-03-30,-12.81,-12.79,-13.28,-13.07,49641000.0
2009-03-31,-12.72,-11.76,-12.77,-12.18,92423000.0
2009-04-01,-12.32,-11.19,-12.37,-11.24,96439000.0
2009-04-02,-11.05,-10.66,-11.55,-11.26,99082000.0
2009-04-03,-11.42,-11.4,-12.12,-11.8,81865000.0
2009-04-06,-12.01,-11.79,-12.29,-11.79,47479000.0
2009-04-07,-11.79,-11.41,-11.92,-11.79,65815000.0
2009-04-08,-11.58,-10.93,-11.59,-11.36,56409000.0
2009-04-09,-11.1,-10.85,-11.33,-10.88,55760000.0
2009-04-13,-10.86,-10.7,-11.18,-10.96,44450000.0
2009-04-14,-11.11,-11.0,-11.55,-11.2,63796000.0
2009-04-15,-11.34,-11.3,-12.04,-11.72,72725000.0
2009-04-16,-11.39,-10.77,-11.56,-10.79,67692000.0
2009-04-17,-10.87,-10.86,-11.55,-11.35,61398000.0
2009-04-20,-11.66,-11.6,-11.98,-11.94,62943000.0
2009-04-21,-11.96,-11.47,-11.98,-11.58,60928000.0
2009-04-22,-11.79,-11.36,-11.85,-11.77,59401000.0
2009-04-23,-11.63,-11.61,-12.08,-11.63,86116000.0
2009-04-24,-10.73,-9.35,-11.05,-9.64,168478000.0
2009-04-27,-10.0,-9.73,-10.27,-10.15,68220000.0
2009-04-28,-10.3,-10.28,-10.76,-10.62,76688000.0
2009-04-29,-10.44,-9.66,-10.49,-10.3,79302000.0
2009-04-30,-9.95,-9.45,-10.54,-10.29,87440000.0
2009-05-01,-10.36,-10.2,-10.69,-10.31,63224000.0
2009-05-04,-10.18,-10.15,-10.57,-10.36,54313000.0
2009-05-05,-10.41,-10.31,-10.91,-10.76,67243000.0
2009-05-06,-10.49,-10.48,-10.94,-10.76,59639000.0
2009-05-07,-10.59,-10.56,-11.41,-11.23,68727000.0
2009-05-08,-11.09,-10.91,-11.41,-11.13,67604000.0
2009-05-11,-11.35,-10.82,-11.54,-11.23,63762913.0
2009-05-12,-11.04,-10.49,-11.08,-10.66,71958499.0
2009-05-13,-10.63,-10.55,-10.88,-10.8,49283295.0
2009-05-14,-10.72,-10.32,-10.75,-10.49,54540430.0
2009-05-15,-10.42,-10.05,-10.58,-10.33,61289838.0
2009-05-18,-10.19,-9.95,-10.31,-9.95,46074479.0
2009-05-19,-9.91,-9.68,-10.17,-10.11,51322851.0
2009-05-20,-10.01,-9.73,-10.2,-10.04,47452295.0
2009-05-21,-10.28,-10.19,-10.91,-10.6,58240045.0
2009-05-22,-10.49,-10.25,-10.95,-10.67,37325792.0
2009-05-26,-10.88,-9.97,-10.97,-10.08,44994966.0
2009-05-27,-10.17,-9.82,-10.35,-10.29,42897438.0
2009-05-28,-10.1,-9.79,-10.37,-9.97,45484059.0
2009-05-29,-9.86,-9.48,-10.12,-9.53,46139533.0
2009-06-01,-9.42,-8.92,-9.56,-9.02,57322194.0
2009-06-02,-9.06,-8.44,-9.22,-9.02,48937234.0
2009-06-03,-9.11,-8.66,-9.13,-8.69,56042524.0
2009-06-04,-8.65,-8.52,-8.84,-8.59,42332165.0
2009-06-05,-8.46,-8.11,-8.61,-8.28,59585285.0
2009-06-08,-8.44,-8.1,-8.79,-8.37,49005191.0
2009-06-09,-8.36,-8.1,-8.54,-8.34,50887529.0
2009-06-10,-8.25,-7.8,-8.3,-7.87,61206610.0
2009-06-11,-7.83,-7.16,-7.85,-7.59,65128974.0
2009-06-12,-7.52,-7.04,-7.68,-7.09,50963461.0
2009-06-15,-7.19,-6.88,-7.4,-7.0,69089288.0
2009-06-16,-6.95,-6.31,-6.98,-6.97,105289703.0
2009-06-17,-6.92,-6.6,-7.25,-6.74,86481055.0
2009-06-18,-6.8,-6.73,-7.12,-6.92,58839428.0
2009-06-19,-6.38,-6.08,-6.67,-6.35,115458922.0
2009-06-22,-6.47,-6.47,-7.17,-7.14,71294391.0
2009-06-23,-7.04,-6.76,-7.21,-7.08,56753482.0
2009-06-24,-6.97,-6.67,-7.06,-6.95,54287232.0
2009-06-25,-6.99,-6.5,-7.22,-6.63,57727630.0
2009-06-26,-6.85,-6.73,-7.1,-7.07,65126363.0
2009-06-29,-6.82,-6.39,-6.87,-6.56,62861228.0
2009-06-30,-6.45,-6.18,-6.79,-6.65,66452303.0
2009-07-01,-6.37,-6.12,-6.46,-6.38,54914827.0
2009-07-02,-6.66,-6.38,-7.21,-7.05,65427699.0
2009-07-06,-7.21,-7.14,-7.55,-7.22,48955226.0
2009-07-07,-7.34,-7.28,-7.96,-7.89,52841412.0
2009-07-08,-8.11,-7.73,-8.42,-7.86,73014555.0
2009-07-09,-7.77,-7.61,-8.05,-7.98,46979174.0
2009-07-10,-8.23,-7.88,-8.27,-8.03,43237369.0
2009-07-13,-8.0,-7.13,-8.28,-7.19,67585358.0
2009-07-14,-7.22,-7.2,-7.56,-7.31,45447284.0
2009-07-15,-6.67,-6.3,-6.86,-6.3,67241387.0
2009-07-16,-6.49,-5.98,-6.56,-5.98,64560963.0
2009-07-17,-6.02,-5.97,-6.32,-6.13,52849956.0
2009-07-20,-5.98,-5.89,-6.27,-5.89,47797971.0
2009-07-21,-5.73,-5.59,-6.05,-5.59,52027832.0
2009-07-22,-5.72,-5.52,-5.91,-5.62,66190409.0
2009-07-23,-5.49,-4.7,-5.58,-4.86,106018599.0
2009-07-24,-6.81,-6.53,-7.61,-6.97,215133996.0
2009-07-27,-6.98,-6.97,-7.52,-7.31,80912649.0
2009-07-28,-7.43,-6.87,-7.52,-6.95,70287280.0
2009-07-29,-6.69,-6.51,-7.08,-6.62,73624109.0
2009-07-30,-6.22,-5.99,-6.71,-6.61,67812817.0
2009-07-31,-6.65,-6.35,-6.92,-6.9,54265278.0
2009-08-03,-6.6,-6.56,-6.92,-6.59,46892763.0
2009-08-04,-6.74,-6.63,-6.89,-6.65,49040463.0
2009-08-05,-6.58,-6.17,-6.63,-6.61,53199734.0
2009-08-06,-6.49,-6.44,-7.15,-6.96,59655045.0
2009-08-07,-6.67,-6.6,-6.92,-6.86,46163000.0
2009-08-10,-6.96,-6.87,-7.12,-7.0,35248476.0
2009-08-11,-7.1,-7.02,-7.37,-7.29,33598767.0
2009-08-12,-7.29,-6.52,-7.39,-6.89,61558159.0
2009-08-13,-6.79,-6.57,-7.02,-6.8,38950394.0
2009-08-14,-6.8,-6.62,-6.91,-6.73,46327141.0
2009-08-17,-7.1,-6.82,-7.19,-7.17,42007654.0
2009-08-18,-7.0,-6.64,-7.02,-6.71,38748988.0
2009-08-19,-7.04,-6.57,-7.04,-6.64,41806546.0
2009-08-20,-6.69,-6.42,-6.75,-6.62,39502378.0
2009-08-21,-6.36,-5.87,-6.52,-5.88,68988447.0
2009-08-24,-5.88,-5.56,-6.01,-5.65,54157068.0
2009-08-25,-5.69,-5.47,-5.83,-5.65,43955686.0
2009-08-26,-5.7,-5.54,-5.87,-5.74,41016341.0
2009-08-27,-5.88,-5.51,-5.99,-5.6,45363777.0
2009-08-28,-5.22,-4.8,-5.68,-5.61,55766570.0
2009-08-31,-5.72,-5.44,-6.0,-5.64,49526057.0
2009-09-01,-5.94,-5.55,-6.39,-6.29,62548695.0
2009-09-02,-6.47,-6.15,-6.51,-6.43,40714385.0
2009-09-03,-6.38,-6.15,-6.53,-6.18,34108114.0
2009-09-04,-6.2,-5.49,-6.21,-5.67,44999631.0
2009-09-07,-6.2,-5.49,-6.21,-5.67,44999631.0
2009-09-08,-5.67,-5.45,-5.88,-5.47,53714894.0
2009-09-09,-5.55,-5.34,-5.63,-5.51,49834506.0
2009-09-10,-5.49,-5.24,-5.64,-5.29,46253601.0
2009-09-11,-5.36,-5.12,-5.48,-5.43,54302087.0
2009-09-14,-5.64,-5.2,-5.65,-5.29,42780802.0
2009-09-15,-5.32,-5.02,-5.43,-5.09,44497355.0
2009-09-16,-5.04,-4.94,-5.34,-5.09,49029795.0
2009-09-17,-5.23,-4.91,-5.23,-4.99,42429818.0
2009-09-18,-4.83,-4.81,-5.19,-5.03,67909743.0
2009-09-21,-5.18,-4.92,-5.19,-4.99,28864421.0
2009-09-22,-4.89,-4.47,-5.0,-4.52,61309653.0
2009-09-23,-4.37,-4.04,-4.65,-4.58,60579722.0
2009-09-24,-4.37,-4.18,-4.63,-4.35,56310495.0
2009-09-25,-4.6,-4.47,-4.77,-4.74,50098873.0
2009-09-28,-4.69,-4.13,-4.69,-4.46,44360085.0
2009-09-29,-4.38,-4.33,-4.6,-4.54,38967735.0
2009-09-30,-4.53,-4.3,-4.91,-4.57,63290457.0
2009-10-01,-4.88,-4.82,-5.49,-5.41,75674340.0
2009-10-02,-5.84,-5.2,-5.86,-5.33,51208068.0
2009-10-05,-5.31,-5.23,-5.77,-5.65,60230100.0
2009-10-06,-5.61,-5.08,-5.63,-5.18,48628148.0
2009-10-07,-5.3,-5.11,-5.41,-5.19,38461078.0
2009-10-08,-4.85,-4.39,-5.07,-4.62,60494806.0
2009-10-09,-4.72,-4.5,-4.83,-4.74,39501493.0
2009-10-12,-4.63,-4.4,-4.74,-4.57,29142044.0
2009-10-13,-4.7,-4.35,-4.77,-4.48,37323426.0
2009-10-14,-4.15,-4.09,-4.47,-4.33,45290239.0
2009-10-15,-4.39,-3.58,-4.39,-3.58,63144673.0
2009-10-16,-3.84,-3.66,-4.19,-3.79,56460182.0
2009-10-19,-3.8,-3.71,-4.04,-3.93,47971705.0
2009-10-20,-3.87,-3.78,-4.35,-3.92,54587801.0
2009-10-21,-3.83,-3.54,-3.9,-3.71,61637368.0
2009-10-22,-3.73,-3.57,-4.16,-3.7,61006100.0
2009-10-23,-1.09,-0.94,-2.41,-2.27,281598128.0
2009-10-26,-2.17,-1.27,-2.18,-1.61,123914438.0
2009-10-27,-1.56,-1.41,-1.85,-1.7,68591798.0
2009-10-28,-2.05,-1.52,-2.34,-2.27,73453557.0
2009-10-29,-2.22,-1.88,-2.44,-2.07,65197762.0
2009-10-30,-2.26,-1.89,-2.63,-2.56,72855605.0
2009-11-02,-2.59,-2.24,-2.88,-2.42,52965378.0
2009-11-03,-2.65,-2.55,-2.86,-2.78,40513309.0
2009-11-04,-2.6,-1.9,-2.67,-2.18,49927125.0
2009-11-05,-1.77,-1.55,-2.01,-1.87,42895696.0
2009-11-06,-1.91,-1.66,-2.09,-1.85,34471991.0
2009-11-09,-1.67,-1.29,-1.76,-1.3,45452330.0
2009-11-10,-1.4,-1.01,-1.48,-1.33,59065741.0
2009-11-11,-1.21,-0.99,-1.27,-1.17,45289428.0
2009-11-12,-1.28,-0.8,-1.29,-0.9,45712238.0
2009-11-13,-0.82,-0.5,-0.92,-0.6,48091297.0
2009-11-16,-0.68,-0.49,-0.92,-0.8,48031913.0
2009-11-17,-0.66,-0.16,-0.69,-0.2,66312519.0
2009-11-18,-0.16,-0.08,-0.35,-0.12,52073739.0
2009-11-19,-0.17,-0.16,-0.46,-0.3,45364324.0
2009-11-20,-0.5,-0.39,-0.73,-0.45,37698550.0
2009-11-23,-0.32,-0.15,-0.46,-0.27,36891963.0
2009-11-24,-0.21,-0.17,-0.41,-0.28,32443133.0
2009-11-25,-0.35,-0.3,-0.58,-0.46,26670322.0
2009-11-27,-1.05,-0.77,-1.41,-0.94,29357742.0
2009-11-30,-1.01,-0.71,-1.16,-0.76,35145360.0
2009-12-01,-0.64,-0.16,-0.75,-0.17,40093134.0
2009-12-02,-0.26,-0.17,-0.51,-0.41,31032184.0
2009-12-03,-0.32,0.04,-0.4,-0.18,36743705.0
2009-12-04,-0.11,0.21,-0.33,-0.11,54010612.0
2009-12-07,-0.38,-0.08,-0.48,-0.38,33873353.0
2009-12-08,-0.64,-0.42,-0.78,-0.5,31390398.0
2009-12-09,-0.69,-0.35,-0.91,-0.38,38176882.0
2009-12-10,-0.45,-0.21,-0.5,-0.25,34684482.0
2009-12-11,-0.19,-0.16,-0.37,-0.34,37314573.0
2009-12-14,-0.25,-0.0,-0.26,-0.0,29765211.0
2009-12-15,-0.27,0.05,-0.28,-0.18,39872809.0
2009-12-16,-0.09,0.25,-0.12,0.03,42126611.0
2009-12-17,-0.21,-0.2,-0.59,-0.45,35137212.0
2009-12-18,-0.32,-0.0,-0.36,-0.03,58469028.0
2009-12-21,0.24,0.68,0.21,0.34,34369226.0
2009-12-22,0.44,0.77,0.38,0.63,29066943.0
2009-12-23,0.55,0.79,0.53,0.75,24442487.0
2009-12-24,0.72,0.84,0.6,0.84,11083397.0
2009-12-28,0.84,0.98,0.73,0.98,20902194.0
2009-12-29,1.19,1.34,1.07,1.27,24486845.0
2009-12-30,0.99,1.13,0.64,0.75,34585240.0
2009-12-31,0.82,0.83,0.46,0.49,19949955.0
2010-01-04,0.46,0.94,0.43,0.82,30751637.0
2010-01-05,0.69,0.94,0.48,0.81,42230748.0
2010-01-06,0.72,0.92,0.36,0.53,48973154.0
2010-01-07,0.47,0.54,0.03,0.26,42320175.0
2010-01-08,0.12,0.72,0.08,0.51,42146897.0
2010-01-11,0.55,0.6,-0.04,0.05,57004482.0
2010-01-12,-0.01,0.24,-0.25,-0.11,52436494.0
2010-01-13,0.1,0.36,-0.15,0.23,37908601.0
2010-01-14,0.15,0.94,0.1,0.89,53243204.0
2010-01-15,0.92,1.08,0.55,0.71,68830973.0
2010-01-19,0.59,1.08,0.52,0.94,36545372.0
2010-01-20,0.65,0.78,0.15,0.4,47159905.0
2010-01-21,0.45,0.56,-0.16,-0.03,60625729.0
2010-01-22,-0.16,0.04,-1.32,-1.28,85859076.0
2010-01-25,-0.92,-0.5,-1.06,-0.77,52026366.0
2010-01-26,-0.96,-0.31,-1.07,-0.62,56399336.0
2010-01-27,-0.81,-0.34,-1.14,-0.43,52740118.0
2010-01-28,-0.32,-0.29,-1.27,-0.84,92066609.0
2010-01-29,-0.26,-0.24,-2.5,-2.08,176856933.0
2010-02-01,-1.77,-1.68,-2.24,-1.8,79308785.0
2010-02-02,-1.79,-1.66,-2.02,-1.7,54152883.0
2010-02-03,-1.9,-1.37,-2.04,-1.53,61388852.0
2010-02-04,-1.78,-1.66,-2.35,-2.32,77831788.0
2010-02-05,-2.16,-1.88,-2.59,-2.14,80803801.0
2010-02-08,-2.15,-2.08,-2.59,-2.44,52823071.0
2010-02-09,-2.19,-1.82,-2.41,-2.15,59118142.0
2010-02-10,-2.13,-1.92,-2.32,-2.17,47949344.0
2010-02-11,-2.23,-1.76,-2.46,-2.04,65953632.0
2010-02-12,-2.35,-2.1,-2.58,-2.23,77506990.0
2010-02-16,-1.9,-1.66,-2.01,-1.68,51695696.0
2010-02-17,-1.5,-1.38,-1.67,-1.44,45567360.0
2010-02-18,-1.44,-1.0,-1.52,-1.06,42763392.0
2010-02-19,-1.24,-1.11,-1.34,-1.26,44439749.0
2010-02-22,-1.19,-1.09,-1.38,-1.3,36702400.0
2010-02-23,-1.35,-1.2,-1.94,-1.7,52238955.0
2010-02-24,-1.51,-1.24,-1.65,-1.4,42965575.0
2010-02-25,-1.76,-1.38,-2.01,-1.43,48691659.0
2010-02-26,-1.38,-1.18,-1.52,-1.36,40217776.0
2010-03-01,-1.26,-0.98,-1.5,-1.01,43763853.0
2010-03-02,-0.95,-0.73,-1.79,-1.57,93116638.0
2010-03-03,-1.52,-1.42,-1.68,-1.57,48121936.0
2010-03-04,-1.57,-1.38,-1.76,-1.4,42887357.0
2010-03-05,-1.37,-1.35,-1.61,-1.44,55824959.0
2010-03-08,-1.51,-1.1,-1.53,-1.4,39387485.0
2010-03-09,-1.47,-0.92,-1.48,-1.23,49557783.0
2010-03-10,-1.17,-0.92,-1.23,-1.06,44888957.0
2010-03-11,-1.14,-0.84,-1.18,-0.85,35346113.0
2010-03-12,-0.71,-0.65,-0.99,-0.76,31696416.0
2010-03-15,-0.85,-0.66,-1.02,-0.74,37496449.0
2010-03-16,-0.61,-0.54,-0.83,-0.66,36720759.0
2010-03-17,-0.53,-0.16,-0.63,-0.4,50375230.0
2010-03-18,-0.4,-0.31,-0.53,-0.42,43822221.0
2010-03-19,-0.27,-0.13,-0.68,-0.44,81329954.0
2010-03-22,-0.53,-0.33,-0.64,-0.43,37698712.0
2010-03-23,-0.44,-0.13,-0.62,-0.15,41943657.0
2010-03-24,-0.31,-0.18,-0.43,-0.38,33985036.0
2010-03-25,-0.2,0.54,-0.23,-0.02,73167652.0
2010-03-26,0.06,0.17,-0.44,-0.37,55594555.0
2010-03-29,-0.32,-0.21,-0.48,-0.44,33329510.0
2010-03-30,-0.4,-0.17,-0.53,-0.26,34954383.0
2010-03-31,-0.39,-0.31,-0.86,-0.74,63758428.0
2010-04-01,-0.68,-0.49,-1.41,-0.87,74756710.0
2010-04-05,-0.9,-0.6,-1.0,-0.76,34326698.0
2010-04-06,-0.88,-0.45,-1.05,-0.71,47147115.0
2010-04-07,-0.87,-0.47,-0.89,-0.68,58317045.0
2010-04-08,-0.71,-0.05,-0.73,-0.11,63451324.0
2010-04-09,-0.08,0.38,-0.14,0.31,54745927.0
2010-04-12,0.22,0.46,0.17,0.29,37067833.0
2010-04-13,0.12,0.47,0.1,0.42,41355147.0
2010-04-14,0.76,0.97,0.63,0.79,68908640.0
2010-04-15,0.79,0.92,0.68,0.84,52747945.0
2010-04-16,0.76,0.95,0.57,0.64,88707502.0
2010-04-19,0.74,1.22,0.73,1.01,64969748.0
2010-04-20,1.19,1.41,1.1,1.33,52205393.0
2010-04-21,1.3,1.47,1.2,1.3,55340636.0
2010-04-22,1.01,1.5,0.87,1.36,84779895.0
2010-04-23,1.09,1.55,0.62,0.93,126763237.0
2010-04-26,0.97,1.24,0.83,1.08,63652091.0
2010-04-27,0.92,1.22,0.72,0.81,68731715.0
2010-04-28,0.89,0.97,0.59,0.88,64556401.0
2010-04-29,0.9,1.4,0.64,0.97,52671781.0
2010-04-30,1.04,1.05,0.49,0.51,63220209.0
2010-05-03,0.64,1.03,0.55,0.83,43989918.0
2010-05-04,0.49,0.52,-0.28,0.1,82075429.0
2010-05-05,-0.26,0.06,-0.34,-0.18,66828640.0
2010-05-06,-0.44,-0.15,-2.12,-1.05,128607639.0
2010-05-07,-1.1,-1.08,-2.71,-1.82,173718024.0
2010-05-10,-1.02,-0.55,-1.32,-1.09,86655768.0
2010-05-11,-1.35,-0.38,-1.46,-1.15,63795834.0
2010-05-12,-1.05,-0.45,-1.11,-0.59,47148762.0
2010-05-13,-0.77,-0.3,-0.85,-0.79,45289698.0
2010-05-14,-0.83,-0.82,-1.39,-1.1,63333959.0
2010-05-17,-0.91,-0.8,-1.58,-1.09,46054296.0
2010-05-18,-1.03,-0.9,-1.5,-1.3,52770905.0
2010-05-19,-1.38,-1.21,-2.11,-1.66,61752728.0
2010-05-20,-2.25,-2.06,-2.86,-2.79,87982798.0
2010-05-21,-3.27,-2.79,-3.46,-3.06,117600229.0
2010-05-24,-3.05,-3.04,-3.64,-3.63,73708738.0
2010-05-25,-4.25,-3.57,-4.52,-3.83,98323659.0
2010-05-26,-3.67,-3.29,-5.34,-4.89,176621207.0
2010-05-27,-4.17,-3.54,-4.17,-3.9,136420562.0
2010-05-28,-4.06,-3.78,-4.24,-4.1,67502221.0
2010-06-01,-4.37,-3.59,-4.38,-4.01,76155453.0
2010-06-02,-3.84,-3.42,-4.17,-3.44,65325272.0
2010-06-03,-3.35,-2.97,-3.49,-3.04,67838672.0
2010-06-04,-3.8,-3.33,-4.28,-4.11,89833275.0
2010-06-07,-4.08,-4.07,-4.66,-4.61,80453954.0
2010-06-08,-4.65,-4.64,-5.25,-4.79,87258140.0
2010-06-09,-4.68,-4.38,-5.15,-5.11,87807282.0
2010-06-10,-4.77,-4.75,-5.12,-4.9,78942331.0
2010-06-11,-4.86,-4.18,-5.13,-4.24,68057774.0
2010-06-14,-4.04,-3.94,-4.43,-4.4,50971863.0
2010-06-15,-4.15,-3.25,-4.16,-3.32,81643173.0
2010-06-16,-3.43,-3.32,-3.67,-3.58,48698364.0
2010-06-17,-3.34,-3.23,-3.86,-3.53,47997592.0
2010-06-18,-3.53,-3.37,-3.73,-3.46,52079257.0
2010-06-21,-3.12,-3.01,-4.01,-3.95,54623399.0
2010-06-22,-3.74,-3.45,-4.14,-4.13,55986286.0
2010-06-23,-4.12,-4.12,-4.68,-4.59,61467782.0
2010-06-24,-4.44,-4.18,-4.97,-4.9,85248896.0
2010-06-25,-4.85,-4.79,-5.59,-5.37,156256672.0
2010-06-28,-5.39,-5.29,-5.78,-5.59,73787479.0
2010-06-29,-5.77,-5.7,-6.79,-6.59,119767991.0
2010-06-30,-6.6,-6.22,-6.95,-6.89,81043505.0
2010-07-01,-6.81,-6.58,-7.17,-6.74,92232549.0
2010-07-02,-6.54,-6.42,-6.85,-6.63,62489452.0
2010-07-06,-6.2,-5.81,-6.32,-6.08,73593354.0
2010-07-07,-6.08,-5.58,-6.29,-5.6,81960753.0
2010-07-08,-5.3,-5.28,-5.93,-5.49,50766872.0
2010-07-09,-5.57,-5.49,-5.75,-5.63,53811348.0
2010-07-12,-5.47,-5.01,-5.48,-5.07,49855101.0
2010-07-13,-4.76,-4.6,-5.0,-4.77,61923119.0
2010-07-14,-4.4,-4.29,-4.78,-4.46,72806422.0
2010-07-15,-4.4,-4.31,-4.92,-4.39,56934631.0
2010-07-16,-4.39,-4.26,-5.02,-5.01,65064760.0
2010-07-19,-4.94,-4.6,-4.99,-4.67,38178708.0
2010-07-20,-5.04,-4.42,-5.2,-4.42,45529862.0
2010-07-21,-4.3,-4.25,-4.92,-4.78,73294033.0
2010-07-22,-4.39,-3.91,-4.43,-4.06,73000951.0
2010-07-23,-4.06,-3.88,-4.65,-4.09,108520012.0
2010-07-26,-4.04,-3.7,-4.1,-3.8,67249364.0
2010-07-27,-3.76,-3.66,-3.94,-3.74,60682184.0
2010-07-28,-3.83,-3.71,-4.07,-3.95,69700881.0
2010-07-29,-3.77,-3.49,-4.3,-3.87,69444988.0
2010-07-30,-4.15,-4.06,-4.55,-4.09,83534777.0
2010-08-02,-3.91,-3.52,-4.15,-3.57,54931706.0
2010-08-03,-3.7,-3.55,-3.93,-3.74,56715063.0
2010-08-04,-3.75,-3.66,-4.46,-4.17,78518619.0
2010-08-05,-4.41,-4.32,-4.69,-4.53,64918237.0
2010-08-06,-4.72,-4.34,-4.88,-4.35,55985489.0
2010-08-09,-4.35,-4.17,-4.53,-4.29,57101862.0
2010-08-10,-4.57,-4.56,-5.02,-4.83,87257283.0
2010-08-11,-5.22,-5.0,-5.34,-5.04,76698033.0
2010-08-12,-5.48,-5.22,-5.54,-5.41,70235047.0
2010-08-13,-5.55,-5.23,-5.66,-5.5,45263430.0
2010-08-16,-5.54,-5.29,-5.6,-5.4,40958292.0
2010-08-17,-5.06,-4.81,-5.17,-5.06,52932023.0
2010-08-18,-5.09,-4.82,-5.36,-4.95,45992492.0
2010-08-19,-5.15,-5.03,-5.56,-5.33,54066985.0
2010-08-20,-5.46,-5.37,-5.57,-5.54,49565732.0
2010-08-23,-5.33,-5.13,-5.53,-5.49,51694282.0
2010-08-24,-5.68,-5.42,-5.77,-5.73,66532358.0
2010-08-25,-5.77,-5.55,-5.9,-5.67,47393527.0
2010-08-26,-5.68,-5.58,-5.98,-5.95,49105276.0
2010-08-27,-5.89,-5.75,-6.26,-5.84,60944493.0
2010-08-30,-6.03,-5.95,-6.17,-6.13,45452035.0
2010-08-31,-6.17,-6.04,-6.45,-6.31,66072056.0
2010-09-01,-6.1,-5.82,-6.23,-5.87,65234144.0
2010-09-02,-5.89,-5.82,-6.06,-5.83,48784406.0
2010-09-03,-5.53,-5.32,-5.57,-5.48,64189016.0
2010-09-07,-5.67,-5.47,-5.85,-5.81,51883892.0
2010-09-08,-5.7,-5.57,-6.03,-5.84,65512029.0
2010-09-09,-5.58,-5.56,-5.78,-5.76,46023331.0
2010-09-10,-5.79,-5.74,-5.98,-5.92,58293790.0
2010-09-13,-5.57,-4.48,-5.68,-4.66,114589298.0
2010-09-14,-4.73,-4.42,-4.88,-4.74,87133453.0
2010-09-15,-4.67,-4.55,-4.85,-4.66,56202876.0
2010-09-16,-4.71,-4.4,-4.72,-4.44,44438597.0
2010-09-17,-4.37,-4.24,-4.69,-4.55,70341518.0
2010-09-20,-4.49,-4.25,-4.66,-4.34,49831642.0
2010-09-21,-4.35,-4.35,-4.69,-4.62,52882787.0
2010-09-22,-4.88,-4.8,-5.41,-5.16,94232937.0
2010-09-23,-5.26,-5.18,-5.41,-5.34,46204198.0
2010-09-24,-5.13,-4.97,-5.19,-5.0,51948788.0
2010-09-27,-4.92,-4.78,-5.18,-5.04,43729859.0
2010-09-28,-4.97,-4.87,-5.42,-5.09,56012780.0
2010-09-29,-5.14,-5.11,-5.37,-5.27,44318896.0
2010-09-30,-5.16,-4.94,-5.41,-5.28,61219154.0
2010-10-01,-5.0,-4.95,-5.47,-5.39,62672276.0
2010-10-04,-5.81,-5.78,-5.99,-5.86,98084993.0
2010-10-05,-5.71,-5.32,-5.86,-5.42,78031852.0
2010-10-06,-5.45,-5.23,-5.64,-5.34,50410035.0
2010-10-07,-5.15,-5.02,-5.49,-5.24,50094834.0
2010-10-08,-5.15,-5.12,-5.4,-5.2,41328991.0
2010-10-11,-5.03,-5.03,-5.27,-5.18,27551474.0
2010-10-12,-5.12,-4.84,-5.34,-4.94,50130729.0
2010-10-13,-4.75,-4.23,-4.88,-4.43,75116495.0
2010-10-14,-4.48,-4.43,-4.77,-4.54,51932488.0
2010-10-15,-4.41,-4.22,-4.54,-4.23,68954747.0
2010-10-18,-4.18,-3.82,-4.32,-3.95,48317442.0
2010-10-19,-4.5,-4.4,-4.82,-4.67,66086409.0
2010-10-20,-4.51,-4.37,-4.67,-4.46,56185082.0
2010-10-21,-4.37,-4.23,-4.72,-4.35,49983164.0
2010-10-22,-4.25,-4.23,-4.5,-4.39,25844141.0
2010-10-25,-4.53,-4.42,-4.6,-4.58,50873204.0
2010-10-26,-4.65,-3.8,-4.71,-3.87,69255597.0
2010-10-27,-3.98,-3.66,-4.15,-3.72,64701810.0
2010-10-28,-3.56,-3.39,-3.85,-3.49,80205124.0
2010-10-29,-2.62,-2.57,-3.29,-3.11,114193191.0
2010-11-01,-2.89,-2.55,-3.07,-2.82,61909213.0
2010-11-02,-2.71,-2.35,-2.75,-2.38,54354554.0
2010-11-03,-2.31,-2.28,-2.81,-2.74,110192347.0
2010-11-04,-2.36,-2.34,-2.76,-2.63,93547305.0
2010-11-05,-2.6,-2.58,-3.24,-2.92,110953685.0
2010-11-08,-3.09,-0.9,-3.19,-2.96,71585836.0
2010-11-09,-2.96,-2.66,-3.06,-2.82,58561319.0
2010-11-10,-2.76,-2.69,-2.96,-2.83,52044530.0
2010-11-11,-3.09,-3.05,-3.49,-3.09,62039589.0
2010-11-12,-3.3,-3.25,-3.67,-3.5,64962139.0
2010-11-15,-3.44,-3.27,-3.6,-3.57,51671894.0
2010-11-16,-3.57,-3.57,-3.96,-3.8,65152808.0
2010-11-17,-3.71,-3.7,-4.06,-4.04,58017119.0
2010-11-18,-3.9,-3.53,-4.0,-3.77,59413443.0
2010-11-19,-3.81,-3.78,-4.01,-3.92,52423174.0
2010-11-22,-3.96,-3.87,-4.17,-3.88,53090128.0
2010-11-23,-4.04,-4.01,-4.52,-4.49,69717778.0
2010-11-24,-4.41,-4.15,-4.45,-4.24,56843693.0
2010-11-26,-4.4,-4.2,-4.44,-4.36,21356527.0
2010-11-29,-4.42,-4.19,-4.68,-4.3,56544445.0
2010-11-30,-4.56,-4.14,-4.61,-4.35,75140851.0
2010-12-01,-4.04,-3.36,-4.05,-3.57,74123490.0
2010-12-02,-3.37,-2.63,-3.41,-2.72,91708309.0
2010-12-03,-2.8,-2.55,-2.83,-2.59,52621910.0
2010-12-06,-2.68,-2.63,-2.85,-2.77,36230347.0
2010-12-07,-2.78,-2.52,-2.81,-2.6,12338173.0
2010-12-08,-2.78,-2.37,-2.81,-2.38,41578140.0
2010-12-09,-2.33,-2.27,-2.6,-2.53,46938980.0
2010-12-10,-2.42,-2.21,-2.5,-2.27,37629009.0
2010-12-13,-2.34,-2.16,-2.44,-2.36,47922463.0
2010-12-14,-2.3,-1.86,-2.35,-1.99,63200508.0
2010-12-15,-2.08,-1.62,-2.08,-1.76,69518651.0
2010-12-16,-1.85,-1.62,-1.95,-1.62,55642693.0
2010-12-17,-1.69,-1.52,-1.86,-1.71,87456444.0
2010-12-20,-1.66,-1.62,-1.93,-1.8,52661269.0
2010-12-21,-1.76,-1.47,-1.85,-1.54,37961621.0
2010-12-22,-1.6,-1.21,-1.63,-1.42,40839453.0
2010-12-23,-1.64,-1.29,-1.65,-1.31,24913722.0
2010-12-27,-1.49,-1.41,-1.73,-1.54,21613710.0
2010-12-28,-1.64,-1.44,-1.65,-1.6,23037956.0
2010-12-29,-1.67,-1.49,-1.73,-1.64,19480134.0
2010-12-30,-1.69,-1.61,-1.84,-1.76,20754362.0
2010-12-31,-1.81,-1.69,-1.98,-1.7,24791329.0
2011-01-03,-1.56,-1.43,-1.69,-1.63,53382920.0
2011-01-04,-1.67,-1.44,-1.76,-1.52,54391790.0
2011-01-05,-1.71,-1.6,-1.84,-1.61,58975085.0
2011-01-06,-1.57,-0.76,-1.75,-0.79,87961728.0
2011-01-07,-0.97,-0.87,-1.36,-1.01,73761979.0
2011-01-10,-1.35,-1.21,-1.57,-1.39,57538106.0
2011-01-11,-1.41,-1.36,-1.56,-1.5,50277126.0
2011-01-12,-1.49,-1.02,-1.54,-1.06,52562041.0
2011-01-13,-1.28,-1.22,-1.6,-1.42,66704129.0
2011-01-14,-1.53,-1.23,-1.7,-1.31,62691185.0
2011-01-18,-1.45,-0.87,-1.47,-0.95,53175179.0
2011-01-19,-1.15,-0.93,-1.34,-1.14,49981519.0
2011-01-20,-1.11,-1.06,-1.48,-1.26,58598143.0
2011-01-21,-1.21,-1.18,-1.59,-1.59,58080269.0
2011-01-24,-1.59,-1.05,-1.62,-1.23,51781763.0
2011-01-25,-1.47,-1.16,-1.49,-1.16,42390727.0
2011-01-26,-1.1,-0.62,-1.11,-0.83,72614692.0
2011-01-27,-0.86,-0.15,-1.12,-0.74,141792194.0
2011-01-28,-0.72,-0.68,-2.16,-1.86,136009130.0
2011-01-31,-1.84,-1.71,-2.19,-1.89,64299114.0
2011-02-01,-1.81,-1.55,-2.0,-1.62,62209051.0
2011-02-02,-1.68,-1.5,-1.73,-1.67,45501722.0
2011-02-03,-1.65,-1.64,-2.07,-1.96,60140632.0
2011-02-04,-1.91,-1.77,-2.1,-1.84,40168082.0
2011-02-07,-1.81,-1.27,-1.82,-1.42,67149190.0
2011-02-08,-1.51,-1.27,-1.56,-1.33,34291463.0
2011-02-09,-1.42,-1.35,-1.7,-1.64,52351918.0
2011-02-10,-1.68,-1.67,-2.32,-2.11,76144808.0
2011-02-11,-1.85,-1.8,-2.54,-2.36,83679743.0
2011-02-14,-2.41,-2.34,-2.66,-2.38,56268248.0
2011-02-15,-2.41,-2.12,-2.5,-2.49,42960322.0
2011-02-16,-2.4,-2.38,-2.85,-2.43,70156043.0
2011-02-17,-2.48,-2.08,-2.54,-2.24,56871122.0
2011-02-18,-2.32,-2.24,-2.46,-2.39,68672855.0
2011-02-22,-2.67,-2.35,-2.93,-2.86,60039607.0
2011-02-23,-2.92,-2.59,-3.02,-2.86,52632734.0
2011-02-24,-2.81,-2.39,-2.95,-2.68,62270486.0
2011-02-25,-2.54,-2.5,-2.95,-2.9,52302713.0
2011-02-28,-2.76,-2.59,-2.94,-2.87,49240766.0
2011-03-01,-2.85,-2.67,-3.3,-3.29,58176218.0
2011-03-02,-3.34,-3.08,-3.41,-3.38,48316966.0
2011-03-03,-3.19,-3.05,-3.27,-3.25,67897555.0
2011-03-04,-3.23,-3.21,-3.65,-3.5,69971116.0
2011-03-07,-3.32,-3.18,-3.9,-3.73,64853472.0
2011-03-08,-3.68,-3.43,-3.8,-3.54,49821402.0
2011-03-09,-3.64,-3.47,-3.79,-3.56,39260625.0
2011-03-10,-3.83,-3.74,-4.1,-4.04,65836305.0
2011-03-11,-4.04,-3.6,-4.09,-3.77,49704205.0
2011-03-14,-3.96,-3.69,-4.1,-3.76,54004858.0
2011-03-15,-4.37,-3.98,-4.45,-4.06,74710970.0
2011-03-16,-4.23,-4.17,-4.77,-4.66,99063840.0
2011-03-17,-4.39,-4.23,-4.7,-4.67,61260263.0
2011-03-18,-4.39,-4.27,-4.65,-4.65,75438994.0
2011-03-21,-4.27,-3.87,-4.3,-4.12,46505416.0
2011-03-22,-4.15,-3.99,-4.22,-4.16,28355608.0
2011-03-23,-4.22,-3.84,-4.27,-3.91,43807802.0
2011-03-24,-3.85,-3.58,-3.95,-3.64,38264576.0
2011-03-25,-3.52,-3.5,-3.86,-3.83,56634417.0
2011-03-28,-3.79,-3.73,-4.07,-4.04,48063836.0
2011-03-29,-4.11,-3.93,-4.15,-3.96,40105413.0
2011-03-30,-3.85,-3.73,-3.95,-3.84,35882753.0
2011-03-31,-3.85,-3.77,-4.11,-4.06,62391265.0
2011-04-01,-3.92,-3.92,-4.14,-3.97,62522995.0
2011-04-04,-4.0,-3.79,-4.04,-3.9,35290652.0
2011-04-05,-3.63,-3.27,-3.71,-3.67,73148205.0
2011-04-06,-3.47,-3.14,-3.59,-3.3,64818887.0
2011-04-07,-3.27,-3.19,-3.48,-3.25,45847805.0
2011-04-08,-3.28,-3.17,-3.49,-3.38,39734243.0
2011-04-11,-3.26,-3.2,-3.65,-3.47,33842165.0
2011-04-12,-3.62,-3.6,-3.9,-3.81,36640652.0
2011-04-13,-3.8,-3.58,-3.89,-3.82,32860812.0
2011-04-14,-4.03,-4.01,-4.36,-4.03,54897583.0
2011-04-15,-3.99,-3.89,-4.27,-4.08,64449725.0
2011-04-18,-4.35,-4.17,-4.73,-4.37,57074925.0
2011-04-19,-4.45,-4.29,-4.58,-4.3,38348298.0
2011-04-20,-3.91,-3.45,-3.94,-3.69,61007160.0
2011-04-21,-3.66,-3.56,-4.09,-3.93,46244093.0
2011-04-25,-3.89,-3.83,-4.11,-3.84,33308301.0
2011-04-26,-3.71,-3.01,-3.78,-3.26,68768882.0
2011-04-27,-3.15,-3.06,-3.32,-3.07,52238962.0
2011-04-28,-2.99,-2.58,-3.05,-2.74,72660833.0
2011-04-29,-2.9,-2.81,-4.09,-3.53,261038459.0
2011-05-02,-3.51,-3.45,-3.97,-3.79,83613368.0
2011-05-03,-3.85,-3.6,-3.96,-3.64,71361934.0
2011-05-04,-3.6,-3.2,-3.66,-3.39,71164778.0
2011-05-05,-3.4,-3.37,-3.77,-3.66,54794209.0
2011-05-06,-3.38,-3.23,-3.7,-3.58,55769793.0
2011-05-09,-3.65,-3.49,-3.78,-3.62,38003627.0
2011-05-10,-4.07,-3.6,-4.2,-3.78,119952928.0
2011-05-11,-3.8,-3.79,-4.24,-4.09,78124733.0
2011-05-12,-4.1,-4.06,-4.35,-4.13,74749123.0
2011-05-13,-4.17,-4.13,-4.5,-4.42,66369697.0
2011-05-16,-4.49,-4.38,-4.95,-4.88,89110414.0
2011-05-17,-4.9,-4.59,-5.02,-4.77,70636738.0
2011-05-18,-4.76,-4.55,-5.04,-4.6,53669430.0
2011-05-19,-4.44,-4.41,-4.79,-4.58,37535898.0
2011-05-20,-4.57,-4.42,-4.85,-4.8,45169530.0
2011-05-23,-5.08,-5.04,-5.26,-5.12,52136257.0
2011-05-24,-5.09,-5.0,-5.25,-5.14,46734443.0
2011-05-25,-5.12,-4.98,-5.13,-5.1,34130257.0
2011-05-26,-4.94,-4.26,-4.97,-4.62,77101087.0
2011-05-27,-4.61,-4.39,-4.64,-4.53,49743625.0
2011-05-31,-4.33,-4.23,-4.59,-4.28,55067128.0
2011-06-01,-4.3,-4.19,-4.92,-4.86,73033360.0
2011-06-02,-5.1,-4.67,-5.1,-5.1,72426855.0
2011-06-03,-5.24,-5.15,-5.45,-5.39,59853224.0
2011-06-06,-5.4,-5.04,-5.52,-5.28,53972600.0
2011-06-07,-5.2,-5.12,-5.39,-5.23,40405630.0
2011-06-08,-5.39,-5.27,-5.43,-5.35,41962004.0
2011-06-09,-5.28,-5.25,-5.47,-5.33,42519821.0
2011-06-10,-5.27,-5.27,-5.6,-5.59,47822778.0
2011-06-13,-5.5,-5.1,-5.59,-5.25,47198337.0
2011-06-14,-4.99,-4.84,-5.1,-5.07,40995616.0
2011-06-15,-5.29,-5.28,-5.62,-5.55,48617837.0
2011-06-16,-5.54,-5.19,-5.64,-5.3,56850508.0
2011-06-17,-5.07,-4.99,-5.31,-5.03,79438427.0
2011-06-20,-5.12,-4.63,-5.13,-4.82,53360404.0
2011-06-21,-4.77,-4.43,-4.89,-4.53,48985614.0
2011-06-22,-4.69,-4.48,-4.7,-4.64,43562948.0
2011-06-23,-4.85,-4.64,-5.09,-4.66,58606926.0
2011-06-24,-4.78,-4.75,-5.1,-4.99,63175285.0
2011-06-27,-5.06,-3.83,-5.06,-4.09,84087189.0
2011-06-28,-3.99,-3.37,-4.13,-3.49,71671276.0
2011-06-29,-3.58,-3.58,-3.93,-3.67,65779950.0
2011-06-30,-3.55,-3.29,-3.63,-3.29,51583348.0
2011-07-01,-3.36,-3.12,-3.45,-3.27,49589951.0
2011-07-05,-3.19,-3.14,-3.39,-3.26,36943864.0
2011-07-06,-3.32,-2.92,-3.33,-2.96,47788025.0
2011-07-07,-2.8,-2.41,-2.93,-2.52,51337402.0
2011-07-08,-2.75,-2.31,-2.78,-2.37,57946136.0
2011-07-11,-2.67,-2.49,-2.8,-2.66,42901511.0
2011-07-12,-2.74,-2.5,-2.95,-2.75,46400567.0
2011-07-13,-2.69,-2.33,-2.78,-2.66,40170401.0
2011-07-14,-2.67,-2.28,-2.93,-2.82,45695737.0
2011-07-15,-2.82,-2.36,-2.82,-2.51,48633445.0
2011-07-18,-2.66,-2.39,-3.03,-2.7,43933339.0
2011-07-19,-2.48,-1.65,-2.51,-1.75,85110645.0
2011-07-20,-2.01,-1.94,-2.31,-2.23,49341276.0
2011-07-21,-2.25,-1.98,-2.64,-2.2,75722232.0
2011-07-22,-2.43,-1.74,-2.61,-1.76,76140630.0
2011-07-25,-2.03,-1.2,-2.1,-1.38,107492556.0
2011-07-26,-1.47,-1.15,-1.51,-1.21,74147056.0
2011-07-27,-1.41,-1.31,-2.09,-1.96,70576249.0
2011-07-28,-2.0,-1.22,-2.08,-1.57,82879069.0
2011-07-29,-1.77,-1.58,-2.03,-1.89,103158595.0
2011-08-01,-1.78,-1.61,-2.54,-2.02,61067668.0
2011-08-02,-2.31,-1.84,-2.53,-2.49,63267473.0
2011-08-03,-2.46,-2.29,-2.81,-2.37,63814085.0
2011-08-04,-2.76,-2.42,-3.36,-3.35,91569207.0
2011-08-05,-3.32,-3.19,-4.06,-3.61,110856439.0
2011-08-08,-4.27,-3.69,-4.9,-4.81,132414321.0
2011-08-09,-4.58,-3.67,-5.26,-3.71,123057708.0
2011-08-10,-4.34,-4.2,-5.19,-5.09,125864481.0
2011-08-11,-4.79,-3.91,-4.89,-4.1,86949334.0
2011-08-12,-4.16,-3.96,-4.64,-4.19,64523002.0
2011-08-15,-4.05,-3.71,-4.14,-3.78,55285313.0
2011-08-16,-3.92,-3.54,-4.08,-3.78,52862014.0
2011-08-17,-3.88,-3.43,-4.2,-3.89,49883792.0
2011-08-18,-4.56,-4.04,-5.1,-4.46,104010802.0
2011-08-19,-4.72,-4.51,-5.22,-5.08,76559891.0
2011-08-22,-4.71,-4.64,-5.34,-5.15,54078427.0
2011-08-23,-5.1,-4.38,-5.1,-4.41,58003605.0
2011-08-24,-4.48,-4.2,-4.71,-4.23,44801069.0
2011-08-25,-4.05,-3.97,-4.63,-4.56,47313717.0
2011-08-26,-4.62,-3.79,-4.71,-3.88,69564503.0
2011-08-29,-3.6,-3.27,-3.76,-3.29,38093676.0
2011-08-30,-3.4,-2.7,-3.43,-2.9,56507777.0
2011-08-31,-2.84,-2.42,-2.87,-2.53,57081357.0
2011-09-01,-2.67,-2.27,-2.92,-2.92,57808687.0
2011-09-02,-3.35,-3.13,-3.47,-3.33,43321245.0
2011-09-06,-3.93,-3.54,-4.02,-3.62,54117086.0
2011-09-07,-3.44,-3.13,-3.56,-3.13,40539321.0
2011-09-08,-3.13,-2.47,-3.18,-2.91,65278182.0
2011-09-09,-3.13,-2.95,-3.63,-3.39,63906550.0
2011-09-12,-3.69,-3.2,-3.86,-3.24,54403078.0
2011-09-13,-3.21,-2.95,-3.32,-3.09,47791769.0
2011-09-14,-2.96,-2.33,-3.24,-2.63,66033994.0
2011-09-15,-2.4,-2.1,-2.82,-2.14,67367555.0
2011-09-16,-2.08,-1.86,-2.3,-2.01,83113251.0
2011-09-19,-2.33,-1.82,-2.53,-1.92,51900144.0
2011-09-20,-1.82,-1.63,-2.2,-2.15,47743223.0
2011-09-21,-2.08,-2.07,-3.16,-3.14,71798931.0
2011-09-22,-3.83,-3.48,-4.53,-4.07,95005242.0
2011-09-23,-4.23,-3.98,-4.44,-4.07,62934308.0
2011-09-26,-3.94,-3.61,-4.4,-3.69,50143137.0
2011-09-27,-3.47,-3.21,-3.68,-3.46,55025924.0
2011-09-28,-3.2,-2.76,-3.62,-3.56,60038313.0
2011-09-29,-3.15,-2.96,-4.04,-3.68,62954317.0
2011-09-30,-3.93,-3.63,-4.25,-4.24,51958417.0
2011-10-03,-4.41,-3.8,-4.61,-4.6,62973137.0
2011-10-04,-4.83,-3.74,-4.87,-3.79,81626397.0
2011-10-05,-3.71,-2.97,-3.97,-3.24,92921095.0
2011-10-06,-3.23,-2.73,-3.43,-2.79,54202741.0
2011-10-07,-2.79,-2.62,-2.93,-2.88,52261274.0
2011-10-10,-2.55,-2.16,-2.66,-2.19,40809895.0
2011-10-11,-2.27,-2.06,-2.41,-2.13,38673618.0
2011-10-12,-1.95,-1.82,-2.23,-2.17,51354445.0
2011-10-13,-2.37,-1.93,-2.51,-1.95,43525985.0
2011-10-14,-1.82,-1.63,-2.11,-1.86,49057861.0
2011-10-17,-2.02,-1.71,-2.28,-2.15,38812163.0
2011-10-18,-2.19,-1.73,-2.33,-1.82,51395572.0
2011-10-19,-1.76,-1.66,-2.12,-2.0,42303434.0
2011-10-20,-1.87,-1.79,-2.73,-2.09,74095079.0
2011-10-21,-1.98,-1.94,-2.33,-1.97,75255173.0
2011-10-24,-2.07,-1.73,-2.09,-1.94,56640970.0
2011-10-25,-2.05,-1.9,-2.41,-2.32,52793967.0
2011-10-26,-2.1,-2.07,-3.03,-2.54,61522950.0
2011-10-27,-2.0,-1.73,-2.48,-1.88,72680483.0
2011-10-28,-1.99,-1.94,-2.34,-2.15,56660755.0
2011-10-31,-2.38,-2.13,-2.51,-2.5,45509582.0
2011-11-01,-2.94,-2.81,-3.27,-3.14,60506674.0
2011-11-02,-3.03,-2.93,-3.43,-3.12,51928891.0
2011-11-03,-2.89,-2.55,-3.15,-2.6,63288156.0
2011-11-04,-2.75,-2.73,-3.13,-2.88,35730170.0
2011-11-07,-2.92,-2.31,-3.0,-2.33,41578752.0
2011-11-08,-2.12,-1.93,-2.45,-1.97,47249018.0
2011-11-09,-2.54,-2.38,-3.07,-2.93,61660101.0
2011-11-10,-2.66,-2.63,-3.01,-2.85,32252554.0
2011-11-11,-2.55,-2.06,-2.56,-2.22,37228615.0
2011-11-14,-2.25,-2.13,-2.48,-2.37,31534343.0
2011-11-15,-2.37,-1.99,-2.53,-2.19,43517335.0
2011-11-16,-2.46,-2.42,-2.89,-2.86,52451849.0
2011-11-17,-2.92,-2.89,-3.49,-3.39,70117511.0
2011-11-18,-3.45,-3.43,-3.78,-3.63,47274094.0
2011-11-21,-3.69,-3.68,-4.03,-3.93,61318024.0
2011-11-22,-4.04,-3.97,-4.28,-4.14,49022979.0
2011-11-23,-4.32,-4.14,-4.46,-4.46,48446850.0
2011-11-25,-4.55,-4.26,-4.63,-4.63,26164110.0
2011-11-28,-3.99,-3.96,-4.24,-4.06,44989090.0
2011-11-29,-4.11,-3.89,-4.18,-4.09,40852159.0
2011-11-30,-3.56,-3.35,-3.79,-3.35,77781057.0
2011-12-01,-3.37,-3.3,-3.73,-3.65,48085555.0
2011-12-02,-3.34,-3.31,-3.77,-3.71,51320401.0
2011-12-05,-3.15,-3.13,-3.43,-3.23,56375221.0
2011-12-06,-3.12,-3.06,-3.32,-3.27,46019130.0
2011-12-07,-3.26,-3.17,-3.6,-3.33,62553582.0
2011-12-08,-3.45,-3.21,-3.56,-3.53,60234137.0
2011-12-09,-3.41,-3.06,-3.43,-3.23,53309939.0
2011-12-12,-3.52,-3.36,-3.64,-3.42,38187957.0
2011-12-13,-3.18,-2.83,-3.28,-3.17,53810432.0
2011-12-14,-3.21,-3.07,-3.36,-3.34,47085836.0
2011-12-15,-3.21,-3.05,-3.39,-3.37,45879351.0
2011-12-16,-3.26,-2.76,-3.3,-2.93,84623562.0
2011-12-19,-2.91,-2.81,-3.47,-3.4,51350578.0
2011-12-20,-3.07,-2.83,-3.12,-2.91,59729420.0
2011-12-21,-2.92,-2.74,-3.49,-3.17,63694290.0
2011-12-22,-3.11,-3.07,-3.46,-3.12,35270084.0
2011-12-23,-3.02,-2.89,-3.2,-2.9,22664606.0
2011-12-27,-2.97,-2.79,-3.0,-2.89,21158819.0
2011-12-28,-2.82,-2.78,-3.17,-3.11,29207806.0
2011-12-29,-2.98,-2.88,-3.07,-2.91,22327304.0
2011-12-30,-2.93,-2.81,-3.02,-2.97,26579641.0
2012-01-03,-2.38,-1.97,-2.54,-2.17,63950269.0
2012-01-04,-2.11,-1.46,-2.15,-1.53,79686932.0
2012-01-05,-1.55,-1.21,-1.64,-1.25,55427954.0
2012-01-06,-1.4,-0.74,-1.41,-0.83,98853378.0
2012-01-09,-0.88,-0.83,-1.21,-1.19,59276602.0
2012-01-10,-1.0,-0.78,-1.18,-1.09,58669995.0
2012-01-11,-1.5,-0.95,-1.56,-1.21,65428530.0
2012-01-12,-1.06,-0.91,-1.29,-0.93,49077741.0
2012-01-13,-1.0,-0.68,-1.14,-0.68,59670665.0
2012-01-17,-0.53,-0.28,-0.76,-0.68,71821361.0
2012-01-18,-0.62,-0.53,-0.96,-0.7,64237581.0
2012-01-19,-0.77,-0.5,-0.9,-0.81,71054668.0
2012-01-20,-0.11,0.81,-0.18,0.78,165006262.0
2012-01-23,0.62,1.02,0.42,0.8,75284909.0
2012-01-24,0.54,0.64,0.25,0.41,51217366.0
2012-01-25,0.14,0.72,0.14,0.63,58645420.0
2012-01-26,0.68,0.77,0.47,0.57,48849633.0
2012-01-27,0.52,0.6,0.24,0.3,43823062.0
2012-01-30,0.04,0.69,-0.1,0.68,50644454.0
2012-01-31,0.73,0.77,0.3,0.6,46456405.0
2012-02-01,0.86,1.12,0.83,0.96,66504925.0
2012-02-02,0.97,1.24,0.78,1.02,51874136.0
2012-02-03,1.21,1.47,1.16,1.31,41436754.0
2012-02-06,1.11,1.29,1.04,1.27,27618997.0
2012-02-07,1.22,1.55,1.12,1.42,38934132.0
2012-02-08,1.33,1.74,1.29,1.73,49481307.0
2012-02-09,1.75,1.87,1.55,1.84,50068914.0
2012-02-10,1.71,1.87,1.43,1.56,41319523.0
2012-02-13,1.7,1.84,1.5,1.65,32964201.0
2012-02-14,1.6,1.73,1.12,1.52,58844303.0
2012-02-15,1.6,1.66,1.3,1.32,42545507.0
2012-02-16,1.58,2.82,1.57,2.55,93644678.0
2012-02-17,2.47,2.59,2.22,2.52,68888854.0
2012-02-21,2.45,2.88,2.42,2.71,50468027.0
2012-02-22,2.47,2.86,2.27,2.64,34234402.0
2012-02-23,2.47,2.86,2.27,2.64,34234402.0
2012-02-24,2.75,2.77,2.51,2.75,31867187.0
2012-02-27,2.51,2.77,2.37,2.62,34102023.0
2012-02-28,2.68,3.2,2.65,3.14,43781754.0
2012-02-29,3.15,3.27,2.88,3.01,58006646.0
2012-03-01,3.2,3.66,3.12,3.56,77141401.0
2012-03-02,3.58,3.71,3.27,3.34,46794071.0
2012-03-05,3.28,3.32,2.89,3.07,45047341.0
2012-03-06,2.81,3.25,2.76,2.82,51318017.0
2012-03-07,2.94,3.19,2.8,3.11,34006860.0
2012-03-08,3.31,3.48,3.17,3.28,36609233.0
2012-03-09,3.37,3.43,3.19,3.26,33857021.0
2012-03-12,3.24,3.47,3.09,3.31,33804471.0
2012-03-13,3.51,3.96,3.42,3.94,47842301.0
2012-03-14,3.8,4.15,3.76,4.04,41899068.0
2012-03-15,4.06,4.21,3.85,4.12,48474001.0
2012-03-16,4.18,4.22,4.02,4.07,40654773.0
2012-03-19,3.8,3.88,3.42,3.47,44417495.0
2012-03-20,3.37,3.42,3.01,3.26,41331783.0
2012-03-21,3.23,3.42,3.09,3.18,36019602.0
2012-03-22,3.08,3.36,3.06,3.26,31539124.0
2012-03-23,3.37,3.38,2.99,3.28,34839645.0
2012-03-26,3.46,3.88,3.42,3.81,27659958.0
2012-03-27,3.92,3.97,3.67,3.79,36111200.0
2012-03-28,3.79,3.97,3.31,3.46,40056913.0
2012-03-29,3.33,3.46,3.08,3.39,36869324.0
2012-03-30,3.67,3.68,3.31,3.52,31092053.0
2012-04-02,3.49,3.73,3.22,3.56,35354324.0
2012-04-03,3.43,3.46,2.93,3.21,42497644.0
2012-04-04,2.93,2.96,2.32,2.48,48899570.0
2012-04-05,2.42,2.9,2.32,2.79,37444167.0
2012-04-09,2.49,2.67,2.24,2.37,30749514.0
2012-04-10,2.33,2.46,1.57,1.74,53276992.0
2012-04-11,1.7,1.8,1.5,1.61,42780347.0
2012-04-12,1.75,2.31,1.69,2.24,37969097.0
2012-04-13,2.16,2.43,1.99,2.08,39409539.0
2012-04-16,2.26,2.46,2.04,2.34,37954827.0
2012-04-17,2.54,2.88,2.47,2.71,33609696.0
2012-04-18,2.55,2.58,2.31,2.41,40435831.0
2012-04-19,2.4,2.95,2.21,2.36,44009265.0
2012-04-20,3.42,4.16,3.32,3.69,104502319.0
2012-04-23,3.58,3.77,3.3,3.39,61117422.0
2012-04-24,3.48,3.79,3.1,3.19,40323041.0
2012-04-25,3.19,3.59,3.14,3.47,62144786.0
2012-04-26,3.39,3.5,3.19,3.38,40007087.0
2012-04-27,3.39,3.49,3.15,3.25,39676241.0
2012-04-30,3.25,3.38,3.19,3.28,34702751.0
2012-05-01,3.32,3.6,3.22,3.28,43800520.0
2012-05-02,3.12,3.19,2.91,3.07,37211593.0
2012-05-03,3.15,3.17,2.88,3.03,31184327.0
2012-05-04,2.72,2.84,2.19,2.25,57384252.0
2012-05-07,1.97,2.13,1.84,1.92,48198143.0
2012-05-08,1.75,2.05,1.44,1.77,45991665.0
2012-05-09,1.46,2.1,1.37,2.03,50154778.0
2012-05-10,2.13,2.29,1.72,2.01,43416277.0
2012-05-11,1.96,2.81,1.96,2.43,43255610.0
2012-05-14,2.09,2.31,1.91,1.95,40242921.0
2012-05-15,2.11,2.26,1.62,1.68,61604256.0
2012-05-16,1.78,1.79,1.21,1.37,59929490.0
2012-05-17,1.46,1.67,1.18,1.19,47726484.0
2012-05-18,1.26,1.28,0.64,0.74,55905660.0
2012-05-21,0.57,1.26,0.53,1.22,38285101.0
2012-05-22,1.16,1.35,0.97,1.23,39265239.0
2012-05-23,0.82,0.87,0.11,0.58,64974115.0
2012-05-24,0.63,0.77,0.23,0.54,52353438.0
2012-05-25,0.67,0.83,0.48,0.53,29489661.0
2012-05-29,0.85,1.19,0.69,1.03,37144569.0
2012-05-30,0.82,0.94,0.59,0.81,41079005.0
2012-05-31,0.77,0.89,0.41,0.66,37636481.0
2012-06-01,0.23,0.43,-0.09,-0.08,54646137.0
2012-06-04,0.09,0.25,-0.21,0.02,47281678.0
2012-06-05,-0.02,0.22,-0.14,-0.03,45461554.0
2012-06-06,0.35,0.84,0.27,0.82,46281005.0
2012-06-07,1.11,1.17,0.64,0.7,36793284.0
2012-06-08,0.68,1.15,0.52,1.12,42184838.0
2012-06-11,1.2,1.28,0.29,0.36,45671151.0
2012-06-12,0.57,0.77,0.31,0.76,34322197.0
2012-06-13,0.69,0.91,0.52,0.6,32417492.0
2012-06-14,0.8,0.93,0.35,0.81,39061285.0
2012-06-15,1.06,1.55,0.96,1.49,60063594.0
2012-06-18,1.46,1.5,1.18,1.31,58259980.0
2012-06-19,1.66,2.58,1.52,2.17,74908654.0
2012-06-20,2.4,2.52,2.11,2.4,35680077.0
2012-06-21,2.43,2.61,1.53,1.6,47792859.0
2012-06-22,1.77,2.2,1.5,2.17,41962122.0
2012-06-25,1.77,1.79,1.09,1.33,41497457.0
2012-06-26,1.47,1.74,1.41,1.49,37847384.0
2012-06-27,1.66,1.97,1.5,1.64,33616569.0
2012-06-28,1.45,1.52,0.89,1.38,45059966.0
2012-07-02,2.09,2.09,1.68,2.03,30453482.0
2012-07-03,1.7,2.23,1.64,2.23,20940947.0
2012-07-05,2.06,2.25,1.84,2.17,28559987.0
2012-07-06,2.08,2.17,1.42,1.65,38052958.0
2012-07-09,1.59,1.7,1.25,1.47,30544186.0
2012-07-10,1.55,1.69,0.98,1.21,37028925.0
2012-07-11,1.18,1.2,0.57,0.77,38887352.0
2012-07-12,0.62,0.65,0.01,0.1,63110708.0
2012-07-13,0.23,0.95,0.19,0.86,38752242.0
2012-07-16,0.95,1.0,0.51,0.91,27445560.0
2012-07-17,1.11,1.33,0.67,1.13,33596582.0
2012-07-18,1.07,1.92,0.93,1.92,40900583.0
2012-07-19,1.98,2.27,1.85,2.13,44550652.0
2012-07-20,2.47,2.52,1.52,1.58,63844299.0
2012-07-23,1.04,1.05,0.48,0.75,54815823.0
2012-07-24,0.71,0.83,0.37,0.62,47034103.0
2012-07-25,0.71,0.8,0.25,0.3,45241728.0
2012-07-26,0.7,0.97,0.56,0.63,45038470.0
2012-07-27,0.95,1.32,0.65,1.22,44049628.0
2012-07-30,1.22,1.29,0.93,1.11,28811447.0
2012-07-31,0.95,1.18,0.8,0.94,37091292.0
2012-08-01,1.06,1.12,0.68,0.88,31599431.0
2012-08-02,0.68,0.99,0.44,0.66,39345275.0
2012-08-03,1.0,1.41,0.95,1.22,35407217.0
2012-08-06,1.47,1.58,1.28,1.42,27343746.0
2012-08-07,1.54,1.82,1.34,1.73,27912918.0
2012-08-08,1.68,1.94,1.58,1.8,25127367.0
2012-08-09,1.86,2.12,1.77,1.97,22874581.0
2012-08-10,1.97,2.09,1.72,1.89,27740963.0
2012-08-13,1.82,1.93,1.63,1.86,22355294.0
2012-08-14,1.97,2.06,1.68,1.8,34444091.0
2012-08-15,1.78,1.95,1.69,1.87,24289978.0
2012-08-16,2.03,2.61,1.93,2.45,35555325.0
2012-08-17,2.59,2.59,2.26,2.57,32548714.0
2012-08-20,2.49,2.52,2.25,2.41,23689813.0
2012-08-21,2.43,2.63,2.28,2.47,28056583.0
2012-08-22,2.26,2.43,2.13,2.21,33302585.0
2012-08-23,2.06,2.07,1.75,1.92,28177455.0
2012-08-24,1.92,2.3,1.85,2.23,22835427.0
2012-08-27,2.6,2.63,2.26,2.36,34336170.0
2012-08-28,2.37,2.47,2.19,2.3,23676175.0
2012-08-29,2.32,2.42,2.11,2.32,23181648.0
2012-08-30,2.2,2.28,1.89,1.99,23315838.0
2012-08-31,2.27,2.63,2.05,2.49,35799932.0
2012-09-04,2.12,2.33,1.82,2.05,48472244.0
2012-09-05,1.89,2.2,1.88,2.06,33613307.0
2012-09-06,2.17,3.03,2.13,3.01,47702137.0
2012-09-07,2.71,2.74,2.4,2.62,42211950.0
2012-09-10,2.5,2.57,2.18,2.39,40135977.0
2012-09-11,2.36,2.58,2.28,2.46,24273137.0
2012-09-12,2.61,2.85,2.4,2.45,30711017.0
2012-09-13,2.56,2.85,2.07,2.6,44713237.0
2012-09-14,2.68,2.92,2.48,2.88,51118685.0
2012-09-17,2.86,2.93,2.71,2.88,36210363.0
2012-09-18,2.77,2.88,2.7,2.84,33953775.0
2012-09-19,2.76,2.86,2.71,2.72,47888427.0
2012-09-20,2.62,3.15,2.58,3.12,44319779.0
2012-09-21,3.1,3.28,2.76,2.86,93283829.0
2012-09-24,2.67,2.74,2.31,2.45,46540975.0
2012-09-25,2.62,2.67,2.03,2.06,53734746.0
2012-09-26,1.95,2.27,1.71,1.83,54415557.0
2012-09-27,1.84,2.07,1.56,1.83,46539977.0
2012-09-28,1.85,1.93,1.41,1.43,53580295.0
2012-10-01,1.48,1.65,1.09,1.16,53657641.0
2012-10-02,1.35,1.56,1.17,1.33,42495068.0
2012-10-03,1.42,1.66,1.34,1.53,46137086.0
2012-10-04,1.64,1.7,1.24,1.7,43250313.0
2012-10-05,1.9,1.92,1.41,1.52,40860343.0
2012-10-08,1.31,1.59,1.22,1.45,29689450.0
2012-10-09,1.35,1.41,0.85,0.95,44705374.0
2012-10-10,0.82,0.98,0.62,0.65,47064204.0
2012-10-11,0.88,0.92,0.54,0.62,41320717.0
2012-10-12,0.64,0.99,0.47,0.87,45371045.0
2012-10-15,1.04,1.39,0.92,1.18,41750771.0
2012-10-16,1.12,1.41,0.99,1.16,47482184.0
2012-10-17,0.97,1.31,0.76,1.26,44034140.0
2012-10-18,1.32,1.4,0.93,1.16,55681638.0
2012-10-19,0.72,0.75,0.17,0.31,90138848.0
2012-10-22,0.4,0.5,-0.5,-0.33,82982173.0
2012-10-23,-0.57,-0.13,-0.57,-0.29,64182888.0
2012-10-24,-0.17,-0.13,-0.46,-0.43,52945690.0
2012-10-25,-0.14,-0.13,-0.47,-0.45,51421566.0
2012-10-26,-0.47,0.01,-0.49,-0.12,57688565.0
2012-10-31,0.22,0.55,0.17,0.21,68909162.0
2012-11-01,0.51,1.23,0.49,1.18,71836456.0
2012-11-02,1.26,1.44,1.0,1.17,56544568.0
2012-11-05,1.29,1.41,1.0,1.3,37866862.0
2012-11-06,1.49,1.87,1.28,1.53,42164926.0
2012-11-07,1.2,1.49,0.72,0.75,57334100.0
2012-11-08,0.79,1.04,0.47,0.48,49652182.0
2012-11-09,0.55,0.86,0.47,0.5,43069764.0
2012-11-12,0.61,0.68,-0.12,-0.11,60851698.0
2012-11-13,-1.08,-0.8,-1.35,-1.01,131384471.0
2012-11-14,-0.86,-0.81,-1.3,-1.26,75697899.0
2012-11-15,-1.22,-1.13,-1.47,-1.44,50582107.0
2012-11-16,-1.43,-1.4,-1.76,-1.58,62981766.0
2012-11-19,-1.3,-1.3,-1.63,-1.38,55989444.0
2012-11-20,-1.34,-1.3,-1.64,-1.39,46798153.0
2012-11-21,-1.39,-0.94,-1.43,-1.15,63211059.0
2012-11-23,-0.87,-0.33,-0.9,-0.4,57844972.0
2012-11-26,-0.56,-0.52,-0.93,-0.72,82300448.0
2012-11-27,-0.74,-0.72,-1.06,-1.02,44846792.0
2012-11-28,-1.09,-0.71,-1.33,-0.74,51653126.0
2012-11-29,-0.99,-0.74,-1.24,-1.15,69271238.0
2012-11-30,-1.05,-0.97,-1.61,-1.49,78789494.0
2012-12-03,-1.32,-1.28,-1.7,-1.68,53066856.0
2012-12-04,-1.6,-1.47,-1.76,-1.73,49521881.0
2012-12-05,-1.72,-1.17,-1.84,-1.43,57177415.0
2012-12-06,-1.29,-1.12,-1.49,-1.38,38010703.0
2012-12-07,-1.28,-1.28,-1.73,-1.65,45776578.0
2012-12-10,-1.54,-1.13,-1.58,-1.16,46706031.0
2012-12-11,-1.05,-0.61,-1.05,-0.78,51946040.0
2012-12-12,-0.57,-0.48,-1.02,-0.86,43778962.0
2012-12-13,-0.78,-0.58,-1.15,-0.99,44862598.0
2012-12-14,-0.99,-0.97,-1.4,-1.29,41755406.0
2012-12-17,-1.31,-0.89,-1.42,-1.01,41898316.0
2012-12-18,-0.85,-0.47,-0.96,-0.54,50335614.0
2012-12-19,-0.41,-0.37,-0.85,-0.79,52729435.0
2012-12-20,-0.74,-0.42,-0.95,-0.42,49929921.0
2012-12-21,-0.65,-0.61,-1.1,-0.65,89579849.0
2012-12-24,-0.9,-0.85,-1.1,-1.04,20841031.0
2012-12-26,-1.07,-0.9,-1.4,-1.24,31589985.0
2012-12-27,-1.21,-1.01,-1.53,-1.14,39087832.0
2012-12-28,-1.39,-1.2,-1.55,-1.55,27850834.0
2012-12-31,-1.51,-1.33,-1.73,-1.39,42427239.0
2013-01-02,-0.85,-0.37,-0.95,-0.48,52591412.0
2013-01-03,-0.47,-0.45,-0.94,-0.85,47557940.0
2013-01-04,-0.83,-0.76,-1.37,-1.36,52295059.0
2013-01-07,-1.33,-1.22,-1.46,-1.41,36950938.0
2013-01-08,-1.35,-1.31,-1.64,-1.55,44448225.0
2013-01-09,-1.38,-1.35,-1.54,-1.4,38327662.0
2013-01-10,-1.45,-1.12,-1.81,-1.64,71120949.0
2013-01-11,-1.61,-1.17,-1.82,-1.27,54779872.0
2013-01-14,-1.2,-1.02,-1.34,-1.21,48165567.0
2013-01-15,-1.27,-0.81,-1.28,-0.89,47979478.0
2013-01-16,-0.95,-0.87,-1.09,-1.06,40440638.0
2013-01-17,-0.91,-0.63,-1.04,-0.85,51405283.0
2013-01-18,-1.0,-0.81,-1.06,-0.85,52104059.0
2013-01-22,-0.8,-0.65,-1.1,-0.95,58045080.0
2013-01-23,-0.9,-0.47,-0.9,-0.49,49336647.0
2013-01-24,-0.4,-0.03,-0.63,-0.47,99050253.0
2013-01-25,-0.52,0.13,-0.71,-0.22,81610080.0
2013-01-28,-0.09,0.12,-0.34,-0.19,56000603.0
2013-01-29,-0.28,0.03,-0.5,-0.09,46539552.0
2013-01-30,-0.09,0.09,-0.34,-0.25,43500313.0
2013-01-31,-0.31,-0.13,-0.7,-0.65,49923967.0
2013-02-01,-0.43,-0.05,-0.55,-0.17,55369704.0
2013-02-04,-0.23,-0.08,-0.68,-0.66,50121894.0
2013-02-05,-0.48,-0.44,-0.74,-0.61,35132912.0
2013-02-06,-0.72,-0.56,-0.85,-0.76,41300884.0
2013-02-07,-0.75,-0.71,-1.0,-0.82,37886011.0
2013-02-08,-0.75,-0.39,-0.79,-0.55,33265738.0
2013-02-11,-0.45,-0.18,-0.6,-0.24,32242609.0
2013-02-12,-0.22,-0.1,-0.35,-0.22,35753824.0
2013-02-13,-0.17,0.01,-0.22,-0.07,41621776.0
2013-02-14,-0.18,-0.04,-0.23,-0.06,32613395.0
2013-02-15,-0.06,0.06,-0.23,-0.09,49351823.0
2013-02-19,0.01,0.22,-0.07,0.17,38688636.0
2013-02-20,0.26,0.33,-0.04,-0.0,43737053.0
2013-02-21,-0.13,-0.13,-0.64,-0.38,48586894.0
2013-02-22,-0.19,-0.11,-0.39,-0.11,30969039.0
2013-02-25,0.1,0.18,-0.5,-0.5,47640203.0
2013-02-26,-0.49,-0.27,-0.53,-0.5,49652680.0
2013-02-27,-0.45,0.13,-0.54,-0.06,36299784.0
2013-02-28,0.01,0.1,-0.13,-0.07,34679942.0
2013-03-01,-0.15,0.11,-0.35,0.08,34680816.0
2013-03-04,-0.02,0.28,-0.17,0.28,37227762.0
2013-03-05,0.42,0.67,0.29,0.48,41203528.0
2013-03-06,0.34,0.36,-0.09,0.22,51259636.0
2013-03-07,0.24,0.41,0.13,0.27,29124660.0
2013-03-08,0.38,0.46,0.09,0.13,37625845.0
2013-03-11,0.07,0.1,-0.2,-0.0,35200004.0
2013-03-12,-0.03,0.08,-0.23,0.04,37128629.0
2013-03-13,-0.0,0.15,-0.12,0.04,27772099.0
2013-03-14,0.13,0.29,0.06,0.26,55714124.0
2013-03-15,0.16,0.29,0.11,0.16,89881940.0
2013-03-18,0.01,0.41,-0.06,0.23,44671272.0
2013-03-19,0.25,0.35,0.16,0.31,51700214.0
2013-03-20,0.47,0.62,0.31,0.44,35258729.0
2013-03-21,0.24,0.49,0.18,0.24,33769940.0
2013-03-22,0.32,0.46,0.23,0.38,28613183.0
2013-03-25,0.43,0.48,0.09,0.29,43574906.0
2013-03-26,0.37,0.47,0.24,0.28,27728183.0
2013-03-27,0.27,0.57,0.21,0.5,35750093.0
2013-03-28,0.45,0.79,0.39,0.73,54020291.0
2013-04-01,0.77,0.79,0.49,0.74,28768521.0
2013-04-02,0.72,0.98,0.65,0.93,28288147.0
2013-04-03,0.88,1.08,0.67,0.69,34895347.0
2013-04-04,0.52,0.74,0.4,0.72,44887037.0
2013-04-05,0.35,0.91,0.24,0.83,50405362.0
2013-04-08,0.86,0.86,0.6,0.72,34673006.0
2013-04-09,0.86,1.94,0.81,1.74,77529362.0
2013-04-10,1.7,2.45,1.65,2.41,70586637.0
2013-04-11,1.23,1.33,0.86,1.06,129424693.0
2013-04-12,0.98,1.15,0.79,0.92,62410439.0
2013-04-15,0.78,1.11,0.64,0.82,56105318.0
2013-04-16,1.03,1.27,0.82,1.1,51987447.0
2013-04-17,0.98,1.17,0.73,0.95,52753237.0
2013-04-18,1.08,1.11,0.63,0.92,55477696.0
2013-04-19,1.75,2.37,1.74,1.89,98531327.0
2013-04-22,2.43,3.31,2.4,2.96,137481137.0
2013-04-23,2.83,3.03,2.51,2.73,58594926.0
2013-04-24,2.75,4.05,2.73,3.89,89075411.0
2013-04-25,3.84,4.97,3.67,4.07,107685013.0
2013-04-26,4.03,4.11,3.58,3.92,47746903.0
2013-04-29,3.93,4.81,3.9,4.74,58808759.0
2013-04-30,4.69,5.24,4.41,5.23,74574555.0
2013-05-01,5.06,5.21,4.73,4.85,53873389.0
2013-05-02,4.76,5.3,4.52,5.29,45963375.0
2013-05-03,5.36,5.65,5.21,5.62,46668935.0
2013-05-06,5.55,6.04,5.38,5.88,40834895.0
2013-05-07,5.78,5.92,5.37,5.44,42857967.0
2013-05-08,5.19,5.37,4.78,5.12,50939778.0
2013-05-09,4.98,5.13,4.72,4.79,46314098.0
2013-05-10,4.8,4.85,4.45,4.82,36263805.0
2013-05-13,4.74,5.2,4.68,5.16,35631373.0
2013-05-14,5.22,5.89,5.16,5.89,56680341.0
2013-05-15,5.81,6.26,5.79,6.2,45753172.0
2013-05-16,6.0,6.51,5.91,6.44,59167784.0
2013-05-17,6.49,7.23,6.46,7.23,60466137.0
2013-05-20,7.09,7.45,7.04,7.44,53482431.0
2013-05-21,7.46,7.63,7.08,7.21,48429651.0
2013-05-22,7.15,7.2,6.72,6.97,65804022.0
2013-05-23,6.59,6.91,6.26,6.51,50262796.0
2013-05-24,6.28,6.64,6.26,6.62,32992360.0
2013-05-28,6.78,7.54,6.77,7.38,48010700.0
2013-05-29,7.1,7.38,6.93,7.24,38340536.0
2013-05-30,7.21,7.61,7.17,7.39,51023813.0
2013-05-31,7.18,7.64,7.15,7.26,50089701.0
2013-06-03,7.28,7.99,7.19,7.95,50750248.0
2013-06-04,7.98,8.1,7.13,7.35,65180268.0
2013-06-05,6.96,7.25,6.79,7.14,45720719.0
2013-06-06,7.2,7.47,6.85,7.32,37360588.0
2013-06-07,7.61,8.14,7.42,8.03,40530503.0
2013-06-10,7.87,8.01,7.5,7.83,35476303.0
2013-06-11,7.41,7.54,7.04,7.2,39303460.0
2013-06-12,7.5,7.63,7.21,7.36,37288658.0
2013-06-13,7.35,7.38,6.95,7.07,45189964.0
2013-06-14,6.91,7.05,6.61,6.76,53002100.0
2013-06-17,7.05,7.52,6.99,7.36,49312158.0
2013-06-18,7.33,7.53,7.25,7.34,28135482.0
2013-06-19,7.32,7.45,6.95,6.95,30671503.0
2013-06-20,6.62,6.69,5.73,5.85,52271436.0
2013-06-21,6.02,6.09,5.41,5.62,83248889.0
2013-06-24,5.3,6.56,4.93,6.07,55976339.0
2013-06-25,6.44,6.74,5.82,6.03,43899250.0
2013-06-26,6.48,6.84,6.24,6.71,48507951.0
2013-06-27,6.88,7.14,6.86,6.98,28336421.0
2013-06-28,6.74,7.15,6.7,6.9,49974264.0
2013-07-01,7.11,7.35,6.69,6.72,30879862.0
2013-07-02,6.77,6.79,5.99,6.3,36697846.0
2013-07-03,6.02,6.73,5.96,6.37,15993380.0
2013-07-05,6.45,6.6,5.94,6.57,26030858.0
2013-07-08,6.71,6.95,6.34,6.68,31636049.0
2013-07-09,6.94,6.96,6.5,6.71,24928901.0
2013-07-10,6.7,7.17,6.68,7.05,29407133.0
2013-07-11,7.36,8.13,7.26,8.04,53072396.0
2013-07-12,7.94,8.09,7.64,8.03,35175996.0
2013-07-15,8.02,8.58,7.94,8.53,33978811.0
2013-07-16,8.37,8.79,8.32,8.63,36174282.0
2013-07-17,8.7,8.75,7.85,8.1,37099768.0
2013-07-18,8.08,8.25,7.58,7.8,44833568.0
2013-07-19,4.76,5.03,3.38,3.76,245725962.0
2013-07-22,4.06,4.37,3.96,4.37,78771421.0
2013-07-23,4.27,4.4,4.07,4.18,65296840.0
2013-07-24,4.39,4.55,4.25,4.32,52627386.0
2013-07-25,3.98,4.01,3.61,3.75,63053747.0
2013-07-26,3.62,3.98,3.56,3.98,38574756.0
2013-07-29,3.83,3.96,3.76,3.9,28738555.0
2013-07-30,4.14,4.48,3.91,4.21,45689850.0
2013-07-31,4.33,4.41,4.07,4.2,43602377.0
2013-08-01,4.42,4.45,3.96,4.03,42426868.0
2013-08-02,4.05,4.26,3.92,4.25,28692927.0
2013-08-05,4.26,4.36,4.0,4.06,30157015.0
2013-08-06,3.91,4.03,3.74,3.94,35603956.0
2013-08-07,3.9,4.46,3.61,4.42,38013984.0
2013-08-08,4.6,5.43,4.41,5.25,58738468.0
2013-08-09,5.13,5.26,4.83,5.06,26612237.0
2013-08-12,4.82,5.33,4.82,5.23,25373242.0
2013-08-13,5.1,5.14,4.8,4.82,39283417.0
2013-08-14,4.73,5.95,4.29,4.94,47995207.0
2013-08-15,4.59,4.77,3.43,4.38,32965508.0
2013-08-16,4.38,4.58,4.25,4.39,32276273.0
2013-08-19,4.35,4.56,3.97,3.98,27506013.0
2013-08-20,4.03,4.49,3.96,4.21,22736729.0
2013-08-21,4.2,4.6,4.13,4.2,37299161.0
2013-08-22,4.77,5.08,4.69,4.98,31058605.0
2013-08-23,7.76,7.79,6.59,7.34,223423999.0
2013-08-26,6.99,7.26,6.62,6.74,72477678.0
2013-08-27,6.1,6.69,5.74,5.85,58151459.0
2013-08-28,5.98,6.19,5.59,5.61,43056509.0
2013-08-29,5.52,6.19,5.39,6.14,44525036.0
2013-08-30,5.96,6.07,5.68,5.99,40120229.0
2013-09-03,4.34,4.66,3.88,4.47,154078831.0
2013-09-04,3.98,4.06,3.7,3.78,141832400.0
2013-09-05,3.69,4.03,3.54,3.82,71269469.0
2013-09-06,3.9,3.98,3.72,3.74,75396101.0
2013-09-09,3.81,4.38,3.79,4.24,49210601.0
2013-09-10,4.49,4.99,4.38,4.98,55964576.0
2013-09-11,5.16,5.52,5.12,5.33,38829156.0
2013-09-12,5.31,5.37,5.18,5.28,32788644.0
2013-09-13,5.36,5.66,5.09,5.62,40737715.0
2013-09-16,5.97,6.09,5.32,5.39,52931082.0
2013-09-17,6.01,6.06,5.49,5.52,83296276.0
2013-09-18,5.58,5.99,5.42,5.91,62578757.0
2013-09-19,6.07,6.27,5.91,6.23,41950792.0
2013-09-20,6.0,6.07,5.27,5.38,95432474.0
2013-09-23,5.13,5.55,5.09,5.33,38119525.0
2013-09-24,5.46,5.46,4.74,5.04,39984820.0
2013-09-25,5.08,5.39,4.99,5.09,28586085.0
2013-09-26,5.23,5.59,5.18,5.36,28289134.0
2013-09-27,5.47,6.34,5.46,5.86,55157735.0
2013-09-30,5.59,5.9,5.29,5.87,39551111.0
2013-10-01,5.94,6.2,5.89,6.17,36296447.0
2013-10-02,5.95,6.62,5.88,6.51,46662901.0
2013-10-03,6.47,6.59,6.01,6.45,38378203.0
2013-10-04,6.28,6.58,6.21,6.47,32883432.0
2013-10-07,6.19,6.3,5.79,5.89,34801966.0
2013-10-08,5.9,5.92,5.39,5.6,40597704.0
2013-10-09,5.66,5.94,5.55,5.66,35653169.0
2013-10-10,5.9,6.48,5.85,6.35,42338777.0
2013-10-11,6.27,6.73,6.27,6.72,29819944.0
2013-10-14,6.49,7.09,6.37,7.04,27514572.0
2013-10-15,7.26,7.58,7.06,7.08,46963079.0
2013-10-16,7.19,7.48,7.15,7.23,34722407.0
2013-10-17,7.04,7.58,6.96,7.51,31150525.0
2013-10-18,7.41,7.58,6.92,7.55,41392799.0
2013-10-21,7.57,7.79,7.5,7.58,27332375.0
2013-10-22,7.61,7.69,7.11,7.17,40241672.0
2013-10-23,6.94,7.08,6.26,6.35,58076123.0
2013-10-24,6.41,6.69,6.16,6.31,49162764.0
2013-10-25,8.47,8.88,8.06,8.32,112886280.0
2013-10-28,8.2,8.32,7.86,8.16,37948735.0
2013-10-29,8.22,8.31,7.85,8.11,31646348.0
2013-10-30,8.12,8.38,8.02,8.13,36876373.0
2013-10-31,8.25,8.28,7.93,7.99,39095976.0
2013-11-01,8.26,8.28,7.98,8.11,39854020.0
2013-11-04,8.18,8.57,8.14,8.53,27921281.0
2013-11-05,8.38,9.3,8.36,9.23,51504543.0
2013-11-06,9.83,10.81,9.65,10.77,88623074.0
2013-11-07,10.55,10.6,10.02,10.09,60065208.0
2013-11-08,10.26,10.37,9.93,10.37,36488425.0
2013-11-11,10.28,10.36,9.94,10.18,26774944.0
2013-11-12,9.97,10.18,9.79,9.95,31831710.0
2013-11-13,9.57,10.75,9.49,10.74,44669143.0
2013-11-14,10.46,10.72,10.31,10.61,44169284.0
2013-11-15,10.54,10.61,10.31,10.43,50194474.0
2013-11-18,9.94,10.17,9.66,9.79,53147672.0
2013-11-19,9.72,10.1,9.54,9.61,43979329.0
2013-11-20,9.79,10.28,9.73,9.95,31994695.0
2013-11-21,10.14,10.4,10.13,10.27,22860466.0
2013-11-22,10.39,10.55,10.2,10.44,27820578.0
2013-11-25,10.8,10.82,10.44,10.51,30563726.0
2013-11-26,10.44,10.52,10.22,10.22,31748969.0
2013-11-27,10.44,10.63,10.36,10.47,25998730.0
2013-11-29,10.69,11.16,10.69,11.0,22052828.0
2013-12-02,10.96,11.65,10.93,11.32,42559038.0
2013-12-03,11.01,11.36,10.95,11.18,51187578.0
2013-12-04,11.08,11.85,10.99,11.81,51876507.0
2013-12-05,11.72,11.74,10.05,10.87,116208472.0
2013-12-06,11.29,11.42,10.86,11.23,35780972.0
2013-12-09,11.43,11.74,11.24,11.57,30072893.0
2013-12-10,11.48,11.77,10.89,10.98,36653927.0
2013-12-11,10.93,11.17,10.26,10.48,39643270.0
2013-12-12,10.51,10.51,10.05,10.09,35675392.0
2013-12-13,10.29,10.32,9.49,9.56,40073591.0
2013-12-16,9.6,9.87,9.41,9.75,30106471.0
2013-12-17,9.81,9.98,9.2,9.39,45404138.0
2013-12-18,9.23,9.47,8.4,9.45,59728031.0
2013-12-19,9.38,9.42,8.95,9.12,33941129.0
2013-12-20,9.07,9.8,9.05,9.67,57958929.0
2013-12-23,9.68,9.76,9.42,9.49,24916692.0
2013-12-24,9.59,10.04,9.51,9.95,14242792.0
2013-12-26,10.07,10.36,10.04,10.31,17601767.0
2013-12-27,10.45,10.49,10.04,10.16,14511707.0
2013-12-30,10.09,10.25,9.77,10.16,16261299.0
2013-12-31,10.27,10.45,10.08,10.28,17193267.0
2014-01-02,10.22,10.27,9.97,10.03,30363699.0
2014-01-03,10.07,10.09,9.47,9.78,31047642.0
2014-01-06,9.72,9.76,8.98,9.0,42423613.0
2014-01-07,9.19,9.36,9.08,9.28,35330371.0
2014-01-08,8.87,9.01,8.45,8.63,59678998.0
2014-01-09,8.75,8.78,8.27,8.4,36487948.0
2014-01-10,8.77,9.02,8.62,8.91,40530012.0
2014-01-13,8.86,8.89,7.7,7.85,45922555.0
2014-01-14,7.6,8.75,7.5,8.65,41533962.0
2014-01-15,8.77,9.66,8.72,9.63,44397086.0
2014-01-16,9.56,9.87,9.18,9.76,37928693.0
2014-01-17,9.7,9.7,9.02,9.25,45810704.0
2014-01-21,9.69,9.69,8.93,9.04,30901498.0
2014-01-22,9.13,9.19,8.62,8.8,21720334.0
2014-01-23,8.96,9.0,8.39,8.92,40640239.0
2014-01-24,10.32,10.42,9.4,9.67,76544634.0
2014-01-27,9.74,9.76,8.85,8.9,44153034.0
2014-01-28,8.99,9.26,8.62,9.14,35293010.0
2014-01-29,8.85,9.75,8.77,9.53,52288622.0
2014-01-30,9.66,9.75,9.1,9.73,34240129.0
2014-01-31,9.82,10.76,9.43,10.71,86920547.0
2014-02-03,10.61,10.85,9.3,9.35,61470241.0
2014-02-04,9.84,10.05,9.12,9.22,54495552.0
2014-02-05,9.16,9.34,8.67,8.69,55669307.0
2014-02-06,8.67,9.12,8.56,9.05,35032342.0
2014-02-07,9.19,9.46,8.88,9.43,33160413.0
2014-02-10,9.5,9.67,9.16,9.65,26691641.0
2014-02-11,9.75,10.13,9.73,10.06,31955584.0
2014-02-12,10.22,10.47,10.17,10.33,27003200.0
2014-02-13,10.2,10.73,10.2,10.47,37466321.0
2014-02-14,10.26,10.65,10.2,10.49,31280741.0
2014-02-18,10.78,10.93,10.56,10.57,32739650.0
2014-02-19,10.37,10.9,10.36,10.66,29713767.0
2014-02-20,10.72,11.02,10.54,10.9,27372940.0
2014-02-21,11.09,11.5,11.01,11.13,37794748.0
2014-02-24,10.84,11.12,10.69,10.84,31331242.0
2014-02-25,10.76,11.0,10.5,10.69,30568338.0
2014-02-26,10.73,10.89,10.34,10.62,40970280.0
2014-02-27,10.6,11.04,10.38,11.01,33572093.0
2014-02-28,11.13,11.61,10.97,11.46,38843571.0
2014-03-03,11.07,11.28,10.64,10.93,29405477.0
2014-03-04,11.35,11.63,11.22,11.56,26457267.0
2014-03-05,11.4,11.42,11.08,11.26,20074562.0
2014-03-06,11.29,11.39,11.04,11.3,23463608.0
2014-03-07,11.43,11.51,10.84,11.05,26468891.0
2014-03-10,11.14,11.16,10.87,10.97,18936399.0
2014-03-11,11.02,11.38,10.87,11.17,25002519.0
2014-03-12,10.95,11.58,10.94,11.42,30409335.0
2014-03-13,11.57,11.6,10.79,11.05,32101962.0
2014-03-14,10.8,11.28,10.65,10.85,26987892.0
2014-03-17,11.05,11.56,10.94,11.2,20190957.0
2014-03-18,11.41,13.05,11.37,12.7,63757471.0
2014-03-19,12.62,12.7,12.06,12.42,35087501.0
2014-03-20,12.4,13.79,12.39,13.48,57254682.0
2014-03-21,13.87,14.09,13.16,13.31,77005473.0
2014-03-24,13.49,13.79,13.01,13.65,45809105.0
2014-03-25,13.81,14.14,13.11,13.49,42684189.0
2014-03-26,13.63,13.85,12.75,12.94,41537671.0
2014-03-27,12.89,13.12,12.49,12.51,34947157.0
2014-03-28,12.94,13.78,12.83,13.45,43417272.0
2014-03-31,13.58,14.65,13.55,14.16,46805942.0
2014-04-01,14.3,14.74,14.22,14.57,32447769.0
2014-04-02,14.59,14.81,14.32,14.5,28552794.0
2014-04-03,14.44,14.44,13.86,14.15,29574627.0
2014-04-04,14.4,14.54,12.79,13.02,51315789.0
2014-04-07,13.11,13.42,12.89,12.95,37523612.0
2014-04-08,12.9,13.08,12.35,12.97,35890813.0
2014-04-09,13.08,13.7,13.03,13.62,27241071.0
2014-04-10,13.59,13.84,12.24,12.53,45814953.0
2014-04-11,12.15,12.94,12.15,12.35,34315835.0
2014-04-14,12.26,12.56,12.05,12.33,31949106.0
2014-04-15,12.49,13.11,12.2,12.9,33862244.0
2014-04-16,13.21,13.56,13.05,13.55,29980675.0
2014-04-17,13.16,13.34,12.66,13.16,36541269.0
2014-04-21,13.28,13.3,12.94,13.09,22194370.0
2014-04-22,13.11,13.29,12.98,13.14,26875228.0
2014-04-23,13.14,13.14,12.62,12.84,24313050.0
2014-04-24,12.89,13.12,12.45,13.01,41149706.0
2014-04-25,13.44,13.83,12.9,13.06,56630194.0
2014-04-28,13.29,14.44,13.24,14.02,50442746.0
2014-04-29,14.25,14.34,13.54,13.66,29618999.0
2014-04-30,13.55,13.65,13.32,13.55,35283200.0
2014-05-01,13.39,13.51,13.1,13.15,28692172.0
2014-05-02,13.46,13.49,12.81,12.84,43359313.0
2014-05-05,12.67,12.79,12.45,12.58,22426082.0
2014-05-06,12.44,12.5,12.1,12.21,25938517.0
2014-05-07,12.37,12.66,11.66,12.57,41573447.0
2014-05-08,12.49,13.05,12.12,12.79,31962602.0
2014-05-09,12.69,13.0,12.52,12.69,29579417.0
2014-05-12,12.89,13.17,12.8,13.12,22653345.0
2014-05-13,13.35,13.93,13.28,13.85,26933610.0
2014-05-14,13.73,13.88,13.48,13.67,18757349.0
2014-05-15,13.52,13.83,12.94,13.03,37617056.0
2014-05-16,13.1,13.27,12.7,13.26,29766257.0
2014-05-19,13.04,13.25,12.89,13.18,21861799.0
2014-05-20,13.11,13.37,12.89,13.11,21184675.0
2014-05-21,13.23,13.78,13.17,13.78,22342022.0
2014-05-22,13.72,13.78,13.28,13.53,20165346.0
2014-05-23,13.8,13.8,13.43,13.55,17923916.0
2014-05-27,13.69,13.69,13.24,13.62,26155247.0
2014-05-28,13.57,13.62,13.25,13.44,25711012.0
2014-05-29,13.58,13.78,13.34,13.77,19842994.0
2014-05-30,13.88,14.4,13.68,14.37,34254815.0
2014-06-02,14.38,14.52,14.11,14.22,18454457.0
2014-06-03,14.03,14.11,13.68,13.72,17979443.0
2014-06-04,13.64,13.8,13.29,13.75,23134089.0
2014-06-05,14.02,14.68,13.83,14.64,31700523.0
2014-06-06,14.91,15.09,14.67,14.91,23928157.0
2014-06-09,14.82,14.91,14.45,14.7,15001607.0
2014-06-10,14.46,14.59,14.29,14.54,14927431.0
2014-06-11,14.36,14.5,14.19,14.29,16803002.0
2014-06-12,14.24,14.31,13.72,14.01,29697628.0
2014-06-13,14.53,14.99,14.29,14.66,26241432.0
2014-06-16,14.47,15.04,14.47,14.93,24121338.0
2014-06-17,14.72,15.34,13.76,15.11,22460839.0
2014-06-18,15.03,15.17,14.61,15.08,27040845.0
2014-06-19,15.0,15.2,14.76,14.94,19810715.0
2014-06-20,14.87,15.26,14.81,15.11,46988513.0
2014-06-23,15.16,15.43,15.12,15.42,18655630.0
2014-06-24,15.26,15.37,14.99,15.17,26470383.0
2014-06-25,15.13,15.48,14.89,15.46,19796349.0
2014-06-26,15.36,15.37,14.86,15.15,23131773.0
2014-06-27,15.04,15.72,14.94,15.68,53886821.0
2014-06-30,15.6,15.64,15.13,15.13,30704733.0
2014-07-01,15.29,15.58,15.12,15.3,26819452.0
2014-07-02,15.16,15.33,14.96,15.33,20153070.0
2014-07-03,15.34,15.42,14.99,15.23,15966543.0
2014-07-07,15.18,15.55,15.14,15.42,21878941.0
2014-07-08,15.3,15.43,15.04,15.21,31188394.0
2014-07-09,15.41,15.42,14.96,15.1,18360609.0
2014-07-10,14.8,15.43,14.48,15.11,21817722.0
2014-07-11,15.13,15.52,14.91,15.52,24048646.0
2014-07-14,15.65,15.88,15.47,15.57,21618685.0
2014-07-15,15.94,17.74,15.91,17.51,63055955.0
2014-07-17,18.88,19.14,17.68,17.96,81973238.0
2014-07-18,18.08,18.27,17.68,18.12,43074201.0
2014-07-21,17.99,18.59,17.65,18.26,37530460.0
2014-07-22,18.43,18.58,18.02,18.26,40960112.0
2014-07-23,18.88,18.88,18.05,18.3,52166715.0
2014-07-24,18.36,18.43,17.75,17.83,30289442.0
2014-07-25,17.73,18.09,17.73,17.93,26628157.0
2014-07-28,17.79,17.94,17.36,17.4,29568462.0
2014-07-29,17.34,17.52,17.07,17.31,27575979.0
2014-07-30,17.5,17.53,16.72,17.0,31845946.0
2014-07-31,16.81,17.12,16.51,16.59,30953919.0
2014-08-01,16.64,16.68,16.03,16.29,30675832.0
2014-08-04,16.4,16.9,16.24,16.8,33788671.0
2014-08-05,16.74,16.89,16.26,16.51,26136194.0
2014-08-06,16.17,16.6,15.64,16.17,24601704.0
2014-08-07,16.27,16.88,16.08,16.66,30123896.0
2014-08-08,16.66,16.74,16.34,16.63,28867195.0
2014-08-11,16.69,16.88,16.45,16.63,19756632.0
2014-08-12,16.47,17.02,16.43,16.95,20998288.0
2014-08-13,17.11,17.61,16.95,17.51,22790470.0
2014-08-14,17.51,17.84,17.44,17.7,19276397.0
2014-08-15,18.01,18.32,17.83,18.22,41426647.0
2014-08-18,18.37,18.54,18.11,18.54,26832771.0
2014-08-19,18.68,19.05,18.54,19.04,27474632.0
2014-08-20,19.05,19.11,18.61,18.66,24710911.0
2014-08-21,18.55,18.96,18.54,18.93,22019187.0
2014-08-22,19.06,19.18,18.78,18.86,18248188.0
2014-08-25,19.11,19.15,18.75,18.88,16793268.0
2014-08-26,19.02,19.1,18.65,18.71,14537958.0
2014-08-27,18.61,18.71,18.47,18.58,18657755.0
2014-08-28,18.46,18.69,18.32,18.59,17392164.0
2014-08-29,18.8,19.15,18.56,19.14,21109864.0
2014-09-02,19.14,19.17,18.56,18.78,22841589.0
2014-09-03,18.24,18.82,18.24,18.67,33612313.0
2014-09-04,18.45,18.98,18.43,18.97,26180141.0
2014-09-05,18.82,19.64,18.82,19.61,36406819.0
2014-09-08,19.73,20.51,19.7,20.18,45538033.0
2014-09-09,20.18,20.68,20.13,20.47,40192437.0
2014-09-10,20.53,20.65,19.99,20.55,27064954.0
2014-09-11,20.45,20.71,20.18,20.71,28925828.0
2014-09-12,20.62,20.73,20.31,20.4,37974096.0
2014-09-15,20.25,20.42,19.81,19.95,35320774.0
2014-09-16,20.1,20.56,20.0,20.47,27658223.0
2014-09-17,19.97,20.4,19.94,20.23,38038569.0
2014-09-18,20.3,20.54,20.17,20.39,35230249.0
2014-09-19,20.52,21.28,20.31,21.23,143654076.0
2014-09-22,21.01,21.09,20.69,20.77,38429203.0
2014-09-23,20.56,20.69,20.18,20.27,33372323.0
2014-09-24,20.34,20.82,20.05,20.78,26434830.0
2014-09-25,20.59,20.8,19.74,19.75,32693619.0
2014-09-26,19.64,20.33,19.47,20.12,26453570.0
2014-09-29,19.69,20.27,19.47,20.15,25699077.0
2014-09-30,20.08,20.18,19.72,20.07,32211846.0
2014-10-01,19.98,20.24,19.55,19.63,37598263.0
2014-10-02,19.54,19.81,19.35,19.47,25031803.0
2014-10-03,19.69,20.01,19.32,19.8,32136468.0
2014-10-06,19.83,20.01,19.63,19.8,20378348.0
2014-10-07,19.57,19.64,19.13,19.22,25280340.0
2014-10-08,19.19,20.6,19.05,20.49,32940067.0
2014-10-09,20.21,20.51,19.45,19.56,32831592.0
2014-10-10,19.31,19.83,17.66,17.74,51455954.0
2014-10-13,17.53,18.27,17.2,17.36,36910269.0
2014-10-14,17.58,18.09,17.27,17.44,37974727.0
2014-10-15,16.71,17.1,15.81,16.93,60052074.0
2014-10-16,16.24,16.79,15.93,16.45,48798160.0
2014-10-17,16.91,17.64,16.5,17.34,40437763.0
2014-10-20,16.77,17.85,16.52,17.79,34428431.0
2014-10-21,18.07,18.68,17.9,18.59,34307848.0
2014-10-22,18.71,18.78,17.93,18.09,33142671.0
2014-10-23,18.33,19.15,18.24,18.69,41765285.0
2014-10-24,20.54,20.61,18.89,19.84,60901084.0
2014-10-27,19.42,19.81,19.42,19.62,28210821.0
2014-10-28,19.57,20.21,19.48,20.2,28146418.0
2014-10-29,20.15,20.41,20.05,20.33,30090465.0
2014-10-30,20.03,20.03,19.48,19.76,29903317.0
2014-10-31,20.65,20.68,20.19,20.64,34931185.0
2014-11-03,20.6,21.17,20.44,21.15,22742246.0
2014-11-04,21.01,21.44,20.96,21.28,21250753.0
2014-11-05,21.51,21.61,20.97,21.57,22444199.0
2014-11-06,21.57,22.57,21.5,22.41,32613867.0
2014-11-07,22.63,22.63,22.0,22.38,27320476.0
2014-11-10,22.36,22.86,22.26,22.6,36339058.0
2014-11-11,22.56,22.64,22.35,22.58,22142737.0
2014-11-12,22.27,22.63,22.23,22.49,22667943.0
2014-11-13,22.52,23.35,22.41,23.32,26193752.0
2014-11-14,23.45,23.75,23.1,23.29,28091780.0
2014-11-17,23.12,23.41,22.85,23.17,30052638.0
2014-11-18,23.15,23.34,22.72,22.76,23689247.0
2014-11-19,22.68,22.77,21.95,22.24,26044303.0
2014-11-20,22.02,22.72,21.89,22.72,21451750.0
2014-11-21,23.04,23.07,21.59,21.98,42767281.0
2014-11-24,22.01,22.02,21.41,21.61,34099583.0
2014-11-25,21.68,21.99,21.47,21.49,26857073.0
2014-11-26,21.51,22.01,21.3,21.77,26792407.0
2014-11-28,21.97,22.21,21.63,21.83,21534426.0
2014-12-01,21.9,22.8,21.73,22.68,30928347.0
2014-12-02,22.86,23.07,22.22,22.49,25639831.0
2014-12-03,22.46,22.52,21.82,22.1,22419187.0
2014-12-04,22.41,23.08,22.22,22.85,30285961.0
2014-12-05,22.84,22.99,22.4,22.44,26028823.0
2014-12-08,22.28,22.37,21.46,21.71,26477454.0
2014-12-09,21.13,21.94,21.07,21.65,24131777.0
2014-12-10,21.6,21.68,20.72,20.92,30160781.0
2014-12-11,21.1,21.76,20.7,21.17,28951113.0
2014-12-12,20.8,21.75,20.69,21.0,34037462.0
2014-12-15,21.22,21.69,20.57,20.69,29152680.0
2014-12-16,19.92,20.36,19.15,19.24,47644165.0
2014-12-17,19.07,19.96,18.92,19.76,34421164.0
2014-12-18,20.6,21.54,20.35,21.54,39230376.0
2014-12-19,21.65,22.12,21.19,21.68,60645021.0
2014-12-22,21.8,22.14,21.73,22.0,26420462.0
2014-12-23,22.39,22.82,22.15,22.47,23239458.0
2014-12-24,22.66,22.66,22.1,22.16,11441760.0
2014-12-26,22.43,22.43,21.84,21.9,12950903.0
2014-12-29,21.72,21.8,21.28,21.47,14099855.0
2014-12-30,21.46,21.64,20.86,21.04,15637943.0
2014-12-31,20.75,21.46,20.47,20.47,21292179.0
2015-01-02,20.68,21.44,20.56,20.77,27620048.0
2015-01-05,20.39,20.75,20.27,20.34,38933962.0
2015-01-06,20.4,20.76,19.56,19.67,35682483.0
2015-01-07,20.0,20.48,19.51,20.25,28885441.0
2015-01-08,20.77,21.77,20.74,21.61,29190853.0
2015-01-09,21.63,21.84,20.92,21.21,23775196.0
2015-01-12,21.44,21.56,20.38,20.62,23326072.0
2015-01-13,20.99,21.93,20.08,20.37,35042900.0
2015-01-14,19.98,20.26,19.64,19.97,29592192.0
2015-01-15,20.24,20.4,19.43,19.5,30349246.0
2015-01-16,19.33,20.3,19.19,20.26,35483920.0
2015-01-20,20.32,20.67,19.59,20.41,36037661.0
2015-01-21,19.96,20.16,19.5,20.04,16079482.0
2015-01-22,20.4,21.15,20.1,21.13,35843813.0
2015-01-23,21.38,21.41,20.82,21.2,26019087.0
2015-01-26,21.02,21.15,20.26,21.03,38521866.0
2015-01-27,16.97,17.22,16.12,16.68,168470555.0
2015-01-28,16.76,16.81,15.18,15.21,84190712.0
2015-01-29,14.95,16.14,14.81,16.03,59938525.0
2015-01-30,15.57,15.6,14.37,14.42,77478606.0
2015-02-02,14.61,15.39,14.25,15.3,49764990.0
2015-02-03,15.65,15.95,15.06,15.62,51812607.0
2015-02-04,15.96,16.23,15.38,15.85,41378679.0
2015-02-05,16.24,16.66,15.87,16.46,36307209.0
2015-02-06,16.7,16.81,16.17,16.43,34271358.0
2015-02-09,16.26,16.76,16.23,16.38,27333565.0
2015-02-10,16.76,16.79,16.2,16.62,29541000.0
2015-02-11,16.67,16.67,16.23,16.4,38178824.0
2015-02-12,16.68,17.11,16.53,17.11,33015096.0
2015-02-13,17.4,17.89,17.17,17.89,39632172.0
2015-02-17,18.3,18.33,17.52,17.91,33667408.0
2015-02-18,17.96,18.03,17.72,17.86,27064237.0
2015-02-19,17.51,17.85,17.38,17.83,27521304.0
2015-02-20,17.84,18.21,17.62,18.18,29601170.0
2015-02-23,18.03,18.52,17.98,18.47,32449519.0
2015-02-24,18.48,18.63,18.25,18.42,25170493.0
2015-02-25,18.28,18.42,18.13,18.32,28824845.0
2015-02-26,18.32,18.56,18.22,18.38,26231993.0
2015-02-27,18.46,18.53,17.99,18.18,33063733.0
2015-03-02,18.0,18.52,17.88,18.21,31709456.0
2015-03-03,17.89,18.15,17.42,17.61,31067882.0
2015-03-04,17.34,17.54,17.21,17.38,25633529.0
2015-03-05,17.4,17.57,17.15,17.44,23068598.0
2015-03-06,17.33,17.44,16.48,16.69,35105341.0
2015-03-09,16.52,17.45,16.52,17.15,31754472.0
2015-03-10,16.68,17.04,16.36,16.36,38185063.0
2015-03-11,16.64,16.7,16.17,16.31,28712925.0
2015-03-12,15.66,15.98,15.19,15.35,59509823.0
2015-03-13,15.03,15.8,14.94,15.71,54506634.0
2015-03-16,15.8,15.97,15.61,15.86,34819692.0
2015-03-17,15.7,16.16,15.48,16.02,31402129.0
2015-03-18,15.76,17.16,15.66,16.83,43863551.0
2015-03-19,16.59,16.92,16.55,16.61,33528052.0
2015-03-20,16.89,17.31,16.82,17.09,68032836.0
2015-03-23,17.21,17.46,17.11,17.18,26014229.0
2015-03-24,17.11,17.5,17.08,17.23,25340130.0
2015-03-25,17.25,17.25,15.77,15.79,42893121.0
2015-03-26,15.55,15.94,15.25,15.54,37429224.0
2015-03-27,15.45,15.76,15.16,15.3,33741580.0
2015-03-30,15.43,15.87,15.24,15.29,34555074.0
2015-03-31,15.11,15.36,14.87,14.99,34543620.0
2015-04-01,14.93,15.09,14.64,15.03,36670814.0
2015-04-02,14.99,15.07,14.45,14.62,37334508.0
2015-04-06,14.67,16.11,14.51,15.87,39009824.0
2015-04-07,15.94,16.24,15.64,15.86,28728707.0
2015-04-08,15.79,16.02,15.37,15.75,24559723.0
2015-04-09,15.58,15.95,15.58,15.81,25646725.0
2015-04-10,15.96,16.28,15.74,16.05,27828318.0
2015-04-13,15.73,16.39,15.72,16.09,29470466.0
2015-04-14,16.13,16.36,15.72,15.98,23943826.0
2015-04-15,16.09,16.79,16.01,16.58,27085881.0
2015-04-16,16.28,16.67,16.15,16.49,22337342.0
2015-04-17,16.0,16.07,15.49,15.95,41660277.0
2015-04-20,16.06,17.5,16.01,17.23,44990024.0
2015-04-21,17.33,17.48,16.86,16.96,25745998.0
2015-04-22,17.0,17.46,16.88,17.31,24816913.0
2015-04-23,17.22,17.94,17.13,17.67,44487933.0
2015-04-24,19.99,22.47,19.98,22.2,127592181.0
2015-04-27,21.56,22.46,21.55,22.36,58460323.0
2015-04-28,22.11,23.54,22.03,23.48,59653035.0
2015-04-29,23.05,23.64,22.83,23.39,47187396.0
2015-04-30,23.03,23.87,22.93,23.01,63438755.0
2015-05-01,22.91,23.2,22.73,22.98,36379575.0
2015-05-04,22.7,23.2,22.51,22.57,33617026.0
2015-05-05,22.15,22.49,21.64,21.93,49492196.0
2015-05-06,21.9,22.1,20.35,20.61,51402270.0
2015-05-07,20.6,21.41,20.49,21.03,32366760.0
2015-05-08,21.88,22.31,21.85,22.05,33994413.0
2015-05-11,21.88,22.24,21.7,21.7,23829962.0
2015-05-12,21.18,22.01,20.75,21.68,28507515.0
2015-05-13,22.52,22.65,21.9,21.95,33599074.0
2015-05-14,22.36,23.15,22.36,23.05,31252920.0
2015-05-15,23.2,23.23,22.38,22.62,27696023.0
2015-05-18,22.31,22.55,21.94,22.34,23612094.0
2015-05-19,22.2,22.45,21.82,22.22,27991130.0
2015-05-20,22.03,22.57,21.91,22.22,23797930.0
2015-05-21,21.92,22.24,21.64,22.06,22389522.0
2015-05-22,21.94,21.99,21.46,21.54,25659385.0
2015-05-26,21.47,21.52,20.83,21.23,28731980.0
2015-05-27,21.46,22.41,21.26,22.25,25820099.0
2015-05-28,22.14,22.66,22.03,22.09,18865133.0
2015-05-29,22.07,22.21,21.23,21.53,33599895.0
2015-06-01,21.7,22.41,21.26,21.87,28208957.0
2015-06-02,21.57,21.99,21.26,21.56,21175810.0
2015-06-03,22.01,22.37,21.46,21.49,27953635.0
2015-06-04,21.43,21.8,20.84,21.02,26818157.0
2015-06-05,20.95,21.16,20.48,20.78,25201190.0
2015-06-08,20.94,21.07,20.31,20.37,21744392.0
2015-06-09,20.4,20.58,20.1,20.29,24084482.0
2015-06-10,20.43,21.47,20.33,21.23,27948546.0
2015-06-11,21.3,21.56,20.77,21.11,26954202.0
2015-06-12,20.86,21.11,20.54,20.61,23355953.0
2015-06-15,20.09,20.29,19.66,20.11,29665605.0
2015-06-16,19.99,20.88,19.94,20.47,26801094.0
2015-06-17,20.37,20.71,20.0,20.61,28441941.0
2015-06-18,20.86,21.44,20.81,21.34,32177943.0
2015-06-19,21.43,21.46,20.63,20.74,48476214.0
2015-06-22,20.97,21.36,20.8,20.89,20184735.0
2015-06-23,20.77,20.92,20.26,20.55,24536395.0
2015-06-24,20.31,20.88,20.19,20.27,29097853.0
2015-06-25,20.67,20.7,20.14,20.3,20563869.0
2015-06-26,20.29,20.92,19.67,19.95,38416460.0
2015-06-29,19.68,19.87,19.0,19.03,33881567.0
2015-06-30,19.35,19.36,18.58,18.79,34686041.0
2015-07-01,19.1,19.87,18.74,19.08,28243424.0
2015-07-02,19.12,19.39,18.7,19.03,21598447.0
2015-07-06,18.6,19.12,18.59,19.03,22969620.0
2015-07-07,18.98,19.13,17.96,18.96,36381496.0
2015-07-08,19.08,19.54,18.67,18.89,39408044.0
2015-07-09,19.39,19.86,19.14,19.16,32033600.0
2015-07-10,19.65,19.78,19.21,19.23,25287149.0
2015-07-13,19.61,20.26,19.59,20.17,24993274.0
2015-07-14,20.09,20.6,19.95,20.26,22690165.0
2015-07-15,20.32,20.53,20.07,20.4,23365559.0
2015-07-16,20.65,21.33,20.6,21.3,25809360.0
2015-07-17,21.19,21.42,20.9,21.24,29262734.0
2015-07-20,21.29,21.77,21.08,21.56,30253724.0
2015-07-21,21.42,21.97,21.12,21.92,40526174.0
2015-07-22,20.08,21.57,19.84,20.15,57844079.0
2015-07-23,19.91,20.87,19.74,20.75,33392336.0
2015-07-24,20.55,20.96,20.44,20.61,32070815.0
2015-07-27,20.58,20.65,19.89,20.03,39137998.0
2015-07-28,20.22,20.27,19.43,19.99,34169902.0
2015-07-29,20.04,21.42,19.9,20.92,40260346.0
2015-07-30,20.9,22.04,20.57,21.6,39432098.0
2015-07-31,21.93,22.01,21.14,21.34,31020466.0
2015-08-03,21.62,21.64,21.09,21.45,23880533.0
2015-08-04,21.39,22.35,21.32,22.18,33171643.0
2015-08-05,22.62,23.05,22.18,22.23,26942315.0
2015-08-06,22.35,22.41,20.97,21.26,26891927.0
2015-08-07,21.03,21.42,20.9,21.38,19137360.0
2015-08-10,21.59,22.13,21.48,21.97,22710898.0
2015-08-11,21.46,21.58,20.54,21.07,28300230.0
2015-08-12,20.83,21.54,20.34,21.38,29663311.0
2015-08-13,21.7,21.74,21.13,21.37,22377695.0
2015-08-14,21.17,21.74,21.16,21.64,21356188.0
2015-08-17,21.45,22.09,21.21,21.96,20965484.0
2015-08-18,21.79,22.38,21.65,22.22,23302482.0
2015-08-19,21.73,22.03,21.25,21.56,31378965.0
2015-08-20,21.02,21.42,20.61,20.7,35599332.0
2015-08-21,20.25,20.43,18.02,18.02,68708635.0
2015-08-24,15.4,18.26,14.67,16.66,87933034.0
2015-08-25,17.51,18.19,15.34,15.48,69884965.0
2015-08-26,16.96,17.79,16.01,17.66,62852294.0
2015-08-27,18.18,18.9,17.87,18.85,50280765.0
2015-08-28,18.35,19.1,18.34,18.89,28097825.0
2015-08-31,18.51,18.88,18.05,18.47,33542263.0
2015-09-01,17.12,17.54,16.61,16.77,48878835.0
2015-09-02,17.31,18.33,16.83,18.31,37449360.0
2015-09-03,18.36,18.93,18.23,18.45,28042959.0
2015-09-04,17.76,17.99,17.14,17.56,36727377.0
2015-09-08,18.25,18.95,18.15,18.84,31959484.0
2015-09-09,19.16,19.35,17.86,18.02,33299974.0
2015-09-10,18.07,18.74,17.69,18.24,31183992.0
2015-09-11,18.09,18.54,17.89,18.43,26126796.0
2015-09-14,18.38,18.39,17.81,18.0,23357255.0
2015-09-15,18.14,19.24,18.03,18.93,28452693.0
2015-09-16,18.92,19.33,18.79,19.25,23252776.0
2015-09-17,19.24,19.95,19.03,19.21,29729386.0
2015-09-18,18.45,18.94,18.28,18.43,58596247.0
2015-09-21,18.57,19.42,18.55,19.06,25994889.0
2015-09-22,18.33,19.0,18.26,18.86,27729402.0
2015-09-23,18.88,19.12,18.46,18.82,17044186.0
2015-09-24,18.4,19.08,18.22,18.89,27398690.0
2015-09-25,19.43,19.68,18.71,18.87,29093394.0
2015-09-28,18.78,19.03,18.15,18.24,27173736.0
2015-09-29,18.32,18.52,18.0,18.39,32606623.0
2015-09-30,18.83,19.25,18.61,19.15,34294538.0
2015-10-01,19.7,19.7,18.7,19.57,28175320.0
2015-10-02,19.22,20.52,18.87,20.52,41458135.0
2015-10-05,20.69,21.84,20.65,21.56,32995508.0
2015-10-06,21.28,22.12,21.17,21.7,27325459.0
2015-10-07,22.05,22.3,20.9,21.73,27346856.0
2015-10-08,21.51,22.46,21.45,22.4,33052228.0
2015-10-09,22.4,22.49,21.87,22.06,28369883.0
2015-10-12,21.93,22.02,21.45,21.95,19666826.0
2015-10-13,21.51,22.08,21.51,21.84,18859677.0
2015-10-14,21.6,22.05,21.48,21.63,24491324.0
2015-10-15,21.96,21.98,21.48,21.96,27117498.0
2015-10-16,21.97,22.49,21.84,22.46,25744215.0
2015-10-19,22.37,22.83,21.97,22.57,29104881.0
2015-10-20,22.39,22.76,21.97,22.72,30544375.0
2015-10-21,22.87,22.94,22.06,22.15,25139606.0
2015-10-22,22.48,23.9,22.04,22.98,53423795.0
2015-10-23,27.25,29.02,27.2,27.93,134134552.0
2015-10-26,27.48,29.27,27.45,29.2,63237416.0
2015-10-27,28.94,29.32,28.53,28.64,48593103.0
2015-10-28,28.49,28.93,27.81,28.93,45148836.0
2015-10-29,28.49,28.78,28.17,28.31,30024427.0
2015-10-30,28.27,28.94,27.57,27.59,46258768.0
2015-11-02,27.8,28.31,27.57,28.2,29936477.0
2015-11-03,27.88,29.34,27.85,29.1,35782048.0
2015-11-04,29.13,29.83,29.01,29.35,36932099.0
2015-11-05,29.44,29.65,28.95,29.33,30662870.0
2015-11-06,29.03,29.93,28.91,29.87,30858539.0
2015-11-09,29.5,29.82,28.51,29.11,32484812.0
2015-11-10,29.02,29.08,28.22,28.46,55079308.0
2015-11-11,28.65,29.15,28.41,28.6,34009808.0
2015-11-12,28.43,28.92,28.14,28.27,34509380.0
2015-11-13,28.02,28.24,27.48,27.79,36413394.0
2015-11-16,28.03,28.84,27.8,28.71,31723719.0
2015-11-17,28.48,28.84,28.16,28.28,31211644.0
2015-11-18,28.31,29.29,28.29,29.16,28800185.0
2015-11-19,29.3,29.97,29.09,29.25,28131312.0
2015-11-20,29.56,29.61,28.57,29.5,37101507.0
2015-11-23,29.59,29.77,29.06,29.5,27767580.0
2015-11-24,29.23,29.75,28.89,29.56,24482348.0
2015-11-25,29.4,29.54,29.0,29.0,20933218.0
2015-11-27,29.11,29.39,29.1,29.24,9009113.0
2015-11-30,29.85,30.27,29.31,29.67,53992464.0
2015-12-01,29.72,30.54,29.61,30.53,39848757.0
2015-12-02,30.63,31.27,30.37,30.52,47244561.0
2015-12-03,30.8,31.08,29.24,29.52,38532249.0
2015-12-04,29.43,31.54,29.41,31.22,42549999.0
2015-12-07,31.1,31.28,30.6,31.13,30652797.0
2015-12-08,30.78,31.41,30.3,31.1,32597981.0
2015-12-09,30.68,31.18,29.82,30.29,36151403.0
2015-12-10,30.7,30.96,30.32,30.58,31620727.0
2015-12-11,30.02,30.41,29.32,29.37,39419769.0
2015-12-14,29.64,30.52,28.99,30.46,46848140.0
2015-12-15,30.97,31.21,30.4,30.51,39617244.0
2015-12-16,30.85,31.55,30.07,31.44,37248433.0
2015-12-17,31.67,32.1,30.84,31.01,41211691.0
2015-12-18,31.08,31.31,29.34,29.44,83798438.0
2015-12-21,30.19,30.66,29.53,30.11,36909513.0
2015-12-22,30.3,30.79,29.81,30.66,28300849.0
2015-12-23,31.01,31.19,30.75,31.13,27185227.0
2015-12-24,31.17,31.27,30.74,30.98,9569402.0
2015-12-28,30.66,31.26,30.29,31.26,21698476.0
2015-12-29,31.6,32.16,31.37,31.86,27631254.0
2015-12-30,31.78,32.09,31.59,31.62,21650545.0
2015-12-31,31.35,31.5,30.73,30.76,26573083.0
2016-01-04,29.63,30.11,28.7,30.1,52949025.0
2016-01-05,30.24,30.7,29.85,30.36,34055271.0
2016-01-06,29.63,29.71,28.95,29.36,39475569.0
2016-01-07,28.01,28.79,27.38,27.51,55769956.0
2016-01-08,27.68,28.59,27.46,27.64,48446372.0
2016-01-11,27.82,28.16,26.77,27.61,36663860.0
2016-01-12,28.07,28.41,27.37,28.08,35697775.0
2016-01-13,29.11,29.38,26.61,26.95,66773189.0
2016-01-14,27.31,28.72,26.88,28.42,51433616.0
2016-01-15,26.62,27.28,25.65,26.3,70744989.0
2016-01-19,26.79,26.99,25.37,25.87,43128553.0
2016-01-20,25.29,26.69,24.41,26.1,63192972.0
2016-01-21,26.31,26.89,25.61,25.77,40169512.0
2016-01-22,26.72,27.64,26.57,27.59,36878402.0
2016-01-25,27.25,27.96,26.96,27.1,34630088.0
2016-01-26,27.1,27.75,26.86,27.48,28723582.0
2016-01-27,27.32,27.51,26.33,26.53,36726634.0
2016-01-28,27.17,27.52,26.56,27.36,61544926.0
2016-01-29,30.04,30.4,29.31,30.4,83561309.0
2016-02-01,30.19,30.4,29.8,30.02,44172929.0
2016-02-02,29.48,29.57,27.96,28.31,56275501.0
2016-02-03,28.56,28.7,26.57,27.47,57528346.0
2016-02-04,27.41,28.12,26.68,27.31,46967117.0
2016-02-05,27.25,27.31,24.87,25.47,61360597.0
2016-02-08,24.86,24.88,23.5,24.72,59281220.0
2016-02-09,24.33,25.55,23.98,24.59,46718806.0
2016-02-10,25.2,25.7,24.83,25.02,38220948.0
2016-02-11,23.99,25.42,23.82,25.0,48867752.0
2016-02-12,25.56,25.99,25.06,25.81,34216645.0
2016-02-16,26.57,26.76,25.8,26.76,36460451.0
2016-02-17,27.16,28.44,27.12,28.09,40781299.0
2016-02-18,28.0,28.62,27.77,27.86,27019785.0
2016-02-19,27.64,27.95,27.2,27.49,33558279.0
2016-02-22,27.95,28.67,27.95,28.32,24992230.0
2016-02-23,28.01,28.04,26.65,26.85,28866558.0
2016-02-24,26.36,27.17,25.87,27.03,32927120.0
2016-02-25,27.4,27.77,26.28,27.77,26906639.0
2016-02-26,28.27,28.35,26.77,26.97,35945289.0
2016-02-29,27.02,27.32,26.33,26.55,31632163.0
2016-03-01,26.64,28.26,26.59,28.25,33001552.0
2016-03-02,28.08,28.63,27.82,28.62,29257627.0
2016-03-03,28.64,28.64,27.45,28.02,24423468.0
2016-03-04,28.07,28.12,27.38,27.7,33033005.0
2016-03-07,27.23,27.47,26.25,26.7,38426369.0
2016-03-08,26.47,27.8,26.26,27.32,33823189.0
2016-03-09,27.56,28.52,27.52,28.51,28240771.0
2016-03-10,28.6,28.61,26.83,27.72,38386599.0
2016-03-11,28.67,28.74,28.05,28.74,32267994.0
2016-03-14,28.38,29.26,28.3,28.84,24079769.0
2016-03-15,28.42,29.26,28.41,29.26,21011529.0
2016-03-16,29.12,30.27,29.07,30.02,31679281.0
2016-03-17,29.88,30.67,29.67,30.33,28194205.0
2016-03-18,30.59,30.64,29.11,29.16,67612424.0
2016-03-21,28.92,29.6,28.6,29.53,23922205.0
2016-03-22,29.28,29.92,29.13,29.74,23106644.0
2016-03-23,29.78,29.91,29.41,29.64,20123802.0
2016-03-24,29.51,30.0,29.4,29.88,19622997.0
2016-03-28,29.88,29.96,29.0,29.21,17018122.0
2016-03-29,29.33,30.53,29.12,30.38,23914468.0
2016-03-30,30.6,31.31,30.57,30.72,22996339.0
2016-03-31,30.62,31.26,30.53,30.9,26353656.0
2016-04-01,30.72,31.28,30.24,31.24,24384543.0
2016-04-04,31.1,31.33,30.67,31.1,18909129.0
2016-04-05,30.86,30.97,30.13,30.23,19261621.0
2016-04-06,30.03,30.87,29.88,30.79,21171802.0
2016-04-07,30.54,30.58,29.9,30.13,19221467.0
2016-04-08,30.34,30.95,29.99,30.09,22159633.0
2016-04-11,30.16,30.82,29.97,29.98,21400404.0
2016-04-12,30.04,30.45,29.43,30.32,24874712.0
2016-04-13,30.79,31.1,30.56,31.02,20813725.0
2016-04-14,30.89,31.24,30.74,31.03,20875257.0
2016-04-15,30.97,31.59,30.78,31.32,28466972.0
2016-04-18,31.16,32.26,30.88,32.13,23763373.0
2016-04-19,32.3,32.44,31.35,32.06,29567275.0
2016-04-20,31.96,32.17,31.15,31.26,36172714.0
2016-04-21,31.47,31.9,31.08,31.45,38298229.0
2016-04-22,27.58,28.1,26.44,27.45,126800747.0
2016-04-25,27.45,27.8,27.3,27.78,33152900.0
2016-04-26,27.93,28.02,26.76,27.11,33514928.0
2016-04-27,27.15,27.17,26.22,26.61,43353774.0
2016-04-28,26.29,26.44,25.23,25.57,43117557.0
2016-04-29,25.02,25.92,25.02,25.54,48391578.0
2016-05-02,25.67,26.42,25.45,26.28,33106117.0
2016-05-03,26.01,26.08,25.27,25.45,26446926.0
2016-05-04,25.51,25.73,25.13,25.54,24249974.0
2016-05-05,25.54,25.97,25.4,25.61,25387039.0
2016-05-06,25.59,26.06,25.33,26.06,24772263.0
2016-05-09,26.16,26.25,25.67,25.74,17883760.0
2016-05-10,26.0,26.77,25.86,26.69,22872016.0
2016-05-11,26.8,27.45,26.67,26.72,24026245.0
2016-05-12,26.87,27.48,26.59,27.18,24102271.0
2016-05-13,27.11,27.56,26.71,26.75,22590942.0
2016-05-16,26.47,27.63,26.42,27.5,19963247.0
2016-05-17,27.75,27.76,26.39,26.54,27791767.0
2016-05-18,26.51,27.17,26.33,26.84,24882826.0
2016-05-19,26.5,26.65,25.85,26.35,23788548.0
2016-05-20,26.51,27.25,26.43,26.65,23770698.0
2016-05-23,26.63,26.71,26.01,26.06,26110358.0
2016-05-24,26.73,27.74,26.43,27.62,34726712.0
2016-05-25,27.95,28.52,27.82,28.15,24179076.0
2016-05-26,27.96,28.0,27.39,27.92,24308615.0
2016-05-27,27.95,28.35,27.8,28.35,17719601.0
2016-05-31,28.29,29.03,28.11,29.03,37485372.0
2016-06-01,28.47,28.98,28.47,28.88,25104349.0
2016-06-02,28.67,28.77,27.86,28.51,22682215.0
2016-06-03,28.41,28.45,27.63,27.82,23254933.0
2016-06-06,28.02,28.38,27.92,28.16,18242757.0
2016-06-07,28.27,28.76,28.13,28.13,20845841.0
2016-06-08,28.05,28.47,27.9,28.07,21127791.0
2016-06-09,28.03,28.03,27.52,27.65,20304788.0
2016-06-10,27.08,28.08,27.07,27.51,25833020.0
2016-06-13,25.61,26.74,25.09,26.17,83207033.0
2016-06-14,25.93,26.13,25.6,25.86,42568585.0
2016-06-15,25.81,26.15,25.72,25.72,33736542.0
2016-06-16,25.55,26.5,25.53,26.42,31104555.0
2016-06-17,26.44,26.46,25.85,26.16,45676164.0
2016-06-20,26.67,26.86,26.06,26.1,35597330.0
2016-06-21,26.23,27.46,26.19,27.22,34075565.0
2016-06-22,27.11,27.49,26.98,27.02,28802655.0
2016-06-23,27.31,28.09,27.18,27.94,28961662.0
2016-06-24,25.84,26.97,25.55,25.86,133494009.0
2016-06-27,25.13,25.15,24.87,24.93,4112315.0
2016-06-28,24.95,25.5,24.7,25.47,38135200.0
2016-06-29,25.94,26.75,25.83,26.57,31288665.0
2016-06-30,26.75,27.33,26.53,27.2,28524019.0
2016-07-01,27.16,27.75,27.1,27.19,21399004.0
2016-07-05,26.86,27.31,26.77,27.2,24782552.0
2016-07-06,26.81,27.57,26.42,27.41,28166584.0
2016-07-07,27.45,27.64,27.1,27.41,19582213.0
2016-07-08,27.76,28.39,27.58,28.33,28391022.0
2016-07-11,28.53,28.86,28.5,28.62,21894554.0
2016-07-12,28.97,29.43,28.81,29.24,27312651.0
2016-07-13,29.59,29.89,29.21,29.54,25346434.0
2016-07-14,29.87,30.02,29.61,29.77,24541169.0
2016-07-15,29.98,30.03,29.24,29.73,31987853.0
2016-07-18,29.73,30.37,29.58,29.99,31411532.0
2016-07-19,29.74,29.93,28.96,29.12,51983776.0
2016-07-20,32.18,32.87,31.56,31.94,89841341.0
2016-07-21,32.01,32.26,31.79,31.83,32760022.0
2016-07-22,32.11,32.65,31.81,32.6,32151703.0
2016-07-25,32.5,32.77,32.28,32.76,24313840.0
2016-07-26,32.55,33.32,32.54,32.79,28037777.0
2016-07-27,32.64,32.83,32.14,32.22,32324602.0
2016-07-28,32.03,32.4,31.75,32.24,37246339.0
2016-07-29,32.29,32.79,32.08,32.71,30557347.0
2016-08-01,32.63,32.78,32.17,32.61,26003105.0
2016-08-02,32.88,32.93,32.34,32.61,35115251.0
2016-08-03,32.71,33.14,32.52,33.0,22075191.0
2016-08-04,32.83,33.54,32.7,33.42,26518680.0
2016-08-05,33.68,34.24,33.48,33.99,28804778.0
2016-08-08,34.08,34.11,33.81,34.09,19466371.0
2016-08-09,34.2,34.53,34.05,34.23,16894046.0
2016-08-10,34.19,34.35,33.85,34.05,15702936.0
2016-08-11,34.06,34.48,34.06,34.33,18161289.0
2016-08-12,34.06,34.22,33.65,33.97,21646688.0
2016-08-15,34.04,34.53,33.99,34.15,19264818.0
2016-08-16,34.0,34.01,33.66,33.83,20453030.0
2016-08-17,33.93,34.07,33.62,33.95,18798939.0
2016-08-18,33.81,34.09,33.66,33.99,14211812.0
2016-08-19,33.82,34.12,33.59,34.01,17271014.0
2016-08-22,33.99,34.14,33.65,34.06,15220004.0
2016-08-23,34.29,34.57,34.24,34.28,18722558.0
2016-08-24,34.19,34.43,34.1,34.34,17118419.0
2016-08-25,34.27,34.68,34.17,34.56,18551939.0
2016-08-26,34.67,35.09,34.08,34.42,20935165.0
2016-08-29,34.57,34.99,34.49,34.49,16392495.0
2016-08-30,34.37,34.58,34.0,34.28,16900191.0
2016-08-31,34.04,34.19,33.69,33.85,20847156.0
2016-09-01,33.4,34.21,33.4,33.98,26063374.0
2016-09-02,34.06,34.58,33.81,34.06,18897211.0
2016-09-06,34.17,34.19,33.6,34.0,16273857.0
2016-09-07,33.86,34.23,33.79,34.05,17486813.0
2016-09-08,34.02,34.18,33.57,33.82,20109175.0
2016-09-09,33.18,33.91,32.6,32.6,35029026.0
2016-09-12,32.39,33.59,32.0,33.44,29266978.0
2016-09-13,32.89,33.04,32.44,32.92,30062325.0
2016-09-14,32.78,33.02,32.42,32.65,24265696.0
2016-09-15,32.54,33.74,32.37,33.58,27058479.0
2016-09-16,34.02,34.02,33.14,33.64,44603894.0
2016-09-19,33.66,34.14,33.24,33.32,20919445.0
2016-09-20,33.74,33.74,33.14,33.2,17366579.0
2016-09-21,33.9,34.24,33.47,34.15,33624991.0
2016-09-22,34.31,34.39,34.02,34.21,19821896.0
2016-09-23,34.26,34.3,33.77,33.82,19941192.0
2016-09-26,33.47,33.53,33.22,33.29,21186745.0
2016-09-27,33.32,34.45,33.07,34.34,28030619.0
2016-09-28,34.27,34.45,34.06,34.42,20523320.0
2016-09-29,34.2,34.55,33.6,33.79,25389834.0
2016-09-30,33.96,34.16,33.73,33.99,29878420.0
2016-10-03,33.79,33.94,33.45,33.81,19157360.0
2016-10-04,33.66,33.98,33.36,33.63,20061945.0
2016-10-05,33.68,34.35,33.65,34.03,16708623.0
2016-10-06,34.13,34.25,33.67,34.13,16194467.0
2016-10-07,34.24,34.37,33.81,34.19,20066816.0
2016-10-10,34.3,34.78,34.26,34.43,18163120.0
2016-10-11,34.28,34.41,33.28,33.58,26484024.0
2016-10-12,33.5,33.66,32.79,33.5,22157095.0
2016-10-13,33.09,33.69,32.7,33.31,25217586.0
2016-10-14,33.51,34.13,33.51,33.81,27386629.0
2016-10-17,33.75,33.85,33.26,33.61,23829489.0
2016-10-18,33.92,34.33,33.8,34.05,19137029.0
2016-10-19,33.86,34.23,33.78,33.92,22841702.0
2016-10-20,33.89,33.91,33.05,33.64,48962889.0
2016-10-21,36.67,36.84,35.87,36.05,80008684.0
2016-10-24,36.33,37.39,36.32,37.39,54044942.0
2016-10-25,37.24,37.76,37.19,37.38,35121626.0
2016-10-26,37.2,37.59,36.86,37.02,29908673.0
2016-10-27,37.0,37.22,36.48,36.49,28473432.0
2016-10-28,36.4,36.91,35.97,36.26,33571945.0
2016-10-31,36.55,36.81,36.31,36.31,26419199.0
2016-11-01,36.36,36.41,35.64,36.19,24509432.0
2016-11-02,36.21,36.32,35.69,35.82,22120592.0
2016-11-03,35.92,36.03,35.5,35.6,21448659.0
2016-11-04,35.04,35.67,34.91,35.1,28693748.0
2016-11-07,36.17,36.91,36.17,36.81,31652342.0
2016-11-08,36.94,37.17,36.54,36.86,22924843.0
2016-11-09,36.39,36.98,35.59,36.56,49612143.0
2016-11-10,36.87,36.88,34.02,35.09,57772011.0
2016-11-11,34.62,35.5,34.4,35.41,38759155.0
2016-11-14,35.41,35.47,33.67,34.51,41250165.0
2016-11-15,35.11,36.27,35.09,35.65,35853615.0
2016-11-16,35.72,36.44,35.59,36.43,27331352.0
2016-11-17,37.19,37.73,36.74,37.42,32084891.0
2016-11-18,37.56,37.92,37.08,37.13,27479591.0
2016-11-21,37.28,37.75,37.2,37.64,19641977.0
2016-11-22,37.76,38.04,37.58,37.9,23206233.0
2016-11-23,37.79,37.88,37.03,37.18,21848138.0
2016-11-25,37.08,37.31,36.91,37.31,8409616.0
2016-11-28,37.12,37.8,36.99,37.39,20614439.0
2016-11-29,37.43,38.19,37.3,37.87,22365880.0
2016-11-30,37.64,37.96,36.99,37.04,34641574.0
2016-12-01,36.89,36.93,35.71,35.98,34524391.0
2016-12-02,35.86,36.25,35.58,36.03,25514560.0
2016-12-05,36.48,37.36,36.34,37.0,23552131.0
2016-12-06,37.21,37.24,36.58,36.73,19966545.0
2016-12-07,36.79,38.16,36.58,38.15,30807747.0
2016-12-08,38.08,38.36,37.62,37.79,21201567.0
2016-12-09,37.96,38.77,37.9,38.75,27338795.0
2016-12-12,38.6,39.08,38.5,38.95,20186646.0
2016-12-13,39.28,40.2,39.02,39.76,35072234.0
2016-12-14,39.78,40.23,39.31,39.46,30336987.0
2016-12-15,39.48,39.93,39.08,39.36,27662280.0
2016-12-16,39.73,39.73,38.89,39.08,42452668.0
2016-12-19,39.34,40.55,39.2,40.4,34318874.0
2016-12-20,40.47,40.58,39.8,40.32,26018034.0
2016-12-21,40.21,40.48,39.9,40.32,17084367.0
2016-12-22,40.62,40.88,40.18,40.33,22175469.0
2016-12-23,40.23,40.32,39.58,40.02,12399597.0
2016-12-27,39.99,40.85,39.99,40.06,11744672.0
2016-12-28,40.18,40.18,39.61,39.77,14348548.0
2016-12-29,39.64,39.98,39.51,39.68,10248530.0
2016-12-30,39.74,39.77,38.81,38.92,25575722.0
2017-01-03,39.57,39.62,38.9,39.36,20657411.0
2017-01-04,39.26,39.53,38.9,39.08,21325243.0
2017-01-05,38.97,39.44,38.81,39.08,24867884.0
2017-01-06,39.08,39.93,38.82,39.62,19906438.0
2017-01-09,39.54,39.86,39.32,39.42,20374415.0
2017-01-10,39.51,39.85,39.06,39.4,18592152.0
2017-01-11,39.39,40.01,39.21,39.97,21503764.0
2017-01-12,39.84,40.18,38.73,39.39,20966044.0
2017-01-13,39.4,39.64,39.13,39.48,19421371.0
2017-01-17,39.46,39.48,38.81,39.31,20663137.0
2017-01-18,39.45,39.48,38.9,39.28,19667309.0
2017-01-19,39.02,39.76,38.97,39.08,18438615.0
2017-01-20,39.45,39.6,39.15,39.52,30067741.0
2017-01-23,39.48,39.89,39.35,39.74,23058415.0
2017-01-24,39.98,40.51,39.72,40.3,24651306.0
2017-01-25,40.73,40.88,40.23,40.46,24482967.0
2017-01-26,40.9,41.31,40.33,41.05,42801659.0
2017-01-27,42.17,42.69,41.67,42.56,44808000.0
2017-01-30,42.47,42.57,41.58,41.91,31627618.0
2017-01-31,41.64,41.93,41.04,41.43,25261298.0
2017-02-01,41.13,41.4,40.25,40.36,39652625.0
2017-02-02,40.03,40.19,39.53,39.95,45821477.0
2017-02-03,40.28,40.48,39.85,40.46,30291134.0
2017-02-06,40.28,40.43,39.92,40.42,19776960.0
2017-02-07,40.52,40.56,40.01,40.21,20272020.0
2017-02-08,40.35,40.59,40.0,40.12,18089599.0
2017-02-09,40.3,41.21,40.1,40.84,22634238.0
2017-02-10,41.03,41.08,40.75,40.78,18169978.0
2017-02-13,41.02,41.64,40.91,41.5,22872456.0
2017-02-14,41.58,41.89,41.19,41.74,23080268.0
2017-02-15,41.67,41.74,41.32,41.7,16984851.0
2017-02-16,41.91,42.41,41.61,41.69,20539513.0
2017-02-17,41.64,41.86,41.47,41.79,21246248.0
2017-02-21,41.78,42.12,41.62,41.66,20643340.0
2017-02-22,41.5,41.56,41.22,41.53,19274882.0
2017-02-23,41.59,41.89,41.36,41.79,20256096.0
2017-02-24,41.7,41.97,41.3,41.79,21780116.0
2017-02-27,41.71,41.71,41.21,41.4,15852423.0
2017-02-28,41.25,41.37,40.93,41.15,23225747.0
2017-03-01,41.3,42.16,41.19,42.11,26911427.0
2017-03-02,41.86,41.92,41.05,41.18,24533492.0
2017-03-03,41.16,41.45,40.79,41.42,18138239.0
2017-03-06,41.14,41.73,40.98,41.44,17536610.0
2017-03-07,41.36,41.94,41.36,41.57,18507837.0
2017-03-08,41.43,42.25,41.42,42.16,21510514.0
2017-03-09,42.36,42.37,41.65,41.9,19846478.0
2017-03-10,42.28,42.43,41.92,42.1,19531325.0
2017-03-13,42.18,42.36,41.74,41.88,19559017.0
2017-03-14,41.7,41.72,41.32,41.58,14280082.0
2017-03-15,41.72,42.09,41.42,41.92,24819725.0
2017-03-16,41.92,41.93,41.47,41.81,20638366.0
2017-03-17,42.08,42.41,41.85,42.04,49085342.0
2017-03-20,42.08,42.34,41.89,42.1,14591156.0
2017-03-21,42.36,42.67,41.3,41.38,26603822.0
2017-03-22,41.29,42.31,41.29,42.2,20636201.0
2017-03-23,42.11,42.4,41.93,42.04,19267038.0
2017-03-24,42.29,42.62,41.93,42.15,22616729.0
2017-03-27,41.8,42.39,41.52,42.27,18609656.0
2017-03-28,42.13,42.64,41.82,42.46,20066173.0
2017-03-29,42.29,42.67,42.11,42.64,13614006.0
2017-03-30,42.59,43.15,42.53,42.88,15109796.0
2017-03-31,42.82,43.36,42.62,43.03,21037274.0
2017-04-03,42.98,43.11,42.36,42.72,20398005.0
2017-04-04,42.56,42.98,42.45,42.9,12995380.0
2017-04-05,43.47,43.52,42.61,42.73,21424826.0
2017-04-06,42.77,43.22,42.65,42.9,18074362.0
2017-04-07,43.02,43.13,42.61,42.85,14089789.0
2017-04-10,42.78,42.99,42.53,42.7,17951969.0
2017-04-11,42.77,42.78,42.02,42.65,18789138.0
2017-04-12,42.59,42.68,42.28,42.4,17107430.0
2017-04-13,42.46,43.03,42.12,42.12,17877256.0
2017-04-17,42.21,42.66,42.18,42.65,16685699.0
2017-04-18,42.5,42.88,42.33,42.56,15145346.0
2017-04-19,42.82,42.92,42.06,42.21,26984943.0
2017-04-20,42.63,42.92,42.31,42.67,22298360.0
2017-04-21,42.84,43.87,42.62,43.57,32512986.0
2017-04-24,44.65,44.83,44.27,44.7,29724504.0
2017-04-25,45.07,45.21,44.77,45.09,30230328.0
2017-04-26,45.25,45.48,44.79,45.0,26167644.0
2017-04-27,45.32,45.55,44.75,45.44,34348717.0
2017-04-28,46.08,46.31,44.86,45.63,39537979.0
2017-05-01,45.85,46.72,45.67,46.58,31927513.0
2017-05-02,46.88,46.88,46.3,46.47,23530534.0
2017-05-03,46.55,46.55,45.88,46.25,28902129.0
2017-05-04,46.2,46.25,45.81,45.98,21686033.0
2017-05-05,46.07,46.2,45.65,46.17,19106953.0
2017-05-08,46.14,46.22,45.59,46.11,18553919.0
2017-05-09,46.03,46.45,45.85,46.21,22845421.0
2017-05-10,46.16,46.73,46.09,46.48,17934440.0
2017-05-11,45.53,45.9,45.29,45.63,28771278.0
2017-05-12,45.78,45.78,45.21,45.55,18701906.0
2017-05-15,45.31,45.65,44.74,45.6,30961781.0
2017-05-16,45.79,47.0,45.72,46.97,34939874.0
2017-05-17,46.45,46.66,44.99,45.04,30495372.0
2017-05-18,44.96,45.69,44.7,45.27,25185551.0
2017-05-19,45.06,45.65,44.99,45.25,26949390.0
2017-05-22,45.45,46.06,45.06,46.01,16216114.0
2017-05-23,46.28,46.31,45.94,46.24,15424141.0
2017-05-24,46.43,46.44,46.01,46.33,14665916.0
2017-05-25,46.53,47.44,46.47,47.18,21838881.0
2017-05-26,47.36,47.78,47.08,47.52,19821507.0
2017-05-30,47.35,47.97,47.33,47.97,17057450.0
2017-05-31,48.09,48.3,47.37,47.4,30448615.0
2017-06-01,47.8,48.17,47.01,47.66,21574415.0
2017-06-02,48.0,49.42,47.8,49.32,34736415.0
2017-06-05,49.53,50.45,49.37,49.84,33305136.0
2017-06-06,49.86,50.18,49.83,50.08,31506620.0
2017-06-07,50.19,50.33,49.51,49.95,22282577.0
2017-06-08,50.07,50.08,49.06,49.51,24462260.0
2017-06-09,49.59,49.64,46.15,47.88,49143957.0
2017-06-12,46.81,47.5,45.69,47.34,47721379.0
2017-06-13,47.58,48.38,47.52,48.21,25256970.0
2017-06-14,48.47,48.66,46.99,47.83,25483815.0
2017-06-15,46.83,47.77,46.36,47.46,26058679.0
2017-06-16,47.29,47.58,46.78,47.56,48278130.0
2017-06-19,48.06,48.5,47.91,48.43,23621211.0
2017-06-20,48.38,48.43,47.43,47.47,21511210.0
2017-06-21,47.77,48.18,47.5,47.83,19683415.0
2017-06-22,48.1,48.15,47.27,47.82,22602133.0
2017-06-23,47.65,48.81,47.48,48.77,27072039.0
2017-06-26,48.96,49.27,48.0,48.09,19508739.0
2017-06-27,47.67,47.74,46.74,46.77,25214384.0
2017-06-28,46.77,47.4,46.35,47.36,25803713.0
2017-06-29,46.94,47.05,45.65,46.05,28899033.0
2017-06-30,46.34,46.94,46.3,46.49,24150600.0
2017-07-03,46.89,47.16,45.58,45.73,16165538.0
2017-07-05,45.81,47.0,45.78,46.64,21164772.0
2017-07-06,45.83,46.34,45.68,46.13,21108328.0
2017-07-07,46.26,47.4,46.26,47.02,16878317.0
2017-07-10,47.02,47.81,46.76,47.54,15014503.0
2017-07-11,47.52,48.24,47.32,47.55,11589607.0
2017-07-12,48.25,48.84,48.11,48.71,11536850.0
2017-07-13,49.04,49.6,48.87,49.33,13216507.0
2017-07-14,49.79,50.83,49.52,50.34,16756561.0
2017-07-17,50.42,51.01,50.28,50.91,14495881.0
2017-07-18,50.68,50.95,50.22,50.86,16891127.0
2017-07-19,51.06,51.6,51.01,51.42,22416222.0
2017-07-20,51.76,51.86,50.84,51.78,26310328.0
2017-07-21,51.04,51.85,50.73,51.35,31446191.0
2017-07-24,51.06,51.31,50.69,51.16,14412838.0
2017-07-25,51.3,51.87,51.06,51.75,13928635.0
2017-07-26,51.82,51.94,51.37,51.61,10643936.0
2017-07-27,51.32,51.98,49.88,50.72,36844220.0
2017-07-28,50.2,50.87,50.1,50.6,10865734.0
2017-07-31,50.86,51.0,49.97,50.26,23600054.0
2017-08-01,50.72,50.98,50.05,50.14,14123229.0
2017-08-02,50.11,50.12,49.0,49.82,17803159.0
2017-08-03,49.74,50.0,49.41,49.71,11933838.0
2017-08-04,49.96,50.6,49.8,50.24,14027792.0
2017-08-07,50.36,50.45,49.82,49.96,12139986.0
2017-08-08,49.65,50.69,49.31,50.35,14436652.0
2017-08-09,49.81,50.07,49.61,50.03,22213410.0
2017-08-10,49.46,49.75,48.91,48.97,24734461.0
2017-08-11,49.05,50.26,48.84,50.06,21443675.0
2017-08-14,50.62,51.28,50.51,51.15,20096592.0
2017-08-15,51.54,51.54,50.99,51.17,19181402.0
2017-08-16,51.29,52.05,51.12,51.6,18150402.0
2017-08-17,51.53,51.82,50.35,50.35,22977519.0
2017-08-18,50.16,50.79,49.88,50.44,18761491.0
2017-08-21,50.42,50.43,49.65,50.1,17734767.0
2017-08-22,50.3,51.19,50.3,51.11,14343674.0
2017-08-23,50.91,51.1,50.48,50.67,13766507.0
2017-08-24,50.69,50.81,50.02,50.64,17098282.0
2017-08-25,50.81,51.3,50.43,50.77,12794301.0
2017-08-28,51.01,51.04,50.5,50.78,14569715.0
2017-08-29,50.2,51.11,50.0,51.0,11478382.0
2017-08-30,50.96,52.16,50.78,51.96,16897801.0
2017-08-31,51.98,52.91,51.75,52.72,27652811.0
2017-09-01,52.55,52.69,51.59,51.89,21736161.0
2017-09-05,51.29,51.84,50.93,51.56,22242384.0
2017-09-06,51.69,51.99,51.3,51.35,16535785.0
2017-09-07,51.63,52.55,51.55,52.29,17471200.0
2017-09-08,52.28,52.39,51.79,51.93,14703816.0
2017-09-11,52.26,52.89,52.26,52.71,17910383.0
2017-09-12,52.71,53.19,52.32,52.63,14394850.0
2017-09-13,52.88,53.18,52.5,53.16,13380802.0
2017-09-14,52.95,53.44,52.47,52.72,15733914.0
2017-09-15,52.78,53.34,52.02,53.26,38578441.0
2017-09-18,53.18,53.92,52.99,53.11,23306959.0
2017-09-19,53.16,53.66,52.96,53.39,16093344.0
2017-09-20,53.3,53.5,52.26,52.89,21587878.0
2017-09-21,53.06,53.19,52.06,52.16,19186140.0
2017-09-22,51.94,52.46,51.8,52.36,14111365.0
2017-09-25,52.04,52.2,50.87,51.21,24149163.0
2017-09-26,51.62,51.76,50.94,51.21,18019577.0
2017-09-27,51.5,52.12,51.12,51.8,19565135.0
2017-09-28,51.49,51.92,51.26,51.82,10883787.0
2017-09-29,51.89,52.48,51.83,52.44,17079114.0
2017-10-02,52.66,52.96,52.25,52.56,15304762.0
2017-10-03,52.62,52.83,52.14,52.21,12190403.0
2017-10-04,51.95,52.67,51.66,52.64,13317681.0
2017-10-05,53.17,54.07,52.91,53.92,21195261.0
2017-10-06,53.62,53.98,53.49,53.95,13959814.0
2017-10-09,53.92,54.5,53.81,54.24,11386502.0
2017-10-10,54.28,54.58,54.09,54.24,13944545.0
2017-10-11,54.31,54.41,53.9,54.37,15388898.0
2017-10-12,54.44,55.24,54.32,55.07,16876538.0
2017-10-13,55.54,55.82,55.24,55.44,15335742.0
2017-10-16,55.37,55.76,55.3,55.6,12380093.0
2017-10-17,55.42,55.57,55.2,55.54,16823989.0
2017-10-18,55.62,55.8,55.32,55.56,13300701.0
2017-10-19,55.52,55.88,55.3,55.86,15092758.0
2017-10-20,56.27,56.92,56.17,56.76,22866426.0
2017-10-23,56.94,57.29,56.71,56.78,20627173.0
2017-10-24,56.85,57.15,56.41,56.81,17517182.0
2017-10-25,56.53,57.05,55.96,56.58,20410808.0
2017-10-26,57.15,57.37,56.7,56.71,32120717.0
2017-10-27,62.32,64.15,61.56,61.76,71066729.0
2017-10-30,61.65,62.28,61.06,61.84,31756653.0
2017-10-31,62.31,62.31,61.06,61.13,27086575.0
2017-11-01,61.63,61.71,60.83,61.13,22307371.0
2017-11-02,61.3,62.41,61.07,62.0,23992945.0
2017-11-03,62.11,62.49,61.35,62.09,17633543.0
2017-11-06,62.15,62.65,62.03,62.42,19860852.0
2017-11-07,62.72,62.85,61.88,62.22,17939727.0
2017-11-08,62.09,62.56,61.78,62.51,18034170.0
2017-11-09,62.06,62.22,60.85,62.04,21178356.0
2017-11-10,61.74,62.05,61.18,61.82,19397793.0
2017-11-13,61.61,61.89,61.41,61.88,14196896.0
2017-11-14,61.45,62.05,60.93,62.0,18801280.0
2017-11-15,61.84,62.06,61.06,61.35,19383102.0
2017-11-16,61.47,61.79,61.31,61.57,20962750.0
2017-11-17,61.49,61.49,60.61,60.77,22078993.0
2017-11-20,60.77,60.96,60.62,60.9,16314978.0
2017-11-21,61.11,62.21,61.11,62.09,21237454.0
2017-11-22,62.2,62.27,61.41,61.48,20553089.0
2017-11-24,61.38,61.8,61.15,61.63,7425603.0
2017-11-27,61.68,62.35,61.67,62.24,18265242.0
2017-11-28,62.44,63.43,62.39,63.25,21925959.0
2017-11-29,63.08,63.29,61.55,61.71,27381109.0
2017-11-30,61.88,62.89,61.71,62.54,33054647.0
2017-12-01,61.97,63.18,61.59,62.63,29532132.0
2017-12-04,62.79,62.8,59.07,59.45,39094880.0
2017-12-05,59.71,61.05,59.35,59.96,26152261.0
2017-12-06,59.92,61.51,59.8,61.15,26162054.0
2017-12-07,60.91,61.17,60.37,60.86,23184547.0
2017-12-08,62.0,62.95,61.7,62.53,24489106.0
2017-12-11,62.66,63.74,62.49,63.6,22857854.0
2017-12-12,63.68,64.42,63.45,63.95,23924105.0
2017-12-13,64.11,64.37,63.54,63.72,22062679.0
2017-12-14,63.8,64.24,62.9,63.06,19305961.0
2017-12-15,63.63,65.46,63.25,65.22,53936687.0
2017-12-18,65.49,65.87,64.6,64.75,22283752.0
2017-12-19,64.72,64.72,63.64,64.2,23524787.0
2017-12-20,64.57,64.67,63.08,63.89,23674931.0
2017-12-21,64.42,64.47,63.77,63.87,17990745.0
2017-12-22,63.77,64.0,63.29,63.88,14145841.0
2017-12-26,63.68,63.9,63.4,63.77,9891237.0
2017-12-27,64.02,64.35,63.59,64.08,14678025.0
2017-12-28,64.27,64.3,63.92,64.09,10594344.0
2017-12-29,64.0,64.42,63.87,63.91,18717406.0
2018-01-02,64.5,64.68,63.87,64.32,22483797.0
2018-01-03,64.43,64.88,64.34,64.72,26061439.0
2018-01-04,64.96,66.03,64.94,65.48,21911974.0
2018-01-05,66.03,66.78,65.8,66.56,23407110.0
2018-01-08,66.57,66.95,65.97,66.65,22113049.0
2018-01-09,67.02,67.1,66.23,66.59,19484317.0
2018-01-10,66.23,66.56,65.78,66.19,18652201.0
2018-01-11,66.5,66.5,65.61,66.45,17808877.0
2018-01-12,67.04,68.15,66.82,67.95,24271531.0
2018-01-16,68.47,69.16,66.38,66.72,36599736.0
2018-01-17,67.45,68.65,67.12,68.51,25621164.0
2018-01-18,68.17,69.04,68.03,68.47,24159683.0
2018-01-19,68.51,68.98,68.03,68.37,36875013.0
2018-01-22,68.37,69.99,68.11,69.98,23601555.0
2018-01-23,70.27,70.67,69.91,70.27,23412841.0
2018-01-24,70.92,71.8,69.95,70.19,33277483.0
2018-01-25,70.84,71.61,70.3,70.7,26383238.0
2018-01-26,71.49,72.43,70.95,72.43,29172167.0
2018-01-29,73.51,73.82,72.09,72.29,31569940.0
2018-01-30,71.67,72.03,70.47,71.11,38635053.0
2018-01-31,72.12,73.77,71.88,73.38,48756338.0
2018-02-01,73.16,74.44,71.95,72.63,47227882.0
2018-02-02,72.01,72.34,69.87,70.15,47867753.0
2018-02-05,68.93,71.61,66.37,66.37,51031465.0
2018-02-06,65.26,69.84,63.62,69.7,67998564.0
2018-02-07,68.86,70.14,67.57,67.98,41107592.0
2018-02-08,68.08,68.25,63.13,63.38,55628657.0
2018-02-09,64.67,67.3,62.2,66.55,63499065.0
2018-02-12,67.11,68.15,66.3,67.5,35720341.0
2018-02-13,67.3,68.37,66.17,68.2,26407702.0
2018-02-14,67.3,69.78,67.2,69.6,34960912.0
2018-02-15,70.0,71.51,69.41,71.45,27823866.0
2018-02-16,71.24,72.29,70.59,70.79,30596919.0
2018-02-20,70.26,71.85,69.8,71.51,30911725.0
2018-02-21,71.77,72.15,70.28,70.28,26922503.0
2018-02-22,70.84,71.52,70.15,70.52,24392753.0
2018-02-23,71.54,72.86,71.15,72.85,26329226.0
2018-02-26,73.19,74.24,73.04,74.21,30199846.0
2018-02-27,74.53,74.63,72.99,72.99,25869119.0
2018-02-28,73.63,74.5,72.42,72.56,31167338.0
2018-03-01,72.78,73.36,70.63,71.64,37135561.0
2018-03-02,70.37,71.94,69.65,71.84,32830389.0
2018-03-05,71.13,73.06,71.05,72.43,23901578.0
2018-03-06,73.13,73.28,71.73,72.11,22175776.0
2018-03-07,71.95,72.73,71.22,72.65,26716127.0
2018-03-08,73.06,73.89,72.56,73.22,25887828.0
2018-03-09,74.08,75.33,73.79,75.33,36937254.0
2018-03-12,75.29,76.0,74.83,75.56,26073742.0
2018-03-13,75.79,76.03,72.76,73.2,35387817.0
2018-03-14,73.91,74.2,72.29,72.64,32131981.0
2018-03-15,72.32,73.37,71.62,72.97,27610998.0
2018-03-16,73.47,74.17,72.71,73.39,49081279.0
2018-03-19,72.53,72.69,70.9,71.68,33344085.0
2018-03-20,71.84,72.56,71.79,71.92,23075240.0
2018-03-21,71.72,72.84,71.0,71.27,24457082.0
2018-03-22,70.06,70.54,68.45,68.58,38604715.0
2018-03-23,68.29,69.25,65.87,65.97,44068949.0
2018-03-26,69.4,72.79,69.19,72.57,56396780.0
2018-03-27,73.73,73.93,67.3,68.26,56569011.0
2018-03-28,68.61,70.02,67.66,68.18,52501146.0
2018-03-29,68.97,71.08,67.19,70.06,45867548.0
2018-04-02,69.26,69.67,66.3,67.31,48482301.0
2018-04-03,68.37,68.84,66.68,68.5,37213837.0
2018-04-04,66.64,71.55,66.52,71.12,35559956.0
2018-04-05,71.23,71.86,70.19,71.17,29771881.0
2018-04-06,70.28,71.25,68.27,69.02,38026000.0
2018-04-09,69.83,71.96,69.41,69.56,31533943.0
2018-04-10,71.18,72.07,70.43,71.67,26939883.0
2018-04-11,70.8,72.08,70.27,70.65,24872110.0
2018-04-12,71.22,72.95,71.22,72.37,26758879.0
2018-04-13,72.84,72.97,71.23,71.87,23346063.0
2018-04-16,72.86,73.45,72.21,72.96,20288083.0
2018-04-17,73.79,75.33,73.67,74.86,26771000.0
2018-04-18,75.01,75.51,74.31,75.23,21043287.0
2018-04-19,75.23,75.86,74.13,74.9,23552541.0
2018-04-20,74.7,74.9,72.84,73.79,31154377.0
2018-04-23,74.53,75.08,73.42,74.14,22331829.0
2018-04-24,75.03,75.26,71.2,71.91,34524799.0
2018-04-25,72.09,72.09,69.07,71.1,33729257.0
2018-04-26,72.34,73.94,71.89,73.05,42529043.0
2018-04-27,76.39,76.69,72.7,74.61,48272780.0
2018-04-30,75.12,75.19,71.94,72.31,41523605.0
2018-05-01,72.0,74.08,71.58,73.79,31408927.0
2018-05-02,73.78,73.96,71.98,72.3,27471002.0
2018-05-03,71.75,73.72,71.24,72.86,31142497.0
2018-05-04,72.11,74.16,71.71,73.95,22531325.0
2018-05-07,73.96,75.5,73.89,75.01,24242019.0
2018-05-08,74.64,74.95,73.85,74.6,23484589.0
2018-05-09,74.8,75.76,73.84,75.73,27327410.0
2018-05-10,76.25,76.74,75.84,76.7,22388119.0
2018-05-11,76.59,76.66,75.83,76.49,16778316.0
2018-05-14,76.71,77.48,76.1,76.82,19454124.0
2018-05-15,76.03,76.64,75.13,76.11,24594010.0
2018-05-16,76.57,76.61,75.82,76.36,17384742.0
2018-05-17,75.97,76.75,75.04,75.39,17246716.0
2018-05-18,75.22,76.14,75.22,75.57,17865840.0
2018-05-21,76.21,77.22,76.01,76.81,19422467.0
2018-05-22,76.89,77.38,76.41,76.71,15441189.0
2018-05-23,75.92,77.94,75.53,77.87,21251222.0
2018-05-24,77.93,78.15,76.02,77.52,26649287.0
2018-05-25,77.51,78.19,77.07,77.57,18363918.0
2018-05-29,77.05,78.09,76.44,77.22,28670981.0
2018-05-30,77.52,78.46,77.12,78.16,22158528.0
2018-05-31,78.5,79.2,77.82,78.05,34140891.0
2018-06-01,78.49,80.07,78.38,80.0,28655624.0
2018-06-04,80.47,81.07,80.06,80.88,27281623.0
2018-06-05,81.21,81.54,80.74,81.4,23514402.0
2018-06-06,81.69,81.81,81.11,81.7,21122917.0
2018-06-07,81.86,81.9,79.59,80.09,28232197.0
2018-06-08,80.3,81.16,79.75,80.84,22165128.0
2018-06-11,80.58,80.8,79.88,80.26,23490894.0
2018-06-12,80.31,80.66,79.96,80.52,18325228.0
2018-06-13,80.93,81.22,79.77,80.06,29492875.0
2018-06-14,80.86,81.24,80.21,80.63,25691811.0
2018-06-15,80.72,80.74,79.28,79.34,65738585.0
2018-06-18,79.22,80.32,78.63,80.07,23586037.0
2018-06-19,78.86,80.21,78.71,80.07,28653087.0
2018-06-20,80.58,81.73,80.33,81.08,26180792.0
2018-06-21,81.29,81.67,80.09,80.35,23198188.0
2018-06-22,79.62,79.98,78.84,79.62,38923105.0
2018-06-25,79.21,79.32,76.51,77.6,35433333.0
2018-06-26,78.03,79.29,77.96,78.29,26897244.0
2018-06-27,78.79,79.23,76.61,76.75,31298386.0
2018-06-28,76.59,78.32,76.47,77.84,26650671.0
2018-06-29,78.14,79.12,77.54,77.82,28053214.0
2018-07-02,77.31,79.27,77.21,79.22,19564521.0
2018-07-03,79.69,79.84,78.15,78.26,14670275.0
2018-07-05,78.71,79.13,78.24,78.97,18977402.0
2018-07-06,79.1,80.64,78.88,80.37,19234627.0
2018-07-09,80.86,81.46,80.46,81.06,18211980.0
2018-07-10,81.21,81.72,81.07,81.33,19293140.0
2018-07-11,80.36,81.55,80.31,81.19,19644648.0
2018-07-12,81.98,83.62,81.94,83.4,24335929.0
2018-07-13,83.58,84.81,83.3,84.64,24653500.0
2018-07-16,84.61,85.03,83.73,84.12,21786912.0
2018-07-17,83.82,85.71,83.53,85.16,25901726.0
2018-07-18,85.15,85.26,83.93,84.33,29493927.0
2018-07-19,84.14,84.52,83.1,83.61,40171646.0
2018-07-20,87.29,87.41,85.29,85.48,56038827.0
2018-07-23,85.51,87.35,85.34,87.18,29706955.0
2018-07-24,87.78,88.03,86.47,86.87,26316619.0
2018-07-25,87.17,90.36,86.81,90.04,30798058.0
2018-07-26,89.95,90.21,88.71,88.83,31372110.0
2018-07-27,89.39,89.39,85.35,86.89,37005292.0
2018-07-30,86.4,86.74,83.97,84.58,34668327.0
2018-07-31,85.7,85.93,84.59,85.29,27655152.0
2018-08-01,85.24,85.66,84.63,85.49,23628699.0
2018-08-02,84.61,87.3,84.05,86.78,26104258.0
2018-08-03,87.01,87.26,86.03,87.25,18659599.0
2018-08-06,87.33,87.63,86.77,87.34,20265947.0
2018-08-07,87.77,88.31,87.38,88.09,16080214.0
2018-08-08,88.54,88.96,87.97,88.7,15487502.0
2018-08-09,88.92,89.37,88.81,88.88,13677211.0
2018-08-10,88.63,88.9,87.59,88.21,18183724.0
2018-08-13,88.45,88.79,87.31,87.42,18474884.0
2018-08-14,87.77,88.96,87.25,88.77,16788314.0
2018-08-15,88.12,88.62,86.45,87.29,29982806.0
2018-08-16,87.93,88.49,86.93,87.27,21384289.0
2018-08-17,86.99,87.53,86.32,87.21,18061512.0
2018-08-20,87.14,87.53,86.11,86.5,17914201.0
2018-08-21,86.55,86.98,85.48,85.61,22881861.0
2018-08-22,85.48,86.97,85.41,86.69,18000639.0
2018-08-23,86.78,87.81,86.5,87.19,18167723.0
2018-08-24,87.3,88.19,87.19,88.03,17234020.0
2018-08-27,88.9,89.27,88.14,89.23,19662331.0
2018-08-28,89.57,90.13,89.42,89.89,19151528.0
2018-08-29,90.08,91.66,89.9,91.65,20818044.0
2018-08-30,91.3,92.24,91.07,91.58,22798702.0
2018-08-31,91.18,92.41,91.15,91.96,23222713.0
2018-09-04,90.48,91.59,89.85,91.34,22634641.0
2018-09-05,90.64,91.05,87.73,88.12,32872352.0
2018-09-06,87.88,88.62,87.14,88.37,23477624.0
2018-09-07,87.86,88.35,86.86,87.84,22498646.0
2018-09-10,88.47,89.27,87.99,89.01,20727906.0
2018-09-11,88.53,91.22,88.52,90.87,24301774.0
2018-09-12,91.06,91.48,90.14,91.34,18891064.0
2018-09-13,91.75,93.35,91.75,92.54,26055620.0
2018-09-14,92.99,93.36,92.07,93.0,19122349.0
2018-09-17,93.32,93.33,91.49,91.77,20736516.0
2018-09-18,91.82,93.32,91.35,92.84,22170934.0
2018-09-19,92.68,92.95,90.67,91.33,21728429.0
2018-09-20,91.91,93.43,91.56,93.2,23714512.0
2018-09-21,93.63,94.92,93.14,93.89,71229698.0
2018-09-24,92.66,94.53,91.85,94.3,27334460.0
2018-09-25,94.43,94.73,93.38,94.08,22668014.0
2018-09-26,94.1,94.69,93.37,93.61,19352025.0
2018-09-27,94.41,94.54,93.83,94.04,19091299.0
2018-09-28,93.82,94.2,93.31,94.0,21647811.0
2018-10-01,94.38,95.31,94.36,95.24,18883079.0
2018-10-02,94.93,95.47,94.07,94.78,20787239.0
2018-10-03,95.05,95.81,94.56,94.8,16648018.0
2018-10-04,94.24,94.39,91.26,92.42,34821717.0
2018-10-05,92.26,92.8,90.27,91.76,29068859.0
2018-10-08,91.29,91.66,88.97,90.48,29640588.0
2018-10-09,90.77,92.71,90.43,91.89,26198594.0
2018-10-10,90.87,91.13,85.42,85.79,61376315.0
2018-10-11,84.98,88.56,83.83,85.54,63904282.0
2018-10-12,88.64,90.87,86.75,89.2,47742109.0
2018-10-15,88.54,89.11,86.58,87.23,32068103.0
2018-10-16,89.17,91.04,88.58,90.63,31610164.0
2018-10-17,91.31,91.44,89.18,90.34,26548243.0
2018-10-18,89.73,90.16,87.46,88.13,32506192.0
2018-10-19,88.56,90.49,87.84,88.29,32785475.0
2018-10-22,88.95,90.17,87.87,89.26,26545607.0
2018-10-23,87.4,88.6,84.74,87.73,43770429.0
2018-10-24,88.04,88.12,81.22,81.95,63897759.0
2018-10-25,86.18,88.9,85.78,87.93,61646819.0
2018-10-26,85.32,88.38,84.39,86.59,55523104.0
2018-10-29,87.74,88.33,81.26,83.48,55162001.0
2018-10-30,83.29,84.01,79.74,83.36,65350878.0
2018-10-31,85.07,87.77,85.02,86.44,51062383.0
2018-11-01,86.68,86.95,85.16,85.55,33384201.0
2018-11-02,86.11,86.95,84.6,85.79,37680194.0
2018-11-05,86.0,87.37,85.53,87.14,27922144.0
2018-11-06,87.01,88.47,85.91,87.35,24340248.0
2018-11-07,89.07,91.87,89.03,91.59,37901704.0
2018-11-08,91.43,91.84,90.54,91.38,25644105.0
2018-11-09,90.48,91.08,88.39,89.2,32039223.0
2018-11-12,89.05,89.59,85.73,86.5,33621807.0
2018-11-13,87.18,88.37,86.27,86.57,35374583.0
2018-11-14,88.19,88.35,84.56,85.06,39495141.0
2018-11-15,85.08,87.89,84.0,87.37,38505165.0
2018-11-16,87.17,88.97,86.89,88.38,33502121.0
2018-11-19,88.36,88.65,83.64,84.71,44773899.0
2018-11-20,81.89,83.06,79.44,81.8,64052457.0
2018-11-21,83.69,84.52,82.33,83.2,28130621.0
2018-11-23,82.26,83.9,82.09,83.16,13823099.0
2018-11-26,84.88,86.72,84.67,86.56,32336165.0
2018-11-27,86.36,87.42,85.45,87.23,29124486.0
2018-11-28,87.98,91.42,87.95,91.21,46788461.0
2018-11-29,90.42,91.2,89.12,90.28,28123195.0
2018-11-30,90.79,91.06,89.45,90.98,33665624.0
2018-12-03,93.09,93.51,90.82,92.18,34732772.0
2018-12-04,92.03,92.73,88.3,88.61,45196984.0
2018-12-06,85.91,89.33,85.09,89.28,49107431.0
2018-12-07,88.47,89.54,84.39,84.91,45044937.0
2018-12-10,84.89,88.07,83.98,87.68,40801525.0
2018-12-11,89.89,91.04,87.53,88.68,42381947.0
2018-12-12,90.98,91.36,89.13,89.17,36183020.0
2018-12-13,89.67,90.96,88.72,89.54,31333362.0
2018-12-14,88.34,89.35,85.59,86.12,47043136.0
2018-12-17,85.5,85.89,81.8,82.98,56957314.0
2018-12-18,83.84,84.6,82.61,84.06,49319196.0
2018-12-19,83.74,86.97,81.44,83.78,68198186.0
2018-12-20,83.14,84.4,78.87,81.6,70334184.0
2018-12-21,81.72,83.09,77.55,78.32,111242070.0
2018-12-24,77.77,78.06,74.07,74.22,43935192.0
2018-12-26,75.23,80.78,74.05,80.65,51634793.0
2018-12-27,79.39,81.28,76.49,81.27,49498509.0
2018-12-28,82.18,82.5,79.61,80.48,38169312.0
2018-12-31,81.27,82.49,80.53,81.66,33173765.0
2019-01-02,79.64,81.84,79.03,81.21,35329345.0
2019-01-03,80.19,80.28,77.29,77.49,42578410.0
2019-01-04,79.81,82.6,79.02,82.02,44060620.0
2019-01-07,81.73,83.36,81.07,82.15,35656136.0
2019-01-08,83.13,84.06,81.8,82.89,31514415.0
2019-01-09,83.95,84.97,83.33,84.36,32280840.0
2019-01-10,83.31,83.84,82.47,83.69,30067556.0
2019-01-11,83.28,83.53,81.73,82.89,28314202.0
2019-01-14,81.99,82.96,81.35,82.14,28437079.0
2019-01-15,82.6,85.14,81.97,85.1,31587616.0
2019-01-16,85.35,86.35,85.05,85.47,29853865.0
2019-01-17,85.09,86.72,84.85,86.21,28393015.0
2019-01-18,87.6,87.99,86.01,87.8,37427587.0
2019-01-22,86.84,87.19,84.95,85.77,32371253.0
2019-01-23,86.21,87.13,85.43,86.8,25874294.0
2019-01-24,86.95,87.09,85.43,86.29,23164838.0
2019-01-25,87.33,87.97,86.68,87.26,31218193.0
2019-01-28,86.35,86.57,84.75,85.17,29476719.0
2019-01-29,84.97,85.06,82.26,83.03,31490547.0
2019-01-30,84.71,86.47,84.42,86.47,49471866.0
2019-01-31,83.89,85.31,83.27,84.52,55636391.0
2019-02-01,83.87,84.19,82.44,82.87,35535690.0
2019-02-04,82.96,85.89,82.86,85.83,31315282.0
2019-02-05,86.15,87.36,86.05,87.31,27325365.0
2019-02-06,87.09,87.09,85.62,86.12,20609759.0
2019-02-07,85.28,85.68,84.38,85.36,29760697.0
2019-02-08,84.48,85.87,84.35,85.76,21461093.0
2019-02-11,86.29,86.67,85.06,85.34,18914123.0
2019-02-12,86.23,87.23,85.57,86.98,25056595.0
2019-02-13,87.59,87.87,86.8,86.9,18394869.0
2019-02-14,86.4,87.38,85.75,86.99,21784703.0
2019-02-15,88.0,88.39,87.45,88.31,26606886.0
2019-02-19,87.88,88.75,87.87,88.26,18038460.0
2019-02-20,88.41,88.49,86.84,87.7,21607671.0
2019-02-21,87.45,90.03,87.42,89.96,29063231.0
2019-02-22,90.6,91.75,90.37,91.52,27763218.0
2019-02-25,92.31,92.73,91.81,92.14,23750599.0
2019-02-26,91.81,93.79,91.72,92.91,21536733.0
2019-02-27,92.24,92.91,91.43,92.72,21487062.0
2019-02-28,92.59,93.43,92.28,92.58,29083934.0
2019-03-01,93.44,93.57,92.22,93.08,23501169.0
2019-03-04,93.57,93.8,91.35,92.81,26608014.0
2019-03-05,92.8,92.94,91.78,92.25,19538318.0
2019-03-06,92.42,93.21,91.98,92.3,17686996.0
2019-03-07,91.95,92.1,90.41,90.94,25338954.0
2019-03-08,89.71,91.26,89.35,91.06,22818430.0
2019-03-11,91.54,93.5,91.53,93.38,26491618.0
2019-03-12,93.37,94.54,93.2,94.17,26132717.0
2019-03-13,94.68,95.55,94.33,95.05,35513771.0
2019-03-14,95.09,95.75,94.88,95.14,30763367.0
2019-03-15,95.89,97.8,95.14,96.46,54630661.0
2019-03-18,96.72,98.16,96.6,98.12,31207596.0
2019-03-19,98.64,98.99,97.54,98.2,37588697.0
2019-03-20,97.94,99.3,97.26,98.07,28113343.0
2019-03-21,97.69,101.37,97.64,100.77,29854446.0
2019-03-22,100.05,100.14,97.59,97.6,33624528.0
2019-03-25,97.11,98.56,96.87,98.21,27067117.0
2019-03-26,99.17,99.26,97.4,98.46,26097665.0
2019-03-27,98.43,98.76,96.07,97.32,22733427.0
2019-03-28,97.99,98.13,96.68,97.48,18334755.0
2019-03-29,98.62,98.87,97.51,98.49,25399752.0
2019-04-01,99.5,99.66,98.65,99.57,22789103.0
2019-04-02,99.61,100.03,99.07,99.74,18142297.0
2019-04-03,100.41,100.98,99.7,100.52,22860744.0
2019-04-04,100.65,100.78,98.93,99.91,20112848.0
2019-04-05,99.94,100.78,99.92,100.44,15826245.0
2019-04-08,100.36,100.57,99.19,100.48,15116186.0
2019-04-09,99.18,100.09,99.13,99.83,17611981.0
2019-04-10,100.31,100.9,100.09,100.74,16477169.0
2019-04-11,101.09,101.4,100.47,100.88,14209121.0
2019-04-12,101.19,101.53,100.92,101.5,19745143.0
2019-04-15,101.49,102.13,101.12,101.6,15792572.0
2019-04-16,102.19,102.2,100.65,101.32,14071787.0
2019-04-17,101.79,102.4,101.09,102.32,19300938.0
2019-04-18,102.77,104.05,101.86,103.92,27990998.0
2019-04-22,103.17,104.55,103.12,104.31,15648724.0
2019-04-23,104.65,106.13,104.38,105.99,24025521.0
2019-04-24,106.34,106.4,105.07,105.56,31256980.0
2019-04-25,110.61,111.92,109.38,109.7,38033892.0
2019-04-26,110.25,111.07,109.57,110.44,23654933.0
2019-04-29,110.45,110.73,109.9,110.32,16324183.0
2019-04-30,110.36,111.25,109.94,111.15,24166503.0
2019-05-01,111.08,111.2,108.25,108.43,26821692.0
2019-05-02,108.53,108.55,106.07,106.76,27350161.0
2019-05-03,107.91,109.98,107.8,109.45,24911126.0
2019-05-06,106.94,109.11,106.66,108.7,24239464.0
2019-05-07,107.01,107.73,104.77,106.07,36017661.0
2019-05-08,105.99,106.92,105.3,106.06,28418996.0
2019-05-09,104.84,106.34,104.12,106.05,27235835.0
2019-05-10,105.46,108.48,104.37,107.68,30915084.0
2019-05-13,104.66,106.1,103.59,103.9,33944923.0
2019-05-14,104.42,106.43,104.25,105.28,25266315.0
2019-05-15,105.27,107.72,104.71,107.03,24722708.0
2019-05-16,107.76,110.39,107.47,109.94,30112216.0
2019-05-17,109.32,111.47,108.93,109.08,25770539.0
2019-05-20,107.53,108.6,106.77,107.23,23706934.0
2019-05-21,108.44,108.54,107.59,107.91,15293260.0
2019-05-22,107.63,109.25,107.53,108.68,15396485.0
2019-05-23,107.21,107.3,105.75,107.19,23603810.0
2019-05-24,107.92,108.42,106.99,107.25,14123358.0
2019-05-28,107.99,109.01,107.06,107.17,23128359.0
2019-05-29,106.39,106.4,105.05,105.95,22763140.0
2019-05-30,106.27,106.77,105.79,106.74,16829613.0
2019-05-31,105.24,105.62,104.33,104.69,26646769.0
2019-06-03,104.86,105.38,100.02,100.85,37983637.0
2019-06-04,102.29,104.29,101.66,104.17,29382642.0
2019-06-05,105.96,106.88,105.22,106.84,24926140.0
2019-06-06,107.45,108.98,106.61,108.83,21458961.0
2019-06-07,110.2,113.26,109.27,112.41,33885588.0
2019-06-10,113.41,115.09,113.01,113.61,26477098.0
2019-06-11,114.89,115.25,112.29,113.11,23913731.0
2019-06-12,112.41,112.98,111.72,112.5,17092464.0
2019-06-13,112.99,113.68,112.57,113.33,17200848.0
2019-06-14,113.27,114.8,112.65,113.46,17821703.0
2019-06-17,113.64,114.74,113.54,113.86,14517785.0
2019-06-18,115.2,116.25,114.58,116.17,25934458.0
2019-06-19,116.01,116.94,114.82,116.7,23744441.0
2019-06-20,118.46,118.67,116.73,117.96,33042592.0
2019-06-21,117.59,118.74,117.47,117.98,36727892.0
2019-06-24,118.01,119.41,118.01,118.79,20628841.0
2019-06-25,118.26,118.6,113.74,114.44,33327420.0
2019-06-26,115.36,116.75,114.61,114.94,23657745.0
2019-06-27,115.15,115.72,114.52,115.16,16557482.0
2019-06-28,115.58,115.61,114.17,114.97,30042969.0
2019-07-01,117.64,117.71,115.98,116.69,22654160.0
2019-07-02,117.13,117.6,116.35,117.59,15237843.0
2019-07-03,117.81,118.75,117.3,118.47,13629296.0
2019-07-05,116.95,118.34,116.73,118.07,18141140.0
2019-07-08,117.41,118.11,116.38,117.97,16779748.0
2019-07-09,117.01,117.98,116.81,117.47,19953097.0
2019-07-10,118.14,119.59,118.03,118.86,24204362.0
2019-07-11,119.21,120.23,118.88,119.41,22327942.0
2019-07-12,119.86,120.14,119.02,119.91,18936832.0
2019-07-15,120.45,120.55,119.47,119.91,16651457.0
2019-07-16,119.97,120.06,117.53,118.09,22726128.0
2019-07-17,118.71,118.94,117.23,117.28,20210956.0
2019-07-18,116.56,117.63,115.68,117.43,30808707.0
2019-07-19,121.23,121.68,117.46,117.63,48992364.0
2019-07-22,118.42,120.2,118.34,119.44,25080760.0
2019-07-23,120.77,121.0,119.04,120.3,18034589.0
2019-07-24,119.91,121.75,119.86,121.73,20738275.0
2019-07-25,121.44,121.62,120.33,121.2,18356883.0
2019-07-26,121.38,122.69,121.31,122.35,19037600.0
2019-07-29,122.51,122.52,120.38,122.04,16605870.0
2019-07-30,121.15,122.23,120.81,121.36,16846528.0
2019-07-31,121.34,121.5,116.09,117.28,38598786.0
2019-08-01,118.01,121.95,117.94,119.07,40557502.0
2019-08-02,119.1,119.33,116.27,117.91,30791624.0
2019-08-05,114.31,114.94,111.79,113.22,42749551.0
2019-08-06,114.81,116.69,114.22,115.7,32696651.0
2019-08-07,114.8,116.66,112.84,116.29,33414539.0
2019-08-08,117.61,120.0,116.94,119.9,27496508.0
2019-08-09,119.62,120.39,117.47,118.72,23466701.0
2019-08-12,118.08,118.87,116.25,116.8,20484348.0
2019-08-13,117.06,119.81,116.01,119.61,25496593.0
2019-08-14,117.83,118.39,115.14,115.45,32527251.0
2019-08-15,115.86,116.05,113.72,115.15,28125416.0
2019-08-16,116.35,117.93,116.19,117.6,25026151.0
2019-08-19,119.32,120.02,118.35,119.88,24370543.0
2019-08-20,119.68,120.18,118.71,118.73,21188998.0
2019-08-21,120.02,120.96,119.47,120.26,14982314.0
2019-08-22,120.13,120.67,117.76,119.25,18709662.0
2019-08-23,118.66,119.82,114.27,114.86,38515386.0
2019-08-26,116.46,117.03,115.37,116.92,20325271.0
2019-08-27,117.86,118.19,116.13,117.21,23115635.0
2019-08-28,116.35,117.23,115.02,117.03,17410828.0
2019-08-29,118.72,119.91,118.38,119.59,20179716.0
2019-08-30,120.62,120.65,117.74,119.33,23946123.0
2019-09-03,118.08,118.67,117.17,117.51,18880773.0
2019-09-04,118.77,119.16,117.95,119.1,18015310.0
2019-09-05,120.58,121.85,120.23,121.52,26119520.0
2019-09-06,121.5,121.65,119.67,120.57,20824504.0
2019-09-09,121.06,121.22,117.93,118.99,25773932.0
2019-09-10,118.27,118.36,115.98,117.55,28903378.0
2019-09-11,117.38,117.74,116.56,117.59,24726117.0
2019-09-12,119.32,119.89,118.34,118.99,27009981.0
2019-09-13,119.25,119.53,118.04,118.79,23363057.0
2019-09-16,117.3,118.17,117.13,117.8,16731440.0
2019-09-17,118.43,118.99,117.9,118.86,17976285.0
2019-09-18,118.83,120.14,118.0,119.99,24473386.0
2019-09-19,121.77,123.84,121.54,122.54,36095413.0
2019-09-20,122.48,123.12,119.72,120.91,40040766.0
2019-09-23,120.7,121.1,119.91,120.61,17408374.0
2019-09-24,121.83,122.16,118.35,118.85,30016670.0
2019-09-25,118.97,121.43,117.5,120.83,22544054.0
2019-09-26,120.91,121.65,119.91,121.01,17813512.0
2019-09-27,121.62,121.83,118.12,119.2,22498958.0
2019-09-30,119.52,120.69,119.25,120.5,18430390.0
2019-10-01,121.13,121.72,118.47,118.54,22581929.0
2019-10-02,117.72,117.84,115.05,116.12,32001763.0
2019-10-03,116.42,118.22,114.69,117.75,26379798.0
2019-10-04,118.22,119.72,117.89,119.59,23839548.0
2019-10-07,118.61,119.65,118.49,118.59,16601284.0
2019-10-08,118.55,119.23,117.09,117.14,26783336.0
2019-10-09,118.93,120.17,118.44,119.71,20178482.0
2019-10-10,119.96,121.14,119.72,120.57,18396605.0
2019-10-11,121.59,122.5,120.97,121.15,25551065.0
2019-10-14,121.16,121.76,120.99,121.02,13591639.0
2019-10-15,121.53,123.26,121.28,123.04,19917762.0
2019-10-16,122.26,122.46,121.0,121.88,20841687.0
2019-10-17,122.42,122.89,120.49,121.16,22102797.0
2019-10-18,121.23,121.47,118.03,118.88,32284428.0
2019-10-21,119.92,119.97,118.48,119.9,20716039.0
2019-10-22,120.44,121.48,117.73,117.84,27935270.0
2019-10-23,118.35,118.92,117.08,118.71,31380309.0
2019-10-24,120.86,121.89,120.14,121.41,37278399.0
2019-10-25,120.81,122.61,120.67,122.2,25959724.0
2019-10-28,125.87,127.14,124.98,125.66,35280137.0
2019-10-29,125.55,125.97,124.12,124.3,20589469.0
2019-10-30,124.99,126.47,124.26,126.08,18496591.0
2019-10-31,126.37,126.4,124.46,124.84,24605135.0
2019-11-01,125.73,125.89,124.44,125.19,33128366.0
2019-11-04,126.3,126.47,125.63,126.02,16911999.0
2019-11-05,126.44,126.49,125.38,125.93,18250172.0
2019-11-06,125.84,125.99,124.67,125.53,16575798.0
2019-11-07,125.31,126.35,125.24,125.73,17786715.0
2019-11-08,125.45,127.46,125.23,127.43,16752939.0
2019-11-11,126.81,127.89,126.2,127.58,14370178.0
2019-11-12,127.75,129.04,127.53,128.54,18648712.0
2019-11-13,128.21,128.93,127.75,128.78,17444230.0
2019-11-14,128.49,129.88,128.47,129.53,19755100.0
2019-11-15,130.4,131.46,129.74,131.44,23508807.0
2019-11-18,131.54,132.02,130.45,131.81,21554762.0
2019-11-19,132.35,132.8,131.66,131.86,23960164.0
2019-11-20,132.29,132.82,130.44,131.6,25720060.0
2019-11-21,131.38,131.78,130.48,131.46,18576083.0
2019-11-22,132.05,132.28,130.8,131.57,15841680.0
2019-11-25,131.98,133.33,131.9,133.21,22428585.0
2019-11-26,133.34,134.4,133.3,134.01,24635100.0
2019-11-27,134.31,134.48,133.5,134.3,15201293.0
2019-11-29,134.08,134.28,133.26,133.36,11977300.0
2019-12-02,133.79,133.81,130.3,131.53,27473616.0
2019-12-03,129.47,131.41,128.63,131.29,25192145.0
2019-12-04,132.12,132.16,131.18,131.83,17580617.0
2019-12-05,132.03,132.3,131.46,131.91,17880601.0
2019-12-06,132.97,133.85,132.25,133.73,16410400.0
2019-12-09,133.05,134.19,132.89,133.34,16741350.0
2019-12-10,133.27,133.87,132.74,133.11,16481060.0
2019-12-11,133.52,133.85,132.31,133.68,18860001.0
2019-12-12,133.63,135.42,133.0,135.22,24645366.0
2019-12-13,134.98,136.87,134.81,136.51,23850062.0
2019-12-16,137.09,137.88,136.8,137.51,24152770.0
2019-12-17,137.43,137.69,136.43,136.67,25443527.0
2019-12-18,136.28,137.46,136.16,136.35,24132379.0
2019-12-19,135.98,137.75,135.73,137.69,25813825.0
2019-12-20,139.33,140.47,138.27,139.39,53599613.0
2019-12-23,140.1,140.1,139.25,139.39,17726283.0
2019-12-24,139.46,139.69,139.1,139.36,8989150.0
2019-12-26,139.54,140.71,139.38,140.65,14526927.0
2019-12-27,141.43,141.53,140.2,140.94,18414352.0
2019-12-30,140.97,141.0,138.71,139.57,16356720.0
2019-12-31,138.75,139.75,138.43,139.68,18393383.0
2020-01-02,140.76,142.71,140.31,142.6,22634546.0
2020-01-03,140.3,141.92,140.04,140.6,21121681.0
2020-01-06,139.06,141.08,138.49,141.01,20826702.0
2020-01-07,141.3,141.65,139.3,139.56,21881740.0
2020-01-08,140.91,142.78,139.93,142.07,27762026.0
2020-01-09,143.82,144.2,143.01,144.07,21399951.0
2020-01-10,144.8,145.2,143.16,143.32,20733946.0
2020-01-13,143.74,145.29,143.24,145.26,21637007.0
2020-01-14,145.37,145.58,143.7,144.11,23500783.0
2020-01-15,144.6,145.92,144.55,145.16,21417871.0
2020-01-16,146.33,148.22,146.01,148.15,23865360.0
2020-01-17,149.4,149.45,147.41,149.08,34371659.0
2020-01-21,148.66,150.17,148.41,148.48,29517191.0
2020-01-22,149.38,149.47,147.66,147.68,24138777.0
2020-01-23,148.17,148.78,147.25,148.7,19680766.0
2020-01-24,149.49,149.51,146.43,147.02,24918117.0
2020-01-27,143.13,145.36,142.18,144.26,32078067.0
2020-01-28,145.76,147.74,145.05,147.44,24899940.0
2020-01-29,149.82,150.73,147.67,150.02,35127771.0
2020-01-30,156.03,156.03,152.77,154.76,51597470.0
2020-01-31,154.19,154.38,151.56,152.21,36142690.0
2020-02-03,152.41,156.48,152.38,156.36,30149052.0
2020-02-04,159.12,162.62,158.29,162.1,36433339.0
2020-02-05,166.01,166.18,160.39,161.88,39186324.0
2020-02-06,162.95,165.8,162.04,165.61,27751381.0
2020-02-07,164.83,167.61,164.46,165.87,33529074.0
2020-02-10,165.56,170.82,165.23,170.68,35844267.0
2020-02-11,172.63,172.68,165.48,166.42,53159906.0
2020-02-12,167.56,167.82,163.83,166.69,47062921.0
2020-02-13,165.06,168.21,164.85,165.69,35295834.0
2020-02-14,165.23,167.39,164.63,167.33,23149516.0
2020-02-18,167.59,169.68,167.48,169.21,27853113.0
2020-02-19,170.55,170.67,168.96,169.77,29997471.0
2020-02-20,169.44,169.74,163.59,166.91,36862376.0
2020-02-21,165.66,165.99,159.74,161.08,48600385.0
2020-02-24,150.26,157.04,145.72,153.38,68311066.0
2020-02-25,156.69,157.33,150.14,150.56,68073295.0
2020-02-26,152.2,155.75,150.7,152.66,56387148.0
2020-02-27,145.81,149.52,140.47,140.67,93174906.0
2020-02-28,134.9,146.2,134.49,144.5,97073557.0
2020-03-02,147.8,155.41,144.8,155.28,71030810.0
2020-03-03,156.29,157.49,144.75,147.0,71677019.0
2020-03-04,150.98,153.19,148.11,153.04,49814383.0
2020-03-05,148.54,153.36,148.18,148.76,47817251.0
2020-03-06,145.1,145.6,138.49,144.06,72821057.0
2020-03-09,133.49,140.24,132.49,133.11,70419274.0
2020-03-10,140.65,143.52,135.07,143.41,65354385.0
2020-03-11,139.62,140.19,133.64,136.12,56504304.0
2020-03-12,127.79,135.96,121.07,121.55,93226366.0
2020-03-13,129.99,144.4,123.22,141.32,92727446.0
2020-03-16,122.49,131.84,117.49,117.91,87905868.0
2020-03-17,122.49,129.99,117.49,129.06,81059817.0
2020-03-18,120.49,128.49,117.51,122.89,81593173.0
2020-03-19,125.26,132.64,121.49,125.2,85922661.0
2020-03-20,128.49,129.59,118.35,119.84,84866215.0
2020-03-23,119.5,123.06,115.01,118.47,78975176.0
2020-03-24,126.24,132.09,123.76,130.83,82516727.0
2020-03-25,131.4,136.82,126.93,129.41,75638224.0
2020-03-26,130.89,139.15,130.86,138.6,64694427.0
2020-03-27,134.24,137.38,131.69,132.19,57042291.0
2020-03-30,134.93,143.09,132.5,142.72,63420326.0
2020-03-31,141.89,147.27,139.05,140.2,77927186.0
2020-04-01,135.49,140.24,133.31,134.6,57969926.0
2020-04-02,134.35,137.97,132.85,137.75,49630735.0
2020-04-03,137.59,139.87,134.68,136.32,41243284.0
2020-04-06,142.81,148.99,140.07,147.76,67111697.0
2020-04-07,152.08,152.49,145.75,145.98,62769038.0
2020-04-08,148.16,149.16,145.99,147.62,48318234.0
2020-04-09,148.85,149.86,145.82,147.63,51431775.0
2020-04-13,146.84,148.06,144.79,148.0,41905264.0
2020-04-14,151.49,156.24,150.49,156.19,52874338.0
2020-04-15,153.69,156.06,151.73,154.37,40940833.0
2020-04-16,156.79,159.77,155.39,159.53,50479610.0
2020-04-17,161.99,162.49,158.36,161.09,52765625.0
2020-04-20,159.12,161.24,157.48,157.55,36669595.0
2020-04-21,155.99,156.16,148.6,150.31,56203749.0
2020-04-22,153.88,156.49,153.31,156.01,34651604.0
2020-04-23,156.6,157.55,153.4,153.91,32790804.0
2020-04-24,154.55,157.05,153.2,157.04,34305320.0
2020-04-27,159.08,159.39,155.79,156.54,33194384.0
2020-04-28,158.08,158.16,151.88,152.3,34392694.0
2020-04-29,155.71,160.17,154.37,159.92,51286559.0
2020-04-30,162.49,162.89,158.72,161.7,53875857.0
2020-05-01,158.29,161.13,156.5,157.06,39370474.0
2020-05-04,156.98,161.49,156.29,161.33,30372862.0
2020-05-05,163.11,166.14,162.39,163.25,36839168.0
2020-05-06,164.57,166.69,164.12,165.03,32139299.0
2020-05-07,166.66,167.04,165.07,166.09,28315992.0
2020-05-08,167.47,167.49,165.85,167.17,30912638.0
2020-05-11,165.64,170.0,165.34,169.23,30892660.0
2020-05-12,169.29,169.53,164.79,165.0,32038199.0
2020-05-13,165.04,166.54,159.03,162.24,44711488.0
2020-05-14,160.03,163.18,158.17,163.02,41873911.0
2020-05-15,161.55,169.55,159.49,165.65,46610382.0
2020-05-18,168.24,168.69,166.45,167.4,35306620.0
2020-05-19,167.52,169.09,165.98,166.12,26799116.0
2020-05-20,167.81,168.85,166.94,168.66,31261334.0
2020-05-21,168.4,169.67,166.29,166.43,29119513.0
2020-05-22,166.19,167.46,165.54,166.51,20826898.0
2020-05-26,169.34,169.5,164.1,164.57,36073609.0
2020-05-27,163.2,164.99,159.6,164.81,39517146.0
2020-05-28,163.74,167.15,163.38,164.4,33831824.0
2020-05-29,165.73,167.27,163.41,166.25,42146720.0
2020-06-01,165.54,166.0,164.46,165.83,22668821.0
2020-06-02,167.25,168.0,164.35,167.91,30794585.0
2020-06-03,167.82,168.94,166.58,168.36,27311016.0
2020-06-04,167.3,168.84,165.3,165.92,28761809.0
2020-06-05,165.62,170.73,165.01,170.2,39893643.0
2020-06-08,168.94,171.55,167.44,171.36,33211590.0
2020-06-09,171.0,173.7,170.26,172.8,29783916.0
2020-06-10,174.13,181.52,174.01,179.84,43872329.0
2020-06-11,176.13,178.76,169.07,169.27,52854672.0
2020-06-12,173.54,174.72,168.18,170.74,43373587.0
2020-06-15,167.58,173.82,167.01,171.94,32770189.0
2020-06-16,175.89,178.58,174.46,176.57,42556656.0
2020-06-17,178.03,179.32,176.69,177.24,25687822.0
2020-06-18,177.0,179.49,177.0,179.32,23061648.0
2020-06-19,181.59,182.29,177.37,178.15,44441141.0
2020-06-22,178.79,183.76,178.23,183.57,32818929.0
2020-06-23,185.09,186.95,184.43,184.91,30917447.0
2020-06-24,184.6,186.25,179.56,180.84,36740647.0
2020-06-25,180.8,183.61,178.47,183.34,27803933.0
2020-06-26,182.73,182.89,177.88,179.33,54675780.0
2020-06-29,178.78,181.53,176.55,181.44,26701586.0
2020-06-30,180.88,187.4,180.74,186.51,34310283.0
2020-07-01,186.14,189.35,184.77,187.7,32061206.0
2020-07-02,188.68,191.02,188.0,189.26,29315762.0
2020-07-06,191.83,194.13,191.09,193.7,31897629.0
2020-07-07,193.45,197.67,190.99,191.25,33600732.0
2020-07-08,193.07,196.26,191.69,195.83,33600025.0
2020-07-09,199.33,199.38,194.47,197.32,33121681.0
2020-07-10,196.62,197.08,194.08,196.67,26177633.0
2020-07-13,197.48,198.8,189.5,190.07,38135606.0
2020-07-14,189.13,191.85,185.03,191.35,37591820.0
2020-07-15,192.56,194.33,188.03,191.04,32179409.0
2020-07-16,188.4,188.7,185.31,186.92,29940653.0
2020-07-17,187.47,188.04,184.39,185.88,31635281.0
2020-07-20,188.0,195.3,186.01,194.6,36884836.0
2020-07-21,196.66,196.94,191.03,191.75,38105777.0
2020-07-22,192.2,195.3,191.39,194.75,49605692.0
2020-07-23,190.19,193.92,185.15,185.54,67457035.0
2020-07-24,183.42,185.86,180.51,184.3,39826989.0
2020-07-27,184.47,186.97,183.86,186.85,30160867.0
2020-07-28,186.61,187.7,184.74,185.02,23251388.0
2020-07-29,185.5,187.65,185.01,187.06,19632602.0
2020-07-30,184.0,187.46,182.57,186.9,25079596.0
2020-07-31,187.4,188.1,182.01,188.01,51247969.0
2020-08-03,194.52,200.64,193.44,199.54,78983009.0
2020-08-04,197.17,197.77,193.31,196.29,49280056.0
2020-08-05,197.9,198.0,194.57,195.94,28858621.0
2020-08-06,195.34,199.37,194.55,199.35,32656843.0
2020-08-07,197.85,198.7,193.93,195.48,27820421.0
2020-08-10,194.67,194.88,189.35,191.25,36716462.0
2020-08-11,190.16,190.65,186.14,186.38,36446459.0
2020-08-12,188.29,193.28,187.75,192.19,28041364.0
2020-08-13,192.44,194.35,191.15,191.7,22588870.0
2020-08-14,191.76,192.59,190.51,191.9,17958936.0
2020-08-17,192.6,194.19,191.92,193.28,20184757.0
2020-08-18,193.53,195.36,192.21,194.49,21336167.0
2020-08-19,195.0,195.61,192.76,193.21,27627561.0
2020-08-20,193.05,198.51,192.42,198.09,26981478.0
2020-08-21,197.37,199.76,196.36,196.53,36249319.0
2020-08-24,198.3,199.03,195.94,197.2,25460147.0
2020-08-25,196.61,200.12,196.61,199.98,23043696.0
2020-08-26,201.39,205.6,200.87,204.66,39600828.0
2020-08-27,206.4,214.66,202.91,210.09,57602195.0
2020-08-28,211.69,214.15,210.09,212.42,26292896.0
2020-08-31,210.51,212.21,207.82,209.04,28774156.0
2020-09-01,209.02,210.96,207.94,210.78,25791235.0
2020-09-02,211.48,216.37,210.86,215.16,34080839.0
2020-09-03,212.78,212.82,198.47,200.81,58400288.0
2020-09-04,198.61,201.87,188.7,197.76,59664072.0
2020-09-08,190.01,193.54,185.71,186.17,52924330.0
2020-09-09,191.11,198.35,190.21,194.8,45678986.0
2020-09-10,196.91,198.25,187.62,188.88,35461514.0
2020-09-11,190.71,192.14,184.75,187.54,33620073.0
2020-09-14,187.75,192.71,187.54,188.92,30375768.0
2020-09-15,191.93,193.29,190.44,192.29,21823942.0
2020-09-16,194.13,194.16,188.15,188.56,26372464.0
2020-09-17,183.56,187.84,183.47,186.42,34011257.0
2020-09-18,186.31,187.16,179.76,183.9,55225326.0
2020-09-21,180.7,186.22,179.89,186.05,39839657.0
2020-09-22,188.57,191.61,185.59,190.93,33517065.0
2020-09-23,191.41,191.61,183.54,184.1,30803780.0
2020-09-24,183.36,189.08,182.71,186.7,31202493.0
2020-09-25,187.06,192.55,186.05,191.33,29437312.0
2020-09-28,194.39,196.08,191.57,192.95,32004936.0
2020-09-29,192.86,193.58,190.32,190.77,24464472.0
2020-09-30,191.24,195.49,190.05,193.84,33829088.0
2020-10-01,197.0,197.5,194.83,195.97,27158418.0
2020-10-02,191.51,194.5,189.05,189.7,33154781.0
2020-10-05,190.73,193.92,190.49,193.89,21331561.0
2020-10-06,192.33,193.69,188.33,189.42,28554261.0
2020-10-07,190.57,193.62,190.23,193.34,25681054.0
2020-10-08,194.02,194.7,191.83,194.09,19925837.0
2020-10-09,194.74,199.37,194.74,199.32,26458047.0
2020-10-12,202.3,207.37,200.32,204.91,40461368.0
2020-10-13,206.23,208.72,203.94,206.37,28950843.0
2020-10-14,206.51,207.73,202.64,204.37,23451713.0
2020-10-15,200.61,203.87,199.52,203.17,22733064.0
2020-10-16,203.66,205.8,202.83,203.17,26057882.0
2020-10-19,203.93,205.81,197.23,197.73,27625841.0
2020-10-20,199.31,200.88,196.6,198.16,22753511.0
2020-10-21,196.63,200.43,196.63,198.31,22724906.0
2020-10-22,197.44,199.57,195.21,198.4,22351450.0
2020-10-23,198.54,199.79,196.67,199.74,18879608.0
2020-10-26,197.36,199.85,191.61,193.59,37111561.0
2020-10-27,195.1,198.18,193.84,196.76,36700325.0
2020-10-28,191.18,192.35,185.61,186.19,51195593.0
2020-10-29,187.58,190.87,186.88,188.23,31432563.0
2020-10-30,187.01,187.8,183.13,185.98,36980111.0
2020-11-02,187.8,188.79,183.63,185.84,30842163.0
2020-11-03,187.4,191.63,186.63,189.94,27512030.0
2020-11-04,197.53,201.83,195.93,199.9,42311777.0
2020-11-05,205.55,207.63,204.66,206.8,36080137.0
2020-11-06,205.77,207.87,201.54,207.23,25231895.0
2020-11-09,207.95,211.63,201.39,201.9,44394950.0
2020-11-10,198.01,200.01,193.23,194.52,44045120.0
2020-11-11,195.9,201.55,195.71,200.06,29440788.0
2020-11-12,200.72,202.62,197.97,198.95,21616115.0
2020-11-13,199.87,200.93,197.67,200.02,18630307.0
2020-11-16,198.38,201.25,198.03,200.74,24953344.0
2020-11-17,199.61,201.19,197.59,197.97,24154112.0
2020-11-18,197.72,199.24,195.0,195.15,28372789.0
2020-11-19,195.45,197.1,194.0,196.49,24792746.0
2020-11-20,196.27,197.36,194.07,194.46,22843119.0
2020-11-23,195.02,196.36,192.23,194.18,25683507.0
2020-11-24,193.66,198.32,192.93,197.93,33979731.0
2020-11-25,199.18,199.36,196.53,197.94,21012887.0
2020-11-27,198.92,200.34,198.11,199.3,14512213.0
2020-11-30,198.17,198.83,194.91,198.14,33064753.0
2020-12-01,198.58,201.39,197.42,200.28,30931318.0
2020-12-02,198.95,199.54,196.87,199.44,23724509.0
2020-12-03,198.68,200.45,197.72,198.31,25120922.0
2020-12-04,198.29,199.45,197.25,198.43,24666039.0
2020-12-07,198.44,199.61,197.06,198.36,24619997.0
2020-12-08,198.04,201.02,196.96,200.08,23284094.0
2020-12-09,199.23,199.3,195.28,195.87,32440603.0
2020-12-10,195.84,197.15,194.43,194.59,26467017.0
2020-12-11,194.12,197.39,193.18,197.33,30979440.0
2020-12-14,197.17,200.28,196.95,198.27,28798379.0
2020-12-15,199.24,199.49,196.31,198.2,27018106.0
2020-12-16,198.82,204.18,198.79,203.35,35023253.0
2020-12-17,203.94,204.96,201.99,203.49,32515784.0
2020-12-18,202.66,203.76,200.09,202.66,63354922.0
2020-12-21,201.62,208.07,201.35,206.66,37181886.0
2020-12-22,206.76,209.7,205.92,208.01,22643397.0
2020-12-23,207.18,207.63,204.87,205.09,18699638.0
2020-12-24,205.49,207.68,205.27,206.82,10550572.0
2020-12-28,208.52,210.1,207.09,209.03,17933496.0
2020-12-29,210.38,211.25,207.65,208.22,17403213.0
2020-12-30,209.3,209.7,205.54,205.75,20272337.0
2020-12-31,205.77,207.07,203.75,206.49,20942132.0
2021-01-04,206.6,207.07,198.88,201.76,37123268.0
2021-01-05,201.33,202.59,199.77,201.97,23822953.0
2021-01-06,196.24,200.56,196.01,196.32,35930653.0
2021-01-07,198.11,203.41,197.78,202.36,27694480.0
2021-01-08,202.75,204.65,201.1,203.69,22956206.0
2021-01-11,202.54,202.98,200.8,201.56,23047029.0
2021-01-12,200.57,201.17,197.39,199.0,23249336.0
2021-01-13,198.09,200.83,198.0,200.41,20087080.0
2021-01-14,199.98,201.53,196.81,197.09,29346737.0
2021-01-15,197.59,198.58,196.1,196.72,31746512.0
2021-01-19,197.82,201.05,196.7,200.51,30480859.0
2021-01-20,201.77,209.86,201.36,208.41,37777260.0
2021-01-21,208.77,210.37,206.49,209.04,30749553.0
2021-01-22,211.15,214.14,209.87,210.02,30172663.0
2021-01-25,213.19,213.85,208.29,213.6,33152095.0
2021-01-26,215.93,218.25,214.15,216.4,49169601.0
2021-01-27,222.07,224.51,214.21,216.97,69870638.0
2021-01-28,219.68,226.71,219.16,223.0,49111159.0
2021-01-29,220.06,222.09,215.42,216.03,42503138.0
2021-02-01,219.13,226.57,216.5,223.72,33314193.0
2021-02-02,225.37,226.38,222.76,223.58,25916337.0
2021-02-03,223.64,229.16,223.33,227.07,27158104.0
2021-02-04,226.73,227.31,224.44,226.08,25296100.0
2021-02-05,226.3,227.35,224.49,226.27,18054752.0
2021-02-08,227.22,227.75,224.88,226.54,22211929.0
2021-02-09,225.94,228.83,225.45,227.84,23564953.0
2021-02-10,229.07,229.99,224.96,226.89,22186706.0
2021-02-11,228.85,229.22,226.22,228.56,15751059.0
2021-02-12,228.0,229.37,226.8,229.06,16561079.0
2021-02-16,229.1,230.2,226.99,227.77,26728487.0
2021-02-17,225.95,228.94,225.57,228.83,21673109.0
2021-02-18,226.43,228.56,225.49,228.42,16925563.0
2021-02-19,228.38,228.49,224.81,225.6,25262600.0
2021-02-22,222.05,222.56,217.03,219.14,36446936.0
2021-02-23,214.96,219.46,213.36,217.9,30228704.0
2021-02-24,214.64,219.83,213.63,219.18,26339746.0
2021-02-25,216.71,219.22,212.51,213.62,39542235.0
2021-02-26,216.16,220.0,214.17,217.01,37819227.0
2021-03-01,220.53,222.1,217.78,221.57,25332837.0
2021-03-02,221.64,221.93,218.08,218.5,22812459.0
2021-03-03,216.79,218.21,211.89,212.19,34029526.0
2021-03-04,211.37,217.12,208.89,211.36,44727785.0
2021-03-05,214.15,217.9,211.09,216.23,41872770.0
2021-03-08,216.0,218.0,211.76,212.02,35267440.0
2021-03-09,217.51,220.01,216.3,218.41,33080531.0
2021-03-10,221.63,221.63,216.67,217.05,29746812.0
2021-03-11,219.59,223.8,218.94,221.76,29907586.0
2021-03-12,218.64,220.45,217.86,220.38,22653662.0
2021-03-15,219.59,219.82,216.44,219.44,26042669.0
2021-03-16,220.91,224.69,220.57,222.34,28092196.0
2021-03-17,220.78,223.18,217.86,221.67,29562100.0
2021-03-18,217.19,218.82,214.96,215.35,34852251.0
2021-03-19,215.65,217.1,213.98,214.98,46430730.0
2021-03-22,214.9,221.53,214.77,220.62,30127005.0
2021-03-23,222.12,225.68,221.7,222.21,31638376.0
2021-03-24,222.48,222.63,219.95,220.09,25620127.0
2021-03-25,219.93,221.57,216.2,216.97,34061853.0
2021-03-26,216.18,221.34,216.18,221.11,25479853.0
2021-03-29,221.22,221.43,216.51,219.87,25227455.0
2021-03-30,218.16,218.48,215.73,216.48,24792012.0
2021-03-31,217.54,223.73,217.02,220.4,43623471.0
2021-04-01,223.1,227.47,222.68,226.98,30337982.0
2021-04-05,227.39,234.59,227.33,233.7,36910609.0
2021-04-06,232.24,234.03,231.51,232.49,22931923.0
2021-04-07,232.44,235.56,231.82,234.53,22719835.0
2021-04-08,237.4,238.77,236.63,237.88,23625197.0
2021-04-09,237.5,240.62,237.07,240.48,24326833.0
2021-04-12,239.34,242.3,239.25,240.54,27148668.0
2021-04-13,241.89,243.82,241.46,243.12,23837469.0
2021-04-14,242.11,243.46,239.79,240.22,23070938.0
2021-04-15,242.56,244.56,242.36,244.13,25627481.0
2021-04-16,244.1,245.63,242.23,245.37,24878582.0
2021-04-19,244.82,246.11,242.45,243.37,23209260.0
2021-04-20,242.45,244.83,241.47,242.89,19722875.0
2021-04-21,243.57,245.31,241.88,245.21,24030383.0
2021-04-22,244.84,246.41,240.27,241.8,25606152.0
2021-04-23,242.51,246.14,241.9,245.78,21499286.0
2021-04-26,246.29,247.07,244.8,246.18,19763346.0
2021-04-27,246.21,247.82,244.75,246.6,31014213.0
2021-04-28,240.71,241.17,237.58,239.19,46903119.0
2021-04-29,240.09,240.73,233.63,237.14,40589023.0
2021-04-30,234.37,237.71,234.23,236.81,30945098.0
2021-05-03,238.03,238.98,235.75,236.49,19626568.0
2021-05-04,235.6,235.84,230.39,232.42,32756052.0
2021-05-05,233.69,234.13,230.45,231.1,21901325.0
2021-05-06,231.08,234.49,229.32,234.36,26491085.0
2021-05-07,236.78,238.93,235.8,237.09,27032912.0
2021-05-10,235.5,236.36,231.75,231.81,29299890.0
2021-05-11,229.18,231.23,227.2,230.86,33641589.0
2021-05-12,226.8,229.01,222.7,223.63,36684370.0
2021-05-13,226.43,230.23,226.05,227.66,29624298.0
2021-05-14,230.21,233.81,230.12,232.78,23901081.0
2021-05-17,231.18,231.22,228.15,229.81,24970168.0
2021-05-18,230.9,231.04,227.53,227.71,20167975.0
2021-05-19,224.5,228.42,223.79,228.31,25739807.0
2021-05-20,229.15,233.14,229.05,231.67,21800716.0
2021-05-21,232.76,233.52,229.93,230.36,21863058.0
2021-05-24,232.98,236.35,232.7,235.97,21411547.0
2021-05-25,236.96,237.94,236.01,236.91,17704303.0
2021-05-26,236.62,238.13,235.94,236.68,17771600.0
2021-05-27,236.36,236.67,234.44,234.5,24426244.0
2021-05-28,236.19,237.27,234.75,234.87,18274942.0
2021-06-01,236.42,236.48,232.15,232.59,23213310.0
2021-06-02,233.32,234.46,231.03,232.49,19406705.0
2021-06-03,230.41,231.53,228.19,230.9,25307711.0
2021-06-04,232.95,236.84,232.7,235.98,25281094.0
2021-06-07,235.17,239.28,235.0,239.0,23079167.0
2021-06-08,240.35,241.2,237.7,237.76,22454998.0
2021-06-09,239.0,240.72,238.4,238.78,17937634.0
2021-06-10,239.48,242.65,238.86,242.43,24563619.0
2021-06-11,243.18,243.68,241.8,243.08,18999731.0
2021-06-14,243.09,245.14,241.99,245.08,19150507.0
2021-06-15,244.96,245.18,242.87,243.55,18038931.0
2021-06-16,244.59,245.77,239.61,242.57,27219956.0
2021-06-17,241.26,246.94,241.2,246.09,27565537.0
2021-06-18,244.82,247.49,243.94,244.62,37202217.0
2021-06-21,245.01,248.71,243.11,247.82,26696119.0
2021-06-22,247.91,250.98,247.59,250.7,24694090.0
2021-06-23,251.18,252.02,249.62,250.46,19518681.0
2021-06-24,251.35,253.04,250.66,251.88,21446867.0
2021-06-25,251.42,252.44,249.95,250.21,25611113.0
2021-06-28,251.38,254.09,251.1,253.91,19590024.0
2021-06-29,254.06,256.84,253.17,256.59,19937811.0
2021-06-30,255.88,256.55,254.79,256.09,21656457.0
2021-07-01,254.8,257.03,254.79,256.79,16725323.0
2021-07-02,258.01,263.19,257.69,262.84,26474408.0
2021-07-06,263.22,264.56,259.49,262.85,31565560.0
2021-07-07,264.59,265.88,262.34,265.12,23260031.0
2021-07-08,262.09,263.92,260.06,262.61,24618591.0
2021-07-09,260.91,263.24,260.51,263.13,23916665.0
2021-07-12,264.35,264.96,261.77,262.51,18931695.0
2021-07-13,262.71,268.04,262.58,266.17,26120128.0
2021-07-14,267.54,268.85,265.74,267.7,23113662.0
2021-07-15,267.19,267.7,265.02,266.22,22604227.0
2021-07-16,267.26,269.29,264.65,265.94,26186848.0
2021-07-19,264.12,265.56,259.64,262.2,32935634.0
2021-07-20,263.22,266.16,261.45,264.51,26259741.0
2021-07-21,264.09,266.71,262.48,266.59,24364320.0
2021-07-22,269.03,271.61,268.61,271.33,23384059.0
2021-07-23,272.56,275.18,271.69,274.86,22768071.0
2021-07-26,274.19,274.88,271.83,274.24,23176073.0
2021-07-27,274.62,274.77,268.14,271.73,33604073.0
2021-07-28,274.18,275.34,269.02,271.41,33566853.0
2021-07-29,271.43,273.81,271.27,271.69,18168294.0
2021-07-30,270.36,271.85,269.1,270.1,20944846.0
2021-08-02,271.55,271.96,268.93,270.01,16267357.0
2021-08-03,270.61,272.42,269.19,272.31,17879048.0
2021-08-04,271.41,272.78,269.84,271.7,16191301.0
2021-08-05,272.07,274.82,271.29,274.71,13900167.0
2021-08-06,273.7,274.69,272.81,274.65,16589336.0
2021-08-09,274.94,276.74,273.0,273.52,16117629.0
2021-08-10,273.99,274.44,270.39,271.63,18616578.0
2021-08-11,272.4,273.85,271.05,272.14,13955934.0
2021-08-12,271.82,275.16,271.53,275.0,14570391.0
2021-08-13,274.67,278.09,274.49,278.04,18249046.0
2021-08-16,278.38,280.01,275.21,279.79,22516027.0
2021-08-17,277.58,278.62,276.27,278.27,20075250.0
2021-08-18,277.79,280.57,276.02,276.48,21812985.0
2021-08-19,274.44,283.22,274.39,282.52,29850461.0
2021-08-20,285.47,291.59,283.81,290.11,40817646.0
2021-08-23,289.0,291.15,287.6,290.4,22830157.0
2021-08-24,290.77,291.4,287.75,288.37,18175774.0
2021-08-25,290.05,290.34,286.17,287.76,20006057.0
2021-08-26,286.74,288.18,284.7,284.84,17666084.0
2021-08-27,284.74,286.62,282.58,285.47,22605726.0
2021-08-30,286.87,289.97,286.81,289.34,16348072.0
2021-08-31,290.17,290.25,287.25,287.63,26285338.0
2021-09-01,288.62,290.94,287.24,287.58,18983826.0
2021-09-02,287.95,289.11,285.93,286.9,16290545.0
2021-09-03,286.74,288.35,286.01,286.89,14751610.0
2021-09-07,286.76,286.84,283.95,285.93,17184083.0
2021-09-08,285.53,286.36,283.22,285.96,15046819.0
2021-09-09,286.57,287.89,282.75,283.0,19927000.0
2021-09-10,284.17,285.67,281.13,281.46,19633363.0
2021-09-13,283.3,284.29,279.83,282.74,23652949.0
2021-09-14,285.31,287.14,283.85,285.54,21853433.0
2021-09-15,289.01,291.07,287.57,290.57,28356304.0
2021-09-16,289.51,291.06,286.51,290.97,19550815.0
2021-09-17,289.92,290.25,285.28,285.62,41372457.0
2021-09-20,282.08,284.47,275.27,280.05,38278661.0
2021-09-21,281.44,283.29,279.82,280.55,22364103.0
2021-09-22,282.48,285.97,280.26,284.33,26626342.0
2021-09-23,284.6,286.65,283.28,285.31,18604601.0
2021-09-24,283.98,285.55,282.68,285.1,14998978.0
2021-09-27,281.89,282.22,278.69,279.92,23571742.0
2021-09-28,275.55,276.53,268.5,269.27,43186237.0
2021-09-29,270.85,272.52,268.76,269.75,26353696.0
2021-09-30,271.46,273.58,267.37,267.67,32343635.0
2021-10-01,267.87,275.73,267.04,274.85,30086280.0
2021-10-04,273.15,273.5,266.0,268.86,31350747.0
2021-10-05,269.8,276.15,269.8,274.51,24993024.0
2021-10-06,271.53,279.38,271.26,278.86,28002559.0
2021-10-07,280.93,282.39,279.67,280.6,20430471.0
2021-10-08,281.97,282.39,279.51,280.6,17685700.0
2021-10-11,278.67,283.72,278.5,279.98,19298634.0
2021-10-12,281.09,281.19,278.1,278.63,17974143.0
2021-10-13,280.66,283.03,279.24,282.06,23424025.0
2021-10-14,284.96,289.02,283.58,288.5,27262902.0
2021-10-15,288.09,290.2,286.27,289.96,25384803.0
2021-10-18,289.32,293.96,288.44,293.04,22729297.0
2021-10-19,294.1,295.05,292.97,293.98,17682139.0
2021-10-20,294.96,295.45,291.86,293.16,16537069.0
2021-10-21,292.92,296.77,292.11,296.51,16918100.0
2021-10-22,296.15,296.84,293.55,294.91,17449332.0
2021-10-25,295.11,295.15,292.21,293.88,17554469.0
2021-10-26,296.75,298.14,294.35,295.86,28107349.0
2021-10-27,301.75,311.85,301.75,308.92,52588690.0
2021-10-28,310.08,310.62,307.11,310.1,26297943.0
2021-10-29,309.88,317.75,309.65,317.37,34765982.0
2021-11-01,317.11,317.24,312.12,315.12,27073182.0
2021-11-02,316.06,319.2,315.75,318.88,26487109.0
2021-11-03,319.65,320.65,316.4,319.75,21500082.0
2021-11-04,318.64,322.29,315.26,322.19,23992202.0
2021-11-05,324.26,324.54,320.17,321.81,22570098.0
2021-11-08,323.05,323.4,320.19,322.74,20897001.0
2021-11-09,322.86,324.47,320.28,321.7,21307370.0
2021-11-10,320.32,320.38,315.67,316.55,25500938.0
2021-11-11,317.0,319.52,316.26,318.18,16849844.0
2021-11-12,319.67,322.98,319.54,322.47,23831049.0
2021-11-15,323.29,323.63,319.78,321.82,16723009.0
2021-11-16,321.43,326.42,321.26,325.26,20886832.0
2021-11-17,325.31,328.56,324.37,325.49,19053380.0
2021-11-18,324.55,328.82,323.49,327.64,22463533.0
2021-11-19,329.01,331.47,328.57,329.48,21963403.0
2021-11-22,330.99,336.04,325.92,326.2,31031113.0
2021-11-23,323.42,325.82,319.93,324.05,30427563.0
2021-11-24,322.65,324.53,320.28,324.28,21661307.0
2021-11-26,320.72,324.3,314.49,316.05,24217242.0
2021-11-29,321.31,325.4,321.11,323.0,28563481.0
2021-11-30,321.69,324.15,315.36,316.96,42885609.0
2021-12-01,321.5,325.65,315.76,316.45,33401146.0
2021-12-02,316.67,319.86,314.17,315.86,30765980.0
2021-12-03,318.36,319.07,304.4,309.38,41779279.0
2021-12-06,310.32,313.82,305.6,312.56,30032556.0
2021-12-07,318.01,322.17,316.47,321.29,31021936.0
2021-12-08,321.68,321.87,317.17,321.34,24760988.0
2021-12-09,320.78,322.86,318.49,319.47,22214158.0
2021-12-10,321.35,329.37,321.16,328.91,38095694.0
2021-12-13,327.05,330.16,325.45,325.77,28899431.0
2021-12-14,319.59,321.01,310.48,314.71,44438699.0
2021-12-15,314.98,321.56,310.87,321.02,35381122.0
2021-12-16,322.08,323.13,309.39,311.27,35034831.0
2021-12-17,307.25,311.29,303.62,310.17,47983713.0
2021-12-20,306.42,309.17,303.94,306.28,28326532.0
2021-12-21,309.66,314.1,306.17,313.66,24740597.0
2021-12-22,314.67,319.98,312.12,319.57,24831493.0
2021-12-23,319.12,322.76,319.1,321.06,19617848.0
2021-12-27,321.83,328.85,321.8,328.82,19947029.0
2021-12-28,329.52,330.18,326.69,327.62,15661467.0
2021-12-29,327.67,330.67,326.05,328.32,15041956.0
2021-12-30,328.28,329.5,325.19,325.69,15994471.0
2021-12-31,324.88,325.73,322.22,322.69,18000797.0
2022-01-03,321.72,324.37,316.15,321.12,28918013.0
2022-01-04,321.2,321.57,312.49,315.38,32674306.0
2022-01-05,312.23,312.44,302.35,302.75,40054327.0
2022-01-06,299.52,305.07,297.86,300.25,39646148.0
2022-01-07,300.52,302.87,296.46,300.41,32720018.0
2022-01-10,295.86,301.09,291.06,300.64,44289467.0
2022-01-11,299.75,302.98,296.26,301.35,29386774.0
2022-01-12,306.04,309.78,303.45,304.64,34372217.0
2022-01-13,306.84,307.25,290.37,291.17,45365979.0
2022-01-14,290.43,297.17,290.12,296.57,39846414.0
2022-01-18,290.44,296.17,288.11,289.02,42434112.0
2022-01-19,292.66,300.28,289.07,289.7,45933855.0
2022-01-20,295.44,298.02,287.51,287.97,35380675.0
2022-01-21,289.06,290.48,281.98,282.4,57984403.0
2022-01-24,278.57,283.48,262.42,282.74,86035393.0
2022-01-25,277.89,281.36,271.54,274.86,72848638.0
2022-01-26,294.36,294.87,279.4,283.08,90428853.0
2022-01-27,289.03,293.67,284.3,286.21,53481317.0
2022-01-28,286.6,294.85,280.82,294.63,49743698.0
2022-01-31,295.32,298.75,292.74,297.35,46444536.0
2022-02-01,296.78,297.0,291.5,295.13,40950396.0
2022-02-02,296.0,301.49,295.25,299.83,36635989.0
2022-02-03,295.86,297.6,286.33,287.62,43729972.0
2022-02-04,286.58,295.17,286.34,292.31,35096488.0
2022-02-07,292.54,294.21,286.27,287.32,28533286.0
2022-02-08,287.62,291.93,286.32,290.93,32421188.0
2022-02-09,296.24,298.3,293.76,297.58,31284671.0
2022-02-10,290.41,295.49,287.07,288.75,45386199.0
2022-02-11,289.56,290.66,280.59,281.41,39175620.0
2022-02-14,280.14,283.13,277.72,281.37,36359487.0
2022-02-15,286.38,287.17,283.39,286.84,27379488.0
2022-02-16,285.36,287.86,280.67,286.49,29982121.0
2022-02-17,283.35,283.79,276.99,277.72,32461580.0
2022-02-18,280.04,280.85,273.3,274.92,34264008.0
2022-02-22,271.99,278.53,271.49,274.71,41736117.0
2022-02-23,277.17,278.69,267.09,267.26,37811167.0
2022-02-24,259.5,282.15,258.51,281.58,56989686.0
2022-02-25,282.13,284.62,278.64,284.3,32546721.0
2022-02-28,281.3,286.13,279.99,285.78,34627457.0
2022-03-01,283.39,286.96,279.14,281.94,31217778.0
2022-03-02,282.35,288.46,280.69,287.18,31873007.0
2022-03-03,289.88,290.12,281.04,282.91,27314469.0
2022-03-04,281.28,282.65,274.16,276.85,32369655.0
2022-03-07,275.52,276.68,265.52,265.9,43157178.0
2022-03-08,264.79,270.95,256.99,262.84,48159475.0
2022-03-09,270.43,276.59,267.77,275.49,35204480.0
2022-03-10,270.01,273.59,267.57,272.58,30628012.0
2022-03-11,274.95,276.5,266.42,267.06,27209330.0
2022-03-14,267.33,272.39,262.81,263.43,30660747.0
2022-03-15,267.34,274.81,265.72,274.14,34245085.0
2022-03-16,276.1,281.56,270.19,281.38,37826329.0
2022-03-17,280.28,282.6,276.36,282.21,30816633.0
2022-03-18,282.36,287.99,279.72,287.42,43390625.0
2022-03-21,285.88,287.13,281.89,286.15,28351245.0
2022-03-22,286.79,291.99,285.76,291.05,27599689.0
2022-03-23,287.5,290.22,284.71,286.48,25715377.0
2022-03-24,286.13,291.19,285.31,291.09,24484456.0
2022-03-25,292.22,292.49,286.28,290.67,22566453.0
2022-03-28,291.32,297.79,291.32,297.69,29578188.0
2022-03-29,300.9,302.81,296.04,302.4,30393403.0
2022-03-30,300.75,302.94,298.57,300.85,28163555.0
2022-03-31,300.89,302.13,294.88,295.3,33422070.0
2022-04-01,296.36,297.12,292.53,296.41,27110529.0
2022-04-04,297.08,302.1,296.7,301.96,24335868.0
2022-04-05,300.26,301.86,296.86,297.87,23156719.0
2022-04-06,292.18,293.99,283.7,286.49,40110372.0
2022-04-07,283.65,290.64,283.34,288.36,31411155.0
2022-04-08,287.43,288.11,283.27,283.96,24361917.0
2022-04-11,278.78,279.6,271.99,272.25,34569264.0
2022-04-12,276.23,277.73,267.48,269.05,30966721.0
2022-04-13,269.72,275.57,268.29,274.61,21907176.0
2022-04-14,275.08,275.3,266.31,266.82,28221607.0
2022-04-18,265.9,269.45,265.33,267.51,20778000.0
2022-04-19,266.37,273.16,265.4,272.29,22297720.0
2022-04-20,276.39,276.69,272.36,273.35,22906667.0
2022-04-21,275.57,280.29,267.05,267.8,29454587.0
2022-04-22,268.67,270.19,260.37,261.02,29405798.0
2022-04-25,260.28,268.1,257.76,267.71,35678852.0
2022-04-26,264.49,265.35,256.99,257.21,46518445.0
2022-04-27,269.09,277.96,266.15,270.21,63477694.0
2022-04-28,272.18,277.97,268.45,276.62,33646570.0
2022-04-29,275.6,276.87,263.49,264.51,37073923.0
2022-05-02,264.7,271.93,263.21,271.46,35151105.0
2022-05-03,270.95,271.12,267.14,268.77,25978605.0
2022-05-04,269.58,277.87,263.72,276.97,33599320.0
2022-05-05,272.53,273.34,261.33,264.34,43260386.0
2022-05-06,261.8,266.24,258.26,261.72,37780322.0
2022-05-09,257.05,259.35,250.31,251.57,47725952.0
2022-05-10,258.68,260.74,252.06,256.49,39336424.0
2022-05-11,252.67,258.35,246.29,247.54,48975898.0
2022-05-12,244.68,246.87,237.01,242.34,51033802.0
2022-05-13,244.34,250.03,242.34,248.11,34925093.0
2022-05-16,246.94,252.81,242.77,248.49,32550933.0
2022-05-17,253.1,255.32,249.45,253.81,28828799.0
2022-05-18,250.61,251.21,240.38,241.69,31355985.0
2022-05-19,241.51,245.28,239.49,240.75,32692286.0
2022-05-20,244.85,246.15,234.05,240.17,39199279.0
2022-05-23,243.1,249.11,241.04,248.26,33175379.0
2022-05-24,245.5,248.94,241.11,247.23,29043904.0
2022-05-25,245.75,252.19,244.74,250.13,28547947.0
2022-05-26,249.88,254.72,249.04,253.51,25002105.0
2022-05-27,256.09,260.95,255.17,260.85,26910806.0
2022-05-31,260.14,262.38,256.54,259.48,37827695.0
2022-06-01,262.81,265.3,257.65,260.03,25292174.0
2022-06-02,252.06,262.26,249.21,262.19,44008209.0
2022-06-03,257.92,261.06,256.02,257.63,28058958.0
2022-06-06,259.67,261.79,254.83,256.36,22400342.0
2022-06-07,254.25,260.74,253.55,260.11,22860677.0
2022-06-08,259.32,260.61,257.22,258.02,17372341.0
2022-06-09,255.39,260.32,252.24,252.4,26439728.0
2022-06-10,248.19,248.19,240.14,240.6,31445841.0
2022-06-13,232.72,236.63,229.14,229.87,46135788.0
2022-06-14,231.47,233.35,229.12,232.1,28651487.0
2022-06-15,235.92,242.91,234.03,239.37,33111729.0
2022-06-16,233.59,235.03,230.63,232.58,33169160.0
2022-06-17,232.31,238.11,231.64,235.26,43084780.0
2022-06-21,237.87,242.36,237.12,241.35,29928297.0
2022-06-22,239.5,244.78,237.98,240.74,25961215.0
2022-06-23,243.18,246.98,241.24,246.47,25861449.0
2022-06-24,249.42,255.59,249.33,255.31,33923231.0
2022-06-27,255.81,255.91,250.89,252.5,24615114.0
2022-06-28,251.59,254.52,243.93,244.09,27380247.0
2022-06-29,245.2,249.58,243.37,247.87,20069839.0
2022-06-30,244.66,247.14,240.51,244.44,31730868.0
2022-07-01,244.0,247.38,242.22,247.19,22837692.0
2022-07-05,243.77,250.59,242.35,250.46,22971634.0
2022-07-06,251.36,255.6,250.01,253.82,23824419.0
2022-07-07,252.73,256.67,252.63,256.01,20859874.0
2022-07-08,252.4,255.71,250.9,255.27,19658751.0
2022-07-11,253.26,254.14,249.79,252.12,19519108.0
2022-07-12,253.49,253.55,239.65,241.28,35868450.0
2022-07-13,237.8,241.16,235.72,240.33,29497423.0
2022-07-14,238.18,242.75,233.55,241.69,25102823.0
2022-07-15,243.33,247.98,242.38,244.33,29774050.0
2022-07-18,247.36,248.45,240.91,241.86,20975034.0
2022-07-19,245.19,247.33,241.29,247.14,25012562.0
2022-07-20,247.51,252.48,246.52,249.88,22788282.0
2022-07-21,247.4,252.5,244.64,252.45,22404675.0
2022-07-22,252.85,252.94,246.68,247.97,21881290.0
2022-07-25,248.61,249.11,244.42,246.44,21055998.0
2022-07-26,247.47,247.49,237.18,239.51,39347957.0
2022-07-27,248.77,257.66,246.46,256.35,45994049.0
2022-07-28,257.36,265.45,255.48,264.02,33459327.0
2022-07-29,265.31,269.61,264.24,268.35,32152752.0
2022-08-01,265.43,268.89,263.45,265.62,21539580.0
2022-08-02,263.61,265.5,259.99,262.43,22754184.0
2022-08-03,264.37,271.11,264.22,270.08,23518874.0
2022-08-04,269.41,271.41,267.78,271.26,18098668.0
2022-08-05,266.76,271.26,266.29,270.52,16774606.0
2022-08-08,271.66,273.53,266.93,267.93,18757818.0
2022-08-09,267.25,270.69,265.22,269.91,23405238.0
2022-08-10,275.78,277.42,274.55,276.77,24687845.0
2022-08-11,278.46,278.82,274.12,274.63,20065938.0
2022-08-12,276.09,279.52,274.55,279.52,22619675.0
2022-08-15,278.61,281.79,277.72,281.08,18085654.0
2022-08-16,279.6,281.65,278.03,280.32,18102882.0
2022-08-17,277.97,281.58,277.7,279.55,18253358.0
2022-08-18,278.42,280.14,277.31,278.4,17186192.0
2022-08-19,277.13,277.48,273.79,274.38,20570033.0
2022-08-22,270.31,270.69,265.45,265.98,25061070.0
2022-08-23,264.67,267.09,263.63,264.67,17527409.0
2022-08-24,263.64,265.46,263.34,264.02,18137019.0
2022-08-25,265.56,267.25,262.75,267.08,16583407.0
2022-08-26,267.31,268.57,256.21,256.32,27549307.0
2022-08-29,254.08,255.63,252.08,253.46,20338544.0
2022-08-30,254.9,255.28,248.89,251.2,22767071.0
2022-08-31,253.62,255.34,249.56,249.7,24791834.0
2022-09-01,247.1,249.12,243.64,248.63,23263431.0
2022-09-02,249.93,252.97,242.7,244.29,22855380.0
2022-09-06,244.43,246.06,240.17,241.48,21328242.0
2022-09-07,242.93,247.06,241.45,246.32,24126700.0
2022-09-08,245.74,248.66,243.02,246.75,20319911.0
2022-09-09,248.73,253.46,248.52,252.69,22093190.0
2022-09-12,254.01,255.68,253.39,254.88,18747690.0
2022-09-13,247.07,248.63,239.82,240.22,33353318.0
2022-09-14,241.76,242.46,238.09,240.45,23912954.0
2022-09-15,238.0,239.63,232.25,233.61,31530948.0
2022-09-16,232.49,233.53,230.29,232.97,39791768.0
2022-09-19,230.7,233.37,229.08,232.75,26826931.0
2022-09-20,230.3,231.74,227.87,230.68,26660299.0
2022-09-21,232.5,235.89,227.13,227.18,28625557.0
2022-09-22,226.1,232.09,225.8,229.21,31061162.0
2022-09-23,227.77,229.36,223.43,226.15,34176048.0
2022-09-26,225.28,229.68,225.13,225.68,27694190.0
2022-09-27,228.21,230.03,222.73,224.64,27018732.0
2022-09-28,225.04,230.56,222.96,229.3,29029679.0
2022-09-29,227.12,228.18,222.64,225.73,27484233.0
2022-09-30,226.52,228.77,220.96,221.13,35694832.0
2022-10-03,223.64,229.84,222.89,228.97,28880357.0
2022-10-04,233.32,238.59,233.21,237.11,34888416.0
2022-10-05,234.22,238.81,232.33,237.43,20347136.0
2022-10-06,236.16,238.57,234.31,235.02,20239886.0
2022-10-07,229.13,229.55,221.4,222.47,37769602.0
2022-10-10,221.28,222.79,214.96,217.48,29743608.0
2022-10-11,215.85,217.29,212.34,213.64,30473954.0
2022-10-12,213.63,216.09,212.19,213.98,21903937.0
2022-10-13,208.08,224.33,207.36,222.47,42551818.0
2022-10-14,223.77,225.47,216.57,216.79,30198588.0
2022-10-17,224.05,227.19,223.37,225.76,28142268.0
2022-10-18,231.47,232.16,223.6,226.73,26329591.0
2022-10-19,225.27,227.84,222.52,224.71,19985698.0
2022-10-20,224.0,229.54,223.1,224.38,21811015.0
2022-10-21,222.97,231.23,222.73,230.35,26299733.0
2022-10-24,231.99,236.07,229.53,235.48,24911212.0
2022-10-25,235.49,239.27,234.06,238.89,34775505.0
2022-10-26,219.4,226.53,218.29,219.55,82684846.0
2022-10-27,219.27,221.92,214.01,214.98,40424645.0
2022-10-28,214.47,224.83,214.28,224.1,40647724.0
2022-10-31,221.99,223.15,219.38,220.36,28357265.0
2022-11-01,222.83,223.97,215.56,216.4,30592271.0
2022-11-02,217.69,219.53,208.27,208.33,38407008.0
2022-11-03,208.32,208.64,202.21,202.48,36633922.0
2022-11-04,205.78,209.82,201.66,209.62,36789063.0
2022-11-07,210.22,216.64,209.51,216.1,33497979.0
2022-11-08,216.93,219.88,214.07,217.1,28192548.0
2022-11-09,215.6,216.86,212.56,212.74,27852910.0
2022-11-10,223.66,231.56,223.23,231.21,46268021.0
2022-11-11,231.22,236.22,230.16,235.34,34620246.0
2022-11-14,230.22,232.14,227.44,229.78,31123340.0
2022-11-15,233.89,235.23,228.26,230.2,31390117.0
2022-11-16,231.7,232.71,229.33,230.64,24093272.0
2022-11-17,226.69,232.16,226.54,230.59,23123544.0
2022-11-18,232.42,232.65,227.94,230.13,27613523.0
2022-11-21,230.34,233.58,230.1,230.96,26394700.0
2022-11-22,232.5,234.22,229.62,233.94,19665699.0
2022-11-23,234.02,237.19,233.18,236.49,19508462.0
2022-11-25,236.22,237.61,235.64,236.4,9200772.0
2022-11-28,234.99,235.56,229.71,230.67,24810271.0
2022-11-29,230.31,231.7,227.12,229.24,17956313.0
2022-11-30,229.48,244.24,228.77,244.05,47594239.0
2022-12-01,242.78,245.03,239.83,243.6,26041524.0
2022-12-02,238.73,244.97,238.6,243.93,21528520.0
2022-12-05,240.92,242.73,236.97,239.11,23435294.0
2022-12-06,239.73,240.77,232.69,234.03,22463727.0
2022-12-07,233.74,235.07,231.12,233.28,20481522.0
2022-12-08,233.75,237.65,231.97,236.31,22611757.0
2022-12-09,233.61,237.22,233.07,234.33,20609743.0
2022-12-12,236.36,241.45,236.08,241.42,30665069.0
2022-12-13,250.6,252.83,241.98,245.83,42196884.0
2022-12-14,246.04,251.5,243.22,246.13,35410933.0
2022-12-15,242.63,243.11,236.25,237.92,35568093.0
2022-12-16,237.46,238.75,232.42,233.6,86101994.0
2022-12-19,233.77,234.12,227.62,229.36,29696436.0
2022-12-20,228.31,231.82,227.33,230.71,25150802.0
2022-12-21,230.6,234.53,229.02,233.34,23690607.0
2022-12-22,230.17,230.9,222.78,227.1,28651664.0
2022-12-23,225.02,227.78,222.85,227.64,21206982.0
2022-12-27,227.61,227.84,224.74,225.87,16688648.0
2022-12-28,225.8,228.63,223.08,223.44,17457104.0
2022-12-29,224.56,230.83,224.56,229.92,19770693.0
2022-12-30,227.12,228.87,225.57,228.73,21938472.0
2023-01-03,231.99,234.66,226.31,228.49,25740036.0
2023-01-04,221.19,221.78,214.87,218.01,50623394.0
2023-01-05,216.11,216.46,210.67,211.22,39585623.0
2023-01-06,211.91,214.67,208.26,213.84,43613574.0
2023-01-09,215.36,220.15,215.32,216.03,27369784.0
2023-01-10,216.67,220.22,216.24,217.76,27033881.0
2023-01-11,220.2,224.86,220.02,224.68,28669331.0
2023-01-12,224.17,228.81,222.47,227.42,27269486.0
2023-01-13,225.91,228.28,223.83,228.14,21333265.0
2023-01-17,226.88,229.82,226.0,229.26,29831257.0
2023-01-18,230.48,231.29,224.43,224.72,30028692.0
2023-01-19,222.69,224.43,219.59,220.84,28623033.0
2023-01-20,223.77,229.65,223.42,229.13,35389809.0
2023-01-23,230.01,234.08,228.56,231.49,31933951.0
2023-01-24,231.41,232.86,229.35,230.95,40234444.0
2023-01-25,223.39,232.21,219.81,229.52,66526641.0
2023-01-26,232.56,237.22,230.91,236.91,33454491.0
2023-01-27,237.9,238.74,235.74,237.07,26498939.0
2023-01-30,233.42,234.51,231.11,231.62,25867365.0
2023-01-31,232.36,236.86,231.86,236.72,26541072.0
2023-02-01,236.91,244.09,234.38,241.66,31259912.0
2023-02-02,247.73,253.6,246.16,253.51,39940437.0
2023-02-03,248.45,253.11,246.01,247.26,29077256.0
2023-02-06,246.35,247.21,243.69,245.68,22517997.0
2023-02-07,249.44,257.69,248.99,256.47,50841365.0
2023-02-08,262.11,265.67,255.12,255.64,54686049.0
2023-02-09,262.71,262.89,251.71,252.53,42375102.0
2023-02-10,250.44,253.0,249.57,252.01,25818489.0
2023-02-13,256.55,263.51,256.06,260.23,44630921.0
2023-02-14,261.58,263.88,258.19,261.08,37047924.0
2023-02-15,257.91,260.32,255.77,258.91,28962163.0
2023-02-16,253.61,256.33,251.49,251.74,29603616.0
2023-02-17,248.98,249.68,245.59,247.65,30000055.0
2023-02-21,244.07,245.08,241.18,242.26,28397444.0
2023-02-22,243.68,243.93,239.93,241.1,22491056.0
2023-02-23,245.15,246.43,240.07,244.36,29219095.0
2023-02-24,239.55,240.59,237.69,238.81,24990905.0
2023-02-27,242.05,242.41,238.98,239.75,21190042.0
2023-02-28,238.66,241.08,238.32,239.01,22490950.0
2023-03-01,240.35,240.52,235.38,235.86,27565259.0
2023-03-02,236.14,240.99,235.2,240.7,24833646.0
2023-03-03,241.78,245.21,240.98,244.88,30760136.0
2023-03-06,246.02,249.71,245.57,246.46,24109849.0
2023-03-07,245.89,247.28,242.98,243.74,21473179.0
2023-03-08,243.63,244.13,240.4,243.29,17340217.0
2023-03-09,245.41,249.15,241.17,241.91,26653387.0
2023-03-10,240.67,242.38,237.19,238.18,28333930.0
2023-03-13,236.99,247.5,235.32,243.51,33339721.0
2023-03-14,246.34,250.66,245.45,250.38,33620293.0
2023-03-15,249.57,256.07,248.8,255.03,46028047.0
2023-03-16,254.8,266.15,252.87,265.79,54832140.0
2023-03-17,267.85,272.92,265.91,269.02,69527371.0
2023-03-20,266.57,267.07,259.44,261.82,43466649.0
2023-03-21,264.47,264.59,259.11,263.37,34558704.0
2023-03-22,262.99,270.63,261.77,261.88,34873330.0
2023-03-23,267.53,270.65,264.79,267.25,36610879.0
2023-03-24,266.83,270.22,264.87,270.16,28199962.0
2023-03-27,270.09,271.05,265.11,265.97,26840212.0
2023-03-28,265.38,265.73,261.64,264.82,21878647.0
2023-03-29,268.55,270.73,268.0,270.1,25087032.0
2023-03-30,273.82,274.05,271.07,273.64,25053410.0
2023-03-31,273.32,278.86,272.59,277.89,32765976.0
2023-04-03,276.11,277.86,273.54,276.82,24883342.0
2023-04-04,276.82,280.04,275.26,276.77,25824299.0
2023-04-05,275.44,276.74,272.51,273.93,22064770.0
2023-04-06,272.8,281.67,271.62,281.19,29770334.0
2023-04-10,278.8,279.19,274.3,278.98,23102994.0
2023-04-11,275.34,275.57,271.23,272.42,27276589.0
2023-04-12,274.38,276.6,271.55,273.08,27403432.0
2023-04-13,273.18,279.49,272.76,279.43,24222678.0
2023-04-14,276.59,278.07,273.28,275.73,20987917.0
2023-04-17,279.52,281.19,275.75,278.39,23836223.0
2023-04-18,281.16,281.35,276.6,277.96,20161845.0
2023-04-19,275.58,278.64,274.13,278.04,17150271.0
2023-04-20,274.84,278.62,274.67,275.7,23244363.0
2023-04-21,274.6,275.86,272.65,275.35,21676387.0
2023-04-24,271.68,274.54,268.31,271.36,26611014.0
2023-04-25,269.1,271.19,264.96,265.01,45772236.0
2023-04-26,286.29,289.16,282.32,284.96,64599182.0
2023-04-27,285.56,294.79,284.84,294.42,46462638.0
2023-04-28,293.6,298.52,292.9,296.85,36469613.0
2023-05-01,296.56,298.19,294.74,295.15,21294115.0
2023-05-02,297.35,298.77,293.5,295.0,26404431.0
2023-05-03,296.21,298.2,293.68,293.99,22360754.0
2023-05-04,295.83,297.35,292.99,295.0,22519907.0
2023-05-05,295.31,301.56,293.86,300.24,28197052.0
2023-05-08,299.72,299.79,295.68,298.24,21318613.0
2023-05-09,297.59,299.63,295.9,296.59,21340829.0
2023-05-10,298.21,302.59,297.26,301.9,30078044.0
2023-05-11,299.69,300.71,295.85,299.7,31680179.0
2023-05-12,300.14,300.24,296.19,298.56,19774696.0
2023-05-15,298.69,299.5,297.18,299.05,16336547.0
2023-05-16,299.42,303.3,299.42,301.33,26730347.0
2023-05-17,302.56,304.7,301.01,304.27,24315012.0
2023-05-18,304.8,309.31,303.99,308.79,27275991.0
2023-05-19,307.01,309.02,306.64,308.61,27546701.0
2023-05-22,308.87,312.86,308.28,311.45,24115664.0
2023-05-23,310.3,312.99,305.52,305.53,30797173.0
2023-05-24,305.0,306.77,302.88,304.12,23384887.0
2023-05-25,313.51,317.17,310.27,316.19,43301743.0
2023-05-26,314.29,323.67,314.15,323.16,36630633.0
2023-05-30,325.5,326.01,320.79,321.48,29503070.0
2023-05-31,322.56,326.21,317.6,318.66,45950553.0
2023-06-01,316.2,323.8,314.99,322.85,26773851.0
2023-06-02,324.52,327.77,322.82,325.67,25873769.0
2023-06-05,325.49,328.83,324.93,326.21,21307053.0
2023-06-06,325.6,325.64,322.44,323.95,20396223.0
2023-06-07,321.92,324.76,312.77,313.65,40717129.0
2023-06-08,314.21,316.91,313.62,315.53,23277708.0
2023-06-09,315.26,320.26,314.68,317.06,22528950.0
2023-06-12,318.85,322.37,315.43,322.12,24306753.0
2023-06-13,324.74,327.25,320.66,324.56,22951279.0
2023-06-14,324.61,329.31,323.08,327.61,26003791.0
2023-06-15,327.75,340.11,327.47,338.37,38899075.0
2023-06-16,341.59,341.74,332.22,332.6,46551985.0
2023-06-20,329.58,332.35,326.13,328.32,26375407.0
2023-06-21,326.64,328.0,322.34,323.83,25117799.0
2023-06-22,324.39,330.39,323.61,329.98,23556764.0
2023-06-23,324.63,328.23,323.72,325.29,23146901.0
2023-06-26,323.99,326.38,318.76,318.87,21520582.0
2023-06-27,322.13,326.42,319.57,324.84,24354110.0
2023-06-28,324.93,328.25,324.08,326.12,20259523.0
2023-06-29,324.98,326.38,322.89,325.32,16997042.0
2023-06-30,328.02,333.0,327.47,330.81,26832756.0
2023-07-03,329.46,331.17,326.84,328.26,12508693.0
2023-07-05,325.36,331.92,325.0,328.42,18172378.0
2023-07-06,327.57,333.26,325.77,331.54,28195534.0
2023-07-07,329.59,332.06,327.27,327.49,21214824.0
2023-07-10,324.87,325.5,317.86,322.1,32791449.0
2023-07-11,321.33,323.13,317.27,322.74,26698218.0
2023-07-12,326.87,331.92,325.94,327.47,29995262.0
2023-07-13,329.83,334.01,329.29,332.93,20567159.0
2023-07-14,337.86,341.7,334.58,335.51,28352729.0
2023-07-17,335.95,337.26,332.47,336.0,20363927.0
2023-07-18,336.1,357.05,332.44,349.76,64872705.0
2023-07-19,352.02,352.73,342.71,345.35,39732901.0
2023-07-20,343.84,348.24,335.64,337.14,33778395.0
2023-07-21,339.42,340.57,330.1,334.04,69405382.0
2023-07-24,336.12,337.19,332.58,335.38,26719207.0
2023-07-25,337.38,342.16,335.34,341.25,41637739.0
2023-07-26,331.71,334.94,323.38,328.04,58383702.0
2023-07-27,330.75,331.6,319.32,320.99,39635262.0
2023-07-28,323.94,330.28,323.44,328.64,28484868.0
2023-07-31,327.19,327.97,323.63,326.19,25446022.0
2023-08-01,325.46,328.81,323.97,326.61,18381253.0
2023-08-02,323.9,323.9,316.63,317.77,27761257.0
2023-08-03,316.27,320.15,316.22,316.93,18360352.0
2023-08-04,322.15,325.41,317.51,318.05,23741484.0
2023-08-07,318.64,321.38,317.79,320.38,17741526.0
2023-08-08,317.23,319.02,313.27,316.32,22327574.0
2023-08-09,316.74,317.38,311.32,312.5,22373268.0
2023-08-10,316.29,318.53,311.45,313.2,20113725.0
2023-08-11,310.53,312.68,309.48,311.28,24355491.0
2023-08-14,311.66,314.33,310.35,314.31,18836139.0
2023-08-15,313.27,315.36,311.17,312.13,16966285.0
2023-08-16,311.75,315.37,310.75,311.35,20698864.0
2023-08-17,311.49,312.82,307.16,307.83,21257161.0
2023-08-18,305.44,309.33,302.5,307.43,24755012.0
2023-08-21,308.88,313.72,307.99,312.83,24039956.0
2023-08-22,316.45,317.03,312.41,313.41,16102024.0
2023-08-23,314.77,320.15,314.41,317.95,21166382.0
2023-08-24,323.8,323.93,310.91,310.92,23281434.0
2023-08-25,312.42,316.31,309.75,313.93,21684104.0
2023-08-28,316.61,317.1,312.67,314.65,14808482.0
2023-08-29,312.83,319.93,312.83,319.36,19284590.0
2023-08-30,319.62,320.76,317.4,319.74,15222110.0
2023-08-31,320.15,321.86,317.73,318.71,26410954.0
2023-09-01,322.26,322.94,317.73,319.61,14942024.0
2023-09-05,319.95,325.8,319.61,324.5,18553859.0
2023-09-06,324.33,325.41,321.13,323.83,17535773.0
2023-09-07,322.24,324.03,319.98,320.86,18380995.0
2023-09-08,321.04,327.11,320.41,325.22,19548165.0
2023-09-11,328.19,329.37,326.38,328.89,16583324.0
2023-09-12,326.77,327.74,322.43,322.72,17565482.0
2023-09-13,322.26,327.8,322.12,327.01,16544412.0
2023-09-14,330.1,331.81,327.52,329.65,20267048.0
2023-09-15,327.87,328.35,320.6,321.17,37679792.0
2023-09-18,318.75,321.35,317.31,320.01,16834208.0
2023-09-19,317.12,320.34,315.46,319.6,16514487.0
2023-09-20,320.46,320.54,311.46,311.72,21436525.0
2023-09-21,310.21,316.3,305.95,310.48,35560362.0
2023-09-22,312.27,312.4,307.1,307.96,21447887.0
2023-09-25,307.54,308.62,305.95,308.49,17835964.0
2023-09-26,306.08,306.83,300.97,303.09,26297573.0
2023-09-27,303.25,305.25,300.64,303.74,19410082.0
2023-09-28,301.94,306.43,300.4,304.59,19683564.0
2023-09-29,308.7,310.42,305.93,306.7,24147298.0
2023-10-02,307.23,312.84,306.13,312.75,20570006.0
2023-10-03,311.78,312.34,302.17,304.34,21033492.0
2023-10-04,304.98,310.99,304.95,309.91,20720144.0
2023-10-05,310.04,310.93,305.85,310.31,16965629.0
2023-10-06,307.5,320.14,307.25,318.21,25673630.0
2023-10-09,315.7,321.25,314.13,320.77,19891180.0
2023-10-10,321.91,322.05,318.62,319.34,20557094.0
2023-10-11,322.16,323.77,320.09,323.37,20063246.0
2023-10-12,321.52,324.58,319.67,322.11,19313098.0
2023-10-13,323.33,324.78,317.31,318.68,21085695.0
2023-10-16,322.0,327.09,321.55,323.59,22158048.0
2023-10-17,320.54,324.41,318.36,323.01,18338523.0
2023-10-18,323.44,326.54,319.25,321.06,23153602.0
2023-10-19,323.1,327.83,321.86,322.27,25052071.0
2023-10-20,322.67,322.87,316.4,317.62,25027608.0
2023-10-23,316.42,323.675,315.34,320.27,24374748.0
2023-10-24,322.25,322.79,318.55,321.48,31153193.0
2023-10-25,335.97,337.15,328.57,331.62,55053725.0
2023-10-26,331.49,332.58,317.89,318.84,37828543.0
2023-10-27,321.375,327.67,319.3507,320.76,29856522.0
2023-10-30,324.36,330.4,322.78,328.26,22827869.0
2023-10-31,329.8,329.95,325.64,329.06,20265282.0
2023-11-01,330.74,338.37,330.6,337.02,28158671.0
2023-11-02,338.19,339.78,335.72,339.27,24347820.0
2023-11-03,340.58,345.34,338.28,343.75,23637241.0
2023-11-06,344.4,348.49,344.3,347.48,23828301.0
2023-11-07,350.35,353.41,348.58,351.48,25833889.0
2023-11-08,352.63,354.82,351.5,354.15,26767828.0
2023-11-09,353.25,355.74,351.312,351.64,24847289.0
2023-11-10,352.44,361.05,352.02,360.62,28065155.0
2023-11-13,359.17,359.42,356.85,357.63,19986506.0
2023-11-14,361.96,362.9,358.2954,361.22,27683852.0
2023-11-15,362.98,364.83,358.81,361.37,26859819.0
2023-11-16,362.66,368.05,361.88,367.87,27182093.0
2023-11-17,365.31,366.07,358.7,361.55,40325304.0
2023-11-20,362.92,370.57,362.7,369.14,52528855.0
2023-11-21,367.37,367.9215,362.82,364.77,28423145.0
2023-11-22,369.7,371.4899,366.665,369.55,23361183.0
2023-11-24,369.03,369.67,366.835,369.13,9347023.0
2023-11-27,368.48,372.34,367.9,370.31,22178858.0
2023-11-28,370.05,374.7,369.86,374.4,20453112.0
2023-11-29,375.46,376.0,369.14,370.55,28963387.0
2023-11-30,370.19,371.79,367.17,370.61,30554404.0
2023-12-01,368.46,369.86,363.01,366.21,33040376.0
2023-12-04,360.8,361.22,354.6,360.84,32062984.0
2023-12-05,358.15,364.775,357.321,364.22,23064786.0
2023-12-06,365.24,365.88,359.73,360.5,21182055.0
2023-12-07,359.93,363.1527,358.02,362.65,23118434.0
2023-12-08,360.9,366.16,359.93,365.93,20153878.0
2023-12-11,360.18,363.3,357.8,363.0,27708753.0
2023-12-12,362.55,366.12,362.16,366.08,24836762.0
2023-12-13,367.72,369.3361,362.47,366.07,30955531.0
2023-12-14,365.01,365.46,355.83,357.63,43277189.0
2023-12-15,358.55,364.1,357.98,362.43,78502160.0
2023-12-18,361.15,364.7,360.38,364.35,21802868.0
2023-12-19,363.19,364.96,361.54,364.96,20603592.0
2023-12-20,366.7,367.73,362.23,362.32,26316604.0
2023-12-21,364.26,366.11,361.74,365.24,17707142.0
2023-12-22,365.38,366.88,364.41,366.28,17107484.0
2023-12-26,366.7,368.64,365.2,366.36,12673049.0
2023-12-27,365.39,366.76,364.5116,365.77,14905160.0
2023-12-28,367.07,368.158,365.86,366.98,14327013.0
2023-12-29,367.7,368.86,365.18,367.74,18730756.0
2024-01-02,365.56,367.6,358.471,362.57,25258277.0
2024-01-03,360.71,364.9562,360.21,362.3,23083463.0
2024-01-04,362.365,364.8,358.87,359.64,20901132.0
2024-01-05,360.67,363.76,358.2,359.45,21004574.0
2024-01-08,361.0,366.9,360.71,366.39,23133892.0
2024-01-09,363.71,367.69,362.89,367.49,20829952.0
2024-01-10,368.07,375.87,368.02,374.47,25514192.0
2024-01-11,377.7,382.38,372.08,376.33,27850279.0
2024-01-12,377.19,380.38,376.35,380.17,21661085.0
2024-01-16,385.36,385.73,379.3229,381.97,27202212.0
2024-01-17,379.68,381.81,376.51,381.17,22233704.0
2024-01-18,383.42,385.69,381.82,385.57,23392035.0
2024-01-19,387.46,390.37,385.2,390.37,29331121.0
2024-01-22,391.72,392.32,385.29,388.21,27016566.0
2024-01-23,387.45,391.08,385.63,390.6,20525702.0
2024-01-24,393.24,397.33,392.15,394.26,24866951.0
2024-01-25,396.02,398.71,394.2294,396.57,21021055.0
2024-01-26,396.07,397.87,394.13,395.63,17803262.0
2024-01-29,397.76,401.68,396.03,401.42,24510184.0
2024-01-30,403.96,404.75,398.1501,400.29,33477606.0
2024-01-31,398.66,407.02,388.91,389.28,47870849.0
2024-02-01,393.53,399.7,393.5,395.48,30657726.0
2024-02-02,395.51,404.35,395.26,402.92,28256514.0
2024-02-05,401.6,402.86,395.69,397.35,25352283.0
2024-02-06,397.58,399.67,394.61,397.19,18382451.0
2024-02-07,399.14,406.0,399.1,405.75,22340043.0
2024-02-08,405.75,407.26,404.23,405.81,21225257.0
2024-02-09,406.95,412.52,406.79,412.25,22032682.0
2024-02-12,412.255,412.44,406.45,406.96,21202867.0
2024-02-13,396.64,401.771,395.09,398.02,27824856.0
2024-02-14,400.52,402.29,397.02,401.94,20401169.0
2024-02-15,400.59,401.58,396.74,399.01,21825116.0
2024-02-16,400.41,400.74,395.89,396.51,22295510.0
2024-02-20,395.69,396.94,390.46,395.24,24307742.0
2024-02-21,392.62,394.74,389.67,394.63,18631071.0
2024-02-22,402.64,405.28,401.02,404.1,27009866.0
2024-02-23,408.12,408.31,401.42,402.79,16295423.0
2024-02-26,403.905,404.61,399.81,399.99,16193472.0
2024-02-27,400.44,400.77,396.3,399.93,14835595.0
2024-02-28,400.625,401.75,397.7701,400.17,13183091.0
2024-02-29,401.09,406.65,398.37,406.09,31947022.0
2024-03-01,403.72,408.32,403.33,407.95,17823030.0
2024-03-04,405.89,409.8,404.77,407.22,17595949.0
2024-03-05,406.41,406.7,393.09,395.1,26918848.0
2024-03-06,395.42,397.61,390.84,394.54,22343012.0
2024-03-07,398.57,402.23,394.69,401.59,18718478.0
2024-03-08,400.41,402.87,396.78,398.67,18001635.0
2024-03-11,396.212,398.13,393.71,396.97,16120730.0
2024-03-12,400.07,408.02,399.24,407.73,22456850.0
2024-03-13,410.55,410.63,403.9,407.55,17115634.0
2024-03-14,412.69,420.27,410.44,417.67,34157291.0
2024-03-15,411.74,415.05,405.24,408.87,45079842.0
2024-03-18,406.7,413.18,406.23,409.77,20105858.0
2024-03-19,410.28,414.1156,408.0,413.86,19837774.0
2024-03-20,414.45,418.41,413.11,417.68,17859849.0
2024-03-21,422.28,423.27,419.61,421.82,21295922.0
2024-03-22,422.15,422.31,418.52,421.19,17648410.0
2024-03-25,417.69,419.86,414.06,415.31,18060423.0
2024-03-26,418.06,418.44,413.8,414.1,16725647.0
2024-03-27,416.89,416.9,411.46,413.88,16704733.0
2024-03-28,413.41,414.32,411.57,413.17,21871161.0
2024-04-01,416.4,420.34,414.67,417.02,16315961.0
2024-04-02,412.56,414.83,410.29,413.89,17911992.0
2024-04-03,412.18,415.71,411.54,412.9,16502264.0
2024-04-04,417.44,421.12,410.02,410.33,19370875.0
2024-04-05,412.46,418.96,410.77,417.97,16554761.0
2024-04-08,417.62,419.73,415.75,417.04,14272387.0
2024-04-09,418.89,420.19,414.07,418.73,12512289.0
2024-04-10,414.64,416.48,412.15,415.71,16216581.0
2024-04-11,418.27,421.82,414.81,420.38,17966423.0
2024-04-12,416.5,417.63,412.22,414.35,19253750.0
2024-04-15,419.05,419.27,405.88,406.09,20273538.0
2024-04-16,407.02,410.85,406.18,407.03,16765616.0
2024-04-17,409.7,411.33,402.78,404.29,15855485.0
2024-04-18,403.08,404.34,396.4,396.72,21029917.0
2024-04-19,396.48,397.93,390.22,391.57,30565789.0
2024-04-22,392.53,395.3,388.2,393.41,20286875.0
2024-04-23,396.69,400.65,395.51,400.02,15734501.0
2024-04-24,402.01,404.92,399.23,401.51,15065330.0
2024-04-25,386.48,392.34,380.48,391.49,40586450.0
2024-04-26,404.62,405.45,398.21,398.77,29694654.0
2024-04-29,397.7,398.77,391.64,394.7,19582091.0
2024-04-30,393.94,394.61,381.62,381.78,28781374.0
2024-05-01,385.06,394.17,382.76,387.39,23562481.0
2024-05-02,390.11,392.38,387.1,390.29,17709364.0
2024-05-03,394.73,399.6,394.31,399.11,17446659.0
2024-05-06,401.21,406.38,398.8201,405.99,16996638.0
2024-05-07,407.11,407.12,401.54,401.79,20018173.0
2024-05-08,400.62,404.68,399.1632,402.99,11792121.0
2024-05-09,403.02,405.17,401.55,404.77,14689640.0
2024-05-10,405.385,407.83,404.25,407.19,13402255.0
2024-05-13,410.46,410.798,403.27,406.17,15440080.0
2024-05-14,404.47,409.94,404.0,409.01,15109201.0
2024-05-15,411.1,417.01,410.47,416.28,22239528.0
2024-05-16,415.0,418.62,413.55,414.19,17529766.0
2024-05-17,415.74,416.12,411.225,413.41,15352067.0
2024-05-20,413.41,419.97,413.19,418.54,16271892.0
2024-05-21,420.025,426.17,418.05,422.24,21452627.0
2024-05-22,423.29,425.61,420.33,423.72,18073698.0
2024-05-23,426.17,426.8,418.624,420.2,17211569.0
2024-05-24,420.39,424.255,417.61,423.36,11855155.0
2024-05-28,422.83,424.02,419.8,423.52,15717786.0
2024-05-29,418.89,424.14,418.89,422.37,15517095.0
2024-05-30,417.5,417.5,407.44,407.87,28424844.0
2024-05-31,409.95,409.95,397.71,408.33,47994176.0
2024-06-03,408.725,409.63,402.1234,406.72,17484463.0
2024-06-04,405.63,409.64,402.875,409.27,14348549.0
2024-06-05,411.01,417.28,409.5,417.21,16987360.0
2024-06-06,417.21,418.51,413.78,417.72,14860737.0
2024-06-07,419.4,419.48,416.2,417.05,13621650.0
2024-06-10,417.9,421.28,417.09,421.07,14002614.0
2024-06-11,418.675,426.02,418.45,425.88,14550558.0
2024-06-12,428.52,436.6,426.45,434.26,22366233.0
2024-06-13,434.05,436.59,432.57,434.78,15959610.0
2024-06-14,431.475,436.3376,429.921,435.77,13581582.0
2024-06-17,435.785,444.14,433.92,441.57,20790022.0
2024-06-18,442.905,443.34,438.09,439.54,17112359.0
2024-06-20,439.5,439.73,434.47,438.9,19876975.0
2024-06-21,440.58,443.78,439.71,442.98,34485752.0
2024-06-24,443.0,445.95,439.61,440.87,15913588.0
2024-06-25,441.45,444.62,439.95,444.15,16747529.0
2024-06-26,442.2,446.8,441.39,445.36,16507028.0
2024-06-27,445.375,449.37,444.97,446.05,14806314.0
2024-06-28,446.27,448.58,439.61,440.15,28361842.0
2024-07-01,441.86,450.57,438.86,449.93,17662507.0
2024-07-02,446.4,452.79,446.313,452.48,13979779.0
2024-07-03,451.39,454.22,451.08,453.97,9752906.0
2024-07-05,452.81,461.55,452.165,460.76,16000278.0
2024-07-08,459.75,460.9,457.66,459.44,12962039.0
2024-07-09,460.2,460.53,451.2,452.74,17227904.0
2024-07-10,454.42,459.66,452.055,459.45,18196068.0
2024-07-11,456.18,457.98,444.75,447.9,23111024.0
2024-07-12,447.525,449.56,443.845,446.75,16324198.0
2024-07-15,446.5,450.46,444.63,447.16,14429029.0
2024-07-16,447.42,447.5,439.86,442.72,17175645.0
2024-07-17,435.79,438.05,432.38,436.72,21753505.0
2024-07-18,437.54,437.85,427.6,433.57,20794765.0
2024-07-19,426.3,434.34,425.2,430.31,20939168.0
2024-07-22,434.99,437.8,432.1125,436.14,15808534.0
2024-07-23,437.095,441.59,436.3,438.05,13106741.0
2024-07-24,433.65,434.68,420.785,422.1,26805512.0
2024-07-25,422.0,423.0,410.71,411.6,29943287.0
2024-07-26,411.4,422.115,410.47,418.47,23583800.0
2024-07-29,424.78,425.35,417.9042,419.93,15125836.0
2024-07-30,420.92,422.25,410.56,416.12,32687576.0
2024-07-31,413.695,414.975,405.41,411.55,42891331.0
2024-08-01,413.985,420.66,406.2901,410.31,30296361.0
2024-08-02,405.69,408.2,397.54,401.69,29437893.0
2024-08-05,382.37,394.24,378.78,388.35,40709183.0
2024-08-06,393.2,398.87,391.7,392.81,24946525.0
2024-08-07,401.835,403.28,390.67,391.63,20649739.0
2024-08-08,395.64,399.06,393.1407,395.89,20202794.0
2024-08-09,397.23,401.25,395.4624,399.22,19276284.0
2024-08-12,400.26,401.96,397.4434,400.01,16762883.0
2024-08-13,402.79,408.15,402.77,407.21,19413995.0
2024-08-14,408.0,410.92,405.6456,410.06,18266954.0
2024-08-15,413.75,415.06,411.61,414.98,20751706.0
2024-08-16,414.55,415.29,411.25,412.42,22775554.0
2024-08-19,412.91,415.7,410.41,415.48,15233235.0
2024-08-20,415.65,419.81,415.59,418.75,16387186.0
2024-08-21,418.025,420.35,415.67,418.09,16067298.0
2024-08-22,418.31,420.7399,408.56,409.5,19361722.0
2024-08-23,410.93,413.21,406.04,410.74,18493044.0
2024-08-26,410.315,411.2299,405.29,407.44,13152143.0
2024-08-27,406.81,408.31,404.2,407.79,13492822.0
2024-08-28,408.83,408.95,401.26,404.55,14882277.0
2024-08-29,408.89,416.0,404.55,407.07,17045232.0
2024-08-30,409.55,411.44,406.08,411.09,24307882.0
2024-09-03,411.86,413.83,400.98,403.39,20313451.0
2024-09-04,399.86,405.19,398.32,402.85,15135763.0
2024-09-05,401.57,407.05,400.08,402.34,14195437.0
2024-09-06,403.01,404.6,394.75,395.65,19609375.0
2024-09-09,401.19,402.6,396.1,399.67,15294711.0
2024-09-10,402.15,410.28,401.65,408.15,19593776.0
2024-09-11,409.45,417.94,403.53,416.99,19266892.0
2024-09-12,417.26,421.3192,413.7,420.95,17418702.0
2024-09-13,419.775,425.78,419.41,424.54,15874515.0
2024-09-16,424.55,427.48,422.17,425.29,13834631.0
2024-09-17,434.18,435.8,426.22,429.1,18874216.0
2024-09-18,428.95,429.98,424.36,424.76,18897812.0
2024-09-19,435.175,435.45,430.85,432.64,21706559.0
2024-09-20,431.17,433.19,428.17,429.22,55166962.0
2024-09-23,428.23,430.41,424.3389,427.46,15128768.0
2024-09-24,426.95,427.3,420.05,423.12,17015642.0
2024-09-25,423.78,427.069,422.52,426.06,13396324.0
2024-09-26,429.035,429.25,423.08,425.26,14491882.0
2024-09-27,425.47,425.8,421.42,421.97,14895732.0
2024-09-30,422.16,424.37,419.32,424.25,16854225.0
2024-10-01,422.4,422.43,412.76,414.64,19092347.0
2024-10-02,416.53,416.77,410.66,411.08,16582153.0
2024-10-03,411.58,413.5,408.24,410.49,13686416.0
2024-10-04,412.19,413.7,408.92,410.01,19190801.0
2024-10-07,409.95,411.06,402.95,403.49,20918926.0
2024-10-08,404.85,409.61,402.12,408.66,19229261.0
2024-10-09,409.81,414.33,408.25,411.41,14974257.0
2024-10-10,409.175,411.3,407.1,409.79,13848376.0
2024-10-11,410.085,411.08,407.2,410.27,14144943.0
2024-10-14,411.72,417.99,411.47,413.09,16652984.0
2024-10-15,416.13,416.43,409.21,412.69,18899531.0
2024-10-16,409.12,410.31,404.43,410.07,15508906.0
2024-10-17,416.31,416.45,409.54,410.67,14819797.0
2024-10-18,411.09,413.6,410.2101,412.11,17144854.0
2024-10-21,410.07,412.91,407.7001,412.73,14205836.0
2024-10-22,412.44,424.5293,411.99,421.46,25482171.0
2024-10-23,424.805,425.03,416.48,418.55,19653979.0
2024-10-24,419.275,419.9282,416.35,418.68,13581580.0
2024-10-25,420.71,426.47,420.515,422.1,16898804.0
2024-10-28,425.605,425.89,420.25,420.54,14882422.0
2024-10-29,421.95,427.12,419.7501,425.9,17644004.0
2024-10-30,431.385,432.45,426.05,426.48,29748952.0
2024-10-31,409.31,410.11,400.25,400.3,53970873.0
2024-11-01,402.96,409.45,401.45,404.32,24230204.0
2024-11-04,403.75,404.365,399.5213,402.41,19672120.0
2024-11-05,402.32,408.85,402.03,405.41,17625846.0
2024-11-06,406.37,414.4,404.47,414.13,26681733.0
2024-11-07,415.23,420.8,413.83,419.38,19901438.0
2024-11-08,419.27,420.45,415.73,416.49,16890911.0
2024-11-11,416.465,418.76,409.95,411.96,24502867.0
2024-11-12,412.2,418.39,411.15,416.98,19400939.0
2024-11-13,415.59,423.275,412.16,419.15,21502184.0
2024-11-14,418.95,422.12,413.95,420.84,30246881.0
2024-11-15,413.77,416.75,407.59,408.95,28246223.0
2024-11-18,408.82,412.3537,406.05,409.71,24741132.0
2024-11-19,407.06,411.89,405.5,411.74,18133391.0
2024-11-20,410.82,411.24,404.53,409.44,19191317.0
2024-11-21,414.28,414.56,405.0687,407.65,20780162.0
2024-11-22,406.145,412.18,405.84,411.78,24814556.0
2024-11-25,413.16,415.86,409.63,413.57,27690781.0
2024-11-26,414.365,423.8214,413.63,422.77,23458820.0
2024-11-27,419.885,422.0099,416.8,417.77,18332439.0
2024-11-29,414.87,419.6649,412.58,418.24,15057555.0
2024-12-02,416.35,427.78,416.09,425.76,20207223.0
2024-12-03,424.62,427.25,422.52,425.98,18301986.0
2024-12-04,427.81,434.45,427.41,432.2,26009278.0
2024-12-05,432.7,439.44,430.951,437.4,21697561.0
2024-12-06,437.08,440.88,436.5503,438.35,18820605.0
2024-12-09,437.38,443.11,435.28,440.8,19142465.0
2024-12-10,439.17,444.4,436.38,438.11,18468492.0
2024-12-11,438.83,445.13,438.83,443.77,19200198.0
2024-12-12,443.89,450.9448,443.89,444.34,20834210.0
2024-12-13,443.215,446.21,440.36,442.05,20177006.0
2024-12-16,442.05,446.96,440.06,446.37,23598785.0
2024-12-17,445.79,450.07,444.35,449.24,22733324.0
2024-12-18,446.1,447.43,431.8,432.17,24443988.0
2024-12-19,436.4,437.9634,431.1,431.81,22961034.0
2024-12-20,427.89,438.52,423.41,431.38,64263242.0
2024-12-23,431.52,432.43,427.61,430.03,19152417.0
2024-12-24,429.43,434.38,428.97,434.11,7062450.0
2024-12-26,433.86,435.72,431.41,432.89,8199927.0
2024-12-27,429.38,430.0,421.13,425.31,18117675.0
2024-12-30,420.84,422.33,416.68,419.61,13157905.0
2024-12-31,420.88,421.51,415.44,416.28,13246334.0
2025-01-02,420.31,420.85,409.63,413.36,16896350.0
2025-01-03,415.86,418.81,414.32,418.13,16662621.0
2025-01-06,422.78,429.1,420.2574,422.63,20573648.0
2025-01-07,423.78,425.43,415.58,417.15,18139037.0
2025-01-08,418.24,421.75,416.32,419.34,15054344.0
2025-01-10,419.41,419.49,409.8,413.73,20201109.0
2025-01-13,410.015,413.28,407.07,411.97,17604419.0
2025-01-14,412.59,414.52,405.5,410.45,16935855.0
2025-01-15,413.91,422.93,413.045,421.09,19637620.0
2025-01-16,423.475,424.27,419.17,419.36,15299693.0
2025-01-17,428.865,429.26,422.95,423.81,26197173.0
2025-01-21,424.98,425.6799,420.375,423.28,26085482.0
2025-01-22,432.34,442.05,430.78,440.98,27803805.0
2025-01-23,436.78,441.53,436.2848,441.49,18389133.0
2025-01-24,439.94,441.43,436.18,438.84,15549132.0
2025-01-27,418.79,429.98,418.28,429.34,35647651.0
2025-01-28,429.38,443.16,426.16,441.98,23490994.0
2025-01-29,441.47,441.66,435.18,437.11,23581370.0
2025-01-30,413.55,417.64,407.94,409.77,54586190.0
2025-01-31,413.76,415.47,409.69,409.84,34222772.0
2025-02-03,406.38,410.19,403.44,405.7,25678942.0
2025-02-04,407.465,408.6999,404.52,407.15,20532096.0
2025-02-05,407.13,408.607,405.18,408.07,16335939.0
2025-02-06,408.78,412.98,408.78,410.6,16309408.0
2025-02-07,411.26,413.43,402.88,404.53,22886837.0
2025-02-10,408.49,410.2424,405.7,407.0,20817919.0
2025-02-11,404.42,407.27,404.08,406.22,18140518.0
2025-02-12,401.99,405.53,399.1473,403.82,19121598.0
2025-02-13,401.78,405.78,401.14,405.32,23891464.0
2025-02-14,402.57,403.69,400.66,403.21,22758459.0
2025-02-18,402.78,405.377,401.28,404.42,21423051.0
2025-02-19,402.66,410.27,402.43,409.55,24113936.0
2025-02-20,410.9,414.92,408.15,411.74,23508644.0
2025-02-21,412.945,413.658,403.5,403.82,27524792.0
2025-02-24,404.12,404.98,394.93,399.61,26443588.0
2025-02-25,396.71,397.525,392.31,393.51,29387394.0
2025-02-26,393.62,399.21,389.855,395.34,19618664.0
2025-02-27,396.875,401.35,387.78,388.14,21127311.0
2025-02-28,388.265,393.24,382.18,392.6,32845493.0
2025-03-03,394.43,394.43,381.765,384.1,23007677.0
2025-03-04,379.01,388.19,376.61,384.22,29342885.0
2025-03-05,384.95,397.28,384.42,396.63,23433098.0
2025-03-06,389.89,397.76,388.2877,392.5,23304264.0
2025-03-07,387.93,390.41,381.15,388.92,22034071.0
2025-03-10,381.45,382.01,372.83,375.77,32840132.0
2025-03-11,374.61,381.61,372.52,376.06,30378783.0
2025-03-12,378.56,380.8265,374.5607,378.88,24253222.0
2025-03-13,378.765,380.93,373.06,374.38,20472460.0
2025-03-14,375.385,385.84,375.12,384.17,19952801.0
2025-03-17,382.31,388.315,381.18,384.31,22473889.0
2025-03-18,382.68,382.98,376.71,379.13,19486173.0
2025-03-19,381.135,385.29,379.61,383.43,19185448.0
2025-03-20,381.345,387.395,378.89,382.45,18470371.0
2025-03-21,378.825,387.35,378.41,386.87,39675534.0
2025-03-24,391.01,391.01,385.42,388.69,21004500.0
2025-03-25,389.525,391.97,388.25,390.77,15774388.0
2025-03-26,390.61,390.92,384.18,385.58,16132480.0
2025-03-27,385.74,387.85,383.005,386.19,13766697.0
2025-03-28,383.69,384.74,372.54,374.41,21631265.0
2025-03-31,368.145,372.68,362.85,371.0,35184587.0
2025-04-01,370.26,378.46,368.84,377.8,19689467.0
2025-04-02,373.575,380.69,372.23,377.75,16092523.0
2025-04-03,370.395,373.09,364.96,368.72,30197196.0
2025-04-04,359.735,370.2,355.09,355.45,49209257.0
2025-04-07,346.49,366.6099,340.4,353.47,50424868.0
2025-04-08,363.865,369.26,345.86,350.17,35868875.0
2025-04-09,349.145,388.835,348.71,386.1,50199297.0
2025-04-10,377.67,379.51,363.41,376.96,38024250.0
2025-04-11,376.245,385.66,374.5,384.06,23839158.0
2025-04-14,388.83,390.26,379.82,383.42,19251172.0
2025-04-15,384.115,387.5,379.7699,381.34,17199672.0
2025-04-16,376.28,377.22,363.61,367.22,21967247.0
2025-04-17,369.355,369.9315,362.5,363.39,21120192.0
2025-04-21,358.425,360.09,351.28,354.73,20807197.0
2025-04-22,358.985,363.38,355.4702,362.43,19484981.0
2025-04-23,371.67,376.0,368.63,370.0,20545407.0
2025-04-24,371.305,384.06,370.8,382.91,22231883.0
2025-04-25,382.61,387.77,380.21,387.46,18973150.0
2025-04-28,387.565,388.35,382.248,386.77,16579188.0
2025-04-29,386.91,390.71,385.99,389.65,14973860.0
2025-04-30,385.91,392.27,380.05,390.87,36461075.0
2025-05-01,426.72,432.6,420.51,421.01,58937549.0
2025-05-02,427.35,435.05,425.595,430.89,30757300.0
2025-05-05,428.48,435.11,427.72,431.78,20136030.0
2025-05-06,427.81,433.34,426.78,428.92,15104184.0
2025-05-07,429.45,433.73,426.7203,428.96,23306153.0
2025-05-08,433.54,439.28,431.27,433.78,23491076.0
2025-05-09,435.61,436.35,431.49,434.34,15324011.0
2025-05-12,441.55,444.98,435.39,444.87,22820829.0
2025-05-13,443.39,446.2833,440.97,444.75,23618719.0
2025-05-14,443.75,449.51,443.75,448.55,19902614.0
2025-05-15,447.205,452.63,446.8701,449.57,21992312.0
2025-05-16,448.49,450.8,445.17,450.71,23848959.0
2025-05-19,447.315,456.025,447.24,455.31,21336388.0
2025-05-20,452.03,454.78,450.7601,454.61,15441659.0
2025-05-21,451.01,454.22,448.254,449.01,19216872.0
2025-05-22,451.39,456.69,450.34,451.3,18025449.0
2025-05-23,446.42,450.13,445.35,446.62,16883407.0
2025-05-27,452.92,457.39,452.555,457.13,20974292.0
2025-05-28,457.66,458.96,453.37,453.8,17085586.0
2025-05-29,457.99,458.16,451.7505,455.12,13982163.0
2025-05-30,456.155,458.12,451.98,456.8,34770374.0
2025-06-02,453.58,458.55,453.33,458.41,16625782.0
2025-06-03,457.91,460.58,457.3022,459.41,15743281.0
2025-06-04,460.44,462.13,459.4601,460.31,14161988.0
2025-06-05,461.395,466.09,460.47,464.12,20154456.0
2025-06-06,466.525,469.775,465.22,466.82,15285140.0
2025-06-09,466.14,469.87,465.06,469.19,16469925.0
2025-06-10,467.625,469.24,463.4,467.36,15375149.0
2025-06-11,466.46,471.91,466.095,469.06,16399156.0
2025-06-12,471.46,476.855,469.96,475.31,18949966.0
2025-06-13,472.85,475.62,469.2,471.4,16814104.0
2025-06-16,471.65,477.1343,471.44,475.58,15625960.0
2025-06-17,471.835,475.1799,470.52,474.48,15414038.0
2025-06-18,474.44,477.44,470.9,476.68,17526452.0
2025-06-20,478.67,479.9,473.31,473.84,37575188.0
2025-06-23,474.65,484.19,468.95,482.44,24863115.0
2025-06-24,485.39,488.289,483.235,486.55,22305462.0
2025-06-25,488.48,490.9956,485.83,488.71,17494403.0
2025-06-26,489.42,494.48,489.25,493.89,21577716.0
2025-06-27,493.99,495.74,489.47,492.38,34538819.0
2025-06-30,493.48,497.2,491.77,493.85,28368982.0
2025-07-01,492.91,494.49,487.42,488.49,19944944.0
2025-07-02,486.43,489.94,485.14,487.53,16319540.0
2025-07-03,490.25,496.57,489.88,495.28,13876822.0
2025-07-07,493.82,495.19,491.665,494.16,13980716.0
2025-07-08,493.68,494.64,490.55,493.06,11846586.0
2025-07-09,496.74,503.22,496.18,499.95,18659472.0
2025-07-10,499.49,500.88,494.19,497.92,16498634.0
2025-07-11,494.91,501.47,494.235,499.76,16458625.0
2025-07-14,497.955,500.41,497.47,499.46,12058697.0
2025-07-15,499.46,504.74,499.23,502.26,14927202.0
2025-07-16,501.62,503.16,498.33,502.06,15154053.0
2025-07-17,502.12,509.81,502.06,508.14,17502824.0
2025-07-18,510.92,511.08,503.87,506.49,21209414.0
2025-07-21,503.145,508.53,501.99,506.5,14066671.0
2025-07-22,507.41,507.64,501.71,501.71,13868644.0
2025-07-23,503.19,503.23,497.14,502.31,16395816.0
2025-07-24,505.21,510.11,503.74,507.32,16106426.0
2025-07-25,508.905,514.73,506.7992,510.15,19125274.0
2025-07-28,510.52,511.44,506.56,508.94,14307789.0
2025-07-29,511.97,514.06,508.0,509.01,16468768.0
2025-07-30,511.61,512.39,505.875,509.68,26380401.0
2025-07-31,551.665,551.89,528.34,529.94,51616979.0
2025-08-01,531.44,532.24,517.3,520.55,28977281.0
2025-08-04,524.71,534.69,524.57,532.08,25348886.0
2025-08-05,533.62,533.74,523.68,524.19,19171363.0
2025-08-06,527.34,528.14,520.47,521.38,21354866.0
2025-08-07,523.24,524.53,513.9911,517.28,16079124.0
2025-08-08,519.04,521.1,515.85,518.48,15530611.0
2025-08-11,518.74,524.03,516.16,518.21,20194372.0
2025-08-12,520.19,527.42,519.14,525.68,18688916.0
2025-08-13,528.55,529.14,515.81,517.02,19619096.0
2025-08-14,519.0,522.3899,516.58,518.92,20268871.0
2025-08-15,519.21,522.54,515.52,516.61,25213049.0
2025-08-18,518.025,519.26,510.46,513.54,23760433.0
2025-08-19,511.44,511.6041,504.99,506.21,21480977.0
2025-08-20,506.305,507.44,500.88,502.16,27722967.0
2025-08-21,500.96,504.9,499.9901,501.51,18443254.0
2025-08-22,501.52,508.0,499.68,504.5,24323740.0
2025-08-25,503.9,505.46,501.39,501.53,21638579.0
2025-08-26,501.625,502.2478,495.78,499.31,30835587.0
2025-08-27,499.27,504.56,497.17,504.01,17277774.0
2025-08-28,504.36,508.36,502.77,506.91,18015588.0
2025-08-29,505.93,506.87,501.7615,503.96,20961523.0
2025-09-02,497.735,503.27,494.08,502.39,18127995.0
2025-09-03,501.06,505.06,499.59,502.62,16345024.0
2025-09-04,501.57,505.42,500.42,505.25,15509466.0
2025-09-05,506.34,509.24,489.64,492.27,31994397.0
2025-09-08,495.375,498.465,492.3,495.47,16770733.0
2025-09-09,498.7,499.52,494.97,495.68,14410468.0
2025-09-10,500.25,500.4999,493.99,497.64,21611383.0
2025-09-11,499.52,500.44,495.15,498.28,18881607.0
2025-09-12,503.92,509.82,501.12,507.17,23624584.0
2025-09-15,506.06,512.74,504.27,512.63,17143409.0
2025-09-16,514.15,514.5,505.87,506.31,19711694.0
2025-09-17,507.89,508.56,503.2,507.29,15816585.0
2025-09-18,508.76,510.34,504.93,505.72,18913691.0
2025-09-19,507.83,516.57,507.58,515.2,52473908.0
2025-09-22,512.86,515.01,509.815,511.72,20008978.0
2025-09-23,511.07,511.8599,504.58,506.5,19799079.0
2025-09-24,507.65,509.75,504.19,507.42,13533557.0
2025-09-25,505.57,507.28,502.31,504.3,15786075.0
2025-09-26,507.33,511.21,503.89,508.73,16212608.0
2025-09-29,508.77,514.115,506.15,511.87,17617751.0
2025-09-30,510.51,515.43,506.93,515.22,19727818.0
2025-10-01,512.07,517.775,508.96,516.98,22632283.0
2025-10-02,514.91,518.87,507.9491,513.01,21222365.0
2025-10-03,514.37,517.76,512.27,514.62,15112321.0
2025-10-06,515.88,528.3,515.47,525.84,21387379.0
2025-10-07,525.555,527.07,518.71,521.25,14614803.0
2025-10-08,520.55,524.22,520.36,522.12,13363117.0
2025-10-09,519.605,521.595,514.67,519.67,18343169.0
2025-10-10,516.91,520.85,506.9,508.23,24133395.0
2025-10-13,513.68,513.68,508.95,511.32,14284217.0
2025-10-14,507.495,512.552,503.27,510.84,14683998.0
2025-10-15,512.225,514.46,507.27,510.7,14693698.0
2025-10-16,509.85,514.12,505.4,508.88,15559457.0
2025-10-17,506.31,512.75,504.58,510.85,19867629.0
2025-10-20,511.88,515.97,510.7,514.06,14665479.0
2025-10-21,514.77,515.96,510.31,514.93,15584811.0
2025-10-22,518.42,522.5,514.98,517.81,18962176.0
2025-10-23,519.73,521.22,515.88,517.83,14023306.0
2025-10-24,520.06,522.615,517.98,520.88,15532241.0
2025-10-27,529.05,531.85,526.28,528.79,18734707.0
2025-10-28,547.27,550.99,538.04,539.34,29986631.0
2025-10-29,542.21,543.54,533.9987,538.82,36022858.0
2025-10-30,527.75,532.24,519.39,523.03,41022469.0
2025-10-31,526.145,526.59,512.37,515.08,34006011.0
2025-11-03,517.075,522.23,511.86,514.3,22374742.0
2025-11-04,509.03,512.82,505.11,511.6,20958625.0
2025-11-05,510.57,512.1,503.845,504.43,23024342.0
2025-11-06,502.93,502.97,493.08,494.37,27406473.0
2025-11-07,494.215,496.647,490.52,494.09,24019534.0
2025-11-10,497.305,504.12,496.07,503.27,26101441.0
2025-11-11,502.07,506.87,499.6188,505.95,17979954.0
2025-11-12,506.625,508.94,496.3901,508.41,26574817.0
2025-11-13,507.58,510.77,498.56,500.56,25272981.0
2025-11-14,495.5,508.87,494.71,507.45,28505673.0
2025-11-17,505.72,509.39,502.18,504.76,19092686.0
2025-11-18,492.635,500.25,484.05,491.06,33815027.0
2025-11-19,487.37,492.4572,480.1,484.39,23245223.0
2025-11-20,490.89,491.75,473.68,476.61,26802441.0
2025-11-21,476.68,477.1,466.45,470.3,31769168.0
2025-11-24,473.18,475.08,466.2,472.18,34421042.0
2025-11-25,472.25,477.33,463.07,475.17,28019790.0
2025-11-26,484.49,486.49,479.38,483.68,25709074.0
2025-11-28,485.775,490.81,484.83,490.19,13579411.0
2025-12-01,486.615,488.0399,482.8275,484.92,23963989.0
2025-12-02,484.895,491.6799,484.5,488.18,19562650.0
2025-12-03,474.5,482.42,473.38,475.91,34614995.0
2025-12-04,477.94,479.502,474.67,479.02,22318113.0
2025-12-05,480.695,481.58,477.0601,481.34,22608710.0
2025-12-08,483.065,490.48,482.56,489.2,21965842.0
2025-12-09,487.28,490.3,486.6801,490.2,14696075.0
2025-12-10,482.21,482.43,473.26,476.74,35756218.0
2025-12-11,474.81,484.21,474.04,481.65,24669116.0
2025-12-12,478.0,480.63,474.52,476.71,21248095.0
2025-12-15,478.28,478.9005,470.7,473.0,23727563.0
2025-12-16,470.085,476.07,469.06,474.57,20705518.0
2025-12-17,475.085,478.18,473.18,474.3,24527140.0
2025-12-18,476.37,487.78,476.07,482.16,28573545.0
2025-12-19,485.54,486.03,480.67,484.1,70835973.0
2025-12-22,484.3,486.91,480.87,483.1,16963019.0
2025-12-23,483.16,486.01,482.92,485.03,14683504.0
2025-12-24,483.86,487.3425,483.01,486.2,5791529.0
2025-12-26,484.885,486.3,484.14,485.89,8842153.0
2025-12-29,483.035,486.53,482.36,485.28,10893342.0
2025-12-30,484.11,487.86,483.68,485.66,13944492.0
2025-12-31,486.02,486.32,481.48,481.8,15601294.0
2026-01-02,482.565,482.84,468.34,471.12,25571541.0
2026-01-05,472.235,474.25,467.68,471.03,25250245.0
2026-01-06,471.98,476.9167,467.93,476.69,23037654.0
2026-01-07,477.935,487.88,476.13,481.65,25564143.0
2026-01-08,479.42,480.84,474.04,476.29,18162582.0
2026-01-09,472.24,478.0,470.3801,477.46,18491017.0
2026-01-12,474.85,479.17,473.8603,475.36,23519852.0
2026-01-13,472.855,473.9599,464.13,468.85,28545732.0
2026-01-14,464.64,466.38,455.3501,457.56,28184301.0
2026-01-15,462.3,462.43,454.08,454.84,23225829.0
2026-01-16,456.01,461.37,454.66,458.04,34246627.0
2026-01-20,449.395,454.98,447.46,452.7,26129859.0
2026-01-21,450.775,450.87,436.86,442.29,37980510.0
2026-01-22,445.8,451.02,442.88,449.32,25349338.0
2026-01-23,450.05,469.28,448.71,464.13,38000036.0
2026-01-26,463.485,472.43,460.18,468.46,29291208.0
2026-01-27,471.88,481.05,471.34,478.76,29213910.0
2026-01-28,481.39,481.92,476.18,479.81,36875237.0
2026-01-29,438.17,440.68,419.2,431.68,128855306.0
2026-01-30,437.35,437.78,424.63,428.47,58566775.0
2026-02-02,428.415,428.916,420.43,421.55,42219856.0
2026-02-03,420.19,420.23,406.74,409.39,61424123.0
2026-02-04,409.18,417.98,407.42,412.37,45012312.0
2026-02-05,405.62,406.48,390.5,391.85,66289247.0
2026-02-06,397.345,399.97,391.1,399.32,53515281.0
2026-02-09,403.03,413.07,399.05,411.78,45480526.0
2026-02-10,417.8,421.86,410.88,411.45,44857850.0
2026-02-11,414.355,414.64,399.19,402.55,42491012.0
2026-02-12,403.18,404.38,396.19,400.02,40802318.0
2026-02-13,402.63,403.72,396.23,399.5,34091528.0
2026-02-17,397.4,398.7,392.705,395.04,32078794.0
2026-02-18,396.31,400.74,394.5,397.78,23223407.0
2026-02-19,399.78,403.52,395.76,397.55,28233971.0
2026-02-20,395.2,399.2059,394.25,396.32,34015221.0
2026-02-23,394.09,394.45,382.19,383.56,43238244.0
2026-02-24,383.23,388.45,380.8,388.09,33884526.0
2026-02-25,389.615,400.56,389.25,399.69,43625434.0
2026-02-26,403.8,406.58,397.83,400.81,34405823.0
2026-02-27,389.97,395.91,388.97,391.83,51367176.0
2026-03-02,391.945,400.28,389.72,397.64,35474812.0
2026-03-03,392.23,405.79,391.76,403.02,38199209.0
2026-03-04,400.355,410.1226,399.4,404.29,35807939.0
2026-03-05,403.51,410.7,403.49,409.77,39001312.0
2026-03-06,408.29,412.14,407.6001,408.05,31123818.0
2026-03-09,404.005,409.3,402.59,408.5,30131820.0
2026-03-10,409.12,409.29,402.02,404.85,31706291.0
2026-03-11,404.66,408.1,400.68,403.97,25512124.0
2026-03-12,403.72,405.21,400.8,400.95,27263822.0
2026-03-13,400.09,403.89,393.34,394.64,26847920.0
2026-03-16,397.16,399.72,393.88,399.04,27733620.0
2026-03-17,399.36,403.49,396.835,398.5,26228278.0
2026-03-18,396.215,397.09,390.09,390.88,25908484.0
2026-03-19,389.19,391.58,386.15,388.11,25138772.0
2026-03-20,385.88,386.09,379.21,380.96,50853109.0
2026-03-23,382.99,386.3,380.77,382.09,29679965.0
2026-03-24,381.45,381.56,370.94,371.83,42733572.0
2026-03-25,376.01,376.15,368.72,370.13,31181159.0
2026-03-26,369.905,373.8099,364.28,365.06,36836541.0
2026-03-27,360.99,361.54,355.6,355.86,37883339.0
2026-03-30,360.985,364.45,355.37,358.05,44796943.0
2026-03-31,363.64,371.99,362.16,369.26,45244365.0
2026-04-01,372.58,373.08,367.29,368.46,29417170.0
2026-04-02,366.295,372.73,363.24,372.55,24099051.0
2026-04-06,372.58,372.82,368.5914,371.97,16146568.0
2026-04-07,369.43,371.54,365.65,371.38,21443349.0
2026-04-08,384.07,384.09,370.5,373.42,33064773.0
2026-04-09,371.59,372.59,366.14,372.16,30435295.0
2026-04-10,372.07,374.73,369.12,369.96,28111117.0
2026-04-13,372.695,383.63,370.11,383.46,35745595.0
2026-04-14,387.005,393.78,385.61,392.2,37504486.0
2026-04-15,397.09,413.4599,395.82,410.31,45063388.0
2026-04-16,418.95,419.91,411.23,419.35,41642299.0
2026-04-17,423.91,430.67,419.78,421.88,48568050.0
2026-04-20,420.235,422.42,415.39,417.16,27582157.0
2026-04-21,419.33,426.27,416.29,423.25,32048490.0
2026-04-22,425.275,432.79,422.76,432.01,29378171.0
2026-04-23,418.975,422.75,410.5001,414.84,38307925.0
2026-04-24,416.06,424.04,414.89,423.71,27457404.0
2026-04-27,421.465,426.2,416.1601,423.91,30867260.0
2026-04-28,423.66,429.01,420.99,428.34,30438052.0
2026-04-29,423.665,425.91,419.38,423.55,38288291.0
2026-04-30,409.9,413.51,397.1,406.87,70909264.0
2026-05-01,411.89,416.2,409.525,413.53,31372361.0
2026-05-04,410.63,419.87,409.89,412.71,28066475.0
2026-05-05,414.41,415.8699,407.89,410.47,25700890.0
2026-05-06,407.09,417.5128,404.2,413.05,30285839.0
2026-05-07,419.2,427.07,417.85,419.86,34942437.0
2026-05-08,416.475,417.72,413.09,414.21,33383712.0
2026-05-11,406.96,411.78,404.59,411.75,35657602.0
2026-05-12,413.57,414.59,405.73,406.86,38594215.0
2026-05-13,402.29,405.4,400.12,404.3,29667071.0
2026-05-14,403.57,410.93,399.97,408.52,27077469.0
2026-05-15,413.36,427.26,412.0,421.01,50771160.0
2026-05-18,415.71,424.21,414.7,422.63,32564034.0
2026-05-19,428.99,431.79,415.58,416.51,33018678.0
2026-05-20,413.255,421.19,410.3901,420.15,27864013.0
2026-05-21,424.75,426.34,415.71,419.09,31393444.0
2026-05-22,419.535,424.4,416.33,418.57,22390218.0
2026-05-26,416.43,419.77,413.02,416.03,30397993.0
2026-05-27,411.01,415.94,409.58,412.67,28901397.0
2026-05-28,412.975,429.49,412.67,426.99,47250494.0
2026-05-29,432.545,450.33,432.36,450.24,79654375.0
2026-06-01,464.84,466.32,458.27,460.52,53628910.0
2026-06-02,446.88,453.5,440.43,441.31,37036799.0
2026-06-03,438.45,440.39,424.25,427.34,39036962.0
2026-06-04,435.81,436.15,426.41,428.05,26899440.0
2026-06-05,428.34,429.47,414.4,416.67,34782085.0
2026-06-08,414.14,417.1599,408.56,411.74,32086643.0
2026-06-09,409.03,411.98,398.48,403.41,35317238.0
2026-06-10,398.55,405.04,397.16,397.36,32575946.0
2026-06-11,395.205,396.85,384.0,390.34,47224135.0
2026-06-12,391.43,391.74,382.27,390.74,34922000.0
2026-06-15,396.795,401.75,392.845,399.76,32266437.0
2026-06-16,395.79,396.84,390.69,393.83,31506762.0
2026-06-17,390.25,390.37,377.32,378.91,41987794.0
2026-06-18,377.82,381.37,373.28,379.4,59713822.0
2026-06-22,375.74,381.63,367.07,367.34,45171089.0
2026-06-23,372.38,377.22,370.67,373.94,40647402.0
2026-06-24,371.57,378.88,364.78,365.46,44509815.0
2026-06-25,362.77,364.23,349.2,352.83,66360473.0
2026-06-26,357.15,376.61,355.43,372.97,186201565.0
2026-06-29,377.5,380.5,359.9,368.57,51229880.0
2026-06-30,371.03,374.15,367.45,373.02,44945694.0
2026-07-01,380.825,388.83,374.89,384.28,48065801.0
2026-07-02,384.48,392.2,383.7,390.49,42194396.0
2026-07-06,387.04,389.15,381.22,386.74,34224539.0
2026-07-07,392.49,395.57,388.22,388.84,29297516.0
2026-07-08,384.03,385.31,381.33,383.34,25908193.0
2026-07-09,374.45,384.65,373.35,384.36,31083187.0
2026-07-10,387.8,391.91,381.5,385.1,24644603.0
2026-07-13,387.745,393.65,384.15,390.99,28914862.0
2026-07-14,382.82,388.19,378.65,384.93,27863879.0
2026-07-15,387.8,398.96,386.4,395.63,36253744.0
2026-07-16,398.31,405.99,392.0501,401.1,37047422.0
2026-07-17,394.855,398.39,389.39,393.82,33049842.0
2026-07-20,391.41,403.18,389.65,402.29,27915762.0
2026-07-21,398.805,401.47,396.32,397.75,24126579.0
2026-07-22,399.58,401.0,386.96,390.34,28142482.0
2026-07-23,389.965,391.78,377.39,381.58,30351715.0
2026-07-24,387.05,389.03,380.65,381.7,27659388.0
