date,open,high,low,close,volume
1999-01-22,-0.4599,-0.4573,-0.4624,-0.4612,67867200.0
1999-01-25,-0.4596,-0.4588,-0.4612,-0.4591,12762000.0
1999-01-26,-0.4588,-0.4584,-0.4612,-0.4609,8580000.0
1999-01-27,-0.4608,-0.4603,-0.462,-0.4609,6109200.0
1999-01-28,-0.4609,-0.4608,-0.4611,-0.461,5688000.0
1999-01-29,-0.461,-0.4609,-0.462,-0.462,6100800.0
1999-02-01,-0.462,-0.4614,-0.462,-0.4616,3867600.0
1999-02-02,-0.462,-0.4614,-0.4637,-0.4631,6602400.0
1999-02-03,-0.4634,-0.4625,-0.4635,-0.4627,1878000.0
1999-02-04,-0.4625,-0.4612,-0.4627,-0.4617,4548000.0
1999-02-05,-0.4614,-0.4609,-0.4619,-0.4611,3421200.0
1999-02-08,-0.461,-0.4609,-0.4618,-0.4618,3852000.0
1999-02-09,-0.4614,-0.4613,-0.4629,-0.4626,2174400.0
1999-02-10,-0.4626,-0.4621,-0.4631,-0.4628,3705600.0
1999-02-11,-0.4627,-0.4604,-0.4627,-0.4612,3306000.0
1999-02-12,-0.4609,-0.4599,-0.4609,-0.46,2743200.0
1999-02-16,-0.4596,-0.4587,-0.4621,-0.4599,5275200.0
1999-02-17,-0.4604,-0.4601,-0.4614,-0.4611,1693200.0
1999-02-18,-0.4604,-0.4601,-0.4613,-0.4607,1767600.0
1999-02-19,-0.4609,-0.4596,-0.4612,-0.46,1884000.0
1999-02-22,-0.4596,-0.4594,-0.4611,-0.4599,5131200.0
1999-02-23,-0.4594,-0.4584,-0.4607,-0.4588,3452400.0
1999-02-24,-0.4554,-0.4544,-0.4576,-0.457,15319200.0
1999-02-25,-0.456,-0.4552,-0.4582,-0.4578,3728400.0
1999-02-26,-0.4575,-0.4567,-0.4591,-0.4589,4315200.0
1999-03-01,-0.4583,-0.4578,-0.4599,-0.4588,2304000.0
1999-03-02,-0.4588,-0.4587,-0.4594,-0.459,1381200.0
1999-03-03,-0.4588,-0.4588,-0.4607,-0.4605,1534800.0
1999-03-04,-0.4595,-0.4594,-0.4612,-0.461,1434000.0
1999-03-05,-0.4608,-0.4597,-0.4608,-0.4598,1969200.0
1999-03-08,-0.4604,-0.4588,-0.4608,-0.4595,1897200.0
1999-03-09,-0.4596,-0.4584,-0.4596,-0.4588,3579600.0
1999-03-10,-0.4584,-0.4584,-0.4595,-0.4592,5883600.0
1999-03-11,-0.4596,-0.4592,-0.4601,-0.4601,1357200.0
1999-03-12,-0.46,-0.46,-0.4609,-0.4605,2269200.0
1999-03-15,-0.46,-0.4594,-0.4601,-0.4596,2720400.0
1999-03-16,-0.4595,-0.4592,-0.4605,-0.4603,1978800.0
1999-03-17,-0.4601,-0.4597,-0.4607,-0.4602,1284000.0
1999-03-18,-0.4601,-0.4596,-0.4607,-0.4599,1158000.0
1999-03-19,-0.46,-0.4592,-0.46,-0.4599,2632800.0
1999-03-22,-0.4594,-0.4594,-0.4605,-0.4605,916800.0
1999-03-23,-0.4604,-0.4604,-0.4622,-0.4618,4099200.0
1999-03-24,-0.462,-0.4618,-0.4627,-0.462,1521600.0
1999-03-25,-0.462,-0.4609,-0.4621,-0.4617,1008000.0
1999-03-26,-0.4614,-0.4599,-0.4614,-0.4599,2206800.0
1999-03-29,-0.4593,-0.4588,-0.4597,-0.4593,1648800.0
1999-03-30,-0.4592,-0.459,-0.4613,-0.4612,1737600.0
1999-03-31,-0.4605,-0.4595,-0.4615,-0.4597,3840000.0
1999-04-01,-0.4597,-0.4596,-0.4608,-0.4604,760800.0
1999-04-05,-0.4607,-0.4601,-0.4612,-0.4611,2466000.0
1999-04-06,-0.4609,-0.4608,-0.462,-0.4616,1742400.0
1999-04-07,-0.4614,-0.4597,-0.4616,-0.4599,2232000.0
1999-04-08,-0.4597,-0.4588,-0.46,-0.4595,3253200.0
1999-04-09,-0.4594,-0.4594,-0.46,-0.4599,1215600.0
1999-04-12,-0.4601,-0.4601,-0.4612,-0.4608,832800.0
1999-04-13,-0.4604,-0.4604,-0.462,-0.4616,903600.0
1999-04-14,-0.4617,-0.4612,-0.4622,-0.4622,1207200.0
1999-04-15,-0.4617,-0.4617,-0.4622,-0.4617,896400.0
1999-04-16,-0.4618,-0.4607,-0.4618,-0.4611,973200.0
1999-04-19,-0.4608,-0.4608,-0.4622,-0.462,782400.0
1999-04-20,-0.462,-0.4612,-0.4625,-0.4624,1692000.0
1999-04-21,-0.4624,-0.462,-0.4625,-0.462,937200.0
1999-04-22,-0.462,-0.462,-0.4631,-0.4629,5679600.0
1999-04-23,-0.4629,-0.4629,-0.4639,-0.4638,3151200.0
1999-04-26,-0.4638,-0.4635,-0.4651,-0.4647,3087600.0
1999-04-27,-0.4643,-0.4627,-0.4646,-0.4629,5673600.0
1999-04-28,-0.4627,-0.4627,-0.4636,-0.463,3002400.0
1999-04-29,-0.4629,-0.4629,-0.4634,-0.463,1203600.0
1999-04-30,-0.4628,-0.462,-0.4629,-0.4627,2482800.0
1999-05-03,-0.4625,-0.4625,-0.4631,-0.4626,846000.0
1999-05-04,-0.4626,-0.4626,-0.464,-0.4637,2401200.0
1999-05-05,-0.4635,-0.4633,-0.4646,-0.4633,3614400.0
1999-05-06,-0.4634,-0.463,-0.4642,-0.4636,890400.0
1999-05-07,-0.4642,-0.4634,-0.4642,-0.4635,625200.0
1999-05-10,-0.4637,-0.4631,-0.4637,-0.4635,492000.0
1999-05-11,-0.4627,-0.462,-0.4631,-0.4625,4293600.0
1999-05-12,-0.4624,-0.4619,-0.4626,-0.462,4212000.0
1999-05-13,-0.462,-0.4614,-0.462,-0.462,1748400.0
1999-05-14,-0.462,-0.462,-0.4633,-0.463,711600.0
1999-05-17,-0.4633,-0.4621,-0.4633,-0.4621,894000.0
1999-05-18,-0.4619,-0.4609,-0.4625,-0.4612,3788400.0
1999-05-19,-0.4603,-0.4595,-0.4624,-0.4621,11293200.0
1999-05-20,-0.462,-0.462,-0.4644,-0.4637,4454400.0
1999-05-21,-0.4639,-0.4639,-0.4646,-0.464,7587600.0
1999-05-24,-0.4639,-0.4635,-0.4644,-0.4641,4065600.0
1999-05-25,-0.464,-0.4638,-0.4642,-0.464,3252000.0
1999-05-26,-0.464,-0.4631,-0.464,-0.464,2618400.0
1999-05-27,-0.4639,-0.4639,-0.4642,-0.4642,2058000.0
1999-05-28,-0.4639,-0.4639,-0.4642,-0.464,2216400.0
1999-06-01,-0.464,-0.4639,-0.4643,-0.4639,2463600.0
1999-06-02,-0.4639,-0.4639,-0.4646,-0.4646,3253200.0
1999-06-03,-0.4641,-0.464,-0.4643,-0.4641,1039200.0
1999-06-04,-0.464,-0.4639,-0.4641,-0.464,1972800.0
1999-06-07,-0.4639,-0.4635,-0.4639,-0.4638,3128400.0
1999-06-08,-0.4637,-0.463,-0.4638,-0.4633,3832800.0
1999-06-09,-0.4633,-0.4626,-0.4633,-0.463,2379600.0
1999-06-10,-0.463,-0.4629,-0.4631,-0.4629,902400.0
1999-06-11,-0.4629,-0.4629,-0.464,-0.4633,1525200.0
1999-06-14,-0.4633,-0.4633,-0.4642,-0.464,1291200.0
1999-06-15,-0.464,-0.4639,-0.4643,-0.464,1232400.0
1999-06-16,-0.4638,-0.463,-0.464,-0.4635,1610400.0
1999-06-17,-0.4637,-0.4634,-0.464,-0.464,1873200.0
1999-06-18,-0.4639,-0.4639,-0.4647,-0.4647,3968400.0
1999-06-21,-0.4642,-0.4638,-0.4646,-0.4638,2086800.0
1999-06-22,-0.4638,-0.4638,-0.4645,-0.4641,4826400.0
1999-06-23,-0.4643,-0.4638,-0.4645,-0.4638,5272800.0
1999-06-24,-0.4637,-0.4637,-0.4643,-0.4642,2880000.0
1999-06-25,-0.4643,-0.4637,-0.4643,-0.4639,1838400.0
1999-06-28,-0.4633,-0.4633,-0.464,-0.4637,2728800.0
1999-06-29,-0.4634,-0.4632,-0.4637,-0.4635,2317200.0
1999-06-30,-0.4629,-0.4618,-0.4633,-0.4618,6730800.0
1999-07-01,-0.4618,-0.4618,-0.4639,-0.4629,2224800.0
1999-07-02,-0.4626,-0.4615,-0.463,-0.4615,5622000.0
1999-07-06,-0.4613,-0.4613,-0.4617,-0.4614,4952400.0
1999-07-07,-0.4613,-0.4613,-0.4618,-0.4618,1578000.0
1999-07-08,-0.4617,-0.4611,-0.4624,-0.4614,4651200.0
1999-07-09,-0.4614,-0.4595,-0.4614,-0.4596,5293200.0
1999-07-12,-0.4583,-0.4577,-0.4592,-0.4586,10026000.0
1999-07-13,-0.4584,-0.4582,-0.4596,-0.4586,3471600.0
1999-07-14,-0.4586,-0.4581,-0.4596,-0.4595,3448800.0
1999-07-15,-0.4593,-0.4586,-0.4594,-0.4594,3426000.0
1999-07-16,-0.459,-0.4587,-0.4594,-0.4589,2596800.0
1999-07-19,-0.4588,-0.4588,-0.4596,-0.4595,1090800.0
1999-07-20,-0.4595,-0.4595,-0.4607,-0.4599,4468800.0
1999-07-21,-0.4601,-0.4601,-0.4612,-0.4605,2802000.0
1999-07-22,-0.4607,-0.4607,-0.4617,-0.4615,5331600.0
1999-07-23,-0.4616,-0.4609,-0.4616,-0.4615,2006400.0
1999-07-26,-0.461,-0.461,-0.4614,-0.4614,1513200.0
1999-07-27,-0.4614,-0.4613,-0.4617,-0.4614,2464800.0
1999-07-28,-0.4614,-0.4608,-0.4615,-0.4611,6105600.0
1999-07-29,-0.4614,-0.4608,-0.4616,-0.4609,9720000.0
1999-07-30,-0.4609,-0.4603,-0.4609,-0.4608,11307600.0
1999-08-02,-0.4608,-0.4605,-0.4609,-0.4606,7833600.0
1999-08-03,-0.4606,-0.4606,-0.4613,-0.4611,6380400.0
1999-08-04,-0.461,-0.4609,-0.4612,-0.4611,2248800.0
1999-08-05,-0.4611,-0.4608,-0.4614,-0.4608,6014400.0
1999-08-06,-0.4609,-0.4607,-0.4609,-0.4608,4599600.0
1999-08-09,-0.4607,-0.4605,-0.4609,-0.4608,776400.0
1999-08-10,-0.4607,-0.4595,-0.4608,-0.4604,5301600.0
1999-08-11,-0.46,-0.4587,-0.4603,-0.459,4942800.0
1999-08-12,-0.4588,-0.4573,-0.459,-0.4579,5990400.0
1999-08-13,-0.4581,-0.4576,-0.4583,-0.4581,2116800.0
1999-08-16,-0.4579,-0.4579,-0.4598,-0.459,5586000.0
1999-08-17,-0.459,-0.4586,-0.4596,-0.459,4838400.0
1999-08-18,-0.4592,-0.4582,-0.4597,-0.4584,6997200.0
1999-08-19,-0.4568,-0.4522,-0.4577,-0.4535,49174800.0
1999-08-20,-0.4534,-0.4532,-0.4548,-0.4538,8827200.0
1999-08-23,-0.4541,-0.4541,-0.4564,-0.4554,12699600.0
1999-08-24,-0.4558,-0.4553,-0.4571,-0.4556,9951600.0
1999-08-25,-0.4555,-0.4552,-0.4567,-0.4557,8758800.0
1999-08-26,-0.4557,-0.4553,-0.4565,-0.4561,6884400.0
1999-08-27,-0.4556,-0.4536,-0.4557,-0.4547,13809600.0
1999-08-30,-0.4542,-0.4537,-0.4559,-0.4548,3966000.0
1999-08-31,-0.4547,-0.4523,-0.4552,-0.4525,19671600.0
1999-09-01,-0.4525,-0.4525,-0.4543,-0.4538,14133600.0
1999-09-02,-0.4547,-0.454,-0.4553,-0.4541,8527200.0
1999-09-03,-0.4536,-0.4532,-0.4541,-0.4539,6471600.0
1999-09-07,-0.4535,-0.4535,-0.4542,-0.4541,3110400.0
1999-09-08,-0.454,-0.4538,-0.4541,-0.4541,4251600.0
1999-09-09,-0.4539,-0.4537,-0.4551,-0.4545,5236800.0
1999-09-10,-0.4541,-0.4538,-0.4543,-0.4541,4185600.0
1999-09-13,-0.454,-0.454,-0.4553,-0.4551,4360800.0
1999-09-14,-0.4551,-0.4551,-0.456,-0.4558,6259200.0
1999-09-15,-0.4562,-0.4553,-0.4564,-0.4556,5318400.0
1999-09-16,-0.456,-0.4557,-0.4566,-0.4563,3952800.0
1999-09-17,-0.4565,-0.4562,-0.4573,-0.4564,4291200.0
1999-09-20,-0.4568,-0.4565,-0.4573,-0.4573,5727600.0
1999-09-21,-0.4578,-0.4577,-0.4599,-0.4596,18433200.0
1999-09-22,-0.4596,-0.459,-0.4609,-0.4591,9399600.0
1999-09-23,-0.459,-0.459,-0.4612,-0.461,9489600.0
1999-09-24,-0.4609,-0.4604,-0.4643,-0.4629,17122800.0
1999-09-27,-0.4616,-0.4613,-0.4629,-0.4617,10800000.0
1999-09-28,-0.4617,-0.4596,-0.4617,-0.4599,10329600.0
1999-09-29,-0.4594,-0.4586,-0.462,-0.4616,14851200.0
1999-09-30,-0.4609,-0.4603,-0.462,-0.4617,8563200.0
1999-10-01,-0.462,-0.4613,-0.4629,-0.4618,8694000.0
1999-10-04,-0.4612,-0.4611,-0.4617,-0.4614,4440000.0
1999-10-05,-0.4614,-0.4594,-0.4614,-0.4595,11952000.0
1999-10-06,-0.4594,-0.4557,-0.4596,-0.4568,37718400.0
1999-10-07,-0.4558,-0.4558,-0.4586,-0.4584,12182400.0
1999-10-08,-0.4584,-0.4566,-0.4594,-0.4573,9973200.0
1999-10-11,-0.4571,-0.457,-0.4586,-0.4579,13611600.0
1999-10-12,-0.4578,-0.4575,-0.4583,-0.4582,8074800.0
1999-10-13,-0.4585,-0.4585,-0.4594,-0.4589,7009200.0
1999-10-14,-0.4588,-0.4588,-0.4596,-0.4594,4808400.0
1999-10-15,-0.4605,-0.4594,-0.4605,-0.4595,5268000.0
1999-10-18,-0.4594,-0.4594,-0.4608,-0.4607,5379600.0
1999-10-19,-0.46,-0.46,-0.4619,-0.4615,7723200.0
1999-10-20,-0.4612,-0.4605,-0.4615,-0.4608,8718000.0
1999-10-21,-0.4609,-0.4598,-0.4614,-0.4598,9553200.0
1999-10-22,-0.4599,-0.4586,-0.4599,-0.4593,7168800.0
1999-10-25,-0.4594,-0.4591,-0.4604,-0.4604,5346000.0
1999-10-26,-0.4595,-0.4575,-0.4596,-0.4583,12031200.0
1999-10-27,-0.4582,-0.4581,-0.4597,-0.4594,5353200.0
1999-10-28,-0.4592,-0.4588,-0.4605,-0.4604,5569200.0
1999-10-29,-0.4601,-0.4583,-0.4603,-0.4587,8263200.0
1999-11-01,-0.4591,-0.4564,-0.4591,-0.4573,19563600.0
1999-11-02,-0.4568,-0.4556,-0.457,-0.4557,20937600.0
1999-11-03,-0.4547,-0.4525,-0.4549,-0.4532,50292000.0
1999-11-04,-0.4528,-0.4506,-0.4528,-0.4513,31508400.0
1999-11-05,-0.4505,-0.4502,-0.4538,-0.4523,15409200.0
1999-11-08,-0.4532,-0.4506,-0.4541,-0.4515,11750400.0
1999-11-09,-0.4515,-0.4514,-0.4531,-0.4519,6808800.0
1999-11-10,-0.4518,-0.4518,-0.4528,-0.4522,3601200.0
1999-11-11,-0.4522,-0.4486,-0.4528,-0.4501,14067600.0
1999-11-12,-0.4487,-0.4484,-0.4506,-0.4484,12537600.0
1999-11-15,-0.4482,-0.4472,-0.4496,-0.4491,9055200.0
1999-11-16,-0.4483,-0.4453,-0.4484,-0.4459,18094800.0
1999-11-17,-0.4453,-0.4427,-0.4458,-0.4446,19659600.0
1999-11-18,-0.4438,-0.4435,-0.4448,-0.4444,5899200.0
1999-11-19,-0.4399,-0.4355,-0.4401,-0.4371,54129600.0
1999-11-22,-0.4359,-0.4359,-0.4398,-0.4372,13504800.0
1999-11-23,-0.4417,-0.4399,-0.4422,-0.4403,13831200.0
1999-11-24,-0.4405,-0.4401,-0.4447,-0.4416,10171200.0
1999-11-26,-0.442,-0.4416,-0.4432,-0.4419,1794000.0
1999-11-29,-0.442,-0.4415,-0.4442,-0.4433,7465200.0
1999-11-30,-0.4432,-0.4426,-0.4457,-0.4457,7867200.0
1999-12-01,-0.4457,-0.4433,-0.4457,-0.4439,5588400.0
1999-12-02,-0.4437,-0.4405,-0.4437,-0.4411,7747200.0
1999-12-03,-0.4407,-0.4399,-0.4426,-0.442,8569200.0
1999-12-06,-0.4419,-0.4407,-0.4419,-0.4409,4465200.0
1999-12-07,-0.4406,-0.4405,-0.4439,-0.4423,4659600.0
1999-12-08,-0.4424,-0.4401,-0.4426,-0.4405,5042400.0
1999-12-09,-0.4406,-0.4396,-0.4432,-0.4418,5373600.0
1999-12-10,-0.4411,-0.4409,-0.4429,-0.4422,2457600.0
1999-12-13,-0.4427,-0.4413,-0.4432,-0.4424,4596000.0
1999-12-14,-0.4423,-0.4413,-0.4434,-0.443,6847200.0
1999-12-15,-0.4433,-0.4431,-0.4452,-0.4442,5149200.0
1999-12-16,-0.4441,-0.4435,-0.4446,-0.4445,3314400.0
1999-12-17,-0.4435,-0.442,-0.4437,-0.4426,6552000.0
1999-12-20,-0.4425,-0.4385,-0.4439,-0.4393,10060800.0
1999-12-21,-0.4393,-0.4374,-0.4409,-0.4375,9709200.0
1999-12-22,-0.4373,-0.4359,-0.439,-0.4364,6279600.0
1999-12-23,-0.4364,-0.4333,-0.4366,-0.4334,7005600.0
1999-12-27,-0.4324,-0.4323,-0.4358,-0.4353,5060400.0
1999-12-28,-0.4353,-0.4336,-0.4355,-0.4354,4479600.0
1999-12-29,-0.4355,-0.4333,-0.4355,-0.4338,3303600.0
1999-12-30,-0.4338,-0.4331,-0.4346,-0.4334,3494400.0
1999-12-31,-0.4335,-0.4328,-0.4337,-0.4329,3183600.0
2000-01-03,-0.4325,-0.4321,-0.4358,-0.433,7522800.0
2000-01-04,-0.4338,-0.4337,-0.4367,-0.4343,7512000.0
2000-01-05,-0.4357,-0.4349,-0.4365,-0.4359,4708800.0
2000-01-06,-0.4359,-0.4359,-0.4406,-0.4388,3012000.0
2000-01-07,-0.439,-0.4377,-0.4397,-0.4381,1779600.0
2000-01-10,-0.438,-0.4349,-0.4388,-0.4367,5996400.0
2000-01-11,-0.437,-0.4364,-0.4385,-0.4385,3703200.0
2000-01-12,-0.4385,-0.4385,-0.4402,-0.4396,3088800.0
2000-01-13,-0.4397,-0.4375,-0.4402,-0.4379,3304800.0
2000-01-14,-0.4372,-0.4342,-0.4373,-0.436,15114000.0
2000-01-18,-0.4354,-0.4338,-0.4375,-0.434,6541200.0
2000-01-19,-0.4338,-0.4338,-0.4349,-0.4345,4117200.0
2000-01-20,-0.4341,-0.4315,-0.435,-0.4346,4489200.0
2000-01-21,-0.4347,-0.4346,-0.4363,-0.4351,13606800.0
2000-01-24,-0.4336,-0.4336,-0.4375,-0.4372,6423600.0
2000-01-25,-0.437,-0.4366,-0.439,-0.4376,5928000.0
2000-01-26,-0.4376,-0.4364,-0.4402,-0.4394,5811600.0
2000-01-27,-0.4391,-0.4391,-0.4432,-0.4416,11455200.0
2000-01-28,-0.4422,-0.4419,-0.4444,-0.4428,4861200.0
2000-01-31,-0.4426,-0.4418,-0.4453,-0.4431,4560000.0
2000-02-01,-0.4431,-0.4419,-0.4445,-0.4422,2324400.0
2000-02-02,-0.442,-0.4403,-0.4422,-0.4411,3726000.0
2000-02-03,-0.4398,-0.439,-0.4407,-0.4405,2706000.0
2000-02-04,-0.4392,-0.4392,-0.4403,-0.4395,3092400.0
2000-02-07,-0.4393,-0.4393,-0.4422,-0.4421,5437200.0
2000-02-08,-0.4411,-0.4388,-0.4422,-0.4402,11720400.0
2000-02-09,-0.4386,-0.4379,-0.4392,-0.4392,14726400.0
2000-02-10,-0.4366,-0.4297,-0.4366,-0.4304,24252000.0
2000-02-11,-0.4279,-0.4278,-0.4334,-0.4297,10594800.0
2000-02-14,-0.4295,-0.4213,-0.4301,-0.4213,16252800.0
2000-02-15,-0.4212,-0.4211,-0.4261,-0.4237,11262000.0
2000-02-16,-0.423,-0.419,-0.4237,-0.421,25489200.0
2000-02-17,-0.4211,-0.4185,-0.422,-0.4189,13394400.0
2000-02-18,-0.4198,-0.4107,-0.4202,-0.4116,24021600.0
2000-02-22,-0.4138,-0.4129,-0.4161,-0.4135,13562400.0
2000-02-23,-0.4143,-0.4124,-0.4151,-0.4131,12784800.0
2000-02-24,-0.4127,-0.4123,-0.4166,-0.4138,6108000.0
2000-02-25,-0.4137,-0.4137,-0.4208,-0.418,6968400.0
2000-02-28,-0.4183,-0.4177,-0.4195,-0.4185,12946800.0
2000-02-29,-0.4189,-0.4143,-0.4189,-0.4151,7651200.0
2000-03-01,-0.4151,-0.4151,-0.4181,-0.417,9589200.0
2000-03-02,-0.4165,-0.4165,-0.4216,-0.4214,4776000.0
2000-03-03,-0.4213,-0.4198,-0.4219,-0.4204,6842400.0
2000-03-06,-0.42,-0.4153,-0.4213,-0.4208,10802400.0
2000-03-07,-0.4036,-0.3909,-0.407,-0.395,48805200.0
2000-03-08,-0.395,-0.3935,-0.4013,-0.3942,16718400.0
2000-03-09,-0.3932,-0.3692,-0.3935,-0.3773,23823600.0
2000-03-10,-0.3719,-0.3307,-0.3726,-0.3588,54030000.0
2000-03-13,-0.3703,-0.3255,-0.3713,-0.3263,60379200.0
2000-03-14,-0.3271,-0.3271,-0.3692,-0.367,39194400.0
2000-03-15,-0.3588,-0.3556,-0.3755,-0.3717,24890400.0
2000-03-16,-0.3682,-0.3643,-0.3853,-0.3837,18759600.0
2000-03-17,-0.3859,-0.3703,-0.3859,-0.3777,13940400.0
2000-03-20,-0.3736,-0.3702,-0.3811,-0.3778,9132000.0
2000-03-21,-0.3776,-0.3767,-0.3911,-0.3829,13416000.0
2000-03-22,-0.3821,-0.3791,-0.3838,-0.3822,5764800.0
2000-03-23,-0.3831,-0.375,-0.3833,-0.3804,7735200.0
2000-03-24,-0.3811,-0.3765,-0.388,-0.3847,5790000.0
2000-03-27,-0.3849,-0.3817,-0.3919,-0.3911,9723600.0
2000-03-28,-0.3942,-0.3932,-0.3995,-0.3978,9832800.0
2000-03-29,-0.3975,-0.3956,-0.4067,-0.4034,11736000.0
2000-03-30,-0.4057,-0.3966,-0.4083,-0.4038,9048000.0
2000-03-31,-0.3985,-0.3902,-0.4,-0.3937,24074400.0
2000-04-03,-0.3945,-0.3942,-0.4029,-0.4006,8248800.0
2000-04-04,-0.3963,-0.3949,-0.4224,-0.4036,12844800.0
2000-04-05,-0.4028,-0.3802,-0.4069,-0.3862,15990000.0
2000-04-06,-0.3818,-0.3767,-0.3866,-0.3818,10114800.0
2000-04-07,-0.3768,-0.3724,-0.3812,-0.3749,7964400.0
2000-04-10,-0.3731,-0.3668,-0.3864,-0.3844,9882000.0
2000-04-11,-0.3911,-0.3828,-0.3984,-0.3901,11439600.0
2000-04-12,-0.39,-0.388,-0.4,-0.3997,7836000.0
2000-04-13,-0.399,-0.3961,-0.4045,-0.4032,7832400.0
2000-04-14,-0.4082,-0.4025,-0.4135,-0.4101,10548000.0
2000-04-17,-0.4161,-0.4036,-0.4161,-0.4064,7352400.0
2000-04-18,-0.3988,-0.3883,-0.4013,-0.3931,11937600.0
2000-04-19,-0.3903,-0.389,-0.3984,-0.3973,6958800.0
2000-04-20,-0.395,-0.3934,-0.3989,-0.3978,3848400.0
2000-04-24,-0.4026,-0.3991,-0.4061,-0.4019,5149200.0
2000-04-25,-0.3984,-0.3906,-0.3986,-0.3932,6242400.0
2000-04-26,-0.387,-0.3849,-0.3942,-0.3941,6352800.0
2000-04-27,-0.4,-0.3861,-0.4004,-0.387,7024800.0
2000-04-28,-0.3855,-0.3817,-0.3889,-0.3889,4476000.0
2000-05-01,-0.3854,-0.3833,-0.3882,-0.3859,2985600.0
2000-05-02,-0.3859,-0.3803,-0.3923,-0.3896,5850000.0
2000-05-03,-0.3902,-0.3872,-0.3984,-0.3911,8229600.0
2000-05-04,-0.3913,-0.3862,-0.3921,-0.39,6030000.0
2000-05-05,-0.3904,-0.3836,-0.3916,-0.3858,4264800.0
2000-05-08,-0.3883,-0.3849,-0.3894,-0.3893,4628400.0
2000-05-09,-0.3877,-0.387,-0.3932,-0.3906,4420800.0
2000-05-10,-0.3915,-0.3914,-0.4004,-0.3996,6852000.0
2000-05-11,-0.3984,-0.3946,-0.3995,-0.3961,6147600.0
2000-05-12,-0.3937,-0.389,-0.3987,-0.3987,4695600.0
2000-05-15,-0.3991,-0.3915,-0.4031,-0.3929,7052400.0
2000-05-16,-0.389,-0.381,-0.3901,-0.3838,9160800.0
2000-05-17,-0.3786,-0.3624,-0.3787,-0.3666,32265600.0
2000-05-18,-0.366,-0.3641,-0.3752,-0.3745,12747600.0
2000-05-19,-0.3776,-0.3719,-0.3784,-0.3754,13029600.0
2000-05-22,-0.3765,-0.3685,-0.3859,-0.3685,12928800.0
2000-05-23,-0.3713,-0.3589,-0.3732,-0.3694,19464000.0
2000-05-24,-0.3695,-0.3677,-0.3857,-0.3708,18490800.0
2000-05-25,-0.3692,-0.3625,-0.3737,-0.3724,14229600.0
2000-05-26,-0.3718,-0.3688,-0.3786,-0.3718,4586400.0
2000-05-30,-0.3689,-0.3644,-0.3694,-0.3673,7591200.0
2000-05-31,-0.3677,-0.3609,-0.3677,-0.3629,11738400.0
2000-06-01,-0.3594,-0.3582,-0.3626,-0.3596,10474800.0
2000-06-02,-0.357,-0.3432,-0.357,-0.3447,14804400.0
2000-06-05,-0.3449,-0.3349,-0.3504,-0.3418,12297600.0
2000-06-06,-0.3412,-0.336,-0.3495,-0.3487,9397200.0
2000-06-07,-0.3497,-0.3486,-0.3566,-0.3547,8308800.0
2000-06-08,-0.3514,-0.3513,-0.3588,-0.3537,11517600.0
2000-06-09,-0.3513,-0.3442,-0.3532,-0.35,11682000.0
2000-06-12,-0.3495,-0.3484,-0.3565,-0.3536,9500400.0
2000-06-13,-0.3571,-0.3495,-0.3578,-0.3495,11196000.0
2000-06-14,-0.3471,-0.3463,-0.3514,-0.3497,6877200.0
2000-06-15,-0.35,-0.3462,-0.3571,-0.3462,8464800.0
2000-06-16,-0.3467,-0.3255,-0.3467,-0.3258,24696000.0
2000-06-19,-0.3261,-0.3034,-0.3301,-0.316,26304000.0
2000-06-20,-0.3131,-0.3112,-0.3203,-0.3182,15256800.0
2000-06-21,-0.3207,-0.2984,-0.3207,-0.3016,15372000.0
2000-06-22,-0.3024,-0.2987,-0.3131,-0.3114,15358800.0
2000-06-23,-0.316,-0.3139,-0.3276,-0.3275,15184800.0
2000-06-26,-0.3245,-0.3079,-0.3269,-0.3089,15457200.0
2000-06-27,-0.3104,-0.3075,-0.3379,-0.3333,15115200.0
2000-06-28,-0.3302,-0.3245,-0.3432,-0.339,14665200.0
2000-06-29,-0.3415,-0.3415,-0.362,-0.3596,29622000.0
2000-06-30,-0.3539,-0.3471,-0.3601,-0.3493,30229800.0
2000-07-03,-0.3484,-0.3442,-0.3557,-0.3544,5817000.0
2000-07-05,-0.3549,-0.3547,-0.3719,-0.3681,19448400.0
2000-07-06,-0.3679,-0.357,-0.3707,-0.3612,15098400.0
2000-07-07,-0.3567,-0.3547,-0.363,-0.3605,8664000.0
2000-07-10,-0.3626,-0.3513,-0.3638,-0.3543,8781600.0
2000-07-11,-0.356,-0.3375,-0.3574,-0.344,18882600.0
2000-07-12,-0.3383,-0.3329,-0.3428,-0.3401,9703800.0
2000-07-13,-0.3371,-0.326,-0.3374,-0.3268,11468400.0
2000-07-14,-0.3237,-0.3207,-0.3317,-0.328,7005000.0
2000-07-17,-0.3256,-0.3255,-0.3302,-0.3297,2638800.0
2000-07-18,-0.338,-0.3255,-0.338,-0.3327,4591800.0
2000-07-19,-0.338,-0.337,-0.3452,-0.3422,4737600.0
2000-07-20,-0.3423,-0.3349,-0.3427,-0.3384,3574800.0
2000-07-21,-0.338,-0.3338,-0.3401,-0.3366,6298200.0
2000-07-24,-0.3364,-0.3354,-0.3547,-0.3489,7027800.0
2000-07-25,-0.3469,-0.3458,-0.3541,-0.3539,8382600.0
2000-07-26,-0.3539,-0.3539,-0.3669,-0.3634,9501600.0
2000-07-27,-0.3672,-0.3656,-0.3734,-0.3719,8289000.0
2000-07-28,-0.3713,-0.361,-0.3776,-0.3692,12816600.0
2000-07-31,-0.363,-0.3565,-0.3692,-0.3567,9280800.0
2000-08-01,-0.3567,-0.3557,-0.3601,-0.3592,8765400.0
2000-08-02,-0.3609,-0.3547,-0.3629,-0.3567,8635800.0
2000-08-03,-0.3692,-0.3484,-0.3692,-0.3513,9216600.0
2000-08-04,-0.3482,-0.3463,-0.351,-0.3489,4869600.0
2000-08-07,-0.348,-0.3374,-0.3485,-0.3385,6173400.0
2000-08-08,-0.3416,-0.3338,-0.3422,-0.3416,3202800.0
2000-08-09,-0.3398,-0.3389,-0.3478,-0.3458,3406200.0
2000-08-10,-0.3489,-0.3411,-0.3515,-0.3442,3910800.0
2000-08-11,-0.344,-0.343,-0.3539,-0.3475,3298200.0
2000-08-14,-0.3458,-0.3445,-0.3505,-0.3462,2714400.0
2000-08-15,-0.3456,-0.3307,-0.3459,-0.3334,11083200.0
2000-08-16,-0.3254,-0.3254,-0.3342,-0.3297,6655800.0
2000-08-17,-0.3317,-0.326,-0.3323,-0.3268,3245400.0
2000-08-18,-0.3275,-0.3195,-0.3277,-0.3213,5118000.0
2000-08-21,-0.3155,-0.3126,-0.3192,-0.3189,11611800.0
2000-08-22,-0.3273,-0.3239,-0.3357,-0.3342,16471800.0
2000-08-23,-0.3366,-0.3254,-0.3396,-0.3256,8820000.0
2000-08-24,-0.3265,-0.3199,-0.3294,-0.3215,8315400.0
2000-08-25,-0.3232,-0.3198,-0.3263,-0.3255,3826200.0
2000-08-28,-0.3247,-0.3172,-0.3265,-0.3192,4731600.0
2000-08-29,-0.3186,-0.3182,-0.3213,-0.3196,3734400.0
2000-08-30,-0.3215,-0.316,-0.3232,-0.3182,4452000.0
2000-08-31,-0.3157,-0.3099,-0.319,-0.3164,9722400.0
2000-09-01,-0.313,-0.3114,-0.318,-0.3161,5103600.0
2000-09-05,-0.3122,-0.3121,-0.317,-0.3159,6153600.0
2000-09-06,-0.3152,-0.3152,-0.3286,-0.3273,5753400.0
2000-09-07,-0.325,-0.3187,-0.3315,-0.319,5994000.0
2000-09-08,-0.3208,-0.3172,-0.3291,-0.3286,5566200.0
2000-09-11,-0.3306,-0.3297,-0.3406,-0.3349,7147200.0
2000-09-12,-0.3347,-0.3271,-0.338,-0.3358,3149400.0
2000-09-13,-0.3362,-0.3334,-0.3393,-0.3359,5999400.0
2000-09-14,-0.3351,-0.3286,-0.339,-0.3372,5408400.0
2000-09-15,-0.338,-0.332,-0.339,-0.3341,6064800.0
2000-09-18,-0.3337,-0.3328,-0.3442,-0.3427,4087200.0
2000-09-19,-0.3491,-0.338,-0.3505,-0.3384,7527600.0
2000-09-20,-0.3423,-0.3396,-0.3453,-0.3431,5689200.0
2000-09-21,-0.342,-0.334,-0.3422,-0.3371,8670600.0
2000-09-22,-0.3514,-0.3328,-0.3515,-0.3346,9681600.0
2000-09-25,-0.3301,-0.3219,-0.3312,-0.3241,11689200.0
2000-09-26,-0.3224,-0.3185,-0.3297,-0.3203,8433600.0
2000-09-27,-0.3216,-0.3039,-0.3216,-0.3114,16903200.0
2000-09-28,-0.313,-0.3052,-0.3172,-0.3062,8345400.0
2000-09-29,-0.3112,-0.3047,-0.314,-0.3112,9346800.0
2000-10-02,-0.3088,-0.3021,-0.3195,-0.3152,8514600.0
2000-10-03,-0.3143,-0.313,-0.3255,-0.3242,7506600.0
2000-10-04,-0.3284,-0.3234,-0.3305,-0.326,10489200.0
2000-10-05,-0.3249,-0.3249,-0.3329,-0.3297,13126200.0
2000-10-06,-0.3293,-0.3282,-0.3412,-0.3392,25679400.0
2000-10-09,-0.3428,-0.3338,-0.3526,-0.336,16631400.0
2000-10-10,-0.3422,-0.3351,-0.3484,-0.3471,10398600.0
2000-10-11,-0.3553,-0.3385,-0.3604,-0.3459,13394400.0
2000-10-12,-0.343,-0.3349,-0.3526,-0.3513,10040400.0
2000-10-13,-0.3504,-0.3422,-0.3518,-0.3461,14474400.0
2000-10-16,-0.3461,-0.3461,-0.3523,-0.3492,8480400.0
2000-10-17,-0.3497,-0.3492,-0.3603,-0.3588,11581200.0
2000-10-18,-0.3668,-0.3537,-0.3722,-0.3608,10423800.0
2000-10-19,-0.353,-0.3474,-0.3549,-0.3491,7372200.0
2000-10-20,-0.3522,-0.3333,-0.3531,-0.3367,9684000.0
2000-10-23,-0.3355,-0.3346,-0.3445,-0.34,4552800.0
2000-10-24,-0.3406,-0.3383,-0.345,-0.3445,4849200.0
2000-10-25,-0.3483,-0.3463,-0.3574,-0.3565,9637800.0
2000-10-26,-0.3557,-0.3463,-0.3646,-0.3511,6644400.0
2000-10-27,-0.351,-0.3478,-0.3588,-0.3541,5274000.0
2000-10-30,-0.3562,-0.3534,-0.3632,-0.3631,4803000.0
2000-10-31,-0.3584,-0.3502,-0.3622,-0.3523,7481400.0
2000-11-01,-0.3554,-0.3505,-0.3599,-0.3523,7613400.0
2000-11-02,-0.3478,-0.339,-0.35,-0.3424,4822200.0
2000-11-03,-0.3442,-0.3307,-0.3453,-0.3333,6715800.0
2000-11-06,-0.3298,-0.3151,-0.3307,-0.3219,15876000.0
2000-11-07,-0.3245,-0.3245,-0.338,-0.3327,6456000.0
2000-11-08,-0.331,-0.331,-0.3393,-0.3371,4677000.0
2000-11-09,-0.3458,-0.339,-0.3586,-0.3522,14113200.0
2000-11-10,-0.3478,-0.3411,-0.3625,-0.3592,20131200.0
2000-11-13,-0.3653,-0.3453,-0.3692,-0.3587,13251000.0
2000-11-14,-0.3505,-0.3351,-0.3515,-0.3362,11768400.0
2000-11-15,-0.3388,-0.3342,-0.3446,-0.3381,10596600.0
2000-11-16,-0.3422,-0.3385,-0.3484,-0.3471,5888400.0
2000-11-17,-0.3461,-0.3392,-0.3541,-0.3497,4469400.0
2000-11-20,-0.3546,-0.3545,-0.3613,-0.3599,7468800.0
2000-11-21,-0.3547,-0.3536,-0.3685,-0.3622,9562800.0
2000-11-22,-0.3672,-0.3635,-0.3734,-0.3685,10243800.0
2000-11-24,-0.3672,-0.3575,-0.3672,-0.362,4126800.0
2000-11-27,-0.3534,-0.3526,-0.3708,-0.366,9096600.0
2000-11-28,-0.3642,-0.363,-0.3772,-0.3746,9558600.0
2000-11-29,-0.373,-0.3729,-0.3893,-0.3812,15910200.0
2000-11-30,-0.3898,-0.3898,-0.406,-0.3974,24540600.0
2000-12-01,-0.3922,-0.3802,-0.3927,-0.389,19602000.0
2000-12-04,-0.3885,-0.3854,-0.3948,-0.3876,11856600.0
2000-12-05,-0.381,-0.3773,-0.3903,-0.3815,24930600.0
2000-12-06,-0.3834,-0.3807,-0.3963,-0.3958,23773200.0
2000-12-07,-0.4,-0.3928,-0.4044,-0.3974,19629600.0
2000-12-08,-0.3886,-0.3776,-0.3973,-0.3781,21334800.0
2000-12-11,-0.3815,-0.376,-0.3841,-0.3781,18940800.0
2000-12-12,-0.3807,-0.3789,-0.3844,-0.381,10237800.0
2000-12-13,-0.3814,-0.3797,-0.3906,-0.3888,16876800.0
2000-12-14,-0.3894,-0.3886,-0.3974,-0.3952,14225400.0
2000-12-15,-0.4006,-0.3955,-0.4041,-0.4037,27360600.0
2000-12-18,-0.4005,-0.3984,-0.4023,-0.4012,16471800.0
2000-12-19,-0.4,-0.3927,-0.4088,-0.4073,23655000.0
2000-12-20,-0.411,-0.4007,-0.419,-0.4154,27634800.0
2000-12-21,-0.4162,-0.4073,-0.4245,-0.4237,21131400.0
2000-12-22,-0.419,-0.4021,-0.419,-0.4087,23727000.0
2000-12-26,-0.4078,-0.407,-0.4164,-0.4117,8595600.0
2000-12-27,-0.4125,-0.4041,-0.4154,-0.407,8486400.0
2000-12-28,-0.41,-0.4047,-0.4112,-0.4066,10480800.0
2000-12-29,-0.4067,-0.4043,-0.4151,-0.4135,12379200.0
2001-01-02,-0.4703,-0.4701,-0.4714,-0.4714,7270200.0
2001-01-03,-0.4717,-0.468,-0.4719,-0.4682,22759200.0
2001-01-04,-0.4684,-0.4662,-0.4688,-0.4666,20386200.0
2001-01-05,-0.4667,-0.4667,-0.4692,-0.4689,10819200.0
2001-01-08,-0.4692,-0.4671,-0.4692,-0.4676,14344200.0
2001-01-09,-0.4674,-0.4671,-0.4681,-0.4674,7572600.0
2001-01-10,-0.4681,-0.4663,-0.4684,-0.4664,9823200.0
2001-01-11,-0.4667,-0.4644,-0.467,-0.4651,11191200.0
2001-01-12,-0.4648,-0.4638,-0.4656,-0.4654,16725000.0
2001-01-16,-0.4653,-0.4653,-0.4669,-0.4667,10374600.0
2001-01-17,-0.4656,-0.4651,-0.4662,-0.4662,14814600.0
2001-01-18,-0.4662,-0.4627,-0.4665,-0.4632,23704200.0
2001-01-19,-0.4626,-0.462,-0.4639,-0.4637,25467600.0
2001-01-22,-0.4642,-0.4635,-0.4649,-0.4644,9442800.0
2001-01-23,-0.4646,-0.4623,-0.4647,-0.4626,10840800.0
2001-01-24,-0.4627,-0.4625,-0.4638,-0.4627,11293200.0
2001-01-25,-0.4635,-0.4633,-0.465,-0.4646,11000400.0
2001-01-26,-0.4656,-0.4639,-0.4657,-0.4641,6481200.0
2001-01-29,-0.4646,-0.464,-0.4652,-0.464,8854200.0
2001-01-30,-0.4637,-0.4632,-0.4641,-0.4636,6093000.0
2001-01-31,-0.4636,-0.4629,-0.4642,-0.4638,8958600.0
2001-02-01,-0.4638,-0.4636,-0.4646,-0.4637,9296400.0
2001-02-02,-0.4637,-0.4633,-0.4656,-0.4655,8013000.0
2001-02-05,-0.4655,-0.4654,-0.4665,-0.4655,9189600.0
2001-02-06,-0.4658,-0.4651,-0.4658,-0.4654,6261000.0
2001-02-07,-0.4655,-0.4654,-0.467,-0.4662,18009600.0
2001-02-08,-0.4661,-0.4652,-0.4663,-0.4662,9607200.0
2001-02-09,-0.4664,-0.4663,-0.4669,-0.4664,6490200.0
2001-02-12,-0.4665,-0.4664,-0.4675,-0.4668,8858400.0
2001-02-13,-0.4665,-0.4656,-0.4667,-0.4663,11693400.0
2001-02-14,-0.4665,-0.4648,-0.4672,-0.4652,17272200.0
2001-02-15,-0.4629,-0.4618,-0.463,-0.4621,27712800.0
2001-02-16,-0.4631,-0.4606,-0.4632,-0.4611,27029400.0
2001-02-20,-0.4616,-0.4612,-0.4632,-0.4631,17532600.0
2001-02-21,-0.4638,-0.4615,-0.464,-0.4623,16162800.0
2001-02-22,-0.4624,-0.4609,-0.463,-0.4615,20382600.0
2001-02-23,-0.4616,-0.4612,-0.4635,-0.4629,25866600.0
2001-02-26,-0.4634,-0.4629,-0.4641,-0.4633,18795600.0
2001-02-27,-0.4637,-0.463,-0.4645,-0.4644,13345800.0
2001-02-28,-0.4645,-0.4635,-0.4665,-0.4662,19601400.0
2001-03-01,-0.4664,-0.4647,-0.4679,-0.465,22882200.0
2001-03-02,-0.4662,-0.4651,-0.4668,-0.4666,35337600.0
2001-03-05,-0.4672,-0.4661,-0.4673,-0.4665,18557400.0
2001-03-06,-0.4657,-0.4644,-0.466,-0.465,20860200.0
2001-03-07,-0.4646,-0.4636,-0.4649,-0.4636,23457000.0
2001-03-08,-0.4642,-0.4628,-0.4642,-0.463,20733600.0
2001-03-09,-0.464,-0.4639,-0.466,-0.4644,30419400.0
2001-03-12,-0.4649,-0.4642,-0.4657,-0.465,19053600.0
2001-03-13,-0.4648,-0.4627,-0.4649,-0.463,27058800.0
2001-03-14,-0.4638,-0.4619,-0.4638,-0.4619,33778200.0
2001-03-15,-0.4607,-0.4596,-0.4615,-0.461,46899600.0
2001-03-16,-0.4613,-0.4605,-0.4619,-0.461,30630000.0
2001-03-19,-0.4611,-0.4597,-0.4623,-0.4598,23597400.0
2001-03-20,-0.4601,-0.4587,-0.4621,-0.4619,49764000.0
2001-03-21,-0.4618,-0.4598,-0.462,-0.4604,46933800.0
2001-03-22,-0.4602,-0.4582,-0.4604,-0.4582,42444000.0
2001-03-23,-0.4578,-0.4574,-0.4596,-0.4585,37741800.0
2001-03-26,-0.4585,-0.4571,-0.4585,-0.4572,38574000.0
2001-03-27,-0.4577,-0.4569,-0.4591,-0.4581,42553800.0
2001-03-28,-0.4587,-0.4575,-0.4588,-0.4581,35832000.0
2001-03-29,-0.4583,-0.4569,-0.4588,-0.4577,40824000.0
2001-03-30,-0.4579,-0.4575,-0.4593,-0.4592,35579400.0
2001-04-02,-0.4593,-0.4587,-0.4604,-0.4601,31629000.0
2001-04-03,-0.4604,-0.4588,-0.4605,-0.4594,49790400.0
2001-04-04,-0.4603,-0.4602,-0.4631,-0.4617,84061800.0
2001-04-05,-0.4604,-0.4595,-0.461,-0.4599,43119000.0
2001-04-06,-0.4602,-0.4588,-0.4605,-0.46,38691600.0
2001-04-09,-0.4595,-0.459,-0.4614,-0.461,27429000.0
2001-04-10,-0.4605,-0.4584,-0.4607,-0.4591,29660400.0
2001-04-11,-0.4577,-0.4568,-0.4584,-0.4577,35671800.0
2001-04-12,-0.4581,-0.4563,-0.4586,-0.4574,36006600.0
2001-04-16,-0.4578,-0.4573,-0.4585,-0.4579,19102800.0
2001-04-17,-0.4583,-0.4557,-0.4583,-0.4568,27811200.0
2001-04-18,-0.4557,-0.4524,-0.4557,-0.4549,57546600.0
2001-04-19,-0.4547,-0.4521,-0.4549,-0.4526,40806600.0
2001-04-20,-0.453,-0.4505,-0.4537,-0.4515,44346000.0
2001-04-23,-0.4522,-0.4522,-0.4534,-0.4531,30975000.0
2001-04-24,-0.4532,-0.4511,-0.4556,-0.4552,45708000.0
2001-04-25,-0.4551,-0.453,-0.4552,-0.4539,35593200.0
2001-04-26,-0.4533,-0.4533,-0.4564,-0.4561,37150200.0
2001-04-27,-0.4551,-0.454,-0.4557,-0.4543,22891800.0
2001-04-30,-0.4536,-0.4512,-0.4542,-0.4528,39582000.0
2001-05-01,-0.4527,-0.45,-0.4532,-0.4501,46684200.0
2001-05-02,-0.4493,-0.4493,-0.4512,-0.4508,38694600.0
2001-05-03,-0.4517,-0.4508,-0.452,-0.451,24012600.0
2001-05-04,-0.4519,-0.4501,-0.452,-0.4505,23838000.0
2001-05-07,-0.4507,-0.4489,-0.451,-0.4491,24390000.0
2001-05-08,-0.4487,-0.4486,-0.4518,-0.4515,40503600.0
2001-05-09,-0.4525,-0.4519,-0.4531,-0.4529,32976000.0
2001-05-10,-0.4521,-0.4517,-0.4542,-0.4539,24972600.0
2001-05-11,-0.454,-0.4538,-0.4552,-0.4546,23030400.0
2001-05-14,-0.4545,-0.454,-0.4555,-0.4544,17560800.0
2001-05-15,-0.4541,-0.4522,-0.4544,-0.4534,31065000.0
2001-05-16,-0.454,-0.4519,-0.4542,-0.452,23927400.0
2001-05-17,-0.452,-0.4507,-0.4524,-0.4515,22976400.0
2001-05-18,-0.4516,-0.4508,-0.4524,-0.4518,14395800.0
2001-05-21,-0.4518,-0.4498,-0.4524,-0.4504,26617200.0
2001-05-22,-0.45,-0.4492,-0.4512,-0.4495,26249400.0
2001-05-23,-0.4482,-0.447,-0.4501,-0.4497,56122800.0
2001-05-24,-0.45,-0.4485,-0.4509,-0.4493,42014400.0
2001-05-25,-0.4499,-0.4495,-0.4505,-0.4499,23698800.0
2001-05-29,-0.4501,-0.4501,-0.4516,-0.4512,23014200.0
2001-05-30,-0.4519,-0.4504,-0.4521,-0.4518,82722600.0
2001-05-31,-0.4515,-0.4514,-0.4526,-0.452,31573200.0
2001-06-01,-0.4518,-0.4501,-0.452,-0.4504,25561800.0
2001-06-04,-0.4503,-0.4502,-0.4513,-0.4509,15538800.0
2001-06-05,-0.4509,-0.4489,-0.4509,-0.4492,24679200.0
2001-06-06,-0.4491,-0.4487,-0.4496,-0.4491,17474400.0
2001-06-07,-0.4494,-0.4471,-0.4496,-0.4472,28528800.0
2001-06-08,-0.4474,-0.4473,-0.4485,-0.4481,17817000.0
2001-06-11,-0.4481,-0.4481,-0.4496,-0.4491,14548200.0
2001-06-12,-0.4498,-0.4475,-0.4499,-0.448,27568200.0
2001-06-13,-0.4478,-0.4473,-0.4495,-0.4492,23467800.0
2001-06-14,-0.4496,-0.4487,-0.45,-0.4492,23653800.0
2001-06-15,-0.4496,-0.4482,-0.4502,-0.4487,27363600.0
2001-06-18,-0.4488,-0.4483,-0.4504,-0.45,21416400.0
2001-06-19,-0.4494,-0.4487,-0.4524,-0.4518,37828200.0
2001-06-20,-0.4523,-0.4501,-0.4529,-0.4505,43980000.0
2001-06-21,-0.4506,-0.4493,-0.4514,-0.4499,37114200.0
2001-06-22,-0.45,-0.4492,-0.4505,-0.45,19029600.0
2001-06-25,-0.4497,-0.4495,-0.451,-0.4501,16000800.0
2001-06-26,-0.4508,-0.449,-0.4509,-0.4492,18948000.0
2001-06-27,-0.4493,-0.4493,-0.4507,-0.4502,22393800.0
2001-06-28,-0.4498,-0.4494,-0.4501,-0.4498,22733400.0
2001-06-29,-0.4497,-0.449,-0.4501,-0.4495,18273000.0
2001-07-02,-0.4508,-0.4505,-0.4514,-0.451,26000400.0
2001-07-03,-0.4512,-0.4502,-0.4513,-0.4506,10157400.0
2001-07-05,-0.4509,-0.4507,-0.4529,-0.4528,25502400.0
2001-07-06,-0.4532,-0.453,-0.4543,-0.4537,20070600.0
2001-07-09,-0.4541,-0.4534,-0.4549,-0.4546,25351800.0
2001-07-10,-0.4543,-0.4539,-0.4547,-0.4544,30543600.0
2001-07-11,-0.4545,-0.454,-0.4553,-0.4545,22615800.0
2001-07-12,-0.4532,-0.4528,-0.4539,-0.453,24538800.0
2001-07-13,-0.4532,-0.4529,-0.4542,-0.4536,17253600.0
2001-07-16,-0.4539,-0.4536,-0.456,-0.4559,29792400.0
2001-07-17,-0.4563,-0.4542,-0.4566,-0.4544,29247600.0
2001-07-18,-0.4551,-0.4544,-0.4559,-0.4554,21024600.0
2001-07-19,-0.455,-0.4539,-0.4554,-0.455,21000600.0
2001-07-20,-0.4557,-0.455,-0.4566,-0.4557,18561600.0
2001-07-23,-0.4557,-0.4557,-0.4582,-0.4582,38699400.0
2001-07-24,-0.4579,-0.4566,-0.4584,-0.4566,34132800.0
2001-07-25,-0.4566,-0.4566,-0.4577,-0.4569,31147200.0
2001-07-26,-0.4571,-0.4541,-0.4572,-0.4544,42853800.0
2001-07-27,-0.4544,-0.4533,-0.4552,-0.4536,27367200.0
2001-07-30,-0.4536,-0.4535,-0.4546,-0.4543,14557200.0
2001-07-31,-0.4542,-0.4535,-0.4552,-0.4536,29694000.0
2001-08-01,-0.4531,-0.4518,-0.4533,-0.4519,30123600.0
2001-08-02,-0.4515,-0.4511,-0.4526,-0.4512,27448200.0
2001-08-03,-0.4515,-0.451,-0.4521,-0.4514,20508600.0
2001-08-06,-0.4517,-0.4502,-0.452,-0.4505,32314200.0
2001-08-07,-0.4505,-0.4504,-0.4514,-0.451,27215400.0
2001-08-08,-0.4513,-0.4505,-0.4519,-0.4518,28142400.0
2001-08-09,-0.4519,-0.4513,-0.4529,-0.4523,41090400.0
2001-08-10,-0.4523,-0.4519,-0.4532,-0.4524,25912200.0
2001-08-13,-0.4518,-0.4508,-0.4523,-0.4511,37869600.0
2001-08-14,-0.4517,-0.4515,-0.4523,-0.4519,58029000.0
2001-08-15,-0.4512,-0.4509,-0.4521,-0.4519,45409800.0
2001-08-16,-0.4525,-0.4506,-0.4526,-0.4506,25652400.0
2001-08-17,-0.4514,-0.451,-0.4529,-0.4526,41721000.0
2001-08-20,-0.4528,-0.4525,-0.4537,-0.4529,29583000.0
2001-08-21,-0.4528,-0.452,-0.4535,-0.4535,29666400.0
2001-08-22,-0.453,-0.4523,-0.4539,-0.4523,37452600.0
2001-08-23,-0.4524,-0.452,-0.4531,-0.4529,25339800.0
2001-08-24,-0.4526,-0.4515,-0.4528,-0.4521,27773400.0
2001-08-27,-0.4528,-0.4507,-0.4529,-0.4511,31990200.0
2001-08-28,-0.4512,-0.4505,-0.4517,-0.4515,29469000.0
2001-08-29,-0.4514,-0.4512,-0.4527,-0.4525,35895000.0
2001-08-30,-0.453,-0.4524,-0.4537,-0.4526,35782800.0
2001-08-31,-0.4527,-0.4521,-0.4531,-0.4523,22197600.0
2001-09-04,-0.4524,-0.4524,-0.4546,-0.4543,46403400.0
2001-09-05,-0.4544,-0.4536,-0.4555,-0.4538,59889600.0
2001-09-06,-0.4543,-0.4535,-0.4551,-0.4549,48769200.0
2001-09-07,-0.4554,-0.4542,-0.4555,-0.4546,49256400.0
2001-09-10,-0.4549,-0.4545,-0.456,-0.4554,46809000.0
2001-09-17,-0.383,-0.3806,-0.3877,-0.3872,28464900.0
2001-09-18,-0.3854,-0.3847,-0.3951,-0.393,22359300.0
2001-09-19,-0.3925,-0.3914,-0.4066,-0.3941,39047700.0
2001-09-20,-0.3987,-0.3966,-0.4039,-0.4015,36767400.0
2001-09-21,-0.4077,-0.4032,-0.4095,-0.4068,30657600.0
2001-09-24,-0.4008,-0.3972,-0.4044,-0.3984,37687500.0
2001-09-25,-0.3981,-0.3945,-0.4019,-0.4017,23543100.0
2001-09-26,-0.4006,-0.4003,-0.4053,-0.4045,10770300.0
2001-09-27,-0.4048,-0.4039,-0.4108,-0.4088,22682400.0
2001-09-28,-0.4067,-0.4017,-0.4099,-0.4054,26121900.0
2001-10-01,-0.4055,-0.4042,-0.4131,-0.4119,24320100.0
2001-10-02,-0.412,-0.4092,-0.4187,-0.4154,28075800.0
2001-10-03,-0.4157,-0.3981,-0.4157,-0.4023,44970600.0
2001-10-04,-0.3981,-0.3878,-0.401,-0.392,49514400.0
2001-10-05,-0.3933,-0.3881,-0.3967,-0.3903,26955300.0
2001-10-08,-0.3939,-0.3847,-0.3939,-0.3882,19147500.0
2001-10-09,-0.388,-0.3862,-0.395,-0.3923,22938900.0
2001-10-10,-0.3939,-0.3858,-0.3945,-0.3866,24203100.0
2001-10-11,-0.3815,-0.376,-0.382,-0.3762,22950000.0
2001-10-12,-0.3789,-0.3692,-0.3792,-0.3694,31327500.0
2001-10-15,-0.3727,-0.3664,-0.3757,-0.3699,22714200.0
2001-10-16,-0.37,-0.3573,-0.3723,-0.3587,34596300.0
2001-10-17,-0.3559,-0.3558,-0.3664,-0.3658,42388500.0
2001-10-18,-0.3661,-0.3598,-0.3662,-0.361,25521600.0
2001-10-19,-0.3627,-0.3567,-0.3642,-0.3585,26481600.0
2001-10-22,-0.3593,-0.3539,-0.3621,-0.3556,24270600.0
2001-10-23,-0.3539,-0.3517,-0.3606,-0.3577,23825700.0
2001-10-24,-0.36,-0.352,-0.3614,-0.3523,30303600.0
2001-10-25,-0.3553,-0.3424,-0.3572,-0.3447,28809900.0
2001-10-26,-0.3457,-0.3416,-0.3553,-0.3545,27428100.0
2001-10-29,-0.3541,-0.3518,-0.3653,-0.3648,25119900.0
2001-10-30,-0.367,-0.3597,-0.3696,-0.365,28834500.0
2001-10-31,-0.3607,-0.3574,-0.3643,-0.3627,24732300.0
2001-11-01,-0.3611,-0.3515,-0.3629,-0.3525,27344400.0
2001-11-02,-0.3531,-0.3491,-0.3578,-0.3507,27181200.0
2001-11-05,-0.3484,-0.3447,-0.3522,-0.3502,23336400.0
2001-11-06,-0.3504,-0.3405,-0.3512,-0.3412,35384400.0
2001-11-07,-0.3422,-0.3357,-0.3431,-0.341,35478600.0
2001-11-08,-0.3392,-0.3374,-0.3477,-0.3435,47879700.0
2001-11-09,-0.3375,-0.3337,-0.34,-0.3339,56762100.0
2001-11-12,-0.3358,-0.3262,-0.3389,-0.3299,36465900.0
2001-11-13,-0.3294,-0.3294,-0.3333,-0.3312,36162900.0
2001-11-14,-0.3301,-0.3286,-0.3394,-0.3353,28755600.0
2001-11-15,-0.337,-0.3326,-0.3388,-0.3346,21873600.0
2001-11-16,-0.3344,-0.3329,-0.3378,-0.3358,12403200.0
2001-11-19,-0.3344,-0.3331,-0.347,-0.3391,48576300.0
2001-11-20,-0.3383,-0.3358,-0.3447,-0.3431,23447100.0
2001-11-21,-0.3454,-0.3412,-0.3489,-0.3448,18210300.0
2001-11-23,-0.3443,-0.3427,-0.3467,-0.3429,6350400.0
2001-11-26,-0.3406,-0.3328,-0.341,-0.333,30394500.0
2001-11-27,-0.3331,-0.3281,-0.3358,-0.3314,29599800.0
2001-11-28,-0.3333,-0.3308,-0.3393,-0.339,18521100.0
2001-11-29,-0.3287,-0.3278,-0.3344,-0.3327,128386800.0
2001-11-30,-0.3328,-0.3288,-0.335,-0.3299,25850700.0
2001-12-03,-0.3331,-0.3312,-0.3348,-0.3322,21287400.0
2001-12-04,-0.3314,-0.32,-0.3314,-0.3202,34616100.0
2001-12-05,-0.3189,-0.3068,-0.319,-0.3072,42675900.0
2001-12-06,-0.3085,-0.308,-0.3142,-0.3099,28473600.0
2001-12-07,-0.3112,-0.3096,-0.3181,-0.3152,20175900.0
2001-12-10,-0.316,-0.3097,-0.3173,-0.3135,17396700.0
2001-12-11,-0.3105,-0.3035,-0.3122,-0.3074,19806300.0
2001-12-12,-0.3061,-0.3019,-0.3095,-0.302,25115700.0
2001-12-13,-0.3056,-0.3033,-0.3078,-0.3072,22035000.0
2001-12-14,-0.3069,-0.2985,-0.308,-0.2993,18867000.0
2001-12-17,-0.3007,-0.2902,-0.3007,-0.2927,27024000.0
2001-12-18,-0.2969,-0.2943,-0.2992,-0.2977,22174200.0
2001-12-19,-0.3007,-0.297,-0.3033,-0.3027,21366300.0
2001-12-20,-0.3019,-0.2987,-0.3103,-0.3097,23780700.0
2001-12-21,-0.306,-0.3011,-0.308,-0.3022,18099300.0
2001-12-24,-0.3023,-0.2969,-0.3024,-0.2978,6632700.0
2001-12-26,-0.2969,-0.2902,-0.2969,-0.2933,16053900.0
2001-12-27,-0.2917,-0.2881,-0.2919,-0.2889,18253800.0
2001-12-28,-0.2877,-0.2865,-0.2954,-0.2936,18942000.0
2001-12-31,-0.2922,-0.2911,-0.2962,-0.2958,18439500.0
2002-01-02,-0.295,-0.2915,-0.2997,-0.2947,32472600.0
2002-01-03,-0.2943,-0.2817,-0.2944,-0.2824,35368800.0
2002-01-04,-0.2798,-0.2798,-0.2917,-0.2882,23407200.0
2002-01-07,-0.2875,-0.2872,-0.2961,-0.2935,24326700.0
2002-01-08,-0.2938,-0.2867,-0.2945,-0.2912,19359000.0
2002-01-09,-0.2886,-0.2851,-0.2965,-0.2938,28529700.0
2002-01-10,-0.2948,-0.2923,-0.3,-0.2983,24812700.0
2002-01-11,-0.2972,-0.2971,-0.3072,-0.3065,34521300.0
2002-01-14,-0.3068,-0.3057,-0.3159,-0.3157,34239000.0
2002-01-15,-0.3087,-0.2997,-0.3089,-0.3002,45970200.0
2002-01-16,-0.3027,-0.3015,-0.3079,-0.3072,27884700.0
2002-01-17,-0.3015,-0.3011,-0.308,-0.3012,28038600.0
2002-01-18,-0.3079,-0.3032,-0.3081,-0.3044,20091900.0
2002-01-22,-0.3027,-0.3023,-0.3109,-0.3089,27125700.0
2002-01-23,-0.3073,-0.3044,-0.3107,-0.3057,22229100.0
2002-01-24,-0.3039,-0.2975,-0.3077,-0.2993,28442100.0
2002-01-25,-0.3019,-0.2952,-0.3042,-0.2998,20443800.0
2002-01-28,-0.2962,-0.2927,-0.2981,-0.2928,23107200.0
2002-01-29,-0.2923,-0.2918,-0.305,-0.3021,34548300.0
2002-01-30,-0.3011,-0.2997,-0.3054,-0.2999,30461400.0
2002-01-31,-0.2975,-0.2961,-0.3052,-0.2991,24349500.0
2002-02-01,-0.2993,-0.2974,-0.3046,-0.3035,17206800.0
2002-02-04,-0.3039,-0.2996,-0.3122,-0.3119,27621600.0
2002-02-05,-0.3131,-0.3116,-0.3202,-0.3136,36865500.0
2002-02-06,-0.3091,-0.3064,-0.3125,-0.3094,31063200.0
2002-02-07,-0.3092,-0.3079,-0.3157,-0.315,24111900.0
2002-02-08,-0.3138,-0.3129,-0.3277,-0.3213,46782300.0
2002-02-11,-0.3216,-0.3122,-0.3222,-0.3125,31230600.0
2002-02-12,-0.315,-0.3057,-0.3169,-0.3089,30412500.0
2002-02-13,-0.3067,-0.3037,-0.3127,-0.3111,30760800.0
2002-02-14,-0.3097,-0.3054,-0.3118,-0.309,30642300.0
2002-02-15,-0.3169,-0.316,-0.324,-0.3223,99713696.0
2002-02-19,-0.3296,-0.3276,-0.3342,-0.3329,49313100.0
2002-02-20,-0.3356,-0.3235,-0.3358,-0.3252,45968400.0
2002-02-21,-0.3272,-0.3272,-0.336,-0.3358,38276100.0
2002-02-22,-0.3387,-0.3371,-0.3449,-0.343,64640400.0
2002-02-25,-0.3424,-0.3311,-0.3424,-0.3322,39989100.0
2002-02-26,-0.3288,-0.3262,-0.3329,-0.3289,47566800.0
2002-02-27,-0.3254,-0.3247,-0.3344,-0.334,43080600.0
2002-02-28,-0.335,-0.3323,-0.3412,-0.34,39636000.0
2002-03-01,-0.3386,-0.3247,-0.339,-0.3262,32784900.0
2002-03-04,-0.3258,-0.3158,-0.3273,-0.3176,37118100.0
2002-03-05,-0.3202,-0.3137,-0.3202,-0.318,34486200.0
2002-03-06,-0.3229,-0.3213,-0.3266,-0.3232,36151500.0
2002-03-07,-0.3209,-0.3204,-0.3288,-0.3244,33663300.0
2002-03-08,-0.3214,-0.3164,-0.3222,-0.3197,31758900.0
2002-03-11,-0.3219,-0.3197,-0.3243,-0.3217,20263500.0
2002-03-12,-0.3265,-0.3257,-0.3311,-0.33,31375800.0
2002-03-13,-0.3314,-0.3303,-0.3333,-0.3327,25790400.0
2002-03-14,-0.3339,-0.3334,-0.3413,-0.341,28486500.0
2002-03-15,-0.34,-0.3349,-0.3427,-0.3351,31207200.0
2002-03-18,-0.3324,-0.3292,-0.3367,-0.3351,30924900.0
2002-03-19,-0.334,-0.3337,-0.3391,-0.3382,21151800.0
2002-03-20,-0.3406,-0.3402,-0.3529,-0.3525,57314700.0
2002-03-21,-0.3502,-0.3441,-0.3537,-0.3456,43042800.0
2002-03-22,-0.3433,-0.3432,-0.3478,-0.3467,31228500.0
2002-03-25,-0.3474,-0.3472,-0.3539,-0.3537,22104000.0
2002-03-26,-0.3551,-0.3478,-0.3558,-0.3512,28087800.0
2002-03-27,-0.3532,-0.3505,-0.3575,-0.3553,26700300.0
2002-03-28,-0.3544,-0.3537,-0.3654,-0.3585,78102000.0
2002-04-01,-0.3653,-0.3596,-0.369,-0.3605,59133600.0
2002-04-02,-0.3642,-0.3576,-0.3643,-0.3637,35950200.0
2002-04-03,-0.3632,-0.3599,-0.3656,-0.3614,27366000.0
2002-04-04,-0.3623,-0.3579,-0.364,-0.362,28274100.0
2002-04-05,-0.3612,-0.3593,-0.366,-0.3647,25672500.0
2002-04-08,-0.3702,-0.3606,-0.3702,-0.3608,28782900.0
2002-04-09,-0.3597,-0.3587,-0.3698,-0.3685,34519200.0
2002-04-10,-0.3676,-0.3667,-0.3828,-0.3747,92243104.0
2002-04-11,-0.3756,-0.3742,-0.3806,-0.3794,35932200.0
2002-04-12,-0.3772,-0.3763,-0.383,-0.3798,34422000.0
2002-04-15,-0.3778,-0.3739,-0.3781,-0.3757,28930200.0
2002-04-16,-0.3709,-0.3678,-0.3732,-0.3711,21371400.0
2002-04-17,-0.3697,-0.3682,-0.3732,-0.3697,23612100.0
2002-04-18,-0.3709,-0.3697,-0.3749,-0.3717,17328900.0
2002-04-19,-0.3753,-0.3741,-0.3793,-0.3792,28141800.0
2002-04-22,-0.3802,-0.3766,-0.3803,-0.3787,20204400.0
2002-04-23,-0.3778,-0.3767,-0.3837,-0.3828,19337700.0
2002-04-24,-0.3817,-0.3802,-0.3917,-0.3915,39573900.0
2002-04-25,-0.3918,-0.3862,-0.3918,-0.388,29207400.0
2002-04-26,-0.3869,-0.3868,-0.3975,-0.3973,29778000.0
2002-04-29,-0.3872,-0.3818,-0.3905,-0.3832,98271296.0
2002-04-30,-0.3809,-0.3796,-0.3871,-0.385,44412600.0
2002-05-01,-0.3866,-0.3819,-0.3891,-0.3832,42972600.0
2002-05-02,-0.3827,-0.3803,-0.3876,-0.3872,28127100.0
2002-05-03,-0.3871,-0.3864,-0.3912,-0.3907,21318900.0
2002-05-06,-0.3931,-0.3889,-0.3949,-0.3942,27551100.0
2002-05-07,-0.3922,-0.3904,-0.3964,-0.392,35311200.0
2002-05-08,-0.3859,-0.3802,-0.3889,-0.3817,42217200.0
2002-05-09,-0.382,-0.3799,-0.3863,-0.386,30771000.0
2002-05-10,-0.384,-0.3837,-0.3942,-0.3932,33038700.0
2002-05-13,-0.3922,-0.3875,-0.393,-0.3877,20022300.0
2002-05-14,-0.3817,-0.3774,-0.3835,-0.3784,38152800.0
2002-05-15,-0.38,-0.3745,-0.3814,-0.3764,37613700.0
2002-05-16,-0.3764,-0.3741,-0.3785,-0.3762,24639000.0
2002-05-17,-0.3733,-0.3726,-0.3761,-0.3729,23360100.0
2002-05-20,-0.3738,-0.371,-0.3743,-0.3717,23835300.0
2002-05-21,-0.3703,-0.3687,-0.3803,-0.3801,34565100.0
2002-05-22,-0.3793,-0.3741,-0.3795,-0.376,38699700.0
2002-05-23,-0.3757,-0.3755,-0.3856,-0.3824,63919500.0
2002-05-24,-0.3843,-0.3838,-0.3867,-0.3844,18444600.0
2002-05-28,-0.3835,-0.3835,-0.3902,-0.3882,34177200.0
2002-05-29,-0.3897,-0.3843,-0.3912,-0.3847,32775300.0
2002-05-30,-0.3867,-0.3838,-0.3886,-0.3862,26652000.0
2002-05-31,-0.3856,-0.3852,-0.3889,-0.3887,16852800.0
2002-06-03,-0.391,-0.3906,-0.3953,-0.3942,22531200.0
2002-06-04,-0.3947,-0.3893,-0.3949,-0.3898,27385800.0
2002-06-05,-0.3896,-0.3896,-0.3943,-0.3912,27857700.0
2002-06-06,-0.3921,-0.3899,-0.3937,-0.3911,18483900.0
2002-06-07,-0.3985,-0.3908,-0.3985,-0.392,34282500.0
2002-06-10,-0.3907,-0.3882,-0.3929,-0.3927,18728700.0
2002-06-11,-0.3912,-0.3908,-0.3969,-0.3967,21482700.0
2002-06-12,-0.3987,-0.3972,-0.4077,-0.4041,56688600.0
2002-06-13,-0.4035,-0.4021,-0.4073,-0.4049,31647300.0
2002-06-14,-0.4077,-0.4028,-0.4102,-0.4034,27911100.0
2002-06-17,-0.4017,-0.4007,-0.4041,-0.4027,26353500.0
2002-06-18,-0.4037,-0.4009,-0.4047,-0.4032,25207500.0
2002-06-19,-0.407,-0.407,-0.4161,-0.4155,64840500.0
2002-06-20,-0.4153,-0.4135,-0.4169,-0.4161,35626200.0
2002-06-21,-0.4164,-0.4139,-0.4201,-0.4187,37109100.0
2002-06-24,-0.4204,-0.4157,-0.4222,-0.4176,34489800.0
2002-06-25,-0.4164,-0.4164,-0.4233,-0.4229,29305800.0
2002-06-26,-0.4296,-0.424,-0.431,-0.426,51695700.0
2002-06-27,-0.4239,-0.4235,-0.4351,-0.4342,79570200.0
2002-06-28,-0.4351,-0.432,-0.4361,-0.434,49779600.0
2002-07-01,-0.4342,-0.4328,-0.4351,-0.4341,29109300.0
2002-07-02,-0.4347,-0.4345,-0.4383,-0.4371,34204500.0
2002-07-03,-0.4374,-0.4332,-0.4374,-0.4332,26832600.0
2002-07-05,-0.4297,-0.4289,-0.4312,-0.4292,18488100.0
2002-07-08,-0.4296,-0.4255,-0.4297,-0.4274,39679500.0
2002-07-09,-0.4272,-0.4266,-0.4312,-0.4301,26877000.0
2002-07-10,-0.4288,-0.4284,-0.4318,-0.4315,23174700.0
2002-07-11,-0.4317,-0.4262,-0.4322,-0.4263,28598700.0
2002-07-12,-0.4234,-0.4232,-0.4276,-0.4264,33622500.0
2002-07-15,-0.4262,-0.4207,-0.4287,-0.4209,37381800.0
2002-07-16,-0.4224,-0.4168,-0.4235,-0.4226,44335800.0
2002-07-17,-0.4238,-0.4227,-0.4299,-0.4276,48059100.0
2002-07-18,-0.4285,-0.4253,-0.4302,-0.429,31079700.0
2002-07-19,-0.4306,-0.4286,-0.4317,-0.4313,21144300.0
2002-07-22,-0.4316,-0.4302,-0.4357,-0.4337,32268600.0
2002-07-23,-0.4334,-0.4331,-0.4389,-0.4372,35241300.0
2002-07-24,-0.4379,-0.4337,-0.4379,-0.4344,29377500.0
2002-07-25,-0.4362,-0.4362,-0.4414,-0.4399,44911200.0
2002-07-26,-0.4387,-0.4377,-0.442,-0.4408,30547500.0
2002-07-29,-0.4392,-0.4389,-0.4411,-0.4397,30693000.0
2002-07-30,-0.4399,-0.4346,-0.4401,-0.4367,45450300.0
2002-07-31,-0.4489,-0.4482,-0.4515,-0.451,120928496.0
2002-08-01,-0.4507,-0.4507,-0.4539,-0.4539,43142700.0
2002-08-02,-0.453,-0.4528,-0.4565,-0.4557,44881500.0
2002-08-05,-0.4562,-0.4561,-0.4582,-0.4578,33267900.0
2002-08-06,-0.4567,-0.4557,-0.4572,-0.4566,29220000.0
2002-08-07,-0.4555,-0.4541,-0.4582,-0.4572,22324500.0
2002-08-08,-0.4569,-0.4552,-0.4576,-0.4556,18885600.0
2002-08-09,-0.4562,-0.4553,-0.4567,-0.4562,14532600.0
2002-08-12,-0.4565,-0.4552,-0.4572,-0.4562,14820000.0
2002-08-13,-0.456,-0.4547,-0.4567,-0.4567,16360500.0
2002-08-14,-0.4562,-0.4547,-0.4565,-0.455,15817200.0
2002-08-15,-0.454,-0.4526,-0.4542,-0.4532,28503000.0
2002-08-16,-0.4547,-0.451,-0.4555,-0.452,41435700.0
2002-08-19,-0.4507,-0.4443,-0.4508,-0.4466,56098200.0
2002-08-20,-0.4463,-0.4456,-0.4486,-0.4482,35737200.0
2002-08-21,-0.4466,-0.4459,-0.4482,-0.4463,29871900.0
2002-08-22,-0.4474,-0.446,-0.4477,-0.4476,33962400.0
2002-08-23,-0.4485,-0.4483,-0.45,-0.4498,22998300.0
2002-08-26,-0.4492,-0.449,-0.4511,-0.4496,17464200.0
2002-08-27,-0.449,-0.4488,-0.4516,-0.4514,17167800.0
2002-08-28,-0.4516,-0.4515,-0.4534,-0.4532,17508900.0
2002-08-29,-0.4537,-0.4516,-0.4539,-0.4529,20388000.0
2002-08-30,-0.4532,-0.452,-0.4542,-0.4537,26647200.0
2002-09-03,-0.455,-0.4544,-0.4558,-0.4554,21182100.0
2002-09-04,-0.4553,-0.4546,-0.4567,-0.4556,23263800.0
2002-09-05,-0.4558,-0.4557,-0.4567,-0.4566,17857800.0
2002-09-06,-0.4555,-0.4552,-0.4564,-0.456,18661500.0
2002-09-09,-0.4562,-0.4552,-0.457,-0.4561,14451000.0
2002-09-10,-0.4562,-0.451,-0.4562,-0.4523,57940800.0
2002-09-11,-0.4514,-0.4487,-0.4514,-0.4509,41438400.0
2002-09-12,-0.4517,-0.45,-0.4522,-0.4519,32373300.0
2002-09-13,-0.4522,-0.4507,-0.4526,-0.4523,19921800.0
2002-09-16,-0.4528,-0.4527,-0.4549,-0.4542,23136600.0
2002-09-17,-0.453,-0.4523,-0.4548,-0.4547,22101300.0
2002-09-18,-0.4551,-0.4546,-0.4562,-0.4554,20292300.0
2002-09-19,-0.456,-0.4551,-0.4565,-0.4563,15462300.0
2002-09-20,-0.4561,-0.4556,-0.4567,-0.4562,17182800.0
2002-09-23,-0.4566,-0.4563,-0.4574,-0.4572,13041900.0
2002-09-24,-0.4576,-0.4559,-0.458,-0.4571,15611100.0
2002-09-25,-0.4557,-0.4552,-0.4567,-0.4557,22415400.0
2002-09-26,-0.4552,-0.4549,-0.4575,-0.4571,18489000.0
2002-09-27,-0.4572,-0.4565,-0.458,-0.458,16267200.0
2002-09-30,-0.4581,-0.4569,-0.4586,-0.458,14603100.0
2002-10-01,-0.4577,-0.4565,-0.4587,-0.4567,22209000.0
2002-10-02,-0.4565,-0.4552,-0.4567,-0.4567,18727500.0
2002-10-03,-0.457,-0.4566,-0.458,-0.4579,14764200.0
2002-10-04,-0.458,-0.4572,-0.4595,-0.4592,13244700.0
2002-10-07,-0.4594,-0.459,-0.4604,-0.4602,12326700.0
2002-10-08,-0.4595,-0.4595,-0.4617,-0.4609,17856300.0
2002-10-09,-0.4612,-0.4598,-0.4617,-0.4612,14328300.0
2002-10-10,-0.4615,-0.4596,-0.4615,-0.4602,13450800.0
2002-10-11,-0.4594,-0.4569,-0.4595,-0.4572,24853500.0
2002-10-14,-0.458,-0.4572,-0.4585,-0.458,15287100.0
2002-10-15,-0.4553,-0.4544,-0.4578,-0.4555,21319200.0
2002-10-16,-0.4573,-0.4571,-0.4582,-0.4577,14453100.0
2002-10-17,-0.4557,-0.4547,-0.4562,-0.4559,14644800.0
2002-10-18,-0.456,-0.4553,-0.457,-0.4557,12459300.0
2002-10-21,-0.456,-0.4523,-0.4566,-0.4532,23265600.0
2002-10-22,-0.4546,-0.4506,-0.4546,-0.4523,31804200.0
2002-10-23,-0.4518,-0.4507,-0.4522,-0.4511,23135700.0
2002-10-24,-0.4505,-0.4502,-0.4531,-0.4527,26379300.0
2002-10-25,-0.4526,-0.4507,-0.4529,-0.4509,18648900.0
2002-10-28,-0.4495,-0.4492,-0.4509,-0.4507,26763600.0
2002-10-29,-0.4507,-0.4504,-0.4537,-0.4521,19318200.0
2002-10-30,-0.4512,-0.4495,-0.4512,-0.4505,28487400.0
2002-10-31,-0.4502,-0.4484,-0.4503,-0.4487,31386900.0
2002-11-01,-0.4492,-0.4421,-0.4492,-0.4426,53220900.0
2002-11-04,-0.4402,-0.4358,-0.4403,-0.4382,67203296.0
2002-11-05,-0.4387,-0.4377,-0.4418,-0.4399,50863500.0
2002-11-06,-0.4386,-0.4367,-0.4402,-0.4367,41150400.0
2002-11-07,-0.4379,-0.4379,-0.4417,-0.4413,41514000.0
2002-11-08,-0.4476,-0.4455,-0.4512,-0.4502,94972496.0
2002-11-11,-0.4517,-0.4512,-0.4533,-0.4526,34461300.0
2002-11-12,-0.4519,-0.4489,-0.4522,-0.45,34529700.0
2002-11-13,-0.4507,-0.4481,-0.4514,-0.449,45052800.0
2002-11-14,-0.4468,-0.4462,-0.4479,-0.4468,28468200.0
2002-11-15,-0.4451,-0.4431,-0.4455,-0.4443,51358200.0
2002-11-18,-0.4413,-0.4412,-0.4431,-0.4429,49561800.0
2002-11-19,-0.4432,-0.4404,-0.4436,-0.4423,49298700.0
2002-11-20,-0.4412,-0.4401,-0.4417,-0.4404,32319900.0
2002-11-21,-0.4387,-0.4348,-0.4387,-0.4369,51348000.0
2002-11-22,-0.4396,-0.4372,-0.4401,-0.4381,31297500.0
2002-11-25,-0.436,-0.4353,-0.4378,-0.4365,30752100.0
2002-11-26,-0.4363,-0.4353,-0.4378,-0.4377,27108300.0
2002-11-27,-0.4358,-0.4335,-0.4364,-0.4342,27213900.0
2002-11-29,-0.433,-0.4323,-0.4345,-0.4342,12984900.0
2002-12-02,-0.4317,-0.431,-0.4347,-0.4345,29187600.0
2002-12-03,-0.4354,-0.4352,-0.4377,-0.4376,26155500.0
2002-12-04,-0.4404,-0.4401,-0.443,-0.4429,55163700.0
2002-12-05,-0.4404,-0.4401,-0.4435,-0.4425,39871800.0
2002-12-06,-0.4442,-0.4417,-0.4448,-0.4425,28980600.0
2002-12-09,-0.4437,-0.4432,-0.4459,-0.4456,24244800.0
2002-12-10,-0.4447,-0.4418,-0.4452,-0.4426,34747200.0
2002-12-11,-0.4428,-0.4417,-0.4442,-0.4428,34105200.0
2002-12-12,-0.4413,-0.4409,-0.4435,-0.4434,32563800.0
2002-12-13,-0.4442,-0.4442,-0.4452,-0.4449,17693100.0
2002-12-16,-0.4437,-0.4426,-0.4446,-0.4427,26424300.0
2002-12-17,-0.4421,-0.4407,-0.4432,-0.4428,26943600.0
2002-12-18,-0.4441,-0.444,-0.4459,-0.4458,28170900.0
2002-12-19,-0.4464,-0.4446,-0.4469,-0.4466,27515100.0
2002-12-20,-0.4464,-0.4451,-0.4478,-0.4461,20114400.0
2002-12-23,-0.4462,-0.445,-0.4463,-0.4458,12466200.0
2002-12-24,-0.4457,-0.4449,-0.4467,-0.4466,7508400.0
2002-12-26,-0.446,-0.4455,-0.4475,-0.4472,17994000.0
2002-12-27,-0.4473,-0.4462,-0.4488,-0.4485,17563200.0
2002-12-30,-0.4484,-0.448,-0.4504,-0.4497,19618500.0
2002-12-31,-0.45,-0.4489,-0.4507,-0.4497,20634900.0
2003-01-02,-0.4484,-0.4472,-0.4495,-0.4475,32563500.0
2003-01-03,-0.4474,-0.4463,-0.4481,-0.4475,25937400.0
2003-01-06,-0.4467,-0.4442,-0.4467,-0.4447,25835700.0
2003-01-07,-0.444,-0.4432,-0.4452,-0.4448,37456800.0
2003-01-08,-0.4458,-0.4447,-0.4487,-0.4485,46313100.0
2003-01-09,-0.4476,-0.4472,-0.4482,-0.4479,35901900.0
2003-01-10,-0.4484,-0.4468,-0.4488,-0.4473,23112300.0
2003-01-13,-0.4461,-0.4457,-0.4478,-0.4477,21228000.0
2003-01-14,-0.4475,-0.4471,-0.4484,-0.4474,21713100.0
2003-01-15,-0.4473,-0.4471,-0.4484,-0.4484,22614600.0
2003-01-16,-0.4487,-0.4485,-0.4512,-0.4507,50999400.0
2003-01-17,-0.4517,-0.4511,-0.4522,-0.4518,26470800.0
2003-01-21,-0.4513,-0.4507,-0.4527,-0.4526,24183900.0
2003-01-22,-0.4527,-0.4518,-0.4527,-0.4526,13774800.0
2003-01-23,-0.4518,-0.4513,-0.4526,-0.4517,22961400.0
2003-01-24,-0.452,-0.4519,-0.454,-0.4535,22427700.0
2003-01-27,-0.4541,-0.4527,-0.4546,-0.4539,22227900.0
2003-01-28,-0.4542,-0.4523,-0.4552,-0.4529,44637000.0
2003-01-29,-0.4537,-0.4521,-0.4537,-0.4523,25551000.0
2003-01-30,-0.4517,-0.4515,-0.4538,-0.4535,18576600.0
2003-01-31,-0.4543,-0.4522,-0.4546,-0.4531,23741400.0
2003-02-03,-0.4525,-0.4519,-0.4531,-0.4525,18888900.0
2003-02-04,-0.4527,-0.4526,-0.4542,-0.4538,15693000.0
2003-02-05,-0.4532,-0.4524,-0.4537,-0.4536,14537700.0
2003-02-06,-0.4516,-0.4516,-0.4538,-0.4533,30654600.0
2003-02-07,-0.4527,-0.4527,-0.4547,-0.4546,22878900.0
2003-02-10,-0.4547,-0.4541,-0.4558,-0.4542,24565800.0
2003-02-11,-0.4541,-0.4532,-0.4549,-0.4547,21267900.0
2003-02-12,-0.4547,-0.4537,-0.455,-0.4547,16035000.0
2003-02-13,-0.4542,-0.4541,-0.4549,-0.4543,22229100.0
2003-02-14,-0.4506,-0.4482,-0.4513,-0.4482,88721104.0
2003-02-18,-0.447,-0.4457,-0.4474,-0.4463,43512900.0
2003-02-19,-0.4466,-0.4458,-0.447,-0.446,28530300.0
2003-02-20,-0.4459,-0.4449,-0.4462,-0.446,24453300.0
2003-02-21,-0.4461,-0.4459,-0.4472,-0.446,22831500.0
2003-02-24,-0.4463,-0.4442,-0.4465,-0.4456,28425300.0
2003-02-25,-0.4467,-0.4456,-0.4472,-0.4457,30980100.0
2003-02-26,-0.4462,-0.4457,-0.4477,-0.4475,18672300.0
2003-02-27,-0.4472,-0.4467,-0.4477,-0.4468,16882800.0
2003-02-28,-0.4479,-0.4466,-0.4489,-0.4467,41333400.0
2003-03-03,-0.4462,-0.4456,-0.4477,-0.4472,17550900.0
2003-03-04,-0.4472,-0.4468,-0.4478,-0.4475,13459800.0
2003-03-05,-0.4478,-0.4467,-0.4479,-0.447,13053900.0
2003-03-06,-0.4472,-0.4469,-0.4477,-0.4476,13701600.0
2003-03-07,-0.4481,-0.4469,-0.4484,-0.447,14528700.0
2003-03-10,-0.4474,-0.4472,-0.4481,-0.448,8619900.0
2003-03-11,-0.4477,-0.4472,-0.4481,-0.4477,10428600.0
2003-03-12,-0.4475,-0.4467,-0.4477,-0.4468,12348000.0
2003-03-13,-0.4457,-0.4431,-0.4459,-0.4433,34068300.0
2003-03-14,-0.4432,-0.4428,-0.4447,-0.4444,27355500.0
2003-03-17,-0.4451,-0.4415,-0.4452,-0.4422,32695200.0
2003-03-18,-0.4424,-0.442,-0.4434,-0.4426,23307000.0
2003-03-19,-0.4425,-0.442,-0.4437,-0.4424,17824800.0
2003-03-20,-0.4423,-0.4412,-0.4434,-0.442,19501500.0
2003-03-21,-0.4407,-0.4405,-0.4442,-0.4424,42045000.0
2003-03-24,-0.444,-0.4428,-0.4442,-0.4438,20975400.0
2003-03-25,-0.4437,-0.4422,-0.4439,-0.4427,16820700.0
2003-03-26,-0.4419,-0.441,-0.4422,-0.4417,27696000.0
2003-03-27,-0.4422,-0.4414,-0.443,-0.4428,34818300.0
2003-03-28,-0.4428,-0.4427,-0.445,-0.4444,32267100.0
2003-03-31,-0.4456,-0.4451,-0.4462,-0.4459,17012700.0
2003-04-01,-0.4452,-0.4445,-0.446,-0.4449,13345200.0
2003-04-02,-0.4436,-0.4429,-0.4442,-0.4435,19297500.0
2003-04-03,-0.4428,-0.4428,-0.4438,-0.443,17569500.0
2003-04-04,-0.4429,-0.4428,-0.4447,-0.4445,12846000.0
2003-04-07,-0.442,-0.4417,-0.4445,-0.4442,16781400.0
2003-04-08,-0.4438,-0.4436,-0.4447,-0.4445,11875800.0
2003-04-09,-0.4443,-0.4433,-0.4447,-0.4447,17356500.0
2003-04-10,-0.4442,-0.4442,-0.4448,-0.4445,9102600.0
2003-04-11,-0.4441,-0.4437,-0.4452,-0.4449,9354600.0
2003-04-14,-0.4455,-0.4442,-0.4456,-0.4442,11144400.0
2003-04-15,-0.4445,-0.444,-0.4454,-0.4445,12255300.0
2003-04-16,-0.4436,-0.4435,-0.4447,-0.4445,16799700.0
2003-04-17,-0.4442,-0.4437,-0.445,-0.4438,13018500.0
2003-04-21,-0.4437,-0.4427,-0.4441,-0.4428,14928600.0
2003-04-22,-0.443,-0.4423,-0.4437,-0.4423,19684800.0
2003-04-23,-0.4424,-0.4412,-0.4427,-0.4414,15155100.0
2003-04-24,-0.4414,-0.4414,-0.4432,-0.4427,16522800.0
2003-04-25,-0.4428,-0.4422,-0.4444,-0.4441,22116300.0
2003-04-28,-0.4437,-0.4422,-0.4441,-0.4429,16874700.0
2003-04-29,-0.4421,-0.4412,-0.4423,-0.4417,16758600.0
2003-04-30,-0.442,-0.4409,-0.4422,-0.4421,11665500.0
2003-05-01,-0.4422,-0.4412,-0.4424,-0.4417,18334200.0
2003-05-02,-0.4412,-0.4372,-0.4413,-0.4376,42277200.0
2003-05-05,-0.4372,-0.4344,-0.4379,-0.4365,39404100.0
2003-05-06,-0.4366,-0.4352,-0.4375,-0.4364,28596600.0
2003-05-07,-0.4371,-0.436,-0.4379,-0.4372,22434300.0
2003-05-08,-0.4377,-0.4353,-0.4382,-0.4371,48936300.0
2003-05-09,-0.4294,-0.4219,-0.4309,-0.4223,230771392.0
2003-05-12,-0.4223,-0.4209,-0.4245,-0.424,75196496.0
2003-05-13,-0.4258,-0.4242,-0.4263,-0.4251,45602700.0
2003-05-14,-0.4249,-0.4242,-0.4259,-0.4252,24139500.0
2003-05-15,-0.4244,-0.4231,-0.4247,-0.4232,27641400.0
2003-05-16,-0.4237,-0.4217,-0.424,-0.4227,25722900.0
2003-05-19,-0.4234,-0.4229,-0.4267,-0.4265,30512100.0
2003-05-20,-0.4259,-0.4252,-0.4262,-0.4256,22103100.0
2003-05-21,-0.4256,-0.4236,-0.4259,-0.4237,22636800.0
2003-05-22,-0.4236,-0.4229,-0.4249,-0.4234,22220400.0
2003-05-23,-0.4234,-0.4222,-0.424,-0.4237,21690300.0
2003-05-27,-0.4243,-0.4184,-0.4255,-0.4186,41935200.0
2003-05-28,-0.4185,-0.4181,-0.4203,-0.4187,30888900.0
2003-05-29,-0.4189,-0.4123,-0.4189,-0.4145,57443400.0
2003-05-30,-0.408,-0.4077,-0.4099,-0.409,53557800.0
2003-06-02,-0.4072,-0.4071,-0.4135,-0.4131,39153600.0
2003-06-03,-0.4138,-0.4096,-0.4147,-0.4117,39920100.0
2003-06-04,-0.4118,-0.4099,-0.4129,-0.41,29390100.0
2003-06-05,-0.4107,-0.4077,-0.4118,-0.4079,30110100.0
2003-06-06,-0.405,-0.4047,-0.4107,-0.4102,34470900.0
2003-06-09,-0.4105,-0.4087,-0.4121,-0.411,18014700.0
2003-06-10,-0.411,-0.4099,-0.4118,-0.41,14082600.0
2003-06-11,-0.4107,-0.4093,-0.4117,-0.4099,23595900.0
2003-06-12,-0.4096,-0.4087,-0.4112,-0.411,26167200.0
2003-06-13,-0.4141,-0.4122,-0.417,-0.4165,45670200.0
2003-06-16,-0.4158,-0.4143,-0.4201,-0.4152,47621700.0
2003-06-17,-0.4136,-0.4131,-0.4156,-0.4136,24996300.0
2003-06-18,-0.4142,-0.4096,-0.4147,-0.4109,28051800.0
2003-06-19,-0.4107,-0.4102,-0.4156,-0.4152,29763300.0
2003-06-20,-0.4147,-0.4145,-0.417,-0.4159,23446200.0
2003-06-23,-0.416,-0.4157,-0.4196,-0.4182,18369600.0
2003-06-24,-0.4187,-0.4172,-0.4204,-0.4184,25220400.0
2003-06-25,-0.4182,-0.4157,-0.4185,-0.418,26515500.0
2003-06-26,-0.4178,-0.4171,-0.4198,-0.4179,24013500.0
2003-06-27,-0.4175,-0.4166,-0.4193,-0.4191,17727600.0
2003-06-30,-0.4182,-0.417,-0.4189,-0.4181,13603200.0
2003-07-01,-0.4189,-0.4154,-0.4195,-0.4155,24425400.0
2003-07-02,-0.4149,-0.414,-0.4166,-0.4157,21170700.0
2003-07-03,-0.4172,-0.4147,-0.4173,-0.4164,10522800.0
2003-07-07,-0.4155,-0.4117,-0.4156,-0.4122,20805000.0
2003-07-08,-0.4141,-0.412,-0.4142,-0.4129,15071400.0
2003-07-09,-0.4129,-0.4102,-0.4131,-0.4113,18883800.0
2003-07-10,-0.4137,-0.4127,-0.4154,-0.4142,16114200.0
2003-07-11,-0.4134,-0.413,-0.4144,-0.4138,12375000.0
2003-07-14,-0.412,-0.4117,-0.4147,-0.4144,17358600.0
2003-07-15,-0.4132,-0.4131,-0.4172,-0.4166,28586400.0
2003-07-16,-0.4153,-0.4151,-0.4189,-0.4174,22011900.0
2003-07-17,-0.4191,-0.4185,-0.4214,-0.4206,21344100.0
2003-07-18,-0.4219,-0.4216,-0.4248,-0.4227,32020800.0
2003-07-21,-0.4224,-0.4222,-0.4249,-0.4236,24628500.0
2003-07-22,-0.4218,-0.4215,-0.4229,-0.4226,14561100.0
2003-07-23,-0.4227,-0.4214,-0.4244,-0.4218,15133200.0
2003-07-24,-0.4207,-0.4202,-0.4247,-0.4242,27920700.0
2003-07-25,-0.4242,-0.4229,-0.4262,-0.4232,25052100.0
2003-07-28,-0.4227,-0.4226,-0.4252,-0.425,17593800.0
2003-07-29,-0.4302,-0.4257,-0.4307,-0.4287,69869696.0
2003-07-30,-0.4287,-0.4283,-0.4297,-0.4293,19718100.0
2003-07-31,-0.4282,-0.4273,-0.4292,-0.4287,22440000.0
2003-08-01,-0.4285,-0.4265,-0.4292,-0.4269,19188900.0
2003-08-04,-0.4272,-0.4239,-0.4273,-0.4249,35721300.0
2003-08-05,-0.4233,-0.4221,-0.4255,-0.4251,26587200.0
2003-08-06,-0.4257,-0.4251,-0.4287,-0.4273,25646700.0
2003-08-07,-0.4276,-0.4267,-0.4288,-0.4281,26008500.0
2003-08-08,-0.4357,-0.4356,-0.4393,-0.4387,94189504.0
2003-08-11,-0.438,-0.4357,-0.4382,-0.4363,41893800.0
2003-08-12,-0.4357,-0.4353,-0.4365,-0.4354,19104000.0
2003-08-13,-0.4352,-0.4343,-0.4364,-0.4351,17338800.0
2003-08-14,-0.4367,-0.436,-0.4372,-0.4367,38192400.0
2003-08-15,-0.437,-0.4366,-0.4372,-0.4368,5442900.0
2003-08-18,-0.4361,-0.4355,-0.4369,-0.4355,17942100.0
2003-08-19,-0.4345,-0.4317,-0.4345,-0.432,35099400.0
2003-08-20,-0.4329,-0.4317,-0.4337,-0.4327,21758700.0
2003-08-21,-0.4314,-0.4309,-0.4322,-0.4313,16118700.0
2003-08-22,-0.4282,-0.4276,-0.431,-0.431,25059900.0
2003-08-25,-0.4303,-0.43,-0.4317,-0.4312,10850700.0
2003-08-26,-0.4319,-0.4312,-0.4334,-0.4321,19224600.0
2003-08-27,-0.4318,-0.4301,-0.4322,-0.4306,14195400.0
2003-08-28,-0.4298,-0.4298,-0.4325,-0.4319,20707800.0
2003-08-29,-0.432,-0.431,-0.4322,-0.4312,13322100.0
2003-09-02,-0.4303,-0.4299,-0.4319,-0.4317,17786400.0
2003-09-03,-0.4309,-0.4308,-0.4329,-0.4327,21249300.0
2003-09-04,-0.4326,-0.431,-0.4328,-0.4322,18501600.0
2003-09-05,-0.4318,-0.4287,-0.4327,-0.4298,29968500.0
2003-09-08,-0.429,-0.4268,-0.4297,-0.4274,37717800.0
2003-09-09,-0.4289,-0.4221,-0.4297,-0.4241,62235900.0
2003-09-10,-0.4257,-0.4242,-0.4285,-0.4281,34515600.0
2003-09-11,-0.4273,-0.4257,-0.4309,-0.4287,65318400.0
2003-09-12,-0.4292,-0.4268,-0.4297,-0.428,29060100.0
2003-09-15,-0.4275,-0.4272,-0.4291,-0.4288,14900700.0
2003-09-16,-0.4287,-0.4271,-0.4287,-0.4272,15518400.0
2003-09-17,-0.4268,-0.4255,-0.4273,-0.4266,22569600.0
2003-09-18,-0.4269,-0.4262,-0.4275,-0.4262,15087300.0
2003-09-19,-0.4254,-0.4252,-0.4271,-0.4266,16202400.0
2003-09-22,-0.4277,-0.4276,-0.4292,-0.4287,18387600.0
2003-09-23,-0.4287,-0.428,-0.4294,-0.4282,15723300.0
2003-09-24,-0.4294,-0.4289,-0.4324,-0.4323,40016700.0
2003-09-25,-0.4318,-0.4311,-0.4332,-0.433,18419400.0
2003-09-26,-0.4332,-0.433,-0.4355,-0.4349,22397700.0
2003-09-29,-0.4372,-0.4357,-0.4381,-0.4374,48624900.0
2003-09-30,-0.4378,-0.4358,-0.438,-0.4373,25522200.0
2003-10-01,-0.4372,-0.4365,-0.4374,-0.437,21930600.0
2003-10-02,-0.4374,-0.4357,-0.4374,-0.4363,21440700.0
2003-10-03,-0.4353,-0.4339,-0.4358,-0.4351,21570300.0
2003-10-06,-0.4347,-0.4346,-0.4358,-0.4355,9425700.0
2003-10-07,-0.4355,-0.4351,-0.4361,-0.4351,12764700.0
2003-10-08,-0.4351,-0.4347,-0.437,-0.4367,18486000.0
2003-10-09,-0.436,-0.4342,-0.4364,-0.4361,21310200.0
2003-10-10,-0.4353,-0.4349,-0.4359,-0.4352,10349400.0
2003-10-13,-0.4347,-0.4338,-0.4351,-0.4347,10872600.0
2003-10-14,-0.4352,-0.4337,-0.4356,-0.4339,15588900.0
2003-10-15,-0.4333,-0.4325,-0.4348,-0.4345,17587200.0
2003-10-16,-0.4345,-0.4337,-0.4352,-0.4339,11152200.0
2003-10-17,-0.4342,-0.4333,-0.4355,-0.4354,11492400.0
2003-10-20,-0.4354,-0.4343,-0.4357,-0.4344,11684700.0
2003-10-21,-0.4334,-0.4321,-0.4342,-0.433,18968100.0
2003-10-22,-0.4337,-0.4326,-0.4341,-0.4338,15523800.0
2003-10-23,-0.4345,-0.4331,-0.4346,-0.434,11288100.0
2003-10-24,-0.4348,-0.4337,-0.4349,-0.4342,11177100.0
2003-10-27,-0.4339,-0.4334,-0.4342,-0.4339,6361500.0
2003-10-28,-0.4333,-0.4307,-0.4335,-0.4309,23901600.0
2003-10-29,-0.4325,-0.4303,-0.4325,-0.4309,12350100.0
2003-10-30,-0.4297,-0.4296,-0.432,-0.4319,14531400.0
2003-10-31,-0.4314,-0.431,-0.4334,-0.4326,14953800.0
2003-11-03,-0.4328,-0.4307,-0.4331,-0.4317,19343100.0
2003-11-04,-0.4307,-0.4305,-0.4318,-0.4315,17522400.0
2003-11-05,-0.4325,-0.4308,-0.4333,-0.4313,22050600.0
2003-11-06,-0.4306,-0.4303,-0.4322,-0.4312,29382000.0
2003-11-07,-0.4216,-0.4204,-0.4228,-0.4213,107320496.0
2003-11-10,-0.4211,-0.4202,-0.4218,-0.4215,30251400.0
2003-11-11,-0.4228,-0.4218,-0.424,-0.423,19978500.0
2003-11-12,-0.4232,-0.422,-0.4234,-0.4222,15441600.0
2003-11-13,-0.4222,-0.4213,-0.4225,-0.4222,14508300.0
2003-11-14,-0.422,-0.422,-0.4258,-0.4257,22210500.0
2003-11-17,-0.4267,-0.4256,-0.4272,-0.4262,14997000.0
2003-11-18,-0.4249,-0.4242,-0.4272,-0.4271,24785700.0
2003-11-19,-0.4267,-0.4253,-0.4269,-0.4256,14188800.0
2003-11-20,-0.4267,-0.4252,-0.4272,-0.4271,18471300.0
2003-11-21,-0.4263,-0.4263,-0.4279,-0.4268,13581000.0
2003-11-24,-0.4267,-0.4234,-0.4267,-0.4235,23516100.0
2003-11-25,-0.4232,-0.422,-0.4239,-0.4225,20570100.0
2003-11-26,-0.4216,-0.4213,-0.4236,-0.4225,10750800.0
2003-11-28,-0.4225,-0.4223,-0.4232,-0.4227,5153400.0
2003-12-01,-0.4221,-0.4215,-0.4227,-0.4219,13174500.0
2003-12-02,-0.4224,-0.4209,-0.4225,-0.4222,14368500.0
2003-12-03,-0.422,-0.4201,-0.4229,-0.4227,17750700.0
2003-12-04,-0.4227,-0.4215,-0.4245,-0.4231,13048800.0
2003-12-05,-0.4245,-0.4228,-0.4254,-0.425,13996200.0
2003-12-08,-0.425,-0.424,-0.4255,-0.4246,8524500.0
2003-12-09,-0.4247,-0.4241,-0.4276,-0.4275,14953200.0
2003-12-10,-0.4276,-0.426,-0.4276,-0.4263,14216400.0
2003-12-11,-0.4263,-0.4228,-0.4265,-0.4235,17371800.0
2003-12-12,-0.4228,-0.4223,-0.4247,-0.4238,17517300.0
2003-12-15,-0.4224,-0.4221,-0.4252,-0.425,15568800.0
2003-12-16,-0.4255,-0.4238,-0.4263,-0.4242,15043200.0
2003-12-17,-0.4247,-0.4245,-0.4262,-0.4253,12477900.0
2003-12-18,-0.4252,-0.4235,-0.4252,-0.4241,10918200.0
2003-12-19,-0.4226,-0.4217,-0.4238,-0.4232,22923900.0
2003-12-22,-0.4241,-0.423,-0.4247,-0.4231,9279600.0
2003-12-23,-0.4233,-0.4202,-0.4233,-0.4207,18069000.0
2003-12-24,-0.4207,-0.4206,-0.4213,-0.4212,5271300.0
2003-12-26,-0.4207,-0.4182,-0.4209,-0.4186,9099000.0
2003-12-29,-0.4173,-0.4157,-0.4177,-0.4159,18915600.0
2003-12-30,-0.4165,-0.4145,-0.4167,-0.4157,13772100.0
2003-12-31,-0.4156,-0.4155,-0.4183,-0.4172,12431700.0
2004-01-02,-0.4162,-0.4153,-0.4176,-0.4176,10910400.0
2004-01-05,-0.4165,-0.4151,-0.4172,-0.4155,14382300.0
2004-01-06,-0.4157,-0.4119,-0.416,-0.4128,27333600.0
2004-01-07,-0.4137,-0.4119,-0.4141,-0.4122,16825800.0
2004-01-08,-0.4112,-0.411,-0.4127,-0.412,10843800.0
2004-01-09,-0.4126,-0.4101,-0.413,-0.411,19164600.0
2004-01-12,-0.4108,-0.4099,-0.4114,-0.4102,13549500.0
2004-01-13,-0.4105,-0.4098,-0.4146,-0.4138,21645000.0
2004-01-14,-0.4135,-0.4126,-0.415,-0.4143,13621800.0
2004-01-15,-0.4149,-0.4137,-0.4161,-0.4142,15230100.0
2004-01-16,-0.4134,-0.4127,-0.4142,-0.4132,11293200.0
2004-01-20,-0.4123,-0.4112,-0.4132,-0.4113,12194100.0
2004-01-21,-0.4118,-0.4116,-0.4147,-0.4146,12361500.0
2004-01-22,-0.4144,-0.4131,-0.4169,-0.4161,15143100.0
2004-01-23,-0.4153,-0.4152,-0.4177,-0.4176,12061800.0
2004-01-26,-0.417,-0.4147,-0.4177,-0.4151,9842100.0
2004-01-27,-0.4163,-0.4153,-0.4193,-0.4188,23352600.0
2004-01-28,-0.4182,-0.4171,-0.4193,-0.419,15380100.0
2004-01-29,-0.4188,-0.4185,-0.423,-0.4208,23242500.0
2004-01-30,-0.421,-0.4185,-0.4213,-0.4199,11661600.0
2004-02-02,-0.4195,-0.4177,-0.4201,-0.4189,14021100.0
2004-02-03,-0.4194,-0.418,-0.42,-0.4192,10450800.0
2004-02-04,-0.4197,-0.4195,-0.4209,-0.4208,10920000.0
2004-02-05,-0.4205,-0.4192,-0.4209,-0.4199,8299500.0
2004-02-06,-0.4191,-0.4176,-0.4194,-0.4185,11778300.0
2004-02-09,-0.4182,-0.417,-0.419,-0.4189,9349800.0
2004-02-10,-0.4187,-0.4166,-0.4187,-0.4167,12742500.0
2004-02-11,-0.416,-0.4142,-0.416,-0.4143,18445200.0
2004-02-12,-0.4146,-0.4143,-0.4174,-0.4164,24372300.0
2004-02-13,-0.418,-0.4153,-0.4187,-0.417,43687500.0
2004-02-17,-0.4167,-0.4161,-0.4177,-0.4162,14399400.0
2004-02-18,-0.4162,-0.4157,-0.4167,-0.4162,8006100.0
2004-02-19,-0.4155,-0.4143,-0.4164,-0.4163,15775800.0
2004-02-20,-0.4164,-0.4145,-0.4167,-0.4147,15453000.0
2004-02-23,-0.4147,-0.4147,-0.4179,-0.417,21333300.0
2004-02-24,-0.4181,-0.4173,-0.4202,-0.4196,17709600.0
2004-02-25,-0.4192,-0.418,-0.4199,-0.4192,16312800.0
2004-02-26,-0.4188,-0.4182,-0.4196,-0.4188,8624400.0
2004-02-27,-0.4187,-0.4186,-0.4208,-0.4199,14888700.0
2004-03-01,-0.419,-0.4189,-0.4202,-0.419,12665700.0
2004-03-02,-0.419,-0.4185,-0.4204,-0.4202,20333700.0
2004-03-03,-0.4203,-0.4203,-0.422,-0.421,13812300.0
2004-03-04,-0.4205,-0.4195,-0.4208,-0.4197,10333800.0
2004-03-05,-0.4201,-0.4187,-0.4212,-0.4201,8872200.0
2004-03-08,-0.4222,-0.4192,-0.4227,-0.4222,11629200.0
2004-03-09,-0.4227,-0.4217,-0.4237,-0.4227,9280800.0
2004-03-10,-0.4224,-0.4216,-0.4239,-0.4235,12042300.0
2004-03-11,-0.4242,-0.4222,-0.4242,-0.4239,13171800.0
2004-03-12,-0.4226,-0.422,-0.4238,-0.4227,9448800.0
2004-03-15,-0.4241,-0.4228,-0.4244,-0.4241,10530600.0
2004-03-16,-0.4216,-0.4213,-0.4237,-0.4216,14937600.0
2004-03-17,-0.4206,-0.4195,-0.4208,-0.4201,13114800.0
2004-03-18,-0.4204,-0.4187,-0.4206,-0.4194,13201200.0
2004-03-19,-0.4202,-0.4191,-0.4205,-0.4202,11324100.0
2004-03-22,-0.4206,-0.4202,-0.422,-0.4206,14417700.0
2004-03-23,-0.4197,-0.4191,-0.4211,-0.4203,14400900.0
2004-03-24,-0.4176,-0.4166,-0.4206,-0.4176,19683600.0
2004-03-25,-0.4168,-0.4136,-0.417,-0.4139,24928200.0
2004-03-26,-0.4141,-0.413,-0.415,-0.4141,13790100.0
2004-03-29,-0.4132,-0.4102,-0.4132,-0.4112,24644100.0
2004-03-30,-0.4116,-0.4087,-0.4117,-0.4091,18123900.0
2004-03-31,-0.4084,-0.4076,-0.4091,-0.4084,15118800.0
2004-04-01,-0.4097,-0.4068,-0.4115,-0.4097,32987700.0
2004-04-02,-0.4079,-0.4077,-0.4103,-0.4087,16243500.0
2004-04-05,-0.4083,-0.4057,-0.4091,-0.4061,14418600.0
2004-04-06,-0.4076,-0.407,-0.4095,-0.4091,15602400.0
2004-04-07,-0.4086,-0.4085,-0.4107,-0.4095,11196600.0
2004-04-08,-0.408,-0.4067,-0.4084,-0.4074,11177400.0
2004-04-12,-0.4088,-0.4065,-0.4092,-0.4088,11094600.0
2004-04-13,-0.4082,-0.4081,-0.4109,-0.4105,11067600.0
2004-04-14,-0.4109,-0.4088,-0.4117,-0.4102,12800400.0
2004-04-15,-0.4139,-0.4108,-0.4142,-0.4139,20702100.0
2004-04-16,-0.4145,-0.4142,-0.4162,-0.4162,16371600.0
2004-04-19,-0.4161,-0.4157,-0.4174,-0.4162,13070100.0
2004-04-20,-0.4162,-0.4153,-0.419,-0.419,12845100.0
2004-04-21,-0.4188,-0.4167,-0.4194,-0.4189,17220300.0
2004-04-22,-0.4186,-0.4175,-0.4208,-0.4186,17388000.0
2004-04-23,-0.4177,-0.4161,-0.418,-0.4172,11098200.0
2004-04-26,-0.4169,-0.4167,-0.4198,-0.4197,10747800.0
2004-04-27,-0.4189,-0.4173,-0.4204,-0.4202,12364200.0
2004-04-28,-0.4202,-0.4192,-0.4209,-0.4205,11719200.0
2004-04-29,-0.4222,-0.4204,-0.423,-0.4222,16126200.0
2004-04-30,-0.4226,-0.4222,-0.4249,-0.4247,12823200.0
2004-05-03,-0.4254,-0.4235,-0.4264,-0.4254,15266700.0
2004-05-04,-0.4247,-0.4212,-0.4247,-0.4218,19309500.0
2004-05-05,-0.4218,-0.4208,-0.4223,-0.4213,11607000.0
2004-05-06,-0.4209,-0.4204,-0.4232,-0.4208,17783700.0
2004-05-07,-0.4191,-0.4179,-0.4207,-0.4204,23919300.0
2004-05-10,-0.4219,-0.4214,-0.4241,-0.4227,16726800.0
2004-05-11,-0.422,-0.4207,-0.4222,-0.4213,9998400.0
2004-05-12,-0.4216,-0.4216,-0.4242,-0.4222,12058200.0
2004-05-13,-0.4227,-0.4209,-0.4228,-0.422,8698800.0
2004-05-14,-0.4217,-0.4207,-0.4222,-0.422,11475000.0
2004-05-17,-0.4228,-0.4221,-0.4238,-0.4229,7708500.0
2004-05-18,-0.4224,-0.4212,-0.4226,-0.422,5110500.0
2004-05-19,-0.4207,-0.4197,-0.4224,-0.4221,12456900.0
2004-05-20,-0.4222,-0.4212,-0.4232,-0.423,10537200.0
2004-05-21,-0.4222,-0.4222,-0.4237,-0.4228,7052400.0
2004-05-24,-0.4229,-0.4223,-0.4237,-0.423,7540500.0
2004-05-25,-0.4227,-0.4202,-0.424,-0.4205,17031600.0
2004-05-26,-0.4207,-0.4184,-0.4208,-0.4192,13114200.0
2004-05-27,-0.4182,-0.4172,-0.4191,-0.419,13913700.0
2004-05-28,-0.4166,-0.4162,-0.4187,-0.4166,15949500.0
2004-06-01,-0.4175,-0.416,-0.4177,-0.4167,7960500.0
2004-06-02,-0.4147,-0.4147,-0.4172,-0.4172,16095000.0
2004-06-03,-0.4171,-0.417,-0.4204,-0.4202,17520600.0
2004-06-04,-0.419,-0.4188,-0.4209,-0.4208,16240200.0
2004-06-07,-0.4198,-0.4187,-0.4207,-0.4194,14298900.0
2004-06-08,-0.4197,-0.4197,-0.4214,-0.4205,15375000.0
2004-06-09,-0.4202,-0.4201,-0.4236,-0.4233,12458400.0
2004-06-10,-0.4228,-0.4223,-0.4245,-0.4239,14112900.0
2004-06-14,-0.4242,-0.4242,-0.4262,-0.4257,10618800.0
2004-06-15,-0.4247,-0.4241,-0.4254,-0.4249,9864600.0
2004-06-16,-0.4251,-0.4247,-0.426,-0.4258,6314400.0
2004-06-17,-0.4261,-0.4248,-0.4272,-0.4269,12059400.0
2004-06-18,-0.4268,-0.4253,-0.4276,-0.4268,13358400.0
2004-06-21,-0.4267,-0.4259,-0.4282,-0.4278,6664200.0
2004-06-22,-0.4276,-0.426,-0.4278,-0.4262,10757700.0
2004-06-23,-0.4264,-0.4251,-0.4266,-0.4253,6616500.0
2004-06-24,-0.4238,-0.4237,-0.4262,-0.4258,14766300.0
2004-06-25,-0.4261,-0.4248,-0.4261,-0.4255,8228100.0
2004-06-28,-0.4247,-0.4245,-0.4262,-0.4259,7484400.0
2004-06-29,-0.4256,-0.4239,-0.4258,-0.424,9096300.0
2004-06-30,-0.4248,-0.424,-0.4256,-0.4248,8231700.0
2004-07-01,-0.4275,-0.4242,-0.4276,-0.4275,12640500.0
2004-07-02,-0.4269,-0.4268,-0.4287,-0.4282,7373700.0
2004-07-06,-0.4283,-0.4283,-0.4319,-0.4313,14384700.0
2004-07-07,-0.4307,-0.4297,-0.4313,-0.4311,8603400.0
2004-07-08,-0.4316,-0.4307,-0.4327,-0.4327,10751400.0
2004-07-09,-0.4328,-0.4327,-0.4357,-0.4347,27862500.0
2004-07-12,-0.4361,-0.4347,-0.4365,-0.4358,16901100.0
2004-07-13,-0.4353,-0.4345,-0.4364,-0.4359,14177700.0
2004-07-14,-0.437,-0.4363,-0.4388,-0.438,22540200.0
2004-07-15,-0.4375,-0.4371,-0.4386,-0.4382,15283800.0
2004-07-16,-0.437,-0.4369,-0.4396,-0.4396,11617500.0
2004-07-19,-0.4389,-0.4386,-0.44,-0.4391,11527200.0
2004-07-20,-0.4391,-0.4381,-0.4395,-0.4382,8538600.0
2004-07-21,-0.4376,-0.4375,-0.441,-0.4408,15335400.0
2004-07-22,-0.4407,-0.4397,-0.4417,-0.44,13036500.0
2004-07-23,-0.4397,-0.4397,-0.4414,-0.4411,9287400.0
2004-07-26,-0.4406,-0.4402,-0.4427,-0.4422,12580200.0
2004-07-27,-0.4427,-0.4408,-0.4432,-0.4409,19747200.0
2004-07-28,-0.441,-0.4409,-0.4431,-0.442,12627900.0
2004-07-29,-0.4416,-0.4383,-0.4416,-0.4393,18684000.0
2004-07-30,-0.4394,-0.4381,-0.44,-0.4389,10098900.0
2004-08-02,-0.439,-0.4382,-0.4396,-0.4383,10524600.0
2004-08-03,-0.4382,-0.4381,-0.4409,-0.4406,18538500.0
2004-08-04,-0.4406,-0.4397,-0.4411,-0.4402,12695400.0
2004-08-05,-0.4399,-0.4395,-0.442,-0.4412,21498000.0
2004-08-06,-0.4537,-0.4534,-0.4559,-0.4556,127223696.0
2004-08-09,-0.4547,-0.4537,-0.4553,-0.4544,39480300.0
2004-08-10,-0.4527,-0.4519,-0.4533,-0.4522,51297900.0
2004-08-11,-0.4527,-0.4526,-0.4532,-0.4531,24095400.0
2004-08-12,-0.4532,-0.4529,-0.4537,-0.4537,16359600.0
2004-08-13,-0.4531,-0.4523,-0.4533,-0.4526,20392500.0
2004-08-16,-0.4528,-0.4521,-0.4531,-0.4528,13293300.0
2004-08-17,-0.4523,-0.4511,-0.4525,-0.4512,18622800.0
2004-08-18,-0.4511,-0.4492,-0.4513,-0.4492,21810600.0
2004-08-19,-0.4496,-0.4488,-0.4498,-0.4493,18110100.0
2004-08-20,-0.4495,-0.4469,-0.4496,-0.4474,29976000.0
2004-08-23,-0.4467,-0.4463,-0.4471,-0.4467,20000700.0
2004-08-24,-0.4462,-0.446,-0.4487,-0.448,23485500.0
2004-08-25,-0.4472,-0.4462,-0.4478,-0.4465,18032700.0
2004-08-26,-0.4467,-0.4462,-0.4468,-0.4464,15318000.0
2004-08-27,-0.4464,-0.4452,-0.4464,-0.4457,14128200.0
2004-08-30,-0.4458,-0.4457,-0.447,-0.447,15701400.0
2004-08-31,-0.4468,-0.4467,-0.4482,-0.4471,14676600.0
2004-09-01,-0.4476,-0.4459,-0.448,-0.4464,14793600.0
2004-09-02,-0.4462,-0.4447,-0.4466,-0.445,19252200.0
2004-09-03,-0.4461,-0.4454,-0.4464,-0.4461,17876400.0
2004-09-07,-0.4459,-0.4452,-0.4472,-0.4467,18183300.0
2004-09-08,-0.4467,-0.4464,-0.4476,-0.4475,20874600.0
2004-09-09,-0.4467,-0.4435,-0.4468,-0.4441,32483100.0
2004-09-10,-0.4447,-0.4424,-0.4448,-0.4427,25983600.0
2004-09-13,-0.4427,-0.4411,-0.4427,-0.4419,24193800.0
2004-09-14,-0.4422,-0.4414,-0.4426,-0.4417,17088900.0
2004-09-15,-0.443,-0.4428,-0.4444,-0.4439,29097600.0
2004-09-16,-0.4433,-0.4422,-0.4434,-0.4425,20250600.0
2004-09-17,-0.4422,-0.4407,-0.4426,-0.4409,25095000.0
2004-09-20,-0.4417,-0.4398,-0.4422,-0.441,19865700.0
2004-09-21,-0.4404,-0.4396,-0.4406,-0.4399,12597600.0
2004-09-22,-0.4409,-0.44,-0.442,-0.4418,15648000.0
2004-09-23,-0.4415,-0.4412,-0.4425,-0.4415,14466600.0
2004-09-24,-0.4413,-0.4412,-0.4432,-0.4427,11907900.0
2004-09-27,-0.443,-0.4426,-0.4441,-0.4434,10150500.0
2004-09-28,-0.4437,-0.4425,-0.444,-0.4428,11871000.0
2004-09-29,-0.4428,-0.4407,-0.4433,-0.4419,13430700.0
2004-09-30,-0.4414,-0.4405,-0.4422,-0.4414,15492000.0
2004-10-01,-0.4412,-0.4395,-0.4414,-0.4397,14760300.0
2004-10-04,-0.4392,-0.438,-0.4394,-0.4385,16848300.0
2004-10-05,-0.4392,-0.4385,-0.4399,-0.4395,15829500.0
2004-10-06,-0.4396,-0.4392,-0.4406,-0.4393,12462600.0
2004-10-07,-0.4386,-0.4376,-0.4393,-0.4391,19951800.0
2004-10-08,-0.4395,-0.4393,-0.4417,-0.4414,17335500.0
2004-10-11,-0.4416,-0.4406,-0.4421,-0.4413,9346200.0
2004-10-12,-0.4427,-0.4417,-0.4433,-0.4419,20680800.0
2004-10-13,-0.4407,-0.4402,-0.4425,-0.4422,16820400.0
2004-10-14,-0.4422,-0.4418,-0.4437,-0.4434,12831600.0
2004-10-15,-0.4433,-0.4432,-0.4454,-0.4444,32012100.0
2004-10-18,-0.4447,-0.4434,-0.445,-0.4437,14349300.0
2004-10-19,-0.4428,-0.4425,-0.4443,-0.444,15462000.0
2004-10-20,-0.4442,-0.4434,-0.4443,-0.4436,13505100.0
2004-10-21,-0.4433,-0.4422,-0.4435,-0.4427,25349100.0
2004-10-22,-0.4425,-0.4422,-0.4449,-0.4448,17161500.0
2004-10-25,-0.4452,-0.4438,-0.4452,-0.4447,13229100.0
2004-10-26,-0.441,-0.4395,-0.4423,-0.4415,61394400.0
2004-10-27,-0.4417,-0.4396,-0.4422,-0.4403,26850900.0
2004-10-28,-0.4409,-0.4401,-0.4412,-0.4408,14038800.0
2004-10-29,-0.4412,-0.4407,-0.4419,-0.4415,18571500.0
2004-11-01,-0.441,-0.4407,-0.4415,-0.4407,16347300.0
2004-11-02,-0.4409,-0.4392,-0.4411,-0.4401,27393900.0
2004-11-03,-0.4384,-0.4382,-0.4399,-0.4397,22758900.0
2004-11-04,-0.4397,-0.4384,-0.4402,-0.4389,24888600.0
2004-11-05,-0.4325,-0.4296,-0.4332,-0.4327,96225296.0
2004-11-08,-0.4332,-0.4315,-0.4335,-0.4322,17965500.0
2004-11-09,-0.4329,-0.4317,-0.433,-0.4325,15398400.0
2004-11-10,-0.4326,-0.432,-0.4327,-0.4325,16147800.0
2004-11-11,-0.4322,-0.4315,-0.4325,-0.4315,12675000.0
2004-11-12,-0.4307,-0.4306,-0.4319,-0.4314,16176900.0
2004-11-15,-0.4319,-0.4303,-0.4322,-0.4307,13411800.0
2004-11-16,-0.4305,-0.43,-0.4318,-0.4308,11818200.0
2004-11-17,-0.4302,-0.4287,-0.4306,-0.43,15069300.0
2004-11-18,-0.4296,-0.4289,-0.4307,-0.4293,13313100.0
2004-11-19,-0.4253,-0.4247,-0.4295,-0.4291,53151300.0
2004-11-22,-0.4288,-0.4276,-0.4293,-0.4276,18344700.0
2004-11-23,-0.428,-0.4267,-0.4284,-0.4273,16922400.0
2004-11-24,-0.4274,-0.4262,-0.4275,-0.4271,10714500.0
2004-11-26,-0.4273,-0.4261,-0.4273,-0.4266,8769000.0
2004-11-29,-0.4262,-0.4257,-0.4281,-0.4277,17609700.0
2004-11-30,-0.4274,-0.4273,-0.4289,-0.4286,14413500.0
2004-12-01,-0.4282,-0.4272,-0.4285,-0.4272,12864300.0
2004-12-02,-0.4277,-0.4261,-0.4282,-0.4265,18966300.0
2004-12-03,-0.4252,-0.4234,-0.4254,-0.4242,33682800.0
2004-12-06,-0.4238,-0.4209,-0.4249,-0.4214,24262500.0
2004-12-07,-0.4178,-0.4124,-0.4191,-0.4183,73176304.0
2004-12-08,-0.4174,-0.4164,-0.4181,-0.4176,21818100.0
2004-12-09,-0.4189,-0.4175,-0.42,-0.4182,21749100.0
2004-12-10,-0.4165,-0.4162,-0.4173,-0.417,16321200.0
2004-12-13,-0.4179,-0.4171,-0.4191,-0.4187,18450600.0
2004-12-14,-0.4187,-0.4174,-0.4188,-0.4175,12824700.0
2004-12-15,-0.4168,-0.4167,-0.4178,-0.4169,10819200.0
2004-12-16,-0.4148,-0.4127,-0.4162,-0.416,38100900.0
2004-12-17,-0.4148,-0.4145,-0.4184,-0.4177,30356100.0
2004-12-20,-0.4171,-0.4159,-0.4187,-0.4183,22468200.0
2004-12-21,-0.4183,-0.4174,-0.4199,-0.4179,22485000.0
2004-12-22,-0.4166,-0.4163,-0.4179,-0.4178,10545600.0
2004-12-23,-0.4182,-0.4169,-0.4185,-0.4177,9174300.0
2004-12-27,-0.4167,-0.4165,-0.4185,-0.4182,7705200.0
2004-12-28,-0.4181,-0.4176,-0.4187,-0.4185,7290300.0
2004-12-29,-0.4187,-0.4172,-0.4189,-0.418,7368300.0
2004-12-30,-0.4179,-0.4174,-0.4185,-0.4182,6495300.0
2004-12-31,-0.4173,-0.4159,-0.4176,-0.4162,14399100.0
2009-09-16,-0.0942,-0.082,-0.0997,-0.0827,14292564.0
2009-09-17,-0.0942,-0.082,-0.0997,-0.0827,14292564.0
2009-09-18,-0.0942,-0.082,-0.0997,-0.0827,14292564.0
2009-09-21,-0.1057,-0.0965,-0.109,-0.103,14719101.0
2009-09-22,-0.1002,-0.098,-0.1052,-0.1022,9034613.0
2009-09-23,-0.1,-0.0967,-0.1087,-0.1082,11961702.0
2009-09-24,-0.102,-0.102,-0.1145,-0.1132,13818638.0
2009-09-25,-0.1152,-0.1135,-0.1205,-0.1185,4049103.0
2009-09-28,-0.1152,-0.1135,-0.1205,-0.1185,4049103.0
2009-09-29,-0.1087,-0.1042,-0.1185,-0.1177,11770382.0
2009-09-30,-0.1102,-0.1015,-0.1185,-0.106,21604582.0
2009-10-01,-0.1072,-0.1072,-0.133,-0.1327,24861273.0
2009-10-02,-0.1362,-0.128,-0.1382,-0.1355,15245867.0
2009-10-05,-0.1317,-0.1305,-0.1432,-0.1372,18839641.0
2009-10-06,-0.133,-0.1255,-0.1355,-0.1315,18950410.0
2009-10-07,-0.134,-0.1302,-0.138,-0.1342,11439543.0
2009-10-08,-0.1322,-0.1312,-0.1445,-0.132,31037744.0
2009-10-09,-0.134,-0.127,-0.1345,-0.1275,15462143.0
2009-10-12,-0.1335,-0.1247,-0.1337,-0.1315,12473020.0
2009-10-13,-0.1295,-0.1255,-0.136,-0.1327,14920108.0
2009-10-14,-0.1192,-0.1192,-0.135,-0.1332,27472929.0
2009-10-15,-0.1337,-0.1305,-0.1457,-0.1435,26685041.0
2009-10-16,-0.1477,-0.1467,-0.1572,-0.1512,25341730.0
2009-10-19,-0.1485,-0.1365,-0.1512,-0.1392,17367202.0
2009-10-20,-0.1335,-0.131,-0.1417,-0.139,16501890.0
2009-10-21,-0.1402,-0.135,-0.149,-0.1472,12596147.0
2009-10-22,-0.149,-0.1432,-0.1547,-0.145,9483188.0
2009-10-23,-0.1405,-0.1405,-0.155,-0.153,10735283.0
2009-10-26,-0.1505,-0.1455,-0.159,-0.1572,12038524.0
2009-10-27,-0.1587,-0.154,-0.1715,-0.1682,14793846.0
2009-10-28,-0.1752,-0.1682,-0.1827,-0.1812,19339225.0
2009-10-29,-0.1765,-0.1665,-0.1792,-0.168,15910447.0
2009-10-30,-0.1695,-0.1682,-0.1842,-0.1827,15075992.0
2009-11-02,-0.1832,-0.1735,-0.1885,-0.181,13753801.0
2009-11-03,-0.1897,-0.18,-0.1927,-0.182,20137382.0
2009-11-04,-0.1792,-0.176,-0.1835,-0.1827,20944863.0
2009-11-05,-0.1787,-0.172,-0.1797,-0.1757,18993171.0
2009-11-06,-0.1557,-0.146,-0.1597,-0.1522,37707029.0
2009-11-09,-0.1482,-0.1405,-0.1485,-0.1447,17709925.0
2009-11-10,-0.144,-0.144,-0.1577,-0.1542,17607330.0
2009-11-11,-0.148,-0.1362,-0.1485,-0.143,18679360.0
2009-11-12,-0.1412,-0.1355,-0.1462,-0.1455,11500625.0
2009-11-13,-0.1455,-0.141,-0.147,-0.142,8955531.0
2009-11-16,-0.1397,-0.134,-0.1415,-0.1387,9095753.0
2009-11-17,-0.1377,-0.1377,-0.145,-0.139,7887034.0
2009-11-18,-0.1417,-0.1405,-0.1495,-0.145,9499843.0
2009-11-19,-0.151,-0.151,-0.1632,-0.1577,18874854.0
2009-11-20,-0.1647,-0.1577,-0.1655,-0.1585,9291240.0
2009-11-23,-0.1545,-0.1487,-0.158,-0.158,8357907.0
2009-11-24,-0.1582,-0.156,-0.164,-0.1582,9092670.0
2009-11-25,-0.155,-0.1505,-0.1575,-0.1542,8974667.0
2009-11-27,-0.1667,-0.1582,-0.1685,-0.162,6998289.0
2009-11-30,-0.1607,-0.1555,-0.1642,-0.1557,9539550.0
2009-12-01,-0.1535,-0.145,-0.1552,-0.1472,10073504.0
2009-12-02,-0.148,-0.138,-0.15,-0.1385,13551454.0
2009-12-03,-0.1347,-0.1285,-0.1352,-0.1342,15006887.0
2009-12-04,-0.1295,-0.1237,-0.135,-0.126,18322473.0
2009-12-07,-0.0857,-0.0705,-0.1042,-0.079,64678986.0
2009-12-08,-0.086,-0.0842,-0.1012,-0.098,24833485.0
2009-12-09,-0.095,-0.0867,-0.0987,-0.0905,15673216.0
2009-12-10,-0.0867,-0.0842,-0.0977,-0.097,9242088.0
2009-12-11,-0.0932,-0.0927,-0.1025,-0.1017,9303068.0
2009-12-14,-0.096,-0.0887,-0.1002,-0.09,8669647.0
2009-12-15,-0.0927,-0.084,-0.0937,-0.0907,9679970.0
2009-12-16,-0.0765,-0.0545,-0.0787,-0.0582,38694222.0
2009-12-17,-0.0577,-0.0447,-0.0672,-0.0602,22804502.0
2009-12-18,-0.0575,-0.056,-0.0662,-0.0617,17223477.0
2009-12-21,-0.0587,-0.0445,-0.0592,-0.0462,9350496.0
2009-12-22,-0.0462,-0.031,-0.0467,-0.0315,17522860.0
2009-12-23,-0.0305,-0.0275,-0.0362,-0.0287,9624755.0
2009-12-24,-0.0272,-0.0265,-0.0312,-0.0295,3420100.0
2009-12-28,-0.0302,-0.0262,-0.0412,-0.038,10876213.0
2009-12-29,-0.0382,-0.03,-0.0392,-0.0315,8676542.0
2009-12-30,-0.027,-0.0122,-0.0302,-0.0147,16150651.0
2009-12-31,-0.014,-0.008,-0.0147,-0.0135,15888412.0
2010-01-04,-0.019,-0.0162,-0.029,-0.0197,18643753.0
2010-01-05,-0.0212,-0.0077,-0.0212,-0.0137,16843839.0
2010-01-06,-0.013,-0.0087,-0.0175,-0.011,14266650.0
2010-01-07,-0.0122,-0.0102,-0.0225,-0.0195,12284438.0
2010-01-08,-0.0227,-0.0147,-0.0255,-0.018,10910630.0
2010-01-11,-0.0155,-0.0135,-0.031,-0.024,13310399.0
2010-01-12,-0.0312,-0.0295,-0.0495,-0.0407,13625083.0
2010-01-13,-0.037,-0.0325,-0.0542,-0.0325,11723385.0
2010-01-14,-0.0395,-0.0362,-0.0485,-0.0402,13665397.0
2010-01-15,-0.0442,-0.0405,-0.0597,-0.0532,17787583.0
2010-01-19,-0.0572,-0.0432,-0.0585,-0.0465,12055476.0
2010-01-20,-0.0515,-0.046,-0.0572,-0.0482,15750248.0
2010-01-21,-0.048,-0.0402,-0.0595,-0.055,13562237.0
2010-01-22,-0.0605,-0.0527,-0.0725,-0.071,23377903.0
2010-01-25,-0.0635,-0.0552,-0.0665,-0.0632,14558384.0
2010-01-26,-0.0652,-0.0625,-0.0762,-0.076,15898328.0
2010-01-27,-0.0767,-0.064,-0.0812,-0.0642,18696602.0
2010-01-28,-0.0622,-0.0607,-0.0852,-0.0782,15260435.0
2010-01-29,-0.075,-0.0705,-0.103,-0.0972,16799731.0
2010-02-01,-0.0955,-0.0672,-0.0987,-0.0682,20679870.0
2010-02-04,-0.0635,-0.0635,-0.0887,-0.0842,19461485.0
2010-02-05,-0.0847,-0.0752,-0.0917,-0.0762,15031979.0
2010-02-08,-0.0775,-0.0672,-0.085,-0.077,11106508.0
2010-02-09,-0.0705,-0.0685,-0.0842,-0.0802,23253536.0
2010-02-10,-0.0777,-0.0687,-0.0805,-0.0725,13391660.0
2010-02-11,-0.066,-0.0492,-0.069,-0.0537,17290816.0
2010-02-12,-0.0567,-0.0392,-0.0617,-0.048,19193266.0
2010-02-16,-0.0422,-0.0382,-0.0475,-0.04,11370130.0
2010-02-17,-0.0345,-0.0342,-0.0487,-0.0357,21435200.0
2010-02-18,-0.0602,-0.058,-0.0765,-0.065,37604871.0
2010-02-19,-0.0667,-0.0622,-0.0692,-0.0672,12755299.0
2010-02-22,-0.0655,-0.0592,-0.0692,-0.0665,11399162.0
2010-02-23,-0.0652,-0.0635,-0.0807,-0.0765,12187376.0
2010-02-24,-0.073,-0.064,-0.0742,-0.068,11107964.0
2010-02-25,-0.0775,-0.0707,-0.0877,-0.0717,14395138.0
2010-02-26,-0.0737,-0.0707,-0.0792,-0.0767,9746107.0
2010-03-01,-0.0765,-0.0585,-0.0797,-0.0605,13800802.0
2010-03-02,-0.0567,-0.0515,-0.0637,-0.0607,13450530.0
2010-03-03,-0.0582,-0.056,-0.0695,-0.066,9924315.0
2010-03-04,-0.0642,-0.061,-0.0705,-0.0652,13921628.0
2010-03-05,-0.0682,-0.0495,-0.0682,-0.0525,15722893.0
2010-03-08,-0.0522,-0.051,-0.0605,-0.0587,10873713.0
2010-03-09,-0.0545,-0.0387,-0.0547,-0.043,20594824.0
2010-03-10,-0.0442,-0.0372,-0.0445,-0.042,10460114.0
2010-03-11,-0.0455,-0.044,-0.0537,-0.052,13362504.0
2010-03-12,-0.0472,-0.046,-0.0527,-0.0505,12973103.0
2010-03-15,-0.051,-0.0467,-0.0567,-0.0527,8972598.0
2010-03-16,-0.053,-0.0352,-0.0532,-0.038,16486964.0
2010-03-17,-0.0352,-0.0232,-0.0352,-0.0292,15894754.0
2010-03-18,-0.0285,-0.0285,-0.0492,-0.0452,18523529.0
2010-03-19,-0.0387,-0.0375,-0.056,-0.0505,14615083.0
2010-03-22,-0.056,-0.0417,-0.056,-0.0435,10883314.0
2010-03-23,-0.0402,-0.0322,-0.0432,-0.0345,12336748.0
2010-03-24,-0.0382,-0.037,-0.0505,-0.0495,10904452.0
2010-03-25,-0.0432,-0.0405,-0.0492,-0.0482,12379558.0
2010-03-26,-0.0445,-0.04,-0.0517,-0.0482,8616883.0
2010-03-29,-0.0455,-0.0417,-0.0515,-0.0427,9860722.0
2010-03-30,-0.0377,-0.0355,-0.0485,-0.041,8102521.0
2010-03-31,-0.0427,-0.0407,-0.049,-0.0467,9745918.0
2010-04-01,-0.0447,-0.0397,-0.0557,-0.0512,8490484.0
2010-04-05,-0.0485,-0.044,-0.049,-0.0447,10340826.0
2010-04-06,-0.0502,-0.0492,-0.063,-0.0555,20205320.0
2010-04-07,-0.0582,-0.0455,-0.0617,-0.0527,20435136.0
2010-04-08,-0.0555,-0.0522,-0.062,-0.0597,25939669.0
2010-04-09,-0.0607,-0.0555,-0.063,-0.057,20438024.0
2010-04-12,-0.0565,-0.0475,-0.0572,-0.0492,13661188.0
2010-04-13,-0.0475,-0.0387,-0.0492,-0.0402,16062020.0
2010-04-14,-0.0307,-0.0285,-0.0417,-0.0347,22504803.0
2010-04-19,-0.0585,-0.056,-0.0715,-0.0572,27362065.0
2010-04-20,-0.0542,-0.0497,-0.0612,-0.0557,16953680.0
2010-04-21,-0.0535,-0.053,-0.0717,-0.0667,22394184.0
2010-04-22,-0.0735,-0.0637,-0.0792,-0.065,16423298.0
2010-04-23,-0.0662,-0.0652,-0.078,-0.0707,18822647.0
2010-04-26,-0.0702,-0.0617,-0.071,-0.0667,12277219.0
2010-04-27,-0.0697,-0.0655,-0.0797,-0.0785,15167088.0
2010-04-28,-0.0787,-0.072,-0.086,-0.0777,16803170.0
2010-04-29,-0.0765,-0.065,-0.0825,-0.0655,24677119.0
2010-04-30,-0.0705,-0.0697,-0.0892,-0.089,26705598.0
2010-05-03,-0.087,-0.0847,-0.0992,-0.0932,26973434.0
2010-05-04,-0.0992,-0.0985,-0.1185,-0.113,32784372.0
2010-05-05,-0.1205,-0.11,-0.1237,-0.1192,33260632.0
2010-05-06,-0.1217,-0.1142,-0.1557,-0.1267,25069314.0
2010-05-07,-0.1235,-0.1235,-0.1452,-0.1327,28842769.0
2010-05-10,-0.1117,-0.1072,-0.1217,-0.1177,24473744.0
2010-05-11,-0.1212,-0.1145,-0.1245,-0.1217,20726756.0
2010-05-12,-0.1192,-0.1127,-0.1215,-0.1147,22502984.0
2010-05-13,-0.1162,-0.0995,-0.119,-0.1155,31098527.0
2010-05-14,-0.1397,-0.1392,-0.1667,-0.1577,62327669.0
2010-05-17,-0.1572,-0.153,-0.1672,-0.157,21401147.0
2010-05-18,-0.1542,-0.1522,-0.1695,-0.1677,16834262.0
2010-05-19,-0.1692,-0.1622,-0.1715,-0.1627,20662974.0
2010-05-20,-0.172,-0.1627,-0.1815,-0.1702,28211609.0
2010-05-21,-0.1792,-0.155,-0.1792,-0.1635,26743094.0
2010-05-24,-0.1645,-0.1607,-0.1737,-0.1727,16614825.0
2010-05-25,-0.1825,-0.163,-0.1855,-0.1645,24164606.0
2010-05-26,-0.1517,-0.1455,-0.164,-0.163,24872659.0
2010-05-27,-0.155,-0.1442,-0.1557,-0.1442,17830683.0
2010-05-28,-0.1447,-0.1447,-0.1582,-0.1532,13629704.0
2010-06-01,-0.1577,-0.154,-0.1675,-0.1672,13186754.0
2010-06-02,-0.1667,-0.1635,-0.1687,-0.1637,16224717.0
2010-06-03,-0.1702,-0.1635,-0.1712,-0.1642,14658963.0
2010-06-04,-0.1735,-0.168,-0.181,-0.1792,16786307.0
2010-06-07,-0.178,-0.176,-0.1955,-0.1942,14415751.0
2010-06-08,-0.1955,-0.1955,-0.2095,-0.2022,24190743.0
2010-06-09,-0.2007,-0.1932,-0.21,-0.209,17428718.0
2010-06-10,-0.2035,-0.1967,-0.2042,-0.198,15273718.0
2010-06-11,-0.201,-0.1905,-0.2017,-0.1915,11053621.0
2010-06-14,-0.1872,-0.1867,-0.1985,-0.1977,9371930.0
2010-06-15,-0.1945,-0.1822,-0.195,-0.1837,13213919.0
2010-06-16,-0.1857,-0.183,-0.1915,-0.1875,9075687.0
2010-06-17,-0.1772,-0.1755,-0.1877,-0.1762,21475614.0
2010-06-18,-0.1745,-0.1705,-0.1767,-0.1742,23325152.0
2010-06-21,-0.1677,-0.167,-0.1842,-0.1815,14459634.0
2010-06-22,-0.1777,-0.174,-0.1942,-0.1927,20431095.0
2010-06-23,-0.19,-0.1865,-0.1982,-0.1895,15350552.0
2010-06-24,-0.1912,-0.1897,-0.205,-0.204,18123223.0
2010-06-25,-0.202,-0.2017,-0.2092,-0.2047,12686525.0
2010-06-28,-0.2027,-0.2002,-0.2092,-0.2042,9300184.0
2010-06-29,-0.2102,-0.21,-0.2215,-0.2197,16503838.0
2010-06-30,-0.2192,-0.2165,-0.2265,-0.2265,15572470.0
2010-07-01,-0.2257,-0.2205,-0.2335,-0.2222,18424646.0
2010-07-02,-0.2212,-0.2207,-0.2342,-0.2255,18428399.0
2010-07-06,-0.2265,-0.2182,-0.2305,-0.2282,17797887.0
2010-07-07,-0.2272,-0.2145,-0.2277,-0.216,15202044.0
2010-07-08,-0.2142,-0.214,-0.2272,-0.224,19579505.0
2010-07-09,-0.2227,-0.2212,-0.2262,-0.223,14291233.0
2010-07-12,-0.223,-0.215,-0.2232,-0.2182,14127403.0
2010-07-13,-0.214,-0.207,-0.2155,-0.2087,17793924.0
2010-07-14,-0.1967,-0.1947,-0.21,-0.206,33878287.0
2010-07-15,-0.2057,-0.2055,-0.217,-0.2137,23778735.0
2010-07-16,-0.2137,-0.213,-0.2315,-0.2305,32215099.0
2010-07-19,-0.227,-0.2192,-0.2287,-0.2202,19942285.0
2010-07-20,-0.227,-0.2122,-0.2292,-0.2137,29003020.0
2010-07-21,-0.2112,-0.211,-0.225,-0.2225,15607521.0
2010-07-22,-0.2197,-0.2155,-0.2212,-0.2182,11544706.0
2010-07-23,-0.2185,-0.2182,-0.2252,-0.2227,20440044.0
2010-07-26,-0.2235,-0.217,-0.2275,-0.218,17040795.0
2010-07-27,-0.2172,-0.2167,-0.2235,-0.2202,17060345.0
2010-07-28,-0.2245,-0.22,-0.2292,-0.2285,32778796.0
2010-07-29,-0.2467,-0.2417,-0.255,-0.2535,66556171.0
2010-07-30,-0.2552,-0.248,-0.2587,-0.252,24616930.0
2010-08-02,-0.248,-0.247,-0.2532,-0.2522,22901588.0
2010-08-03,-0.254,-0.2537,-0.26,-0.2582,23871072.0
2010-08-04,-0.2562,-0.248,-0.2572,-0.2487,21386910.0
2010-08-05,-0.248,-0.2452,-0.2522,-0.2457,20011549.0
2010-08-06,-0.2467,-0.2405,-0.2487,-0.243,18504102.0
2010-08-09,-0.2405,-0.2402,-0.2467,-0.2407,11650201.0
2010-08-10,-0.2447,-0.2442,-0.2517,-0.2507,19298313.0
2010-08-11,-0.2555,-0.2555,-0.2605,-0.2597,19871738.0
2010-08-12,-0.2637,-0.2527,-0.2655,-0.2577,32683438.0
2010-08-13,-0.2505,-0.2437,-0.251,-0.247,44943717.0
2010-08-16,-0.2502,-0.2455,-0.256,-0.253,20349623.0
2010-08-17,-0.2507,-0.2457,-0.253,-0.25,12029585.0
2010-08-18,-0.2507,-0.2467,-0.2522,-0.2487,8675348.0
2010-08-19,-0.2462,-0.234,-0.2475,-0.2347,40342427.0
2010-08-20,-0.2365,-0.2265,-0.2367,-0.2325,32632825.0
2010-08-23,-0.2317,-0.2255,-0.237,-0.2362,18656651.0
2010-08-24,-0.2442,-0.2362,-0.2447,-0.2387,16008557.0
2010-08-25,-0.2415,-0.2317,-0.2427,-0.2337,18937475.0
2010-08-26,-0.2305,-0.2277,-0.2367,-0.2367,16435454.0
2010-08-27,-0.2352,-0.2267,-0.2415,-0.2287,26517115.0
2010-08-30,-0.2317,-0.2297,-0.2407,-0.2407,15067716.0
2010-08-31,-0.2442,-0.2367,-0.2492,-0.2487,23279728.0
2010-09-01,-0.245,-0.242,-0.248,-0.2467,21285972.0
2010-09-02,-0.246,-0.2417,-0.2482,-0.2425,14906592.0
2010-09-03,-0.2367,-0.2335,-0.2397,-0.2342,14165444.0
2010-09-07,-0.235,-0.2262,-0.2355,-0.232,22479558.0
2010-09-08,-0.2315,-0.222,-0.2342,-0.2237,30584254.0
2010-09-09,-0.2205,-0.2202,-0.2305,-0.2272,17369930.0
2010-09-10,-0.2255,-0.2247,-0.2322,-0.23,15232216.0
2010-09-13,-0.2255,-0.2125,-0.2257,-0.2157,25391443.0
2010-09-14,-0.218,-0.2147,-0.2205,-0.2182,17447691.0
2010-09-15,-0.2207,-0.2175,-0.2242,-0.2177,13889216.0
2010-09-16,-0.2212,-0.2152,-0.2212,-0.2177,9107883.0
2010-09-17,-0.215,-0.2147,-0.2187,-0.218,10422289.0
2010-09-20,-0.218,-0.213,-0.2205,-0.214,11072436.0
2010-09-21,-0.2155,-0.195,-0.2155,-0.1995,44489202.0
2010-09-22,-0.2005,-0.1945,-0.2022,-0.197,24997026.0
2010-09-23,-0.1937,-0.1822,-0.1962,-0.1912,31014499.0
2010-09-24,-0.1847,-0.1742,-0.187,-0.1752,27174329.0
2010-09-27,-0.173,-0.1727,-0.1857,-0.182,24984696.0
2010-09-28,-0.1815,-0.1782,-0.1877,-0.1825,18078768.0
2010-09-29,-0.1852,-0.176,-0.188,-0.1847,24372575.0
2010-09-30,-0.181,-0.1775,-0.1922,-0.1897,19690730.0
2010-10-01,-0.1855,-0.185,-0.2002,-0.198,24984553.0
2010-10-04,-0.2007,-0.196,-0.2065,-0.2007,18737332.0
2010-10-05,-0.1947,-0.1942,-0.1995,-0.1987,18836502.0
2010-10-06,-0.1987,-0.1975,-0.215,-0.2122,26440071.0
2010-10-07,-0.2152,-0.2142,-0.219,-0.215,1023462.0
2010-10-08,-0.2152,-0.208,-0.219,-0.2102,17679077.0
2010-10-11,-0.209,-0.2067,-0.2127,-0.2115,11066191.0
2010-10-12,-0.2137,-0.205,-0.216,-0.2062,15114246.0
2010-10-13,-0.2137,-0.205,-0.216,-0.2062,15114246.0
2010-10-14,-0.2137,-0.205,-0.216,-0.2062,15114246.0
2010-10-15,-0.1982,-0.195,-0.2027,-0.1995,16000083.0
2010-10-18,-0.1992,-0.1965,-0.2042,-0.1977,11203283.0
2010-10-19,-0.204,-0.1975,-0.2062,-0.1995,21641236.0
2010-10-20,-0.1992,-0.1917,-0.2042,-0.1995,19088301.0
2010-10-21,-0.1992,-0.1987,-0.2087,-0.2045,25316947.0
2010-10-22,-0.2027,-0.1845,-0.2057,-0.1867,33069658.0
2010-10-25,-0.1845,-0.182,-0.1872,-0.184,16828046.0
2010-10-26,-0.1875,-0.1805,-0.19,-0.185,16880148.0
2010-10-27,-0.1877,-0.1797,-0.1885,-0.1807,12410064.0
2010-10-28,-0.1767,-0.1757,-0.1832,-0.1805,17611111.0
2010-10-29,-0.181,-0.178,-0.1842,-0.1812,13872645.0
2010-11-01,-0.1792,-0.1745,-0.1832,-0.1807,11846607.0
2010-11-02,-0.1795,-0.1695,-0.1812,-0.1745,14523010.0
2010-11-03,-0.1725,-0.1702,-0.1805,-0.1722,16793678.0
2010-11-04,-0.1692,-0.166,-0.1722,-0.1717,17483749.0
2010-11-05,-0.1695,-0.1637,-0.171,-0.1665,18379982.0
2010-11-08,-0.1667,-0.1625,-0.1692,-0.1652,15121676.0
2010-11-09,-0.1652,-0.1627,-0.1687,-0.167,15855589.0
2010-11-10,-0.1647,-0.1632,-0.1692,-0.1632,13007614.0
2010-11-11,-0.1707,-0.1612,-0.175,-0.1665,26371250.0
2010-11-12,-0.1545,-0.1397,-0.156,-0.1502,53563896.0
2010-11-15,-0.1487,-0.144,-0.155,-0.1542,18332891.0
2010-11-16,-0.1597,-0.1552,-0.1645,-0.164,18471223.0
2010-11-17,-0.1642,-0.155,-0.1672,-0.1587,13792117.0
2010-11-18,-0.1545,-0.1455,-0.1545,-0.1487,24814328.0
2010-11-19,-0.1495,-0.1367,-0.15,-0.138,17915198.0
2010-11-22,-0.1402,-0.1357,-0.1432,-0.1377,11519405.0
2010-11-23,-0.1417,-0.1382,-0.1482,-0.1457,11438211.0
2010-11-24,-0.1422,-0.1362,-0.1425,-0.1375,9946748.0
2010-11-26,-0.1377,-0.1357,-0.1417,-0.1417,3577967.0
2010-11-29,-0.1432,-0.1367,-0.1447,-0.138,11699762.0
2010-11-30,-0.1432,-0.1397,-0.1477,-0.1415,18022961.0
2010-12-01,-0.1347,-0.1245,-0.1352,-0.1265,15646230.0
2010-12-02,-0.1265,-0.12,-0.1267,-0.1222,13177627.0
2010-12-03,-0.124,-0.112,-0.1247,-0.112,15152794.0
2010-12-06,-0.1107,-0.11,-0.1205,-0.119,10952415.0
2010-12-07,-0.1077,-0.1,-0.1105,-0.1092,5703359.0
2010-12-08,-0.1077,-0.1,-0.1105,-0.104,15328971.0
2010-12-09,-0.113,-0.1077,-0.1182,-0.1102,23552747.0
2010-12-10,-0.1102,-0.1045,-0.1112,-0.108,11297538.0
2010-12-13,-0.1065,-0.1057,-0.1185,-0.1175,15223667.0
2010-12-14,-0.1105,-0.1037,-0.1175,-0.117,18766875.0
2010-12-15,-0.1162,-0.1117,-0.1255,-0.125,15603656.0
2010-12-16,-0.1212,-0.1192,-0.1255,-0.1245,15741055.0
2010-12-17,-0.1242,-0.1205,-0.1285,-0.1225,14836529.0
2010-12-20,-0.1212,-0.1195,-0.1242,-0.124,8587856.0
2010-12-21,-0.1205,-0.11,-0.1207,-0.11,11660707.0
2010-12-22,-0.1107,-0.1055,-0.1142,-0.106,11946320.0
2010-12-23,-0.106,-0.106,-0.1102,-0.1087,6844574.0
2010-12-27,-0.1097,-0.104,-0.1165,-0.1067,6384624.0
2010-12-28,-0.1067,-0.1042,-0.1105,-0.1082,4856433.0
2010-12-29,-0.1085,-0.1055,-0.1117,-0.1082,4441344.0
2010-12-30,-0.1087,-0.1047,-0.11,-0.107,4361723.0
2010-12-31,-0.1067,-0.0962,-0.1072,-0.0967,9782457.0
2011-01-03,-0.0937,-0.0825,-0.0942,-0.0862,20421513.0
2011-01-04,-0.0855,-0.0837,-0.0962,-0.0875,16278397.0
2011-01-05,-0.0802,-0.0567,-0.0842,-0.0572,35548473.0
2011-01-06,-0.0462,0.0018,-0.0475,0.0015,87250701.0
2011-01-07,-0.004,0.0165,-0.0147,0.015,64509431.0
2011-01-10,0.006,0.035,0.0023,0.034,42439172.0
2011-01-11,0.041,0.046,0.015,0.026,67770009.0
2011-01-12,0.0263,0.1025,0.0245,0.102,85660124.0
2011-01-13,0.0958,0.1143,0.0778,0.103,67343716.0
2011-01-14,0.093,0.1178,0.0895,0.108,39883784.0
2011-01-18,0.1,0.104,0.08,0.0943,45081092.0
2011-01-19,0.0945,0.1083,0.0773,0.0785,29909373.0
2011-01-20,0.073,0.0823,0.063,0.079,27780794.0
2011-01-21,0.085,0.093,0.0728,0.0738,18485615.0
2011-01-24,0.0993,0.1445,0.0928,0.1365,51393510.0
2011-01-25,0.1238,0.1433,0.1195,0.1318,26515639.0
2011-01-26,0.1238,0.1433,0.1195,0.1318,26430307.0
2011-01-27,0.1405,0.142,0.1183,0.13,16354626.0
2011-01-28,0.1315,0.1418,0.0983,0.1123,27190958.0
2011-01-31,0.1133,0.1245,0.1035,0.1163,18305072.0
2011-02-01,0.1215,0.1345,0.1175,0.13,16263512.0
2011-02-02,0.1265,0.1725,0.1265,0.1578,40045298.0
2011-02-03,0.1588,0.1588,0.132,0.1455,25728679.0
2011-02-04,0.1545,0.165,0.152,0.16,21533351.0
2011-02-07,0.1513,0.154,0.131,0.1333,23194304.0
2011-02-08,0.134,0.1378,0.1123,0.115,26818720.0
2011-02-09,0.1173,0.1233,0.0898,0.1005,31830031.0
2011-02-10,0.0875,0.0985,0.0833,0.0888,25929440.0
2011-02-11,0.0868,0.1235,0.0775,0.105,33861034.0
2011-02-14,0.112,0.1308,0.0938,0.096,32104118.0
2011-02-15,0.097,0.099,0.0795,0.082,22043189.0
2011-02-16,0.0895,0.111,0.0875,0.1028,28230372.0
2011-02-17,0.0863,0.1685,0.0835,0.1603,86514496.0
2011-02-18,0.1568,0.167,0.149,0.159,34863217.0
2011-02-22,0.138,0.1398,0.0965,0.0985,34704537.0
2011-02-23,0.0985,0.104,0.0628,0.071,37168751.0
2011-02-24,0.0738,0.0943,0.0698,0.0845,31035452.0
2011-02-25,0.0998,0.1058,0.0918,0.0963,19056436.0
2011-02-28,0.1058,0.106,0.0718,0.0848,22404834.0
2011-03-01,0.0858,0.093,0.0595,0.0595,24554048.0
2011-03-02,0.0588,0.069,0.0245,0.037,42862247.0
2011-03-03,0.049,0.052,0.0243,0.04,39656534.0
2011-03-04,0.0405,0.0458,0.0315,0.037,23802870.0
2011-03-07,0.041,0.0428,0.017,0.03,25426909.0
2011-03-08,0.0355,0.0383,-0.0037,0.007,48554745.0
2011-03-09,0.0055,0.0103,-0.0075,-0.0032,32877152.0
2011-03-10,-0.0142,-0.0107,-0.0342,-0.0337,42760761.0
2011-03-11,-0.0302,-0.018,-0.0402,-0.0305,37064087.0
2011-03-14,-0.027,-0.0155,-0.0342,-0.0267,24984818.0
2011-03-15,-0.049,-0.0327,-0.0565,-0.0402,30510126.0
2011-03-16,-0.0442,-0.023,-0.0492,-0.0437,36566273.0
2011-03-17,-0.0317,-0.031,-0.0517,-0.0352,30842269.0
2011-03-18,-0.0282,-0.0267,-0.0417,-0.0412,21297509.0
2011-03-21,-0.0317,-0.0272,-0.0422,-0.0377,18739658.0
2011-03-22,-0.039,-0.0347,-0.0475,-0.0457,17703999.0
2011-03-23,-0.0462,-0.0352,-0.0557,-0.0365,19532463.0
2011-03-24,-0.027,0.0045,-0.028,-0.001,44255414.0
2011-03-25,0.0033,0.0043,-0.0167,-0.016,29863452.0
2011-03-28,-0.005,0.0093,-0.0092,0.0013,29951515.0
2011-03-29,0.0013,0.003,-0.009,-0.0025,17731204.0
2011-03-30,0.0013,0.0033,-0.0265,-0.0205,29271807.0
2011-03-31,-0.0197,-0.0147,-0.0287,-0.0202,16236715.0
2011-04-01,-0.0142,-0.0137,-0.033,-0.0267,21073021.0
2011-04-04,-0.0267,-0.0255,-0.0462,-0.043,22598758.0
2011-04-05,-0.0365,-0.033,-0.0432,-0.0422,20329834.0
2011-04-06,-0.039,-0.0385,-0.049,-0.0452,21372398.0
2011-04-07,-0.0442,-0.0265,-0.046,-0.0292,25385799.0
2011-04-08,-0.0257,-0.0257,-0.0442,-0.043,18622967.0
2011-04-11,-0.0412,-0.039,-0.0535,-0.0487,13486276.0
2011-04-12,-0.053,-0.0445,-0.061,-0.0475,20913625.0
2011-04-13,-0.043,-0.035,-0.0485,-0.0377,18674965.0
2011-04-14,-0.0417,-0.0187,-0.0442,-0.019,31186141.0
2011-04-15,-0.0225,-0.0082,-0.0247,-0.014,24109000.0
2011-04-18,-0.025,-0.022,-0.0367,-0.0295,18510601.0
2011-04-19,-0.0292,-0.0275,-0.0435,-0.0312,16337162.0
2011-04-20,-0.0147,-0.008,-0.025,-0.0175,15995823.0
2011-04-21,-0.0125,-0.0097,-0.0197,-0.0187,10405138.0
2011-04-25,-0.0167,-0.0037,-0.017,-0.0115,15418185.0
2011-04-26,-0.0075,0.0055,-0.0122,0.0008,16684863.0
2011-04-27,0.0033,0.0033,-0.0092,0.0008,11227552.0
2011-04-28,0.0008,0.0158,-0.0047,0.006,16813571.0
2011-04-29,0.0093,0.0293,0.0085,0.0183,19734268.0
2011-05-02,0.0288,0.029,0.009,0.0115,15311782.0
2011-05-03,0.0058,0.0073,-0.018,-0.012,20069885.0
2011-05-04,-0.0105,-0.0052,-0.0242,-0.0155,15830068.0
2011-05-05,-0.0192,-0.0097,-0.0255,-0.0152,13483776.0
2011-05-06,-0.0055,0.0058,-0.0092,0.0013,20994989.0
2011-05-09,0.0028,0.0145,0.0015,0.012,17508583.0
2011-05-10,0.016,0.0165,0.0078,0.0128,17126771.0
2011-05-11,0.0153,0.0203,0.0083,0.015,15377519.0
2011-05-12,0.0133,0.0313,0.012,0.0308,27398645.0
2011-05-13,-0.0017,-0.0005,-0.0287,-0.0252,50381654.0
2011-05-16,-0.0265,-0.0255,-0.0395,-0.0392,18078482.0
2011-05-17,-0.0407,-0.0405,-0.0537,-0.041,35422897.0
2011-05-18,-0.0392,-0.027,-0.0407,-0.0307,16401568.0
2011-05-19,-0.0272,-0.027,-0.044,-0.0372,16208825.0
2011-05-20,-0.0382,-0.0285,-0.0402,-0.0295,14351472.0
2011-05-23,-0.036,-0.0267,-0.0417,-0.03,14567368.0
2011-05-24,-0.0277,-0.01,-0.029,-0.0282,17983086.0
2011-05-25,-0.0305,-0.0197,-0.035,-0.0227,13572724.0
2011-05-26,-0.0227,-0.0072,-0.024,-0.0112,17567251.0
2011-05-27,-0.0092,0.0065,-0.0097,0.0058,16420599.0
2011-05-31,0.0153,0.0195,0.0033,0.0193,29580597.0
2011-06-01,0.017,0.0178,-0.0042,-0.0032,18711283.0
2011-06-02,-0.0062,0.0003,-0.0107,-0.0062,19701450.0
2011-06-03,-0.011,-0.0067,-0.0225,-0.0202,13658915.0
2011-06-06,-0.021,-0.0167,-0.0305,-0.03,10783152.0
2011-06-07,-0.0265,-0.024,-0.0322,-0.0302,10793112.0
2011-06-08,-0.0325,-0.0297,-0.046,-0.0425,14143185.0
2011-06-09,-0.0427,-0.0417,-0.0632,-0.0475,18359888.0
2011-06-10,-0.0467,-0.0442,-0.0572,-0.0537,12277419.0
2011-06-13,-0.0537,-0.0482,-0.0597,-0.057,14341067.0
2011-06-14,-0.053,-0.0437,-0.055,-0.0532,13186368.0
2011-06-15,-0.059,-0.0565,-0.0712,-0.0625,23238787.0
2011-06-16,-0.0622,-0.056,-0.083,-0.077,25589574.0
2011-06-17,-0.0722,-0.072,-0.099,-0.0867,35140052.0
2011-06-20,-0.09,-0.0817,-0.0942,-0.0912,18624964.0
2011-06-21,-0.0897,-0.0797,-0.0935,-0.0827,17475186.0
2011-06-22,-0.0855,-0.0802,-0.089,-0.0882,16235631.0
2011-06-23,-0.0932,-0.074,-0.0967,-0.0765,18391591.0
2011-06-24,-0.0785,-0.075,-0.0907,-0.0882,12610004.0
2011-06-27,-0.0882,-0.0857,-0.1102,-0.0965,28442565.0
2011-06-28,-0.0965,-0.0897,-0.0992,-0.0942,17264780.0
2011-06-29,-0.0917,-0.0842,-0.1052,-0.0882,23971079.0
2011-06-30,-0.0872,-0.079,-0.0932,-0.0835,16102309.0
2011-07-01,-0.0832,-0.0765,-0.0912,-0.0782,13396378.0
2011-07-05,-0.0785,-0.0747,-0.0882,-0.0847,13218689.0
2011-07-06,-0.085,-0.0842,-0.0947,-0.09,13166441.0
2011-07-07,-0.088,-0.086,-0.0955,-0.0887,24578193.0
2011-07-08,-0.094,-0.0912,-0.0992,-0.096,15312307.0
2011-07-11,-0.1032,-0.1017,-0.1105,-0.1095,17794268.0
2011-07-12,-0.1112,-0.1077,-0.1207,-0.1145,21517027.0
2011-07-13,-0.1095,-0.107,-0.1187,-0.1152,15700968.0
2011-07-14,-0.1137,-0.1115,-0.1315,-0.1297,27051204.0
2011-07-15,-0.1277,-0.1255,-0.1365,-0.1292,20638684.0
2011-07-18,-0.132,-0.13,-0.1412,-0.137,20423111.0
2011-07-19,-0.1357,-0.1255,-0.1357,-0.1262,14966160.0
2011-07-20,-0.125,-0.123,-0.1317,-0.1307,16393221.0
2011-07-21,-0.1302,-0.1117,-0.1355,-0.1142,28297926.0
2011-07-22,-0.111,-0.1055,-0.1157,-0.1067,18236710.0
2011-07-25,-0.1125,-0.111,-0.118,-0.1127,14150590.0
2011-07-26,-0.1232,-0.1142,-0.127,-0.1217,17353530.0
2011-07-27,-0.1267,-0.125,-0.1362,-0.1355,16190737.0
2011-07-28,-0.1365,-0.1287,-0.142,-0.136,16101307.0
2011-07-29,-0.1395,-0.1327,-0.1412,-0.136,16890145.0
2011-08-01,-0.128,-0.1165,-0.131,-0.1175,25411247.0
2011-08-02,-0.12,-0.0972,-0.1212,-0.1212,33749195.0
2011-08-03,-0.1205,-0.1102,-0.124,-0.1115,19065106.0
2011-08-04,-0.1182,-0.1182,-0.1467,-0.1467,24271619.0
2011-08-05,-0.139,-0.1347,-0.1667,-0.158,31686224.0
2011-08-08,-0.1737,-0.1627,-0.1855,-0.1835,26779506.0
2011-08-09,-0.1777,-0.158,-0.1817,-0.1585,32950927.0
2011-08-10,-0.168,-0.159,-0.175,-0.1732,28336980.0
2011-08-11,-0.1732,-0.142,-0.1732,-0.1465,21613295.0
2011-08-12,-0.1107,-0.1102,-0.165,-0.1597,79759793.0
2011-08-15,-0.1565,-0.1467,-0.1582,-0.1475,21510961.0
2011-08-16,-0.1512,-0.1467,-0.163,-0.157,17632581.0
2011-08-17,-0.156,-0.1505,-0.1657,-0.1615,13766673.0
2011-08-18,-0.176,-0.173,-0.1867,-0.1832,19725956.0
2011-08-19,-0.1882,-0.172,-0.1905,-0.1885,18858070.0
2011-08-22,-0.1805,-0.1767,-0.1867,-0.1832,15169225.0
2011-08-23,-0.176,-0.1507,-0.1765,-0.151,23206001.0
2011-08-24,-0.1517,-0.1507,-0.1642,-0.1557,17095367.0
2011-08-25,-0.1622,-0.1565,-0.1702,-0.1697,17183238.0
2011-08-26,-0.171,-0.1532,-0.1765,-0.1565,17672862.0
2011-08-29,-0.1472,-0.1465,-0.155,-0.1477,14914296.0
2011-08-30,-0.15,-0.137,-0.1522,-0.1397,16784417.0
2011-08-31,-0.1372,-0.1337,-0.1517,-0.149,17330868.0
2011-09-01,-0.1445,-0.1372,-0.15,-0.1497,18838884.0
2011-09-02,-0.1572,-0.1527,-0.1612,-0.1587,11723853.0
2011-09-06,-0.1692,-0.1515,-0.1722,-0.1522,16913464.0
2011-09-07,-0.1255,-0.1157,-0.1352,-0.1255,39756585.0
2011-09-08,-0.129,-0.1205,-0.133,-0.1272,21829911.0
2011-09-09,-0.1302,-0.1207,-0.1377,-0.1347,21626464.0
2011-09-12,-0.1395,-0.1235,-0.1395,-0.1265,22700596.0
2011-09-13,-0.1235,-0.1167,-0.129,-0.1185,21130033.0
2011-09-14,-0.109,-0.095,-0.1092,-0.0997,38502069.0
2011-09-15,-0.0912,-0.0892,-0.0977,-0.0945,18739046.0
2011-09-16,-0.0935,-0.0792,-0.0972,-0.0952,34105303.0
2011-09-19,-0.1017,-0.099,-0.113,-0.1032,23890781.0
2011-09-20,-0.0985,-0.097,-0.1147,-0.113,19549618.0
2011-09-21,-0.111,-0.1047,-0.1202,-0.1202,17648802.0
2011-09-22,-0.1342,-0.1337,-0.1505,-0.144,32640123.0
2011-09-23,-0.146,-0.1272,-0.148,-0.137,25062587.0
2011-09-26,-0.1327,-0.1317,-0.1517,-0.1362,24101098.0
2011-09-27,-0.1275,-0.1245,-0.1385,-0.1357,19340390.0
2011-09-28,-0.135,-0.1262,-0.1517,-0.1462,30698339.0
2011-09-29,-0.1402,-0.1345,-0.163,-0.1545,21586446.0
2011-09-30,-0.1597,-0.158,-0.1695,-0.169,16773056.0
2011-10-03,-0.173,-0.1632,-0.1865,-0.1865,23557568.0
2011-10-04,-0.194,-0.1592,-0.195,-0.1592,33892783.0
2011-10-05,-0.16,-0.1447,-0.1665,-0.1477,21133354.0
2011-10-06,-0.146,-0.1335,-0.1465,-0.1345,19203744.0
2011-10-07,-0.133,-0.1227,-0.1402,-0.128,20115891.0
2011-10-10,-0.122,-0.1122,-0.1227,-0.1122,13216731.0
2011-10-11,-0.1152,-0.1092,-0.1175,-0.1162,20379215.0
2011-10-12,-0.1092,-0.109,-0.1167,-0.1165,15191002.0
2011-10-13,-0.1182,-0.0945,-0.1192,-0.0952,21280670.0
2011-10-14,-0.0885,-0.0845,-0.0982,-0.0887,17377850.0
2011-10-17,-0.0932,-0.0932,-0.1102,-0.1082,15191339.0
2011-10-18,-0.1102,-0.0937,-0.1125,-0.0947,14551837.0
2011-10-19,-0.0942,-0.0875,-0.1037,-0.1025,13669124.0
2011-10-20,-0.1127,-0.1112,-0.1357,-0.1215,24634069.0
2011-10-21,-0.117,-0.111,-0.1257,-0.1197,15425315.0
2011-10-24,-0.1182,-0.1005,-0.119,-0.1062,13334669.0
2011-10-25,-0.1115,-0.1085,-0.1212,-0.1205,14234331.0
2011-10-26,-0.1135,-0.1115,-0.1267,-0.1162,12417787.0
2011-10-27,-0.1027,-0.0967,-0.1112,-0.1005,14229243.0
2011-10-28,-0.1037,-0.0882,-0.1047,-0.0917,12073138.0
2011-10-31,-0.1042,-0.102,-0.1117,-0.1117,12926130.0
2011-11-01,-0.1252,-0.1242,-0.1337,-0.1302,19612131.0
2011-11-02,-0.1267,-0.125,-0.1435,-0.1365,23721634.0
2011-11-03,-0.1325,-0.1147,-0.1417,-0.1155,18104992.0
2011-11-04,-0.1187,-0.11,-0.1245,-0.111,16239294.0
2011-11-07,-0.114,-0.1077,-0.1217,-0.1132,15273778.0
2011-11-08,-0.1085,-0.1025,-0.1145,-0.1047,13633088.0
2011-11-09,-0.1135,-0.1087,-0.1252,-0.1237,13059925.0
2011-11-10,-0.115,-0.1112,-0.129,-0.12,23113648.0
2011-11-11,-0.1097,-0.1042,-0.13,-0.1072,43623398.0
2011-11-14,-0.1072,-0.1035,-0.1155,-0.1145,12346484.0
2011-11-15,-0.118,-0.1072,-0.119,-0.1097,12572929.0
2011-11-16,-0.1167,-0.107,-0.1185,-0.1172,12736103.0
2011-11-17,-0.118,-0.117,-0.1367,-0.1302,16264634.0
2011-11-18,-0.1282,-0.1282,-0.1375,-0.1335,12481528.0
2011-11-21,-0.139,-0.1125,-0.1442,-0.116,33114522.0
2011-11-22,-0.112,-0.1027,-0.1142,-0.1047,32105400.0
2011-11-23,-0.1087,-0.106,-0.121,-0.1207,20529063.0
2011-11-25,-0.1255,-0.1172,-0.1317,-0.1307,10165406.0
2011-11-28,-0.1192,-0.1055,-0.1192,-0.111,16974912.0
2011-11-29,-0.1115,-0.1042,-0.115,-0.109,15516362.0
2011-11-30,-0.0977,-0.09,-0.101,-0.091,17774453.0
2011-12-01,-0.0942,-0.0852,-0.096,-0.0862,13177204.0
2011-12-02,-0.082,-0.0805,-0.0925,-0.0887,13594293.0
2011-12-05,-0.0822,-0.0817,-0.098,-0.0947,15771699.0
2011-12-06,-0.0925,-0.0917,-0.1042,-0.1002,14224637.0
2011-12-07,-0.1027,-0.0997,-0.1105,-0.1025,12703087.0
2011-12-08,-0.1062,-0.1,-0.1157,-0.1145,12243705.0
2011-12-09,-0.1172,-0.1062,-0.1225,-0.1092,13810663.0
2011-12-12,-0.1172,-0.1157,-0.1252,-0.1185,14269183.0
2011-12-13,-0.1137,-0.1092,-0.1307,-0.1285,12797636.0
2011-12-14,-0.1315,-0.1295,-0.146,-0.1422,15815499.0
2011-12-15,-0.1365,-0.1342,-0.146,-0.1452,10788847.0
2011-12-16,-0.1425,-0.136,-0.1455,-0.144,14225261.0
2011-12-19,-0.1425,-0.1385,-0.154,-0.153,11513832.0
2011-12-20,-0.1452,-0.133,-0.1452,-0.1342,9879062.0
2011-12-21,-0.1362,-0.1325,-0.1455,-0.1387,13602341.0
2011-12-22,-0.1377,-0.123,-0.1377,-0.1242,14358095.0
2011-12-23,-0.1222,-0.1217,-0.1305,-0.1275,6158752.0
2011-12-27,-0.129,-0.1247,-0.1312,-0.1302,4876766.0
2011-12-28,-0.1302,-0.1297,-0.1392,-0.139,5821948.0
2011-12-29,-0.1355,-0.1317,-0.1405,-0.1325,5236241.0
2011-12-30,-0.1337,-0.13,-0.1357,-0.1352,4604791.0
2012-01-03,-0.1242,-0.1217,-0.1315,-0.1307,11645036.0
2012-01-04,-0.1305,-0.1252,-0.1337,-0.1267,8641714.0
2012-01-05,-0.1285,-0.1122,-0.13,-0.114,13977716.0
2012-01-06,-0.1142,-0.114,-0.1225,-0.1182,12460687.0
2012-01-09,-0.118,-0.1112,-0.1207,-0.1182,12660489.0
2012-01-10,-0.1127,-0.1125,-0.1222,-0.1197,13558055.0
2012-01-11,-0.123,-0.1197,-0.1285,-0.127,12041736.0
2012-01-12,-0.1262,-0.126,-0.137,-0.1292,16276988.0
2012-01-13,-0.1317,-0.131,-0.1402,-0.1385,12431355.0
2012-01-17,-0.1332,-0.1332,-0.1442,-0.1437,15633913.0
2012-01-18,-0.1372,-0.1295,-0.1392,-0.1322,15759697.0
2012-01-19,-0.1292,-0.1225,-0.133,-0.123,15077233.0
2012-01-20,-0.1235,-0.1192,-0.1275,-0.1262,13489549.0
2012-01-23,-0.126,-0.1162,-0.1305,-0.1165,13490376.0
2012-01-24,-0.119,-0.1067,-0.1192,-0.1082,17837223.0
2012-01-25,-0.1182,-0.1095,-0.1287,-0.1105,31774307.0
2012-01-26,-0.105,-0.1007,-0.116,-0.114,19913927.0
2012-01-27,-0.1162,-0.107,-0.1192,-0.109,11226483.0
2012-01-30,-0.1155,-0.11,-0.121,-0.1117,9925889.0
2012-01-31,-0.1107,-0.1105,-0.119,-0.1125,8862236.0
2012-02-01,-0.1082,-0.1042,-0.1135,-0.1085,10640664.0
2012-02-02,-0.1065,-0.093,-0.1102,-0.0947,17379903.0
2012-02-03,-0.0887,-0.083,-0.0895,-0.0862,12354246.0
2012-02-06,-0.0882,-0.0877,-0.0927,-0.0895,6937125.0
2012-02-07,-0.0887,-0.086,-0.0952,-0.0882,10232143.0
2012-02-08,-0.0882,-0.0662,-0.0902,-0.074,21058839.0
2012-02-09,-0.069,-0.0667,-0.075,-0.0742,14004194.0
2012-02-10,-0.0782,-0.0767,-0.0865,-0.0845,10889900.0
2012-02-13,-0.0742,-0.0727,-0.0862,-0.078,15224290.0
2012-02-14,-0.078,-0.0722,-0.0815,-0.0757,11278558.0
2012-02-15,-0.072,-0.0592,-0.0785,-0.0775,26523946.0
2012-02-16,-0.1052,-0.0672,-0.1067,-0.0705,47171151.0
2012-02-17,-0.0705,-0.0675,-0.0892,-0.0855,25411161.0
2012-02-21,-0.0857,-0.0737,-0.0865,-0.0837,12894017.0
2012-02-22,-0.0855,-0.0817,-0.0917,-0.084,8026426.0
2012-02-23,-0.0855,-0.0817,-0.0917,-0.084,8026426.0
2012-02-24,-0.0827,-0.0822,-0.0887,-0.087,9105621.0
2012-02-27,-0.092,-0.0902,-0.1007,-0.095,18546391.0
2012-02-28,-0.095,-0.0905,-0.1025,-0.0985,17276737.0
2012-02-29,-0.0972,-0.0907,-0.1032,-0.103,17061281.0
2012-03-01,-0.1015,-0.096,-0.103,-0.1005,11136707.0
2012-03-02,-0.1017,-0.0917,-0.1017,-0.0972,17050639.0
2012-03-05,-0.1,-0.0992,-0.113,-0.1102,12850135.0
2012-03-06,-0.1145,-0.1115,-0.1202,-0.1137,11693049.0
2012-03-07,-0.1117,-0.11,-0.1167,-0.1115,11045392.0
2012-03-08,-0.1105,-0.1065,-0.1125,-0.1105,10752965.0
2012-03-09,-0.1092,-0.1065,-0.1132,-0.1112,9159702.0
2012-03-12,-0.1097,-0.1072,-0.118,-0.1172,7446454.0
2012-03-13,-0.1155,-0.11,-0.1172,-0.112,13769537.0
2012-03-14,-0.112,-0.1115,-0.1237,-0.1227,18118504.0
2012-03-15,-0.1215,-0.1152,-0.1227,-0.1172,9525130.0
2012-03-16,-0.117,-0.1152,-0.119,-0.117,6244683.0
2012-03-19,-0.1147,-0.113,-0.1175,-0.1157,10117744.0
2012-03-20,-0.1177,-0.1177,-0.125,-0.1217,11101811.0
2012-03-21,-0.1217,-0.117,-0.1257,-0.1202,11695252.0
2012-03-22,-0.123,-0.1177,-0.124,-0.1207,10618199.0
2012-03-23,-0.1217,-0.117,-0.1242,-0.1182,7856711.0
2012-03-26,-0.1145,-0.112,-0.118,-0.1137,5633837.0
2012-03-27,-0.1122,-0.1067,-0.113,-0.1112,10482065.0
2012-03-28,-0.1065,-0.0977,-0.1092,-0.1027,22273667.0
2012-03-29,-0.1032,-0.098,-0.108,-0.101,9305270.0
2012-03-30,-0.0977,-0.0945,-0.1032,-0.097,13120302.0
2012-04-02,-0.0977,-0.0945,-0.104,-0.0985,10157406.0
2012-04-03,-0.0957,-0.0955,-0.1067,-0.1047,10679720.0
2012-04-04,-0.1105,-0.1057,-0.1177,-0.1155,12314649.0
2012-04-05,-0.115,-0.1105,-0.1172,-0.116,7120881.0
2012-04-09,-0.1217,-0.1195,-0.1277,-0.1207,9045665.0
2012-04-10,-0.1222,-0.1172,-0.1295,-0.1277,11684198.0
2012-04-11,-0.123,-0.1155,-0.1242,-0.1232,9231875.0
2012-04-12,-0.1227,-0.1127,-0.1242,-0.1147,9470031.0
2012-04-13,-0.118,-0.1162,-0.128,-0.1277,7743789.0
2012-04-16,-0.1252,-0.1242,-0.1377,-0.132,11566631.0
2012-04-17,-0.131,-0.1267,-0.1325,-0.1312,11444792.0
2012-04-18,-0.1335,-0.1317,-0.1392,-0.135,9980838.0
2012-04-19,-0.1395,-0.1265,-0.142,-0.14,14978475.0
2012-04-20,-0.1382,-0.1372,-0.1477,-0.147,12544221.0
2012-04-23,-0.1527,-0.1497,-0.159,-0.151,17539719.0
2012-04-24,-0.15,-0.1472,-0.163,-0.1612,18190026.0
2012-04-25,-0.1565,-0.1522,-0.1625,-0.1547,17990917.0
2012-04-26,-0.155,-0.1517,-0.1572,-0.1545,13396489.0
2012-04-27,-0.155,-0.1532,-0.1607,-0.1572,11499360.0
2012-04-30,-0.159,-0.155,-0.1612,-0.1567,6476103.0
2012-05-01,-0.1585,-0.1475,-0.1585,-0.151,10201411.0
2012-05-02,-0.1522,-0.151,-0.1622,-0.1605,17005885.0
2012-05-03,-0.1597,-0.158,-0.168,-0.166,10396780.0
2012-05-04,-0.168,-0.1662,-0.1752,-0.1752,13572099.0
2012-05-07,-0.1697,-0.1645,-0.1725,-0.17,15098349.0
2012-05-08,-0.1727,-0.1682,-0.1782,-0.1702,11520904.0
2012-05-09,-0.1757,-0.1665,-0.1787,-0.169,12983152.0
2012-05-10,-0.166,-0.1655,-0.1762,-0.1712,14798567.0
2012-05-11,-0.1455,-0.1397,-0.1527,-0.1515,35766288.0
2012-05-14,-0.1542,-0.1485,-0.161,-0.1535,10880743.0
2012-05-15,-0.1535,-0.1462,-0.1582,-0.1567,14925337.0
2012-05-16,-0.1562,-0.1525,-0.1642,-0.1635,11658200.0
2012-05-17,-0.162,-0.159,-0.1655,-0.1655,8283545.0
2012-05-18,-0.1647,-0.1632,-0.1812,-0.1797,14042398.0
2012-05-21,-0.1792,-0.173,-0.1815,-0.1745,10289340.0
2012-05-22,-0.1747,-0.1742,-0.1827,-0.1782,10197797.0
2012-05-23,-0.1815,-0.1702,-0.1862,-0.1707,12274442.0
2012-05-24,-0.169,-0.1685,-0.1812,-0.179,12984540.0
2012-05-25,-0.1792,-0.1692,-0.1792,-0.1717,9766304.0
2012-05-29,-0.1667,-0.1617,-0.168,-0.1637,7656957.0
2012-05-30,-0.1672,-0.165,-0.173,-0.1675,9434401.0
2012-05-31,-0.1675,-0.1662,-0.175,-0.171,8710651.0
2012-06-01,-0.1775,-0.1745,-0.1827,-0.1822,10914736.0
2012-06-04,-0.1807,-0.179,-0.191,-0.1885,10760198.0
2012-06-05,-0.19,-0.1792,-0.19,-0.1802,9066902.0
2012-06-06,-0.1777,-0.1712,-0.18,-0.172,9145020.0
2012-06-07,-0.1675,-0.1657,-0.1847,-0.1845,12845494.0
2012-06-08,-0.1835,-0.1777,-0.184,-0.1787,9086442.0
2012-06-11,-0.169,-0.1635,-0.176,-0.1752,20855381.0
2012-06-12,-0.1717,-0.166,-0.1722,-0.169,12325467.0
2012-06-13,-0.1692,-0.1685,-0.1787,-0.1772,11947080.0
2012-06-14,-0.1777,-0.1752,-0.184,-0.181,14728891.0
2012-06-15,-0.1787,-0.1742,-0.1815,-0.1745,9047739.0
2012-06-18,-0.1767,-0.1692,-0.1792,-0.1717,7542830.0
2012-06-19,-0.159,-0.146,-0.1605,-0.151,23935632.0
2012-06-20,-0.1475,-0.1392,-0.1495,-0.1455,24187296.0
2012-06-21,-0.1457,-0.1457,-0.1615,-0.161,12743771.0
2012-06-22,-0.1567,-0.153,-0.1612,-0.157,13849120.0
2012-06-25,-0.1565,-0.1555,-0.1682,-0.167,12168811.0
2012-06-26,-0.1652,-0.1612,-0.1697,-0.1635,10876177.0
2012-06-27,-0.1632,-0.151,-0.1632,-0.1532,12618948.0
2012-06-28,-0.1562,-0.1487,-0.159,-0.1507,13592071.0
2012-07-02,-0.1345,-0.1342,-0.1482,-0.1457,14511730.0
2012-07-03,-0.1455,-0.136,-0.1457,-0.1367,5483773.0
2012-07-05,-0.139,-0.1375,-0.1455,-0.1402,6957110.0
2012-07-06,-0.1427,-0.1417,-0.1505,-0.1467,8699334.0
2012-07-09,-0.1487,-0.1472,-0.154,-0.1512,7591347.0
2012-07-10,-0.1547,-0.145,-0.1637,-0.1612,12690419.0
2012-07-11,-0.1602,-0.1562,-0.168,-0.1665,12091843.0
2012-07-12,-0.17,-0.1695,-0.1747,-0.1717,11752819.0
2012-07-13,-0.1715,-0.1665,-0.1735,-0.168,8033411.0
2012-07-16,-0.1697,-0.1642,-0.1727,-0.167,8245379.0
2012-07-17,-0.1657,-0.164,-0.1777,-0.1725,11141053.0
2012-07-18,-0.1732,-0.1507,-0.1747,-0.1552,15327316.0
2012-07-19,-0.153,-0.1477,-0.1552,-0.1522,9978343.0
2012-07-20,-0.154,-0.1517,-0.165,-0.1617,11261252.0
2012-07-23,-0.17,-0.155,-0.1735,-0.1572,11240843.0
2012-07-24,-0.1567,-0.1547,-0.1647,-0.1607,8526191.0
2012-07-25,-0.1617,-0.1512,-0.1632,-0.1545,10320413.0
2012-07-26,-0.1485,-0.1447,-0.1555,-0.153,8405910.0
2012-07-27,-0.1517,-0.1437,-0.1542,-0.145,9399857.0
2012-07-30,-0.1447,-0.1405,-0.1512,-0.1485,9031259.0
2012-07-31,-0.1485,-0.1385,-0.149,-0.1432,9543541.0
2012-08-01,-0.1412,-0.138,-0.1485,-0.147,8392350.0
2012-08-02,-0.1487,-0.1407,-0.1542,-0.1457,9168913.0
2012-08-03,-0.1405,-0.1352,-0.1485,-0.1387,8133644.0
2012-08-06,-0.1355,-0.1297,-0.136,-0.1315,8944222.0
2012-08-07,-0.1272,-0.1242,-0.13,-0.128,10147941.0
2012-08-08,-0.1282,-0.1222,-0.1292,-0.126,11665015.0
2012-08-09,-0.1255,-0.1132,-0.126,-0.114,19076241.0
2012-08-10,-0.1042,-0.1012,-0.121,-0.1162,31947100.0
2012-08-13,-0.1157,-0.1112,-0.1172,-0.1115,11143572.0
2012-08-14,-0.1102,-0.1097,-0.1185,-0.117,9633759.0
2012-08-15,-0.1157,-0.1127,-0.1217,-0.1197,14847168.0
2012-08-16,-0.1165,-0.1112,-0.1177,-0.1122,9229427.0
2012-08-17,-0.1122,-0.1122,-0.1187,-0.1155,7738097.0
2012-08-20,-0.1167,-0.115,-0.121,-0.1155,7853504.0
2012-08-21,-0.1142,-0.112,-0.1202,-0.1165,7937319.0
2012-08-22,-0.1187,-0.1142,-0.12,-0.1157,7815225.0
2012-08-23,-0.1165,-0.1162,-0.1255,-0.1242,9392711.0
2012-08-24,-0.124,-0.115,-0.1247,-0.1167,7467060.0
2012-08-27,-0.117,-0.116,-0.1232,-0.123,8476272.0
2012-08-28,-0.1257,-0.121,-0.1265,-0.1245,7729455.0
2012-08-29,-0.1247,-0.1215,-0.1255,-0.1237,6173756.0
2012-08-30,-0.1245,-0.1232,-0.1322,-0.1305,7582224.0
2012-08-31,-0.128,-0.1255,-0.1345,-0.131,11751687.0
2012-09-04,-0.1367,-0.1355,-0.153,-0.15,17288941.0
2012-09-05,-0.1485,-0.1437,-0.1522,-0.1487,11977809.0
2012-09-06,-0.1462,-0.1295,-0.1465,-0.1385,16337310.0
2012-09-07,-0.1472,-0.1445,-0.158,-0.1467,19472562.0
2012-09-10,-0.1475,-0.1427,-0.1505,-0.1497,9202413.0
2012-09-11,-0.15,-0.1405,-0.1512,-0.1457,9560559.0
2012-09-12,-0.143,-0.1402,-0.1462,-0.142,8049339.0
2012-09-13,-0.139,-0.1377,-0.1462,-0.14,10781699.0
2012-09-14,-0.14,-0.1297,-0.14,-0.1357,8418980.0
2012-09-17,-0.135,-0.135,-0.149,-0.1452,12243339.0
2012-09-18,-0.149,-0.139,-0.1495,-0.143,8979717.0
2012-09-19,-0.1422,-0.1342,-0.1462,-0.139,9544123.0
2012-09-20,-0.1397,-0.138,-0.1442,-0.1415,7970221.0
2012-09-21,-0.141,-0.138,-0.1422,-0.1402,8113993.0
2012-09-24,-0.1455,-0.1397,-0.1462,-0.1402,8846088.0
2012-09-25,-0.1357,-0.1342,-0.147,-0.1465,11941139.0
2012-09-26,-0.1477,-0.1477,-0.1562,-0.1522,10885708.0
2012-09-27,-0.1515,-0.1492,-0.1542,-0.15,13874670.0
2012-09-28,-0.1512,-0.1435,-0.1557,-0.1482,12070915.0
2012-10-01,-0.1467,-0.1447,-0.155,-0.154,12530757.0
2012-10-02,-0.1515,-0.1515,-0.1562,-0.1525,7322103.0
2012-10-03,-0.1517,-0.1507,-0.1575,-0.156,9110205.0
2012-10-04,-0.155,-0.1392,-0.1567,-0.1412,12510053.0
2012-10-05,-0.1402,-0.1367,-0.1505,-0.1492,12052095.0
2012-10-08,-0.1505,-0.149,-0.155,-0.1525,5986779.0
2012-10-09,-0.153,-0.152,-0.1605,-0.1595,9068225.0
2012-10-10,-0.161,-0.1595,-0.1662,-0.165,8153950.0
2012-10-11,-0.162,-0.161,-0.1657,-0.1632,7997254.0
2012-10-12,-0.1655,-0.163,-0.168,-0.166,6516465.0
2012-10-15,-0.1655,-0.1617,-0.1692,-0.162,6190155.0
2012-10-16,-0.1592,-0.1517,-0.1622,-0.1527,9076976.0
2012-10-17,-0.1567,-0.1537,-0.16,-0.1552,9774107.0
2012-10-18,-0.156,-0.156,-0.1617,-0.1602,6339451.0
2012-10-19,-0.165,-0.1627,-0.181,-0.1792,17705685.0
2012-10-22,-0.1777,-0.176,-0.185,-0.1825,11975444.0
2012-10-23,-0.1852,-0.1715,-0.186,-0.1735,14295844.0
2012-10-24,-0.1715,-0.1702,-0.1805,-0.1775,8280331.0
2012-10-25,-0.175,-0.1717,-0.1785,-0.1772,7572995.0
2012-10-26,-0.1767,-0.175,-0.1805,-0.1805,9579255.0
2012-10-31,-0.1792,-0.1767,-0.183,-0.1825,8645905.0
2012-11-01,-0.1807,-0.1677,-0.181,-0.168,11802340.0
2012-11-02,-0.1647,-0.1642,-0.1715,-0.1695,6343498.0
2012-11-05,-0.1702,-0.155,-0.1702,-0.1562,10943588.0
2012-11-06,-0.1555,-0.1555,-0.162,-0.1565,8668912.0
2012-11-07,-0.159,-0.157,-0.168,-0.1665,8070203.0
2012-11-08,-0.163,-0.1547,-0.1655,-0.1647,20006528.0
2012-11-09,-0.163,-0.1595,-0.178,-0.177,21126908.0
2012-11-12,-0.1765,-0.1752,-0.1867,-0.184,15766137.0
2012-11-13,-0.1852,-0.1785,-0.1862,-0.186,12191235.0
2012-11-14,-0.1842,-0.1812,-0.1935,-0.1932,15074601.0
2012-11-15,-0.1915,-0.184,-0.194,-0.192,11653309.0
2012-11-16,-0.192,-0.191,-0.203,-0.1972,15340454.0
2012-11-19,-0.192,-0.1882,-0.1955,-0.1895,9977358.0
2012-11-20,-0.1922,-0.191,-0.1975,-0.1945,8411007.0
2012-11-21,-0.1945,-0.1855,-0.1947,-0.1862,10423116.0
2012-11-23,-0.185,-0.1807,-0.1867,-0.1842,6923263.0
2012-11-26,-0.1837,-0.1782,-0.1842,-0.1792,9095395.0
2012-11-27,-0.1802,-0.1732,-0.1827,-0.178,11245169.0
2012-11-28,-0.179,-0.1737,-0.1827,-0.1752,9560531.0
2012-11-29,-0.1747,-0.1732,-0.1817,-0.1807,12203468.0
2012-11-30,-0.181,-0.1787,-0.1842,-0.1825,11113945.0
2012-12-03,-0.1787,-0.1787,-0.1887,-0.188,9779103.0
2012-12-04,-0.1875,-0.1787,-0.1892,-0.1795,13180277.0
2012-12-05,-0.1817,-0.1797,-0.187,-0.1827,15596926.0
2012-12-06,-0.1835,-0.1802,-0.1847,-0.1822,10253100.0
2012-12-07,-0.182,-0.1805,-0.1862,-0.183,8420800.0
2012-12-10,-0.1827,-0.1705,-0.1835,-0.1727,12803319.0
2012-12-11,-0.1717,-0.1615,-0.1725,-0.1655,20364707.0
2012-12-12,-0.1645,-0.1627,-0.17,-0.1687,9976184.0
2012-12-13,-0.1692,-0.1625,-0.1715,-0.1685,9313148.0
2012-12-14,-0.1672,-0.1637,-0.1695,-0.167,8436589.0
2012-12-17,-0.1677,-0.166,-0.173,-0.1685,11113424.0
2012-12-18,-0.1682,-0.1642,-0.1692,-0.1677,10351990.0
2012-12-19,-0.1655,-0.1617,-0.1667,-0.1655,11440971.0
2012-12-20,-0.1642,-0.164,-0.1692,-0.1657,8164781.0
2012-12-21,-0.17,-0.17,-0.1765,-0.173,10892499.0
2012-12-24,-0.1732,-0.1722,-0.1765,-0.1755,3188164.0
2012-12-26,-0.1762,-0.1712,-0.177,-0.1757,4889232.0
2012-12-27,-0.1752,-0.1747,-0.1812,-0.1777,7438343.0
2012-12-28,-0.1805,-0.1745,-0.181,-0.1792,5464908.0
2012-12-31,-0.1802,-0.174,-0.181,-0.1752,8088766.0
2013-01-02,-0.1677,-0.1635,-0.169,-0.1637,11898563.0
2013-01-03,-0.1637,-0.16,-0.1672,-0.1635,7354489.0
2013-01-04,-0.163,-0.152,-0.164,-0.153,12997638.0
2013-01-07,-0.1532,-0.1522,-0.1647,-0.1625,15244674.0
2013-01-08,-0.1617,-0.1607,-0.1717,-0.1695,11577178.0
2013-01-09,-0.167,-0.1655,-0.1785,-0.1765,17344910.0
2013-01-10,-0.1737,-0.1722,-0.1777,-0.176,12607663.0
2013-01-11,-0.1747,-0.1745,-0.1795,-0.1765,12771646.0
2013-01-14,-0.1745,-0.1745,-0.1802,-0.1767,7604417.0
2013-01-15,-0.1782,-0.1782,-0.184,-0.1822,9332937.0
2013-01-16,-0.1827,-0.177,-0.1827,-0.1795,8373661.0
2013-01-17,-0.1785,-0.1742,-0.1792,-0.1755,14453913.0
2013-01-18,-0.1755,-0.1755,-0.1812,-0.1775,9890885.0
2013-01-22,-0.1777,-0.175,-0.1805,-0.179,7670111.0
2013-01-23,-0.178,-0.1777,-0.1817,-0.1785,10424112.0
2013-01-24,-0.1795,-0.1757,-0.181,-0.177,9825975.0
2013-01-25,-0.1765,-0.1712,-0.178,-0.1715,9790244.0
2013-01-28,-0.17,-0.1645,-0.1707,-0.1665,10559007.0
2013-01-29,-0.1677,-0.167,-0.1745,-0.1732,9692429.0
2013-01-30,-0.173,-0.1687,-0.175,-0.1737,7084090.0
2013-01-31,-0.1737,-0.1702,-0.1772,-0.1752,11703814.0
2013-02-01,-0.1727,-0.1715,-0.1752,-0.1725,7180247.0
2013-02-04,-0.1742,-0.168,-0.178,-0.1777,12681059.0
2013-02-05,-0.1762,-0.169,-0.1772,-0.1707,9057961.0
2013-02-06,-0.1782,-0.1707,-0.18,-0.1732,13192054.0
2013-02-07,-0.1742,-0.1717,-0.1775,-0.1745,10980599.0
2013-02-08,-0.1725,-0.17,-0.1745,-0.1725,7648719.0
2013-02-11,-0.17,-0.166,-0.173,-0.169,10204066.0
2013-02-12,-0.172,-0.1677,-0.1722,-0.171,6896913.0
2013-02-13,-0.1707,-0.1652,-0.1735,-0.1725,20200528.0
2013-02-14,-0.1767,-0.1632,-0.1805,-0.1635,22017398.0
2013-02-15,-0.1642,-0.162,-0.1705,-0.1635,18276606.0
2013-02-19,-0.1632,-0.163,-0.1697,-0.168,10792475.0
2013-02-20,-0.1667,-0.1617,-0.1732,-0.1722,17703415.0
2013-02-21,-0.1727,-0.1692,-0.1752,-0.1745,13979137.0
2013-02-22,-0.1725,-0.1685,-0.1742,-0.1687,9162513.0
2013-02-25,-0.168,-0.1655,-0.1747,-0.1742,16057032.0
2013-02-26,-0.1736,-0.1691,-0.1746,-0.1706,11978751.0
2013-02-27,-0.1706,-0.1626,-0.1714,-0.1649,11910284.0
2013-02-28,-0.1659,-0.1586,-0.1671,-0.1634,14686759.0
2013-03-01,-0.1656,-0.1611,-0.1686,-0.1621,9695029.0
2013-03-04,-0.1644,-0.1606,-0.1669,-0.1636,8811151.0
2013-03-05,-0.1616,-0.1594,-0.1634,-0.1599,9063261.0
2013-03-06,-0.1579,-0.1549,-0.1616,-0.1601,8537209.0
2013-03-07,-0.1584,-0.1551,-0.1629,-0.1609,7844700.0
2013-03-08,-0.1601,-0.1579,-0.1616,-0.1594,6137168.0
2013-03-11,-0.1626,-0.1611,-0.1651,-0.1626,7464415.0
2013-03-12,-0.1629,-0.1604,-0.1659,-0.1614,7754412.0
2013-03-13,-0.1614,-0.1561,-0.1644,-0.1614,12121452.0
2013-03-14,-0.1594,-0.1584,-0.1631,-0.1611,9557074.0
2013-03-15,-0.1611,-0.1611,-0.1651,-0.1639,8450702.0
2013-03-18,-0.1659,-0.1631,-0.1684,-0.1661,7399368.0
2013-03-19,-0.1659,-0.1644,-0.1704,-0.1681,8831244.0
2013-03-20,-0.1651,-0.1634,-0.1681,-0.1644,8458794.0
2013-03-21,-0.1661,-0.1656,-0.1699,-0.1694,8387411.0
2013-03-22,-0.1684,-0.1666,-0.1696,-0.1679,5713396.0
2013-03-25,-0.1661,-0.1659,-0.1719,-0.1696,9003257.0
2013-03-26,-0.1689,-0.1671,-0.1701,-0.1674,5786897.0
2013-03-27,-0.1686,-0.1619,-0.1694,-0.1636,6360536.0
2013-03-28,-0.1644,-0.1589,-0.1666,-0.1591,7992841.0
2013-04-01,-0.1599,-0.1599,-0.1719,-0.1696,10993434.0
2013-04-02,-0.1694,-0.1686,-0.1749,-0.1731,9239866.0
2013-04-03,-0.1734,-0.1716,-0.1789,-0.1769,8707212.0
2013-04-04,-0.1776,-0.1726,-0.1786,-0.1739,6841673.0
2013-04-05,-0.1781,-0.1684,-0.1789,-0.1684,12325882.0
2013-04-08,-0.1681,-0.1681,-0.1751,-0.1691,8116834.0
2013-04-09,-0.1689,-0.1619,-0.1711,-0.1641,9481739.0
2013-04-10,-0.1639,-0.1586,-0.1646,-0.1591,9542805.0
2013-04-11,-0.1636,-0.1586,-0.1724,-0.1606,24206689.0
2013-04-12,-0.1591,-0.1491,-0.1619,-0.1526,19197740.0
2013-04-15,-0.1536,-0.1526,-0.1614,-0.1594,10643813.0
2013-04-16,-0.1564,-0.1536,-0.1581,-0.1559,11652920.0
2013-04-17,-0.1584,-0.1554,-0.1621,-0.1604,13190434.0
2013-04-18,-0.1594,-0.1574,-0.1664,-0.1664,10005504.0
2013-04-19,-0.1666,-0.1649,-0.1706,-0.1656,7514942.0
2013-04-22,-0.1659,-0.1624,-0.1684,-0.1651,6103032.0
2013-04-23,-0.1624,-0.1536,-0.1629,-0.1569,9347265.0
2013-04-24,-0.1559,-0.1431,-0.1561,-0.1459,13845654.0
2013-04-25,-0.1441,-0.1424,-0.1471,-0.1431,8810656.0
2013-04-26,-0.1436,-0.1431,-0.1466,-0.1446,7942051.0
2013-04-29,-0.1441,-0.1394,-0.1456,-0.1406,6691479.0
2013-04-30,-0.1399,-0.1356,-0.1421,-0.1356,6736200.0
2013-05-01,-0.1356,-0.1334,-0.1399,-0.1386,8459493.0
2013-05-02,-0.1389,-0.1336,-0.1409,-0.1346,8015687.0
2013-05-03,-0.1324,-0.1306,-0.1344,-0.1331,7135906.0
2013-05-06,-0.1331,-0.1314,-0.1361,-0.1341,5314425.0
2013-05-07,-0.1341,-0.1334,-0.1419,-0.1386,11130475.0
2013-05-08,-0.1381,-0.1304,-0.1394,-0.1324,8298358.0
2013-05-09,-0.1386,-0.1306,-0.1391,-0.1321,13490457.0
2013-05-10,-0.1249,-0.1149,-0.1249,-0.1164,21423224.0
2013-05-13,-0.1189,-0.1174,-0.1254,-0.1239,7177239.0
2013-05-14,-0.1196,-0.1156,-0.1234,-0.1186,11261290.0
2013-05-15,-0.1204,-0.1111,-0.1204,-0.1126,7769988.0
2013-05-16,-0.1129,-0.1091,-0.1154,-0.1141,7676036.0
2013-05-17,-0.1124,-0.1056,-0.1151,-0.1081,7722192.0
2013-05-20,-0.1096,-0.1076,-0.1109,-0.1089,5837352.0
2013-05-21,-0.1067,-0.1035,-0.1112,-0.105,8689074.0
2013-05-22,-0.1035,-0.1035,-0.1195,-0.118,11949607.0
2013-05-23,-0.1222,-0.1112,-0.1232,-0.1122,9785947.0
2013-05-24,-0.1142,-0.1112,-0.1185,-0.1145,7063769.0
2013-05-28,-0.1117,-0.1107,-0.1182,-0.1147,6940782.0
2013-05-29,-0.117,-0.1147,-0.1185,-0.117,8332364.0
2013-05-30,-0.1175,-0.1087,-0.1185,-0.1122,7052563.0
2013-05-31,-0.1142,-0.109,-0.1162,-0.1162,11754819.0
2013-06-03,-0.1157,-0.113,-0.1242,-0.1167,10861856.0
2013-06-04,-0.1145,-0.108,-0.1185,-0.1162,8937684.0
2013-06-05,-0.1167,-0.114,-0.125,-0.124,11523383.0
2013-06-06,-0.124,-0.119,-0.1242,-0.1217,7985364.0
2013-06-07,-0.1192,-0.1145,-0.1207,-0.117,6848565.0
2013-06-10,-0.1177,-0.1147,-0.1197,-0.117,5550621.0
2013-06-11,-0.1217,-0.1167,-0.1237,-0.1237,7327355.0
2013-06-12,-0.122,-0.1192,-0.1287,-0.1267,7785235.0
2013-06-13,-0.128,-0.117,-0.1282,-0.1187,5801147.0
2013-06-14,-0.1175,-0.117,-0.1217,-0.1192,5884354.0
2013-06-17,-0.1165,-0.1125,-0.1185,-0.1157,6303843.0
2013-06-18,-0.114,-0.11,-0.121,-0.118,12080240.0
2013-06-19,-0.1147,-0.091,-0.116,-0.107,28916294.0
2013-06-20,-0.11,-0.1095,-0.1197,-0.117,15577470.0
2013-06-21,-0.115,-0.1137,-0.1235,-0.1177,16803917.0
2013-06-24,-0.1227,-0.1182,-0.1302,-0.125,13450735.0
2013-06-25,-0.1212,-0.1205,-0.1262,-0.1225,10245954.0
2013-06-26,-0.1185,-0.1182,-0.126,-0.1245,14457262.0
2013-06-27,-0.1235,-0.123,-0.1315,-0.1277,20186817.0
2013-06-28,-0.1277,-0.1235,-0.1322,-0.127,10436593.0
2013-07-01,-0.1245,-0.1237,-0.1277,-0.1255,4971855.0
2013-07-02,-0.1275,-0.1205,-0.129,-0.1257,5870033.0
2013-07-03,-0.1287,-0.1205,-0.1287,-0.1247,3509626.0
2013-07-05,-0.1237,-0.1212,-0.1262,-0.122,4585156.0
2013-07-08,-0.121,-0.1192,-0.1257,-0.124,6448279.0
2013-07-09,-0.123,-0.12,-0.124,-0.122,3924667.0
2013-07-10,-0.122,-0.1162,-0.123,-0.1172,5164200.0
2013-07-11,-0.1152,-0.1117,-0.116,-0.1122,5961286.0
2013-07-12,-0.113,-0.1085,-0.1142,-0.112,5393262.0
2013-07-15,-0.1112,-0.1112,-0.1185,-0.1127,5025744.0
2013-07-16,-0.1112,-0.1087,-0.1132,-0.1107,4060527.0
2013-07-17,-0.1107,-0.1095,-0.1137,-0.1127,4150316.0
2013-07-18,-0.1132,-0.112,-0.119,-0.1142,8586895.0
2013-07-19,-0.1165,-0.1147,-0.1257,-0.122,11987831.0
2013-07-22,-0.1192,-0.116,-0.1237,-0.1222,7302900.0
2013-07-23,-0.1177,-0.1177,-0.1245,-0.1227,6142022.0
2013-07-24,-0.1195,-0.1185,-0.1232,-0.1227,7060007.0
2013-07-25,-0.123,-0.117,-0.1255,-0.1215,6036190.0
2013-07-26,-0.1257,-0.121,-0.1257,-0.123,5668308.0
2013-07-29,-0.1237,-0.1192,-0.1247,-0.1237,4485855.0
2013-07-30,-0.1225,-0.113,-0.1227,-0.1177,6632150.0
2013-07-31,-0.1195,-0.1135,-0.1197,-0.1172,6443060.0
2013-08-01,-0.1157,-0.1112,-0.12,-0.112,6912664.0
2013-08-02,-0.1127,-0.1082,-0.1152,-0.109,5210402.0
2013-08-05,-0.11,-0.106,-0.112,-0.1072,4606437.0
2013-08-06,-0.107,-0.1062,-0.1135,-0.1127,5103109.0
2013-08-07,-0.1147,-0.1092,-0.115,-0.113,6097737.0
2013-08-08,-0.111,-0.109,-0.1152,-0.1105,8022170.0
2013-08-09,-0.125,-0.1102,-0.1252,-0.1157,22651243.0
2013-08-12,-0.1305,-0.1135,-0.1502,-0.1187,6431473.0
2013-08-13,-0.1182,-0.116,-0.1205,-0.1175,4907823.0
2013-08-14,-0.1182,-0.1,-0.1185,-0.1022,20264965.0
2013-08-15,-0.1062,-0.0967,-0.1077,-0.1,18039406.0
2013-08-16,-0.1005,-0.093,-0.1012,-0.0982,16500716.0
2013-08-19,-0.1005,-0.0992,-0.1045,-0.1042,9820471.0
2013-08-20,-0.1044,-0.0999,-0.1049,-0.1024,5839602.0
2013-08-21,-0.1046,-0.0999,-0.1056,-0.1041,6531337.0
2013-08-22,-0.1044,-0.0986,-0.1044,-0.1021,3190239.0
2013-08-23,-0.1016,-0.0986,-0.1029,-0.1021,6128331.0
2013-08-26,-0.1019,-0.1004,-0.1029,-0.1014,7503769.0
2013-08-27,-0.1049,-0.1024,-0.1074,-0.1061,6886400.0
2013-08-28,-0.1054,-0.1026,-0.1076,-0.1061,7938551.0
2013-08-29,-0.1074,-0.1034,-0.1084,-0.1069,6838771.0
2013-08-30,-0.1066,-0.1056,-0.1091,-0.1074,8973203.0
2013-09-03,-0.1064,-0.1019,-0.1094,-0.1071,7087476.0
2013-09-04,-0.1071,-0.1014,-0.1076,-0.1036,5502595.0
2013-09-05,-0.1051,-0.1011,-0.1054,-0.1026,4263662.0
2013-09-06,-0.1024,-0.1004,-0.1071,-0.1041,5659577.0
2013-09-09,-0.1011,-0.0979,-0.1021,-0.0981,6131350.0
2013-09-10,-0.0951,-0.0896,-0.0969,-0.0899,7212181.0
2013-09-11,-0.0904,-0.0824,-0.0931,-0.0834,9882676.0
2013-09-12,-0.0854,-0.0786,-0.0854,-0.0836,7575256.0
2013-09-13,-0.0824,-0.0794,-0.0851,-0.0811,3975291.0
2013-09-16,-0.0779,-0.0751,-0.0824,-0.0809,5877227.0
2013-09-17,-0.0794,-0.0764,-0.0811,-0.0796,4203160.0
2013-09-18,-0.0794,-0.0751,-0.0814,-0.0761,6659349.0
2013-09-19,-0.0744,-0.0736,-0.0796,-0.0781,5674852.0
2013-09-20,-0.0769,-0.0744,-0.0821,-0.0814,8253676.0
2013-09-23,-0.0816,-0.0784,-0.0874,-0.0851,6768119.0
2013-09-24,-0.0849,-0.0821,-0.0871,-0.0836,5669984.0
2013-09-25,-0.0844,-0.0801,-0.0861,-0.0831,5773627.0
2013-09-26,-0.0821,-0.0814,-0.0866,-0.0844,3711002.0
2013-09-27,-0.0874,-0.0841,-0.0889,-0.0866,3773867.0
2013-09-30,-0.0906,-0.0844,-0.0929,-0.0871,5641752.0
2013-10-01,-0.0866,-0.0849,-0.0896,-0.0874,5635371.0
2013-10-02,-0.0914,-0.0861,-0.0914,-0.0876,4023817.0
2013-10-03,-0.0874,-0.0839,-0.0936,-0.0916,10769394.0
2013-10-04,-0.0921,-0.0831,-0.0931,-0.0864,6120590.0
2013-10-07,-0.0879,-0.0836,-0.0899,-0.0864,4214920.0
2013-10-08,-0.0874,-0.0819,-0.0926,-0.0896,7231997.0
2013-10-09,-0.0871,-0.0869,-0.0976,-0.0956,6876335.0
2013-10-10,-0.0929,-0.0904,-0.0956,-0.0916,5529085.0
2013-10-11,-0.0974,-0.0926,-0.0986,-0.0946,5329524.0
2013-10-14,-0.0956,-0.0889,-0.0956,-0.0889,4138981.0
2013-10-15,-0.0889,-0.0866,-0.0911,-0.0909,5180572.0
2013-10-16,-0.0886,-0.0846,-0.0891,-0.0861,5184151.0
2013-10-17,-0.0891,-0.0844,-0.0891,-0.0854,5316822.0
2013-10-18,-0.0861,-0.0796,-0.0876,-0.0809,6331437.0
2013-10-21,-0.0761,-0.0759,-0.0811,-0.0799,4869158.0
2013-10-22,-0.0799,-0.0796,-0.0854,-0.0819,4457768.0
2013-10-23,-0.0826,-0.0826,-0.0899,-0.0886,6248954.0
2013-10-24,-0.0876,-0.0851,-0.0921,-0.0916,5521697.0
2013-10-25,-0.0894,-0.0891,-0.0964,-0.0951,8237313.0
2013-10-28,-0.0956,-0.0939,-0.1011,-0.0959,9050708.0
2013-10-29,-0.0964,-0.0946,-0.0999,-0.0954,9674627.0
2013-10-30,-0.0941,-0.0924,-0.0989,-0.0956,5084312.0
2013-10-31,-0.0951,-0.0924,-0.0971,-0.0964,7105819.0
2013-11-01,-0.0944,-0.0929,-0.0974,-0.0949,5119743.0
2013-11-04,-0.0934,-0.0934,-0.1064,-0.1056,10227830.0
2013-11-05,-0.1079,-0.1046,-0.1119,-0.1061,10502284.0
2013-11-06,-0.1061,-0.1034,-0.1099,-0.1036,4922177.0
2013-11-07,-0.1049,-0.1039,-0.1131,-0.1126,13329454.0
2013-11-08,-0.1011,-0.0859,-0.1029,-0.0871,18314109.0
2013-11-11,-0.0886,-0.0829,-0.0894,-0.0839,7436597.0
2013-11-12,-0.0821,-0.0799,-0.0876,-0.0834,7891960.0
2013-11-13,-0.0841,-0.0724,-0.0849,-0.0724,8300441.0
2013-11-14,-0.0736,-0.0684,-0.0739,-0.0706,7672940.0
2013-11-15,-0.0691,-0.0686,-0.0759,-0.0719,6246863.0
2013-11-18,-0.0806,-0.0771,-0.0826,-0.0816,7905864.0
2013-11-19,-0.0835,-0.08,-0.0885,-0.088,5124130.0
2013-11-20,-0.0877,-0.0867,-0.0945,-0.0937,5102368.0
2013-11-21,-0.0932,-0.09,-0.095,-0.0907,5316249.0
2013-11-22,-0.0902,-0.0902,-0.0952,-0.0945,3952838.0
2013-11-25,-0.0945,-0.0857,-0.0945,-0.0862,6196546.0
2013-11-26,-0.082,-0.079,-0.0847,-0.083,18695147.0
2013-11-27,-0.0832,-0.0805,-0.0857,-0.0815,4531837.0
2013-11-29,-0.0815,-0.0805,-0.0865,-0.084,2924092.0
2013-12-02,-0.0855,-0.0775,-0.0862,-0.0802,9324418.0
2013-12-03,-0.0802,-0.0752,-0.083,-0.0805,7245927.0
2013-12-04,-0.0815,-0.0742,-0.0827,-0.075,12325274.0
2013-12-05,-0.0742,-0.0742,-0.082,-0.0815,6791362.0
2013-12-06,-0.0767,-0.0767,-0.0882,-0.0872,7008321.0
2013-12-09,-0.0872,-0.086,-0.0945,-0.094,9547918.0
2013-12-10,-0.0937,-0.0832,-0.0942,-0.085,13103854.0
2013-12-11,-0.0842,-0.0837,-0.0895,-0.0887,10346151.0
2013-12-12,-0.09,-0.088,-0.097,-0.0962,6428815.0
2013-12-13,-0.0955,-0.0927,-0.099,-0.0985,4617614.0
2013-12-16,-0.0982,-0.0947,-0.0985,-0.098,5851222.0
2013-12-17,-0.0982,-0.0952,-0.1015,-0.0962,6782084.0
2013-12-18,-0.0955,-0.0902,-0.1002,-0.091,10609826.0
2013-12-19,-0.0915,-0.089,-0.094,-0.0895,6443681.0
2013-12-20,-0.0887,-0.0815,-0.0897,-0.082,8568294.0
2013-12-23,-0.0795,-0.0762,-0.0827,-0.0795,4176702.0
2013-12-24,-0.0772,-0.0772,-0.0825,-0.0785,1990034.0
2013-12-26,-0.077,-0.076,-0.0832,-0.0822,4207478.0
2013-12-27,-0.0802,-0.0792,-0.0825,-0.08,5270890.0
2013-12-30,-0.0797,-0.0745,-0.0802,-0.0747,6099488.0
2013-12-31,-0.074,-0.0715,-0.0765,-0.0735,5869892.0
2014-01-02,-0.076,-0.0745,-0.081,-0.0775,6478082.0
2014-01-03,-0.0767,-0.076,-0.0835,-0.0822,6475739.0
2014-01-06,-0.0782,-0.074,-0.082,-0.077,10147653.0
2014-01-07,-0.073,-0.069,-0.076,-0.0705,8300407.0
2014-01-08,-0.069,-0.063,-0.0705,-0.065,7503700.0
2014-01-09,-0.0712,-0.0705,-0.0815,-0.0802,7294100.0
2014-01-10,-0.079,-0.0762,-0.0842,-0.0807,5456816.0
2014-01-13,-0.0807,-0.0785,-0.0907,-0.09,6083299.0
2014-01-14,-0.088,-0.0772,-0.0897,-0.078,6018872.0
2014-01-15,-0.0762,-0.0725,-0.078,-0.0737,4368505.0
2014-01-16,-0.0737,-0.0717,-0.0755,-0.0725,5500021.0
2014-01-17,-0.0725,-0.0677,-0.0767,-0.0742,8485738.0
2014-01-21,-0.0737,-0.0702,-0.077,-0.0727,6136640.0
2014-01-22,-0.072,-0.0715,-0.078,-0.0732,8440571.0
2014-01-23,-0.0745,-0.0702,-0.0777,-0.0747,4602966.0
2014-01-24,-0.078,-0.0765,-0.085,-0.085,6170973.0
2014-01-27,-0.085,-0.0795,-0.0897,-0.0875,5829807.0
2014-01-28,-0.0882,-0.0835,-0.0897,-0.0837,4191893.0
2014-01-29,-0.0852,-0.083,-0.0877,-0.0875,4055271.0
2014-01-30,-0.0852,-0.0802,-0.0865,-0.081,5044413.0
2014-01-31,-0.0865,-0.0792,-0.0867,-0.0815,8357632.0
2014-02-03,-0.0787,-0.0782,-0.0882,-0.0867,10684741.0
2014-02-04,-0.087,-0.0837,-0.089,-0.0845,6957268.0
2014-02-05,-0.0872,-0.086,-0.091,-0.088,5362068.0
2014-02-06,-0.0875,-0.082,-0.088,-0.083,4190765.0
2014-02-07,-0.082,-0.0767,-0.0855,-0.0772,3923206.0
2014-02-10,-0.0777,-0.0707,-0.0782,-0.0762,8084862.0
2014-02-11,-0.0737,-0.0667,-0.0757,-0.0677,5875288.0
2014-02-12,-0.0665,-0.0502,-0.0665,-0.0535,18103747.0
2014-02-13,-0.0427,-0.0375,-0.0502,-0.04,22528569.0
2014-02-14,-0.044,-0.0252,-0.0442,-0.026,20414572.0
2014-02-18,-0.026,-0.0245,-0.0302,-0.0267,10650957.0
2014-02-19,-0.0265,-0.0165,-0.0285,-0.0205,11254534.0
2014-02-20,-0.0195,-0.0037,-0.0202,-0.0045,9790938.0
2014-02-21,-0.0052,0.0008,-0.011,-0.008,11248419.0
2014-02-24,-0.009,0.0023,-0.0132,-0.0012,10036095.0
2014-02-25,-0.0019,0.0001,-0.0084,-0.0034,6046668.0
2014-02-26,-0.0044,0.0026,-0.0056,-0.0041,9010783.0
2014-02-27,-0.0041,0.0006,-0.0106,-0.0094,9680134.0
2014-02-28,-0.0119,-0.0074,-0.0191,-0.0124,7994903.0
2014-03-03,-0.0226,-0.0146,-0.0266,-0.0146,9364588.0
2014-03-04,-0.0124,-0.0069,-0.0131,-0.0099,6374830.0
2014-03-05,-0.0104,-0.0056,-0.0124,-0.0059,6016832.0
2014-03-06,-0.0051,-0.0026,-0.0131,-0.0124,7242713.0
2014-03-07,-0.0104,-0.0096,-0.0166,-0.0129,6707255.0
2014-03-10,-0.0144,-0.0124,-0.0216,-0.0196,7383042.0
2014-03-11,-0.0174,-0.0111,-0.0189,-0.0151,6757276.0
2014-03-12,-0.0174,-0.0111,-0.0191,-0.0139,5967856.0
2014-03-13,-0.0129,-0.0111,-0.0306,-0.0284,9609698.0
2014-03-14,-0.0329,-0.0224,-0.0329,-0.0264,11493891.0
2014-03-17,-0.0251,-0.0219,-0.0269,-0.0264,7475217.0
2014-03-18,-0.0246,-0.0129,-0.0266,-0.0159,7302026.0
2014-03-19,-0.0124,0.0009,-0.0136,-0.0081,9151660.0
2014-03-20,-0.0104,-0.0036,-0.0124,-0.0076,4761112.0
2014-03-21,-0.0036,0.0001,-0.0109,-0.0091,13028797.0
2014-03-24,-0.0081,-0.0044,-0.0174,-0.0104,7608178.0
2014-03-25,-0.0056,-0.0051,-0.0141,-0.0106,7517235.0
2014-03-26,-0.0064,0.0024,-0.0251,-0.0211,13877638.0
2014-03-27,-0.0221,-0.0184,-0.0324,-0.0271,13438732.0
2014-03-28,-0.0279,-0.0216,-0.0291,-0.0244,9963348.0
2014-03-31,-0.0236,-0.0196,-0.0269,-0.0241,6818811.0
2014-04-01,-0.0099,-0.0001,-0.0154,-0.0059,16391351.0
2014-04-02,-0.0056,-0.0046,-0.0106,-0.0086,5996124.0
2014-04-03,-0.0076,0.0076,-0.0079,-0.0036,14978644.0
2014-04-04,-0.0011,0.0016,-0.0204,-0.0179,9200671.0
2014-04-07,-0.0179,-0.0079,-0.0204,-0.0166,10687678.0
2014-04-08,-0.0166,0.0009,-0.0174,-0.0004,11732826.0
2014-04-09,0.0019,0.0059,-0.0046,-0.0009,10497868.0
2014-04-10,-0.0029,0.0036,-0.0139,-0.0124,9276020.0
2014-04-11,-0.0159,-0.0089,-0.0249,-0.0189,8826866.0
2014-04-14,-0.0159,-0.0121,-0.0189,-0.0139,7251152.0
2014-04-15,-0.0134,-0.0081,-0.0179,-0.0106,7446571.0
2014-04-16,-0.0084,-0.0079,-0.0156,-0.0096,5859700.0
2014-04-17,-0.0114,-0.0036,-0.0124,-0.0079,3815518.0
2014-04-21,-0.0076,-0.0029,-0.0106,-0.0041,2925085.0
2014-04-22,-0.0034,0.0029,-0.0059,-0.0001,6364388.0
2014-04-23,0.0006,0.0066,-0.0001,0.0054,6475377.0
2014-04-24,0.0086,0.0146,0.0086,0.0096,9773092.0
2014-04-25,0.0086,0.0131,-0.0046,-0.0036,7805015.0
2014-04-28,0.0001,0.0026,-0.0114,-0.0056,5668397.0
2014-04-29,-0.0039,-0.0031,-0.0099,-0.0046,4275669.0
2014-04-30,-0.0054,-0.0049,-0.0111,-0.0101,7636503.0
2014-05-01,-0.0031,-0.0021,-0.0114,-0.0076,4949113.0
2014-05-02,-0.0054,-0.0054,-0.0139,-0.0111,3896023.0
2014-05-05,-0.0116,-0.0026,-0.0121,-0.0061,5980289.0
2014-05-06,-0.0016,0.0024,-0.0169,-0.0156,10335527.0
2014-05-07,-0.0156,-0.0114,-0.0201,-0.0151,7335790.0
2014-05-08,-0.0169,-0.0021,-0.0191,-0.0094,10770408.0
2014-05-09,-0.0234,-0.0191,-0.0291,-0.0206,13483081.0
2014-05-12,-0.0196,-0.0064,-0.0199,-0.0074,7475893.0
2014-05-13,-0.0136,-0.0061,-0.0164,-0.0149,5511746.0
2014-05-14,-0.0146,-0.0129,-0.0196,-0.0194,5354897.0
2014-05-15,-0.0204,-0.0179,-0.0264,-0.0219,8137795.0
2014-05-16,-0.0254,-0.0196,-0.0254,-0.0229,7076260.0
2014-05-19,-0.0181,-0.0059,-0.0201,-0.0084,8998429.0
2014-05-20,-0.0082,-0.007,-0.016,-0.0137,6387982.0
2014-05-21,-0.012,-0.0082,-0.0167,-0.0137,5407579.0
2014-05-22,-0.0147,-0.0092,-0.0147,-0.0117,3256433.0
2014-05-23,-0.0092,-0.0052,-0.012,-0.0075,4565092.0
2014-05-27,-0.0047,0.0008,-0.0062,0.0008,5240255.0
2014-05-28,0.0025,0.0078,-0.002,0.0048,5571882.0
2014-05-29,0.0045,0.0085,0.003,0.004,4294649.0
2014-05-30,0.004,0.0065,0.0015,0.0053,5933052.0
2014-06-02,0.0068,0.0098,-0.0002,0.0038,4534639.0
2014-06-03,0.0048,0.0053,-0.0045,0.0018,6056040.0
2014-06-04,0.0005,0.0058,0.0003,0.0023,4022352.0
2014-06-05,0.003,0.0058,0.0003,0.0043,4704743.0
2014-06-06,0.0065,0.0103,0.0048,0.006,4013786.0
2014-06-09,0.0055,0.011,0.0023,0.0065,6185051.0
2014-06-10,0.0048,0.0113,0.0028,0.009,5435073.0
2014-06-11,0.0073,0.0163,0.0073,0.0153,6648255.0
2014-06-12,0.0153,0.0205,0.011,0.0183,8422103.0
2014-06-13,0.0233,0.0235,0.014,0.0188,5694773.0
2014-06-16,0.0165,0.0205,0.013,0.0173,4760876.0
2014-06-17,0.0178,0.0225,0.0153,0.0203,3918049.0
2014-06-18,0.0193,0.0223,0.0148,0.02,5387124.0
2014-06-19,0.011,0.0135,0.0053,0.0085,11860785.0
2014-06-20,0.01,0.0115,-0.0002,0.0035,8551162.0
2014-06-23,-0.0027,-0.0017,-0.0082,-0.002,10349108.0
2014-06-24,-0.0027,0.001,-0.0112,-0.0092,6877710.0
2014-06-25,-0.008,-0.0042,-0.0122,-0.0045,5366053.0
2014-06-26,-0.0045,-0.0042,-0.0122,-0.0107,6361738.0
2014-06-27,-0.0112,-0.0075,-0.014,-0.0102,6576254.0
2014-06-30,-0.012,-0.005,-0.012,-0.0062,4500035.0
2014-07-01,-0.0067,0.0015,-0.0082,-0.0012,7990801.0
2014-07-02,-0.0027,-0.0007,-0.0055,-0.0027,4478257.0
2014-07-03,-0.007,0.0028,-0.007,0.0015,3422256.0
2014-07-07,0.0023,0.0025,-0.003,-0.0022,3174159.0
2014-07-08,-0.0035,-0.0015,-0.0105,-0.0062,5547600.0
2014-07-09,-0.002,0.01,-0.0055,0.008,9681580.0
2014-07-10,-0.001,0.0075,-0.0047,0.0053,6620909.0
2014-07-11,0.006,0.008,0.0043,0.0065,4778880.0
2014-07-14,0.0085,0.0138,0.0068,0.0125,6800018.0
2014-07-15,0.0165,0.0203,0.0113,0.014,7968976.0
2014-07-17,0.0085,0.0178,0.0085,0.0128,8086921.0
2014-07-18,0.0028,0.0065,-0.0095,-0.0087,14158560.0
2014-07-21,-0.0105,-0.0027,-0.0105,-0.006,6073201.0
2014-07-22,-0.0025,0.0,-0.009,-0.008,7443800.0
2014-07-23,-0.0077,-0.0075,-0.0182,-0.0177,7391269.0
2014-07-24,-0.0152,-0.014,-0.0202,-0.017,6351738.0
2014-07-25,-0.0185,-0.0175,-0.0257,-0.025,6624567.0
2014-07-28,-0.023,-0.023,-0.0345,-0.0267,8222860.0
2014-07-29,-0.0265,-0.0192,-0.0267,-0.0252,5404402.0
2014-07-30,-0.0225,-0.0165,-0.0237,-0.0177,6137026.0
2014-07-31,-0.0232,-0.0197,-0.0332,-0.0322,9990689.0
2014-08-01,-0.0322,-0.025,-0.0337,-0.0275,5461400.0
2014-08-04,-0.028,-0.0242,-0.0307,-0.0287,6003142.0
2014-08-05,-0.0297,-0.0217,-0.0335,-0.0282,7439569.0
2014-08-06,-0.0312,-0.0232,-0.0345,-0.0287,5580537.0
2014-08-07,-0.025,-0.021,-0.0362,-0.0332,9881915.0
2014-08-08,-0.0142,0.0078,-0.0142,0.0053,22337870.0
2014-08-11,0.0058,0.0078,0.0015,0.0028,8598214.0
2014-08-12,0.0025,0.0053,-0.0025,0.0028,7394486.0
2014-08-13,0.0035,0.0095,0.0005,0.0055,6398338.0
2014-08-14,0.0073,0.0073,-0.0017,0.0003,6372210.0
2014-08-15,0.0018,0.0088,-0.0027,0.0063,9230711.0
2014-08-18,0.0083,0.0133,0.0035,0.0128,7139110.0
2014-08-19,0.0129,0.0191,0.0111,0.0166,6186946.0
2014-08-20,0.0149,0.0171,0.0124,0.0136,5508747.0
2014-08-21,0.0124,0.0149,0.0084,0.0091,6792185.0
2014-08-22,0.0086,0.0134,0.0056,0.0094,6276646.0
2014-08-25,0.0114,0.0146,0.0091,0.0101,3827752.0
2014-08-26,0.0114,0.0196,0.0096,0.0186,6719874.0
2014-08-27,0.0156,0.0191,0.0124,0.0131,4539123.0
2014-08-28,0.0121,0.0181,0.0106,0.0171,4487325.0
2014-08-29,0.0189,0.0196,0.0136,0.0186,5036327.0
2014-09-02,0.0199,0.0199,0.0151,0.0196,4802926.0
2014-09-03,0.0224,0.0261,0.0191,0.0244,6458316.0
2014-09-04,0.0236,0.0361,0.0234,0.0331,12155701.0
2014-09-05,0.0326,0.0349,0.0284,0.0316,6323357.0
2014-09-08,0.0311,0.0321,0.0251,0.0271,7795691.0
2014-09-09,0.0249,0.0281,0.0204,0.0209,4944179.0
2014-09-10,0.0236,0.0244,0.0179,0.0226,4085347.0
2014-09-11,0.0191,0.0209,0.0124,0.0176,6213272.0
2014-09-12,0.0206,0.0206,0.0096,0.0104,6513092.0
2014-09-15,0.0119,0.0126,0.0019,0.0039,6546306.0
2014-09-16,0.0026,0.0134,0.0011,0.0106,5482195.0
2014-09-17,0.0096,0.0156,0.0074,0.0111,4316358.0
2014-09-18,0.0141,0.0189,0.0126,0.0184,5473285.0
2014-09-19,0.0199,0.0204,0.0086,0.0091,11041265.0
2014-09-22,0.0191,0.0191,0.0041,0.0046,5495549.0
2014-09-23,0.0021,0.0079,0.0004,0.0026,4882056.0
2014-09-24,0.0024,0.0069,0.0019,0.0054,3986856.0
2014-09-25,0.0049,0.0061,-0.0059,-0.0049,7425059.0
2014-09-26,-0.0034,-0.0004,-0.0054,-0.0041,6010129.0
2014-09-29,-0.0076,-0.0014,-0.0121,-0.0049,5142605.0
2014-09-30,-0.0066,-0.0031,-0.0119,-0.0064,6864469.0
2014-10-01,-0.0056,-0.0024,-0.0121,-0.0109,8707144.0
2014-10-02,-0.0116,-0.0094,-0.0234,-0.0129,7165429.0
2014-10-03,-0.0101,-0.0039,-0.0119,-0.0119,5972424.0
2014-10-06,-0.0101,-0.0064,-0.0176,-0.0146,4954134.0
2014-10-07,-0.0166,-0.0124,-0.0201,-0.0196,7512802.0
2014-10-08,-0.0199,-0.0089,-0.0234,-0.0111,6462746.0
2014-10-09,-0.0131,-0.0129,-0.0236,-0.0199,7580970.0
2014-10-10,-0.0234,-0.0219,-0.0466,-0.0466,17235494.0
2014-10-13,-0.0436,-0.0351,-0.0484,-0.0481,9903266.0
2014-10-14,-0.0421,-0.0264,-0.0446,-0.0384,9391092.0
2014-10-15,-0.0444,-0.0294,-0.0474,-0.0316,10101520.0
2014-10-16,-0.0394,-0.0264,-0.0404,-0.0314,8740993.0
2014-10-17,-0.0261,-0.0211,-0.0339,-0.0321,7223808.0
2014-10-20,-0.0321,-0.0246,-0.0351,-0.0284,4987039.0
2014-10-21,-0.0251,-0.0091,-0.0264,-0.0096,8650429.0
2014-10-22,-0.0104,-0.0089,-0.0204,-0.0204,5954261.0
2014-10-23,-0.0126,-0.0071,-0.0159,-0.0106,5309694.0
2014-10-24,-0.0076,-0.0029,-0.0106,-0.0056,5231122.0
2014-10-27,-0.0059,-0.0036,-0.0109,-0.0054,3464258.0
2014-10-28,-0.0066,0.0061,-0.0071,0.0056,4763317.0
2014-10-29,0.0036,0.0064,-0.0016,0.0024,4162944.0
2014-10-30,0.0014,0.0034,-0.0064,-0.0004,4239051.0
2014-10-31,0.0104,0.0211,0.0079,0.0209,6260294.0
2014-11-03,0.0321,0.0339,0.0266,0.0291,7588218.0
2014-11-04,0.0324,0.0374,0.0241,0.0356,8960879.0
2014-11-05,0.0386,0.0386,0.0319,0.0356,8379306.0
2014-11-06,0.0366,0.0386,0.0289,0.0379,9650847.0
2014-11-07,0.0436,0.0494,0.0221,0.0271,10789962.0
2014-11-10,0.0266,0.0361,0.0254,0.0329,7302284.0
2014-11-11,0.0299,0.0326,0.0224,0.0269,5306554.0
2014-11-12,0.0251,0.0264,0.0169,0.0234,5080365.0
2014-11-13,0.0254,0.0261,0.0171,0.0211,5610500.0
2014-11-14,0.0216,0.0271,0.0166,0.0269,3967646.0
2014-11-17,0.0249,0.0301,0.0216,0.0246,3952239.0
2014-11-18,0.0251,0.0379,0.0239,0.0366,5179591.0
2014-11-19,0.037,0.0385,0.0295,0.0348,5748453.0
2014-11-20,0.0313,0.0435,0.0298,0.043,5522694.0
2014-11-21,0.0475,0.0483,0.0415,0.0458,4939634.0
2014-11-24,0.047,0.0513,0.045,0.049,3392012.0
2014-11-25,0.048,0.0525,0.047,0.0488,4485008.0
2014-11-26,0.0458,0.058,0.0455,0.0573,5436527.0
2014-11-28,0.0593,0.0618,0.0545,0.0588,3120531.0
2014-12-01,0.0565,0.0595,0.0483,0.049,4729122.0
2014-12-02,0.0485,0.052,0.0438,0.0498,6109899.0
2014-12-03,0.0523,0.0633,0.0508,0.0628,7105929.0
2014-12-04,0.0623,0.0643,0.0548,0.0583,4628486.0
2014-12-05,0.0585,0.064,0.0583,0.0613,4126843.0
2014-12-08,0.0605,0.0658,0.0503,0.0545,5665767.0
2014-12-09,0.0513,0.054,0.0435,0.053,5983156.0
2014-12-10,0.0513,0.0533,0.0405,0.0413,5044962.0
2014-12-11,0.0443,0.0478,0.04,0.041,3346064.0
2014-12-12,0.0343,0.0388,0.0248,0.0255,8041561.0
2014-12-15,0.031,0.04,0.0223,0.0238,6314262.0
2014-12-16,0.0233,0.031,0.018,0.018,4617420.0
2014-12-17,0.028,0.0388,0.012,0.038,8601793.0
2014-12-18,0.0443,0.0503,0.0353,0.0398,5528584.0
2014-12-19,0.0435,0.047,0.0388,0.045,6760431.0
2014-12-22,0.0445,0.054,0.0428,0.054,3678378.0
2014-12-23,0.058,0.0605,0.05,0.0508,2687625.0
2014-12-24,0.052,0.0525,0.0483,0.0488,1141128.0
2014-12-26,0.0488,0.052,0.0475,0.0493,1301890.0
2014-12-29,0.0478,0.052,0.0453,0.0485,2073613.0
2014-12-30,0.045,0.0475,0.043,0.0438,2759762.0
2014-12-31,0.0445,0.0473,0.0343,0.0358,4116562.0
2015-01-02,0.0378,0.0415,0.0298,0.0378,2812345.0
2015-01-05,0.0378,0.0393,0.027,0.0293,4868703.0
2015-01-06,0.03,0.0305,0.0138,0.0143,4890334.0
2015-01-07,0.0178,0.022,0.0115,0.0128,8002921.0
2015-01-08,0.0185,0.034,0.0183,0.031,6614262.0
2015-01-09,0.0328,0.0368,0.0258,0.033,5214690.0
2015-01-12,0.0343,0.0343,0.0223,0.0268,4737425.0
2015-01-13,0.0305,0.0405,0.0225,0.0258,5899197.0
2015-01-14,0.0208,0.0295,0.0195,0.028,3876718.0
2015-01-15,0.0315,0.0345,0.0243,0.0245,4682523.0
2015-01-16,0.0238,0.034,0.0223,0.0335,4525521.0
2015-01-20,0.037,0.0398,0.0288,0.035,3486794.0
2015-01-21,0.0323,0.041,0.0288,0.0408,1217948.0
2015-01-22,0.043,0.052,0.0378,0.0505,3970441.0
2015-01-23,0.0513,0.053,0.047,0.0523,2970352.0
2015-01-26,0.05,0.0525,0.0468,0.0498,3326415.0
2015-01-27,0.042,0.0425,0.0243,0.0253,8922863.0
2015-01-28,0.0313,0.0333,0.017,0.0173,6698829.0
2015-01-29,0.0175,0.0318,0.0153,0.029,5713906.0
2015-01-30,0.0255,0.0313,0.0138,0.0145,7103538.0
2015-02-02,0.0175,0.027,0.008,0.025,6421572.0
2015-02-03,0.0285,0.0378,0.026,0.0373,4526545.0
2015-02-04,0.0358,0.044,0.034,0.0385,4503872.0
2015-02-05,0.039,0.047,0.0385,0.0465,3481536.0
2015-02-06,0.0463,0.0523,0.0423,0.0448,5229498.0
2015-02-09,0.0415,0.0455,0.0383,0.044,6829595.0
2015-02-10,0.0445,0.0585,0.0423,0.0583,5618892.0
2015-02-11,0.0595,0.0595,0.0513,0.0548,7743952.0
2015-02-12,0.0845,0.097,0.0813,0.092,16877446.0
2015-02-13,0.0908,0.093,0.0823,0.092,7706066.0
2015-02-17,0.0913,0.0968,0.0878,0.0938,5050595.0
2015-02-18,0.0933,0.0943,0.0865,0.0875,4258112.0
2015-02-19,0.0945,0.0955,0.0865,0.089,4173726.0
2015-02-20,0.0885,0.0933,0.0845,0.0928,3926912.0
2015-02-23,0.0928,0.0928,0.0858,0.0883,3102495.0
2015-02-24,0.0906,0.0944,0.0856,0.0944,3728566.0
2015-02-25,0.0921,0.0946,0.0874,0.0901,3081063.0
2015-02-26,0.0906,0.0946,0.0871,0.0916,3798595.0
2015-02-27,0.0901,0.0914,0.0861,0.0879,3915586.0
2015-03-02,0.0866,0.1046,0.0859,0.1014,7520732.0
2015-03-03,0.0974,0.1001,0.0894,0.0911,3904483.0
2015-03-04,0.0891,0.0986,0.0869,0.0974,5638858.0
2015-03-05,0.0974,0.1091,0.0959,0.1081,8048154.0
2015-03-06,0.1049,0.1076,0.0996,0.1004,6381724.0
2015-03-09,0.1006,0.1061,0.0994,0.1019,5551080.0
2015-03-10,0.1044,0.1151,0.1034,0.1119,13109690.0
2015-03-11,0.1116,0.1191,0.1069,0.1086,6522668.0
2015-03-12,0.1031,0.1074,0.0926,0.1034,10156291.0
2015-03-13,0.1006,0.1056,0.0929,0.1041,8954644.0
2015-03-16,0.1086,0.1144,0.1049,0.1106,5889301.0
2015-03-17,0.1096,0.1181,0.1056,0.1176,7485999.0
2015-03-18,0.1179,0.1209,0.1031,0.1084,10333027.0
2015-03-19,0.1104,0.1191,0.1061,0.1169,7434960.0
2015-03-20,0.1219,0.1266,0.1164,0.1234,11296046.0
2015-03-23,0.1059,0.1134,0.1041,0.1044,10579631.0
2015-03-24,0.1026,0.1066,0.0941,0.0966,8193826.0
2015-03-25,0.0964,0.0964,0.0609,0.0624,13423179.0
2015-03-26,0.0519,0.0629,0.0481,0.0606,7781512.0
2015-03-27,0.0639,0.0731,0.0554,0.0711,7938825.0
2015-03-30,0.0736,0.0761,0.0666,0.0734,6298587.0
2015-03-31,0.0719,0.0724,0.0594,0.0596,8796674.0
2015-04-01,0.0619,0.0636,0.0529,0.0619,8213670.0
2015-04-02,0.0649,0.0664,0.0586,0.0631,4772083.0
2015-04-06,0.0609,0.0801,0.0554,0.0781,12843148.0
2015-04-07,0.0784,0.0891,0.0754,0.0831,10252072.0
2015-04-08,0.0836,0.0891,0.0784,0.0871,9088168.0
2015-04-09,0.0829,0.1016,0.0826,0.0996,9480718.0
2015-04-10,0.1004,0.1059,0.0984,0.1056,6354508.0
2015-04-13,0.1044,0.1076,0.0979,0.1004,5807253.0
2015-04-14,0.0981,0.1004,0.0901,0.0956,5398699.0
2015-04-15,0.0971,0.1064,0.0944,0.1024,5981193.0
2015-04-16,0.0991,0.1039,0.0949,0.0989,3809119.0
2015-04-17,0.0871,0.0971,0.0869,0.0916,7206202.0
2015-04-20,0.0941,0.0976,0.0879,0.0889,5636057.0
2015-04-21,0.0956,0.0956,0.0854,0.0879,5719872.0
2015-04-22,0.0914,0.0951,0.0829,0.0944,5049323.0
2015-04-23,0.0841,0.0974,0.0779,0.0921,6254855.0
2015-04-24,0.0919,0.0921,0.0811,0.0874,5857710.0
2015-04-27,0.0891,0.1014,0.0844,0.0916,6097868.0
2015-04-28,0.0906,0.0961,0.0854,0.0941,5775530.0
2015-04-29,0.0904,0.0959,0.0879,0.0901,4686219.0
2015-04-30,0.0874,0.0941,0.0861,0.0914,5334130.0
2015-05-01,0.0961,0.1071,0.0936,0.1054,6366166.0
2015-05-04,0.1049,0.1086,0.1001,0.1019,4903584.0
2015-05-05,0.0999,0.1006,0.0849,0.0874,7163318.0
2015-05-06,0.0904,0.0956,0.0819,0.0889,7814688.0
2015-05-07,0.0869,0.1006,0.0851,0.0989,12713372.0
2015-05-08,0.0619,0.0826,0.0489,0.0569,27075448.0
2015-05-11,0.0501,0.0576,0.0461,0.0524,13532569.0
2015-05-12,0.0486,0.0616,0.0484,0.0574,9692184.0
2015-05-13,0.0611,0.0651,0.0554,0.0604,7698554.0
2015-05-14,0.0619,0.0716,0.0606,0.0689,7298435.0
2015-05-15,0.0711,0.0736,0.0659,0.0691,5371601.0
2015-05-18,0.0679,0.0716,0.0654,0.0684,8115916.0
2015-05-19,0.0691,0.0708,0.0641,0.0651,6247552.0
2015-05-20,0.0653,0.0716,0.0646,0.0651,4918402.0
2015-05-21,0.0653,0.0676,0.0608,0.0613,5992250.0
2015-05-22,0.0626,0.0643,0.0593,0.0606,5313407.0
2015-05-26,0.0581,0.0616,0.0533,0.0573,6478145.0
2015-05-27,0.0608,0.0873,0.0591,0.0851,10781880.0
2015-05-28,0.0851,0.0943,0.0841,0.0926,8138637.0
2015-05-29,0.0926,0.0961,0.0916,0.0926,8270547.0
2015-06-01,0.0958,0.1041,0.0923,0.0986,9249841.0
2015-06-02,0.0951,0.0981,0.0871,0.0876,5543962.0
2015-06-03,0.0891,0.0933,0.0806,0.0816,6179009.0
2015-06-04,0.0783,0.0931,0.0783,0.0913,8001698.0
2015-06-05,0.0896,0.0981,0.0838,0.0956,7823521.0
2015-06-08,0.0938,0.0976,0.0766,0.0828,8262388.0
2015-06-09,0.0833,0.0896,0.0823,0.0856,6400988.0
2015-06-10,0.0791,0.0826,0.0728,0.0756,13220628.0
2015-06-11,0.0758,0.0853,0.0758,0.0813,7051217.0
2015-06-12,0.0781,0.0813,0.0656,0.0668,8079685.0
2015-06-15,0.0641,0.0681,0.0601,0.0658,7642291.0
2015-06-16,0.0648,0.0731,0.0596,0.0723,6418860.0
2015-06-17,0.0721,0.0816,0.0708,0.0786,5828165.0
2015-06-18,0.0831,0.0911,0.0816,0.0873,7469808.0
2015-06-19,0.0876,0.0921,0.0808,0.0858,8728115.0
2015-06-22,0.0868,0.0898,0.0753,0.0833,12841079.0
2015-06-23,0.0846,0.0888,0.0653,0.0696,10325352.0
2015-06-24,0.0688,0.0716,0.0618,0.0643,6330175.0
2015-06-25,0.0643,0.0716,0.0643,0.0683,8662771.0
2015-06-26,0.0641,0.0646,0.0553,0.0576,9054582.0
2015-06-29,0.0516,0.0568,0.0413,0.0421,9783913.0
2015-06-30,0.0451,0.0473,0.0383,0.0418,7848773.0
2015-07-01,0.0543,0.0616,0.0446,0.0491,7567522.0
2015-07-02,0.0488,0.0528,0.0463,0.0493,3636062.0
2015-07-06,0.0453,0.0523,0.0393,0.0433,5361799.0
2015-07-07,0.0403,0.0423,0.0181,0.0336,14853227.0
2015-07-08,0.0311,0.0341,0.0263,0.0303,8289439.0
2015-07-09,0.0381,0.0403,0.0213,0.0243,8935278.0
2015-07-10,0.0306,0.0373,0.0293,0.0328,5407749.0
2015-07-13,0.0378,0.0388,0.0326,0.0361,5275831.0
2015-07-14,0.0368,0.0373,0.0298,0.0363,6166970.0
2015-07-15,0.0351,0.0383,0.0283,0.0328,6624002.0
2015-07-16,0.0358,0.0438,0.0341,0.0438,7065763.0
2015-07-17,0.0421,0.0426,0.0343,0.0411,5493908.0
2015-07-20,0.0408,0.0428,0.0303,0.0316,4694325.0
2015-07-21,0.0306,0.0408,0.0306,0.0338,3713892.0
2015-07-22,0.0303,0.0303,0.0183,0.0241,8797513.0
2015-07-23,0.0253,0.0376,0.0243,0.0303,4244993.0
2015-07-24,0.0338,0.0343,0.0226,0.0243,4710514.0
2015-07-27,0.0203,0.0273,0.0163,0.0218,4729998.0
2015-07-28,0.0231,0.0356,0.0181,0.0323,4913779.0
2015-07-29,0.0313,0.0423,0.0293,0.0383,5791265.0
2015-07-30,0.0371,0.0446,0.0371,0.0396,4743368.0
2015-07-31,0.0416,0.0418,0.0348,0.0381,5456514.0
2015-08-03,0.0418,0.0468,0.0353,0.0463,9923818.0
2015-08-04,0.0446,0.0498,0.0426,0.0483,6493371.0
2015-08-05,0.0608,0.0613,0.0523,0.0538,5863298.0
2015-08-06,0.0523,0.0561,0.0418,0.0511,15356976.0
2015-08-07,0.1006,0.1233,0.0861,0.1136,35123279.0
2015-08-10,0.1096,0.1378,0.1061,0.1336,16519808.0
2015-08-11,0.1248,0.1363,0.1248,0.1306,10855793.0
2015-08-12,0.1211,0.1363,0.1211,0.1321,9584782.0
2015-08-13,0.1328,0.1341,0.1256,0.1271,6872096.0
2015-08-14,0.1266,0.1311,0.1231,0.1276,5364028.0
2015-08-17,0.1266,0.1266,0.1166,0.1238,6824844.0
2015-08-18,0.122,0.126,0.114,0.1185,7079341.0
2015-08-19,0.1178,0.124,0.11,0.1163,6229455.0
2015-08-20,0.1098,0.1125,0.0928,0.0953,10584586.0
2015-08-21,0.0915,0.1008,0.0778,0.0788,9498311.0
2015-08-24,0.0483,0.0873,0.0415,0.0593,17009231.0
2015-08-25,0.082,0.084,0.0485,0.0485,15526245.0
2015-08-26,0.065,0.0873,0.061,0.0873,15278498.0
2015-08-27,0.0925,0.1075,0.0893,0.1073,11538796.0
2015-08-28,0.1073,0.1133,0.103,0.1095,8008566.0
2015-08-31,0.107,0.111,0.101,0.1035,5407015.0
2015-09-01,0.0873,0.0965,0.0765,0.0805,8721248.0
2015-09-02,0.0953,0.097,0.086,0.0968,8499001.0
2015-09-03,0.105,0.1078,0.0973,0.0983,6512321.0
2015-09-04,0.0888,0.0975,0.085,0.0853,7166107.0
2015-09-08,0.0985,0.1108,0.0963,0.1085,5920900.0
2015-09-09,0.1103,0.115,0.096,0.0973,7226508.0
2015-09-10,0.094,0.113,0.0913,0.106,8919620.0
2015-09-11,0.0998,0.1115,0.0973,0.1078,7482875.0
2015-09-14,0.1105,0.1123,0.1058,0.1088,4766693.0
2015-09-15,0.109,0.118,0.1073,0.115,8175614.0
2015-09-16,0.114,0.1223,0.1095,0.119,4331846.0
2015-09-17,0.129,0.1343,0.123,0.1243,6686833.0
2015-09-18,0.1163,0.1288,0.1128,0.124,7853195.0
2015-09-21,0.1245,0.131,0.1215,0.1298,7037663.0
2015-09-22,0.117,0.121,0.1105,0.1138,5618853.0
2015-09-23,0.1143,0.12,0.112,0.1165,4023474.0
2015-09-24,0.113,0.1335,0.104,0.1275,9528858.0
2015-09-25,0.1348,0.1433,0.126,0.132,9229349.0
2015-09-28,0.1318,0.1353,0.1203,0.124,9796345.0
2015-09-29,0.1303,0.1353,0.122,0.134,9511581.0
2015-09-30,0.1398,0.1585,0.1363,0.1575,13845700.0
2015-10-01,0.1578,0.1595,0.1283,0.1458,12187630.0
2015-10-02,0.1425,0.1615,0.1363,0.1615,9600315.0
2015-10-05,0.1655,0.1848,0.1623,0.1768,12007628.0
2015-10-06,0.1703,0.188,0.1678,0.1853,11223668.0
2015-10-07,0.1868,0.1985,0.1763,0.192,7647994.0
2015-10-08,0.1893,0.1975,0.1783,0.1958,11489510.0
2015-10-09,0.1923,0.1985,0.181,0.1933,10557584.0
2015-10-12,0.194,0.204,0.189,0.2003,5657136.0
2015-10-13,0.195,0.2053,0.1928,0.2015,7406624.0
2015-10-14,0.2023,0.236,0.2015,0.2255,15293926.0
2015-10-15,0.2268,0.2413,0.2198,0.2273,13144329.0
2015-10-16,0.2295,0.2445,0.2278,0.2378,11183839.0
2015-10-19,0.2403,0.2433,0.2288,0.2368,7361775.0
2015-10-20,0.2338,0.239,0.2285,0.2358,6413971.0
2015-10-21,0.24,0.2443,0.2255,0.2268,9657006.0
2015-10-22,0.2348,0.2538,0.2338,0.2513,7640145.0
2015-10-23,0.2578,0.261,0.247,0.2563,9518800.0
2015-10-26,0.2568,0.2585,0.2465,0.253,6097555.0
2015-10-27,0.2495,0.2568,0.249,0.2525,5142873.0
2015-10-28,0.257,0.2583,0.2465,0.258,5409235.0
2015-10-29,0.2468,0.254,0.2323,0.2335,8174984.0
2015-10-30,0.241,0.2558,0.2358,0.2505,7488800.0
2015-11-02,0.253,0.2598,0.2488,0.259,4722418.0
2015-11-03,0.2548,0.2588,0.246,0.254,9406828.0
2015-11-04,0.252,0.2573,0.239,0.2423,11039419.0
2015-11-05,0.2458,0.2475,0.2323,0.2343,11564712.0
2015-11-06,0.3028,0.34,0.287,0.3303,29267955.0
2015-11-09,0.3225,0.329,0.3158,0.3268,12312475.0
2015-11-10,0.3165,0.3208,0.2953,0.3118,13774599.0
2015-11-11,0.3123,0.3178,0.3015,0.3043,15497382.0
2015-11-12,0.3025,0.3095,0.2983,0.3015,7142159.0
2015-11-13,0.3023,0.3055,0.2828,0.2865,7308834.0
2015-11-16,0.2963,0.302,0.2903,0.3015,8564730.0
2015-11-17,0.3035,0.308,0.2983,0.3015,6396702.0
2015-11-18,0.3046,0.3211,0.2961,0.3201,8714619.0
2015-11-19,0.3229,0.3301,0.3166,0.3224,6348530.0
2015-11-20,0.3281,0.3336,0.3234,0.3291,5988389.0
2015-11-23,0.3204,0.3356,0.3144,0.3174,6061246.0
2015-11-24,0.3174,0.3304,0.3139,0.3236,4870150.0
2015-11-25,0.3221,0.3314,0.3199,0.3226,3457476.0
2015-11-27,0.3241,0.3316,0.3201,0.3291,2175202.0
2015-11-30,0.3299,0.3409,0.3291,0.3371,7930650.0
2015-12-01,0.3444,0.3639,0.3436,0.3631,10219162.0
2015-12-02,0.3644,0.3729,0.3551,0.3569,7348275.0
2015-12-03,0.3634,0.3719,0.3511,0.3554,6165111.0
2015-12-04,0.3551,0.3896,0.3551,0.3881,11422528.0
2015-12-07,0.3879,0.3879,0.3696,0.3724,8323468.0
2015-12-08,0.3619,0.3869,0.3566,0.3834,7850776.0
2015-12-09,0.3831,0.3881,0.3536,0.3621,9299019.0
2015-12-10,0.3646,0.3734,0.3619,0.3689,5902180.0
2015-12-11,0.3606,0.3664,0.3549,0.3566,5642504.0
2015-12-14,0.3574,0.3631,0.3489,0.3586,6902472.0
2015-12-15,0.3679,0.3744,0.3634,0.3689,7656448.0
2015-12-16,0.3704,0.3764,0.3631,0.3736,5876955.0
2015-12-17,0.3749,0.3834,0.3606,0.3609,6352045.0
2015-12-18,0.3554,0.3636,0.3469,0.3484,9737972.0
2015-12-21,0.3566,0.3676,0.3494,0.3666,7066015.0
2015-12-22,0.3694,0.3759,0.3626,0.3676,3234582.0
2015-12-23,0.3689,0.3739,0.3674,0.3706,3055440.0
2015-12-24,0.3684,0.3756,0.3671,0.3736,1311231.0
2015-12-28,0.3649,0.3729,0.3534,0.3729,3550645.0
2015-12-29,0.3734,0.3889,0.3711,0.3864,5090815.0
2015-12-30,0.3856,0.3929,0.3789,0.3791,4505488.0
2015-12-31,0.3779,0.3816,0.3684,0.3684,3702865.0
2016-01-04,0.3516,0.3589,0.3454,0.3536,8914212.0
2016-01-05,0.3689,0.3804,0.3569,0.3666,12237004.0
2016-01-06,0.3531,0.3569,0.3234,0.3326,11225551.0
2016-01-07,0.3129,0.3181,0.2914,0.3014,16124472.0
2016-01-08,0.3111,0.3119,0.2834,0.2849,9948136.0
2016-01-11,0.2859,0.2916,0.2731,0.2864,10234339.0
2016-01-12,0.2996,0.3099,0.2936,0.2989,11714578.0
2016-01-13,0.3046,0.3096,0.2751,0.2759,11999149.0
2016-01-14,0.2609,0.2694,0.2399,0.2609,14981799.0
2016-01-15,0.2324,0.2406,0.2104,0.2224,20983048.0
2016-01-19,0.2361,0.2556,0.2246,0.2276,11265908.0
2016-01-20,0.2146,0.2401,0.2056,0.2314,12002108.0
2016-01-21,0.2389,0.2501,0.2246,0.2391,12036406.0
2016-01-22,0.2526,0.2604,0.2511,0.2554,6449860.0
2016-01-25,0.2554,0.2634,0.2531,0.2549,6764964.0
2016-01-26,0.2564,0.2649,0.2489,0.2619,5699182.0
2016-01-27,0.2609,0.2629,0.2396,0.2534,5791878.0
2016-01-28,0.2591,0.2616,0.2319,0.2456,6919451.0
2016-01-29,0.2516,0.2779,0.2489,0.2766,7761286.0
2016-02-01,0.2759,0.2806,0.2696,0.2769,7246899.0
2016-02-02,0.2694,0.2731,0.2409,0.2459,8547710.0
2016-02-03,0.2514,0.2556,0.2331,0.2494,8169351.0
2016-02-04,0.2504,0.2656,0.2426,0.2496,8703432.0
2016-02-05,0.2449,0.2526,0.2031,0.2051,15009910.0
2016-02-08,0.1951,0.1984,0.1656,0.1749,15220491.0
2016-02-09,0.1674,0.2081,0.1644,0.1816,10633990.0
2016-02-10,0.1856,0.2041,0.1766,0.1801,8394980.0
2016-02-11,0.1639,0.1834,0.1639,0.1769,8503635.0
2016-02-12,0.1869,0.1889,0.1631,0.1876,8520367.0
2016-02-16,0.1969,0.2201,0.1949,0.2191,12122098.0
2016-02-17,0.2276,0.2424,0.2249,0.2359,19213073.0
2016-02-18,0.2926,0.3186,0.2919,0.2954,26715699.0
2016-02-19,0.2914,0.3121,0.2856,0.3054,13136032.0
2016-02-22,0.3164,0.3411,0.3149,0.3324,11241592.0
2016-02-23,0.3261,0.3419,0.3224,0.3344,9233530.0
2016-02-24,0.3311,0.3409,0.3094,0.3399,8420780.0
2016-02-25,0.3429,0.3456,0.3274,0.3416,8740267.0
2016-02-26,0.3454,0.3471,0.3284,0.3364,9048098.0
2016-02-29,0.3375,0.3478,0.3308,0.3313,8083499.0
2016-03-01,0.3333,0.366,0.332,0.366,8715112.0
2016-03-02,0.3615,0.3738,0.36,0.3708,5845833.0
2016-03-03,0.3698,0.3733,0.3525,0.3635,7546638.0
2016-03-04,0.3698,0.3705,0.3548,0.361,4382584.0
2016-03-07,0.3565,0.362,0.345,0.3558,6005381.0
2016-03-08,0.3475,0.3523,0.3383,0.341,6873378.0
2016-03-09,0.348,0.349,0.3303,0.3405,5569603.0
2016-03-10,0.3453,0.3498,0.3233,0.3393,7151977.0
2016-03-11,0.351,0.353,0.3415,0.3528,6934651.0
2016-03-14,0.349,0.358,0.3453,0.3548,4757764.0
2016-03-15,0.3505,0.3558,0.3365,0.3508,5655005.0
2016-03-16,0.3448,0.3775,0.341,0.3748,9089125.0
2016-03-17,0.3718,0.3758,0.3565,0.3678,8841435.0
2016-03-18,0.3775,0.4035,0.3723,0.3925,13637612.0
2016-03-21,0.385,0.3953,0.376,0.395,8444339.0
2016-03-22,0.3923,0.3993,0.383,0.3935,6049366.0
2016-03-23,0.3973,0.4143,0.3935,0.408,10725115.0
2016-03-24,0.4003,0.4108,0.3975,0.4093,6123604.0
2016-03-28,0.4078,0.4218,0.4068,0.418,6630415.0
2016-03-29,0.4143,0.434,0.4123,0.432,6544993.0
2016-03-30,0.4353,0.4535,0.4348,0.4413,9417403.0
2016-03-31,0.4453,0.4473,0.431,0.438,9495247.0
2016-04-01,0.4325,0.4515,0.4258,0.451,8701021.0
2016-04-04,0.4585,0.4633,0.4388,0.4423,9848541.0
2016-04-05,0.4343,0.4493,0.4308,0.441,8482997.0
2016-04-06,0.4298,0.4428,0.413,0.4423,11331543.0
2016-04-07,0.4365,0.4445,0.4293,0.433,9452069.0
2016-04-08,0.4403,0.446,0.4298,0.4388,6398373.0
2016-04-11,0.444,0.459,0.4413,0.4443,9685551.0
2016-04-12,0.4473,0.4485,0.4258,0.4433,7315392.0
2016-04-13,0.4473,0.466,0.4473,0.4658,8767486.0
2016-04-14,0.4633,0.4723,0.4595,0.4683,10411427.0
2016-04-15,0.468,0.4838,0.465,0.4755,10924072.0
2016-04-18,0.4738,0.4738,0.4625,0.4715,7682817.0
2016-04-19,0.475,0.4768,0.4493,0.455,7723863.0
2016-04-20,0.4535,0.464,0.4525,0.4585,5004408.0
2016-04-21,0.4588,0.463,0.4535,0.4575,4451989.0
2016-04-22,0.4605,0.4668,0.4508,0.454,5587298.0
2016-04-25,0.4543,0.4635,0.4518,0.4585,4799739.0
2016-04-26,0.464,0.4745,0.4553,0.4593,5361564.0
2016-04-27,0.457,0.4805,0.4553,0.48,8807265.0
2016-04-28,0.4743,0.4798,0.45,0.4523,9530353.0
2016-04-29,0.4485,0.4505,0.4258,0.4355,8046832.0
2016-05-02,0.444,0.4528,0.4398,0.4473,6401838.0
2016-05-03,0.437,0.4408,0.4288,0.4365,5600585.0
2016-05-04,0.4258,0.4265,0.4073,0.4163,13143905.0
2016-05-05,0.4235,0.4318,0.415,0.4215,6167013.0
2016-05-06,0.42,0.4328,0.4183,0.4305,4579728.0
2016-05-09,0.4328,0.4365,0.422,0.4293,8330419.0
2016-05-10,0.4348,0.4478,0.4263,0.4463,6735239.0
2016-05-11,0.449,0.4588,0.444,0.4488,8179229.0
2016-05-12,0.4553,0.4593,0.4205,0.4365,16684906.0
2016-05-13,0.527,0.5723,0.5223,0.5718,52750152.0
2016-05-16,0.564,0.6173,0.5608,0.602,24314035.0
2016-05-17,0.5973,0.6118,0.5838,0.6043,15703857.0
2016-05-18,0.5973,0.6435,0.5973,0.6313,13524722.0
2016-05-19,0.627,0.6435,0.6255,0.636,9971735.0
2016-05-20,0.6428,0.66,0.641,0.6555,9768367.0
2016-05-23,0.6603,0.6645,0.6505,0.6573,10336826.0
2016-05-24,0.6606,0.6876,0.6576,0.6841,10392414.0
2016-05-25,0.6876,0.6924,0.6704,0.6794,11466736.0
2016-05-26,0.6814,0.6996,0.6781,0.6914,7744191.0
2016-05-27,0.6926,0.6994,0.6889,0.6976,6934162.0
2016-05-31,0.7026,0.7204,0.7019,0.7181,10301905.0
2016-06-01,0.7126,0.7316,0.7091,0.7204,9664611.0
2016-06-02,0.7266,0.7386,0.7151,0.7286,8215580.0
2016-06-03,0.7171,0.7186,0.6916,0.7121,11526026.0
2016-06-06,0.7151,0.7241,0.7001,0.7061,8060176.0
2016-06-07,0.7131,0.7196,0.7079,0.7084,4833112.0
2016-06-08,0.7086,0.7129,0.6951,0.7046,5861431.0
2016-06-09,0.7006,0.7364,0.6981,0.7346,11798722.0
2016-06-10,0.7206,0.7311,0.7036,0.7051,9999942.0
2016-06-13,0.7064,0.7424,0.7064,0.7199,11888546.0
2016-06-14,0.7171,0.7276,0.7039,0.7221,7447111.0
2016-06-15,0.7319,0.7444,0.7189,0.7341,7503963.0
2016-06-16,0.7254,0.7409,0.7139,0.7389,6159418.0
2016-06-17,0.7404,0.7406,0.7134,0.7181,11774601.0
2016-06-20,0.7369,0.7544,0.7361,0.7391,7324196.0
2016-06-21,0.7441,0.7474,0.7301,0.7319,5292266.0
2016-06-22,0.7344,0.7421,0.7289,0.7309,5045066.0
2016-06-23,0.7421,0.7636,0.7414,0.7624,7438020.0
2016-06-24,0.7126,0.7341,0.6826,0.6934,25438431.0
2016-06-27,0.6839,0.6916,0.6796,0.6859,778021.0
2016-06-28,0.7026,0.7039,0.6819,0.6976,9537230.0
2016-06-29,0.7076,0.7254,0.7046,0.7164,7966279.0
2016-06-30,0.7184,0.7326,0.7089,0.7254,10766725.0
2016-07-01,0.7189,0.7341,0.7126,0.7166,5462048.0
2016-07-05,0.7101,0.7359,0.7009,0.7339,9263345.0
2016-07-06,0.7256,0.7481,0.7196,0.7414,6824474.0
2016-07-07,0.7494,0.7766,0.7439,0.7724,9876420.0
2016-07-08,0.7854,0.8274,0.7806,0.8214,12046321.0
2016-07-11,0.8396,0.8601,0.8381,0.8506,11217095.0
2016-07-12,0.8651,0.8821,0.8486,0.8701,10916492.0
2016-07-13,0.8726,0.8801,0.8676,0.8696,8110913.0
2016-07-14,0.8766,0.8951,0.8656,0.8831,7915882.0
2016-07-15,0.8661,0.8734,0.8461,0.8676,10709078.0
2016-07-18,0.8839,0.8859,0.8694,0.8744,6323971.0
2016-07-19,0.8736,0.8931,0.8711,0.8881,9565207.0
2016-07-20,0.8926,0.9126,0.8871,0.9056,7410737.0
2016-07-21,0.9026,0.9069,0.8761,0.8806,9031195.0
2016-07-22,0.8854,0.9169,0.8756,0.9169,7893267.0
2016-07-25,0.9251,0.9454,0.9191,0.9421,7812128.0
2016-07-26,0.9544,0.9731,0.9524,0.9659,12851730.0
2016-07-27,0.9781,0.9806,0.9431,0.9516,11163959.0
2016-07-28,0.9549,0.9651,0.9504,0.9546,5521695.0
2016-07-29,0.9599,0.9814,0.9346,0.9776,10238177.0
2016-08-01,0.9836,0.9889,0.9591,0.9684,7485519.0
2016-08-02,0.9751,0.9759,0.9376,0.9511,7056358.0
2016-08-03,0.9494,0.9576,0.9416,0.9549,7489585.0
2016-08-04,0.9616,0.9874,0.9589,0.9809,6803980.0
2016-08-05,0.9974,1.0059,0.9904,1.0051,9287436.0
2016-08-08,1.0251,1.0286,1.0031,1.0186,7619857.0
2016-08-09,1.0259,1.0366,1.0186,1.0224,9302198.0
2016-08-10,1.0354,1.0376,1.0081,1.0129,9378074.0
2016-08-11,1.0206,1.0489,1.0176,1.0426,16774279.0
2016-08-12,1.0976,1.1346,1.0659,1.1261,35624227.0
2016-08-15,1.1279,1.1374,1.1034,1.1246,14330328.0
2016-08-16,1.1224,1.1249,1.1104,1.1151,7190588.0
2016-08-17,1.1151,1.1186,1.0664,1.0789,14876517.0
2016-08-18,1.0766,1.1051,1.0706,1.1026,8286231.0
2016-08-19,1.1019,1.1184,1.0951,1.1066,7281832.0
2016-08-22,1.1114,1.1154,1.0929,1.1131,6116999.0
2016-08-23,1.129,1.136,1.1213,1.1258,8487181.0
2016-08-24,1.1313,1.132,1.0943,1.1015,7456880.0
2016-08-25,1.102,1.1028,1.072,1.0913,10142685.0
2016-08-26,1.0953,1.1125,1.083,1.1038,7496312.0
2016-08-29,1.11,1.1163,1.1,1.1028,6861171.0
2016-08-30,1.1008,1.109,1.0895,1.0938,7135670.0
2016-08-31,1.0968,1.101,1.082,1.0865,9706761.0
2016-09-01,1.0878,1.1375,1.0865,1.1318,10709463.0
2016-09-02,1.135,1.1368,1.0985,1.1163,8077455.0
2016-09-06,1.1218,1.131,1.1135,1.131,7655186.0
2016-09-07,1.126,1.1335,1.0988,1.1078,9942178.0
2016-09-08,1.1063,1.1215,1.0885,1.119,7890543.0
2016-09-09,1.1018,1.1105,1.028,1.041,17437874.0
2016-09-12,1.0213,1.0745,0.9858,1.0718,14938741.0
2016-09-13,1.068,1.0855,1.0413,1.0498,11773355.0
2016-09-14,1.0533,1.068,1.0408,1.063,7980662.0
2016-09-15,1.0655,1.122,1.062,1.1203,12881609.0
2016-09-16,1.1258,1.1343,1.106,1.124,22559887.0
2016-09-19,1.1405,1.1845,1.1333,1.1448,10425296.0
2016-09-20,1.163,1.163,1.1215,1.1303,8276230.0
2016-09-21,1.135,1.1775,1.1348,1.1745,8403883.0
2016-09-22,1.184,1.189,1.1693,1.1785,7715064.0
2016-09-23,1.1805,1.1853,1.1695,1.1768,6903181.0
2016-09-26,1.1583,1.168,1.1413,1.1615,5746435.0
2016-09-27,1.1553,1.219,1.1545,1.2165,10063740.0
2016-09-28,1.219,1.2238,1.2013,1.2225,7994306.0
2016-09-29,1.2198,1.2433,1.2043,1.238,8412745.0
2016-09-30,1.2473,1.2828,1.2373,1.266,10747055.0
2016-10-03,1.266,1.2908,1.2613,1.2643,6063080.0
2016-10-04,1.2668,1.2955,1.2478,1.2605,7037380.0
2016-10-05,1.275,1.2925,1.2535,1.2588,7544730.0
2016-10-06,1.2383,1.2488,1.2095,1.2365,8991473.0
2016-10-07,1.2478,1.2523,1.2195,1.2243,7154340.0
2016-10-10,1.233,1.242,1.2148,1.2305,7183910.0
2016-10-11,1.225,1.2275,1.1935,1.2063,9709158.0
2016-10-12,1.1995,1.2223,1.1858,1.2138,10497911.0
2016-10-13,1.1943,1.198,1.1455,1.1868,9751170.0
2016-10-14,1.2068,1.218,1.193,1.2028,8264837.0
2016-10-17,1.2025,1.218,1.191,1.1933,4877011.0
2016-10-18,1.216,1.2278,1.2093,1.2183,6724595.0
2016-10-19,1.207,1.2225,1.1985,1.2148,4973452.0
2016-10-20,1.2343,1.2518,1.2105,1.2463,7797236.0
2016-10-21,1.2403,1.2445,1.2255,1.2415,6986947.0
2016-10-24,1.253,1.3228,1.2528,1.3208,8492096.0
2016-10-25,1.3178,1.3605,1.3093,1.3498,9926066.0
2016-10-26,1.3348,1.3768,1.333,1.357,8341773.0
2016-10-27,1.3708,1.3743,1.3125,1.32,9715117.0
2016-10-28,1.3285,1.3555,1.3138,1.317,7263182.0
2016-10-31,1.3228,1.3435,1.3218,1.332,6305374.0
2016-11-01,1.3385,1.3483,1.2603,1.2793,11822570.0
2016-11-02,1.2925,1.316,1.2688,1.272,7390207.0
2016-11-03,1.28,1.2815,1.219,1.252,7728598.0
2016-11-04,1.2408,1.2713,1.2173,1.2423,8210645.0
2016-11-07,1.2918,1.346,1.2905,1.3348,12187064.0
2016-11-08,1.3415,1.3473,1.3155,1.332,10726913.0
2016-11-09,1.2838,1.3255,1.271,1.302,11407179.0
2016-11-10,1.3403,1.3405,1.222,1.2473,20842035.0
2016-11-11,1.5408,1.7723,1.5155,1.7523,54364518.0
2016-11-14,1.7553,1.7578,1.6435,1.644,33707148.0
2016-11-15,1.6603,1.7393,1.6513,1.7078,15596004.0
2016-11-16,1.7365,1.8668,1.7115,1.8438,24688683.0
2016-11-17,1.8608,1.9228,1.8193,1.8628,20811472.0
2016-11-18,1.8628,1.9113,1.848,1.887,14386927.0
2016-11-21,1.9053,1.9118,1.863,1.8775,10904984.0
2016-11-22,1.8855,1.8965,1.8625,1.8943,8250742.0
2016-11-23,1.8995,1.9378,1.8758,1.9058,11075026.0
2016-11-25,1.917,1.934,1.8918,1.9105,4889078.0
2016-11-28,1.9033,1.925,1.8965,1.9093,6963204.0
2016-11-29,1.9065,1.9175,1.8698,1.8878,11104519.0
2016-11-30,1.8965,1.9105,1.859,1.8615,11004061.0
2016-12-01,1.859,1.8608,1.6758,1.7475,25874812.0
2016-12-02,1.7128,1.7765,1.6845,1.7678,11945766.0
2016-12-05,1.8063,1.8718,1.7815,1.8535,15043399.0
2016-12-06,1.8618,1.8998,1.8458,1.8913,12463213.0
2016-12-07,1.8775,1.939,1.859,1.9333,12010341.0
2016-12-08,1.9363,1.972,1.8828,1.8935,9533039.0
2016-12-09,1.9115,1.9133,1.8243,1.852,9555282.0
2016-12-12,1.8028,1.8053,1.745,1.7963,15021421.0
2016-12-13,1.8088,1.8638,1.8078,1.8358,9653798.0
2016-12-14,1.87,1.9843,1.8458,1.9678,24579093.0
2016-12-15,1.979,2.055,1.9715,2.0243,18657125.0
2016-12-16,2.0523,2.074,1.9995,2.0668,27223645.0
2016-12-19,2.049,2.1178,2.0315,2.0973,18607268.0
2016-12-20,2.171,2.2098,2.1595,2.1858,21175849.0
2016-12-21,2.1975,2.2053,2.1493,2.2023,14393072.0
2016-12-22,2.227,2.2783,2.2198,2.2343,17955187.0
2016-12-23,2.216,2.3023,2.2133,2.301,16182022.0
2016-12-27,2.358,2.4905,2.337,2.4895,29758405.0
2016-12-28,2.5465,2.5548,2.2738,2.2878,57184487.0
2016-12-29,2.179,2.3438,2.1265,2.3423,54150999.0
2016-12-30,2.3403,2.3545,2.214,2.225,30283509.0
2017-01-03,2.1665,2.2158,2.041,2.1068,37512679.0
2017-01-04,2.1415,2.194,2.0948,2.1663,29943775.0
2017-01-05,2.1698,2.202,2.0828,2.1,24591303.0
2017-01-06,2.1278,2.1628,2.0865,2.134,20562576.0
2017-01-09,2.144,2.2565,2.144,2.2385,22881853.0
2017-01-10,2.2518,2.2863,2.1973,2.2183,21998612.0
2017-01-11,2.2065,2.2115,2.1603,2.1855,13129514.0
2017-01-12,2.1623,2.174,2.097,2.1425,15628384.0
2017-01-13,2.1465,2.1815,2.133,2.1423,11440276.0
2017-01-17,2.1315,2.1365,2.0708,2.0843,14508642.0
2017-01-18,2.0625,2.1373,2.0343,2.1303,16336849.0
2017-01-19,2.1333,2.218,2.131,2.1855,16108077.0
2017-01-20,2.2085,2.2265,2.1345,2.1568,12268528.0
2017-01-23,2.1515,2.204,2.149,2.1838,9155590.0
2017-01-24,2.194,2.246,2.179,2.2398,10678780.0
2017-01-25,2.2828,2.289,2.2148,2.2513,13075187.0
2017-01-26,2.254,2.3053,2.224,2.2978,11460650.0
2017-01-27,2.3048,2.3538,2.2778,2.3508,11784873.0
2017-01-30,2.3295,2.3318,2.2543,2.307,12392716.0
2017-01-31,2.2803,2.3078,2.2615,2.286,9054363.0
2017-02-01,2.321,2.4095,2.303,2.4053,14715468.0
2017-02-02,2.389,2.45,2.358,2.4413,12067961.0
2017-02-03,2.4428,2.454,2.404,2.416,9313178.0
2017-02-06,2.4065,2.4895,2.4065,2.4893,12656428.0
2017-02-07,2.524,2.5795,2.504,2.5348,18635052.0
2017-02-08,2.5165,2.5393,2.466,2.5218,11226344.0
2017-02-09,2.528,2.533,2.4465,2.466,20245832.0
2017-02-10,2.5548,2.574,2.3715,2.397,41251724.0
2017-02-13,2.3913,2.406,2.2615,2.266,29470204.0
2017-02-14,2.2563,2.3103,2.2138,2.276,21258786.0
2017-02-15,2.279,2.3015,2.2505,2.2815,9315475.0
2017-02-16,2.2913,2.2925,2.198,2.2378,16157681.0
2017-02-17,2.224,2.2418,2.1763,2.2373,14075168.0
2017-02-21,2.2623,2.3373,2.262,2.3333,13787964.0
2017-02-22,2.3455,2.355,2.3098,2.329,10708673.0
2017-02-23,2.1975,2.2198,2.052,2.0723,39565003.0
2017-02-24,1.9868,2.11,1.9525,2.0965,25726634.0
2017-02-27,2.115,2.1855,2.099,2.1703,17875993.0
2017-02-28,2.18,2.19,2.0793,2.097,15623950.0
2017-03-01,2.1548,2.1693,2.0878,2.1298,12610627.0
2017-03-02,2.1168,2.131,2.0323,2.035,18833348.0
2017-03-03,2.0243,2.0293,1.9655,2.0208,21625570.0
2017-03-06,1.984,2.0125,1.9393,2.0018,22078287.0
2017-03-07,2.0018,2.0483,1.9888,2.0285,15069850.0
2017-03-08,2.0775,2.0925,2.0218,2.024,15526253.0
2017-03-09,2.0078,2.0463,1.995,2.0235,11943861.0
2017-03-10,2.0503,2.0623,2.0195,2.038,12480552.0
2017-03-13,2.0485,2.1163,2.0478,2.1063,19328844.0
2017-03-14,2.1193,2.1288,2.0718,2.1045,13011898.0
2017-03-15,2.1163,2.1348,2.068,2.1238,15362480.0
2017-03-16,2.1345,2.1558,2.1203,2.1553,12991181.0
2017-03-17,2.173,2.213,2.1553,2.2118,27946731.0
2017-03-20,2.2295,2.3003,2.2133,2.2963,18696547.0
2017-03-21,2.2788,2.309,2.1995,2.2078,22809254.0
2017-03-22,2.1965,2.2665,2.1925,2.2618,15395481.0
2017-03-23,2.2538,2.2738,2.2275,2.2373,13323548.0
2017-03-24,2.2843,2.2923,2.2205,2.2468,10978977.0
2017-03-27,2.1995,2.27,2.1493,2.2663,12654870.0
2017-03-28,2.2675,2.2823,2.2418,2.2523,10808135.0
2017-03-29,2.2598,2.2723,2.2413,2.2435,8743433.0
2017-03-30,2.2508,2.31,2.245,2.295,13114980.0
2017-03-31,2.2853,2.3073,2.27,2.2833,11013444.0
2017-04-03,2.2838,2.3013,2.2455,2.2695,11124484.0
2017-04-04,2.145,2.1705,2.0685,2.0795,31724917.0
2017-04-05,2.0603,2.1193,2.0475,2.0608,18655213.0
2017-04-06,2.066,2.0913,2.0203,2.079,15861955.0
2017-04-07,2.0855,2.1033,2.053,2.0683,10640414.0
2017-04-10,2.069,2.0758,2.0,2.0043,18881804.0
2017-04-11,1.9738,2.0325,1.9688,2.013,15445106.0
2017-04-12,2.013,2.0275,1.9875,1.9928,10341113.0
2017-04-13,1.9683,1.9903,1.9473,1.9473,12656452.0
2017-04-17,1.9603,2.041,1.955,2.0408,12419751.0
2017-04-18,2.0263,2.0485,2.0,2.0423,9242841.0
2017-04-19,2.06,2.0845,2.0453,2.052,9515806.0
2017-04-20,2.0668,2.096,2.0453,2.0915,10093751.0
2017-04-21,2.081,2.1048,2.069,2.102,8539511.0
2017-04-24,2.134,2.147,2.1128,2.1338,9287415.0
2017-04-25,2.1485,2.1933,2.1268,2.1785,9704969.0
2017-04-26,2.1923,2.1948,2.1585,2.1605,8165303.0
2017-04-27,2.168,2.2095,2.1498,2.201,7985403.0
2017-04-28,2.194,2.201,2.1618,2.1675,8699107.0
2017-05-01,2.1785,2.2313,2.1713,2.226,7679454.0
2017-05-02,2.1988,2.1998,2.124,2.147,15618994.0
2017-05-03,2.14,2.176,2.125,2.1663,8401582.0
2017-05-04,2.1725,2.1838,2.1483,2.1563,5239266.0
2017-05-05,2.1445,2.1638,2.1288,2.1565,5697354.0
2017-05-08,2.1685,2.17,2.1178,2.1293,9113175.0
2017-05-09,2.135,2.1833,2.1265,2.1335,19279651.0
2017-05-10,2.4173,2.6055,2.4105,2.5923,53133393.0
2017-05-11,2.5613,2.8208,2.5578,2.7225,48382716.0
2017-05-12,2.7258,2.8,2.7045,2.7573,24044126.0
2017-05-15,2.799,2.9203,2.7945,2.9178,27094724.0
2017-05-16,2.9695,2.996,2.894,2.9803,27977436.0
2017-05-17,2.9125,2.9315,2.7488,2.753,31714182.0
2017-05-18,2.7975,2.8958,2.7363,2.8868,28839592.0
2017-05-19,2.989,3.019,2.944,2.9635,25433542.0
2017-05-22,3.0078,3.0505,2.9968,3.036,20886491.0
2017-05-23,3.056,3.0583,2.9563,2.9893,17015055.0
2017-05-24,3.0875,3.0903,3.0155,3.0278,20417933.0
2017-05-25,3.0635,3.0643,2.9745,3.02,15184630.0
2017-05-26,3.0118,3.1955,2.9913,3.1095,19452040.0
2017-05-30,3.156,3.2208,3.1398,3.1853,24694681.0
2017-05-31,3.2308,3.2385,3.1148,3.1723,22100005.0
2017-06-01,3.1883,3.1893,3.1265,3.1725,12512236.0
2017-06-02,3.1695,3.196,3.1485,3.1545,12175419.0
2017-06-05,3.138,3.2768,3.1263,3.2638,20402188.0
2017-06-06,3.259,3.3058,3.2335,3.247,18957022.0
2017-06-07,3.2718,3.3105,3.256,3.2915,15165710.0
2017-06-08,3.4,3.5635,3.3583,3.562,28783052.0
2017-06-09,3.682,3.776,3.1323,3.3035,92213812.0
2017-06-12,3.2105,3.356,3.1163,3.3128,42294413.0
2017-06-13,3.4235,3.4328,3.2048,3.3485,41744600.0
2017-06-14,3.3515,3.415,3.276,3.3565,29524299.0
2017-06-15,3.2375,3.4035,3.226,3.3728,24001307.0
2017-06-16,3.3825,3.431,3.3195,3.354,23022247.0
2017-06-19,3.3988,3.5018,3.395,3.4965,19355350.0
2017-06-20,3.5393,3.607,3.4865,3.4908,27358290.0
2017-06-21,3.5188,3.554,3.456,3.5503,17012603.0
2017-06-22,3.5585,3.572,3.4985,3.5228,11714722.0
2017-06-23,3.5305,3.5465,3.394,3.4093,27184646.0
2017-06-26,3.4425,3.4785,3.2718,3.3673,26585889.0
2017-06-27,3.3495,3.3583,3.2223,3.228,24949872.0
2017-06-28,3.2965,3.362,3.2073,3.3573,24832485.0
2017-06-29,3.3285,3.3315,3.1655,3.2305,26527919.0
2017-06-30,3.248,3.2618,3.151,3.1775,18246839.0
2017-07-03,3.1898,3.2048,3.028,3.0468,17726821.0
2017-07-05,3.111,3.169,3.0918,3.1398,20474743.0
2017-07-06,3.1103,3.198,3.0575,3.1505,18622729.0
2017-07-07,3.208,3.251,3.1848,3.2325,16374302.0
2017-07-10,3.307,3.4135,3.2805,3.406,23962269.0
2017-07-11,3.4088,3.4683,3.3673,3.4605,13335151.0
2017-07-12,3.5205,3.6385,3.4778,3.6263,19143913.0
2017-07-13,3.6385,3.721,3.5323,3.5793,23780235.0
2017-07-14,3.6028,3.6885,3.5888,3.6873,16122652.0
2017-07-17,3.7218,3.751,3.6078,3.6698,16253848.0
2017-07-18,3.608,3.7273,3.596,3.7125,13200946.0
2017-07-19,3.7218,3.7485,3.6788,3.691,17176140.0
2017-07-20,3.7118,3.7513,3.6613,3.7505,12336650.0
2017-07-21,3.7273,3.796,3.7158,3.766,11632416.0
2017-07-24,3.7733,3.783,3.7065,3.7173,11380231.0
2017-07-25,3.694,3.7118,3.6533,3.6973,8736942.0
2017-07-26,3.761,3.8118,3.7098,3.745,11274842.0
2017-07-27,3.7703,3.782,3.5025,3.607,19571379.0
2017-07-28,3.5725,3.698,3.5458,3.6733,8581358.0
2017-07-31,3.687,3.7235,3.579,3.6263,13991802.0
2017-08-01,3.6138,3.6773,3.5885,3.6758,7013305.0
2017-08-02,3.71,3.7113,3.5953,3.6733,7849669.0
2017-08-03,3.6758,3.7293,3.6555,3.7255,7111746.0
2017-08-04,3.7485,3.8153,3.7255,3.7438,9701986.0
2017-08-07,3.7715,3.8728,3.7658,3.8723,11532306.0
2017-08-08,3.9235,3.9275,3.7813,3.821,12620818.0
2017-08-09,3.7743,3.8688,3.7553,3.8663,13269623.0
2017-08-10,3.8675,3.88,3.6718,3.682,33202199.0
2017-08-11,3.4885,3.5385,3.3863,3.4625,37429859.0
2017-08-14,3.5553,3.7773,3.5435,3.7735,31975541.0
2017-08-15,3.7788,3.8053,3.7033,3.738,19113263.0
2017-08-16,3.7533,3.777,3.6595,3.6923,14915786.0
2017-08-17,3.6838,3.701,3.598,3.6003,13136065.0
2017-08-18,3.6555,3.6723,3.5545,3.601,15030107.0
2017-08-21,3.6258,3.6373,3.4978,3.5423,15591767.0
2017-08-22,3.5793,3.6368,3.5598,3.6308,11261403.0
2017-08-23,3.597,3.7233,3.5883,3.712,14487996.0
2017-08-24,3.7445,3.749,3.67,3.6968,11742501.0
2017-08-25,3.7213,3.7315,3.6558,3.6623,8930022.0
2017-08-28,3.6815,3.6945,3.6253,3.6913,9737393.0
2017-08-29,3.6318,3.7065,3.6235,3.6845,8102357.0
2017-08-30,3.7045,3.7203,3.6738,3.709,9610039.0
2017-08-31,3.7295,3.807,3.722,3.803,15317105.0
2017-09-01,3.8158,3.8645,3.807,3.8285,11135787.0
2017-09-05,3.7765,3.7815,3.656,3.7148,17417392.0
2017-09-06,3.748,3.762,3.677,3.7123,9941783.0
2017-09-07,3.7293,3.7643,3.6908,3.7315,8821702.0
2017-09-08,3.7198,3.7348,3.6348,3.6593,12471422.0
2017-09-11,3.7055,3.8028,3.7,3.792,14186078.0
2017-09-12,3.817,3.817,3.7413,3.8073,10287203.0
2017-09-13,3.7818,3.8555,3.749,3.8263,14523973.0
2017-09-14,3.7868,3.881,3.762,3.802,12842837.0
2017-09-15,3.8885,4.0698,3.8833,4.0698,34119764.0
2017-09-18,4.1955,4.347,4.1885,4.2558,42111516.0
2017-09-19,4.2048,4.3133,4.1825,4.2508,21856994.0
2017-09-20,4.2545,4.3025,4.1723,4.213,18122991.0
2017-09-21,4.108,4.1345,4.0073,4.086,26889994.0
2017-09-22,4.0745,4.1248,4.032,4.042,12280771.0
2017-09-25,4.0108,4.012,3.821,3.842,21864476.0
2017-09-26,3.9783,4.034,3.8258,3.866,28140511.0
2017-09-27,3.9575,3.9738,3.8858,3.9603,17842967.0
2017-09-28,3.9675,3.9715,3.911,3.959,10881065.0
2017-09-29,4.044,4.0603,3.9983,4.0363,15477293.0
2017-10-02,4.087,4.1165,3.992,4.042,12586960.0
2017-10-03,4.0483,4.0815,4.0065,4.0513,9758268.0
2017-10-04,4.0575,4.1113,4.0205,4.0888,10696220.0
2017-10-05,4.1135,4.117,4.056,4.0863,10934105.0
2017-10-06,4.0583,4.113,4.042,4.0995,7969957.0
2017-10-09,4.1368,4.2353,4.1178,4.2018,14087272.0
2017-10-10,4.3528,4.3908,4.2485,4.2903,24371902.0
2017-10-11,4.307,4.342,4.2605,4.3405,13237734.0
2017-10-12,4.344,4.3943,4.3153,4.3428,13207315.0
2017-10-13,4.4058,4.442,4.3583,4.4318,15718233.0
2017-10-16,4.462,4.5183,4.398,4.5153,14415958.0
2017-10-17,4.4943,4.5395,4.4758,4.5108,11964867.0
2017-10-18,4.5198,4.5205,4.4,4.5065,14182907.0
2017-10-19,4.428,4.517,4.3783,4.512,14269253.0
2017-10-20,4.5293,4.5568,4.4805,4.4895,11290462.0
2017-10-23,4.5115,4.5383,4.462,4.4825,10717376.0
2017-10-24,4.4918,4.5358,4.4655,4.534,10181132.0
2017-10-25,4.494,4.5475,4.3463,4.4085,20704030.0
2017-10-26,4.4365,4.471,4.4123,4.4593,8068563.0
2017-10-27,4.512,4.6138,4.4858,4.6135,14304835.0
2017-10-30,4.6135,4.7193,4.5975,4.663,12601417.0
2017-10-31,4.6953,4.7643,4.6895,4.7373,10297707.0
2017-11-01,4.8008,4.8163,4.682,4.747,12564446.0
2017-11-02,4.717,4.7623,4.6583,4.7155,8557738.0
2017-11-03,4.747,4.7843,4.701,4.7843,8841024.0
2017-11-06,4.747,4.8165,4.7345,4.8078,9748616.0
2017-11-07,4.8308,4.8895,4.8185,4.8678,10692542.0
2017-11-08,4.8633,4.867,4.748,4.796,13074705.0
2017-11-09,4.6988,4.7253,4.5763,4.7,24464067.0
2017-11-10,4.894,5.0338,4.8578,4.9705,31331374.0
2017-11-13,4.9705,4.9963,4.8673,4.8828,14559413.0
2017-11-14,4.892,4.937,4.8478,4.9215,13232319.0
2017-11-15,4.8658,4.867,4.762,4.8165,12548731.0
2017-11-16,4.8915,4.922,4.8483,4.8573,11044183.0
2017-11-17,4.915,4.9508,4.8358,4.851,12891568.0
2017-11-20,4.8668,4.9313,4.8295,4.919,9902511.0
2017-11-21,4.9593,4.98,4.927,4.9683,9979358.0
2017-11-22,4.9958,4.9958,4.911,4.944,8915998.0
2017-11-24,4.9605,4.9958,4.9358,4.9948,4518800.0
2017-11-27,5.0035,5.0048,4.921,4.9243,10572364.0
2017-11-28,4.9295,4.939,4.7768,4.8385,12818804.0
2017-11-29,4.821,4.8238,4.3515,4.4813,34919741.0
2017-11-30,4.5508,4.6378,4.487,4.5885,20594199.0
2017-12-01,4.5535,4.574,4.3825,4.5128,20288748.0
2017-12-04,4.572,4.5783,4.1833,4.2373,31021123.0
2017-12-05,4.1308,4.3883,4.0853,4.2643,24537194.0
2017-12-06,4.2133,4.3243,4.1918,4.3023,11675760.0
2017-12-07,4.3698,4.4108,4.3238,4.3705,13564988.0
2017-12-08,4.421,4.4403,4.3495,4.358,11671856.0
2017-12-11,4.3723,4.4403,4.3563,4.4373,9318741.0
2017-12-12,4.3933,4.4168,4.318,4.3418,11375445.0
2017-12-13,4.3833,4.3845,4.2178,4.2253,13856992.0
2017-12-14,4.2188,4.3043,4.1858,4.2325,10954056.0
2017-12-15,4.277,4.3803,4.2113,4.3598,16750878.0
2017-12-18,4.4008,4.5213,4.3708,4.5183,11942558.0
2017-12-19,4.5088,4.514,4.4448,4.4735,9327493.0
2017-12-20,4.5133,4.5225,4.4345,4.4908,7220456.0
2017-12-21,4.4943,4.5195,4.4595,4.468,7522626.0
2017-12-22,4.4308,4.462,4.352,4.4525,11656871.0
2017-12-26,4.3965,4.5145,4.3663,4.5068,8877033.0
2017-12-27,4.4933,4.57,4.4785,4.5,8237223.0
2017-12-28,4.524,4.5553,4.4995,4.5058,6006248.0
2017-12-29,4.5323,4.5323,4.4083,4.4083,6999116.0
2018-01-02,4.4653,4.5583,4.4333,4.5545,8890417.0
2018-01-03,4.6733,4.9133,4.6645,4.8825,22867591.0
2018-01-04,4.9648,5.022,4.888,4.9105,14581720.0
2018-01-05,4.9255,4.9935,4.8478,4.9558,14503103.0
2018-01-08,5.0808,5.1958,5.0353,5.1208,22030422.0
2018-01-09,5.1263,5.1663,5.0368,5.1193,12424995.0
2018-01-10,5.0258,5.1663,4.9708,5.1628,14566626.0
2018-01-11,5.1958,5.2275,5.151,5.1728,10150767.0
2018-01-12,5.1608,5.1955,5.1043,5.1398,8997902.0
2018-01-16,5.172,5.2585,4.988,5.0735,17558687.0
2018-01-17,5.0883,5.1988,4.9933,5.1888,13460222.0
2018-01-18,5.1693,5.2368,5.1378,5.1818,10215841.0
2018-01-19,5.273,5.348,5.2458,5.3235,15234486.0
2018-01-22,5.3315,5.4148,5.2733,5.413,13773561.0
2018-01-23,5.467,5.5665,5.4483,5.5435,11880705.0
2018-01-24,5.5468,5.583,5.4095,5.4658,14499309.0
2018-01-25,5.5208,5.5645,5.4645,5.4795,10247091.0
2018-01-26,5.5238,5.6543,5.5108,5.654,12908854.0
2018-01-29,5.6393,5.7735,5.586,5.742,11377853.0
2018-01-30,5.5985,5.7313,5.531,5.6388,14270844.0
2018-01-31,5.715,5.8025,5.682,5.7158,11964444.0
2018-02-01,5.5338,5.7433,5.5223,5.5833,12980572.0
2018-02-02,5.4958,5.52,5.35,5.4088,17961555.0
2018-02-05,5.2458,5.4015,4.6958,4.9133,29130140.0
2018-02-06,4.6808,5.2133,4.6708,5.2103,27870031.0
2018-02-07,5.3103,5.445,5.2383,5.2908,20073316.0
2018-02-08,5.4178,5.4513,5.0085,5.0088,28599976.0
2018-02-09,5.527,5.543,5.0088,5.3728,41865077.0
2018-02-12,5.4548,5.4578,5.1965,5.2715,27329342.0
2018-02-13,5.2348,5.4333,5.202,5.3865,15638119.0
2018-02-14,5.3458,5.6355,5.3345,5.6063,18624749.0
2018-02-15,5.6905,5.78,5.6088,5.7333,17472515.0
2018-02-16,5.7058,5.8208,5.6575,5.6668,15941426.0
2018-02-20,5.6895,5.8675,5.6858,5.7978,17155962.0
2018-02-21,5.863,5.87,5.6048,5.6085,22307344.0
2018-02-22,5.6428,5.7153,5.562,5.6283,13359133.0
2018-02-23,5.6888,5.7228,5.6375,5.7228,10382510.0
2018-02-26,5.7695,5.774,5.676,5.739,11732844.0
2018-02-27,5.712,5.7973,5.7028,5.726,11385899.0
2018-02-28,5.737,5.777,5.6128,5.6245,13077878.0
2018-03-01,5.6223,5.6768,5.2775,5.3798,26002972.0
2018-03-02,5.271,5.4945,5.1208,5.488,22835685.0
2018-03-05,5.4373,5.5058,5.3125,5.4658,15519413.0
2018-03-06,5.552,5.648,5.5085,5.6285,15920243.0
2018-03-07,5.5245,5.6733,5.5233,5.6205,14530226.0
2018-03-08,5.6483,5.6483,5.5593,5.604,10297761.0
2018-03-09,5.652,5.7208,5.6358,5.7078,12638148.0
2018-03-12,5.7495,5.8995,5.743,5.8185,15126541.0
2018-03-13,5.8618,5.937,5.7255,5.7673,15494309.0
2018-03-14,5.8108,5.8383,5.73,5.793,12637361.0
2018-03-15,5.8068,5.89,5.7655,5.808,10048837.0
2018-03-16,5.8245,5.8558,5.7865,5.8365,9986432.0
2018-03-19,5.779,5.8083,5.4995,5.5995,17844338.0
2018-03-20,5.6025,5.8533,5.6025,5.814,13867409.0
2018-03-21,5.8075,5.8745,5.7578,5.7885,10967216.0
2018-03-22,5.7245,5.7715,5.583,5.6208,13779919.0
2018-03-23,5.6345,5.6413,5.3875,5.3988,18390461.0
2018-03-26,5.5245,5.6878,5.472,5.6865,15285640.0
2018-03-27,5.7683,5.8245,5.0708,5.2125,35225012.0
2018-03-28,5.1778,5.3093,4.9995,5.1083,23647648.0
2018-03-29,5.1773,5.462,5.092,5.3643,22915692.0
2018-04-02,5.293,5.4408,5.012,5.1008,22952108.0
2018-04-03,5.2695,5.3333,5.1083,5.2083,16685759.0
2018-04-04,4.9498,5.241,4.9245,5.2305,19729161.0
2018-04-05,5.2895,5.3028,5.0368,5.109,17530973.0
2018-04-06,5.0053,5.1145,4.9013,4.9308,16574720.0
2018-04-09,4.9945,5.1238,4.9395,4.9598,12488120.0
2018-04-10,5.1925,5.2995,5.1348,5.2723,19118807.0
2018-04-11,5.2573,5.299,5.1975,5.2305,11506057.0
2018-04-12,5.3245,5.4575,5.2798,5.4395,14847950.0
2018-04-13,5.5038,5.5123,5.3133,5.362,12575892.0
2018-04-16,5.3688,5.3955,5.2665,5.3618,8769776.0
2018-04-17,5.4145,5.5345,5.3583,5.513,11180638.0
2018-04-18,5.462,5.5558,5.3938,5.4838,9784058.0
2018-04-19,5.3683,5.402,5.2445,5.3005,11799933.0
2018-04-20,5.2918,5.377,5.2608,5.2923,9654966.0
2018-04-23,5.3103,5.362,5.1453,5.1715,10687723.0
2018-04-24,5.1975,5.2945,5.0385,5.1045,10364894.0
2018-04-25,5.0745,5.114,4.832,4.991,14712343.0
2018-04-26,5.1545,5.2133,5.0878,5.205,9395574.0
2018-04-27,5.312,5.332,5.19,5.2328,10021245.0
2018-04-30,5.2493,5.2995,5.1775,5.197,8196067.0
2018-05-01,5.1888,5.2558,5.1295,5.253,6344727.0
2018-05-02,5.2495,5.2945,5.2058,5.2323,6706185.0
2018-05-03,5.2645,5.4258,5.2188,5.3993,11078640.0
2018-05-04,5.3703,5.5543,5.3528,5.551,10016538.0
2018-05-07,5.6568,5.8493,5.6468,5.7915,17190378.0
2018-05-08,5.7918,5.8373,5.7423,5.8345,12665374.0
2018-05-09,5.8548,5.9713,5.8273,5.969,14918980.0
2018-05-10,6.0225,6.087,6.0045,6.0778,24852029.0
2018-05-11,5.894,6.0693,5.838,5.9378,30361406.0
2018-05-14,5.9763,6.0368,5.9345,5.9585,13078477.0
2018-05-15,5.8943,5.897,5.612,5.7135,24088210.0
2018-05-16,5.6745,5.7875,5.6373,5.7248,13845706.0
2018-05-17,5.7265,5.862,5.7103,5.7673,12994605.0
2018-05-18,5.8198,5.8838,5.718,5.723,12092942.0
2018-05-21,5.8215,5.8253,5.5868,5.6805,16015620.0
2018-05-22,5.694,5.7195,5.5808,5.642,12956637.0
2018-05-23,5.5853,5.768,5.5845,5.7668,11073926.0
2018-05-24,5.763,5.8133,5.7093,5.7705,10934295.0
2018-05-25,5.7833,5.8268,5.7473,5.8103,7302782.0
2018-05-29,5.792,5.8618,5.7458,5.793,8817083.0
2018-05-30,5.827,5.9118,5.802,5.903,9774864.0
2018-05-31,5.8708,5.9583,5.86,5.883,12346709.0
2018-06-01,5.9283,6.025,5.9195,6.0188,10549248.0
2018-06-04,6.0533,6.2218,6.0208,6.1995,16050641.0
2018-06-05,6.2028,6.243,6.1575,6.205,9792801.0
2018-06-06,6.114,6.2103,6.0975,6.207,9283856.0
2018-06-07,6.2033,6.2153,6.0595,6.1508,9236216.0
2018-06-08,6.0773,6.1783,6.0583,6.1353,9011443.0
2018-06-11,6.1225,6.1645,6.0808,6.0938,6634253.0
2018-06-12,6.1205,6.155,6.0698,6.1428,7978985.0
2018-06-13,6.1443,6.22,6.129,6.1383,8455159.0
2018-06-14,6.1838,6.3083,6.1688,6.251,10750411.0
2018-06-15,6.1933,6.2653,6.162,6.2098,10806488.0
2018-06-18,6.1653,6.2233,6.1378,6.2055,8906674.0
2018-06-19,6.1013,6.1693,5.9538,6.0825,14873324.0
2018-06-20,6.124,6.1895,6.0853,6.136,9244494.0
2018-06-21,6.1683,6.1868,5.9983,6.006,8987906.0
2018-06-22,6.027,6.0405,5.8365,5.852,10853954.0
2018-06-25,5.7445,5.7483,5.4668,5.5563,16645431.0
2018-06-26,5.6708,5.7195,5.576,5.628,11972137.0
2018-06-27,5.672,5.739,5.4658,5.4713,11347303.0
2018-06-28,5.4613,5.6118,5.4535,5.5998,8450297.0
2018-06-29,5.6655,5.6783,5.4995,5.5008,9807477.0
2018-07-02,5.4305,5.638,5.4098,5.6343,8939348.0
2018-07-03,5.6693,5.6753,5.4908,5.4993,5568325.0
2018-07-05,5.555,5.6515,5.5158,5.6465,7655448.0
2018-07-06,5.6218,5.77,5.6003,5.7615,7408822.0
2018-07-09,5.8365,5.8463,5.73,5.8095,7597022.0
2018-07-10,5.822,5.9318,5.7813,5.9095,9000390.0
2018-07-11,5.8158,5.8508,5.7558,5.7665,9187660.0
2018-07-12,5.8123,5.9075,5.8023,5.859,8637673.0
2018-07-13,5.8778,5.8778,5.7688,5.8113,6179078.0
2018-07-16,5.7833,5.8368,5.7708,5.7833,4925926.0
2018-07-17,5.7335,5.9358,5.7078,5.9205,9053395.0
2018-07-18,5.913,5.927,5.8193,5.8708,6941041.0
2018-07-19,5.8518,5.913,5.8365,5.879,5893783.0
2018-07-20,5.8765,5.9158,5.8395,5.8505,5562161.0
2018-07-23,5.8238,5.8255,5.6603,5.8135,7539621.0
2018-07-24,5.862,5.9495,5.7783,5.796,8865545.0
2018-07-25,5.8055,5.8878,5.747,5.875,8004551.0
2018-07-26,5.8548,5.9865,5.8378,5.9493,8128128.0
2018-07-27,5.9863,5.9933,5.8243,5.8788,7385535.0
2018-07-30,5.893,5.899,5.6463,5.6815,8508539.0
2018-07-31,5.671,5.7753,5.6318,5.6998,7099696.0
2018-08-01,5.7315,5.7873,5.6755,5.74,7088889.0
2018-08-02,5.668,5.8478,5.6085,5.8438,6741689.0
2018-08-03,5.8685,5.9048,5.8515,5.8808,5357202.0
2018-08-06,5.868,5.9325,5.821,5.929,5187665.0
2018-08-07,5.9783,6.0208,5.9513,6.002,6453260.0
2018-08-08,6.0033,6.0843,5.968,6.0388,6552462.0
2018-08-09,6.0568,6.0595,5.982,5.9898,5106962.0
2018-08-10,5.907,5.9808,5.8958,5.948,6415668.0
2018-08-13,5.9568,6.1033,5.955,5.9813,9380158.0
2018-08-14,6.0878,6.1283,6.0038,6.114,11655486.0
2018-08-15,6.135,6.1693,5.9758,6.0553,14778394.0
2018-08-16,6.1258,6.1283,5.9535,6.0143,20031476.0
2018-08-17,5.9018,5.9025,5.6715,5.6988,28579694.0
2018-08-20,5.6578,5.9083,5.5463,5.7743,21359655.0
2018-08-21,5.7908,5.9158,5.7708,5.9113,16849710.0
2018-08-22,5.8783,6.1538,5.8748,6.1488,18746422.0
2018-08-23,6.1098,6.3153,6.0958,6.2493,18017114.0
2018-08-24,6.2578,6.3985,6.2533,6.3838,13287762.0
2018-08-27,6.4138,6.5508,6.3818,6.4758,12644437.0
2018-08-28,6.4698,6.4928,6.3165,6.4378,11884595.0
2018-08-29,6.43,6.5695,6.409,6.5443,10502741.0
2018-08-30,6.5128,6.625,6.49,6.5273,8665230.0
2018-08-31,6.507,6.612,6.497,6.599,7664750.0
2018-09-04,6.5858,6.7125,6.557,6.6745,9793027.0
2018-09-05,6.6568,6.6925,6.4608,6.5425,9828919.0
2018-09-06,6.526,6.5285,6.3668,6.4,8069889.0
2018-09-07,6.307,6.5053,6.2618,6.3785,7385468.0
2018-09-10,6.4013,6.4803,6.357,6.4503,5503457.0
2018-09-11,6.4035,6.492,6.3825,6.402,6077818.0
2018-09-12,6.3618,6.3815,6.13,6.287,10477259.0
2018-09-13,6.3535,6.457,6.336,6.3655,7638387.0
2018-09-14,6.4568,6.5595,6.4195,6.4928,9673380.0
2018-09-17,6.467,6.5165,6.4108,6.4303,5138189.0
2018-09-18,6.4343,6.538,6.3508,6.3575,7488023.0
2018-09-19,6.3388,6.3995,6.2883,6.3815,5621465.0
2018-09-20,6.2583,6.301,6.1845,6.239,10764569.0
2018-09-21,6.251,6.297,6.1348,6.1683,10878157.0
2018-09-24,6.137,6.228,6.049,6.2245,7347826.0
2018-09-25,6.2913,6.3175,6.2048,6.2923,7009746.0
2018-09-26,6.2973,6.338,6.239,6.255,6713688.0
2018-09-27,6.2905,6.312,6.2353,6.267,5360717.0
2018-09-28,6.4003,6.63,6.372,6.6075,17734914.0
2018-10-01,6.686,6.8835,6.647,6.816,15551453.0
2018-10-02,6.7883,6.901,6.7215,6.744,9599118.0
2018-10-03,6.815,6.8225,6.6453,6.7503,8013769.0
2018-10-04,6.7138,6.7383,6.4865,6.5643,9780489.0
2018-10-05,6.5393,6.602,6.2705,6.3285,10665861.0
2018-10-08,6.2445,6.361,6.084,6.2263,10215265.0
2018-10-09,6.2055,6.301,6.152,6.2205,6837493.0
2018-10-10,6.1135,6.1598,5.722,5.7243,17123454.0
2018-10-11,5.6363,5.771,5.4385,5.4603,18135929.0
2018-10-12,5.7198,5.8205,5.5733,5.7455,15205917.0
2018-10-15,5.732,5.732,5.4655,5.4665,11244032.0
2018-10-16,5.5803,5.739,5.5305,5.7278,10217795.0
2018-10-17,5.7905,5.829,5.609,5.6585,8241701.0
2018-10-18,5.7285,5.7673,5.5093,5.5703,13100548.0
2018-10-19,5.626,5.6458,5.2745,5.3113,15340249.0
2018-10-22,5.364,5.465,5.2588,5.3625,9221091.0
2018-10-23,5.0928,5.1868,4.9998,5.1085,15660945.0
2018-10-24,5.0698,5.1168,4.5533,4.5673,22107199.0
2018-10-25,4.4688,4.8258,4.424,4.778,23793040.0
2018-10-26,4.5398,4.703,4.41,4.5393,16619628.0
2018-10-29,4.6818,4.6853,3.9823,4.2225,18950441.0
2018-10-30,4.2458,4.667,4.2225,4.657,20179768.0
2018-10-31,4.8233,4.8968,4.6823,4.8528,18644304.0
2018-11-01,4.8895,5.0443,4.7618,5.0348,14163208.0
2018-11-02,5.0253,5.132,4.8373,4.955,11324002.0
2018-11-05,4.9418,4.9653,4.714,4.8763,9483260.0
2018-11-06,4.8683,4.9533,4.821,4.8585,7475259.0
2018-11-07,4.9258,5.0173,4.8615,4.9268,12095301.0
2018-11-08,4.867,4.8678,4.6778,4.7318,12783823.0
2018-11-09,4.642,4.815,4.608,4.7238,10331049.0
2018-11-12,4.6315,4.6538,4.2985,4.3205,15427947.0
2018-11-13,4.4193,4.6873,4.413,4.5648,16117775.0
2018-11-14,4.7395,4.754,4.4028,4.5118,13164471.0
2018-11-15,4.5058,4.7145,4.4695,4.6418,21017716.0
2018-11-16,3.665,3.8485,3.6223,3.6928,49087977.0
2018-11-19,3.6268,3.6275,3.1978,3.1995,42445505.0
2018-11-20,2.9335,3.4385,2.9148,3.309,42300828.0
2018-11-21,3.4475,3.4645,3.1723,3.1998,25637350.0
2018-11-23,3.1648,3.3218,3.1518,3.207,10299211.0
2018-11-26,3.3293,3.4188,3.246,3.4083,20370806.0
2018-11-27,3.382,3.5073,3.3458,3.4253,18451506.0
2018-11-28,3.544,3.589,3.4103,3.5838,20113137.0
2018-11-29,3.586,3.6235,3.4895,3.52,13729340.0
2018-11-30,3.5298,3.6825,3.479,3.6718,18239114.0
2018-12-03,3.901,3.953,3.7695,3.837,22270109.0
2018-12-04,3.792,3.797,3.4985,3.5138,20302787.0
2018-12-06,3.372,3.5483,3.3563,3.5433,17307741.0
2018-12-07,3.5475,3.5578,3.2265,3.2763,17041949.0
2018-12-10,3.231,3.4075,3.2273,3.3825,15736835.0
2018-12-11,3.475,3.4833,3.211,3.2908,16797832.0
2018-12-12,3.2965,3.4055,3.2065,3.3085,16353398.0
2018-12-13,3.3558,3.4205,3.272,3.3083,11784624.0
2018-12-14,3.2663,3.3508,3.2235,3.2473,11795531.0
2018-12-17,3.217,3.2898,3.117,3.1755,16571683.0
2018-12-18,3.2198,3.3443,3.1923,3.2595,14109251.0
2018-12-19,3.2255,3.2795,2.9968,3.0488,18634147.0
2018-12-20,3.0403,3.131,2.9033,2.9635,18739697.0
2018-12-21,2.9903,3.0235,2.7975,2.8253,21593525.0
2018-12-24,2.7483,2.8355,2.6985,2.763,11595978.0
2018-12-26,2.8095,2.9145,2.6975,2.9135,17377484.0
2018-12-27,2.8608,2.8955,2.7155,2.8653,15926080.0
2018-12-28,2.886,3.0208,2.8438,2.9273,15712319.0
2018-12-31,2.971,3.0038,2.8925,2.9235,11628503.0
2019-01-02,2.852,3.048,2.8373,2.9915,12718840.0
2019-01-03,2.9308,2.965,2.7783,2.7858,17638786.0
2019-01-04,2.8595,3.0293,2.8285,2.9908,14640483.0
2019-01-07,3.0485,3.2083,2.9968,3.171,17728980.0
2019-01-08,3.2533,3.2555,3.0085,3.0818,19650429.0
2019-01-09,3.1335,3.1983,3.0825,3.1505,15431475.0
2019-01-10,3.131,3.2255,3.07,3.2168,13078906.0
2019-01-11,3.1943,3.3298,3.1663,3.3068,21869066.0
2019-01-14,3.254,3.3725,3.2303,3.347,18254249.0
2019-01-15,3.38,3.4198,3.3143,3.3328,15425251.0
2019-01-16,3.3603,3.3935,3.3015,3.307,11752592.0
2019-01-17,3.2738,3.4193,3.2463,3.379,12335905.0
2019-01-18,3.4323,3.5355,3.378,3.5093,16283423.0
2019-01-22,3.4788,3.4905,3.2748,3.3053,16538776.0
2019-01-23,3.361,3.4505,3.2868,3.3183,14775545.0
2019-01-24,3.4035,3.5498,3.3988,3.532,17724261.0
2019-01-25,3.472,3.608,3.3685,3.5898,28880547.0
2019-01-28,2.9998,3.127,2.861,3.0363,62788169.0
2019-01-29,2.9898,3.0385,2.8613,2.876,28848347.0
2019-01-30,2.9528,3.0353,2.8725,3.0208,24355739.0
2019-01-31,3.0175,3.2158,2.9955,3.1798,21071338.0
2019-02-01,3.1985,3.2558,3.1505,3.2043,15626175.0
2019-02-04,3.2203,3.353,3.198,3.3155,13215018.0
2019-02-05,3.3275,3.3718,3.2935,3.3348,13560625.0
2019-02-06,3.3683,3.476,3.3628,3.411,17561647.0
2019-02-07,3.3643,3.3665,3.2283,3.2715,15928000.0
2019-02-08,3.2038,3.301,3.1893,3.2903,11540137.0
2019-02-11,3.2458,3.3005,3.1985,3.2473,12379515.0
2019-02-12,3.286,3.381,3.2715,3.3653,14776513.0
2019-02-13,3.395,3.4818,3.3813,3.408,15134302.0
2019-02-14,3.407,3.4775,3.3635,3.4493,20681574.0
2019-02-15,3.6598,3.6828,3.4965,3.5195,37918734.0
2019-02-19,3.5088,3.5833,3.4895,3.502,13797316.0
2019-02-20,3.5315,3.6175,3.5203,3.5498,13524737.0
2019-02-21,3.5625,3.5873,3.4655,3.4803,11213668.0
2019-02-22,3.5325,3.5848,3.5188,3.5658,10043531.0
2019-02-25,3.65,3.718,3.5445,3.5533,16400481.0
2019-02-26,3.5485,3.605,3.4798,3.5135,12211571.0
2019-02-27,3.499,3.5258,3.4138,3.4713,12506381.0
2019-02-28,3.465,3.4875,3.424,3.4465,8123565.0
2019-03-01,3.4968,3.5438,3.438,3.5013,8929678.0
2019-03-04,3.54,3.563,3.4525,3.5095,10249750.0
2019-03-05,3.4938,3.5415,3.439,3.503,9073119.0
2019-03-06,3.494,3.5025,3.3885,3.3913,10088149.0
2019-03-07,3.3675,3.3773,3.275,3.3215,11252633.0
2019-03-08,3.2315,3.3668,3.21,3.356,10560371.0
2019-03-11,3.3798,3.6415,3.3323,3.6185,21493150.0
2019-03-12,3.6465,3.6998,3.5698,3.653,14489368.0
2019-03-13,3.6908,3.835,3.6833,3.8055,19222518.0
2019-03-14,3.8148,3.8268,3.7213,3.729,12984630.0
2019-03-15,3.7725,3.8783,3.769,3.8353,16536482.0
2019-03-18,3.867,3.9213,3.7865,3.8138,12174829.0
2019-03-19,3.909,4.0275,3.892,3.9828,21374310.0
2019-03-20,4.012,4.0658,3.915,3.95,17978715.0
2019-03-21,3.9733,4.215,3.9683,4.1885,20607767.0
2019-03-22,4.161,4.21,4.0135,4.0275,18691087.0
2019-03-25,3.9865,4.0513,3.8678,3.9345,13130301.0
2019-03-26,4.0773,4.1338,3.955,4.0118,17587678.0
2019-03-27,4.0375,4.0843,3.9325,4.0025,11859294.0
2019-03-28,4.0288,4.0875,3.9678,4.0213,12006602.0
2019-03-29,4.0885,4.1035,4.0378,4.079,11422379.0
2019-04-01,4.1715,4.1775,4.0993,4.147,12095612.0
2019-04-02,4.1713,4.2098,4.128,4.165,11022996.0
2019-04-03,4.215,4.365,4.21,4.3055,19719468.0
2019-04-04,4.29,4.3393,4.2333,4.2965,11434419.0
2019-04-05,4.34,4.3813,4.3033,4.3638,12043649.0
2019-04-08,4.333,4.41,4.3088,4.3848,10604848.0
2019-04-09,4.351,4.3623,4.279,4.3215,10999320.0
2019-04-10,4.3208,4.4185,4.3163,4.3925,11119307.0
2019-04-11,4.395,4.4268,4.3288,4.3785,9365037.0
2019-04-12,4.4175,4.4215,4.3315,4.3403,11792664.0
2019-04-15,4.3325,4.3375,4.1675,4.2075,11002345.0
2019-04-16,4.247,4.3143,4.214,4.2953,9874091.0
2019-04-17,4.3305,4.3515,4.2498,4.2723,8775068.0
2019-04-18,4.279,4.3133,4.2198,4.2475,9524704.0
2019-04-22,4.2238,4.3175,4.192,4.3018,6998388.0
2019-04-23,4.315,4.3883,4.3053,4.3568,8671381.0
2019-04-24,4.3673,4.4103,4.306,4.3693,7955120.0
2019-04-25,4.3288,4.3513,4.1825,4.2628,12482437.0
2019-04-26,4.1078,4.1123,3.9225,4.0423,21724729.0
2019-04-29,4.0503,4.1013,3.9775,4.0733,9797983.0
2019-04-30,4.0408,4.1408,4.0215,4.115,9073040.0
2019-05-01,4.1678,4.2103,4.1015,4.1018,8857031.0
2019-05-02,4.1115,4.2118,4.068,4.1698,9867135.0
2019-05-03,4.1783,4.1883,4.1033,4.1653,8420587.0
2019-05-06,3.9775,4.0985,3.94,4.0863,10554445.0
2019-05-07,4.0375,4.0375,3.8693,3.9178,13880458.0
2019-05-08,3.89,4.0188,3.878,3.938,10479154.0
2019-05-09,3.8685,3.8783,3.725,3.8448,16506164.0
2019-05-10,3.8138,3.8798,3.69,3.8105,14237451.0
2019-05-13,3.6775,3.7008,3.5353,3.5513,16422819.0
2019-05-14,3.5913,3.6765,3.5523,3.641,13121972.0
2019-05-15,3.585,3.6163,3.5253,3.5795,12558001.0
2019-05-16,3.574,3.6378,3.5313,3.5948,19527204.0
2019-05-17,3.5525,3.6828,3.4635,3.5033,25551698.0
2019-05-20,3.4038,3.4593,3.3588,3.3838,14301634.0
2019-05-21,3.445,3.4825,3.406,3.4665,9046247.0
2019-05-22,3.4275,3.4538,3.384,3.395,8146740.0
2019-05-23,3.3323,3.3323,3.2128,3.273,14796109.0
2019-05-24,3.292,3.3275,3.212,3.2188,8939632.0
2019-05-28,3.2365,3.2695,3.1713,3.1733,10708852.0
2019-05-29,3.1253,3.1605,3.0635,3.0985,13995037.0
2019-05-30,3.1018,3.1378,3.0333,3.0718,9857490.0
2019-05-31,3.0225,3.0553,2.9788,2.9805,9742992.0
2019-06-03,2.9918,3.0308,2.909,2.9385,11966080.0
2019-06-04,3.003,3.1743,2.9808,3.169,16045885.0
2019-06-05,3.2433,3.2488,3.0895,3.126,12790385.0
2019-06-06,3.1303,3.2133,3.1278,3.1885,10203462.0
2019-06-07,3.1945,3.266,3.1753,3.2315,8721438.0
2019-06-10,3.288,3.3738,3.288,3.3048,10069522.0
2019-06-11,3.365,3.403,3.323,3.3628,9596751.0
2019-06-12,3.319,3.3253,3.2338,3.249,8972298.0
2019-06-13,3.2713,3.319,3.2535,3.3005,7702027.0
2019-06-14,3.2068,3.2313,3.165,3.21,9860656.0
2019-06-17,3.2083,3.257,3.1853,3.2198,6901037.0
2019-06-18,3.2815,3.4718,3.2705,3.416,14547950.0
2019-06-19,3.4515,3.463,3.3958,3.422,8291099.0
2019-06-20,3.5133,3.5273,3.432,3.4465,8754182.0
2019-06-21,3.4315,3.481,3.3815,3.388,10860672.0
2019-06-24,3.4095,3.4403,3.362,3.4105,7073718.0
2019-06-25,3.4155,3.491,3.3783,3.381,7796661.0
2019-06-26,3.5093,3.637,3.4963,3.5755,14601825.0
2019-06-27,3.6618,3.694,3.6255,3.6748,11136038.0
2019-06-28,3.719,3.7283,3.6528,3.6998,9941659.0
2019-07-01,3.9083,3.9428,3.7105,3.7483,17788327.0
2019-07-02,3.7315,3.7528,3.6365,3.6498,10005688.0
2019-07-03,3.6733,3.679,3.6025,3.6628,6165856.0
2019-07-05,3.604,3.6085,3.536,3.5998,9913847.0
2019-07-08,3.5398,3.5588,3.494,3.5243,8244669.0
2019-07-09,3.4818,3.555,3.469,3.5268,8571512.0
2019-07-10,3.5705,3.6533,3.5565,3.5955,11301899.0
2019-07-11,3.669,3.792,3.6315,3.751,17063964.0
2019-07-12,3.779,3.8558,3.779,3.7843,12659816.0
2019-07-15,3.8055,3.8218,3.7473,3.7758,7245993.0
2019-07-16,3.7608,3.7983,3.715,3.771,8536098.0
2019-07-17,3.7728,3.8438,3.7433,3.8368,8705107.0
2019-07-18,3.8473,3.9118,3.7903,3.8485,11079474.0
2019-07-19,3.887,3.8935,3.799,3.805,8622395.0
2019-07-22,3.8265,3.89,3.819,3.877,7898498.0
2019-07-23,3.9165,3.9875,3.9008,3.9855,10704414.0
2019-07-24,4.029,4.0663,3.9525,4.0605,9155937.0
2019-07-25,4.0188,4.0315,3.905,3.9285,9817453.0
2019-07-26,3.9558,4.0178,3.9558,3.9708,6853997.0
2019-07-29,3.9635,3.9808,3.8758,3.9645,6204049.0
2019-07-30,3.9178,3.9925,3.9033,3.9803,4944261.0
2019-07-31,3.9485,3.9495,3.7695,3.812,8985391.0
2019-08-01,3.8225,3.9135,3.6645,3.717,10530314.0
2019-08-02,3.6238,3.6935,3.576,3.6238,10708732.0
2019-08-05,3.439,3.4403,3.3165,3.3638,14728936.0
2019-08-06,3.439,3.4848,3.3548,3.4028,9031767.0
2019-08-07,3.3415,3.4533,3.324,3.4413,9314045.0
2019-08-08,3.4993,3.5518,3.4415,3.5505,7732472.0
2019-08-09,3.5093,3.5128,3.3978,3.4485,8545418.0
2019-08-12,3.396,3.4485,3.3583,3.3803,6980012.0
2019-08-13,3.3788,3.5415,3.3395,3.4953,9012811.0
2019-08-14,3.4065,3.4178,3.3018,3.3458,10497033.0
2019-08-15,3.3648,3.3848,3.2788,3.3133,13861551.0
2019-08-16,3.5778,3.6325,3.516,3.583,25384628.0
2019-08-19,3.697,3.8795,3.6808,3.8635,20408061.0
2019-08-20,3.858,3.8585,3.7695,3.7908,11588040.0
2019-08-21,3.8573,3.9303,3.8355,3.8748,10697773.0
2019-08-22,3.8845,3.9273,3.8415,3.881,7593918.0
2019-08-23,3.804,3.8588,3.635,3.655,14237433.0
2019-08-26,3.7343,3.7585,3.6918,3.7303,7964854.0
2019-08-27,3.7688,3.7715,3.6095,3.639,7288739.0
2019-08-28,3.6125,3.6815,3.573,3.6285,6395703.0
2019-08-29,3.7205,3.8055,3.717,3.773,8959326.0
2019-08-30,3.8195,3.8695,3.7675,3.7858,7272712.0
2019-09-03,3.7125,3.7458,3.6793,3.7023,7412770.0
2019-09-04,3.7633,3.8245,3.7633,3.817,5703009.0
2019-09-05,3.9198,4.0978,3.918,4.0915,17412125.0
2019-09-06,4.068,4.1253,4.026,4.0643,9424419.0
2019-09-09,4.0955,4.1975,4.094,4.1105,10438133.0
2019-09-10,4.0775,4.2043,4.0678,4.1775,8820305.0
2019-09-11,4.1923,4.2548,4.163,4.2063,9037782.0
2019-09-12,4.253,4.308,4.1968,4.2048,8196025.0
2019-09-13,4.1378,4.175,4.1025,4.1465,8114787.0
2019-09-16,4.071,4.138,4.0605,4.1033,5795796.0
2019-09-17,4.11,4.129,4.0633,4.1248,5711828.0
2019-09-18,4.1178,4.1335,4.0105,4.0975,6600942.0
2019-09-19,4.1035,4.122,4.0108,4.0215,6408569.0
2019-09-20,4.0205,4.0443,3.905,3.9153,8931295.0
2019-09-23,3.9155,4.0148,3.9118,3.969,6395647.0
2019-09-24,4.0005,4.0303,3.8755,3.9113,8031045.0
2019-09-25,3.9108,4.0735,3.8658,4.0538,7827672.0
2019-09-26,4.044,4.0528,3.9803,4.0315,5945648.0
2019-09-27,3.9895,4.0405,3.831,3.892,9148974.0
2019-09-30,3.918,3.96,3.8865,3.9498,4829977.0
2019-10-01,3.973,4.123,3.9433,3.948,9189150.0
2019-10-02,3.926,3.938,3.8513,3.924,7391544.0
2019-10-03,3.9285,4.137,3.898,4.1308,11568265.0
2019-10-04,4.133,4.1768,4.0675,4.1473,6699005.0
2019-10-07,4.2125,4.3065,4.2038,4.2063,12207839.0
2019-10-08,4.114,4.114,4.0105,4.0288,11233566.0
2019-10-09,4.106,4.1655,4.077,4.1158,7697082.0
2019-10-10,4.1135,4.225,4.1083,4.1738,8187889.0
2019-10-11,4.2583,4.3315,4.2393,4.2478,11271668.0
2019-10-14,4.239,4.2823,4.2078,4.2613,5258394.0
2019-10-15,4.352,4.5803,4.338,4.5073,16699633.0
2019-10-16,4.473,4.5785,4.4418,4.4533,10818828.0
2019-10-17,4.498,4.5433,4.4005,4.4553,6607924.0
2019-10-18,4.4558,4.4885,4.2855,4.3603,7690605.0
2019-10-21,4.422,4.5118,4.403,4.4983,6674181.0
2019-10-22,4.5555,4.6613,4.4805,4.4883,8434228.0
2019-10-23,4.4058,4.4895,4.3738,4.4753,7144250.0
2019-10-24,4.5168,4.5533,4.4825,4.5195,5975933.0
2019-10-25,4.6005,4.7325,4.5928,4.7115,10577288.0
2019-10-28,4.7555,4.8205,4.726,4.7678,8269791.0
2019-10-29,4.7538,4.7603,4.6515,4.671,5280920.0
2019-10-30,4.698,4.7038,4.6045,4.673,5149038.0
2019-10-31,4.652,4.673,4.5433,4.6235,5243315.0
2019-11-01,4.588,4.6953,4.5628,4.6628,7090956.0
2019-11-04,4.7443,4.873,4.721,4.8605,9417905.0
2019-11-05,4.8603,4.8865,4.79,4.8383,7521712.0
2019-11-06,4.814,4.8398,4.7008,4.7888,6725335.0
2019-11-07,4.8758,4.8905,4.7615,4.8065,7008498.0
2019-11-08,4.7895,4.8243,4.7518,4.7925,4735187.0
2019-11-11,4.7918,4.8258,4.705,4.8025,6094736.0
2019-11-12,4.841,4.8945,4.8058,4.8383,7095971.0
2019-11-13,4.8068,4.8345,4.7455,4.8123,7559124.0
2019-11-14,4.8213,4.845,4.761,4.8428,13175171.0
2019-11-15,4.8405,4.8925,4.614,4.7028,26355409.0
2019-11-18,4.6953,4.9318,4.6923,4.905,14382963.0
2019-11-19,4.8738,4.8975,4.7393,4.7978,10384506.0
2019-11-20,4.7748,4.9618,4.762,4.8775,11825438.0
2019-11-21,4.873,4.929,4.8308,4.8525,7209730.0
2019-11-22,4.8753,4.922,4.8465,4.8703,5602470.0
2019-11-25,4.999,5.1333,4.986,5.1283,12683686.0
2019-11-26,5.1105,5.1153,5.0165,5.023,9642023.0
2019-11-27,5.0688,5.1033,5.0315,5.058,5410718.0
2019-11-29,5.027,5.0555,4.9965,5.0205,3538924.0
2019-12-02,5.0135,5.027,4.818,4.8333,9346742.0
2019-12-03,4.6488,4.7975,4.6113,4.7935,11853653.0
2019-12-04,4.8775,4.9,4.8088,4.8375,6840459.0
2019-12-05,4.8595,4.8753,4.7898,4.8205,4628444.0
2019-12-06,4.89,4.9393,4.88,4.9063,5810457.0
2019-12-09,4.8833,4.9613,4.8745,4.9063,5378320.0
2019-12-10,4.9365,5.0035,4.8835,4.9515,6417228.0
2019-12-11,4.962,5.041,4.9595,5.0355,5850247.0
2019-12-12,5.0065,5.222,4.9975,5.2038,10152084.0
2019-12-13,5.2068,5.3265,5.1475,5.2018,11374183.0
2019-12-16,5.2495,5.3035,5.2213,5.2308,8032684.0
2019-12-17,5.2495,5.332,5.24,5.3093,8081598.0
2019-12-18,5.3443,5.4005,5.3358,5.3398,8606969.0
2019-12-19,5.3745,5.502,5.3695,5.4885,11327674.0
2019-12-20,5.5553,5.6118,5.536,5.5863,15084607.0
2019-12-23,5.615,5.6473,5.5618,5.5725,8884815.0
2019-12-24,5.557,5.5848,5.5225,5.5675,3471597.0
2019-12-26,5.571,5.61,5.552,5.5818,4580451.0
2019-12-27,5.597,5.6105,5.4973,5.5238,6370251.0
2019-12-30,5.5018,5.507,5.3785,5.41,6456178.0
2019-12-31,5.3745,5.494,5.3553,5.4845,5780283.0
2020-01-02,5.5708,5.5998,5.52,5.5998,5941969.0
2020-01-03,5.4795,5.5478,5.4545,5.5038,5144308.0
2020-01-06,5.41,5.5338,5.3838,5.5285,6572812.0
2020-01-07,5.557,5.6463,5.5118,5.6003,7980144.0
2020-01-08,5.596,5.653,5.5558,5.6115,6931017.0
2020-01-09,5.6983,5.7503,5.6235,5.6775,6386053.0
2020-01-10,5.7853,5.8158,5.6958,5.71,7911560.0
2020-01-13,5.7935,5.9268,5.7708,5.9015,8008451.0
2020-01-14,5.8585,5.884,5.7708,5.784,8989483.0
2020-01-15,5.7968,5.8193,5.7153,5.7413,6577636.0
2020-01-16,5.795,5.8313,5.7715,5.8253,7104791.0
2020-01-17,5.8445,5.852,5.7863,5.834,6344764.0
2020-01-21,5.7973,5.8343,5.7663,5.8005,5447925.0
2020-01-22,5.846,5.9418,5.827,5.8533,5980967.0
2020-01-23,5.895,5.932,5.8058,5.9235,6112861.0
2020-01-24,6.0395,6.0895,5.8095,5.864,9337839.0
2020-01-27,5.558,5.6583,5.4078,5.607,11763354.0
2020-01-28,5.6733,5.8338,5.6198,5.8013,7774401.0
2020-01-29,5.7868,5.823,5.7005,5.7405,6486279.0
2020-01-30,5.6423,5.7608,5.587,5.7473,7262590.0
2020-01-31,5.7013,5.7133,5.4708,5.5128,9260493.0
2020-02-03,5.4945,5.6298,5.4883,5.6103,6398205.0
2020-02-04,5.7528,5.7995,5.7025,5.7803,6788589.0
2020-02-05,5.9018,5.912,5.7873,5.871,5205502.0
2020-02-06,5.9055,5.9583,5.824,5.9583,5457051.0
2020-02-07,5.918,5.9403,5.8663,5.8918,4743803.0
2020-02-10,5.9145,6.177,5.9095,6.1763,13240194.0
2020-02-11,6.285,6.4145,6.2228,6.2993,15963922.0
2020-02-12,6.3523,6.422,6.3133,6.4155,9366118.0
2020-02-13,6.3573,6.439,6.3298,6.3715,13200384.0
2020-02-14,6.7835,6.9763,6.752,6.8468,26048093.0
2020-02-18,6.743,7.0348,6.7235,7.0163,15547025.0
2020-02-19,7.1393,7.4873,7.1393,7.4695,17358281.0
2020-02-20,7.4213,7.51,7.0108,7.3195,20251259.0
2020-02-21,7.2068,7.232,6.8685,6.9538,19232331.0
2020-02-24,6.3568,6.6488,6.302,6.434,21422873.0
2020-02-25,6.5095,6.5718,6.051,6.1533,26387442.0
2020-02-26,6.1535,6.4883,6.152,6.2933,18741536.0
2020-02-27,5.9785,6.281,5.8283,5.921,22660373.0
2020-02-28,5.6675,6.4175,5.6508,6.3578,28366882.0
2020-03-02,6.5285,6.5458,6.131,6.5168,22268639.0
2020-03-03,6.5728,6.6328,6.1675,6.2533,16319828.0
2020-03-04,6.361,6.7283,6.286,6.7188,14935184.0
2020-03-05,6.5185,6.686,6.3935,6.4383,13508187.0
2020-03-06,6.258,6.3158,6.056,6.257,12885307.0
2020-03-09,5.6035,6.091,5.5605,5.742,15353960.0
2020-03-10,6.0195,6.133,5.7558,6.133,14516218.0
2020-03-11,5.9925,6.021,5.6703,5.7678,12551693.0
2020-03-12,5.2425,5.509,5.001,5.0138,20413535.0
2020-03-13,5.3685,5.6315,5.0963,5.627,15870943.0
2020-03-16,4.9163,5.2585,4.456,4.516,18174303.0
2020-03-17,4.6288,5.1275,4.381,5.0378,20840799.0
2020-03-18,4.6085,4.8545,4.123,4.6765,21856657.0
2020-03-19,4.655,5.0243,4.4408,4.9303,19137847.0
2020-03-20,5.081,5.364,4.7343,4.7498,20115854.0
2020-03-23,4.7488,5.018,4.569,4.9233,16096866.0
2020-03-24,5.331,5.9225,5.3073,5.8355,27541095.0
2020-03-25,5.951,6.1515,5.6975,5.7465,19835767.0
2020-03-26,5.9545,6.1615,5.856,6.037,17439692.0
2020-03-27,5.856,6.184,5.823,5.9243,15970744.0
2020-03-30,5.99,6.255,5.9458,6.2458,15056253.0
2020-03-31,6.286,6.491,6.0498,6.196,23749014.0
2020-04-01,5.9973,6.1443,5.638,5.6828,16422828.0
2020-04-02,5.712,6.006,5.6638,5.9928,16894113.0
2020-04-03,5.955,5.9968,5.5658,5.7038,16580346.0
2020-04-06,5.987,6.353,5.9293,6.316,18197062.0
2020-04-07,6.5385,6.5623,6.0385,6.0818,19613047.0
2020-04-08,6.1913,6.3048,6.121,6.2798,13561113.0
2020-04-09,6.406,6.429,6.1165,6.1798,13156195.0
2020-04-13,6.1198,6.361,6.031,6.3523,9960182.0
2020-04-14,6.481,6.739,6.4533,6.7048,13273667.0
2020-04-15,6.536,6.7103,6.4905,6.627,9153721.0
2020-04-16,6.783,7.081,6.7698,6.9735,18640510.0
2020-04-17,7.056,7.0775,6.7795,6.914,13478049.0
2020-04-20,6.787,6.9435,6.7378,6.7823,11234705.0
2020-04-21,6.6638,6.7253,6.2838,6.3438,18378996.0
2020-04-22,6.5368,6.8028,6.491,6.7598,12118228.0
2020-04-23,6.802,6.9345,6.681,6.7063,10603988.0
2020-04-24,6.696,6.8478,6.621,6.8458,8816137.0
2020-04-27,6.9808,7.1935,6.956,7.033,11984699.0
2020-04-28,7.181,7.211,6.8845,6.89,11072603.0
2020-04-29,7.0253,7.1205,6.9498,7.0675,9479047.0
2020-04-30,7.0133,7.0675,6.899,6.913,9397943.0
2020-05-01,6.7148,6.8285,6.627,6.6755,8552445.0
2020-05-04,6.628,6.902,6.628,6.8883,7938880.0
2020-05-05,6.9928,7.1128,6.8883,6.9495,9222391.0
2020-05-06,7.0293,7.156,6.9913,7.0508,8086639.0
2020-05-07,7.1905,7.2913,7.139,7.2278,9343263.0
2020-05-08,7.2998,7.4248,7.2658,7.4185,8497678.0
2020-05-11,7.4135,7.7185,7.3848,7.6715,11726504.0
2020-05-12,7.7295,7.7785,7.3988,7.4085,12326482.0
2020-05-13,7.5235,7.6845,7.2008,7.386,15646252.0
2020-05-14,7.4478,7.642,7.2935,7.6365,15057809.0
2020-05-15,7.4958,8.1065,7.48,8.0968,24691543.0
2020-05-18,8.3665,8.5225,8.2865,8.3563,19410086.0
2020-05-19,8.3963,8.6935,8.3688,8.4115,17933049.0
2020-05-20,8.597,8.649,8.4948,8.576,14688405.0
2020-05-21,8.6575,8.6585,8.3435,8.3813,19026741.0
2020-05-22,8.4313,8.699,8.3193,8.6323,25969125.0
2020-05-26,8.7628,8.7878,8.278,8.3238,19269476.0
2020-05-27,8.231,8.2388,7.6028,8.1313,29397306.0
2020-05-28,8.0183,8.3665,7.9853,8.093,18403204.0
2020-05-29,8.1605,8.4815,8.091,8.4815,18647994.0
2020-06-01,8.4393,8.4468,8.2955,8.4123,9762775.0
2020-06-02,8.4023,8.4433,8.264,8.4313,9783014.0
2020-06-03,8.4283,8.4723,8.306,8.3755,9135972.0
2020-06-04,8.338,8.5533,8.2875,8.3765,10606960.0
2020-06-05,8.4045,8.607,8.318,8.53,12043651.0
2020-06-08,8.4873,8.4998,8.2958,8.415,9693431.0
2020-06-09,8.41,8.7198,8.3613,8.656,11712221.0
2020-06-10,8.7778,9.11,8.7635,8.9768,15804537.0
2020-06-11,8.76,8.8713,8.396,8.4063,14591256.0
2020-06-12,8.7725,8.7973,8.3133,8.5425,14272704.0
2020-06-15,8.4253,8.7923,8.3538,8.7838,10000054.0
2020-06-16,8.835,8.8768,8.4488,8.6785,13392875.0
2020-06-17,8.7238,8.909,8.6803,8.846,10207641.0
2020-06-18,8.837,8.8925,8.7245,8.828,6360238.0
2020-06-19,8.8525,9.055,8.8373,8.8713,13104013.0
2020-06-22,8.91,9.1413,8.8833,9.1368,9961662.0
2020-06-23,9.161,9.2525,9.0175,9.06,9377685.0
2020-06-24,9.0863,9.1665,8.7545,8.8455,11234272.0
2020-06-25,8.9658,9.115,8.7923,9.1,9401800.0
2020-06-26,9.11,9.11,8.735,8.765,14802144.0
2020-06-29,8.7798,8.8145,8.51,8.81,8556203.0
2020-06-30,8.924,9.1363,8.8765,9.1078,9197300.0
2020-07-01,9.1308,9.1858,9.023,9.14,8166170.0
2020-07-02,9.249,9.3475,9.1883,9.2223,9101352.0
2020-07-06,9.3518,9.5188,9.3225,9.4493,7897343.0
2020-07-07,9.5563,9.68,9.4608,9.4818,8944993.0
2020-07-08,9.6038,9.835,9.5755,9.826,9137013.0
2020-07-09,9.9903,10.18,9.8435,10.119,12363680.0
2020-07-10,10.1988,10.2653,9.9888,10.0893,12441869.0
2020-07-13,10.205,10.4023,9.635,9.6623,11426874.0
2020-07-14,9.685,10.0128,9.3955,9.987,13566855.0
2020-07-15,10.0243,10.043,9.6658,9.8373,10099623.0
2020-07-16,9.625,9.8168,9.5055,9.7448,8624118.0
2020-07-17,9.8355,9.8585,9.6978,9.8115,6657116.0
2020-07-20,9.8843,10.1413,9.7668,10.1208,7121271.0
2020-07-21,10.123,10.17,9.8968,9.9385,6941671.0
2020-07-22,9.9775,10.2125,9.9015,10.0488,9182271.0
2020-07-23,10.06,10.157,9.6413,9.7398,10291532.0
2020-07-24,9.485,9.9748,9.387,9.8045,11832300.0
2020-07-27,9.8423,10.0518,9.8278,10.0315,7303255.0
2020-07-28,9.9843,9.992,9.8193,9.8255,6790901.0
2020-07-29,10.0008,10.1263,9.957,10.0755,7112692.0
2020-07-30,9.985,10.233,9.9053,10.224,7722004.0
2020-07-31,10.1733,10.3765,10.043,10.2248,9657150.0
2020-08-03,10.3425,10.7088,10.3253,10.6203,10325456.0
2020-08-04,10.66,10.8378,10.516,10.8378,7758390.0
2020-08-05,10.854,10.9818,10.7763,10.8968,6262493.0
2020-08-06,10.9598,10.968,10.7888,10.9455,6107892.0
2020-08-07,10.9225,11.1148,10.6475,10.8095,8562899.0
2020-08-10,10.9443,11.0183,10.4665,10.775,10694898.0
2020-08-11,10.6838,10.7468,10.4058,10.46,8862763.0
2020-08-12,10.6008,11.077,10.5683,11.0503,11623573.0
2020-08-13,11.156,11.3318,10.9658,11.053,9361489.0
2020-08-14,11.14,11.3148,11.0505,11.174,9160904.0
2020-08-17,11.4613,12.0198,11.4273,11.947,15532523.0
2020-08-18,12.06,12.106,11.6963,11.8708,12586155.0
2020-08-19,11.9065,11.925,11.708,11.7485,15565558.0
2020-08-20,11.585,11.985,11.4888,11.751,23034656.0
2020-08-21,11.8118,12.4188,11.8053,12.2935,24996738.0
2020-08-24,12.4938,12.5225,12.1175,12.3303,12264105.0
2020-08-25,12.2408,12.3713,12.1838,12.36,7226920.0
2020-08-26,12.4093,12.4785,12.2878,12.383,8031073.0
2020-08-27,12.3915,12.46,12.1765,12.2383,7940073.0
2020-08-28,12.285,12.758,12.2525,12.7578,13428963.0
2020-08-31,12.7928,13.185,12.6478,12.9845,12521030.0
2020-09-01,13.094,13.6078,13.0505,13.435,12811849.0
2020-09-02,14.3178,14.3408,13.514,13.9605,21850322.0
2020-09-03,13.4428,13.4985,12.4928,12.6295,23628151.0
2020-09-04,12.3978,12.789,11.3188,12.2365,36592071.0
2020-09-08,11.3485,12.164,11.3183,11.527,19893237.0
2020-09-09,12.014,12.4233,11.8458,12.329,18404957.0
2020-09-10,12.6033,12.6793,11.781,11.9258,17467111.0
2020-09-11,12.0995,12.2665,11.5098,11.7785,15923172.0
2020-09-14,12.695,12.929,12.2453,12.4863,30043624.0
2020-09-15,12.894,12.9128,12.4418,12.605,18188914.0
2020-09-16,12.5713,12.7068,12.1278,12.1285,13939985.0
2020-09-17,11.7463,12.2038,11.6488,12.0775,19812794.0
2020-09-18,12.2078,12.2465,11.6028,11.8033,17461548.0
2020-09-21,11.539,12.1365,11.5185,12.1313,18026061.0
2020-09-22,12.189,12.262,11.7695,12.2518,16161302.0
2020-09-23,12.1895,12.341,11.6933,11.7378,16175308.0
2020-09-24,11.6863,12.1835,11.628,11.962,18281008.0
2020-09-25,12.0615,12.4975,11.8598,12.4878,14700407.0
2020-09-28,12.6543,12.6658,12.364,12.649,14345228.0
2020-09-29,12.5515,13.0568,12.5473,12.8398,15575124.0
2020-09-30,12.7715,13.2365,12.7643,13.1445,17229603.0
2020-10-01,13.372,13.3768,13.0748,13.2285,13125059.0
2020-10-02,12.839,13.1335,12.665,12.6763,13812397.0
2020-10-05,12.85,13.2583,12.8368,13.2565,11995457.0
2020-10-06,13.444,13.756,13.279,13.3505,19610496.0
2020-10-07,13.6138,13.7333,13.4775,13.578,10452129.0
2020-10-08,13.689,13.6985,13.372,13.4528,9472522.0
2020-10-09,13.381,13.4383,13.2748,13.3768,8672273.0
2020-10-12,13.6035,13.961,13.5265,13.84,10868595.0
2020-10-13,13.9105,13.9625,13.6328,13.8623,8615078.0
2020-10-14,13.9045,13.9568,13.574,13.7093,6916178.0
2020-10-15,13.4248,13.6198,13.3818,13.584,6680628.0
2020-10-16,13.6508,13.7355,13.4065,13.4255,6065990.0
2020-10-19,13.517,13.5975,13.0208,13.1118,7451714.0
2020-10-20,13.1975,13.4138,13.121,13.2595,5730301.0
2020-10-21,13.239,13.4055,13.0915,13.1388,5489933.0
2020-10-22,13.1365,13.2258,12.8458,12.975,7261986.0
2020-10-23,13.064,13.2073,12.9053,13.2043,5837107.0
2020-10-26,13.041,13.3068,12.6525,12.7553,8422358.0
2020-10-27,12.92,13.056,12.8055,13.0108,6262992.0
2020-10-28,12.812,12.874,12.223,12.241,9412952.0
2020-10-29,12.4525,12.8068,12.364,12.638,8002046.0
2020-10-30,12.464,12.5505,11.914,12.148,10434900.0
2020-11-02,12.2718,12.4508,12.009,12.1948,7491316.0
2020-11-03,12.3225,12.719,12.2168,12.6335,6822527.0
2020-11-04,13.0033,13.4415,12.951,13.4083,10255732.0
2020-11-05,13.7765,13.953,13.605,13.774,7975708.0
2020-11-06,13.7238,14.2028,13.509,14.176,9583732.0
2020-11-09,14.1665,14.3055,13.2248,13.2448,14574447.0
2020-11-10,13.2205,13.2205,12.2423,12.384,16101680.0
2020-11-11,12.6678,13.049,12.5623,13.032,10118586.0
2020-11-12,13.093,13.38,12.93,13.0708,9165875.0
2020-11-13,13.2413,13.2828,12.6733,12.911,8669058.0
2020-11-16,12.7865,13.2635,12.77,13.1293,10344370.0
2020-11-17,13.1665,13.2103,12.9178,13.0363,7800699.0
2020-11-18,13.0793,13.2198,12.799,13.0428,12773133.0
2020-11-19,12.8268,13.1015,12.714,13.0543,14148355.0
2020-11-20,13.068,13.1085,12.679,12.7018,8527245.0
2020-11-23,12.7853,12.9965,12.6295,12.754,9033855.0
2020-11-24,12.7565,12.776,12.499,12.5718,8662499.0
2020-11-25,12.6465,12.8835,12.634,12.8488,6497910.0
2020-11-27,12.989,13.0215,12.7845,12.8753,4181880.0
2020-11-30,12.879,13.0265,12.5863,13.0155,7173800.0
2020-12-01,13.1063,13.1428,12.8423,13.004,7439282.0
2020-12-02,12.9645,13.2875,12.8483,13.1585,7084030.0
2020-12-03,13.2055,13.278,12.947,13.014,4988016.0
2020-12-04,13.0665,13.178,13.0068,13.1763,5056085.0
2020-12-07,13.2193,13.3493,13.118,13.2248,5581081.0
2020-12-08,13.203,13.2168,12.8995,12.968,6798022.0
2020-12-09,12.9185,13.032,12.4863,12.5488,10032530.0
2020-12-10,12.487,12.6868,12.4675,12.5903,5194118.0
2020-12-11,12.5853,12.638,12.441,12.6313,5231641.0
2020-12-14,12.706,13.0068,12.6955,12.9268,6753947.0
2020-12-15,13.0578,13.082,12.8048,12.9785,4837148.0
2020-12-16,13.0405,13.0553,12.8305,12.8605,5577867.0
2020-12-17,12.9848,12.9975,12.7965,12.9593,5784597.0
2020-12-18,12.997,13.023,12.6885,12.89,8551616.0
2020-12-21,12.6928,12.988,12.5855,12.9503,7558304.0
2020-12-22,12.9373,12.9553,12.672,12.8963,4657872.0
2020-12-23,12.874,12.893,12.623,12.6273,4478569.0
2020-12-24,12.6553,12.7505,12.5568,12.6118,2447088.0
2020-12-28,12.6805,12.6805,12.3813,12.518,5314141.0
2020-12-29,12.543,12.6905,12.4603,12.5613,4259304.0
2020-12-30,12.6083,12.8318,12.5148,12.7638,5634929.0
2020-12-31,12.7545,12.769,12.533,12.673,4810610.0
2021-01-04,12.7223,13.2705,12.5805,12.7315,14011282.0
2021-01-05,12.7178,13.0615,12.705,13.0228,8068998.0
2021-01-06,12.8405,12.863,12.204,12.2325,14510575.0
2021-01-07,12.5855,12.9958,12.5045,12.962,11537037.0
2021-01-08,12.9805,13.039,12.66,12.8948,7313215.0
2021-01-11,13.0368,13.579,12.9805,13.2395,12975720.0
2021-01-12,13.3705,13.3725,12.963,13.1028,7286943.0
2021-01-13,13.108,13.243,13.003,13.1498,5250711.0
2021-01-14,13.193,13.2178,12.7985,12.8183,7078007.0
2021-01-15,12.846,12.9433,12.4665,12.4775,6944532.0
2021-01-19,12.6343,12.712,12.462,12.6433,5654672.0
2021-01-20,12.7298,13.0485,12.6748,12.9838,6464272.0
2021-01-21,13.0365,13.6173,12.871,13.4855,8458490.0
2021-01-22,13.358,13.4598,13.2453,13.3305,6170464.0
2021-01-25,13.3998,13.4465,12.8545,13.2713,6277779.0
2021-01-26,13.1985,13.2628,13.0055,13.0533,4099510.0
2021-01-27,12.848,12.8508,12.4118,12.5358,9281821.0
2021-01-28,12.6143,12.9578,12.5785,12.669,5707899.0
2021-01-29,12.693,12.9528,12.5295,12.6078,6788801.0
2021-02-01,12.6713,12.8888,12.5208,12.855,5430108.0
2021-02-02,13.0168,13.19,12.9035,13.1748,5510957.0
2021-02-03,13.254,13.5498,13.1345,13.1485,6135232.0
2021-02-04,13.149,13.2915,12.9558,13.2823,5033462.0
2021-02-05,13.343,13.3553,13.1638,13.209,4228841.0
2021-02-08,13.3453,14.0918,13.3453,14.0568,10865571.0
2021-02-09,13.9588,14.2013,13.8405,13.8813,7189003.0
2021-02-10,14.0813,14.523,13.9595,14.3823,12133808.0
2021-02-11,14.5983,14.8903,14.543,14.8688,11270693.0
2021-02-12,14.668,14.9093,14.393,14.5793,9368937.0
2021-02-16,14.6823,14.9905,14.568,14.9483,8048988.0
2021-02-17,14.789,14.8415,14.398,14.524,6892467.0
2021-02-18,14.347,14.4913,14.193,14.447,5852020.0
2021-02-19,14.6425,14.795,14.4648,14.5445,6793103.0
2021-02-22,14.3928,14.7513,13.943,13.9738,8147139.0
2021-02-23,13.6933,13.8568,13.0075,13.76,9794483.0
2021-02-24,13.7408,14.1248,13.374,14.117,11207977.0
2021-02-25,13.6635,13.9928,12.8343,12.9255,20610901.0
2021-02-26,13.3705,13.4725,12.979,13.3325,12523260.0
2021-03-01,13.493,13.543,13.1713,13.4598,8829575.0
2021-03-02,13.518,13.5385,13.014,13.0243,6602853.0
2021-03-03,13.0443,13.0695,12.4168,12.4228,9439757.0
2021-03-04,12.4188,12.593,11.7018,11.9883,14333629.0
2021-03-05,12.168,12.168,11.2973,12.0795,13570971.0
2021-03-08,12.068,12.0893,11.1845,11.2113,13577792.0
2021-03-09,11.7523,12.2388,11.6813,12.1423,13045638.0
2021-03-10,12.4625,12.602,12.0795,12.0903,9609414.0
2021-03-11,12.572,12.6683,12.3565,12.6155,7497857.0
2021-03-12,12.2703,12.5108,12.212,12.478,6099099.0
2021-03-15,12.4868,12.8288,12.3893,12.8133,5563011.0
2021-03-16,12.9785,13.1345,12.7388,12.9133,6803240.0
2021-03-17,12.6618,13.0753,12.6115,12.9633,6096605.0
2021-03-18,12.7585,12.806,12.339,12.3445,7354702.0
2021-03-19,12.372,12.5435,12.2345,12.4678,7480174.0
2021-03-22,12.5348,13.0165,12.5288,12.8083,7445077.0
2021-03-23,12.8763,12.9665,12.6433,12.6928,5551152.0
2021-03-24,12.7733,12.7813,12.2588,12.265,6145963.0
2021-03-25,12.1215,12.3368,11.894,12.1573,7378614.0
2021-03-26,12.1765,12.4783,11.9955,12.4613,9099224.0
2021-03-29,12.4423,12.6845,12.322,12.5703,6837997.0
2021-03-30,12.464,12.5973,12.327,12.4938,5005062.0
2021-03-31,12.6375,13.0925,12.6045,12.9703,7869438.0
2021-04-01,13.1943,13.492,13.1333,13.4338,7706865.0
2021-04-05,13.4895,13.636,13.355,13.6095,6391785.0
2021-04-06,13.6218,13.676,13.3955,13.4835,4793649.0
2021-04-07,13.5028,13.8655,13.3335,13.7655,6282109.0
2021-04-08,13.8748,14.0935,13.871,13.939,6110373.0
2021-04-09,13.836,14.03,13.797,14.022,4879272.0
2021-04-12,13.9118,14.9745,13.7613,14.831,21733050.0
2021-04-13,14.8535,15.322,14.7478,15.3015,16905297.0
2021-04-14,15.247,15.3425,14.8495,14.899,9637548.0
2021-04-15,15.2845,15.8363,15.2535,15.7593,14962017.0
2021-04-16,15.675,15.7878,15.4873,15.5345,8380189.0
2021-04-19,15.1585,15.4295,14.855,14.9838,10110452.0
2021-04-20,14.9453,15.119,14.585,14.7933,8353326.0
2021-04-21,14.7408,14.9845,14.7243,14.9825,5419426.0
2021-04-22,14.997,15.0605,14.4055,14.4723,6944657.0
2021-04-23,14.5563,14.957,14.5223,14.8873,5694305.0
2021-04-26,14.807,15.101,14.747,15.1,4944927.0
2021-04-27,15.2005,15.2925,14.9765,15.0038,4114325.0
2021-04-28,14.9865,15.1543,14.8375,14.8988,5235405.0
2021-04-29,15.022,15.0585,14.6935,14.9468,4329912.0
2021-04-30,14.7965,14.987,14.619,14.6315,5047752.0
2021-05-03,14.747,14.8688,14.4095,14.4588,5097796.0
2021-05-04,14.2593,14.2595,13.6323,13.9733,10133120.0
2021-05-05,14.331,14.4355,14.0095,14.0805,7300576.0
2021-05-06,14.1173,14.1933,13.84,14.145,4834523.0
2021-05-07,14.4303,14.5928,14.2938,14.4343,5733183.0
2021-05-10,14.4093,14.428,13.872,13.8878,6722595.0
2021-05-11,13.447,13.9768,13.372,13.9283,7139634.0
2021-05-12,13.6315,13.8823,13.3313,13.3805,7585233.0
2021-05-13,13.6558,13.7028,13.081,13.2873,7143187.0
2021-05-14,13.512,13.95,13.3705,13.865,6465375.0
2021-05-17,13.779,13.7913,13.4755,13.7875,5424521.0
2021-05-18,13.889,14.0263,13.626,13.6378,4656356.0
2021-05-19,13.1885,13.7015,13.1653,13.6878,8599984.0
2021-05-20,13.9245,14.3058,13.8925,14.2345,8039798.0
2021-05-21,14.7858,14.844,14.4915,14.6138,16824800.0
2021-05-24,14.8345,15.367,14.798,15.234,13870405.0
2021-05-25,15.388,15.4405,15.1045,15.2698,10885172.0
2021-05-26,15.3563,15.4158,15.2083,15.322,9260966.0
2021-05-27,15.3218,15.372,15.082,15.11,14536880.0
2021-05-28,15.123,15.8995,15.123,15.8665,16113390.0
2021-06-01,15.892,16.0103,15.5253,15.8865,11820075.0
2021-06-02,15.8743,16.5408,15.8575,16.4003,14854189.0
2021-06-03,16.3228,16.881,16.205,16.5918,14500170.0
2021-06-04,16.7345,17.283,16.7175,17.2003,15428007.0
2021-06-07,17.1933,17.4345,16.8148,17.241,14393873.0
2021-06-08,17.1493,17.2435,16.873,17.079,8096169.0
2021-06-09,17.1418,17.201,16.8818,16.9843,9541437.0
2021-06-10,16.976,17.118,16.802,17.051,7194261.0
2021-06-11,17.1055,17.5653,17.0698,17.4513,10407691.0
2021-06-14,17.532,17.6655,17.2888,17.6448,8034357.0
2021-06-15,17.541,17.6423,17.354,17.4145,6075761.0
2021-06-16,17.4168,17.5808,17.2105,17.4363,7678065.0
2021-06-17,17.4005,18.461,17.3823,18.2833,20241372.0
2021-06-18,18.41,19.001,18.21,18.2648,24221357.0
2021-06-21,18.0613,18.1625,17.4488,18.0533,16809554.0
2021-06-22,18.0975,18.5898,18.012,18.5128,14503639.0
2021-06-23,18.6338,18.7788,18.5338,18.6833,8308926.0
2021-06-24,18.8538,19.046,18.7143,18.8315,8023060.0
2021-06-25,18.9065,18.9715,18.5205,18.657,6959148.0
2021-06-28,18.9873,19.7048,18.945,19.611,12385914.0
2021-06-29,19.5085,19.7248,19.283,19.6528,9190846.0
2021-06-30,19.6253,19.7885,19.4898,19.6285,8164154.0
2021-07-01,19.751,20.082,19.645,19.838,12003374.0
2021-07-02,20.0663,20.1313,19.9138,20.113,8584917.0
2021-07-06,20.3635,20.468,19.9763,20.3245,11167687.0
2021-07-07,20.4795,20.501,19.958,19.9978,10460682.0
2021-07-08,19.4825,19.759,19.3268,19.5288,12582492.0
2021-07-09,19.5885,19.7063,19.3803,19.6763,7415567.0
2021-07-12,19.866,20.1588,19.8138,20.1385,8049619.0
2021-07-13,20.0265,20.0873,19.74,19.876,7267658.0
2021-07-14,19.9838,20.0438,19.3788,19.4675,9502480.0
2021-07-15,19.4378,19.473,18.4845,18.5923,13764113.0
2021-07-16,18.6565,18.783,17.699,17.787,17205566.0
2021-07-19,17.5413,18.668,17.4915,18.4058,18726469.0
2021-07-20,18.356,18.464,17.79,18.238,43468654.0
2021-07-21,18.508,19.153,18.368,19.036,37101736.0
2021-07-22,19.268,19.513,18.902,19.22,32382595.0
2021-07-23,19.282,19.326,18.876,19.184,19567198.0
2021-07-26,18.937,19.068,18.54,18.92,20394316.0
2021-07-27,18.891,19.248,18.367,18.834,24886258.0
2021-07-28,18.945,19.272,18.621,19.129,20219115.0
2021-07-29,19.145,19.479,18.954,19.288,19078088.0
2021-07-30,19.044,19.256,18.889,19.125,18349746.0
2021-08-02,19.326,19.587,18.987,19.376,21744397.0
2021-08-03,19.366,19.848,18.846,19.441,30181074.0
2021-08-04,19.616,19.944,19.454,19.9,23130940.0
2021-08-05,20.126,20.359,19.968,20.263,21143537.0
2021-08-06,20.15,20.196,19.836,19.992,17849661.0
2021-08-09,20.072,20.134,19.769,19.921,14644310.0
2021-08-10,19.948,20.056,19.461,19.562,17923778.0
2021-08-11,19.669,19.675,19.056,19.325,18592484.0
2021-08-12,19.496,19.655,19.246,19.531,15186155.0
2021-08-13,19.531,19.84,19.477,19.814,18306286.0
2021-08-16,19.761,19.913,19.079,19.576,21115280.0
2021-08-17,19.311,19.396,18.893,19.084,20458485.0
2021-08-18,19.126,19.26,18.626,18.666,28591348.0
2021-08-19,19.12,20.121,18.388,19.424,76655477.0
2021-08-20,19.617,20.491,19.559,20.442,67574131.0
2021-08-23,20.597,21.623,20.576,21.584,57580658.0
2021-08-24,21.379,21.585,21.161,21.419,29729892.0
2021-08-25,21.363,22.096,21.348,21.839,34770104.0
2021-08-26,21.826,21.966,21.416,21.694,23794042.0
2021-08-27,21.81,22.348,21.793,22.262,30472219.0
2021-08-30,22.456,22.669,22.177,22.314,26257990.0
2021-08-31,22.325,22.325,21.75,22.015,25984968.0
2021-09-01,22.115,22.327,21.987,22.071,20176695.0
2021-09-02,22.148,22.223,21.925,22.026,18810957.0
2021-09-03,21.955,22.616,21.83,22.473,28083198.0
2021-09-07,22.463,22.529,22.152,22.292,19810716.0
2021-09-08,22.143,22.24,21.607,21.969,25443421.0
2021-09-09,21.942,22.168,21.761,21.807,19685601.0
2021-09-10,21.978,22.256,21.9,22.108,24837574.0
2021-09-13,22.314,22.594,21.488,21.782,29749990.0
2021-09-14,21.905,22.04,21.716,21.872,19975460.0
2021-09-15,21.939,21.997,21.596,21.971,16653801.0
2021-09-16,21.813,21.907,21.557,21.872,15603344.0
2021-09-17,21.93,21.951,21.46,21.53,29450284.0
2021-09-20,20.776,21.063,20.292,20.743,34944045.0
2021-09-21,21.047,21.055,20.58,20.876,20468810.0
2021-09-22,20.996,21.59,20.826,21.571,26872556.0
2021-09-23,21.77,22.165,21.52,22.112,24855491.0
2021-09-24,21.7,21.779,21.491,21.711,21765545.0
2021-09-27,21.34,21.429,20.955,21.29,24521514.0
2021-09-28,20.844,21.049,20.281,20.329,34306895.0
2021-09-29,20.57,20.647,20.097,20.147,21839363.0
2021-09-30,20.398,20.696,20.318,20.346,22100912.0
2021-10-01,20.38,20.489,19.833,20.372,24097796.0
2021-10-04,20.134,20.172,19.185,19.362,34563497.0
2021-10-05,19.58,20.278,19.484,20.081,27928165.0
2021-10-06,19.75,20.35,19.71,20.33,29720175.0
2021-10-07,20.722,20.952,20.602,20.705,25691893.0
2021-10-08,20.731,20.836,20.405,20.461,15125791.0
2021-10-11,20.205,20.693,20.141,20.325,16338754.0
2021-10-12,20.458,20.687,20.158,20.301,16213354.0
2021-10-13,20.548,20.62,20.343,20.569,18065188.0
2021-10-14,20.918,21.385,20.752,21.376,24358881.0
2021-10-15,21.44,21.561,21.292,21.492,22699401.0
2021-10-18,21.379,21.921,21.274,21.852,18949356.0
2021-10-19,21.906,22.009,21.667,21.92,16147329.0
2021-10-20,21.935,22.063,21.612,21.733,14627594.0
2021-10-21,21.727,22.341,21.713,22.322,18759032.0
2021-10-22,22.453,22.76,22.191,22.356,24938379.0
2021-10-25,22.603,22.985,22.4,22.796,23023483.0
2021-10-26,23.619,24.889,23.554,24.347,48589830.0
2021-10-27,24.104,24.72,23.912,24.081,24598989.0
2021-10-28,24.508,24.58,24.153,24.571,23420431.0
2021-10-29,24.631,25.339,24.63,25.197,29250284.0
2021-11-01,25.279,25.524,24.857,25.457,26573976.0
2021-11-02,25.452,26.308,25.43,26.031,29411239.0
2021-11-03,26.3,26.414,25.865,26.228,23991033.0
2021-11-04,26.859,30.995,26.748,29.431,115363115.0
2021-11-05,29.817,31.03,29.04,29.382,85126015.0
2021-11-08,29.779,30.73,29.537,30.434,50310093.0
2021-11-09,31.912,31.94,29.594,30.287,64674621.0
2021-11-10,28.986,30.48,28.408,29.089,63620572.0
2021-11-11,30.098,30.22,29.407,30.02,33217211.0
2021-11-12,29.64,30.31,29.26,30.02,41305428.0
2021-11-15,30.182,30.274,28.877,29.655,38490900.0
2021-11-16,29.389,30.02,29.336,29.833,26448367.0
2021-11-17,30.048,30.139,28.43,28.891,42850799.0
2021-11-18,31.997,32.39,30.951,31.305,78171075.0
2021-11-19,31.873,32.718,31.535,32.615,53386665.0
2021-11-22,33.147,34.277,31.53,31.586,75433524.0
2021-11-23,31.165,31.99,30.51,31.376,53216270.0
2021-11-24,31.091,32.485,30.558,32.304,43516226.0
2021-11-26,32.23,32.34,30.98,31.133,28306886.0
2021-11-29,31.996,33.042,31.666,33.006,45496398.0
2021-11-30,32.799,32.983,31.494,32.306,62206647.0
2021-12-01,32.853,32.923,31.014,31.069,48580204.0
2021-12-02,30.848,32.112,30.659,31.76,47289033.0
2021-12-03,31.634,31.763,29.764,30.327,54432505.0
2021-12-06,29.514,29.875,27.672,29.671,65893845.0
2021-12-07,30.591,32.083,30.285,32.061,59305348.0
2021-12-08,31.633,31.924,31.055,31.46,47555145.0
2021-12-09,31.368,31.839,30.062,30.124,48850716.0
2021-12-10,30.784,30.939,29.495,29.832,48882509.0
2021-12-13,29.883,29.928,27.75,27.795,59834366.0
2021-12-14,27.333,28.312,26.884,27.971,66703537.0
2021-12-15,28.034,30.134,27.472,30.093,69829688.0
2021-12-16,30.786,30.794,27.727,28.021,70736595.0
2021-12-17,27.619,28.556,27.394,27.435,71662239.0
2021-12-20,26.939,27.778,26.779,27.353,46184676.0
2021-12-21,28.008,28.754,27.035,28.709,52438494.0
2021-12-22,28.525,29.189,28.083,29.034,39518438.0
2021-12-23,29.389,29.693,29.065,29.274,34302174.0
2021-12-27,29.294,30.721,29.274,30.579,40368587.0
2021-12-28,30.946,30.964,29.646,29.956,42059121.0
2021-12-29,29.907,30.182,29.0,29.635,34313928.0
2021-12-30,29.461,30.091,29.174,29.22,30886422.0
2021-12-31,29.308,29.664,28.965,29.045,26652991.0
2022-01-03,29.449,30.345,29.419,29.755,39240294.0
2022-01-04,29.911,30.102,27.983,28.924,52715440.0
2022-01-05,28.583,29.05,27.167,27.238,49806388.0
2022-01-06,27.274,28.072,26.699,27.812,45418637.0
2022-01-07,27.775,28.056,26.691,26.881,40993851.0
2022-01-10,26.215,27.103,25.278,27.034,59468095.0
2022-01-11,26.957,27.699,26.473,27.451,40408929.0
2022-01-12,27.701,28.229,27.242,27.633,38341348.0
2022-01-13,28.013,28.114,26.132,26.209,53886809.0
2022-01-14,25.919,26.831,25.844,26.576,39583235.0
2022-01-18,25.894,26.272,25.404,25.537,42530617.0
2022-01-19,25.713,26.177,24.686,24.701,48831451.0
2022-01-20,24.938,25.213,23.712,23.784,43518073.0
2022-01-21,23.141,24.457,22.897,23.008,71895784.0
2022-01-24,21.964,23.014,20.522,23.006,91581063.0
2022-01-25,22.18,22.577,21.634,21.958,66461636.0
2022-01-26,22.874,23.691,21.934,22.406,75595873.0
2022-01-27,23.202,23.629,21.309,21.578,57335272.0
2022-01-28,21.646,22.492,20.93,22.474,54377425.0
2022-01-31,22.816,24.143,22.686,24.12,56467968.0
2022-02-01,24.738,24.779,23.524,24.272,51892517.0
2022-02-02,25.428,25.451,24.187,24.876,54341941.0
2022-02-03,24.092,24.711,23.414,23.582,41017778.0
2022-02-04,23.606,24.269,23.266,23.953,35482850.0
2022-02-07,24.006,24.816,23.836,24.362,37686750.0
2022-02-08,23.993,24.864,23.614,24.742,41035864.0
2022-02-09,25.256,26.359,24.987,26.339,52428166.0
2022-02-10,25.629,26.559,25.234,25.458,51319972.0
2022-02-11,25.55,25.786,23.407,23.583,60547198.0
2022-02-14,23.568,24.509,23.389,23.901,44042443.0
2022-02-15,24.583,26.179,24.418,26.129,70175280.0
2022-02-16,25.893,26.216,25.186,26.145,73267633.0
2022-02-17,25.264,25.419,23.799,24.141,81059508.0
2022-02-18,24.302,24.62,22.734,23.276,76125491.0
2022-02-22,22.669,23.698,22.634,23.024,63342244.0
2022-02-23,23.436,23.789,21.935,22.021,56651077.0
2022-02-24,20.649,23.434,20.524,23.382,73580063.0
2022-02-25,23.355,23.851,23.015,23.791,52886551.0
2022-02-28,23.626,24.299,23.341,24.019,47731861.0
2022-03-01,23.925,24.011,22.766,23.111,41205598.0
2022-03-02,23.394,24.047,23.053,23.858,38964185.0
2022-03-03,23.9,23.964,23.107,23.352,36509504.0
2022-03-04,23.022,23.318,22.12,22.574,43201070.0
2022-03-07,22.455,22.671,20.968,20.99,45082089.0
2022-03-08,20.947,22.011,20.288,21.152,55746719.0
2022-03-09,22.025,22.858,21.885,22.652,49274195.0
2022-03-10,22.169,22.426,21.52,22.296,42806565.0
2022-03-11,22.66,22.783,21.684,21.738,36720857.0
2022-03-14,21.507,21.9,20.797,20.968,38535424.0
2022-03-15,21.156,22.676,20.96,22.611,49199569.0
2022-03-16,23.138,24.235,22.81,24.134,67142174.0
2022-03-17,23.758,24.48,23.544,24.404,47194119.0
2022-03-18,24.437,26.207,24.262,26.091,73071856.0
2022-03-21,26.145,26.79,25.605,26.372,59172708.0
2022-03-22,26.365,26.876,25.71,26.162,54700710.0
2022-03-23,25.764,26.25,25.213,25.272,50211986.0
2022-03-24,25.804,27.958,25.545,27.788,87737914.0
2022-03-25,27.524,27.996,26.909,27.33,57901618.0
2022-03-28,27.394,27.888,26.844,27.857,42549392.0
2022-03-29,28.333,28.584,27.618,28.294,48898440.0
2022-03-30,27.942,28.133,27.141,27.328,46348713.0
2022-03-31,27.42,27.886,26.908,26.924,52344022.0
2022-04-01,27.013,27.134,25.905,26.35,51723511.0
2022-04-04,26.366,27.196,26.251,26.998,39770782.0
2022-04-05,26.892,26.957,25.458,25.569,43661473.0
2022-04-06,24.572,24.938,23.641,24.045,70383256.0
2022-04-07,24.079,24.36,23.116,23.846,55799236.0
2022-04-08,23.555,23.561,22.7,22.757,52478064.0
2022-04-11,21.852,21.958,21.298,21.555,57520684.0
2022-04-12,22.175,22.363,20.92,21.142,66225807.0
2022-04-13,21.366,22.138,21.093,21.841,51694344.0
2022-04-14,22.143,22.415,20.801,20.896,56909685.0
2022-04-18,20.838,21.726,20.717,21.421,52570061.0
2022-04-19,21.358,22.011,20.952,21.836,51278058.0
2022-04-20,22.155,22.308,20.838,21.12,46897444.0
2022-04-21,21.347,22.03,19.638,19.821,65620944.0
2022-04-22,19.941,20.124,19.138,19.153,62471343.0
2022-04-25,18.84,19.583,18.734,19.54,64156561.0
2022-04-26,19.356,19.426,18.308,18.426,65314250.0
2022-04-27,18.236,18.805,17.928,18.053,49946017.0
2022-04-28,18.605,19.675,18.128,19.42,57032671.0
2022-04-29,19.04,19.766,18.155,18.185,50043491.0
2022-05-02,18.179,19.212,18.029,19.171,57204868.0
2022-05-03,19.038,19.463,18.771,19.24,47575084.0
2022-05-04,19.561,20.038,18.389,19.972,64885463.0
2022-05-05,19.505,19.563,18.138,18.482,62633141.0
2022-05-06,18.374,19.15,17.628,18.313,63329672.0
2022-05-09,17.672,17.893,16.465,16.588,64445451.0
2022-05-10,17.327,17.836,16.663,17.233,76147429.0
2022-05-11,16.985,17.391,16.206,16.268,67016703.0
2022-05-12,15.857,16.426,15.205,15.813,70872837.0
2022-05-13,16.426,17.566,16.231,17.344,67043651.0
2022-05-16,17.147,17.426,16.744,16.902,52144598.0
2022-05-17,17.712,18.009,17.272,17.815,58582971.0
2022-05-18,17.343,17.756,16.502,16.576,54516106.0
2022-05-19,16.575,17.325,16.372,16.762,62130959.0
2022-05-20,16.97,17.048,15.393,16.332,73910526.0
2022-05-23,15.912,16.553,15.817,16.536,63988869.0
2022-05-24,16.148,16.235,15.418,15.792,58855002.0
2022-05-25,15.658,16.749,15.638,16.613,78113190.0
2022-05-26,15.674,17.73,15.66,17.489,99657452.0
2022-05-27,17.824,18.519,17.738,18.449,73837935.0
2022-05-31,18.618,18.838,17.988,18.31,66409951.0
2022-06-01,18.362,18.691,17.76,17.958,54451390.0
2022-06-02,17.93,19.257,17.836,19.23,64865580.0
2022-06-03,18.72,18.97,18.16,18.358,59877870.0
2022-06-06,18.777,18.975,18.202,18.424,42240615.0
2022-06-07,18.11,18.638,17.826,18.564,38891411.0
2022-06-08,18.441,18.822,18.177,18.29,36325246.0
2022-06-09,18.123,18.575,17.683,17.69,39557379.0
2022-06-10,17.242,17.339,16.511,16.616,46564966.0
2022-06-13,15.642,15.954,15.248,15.289,60415338.0
2022-06-14,15.373,15.708,15.054,15.478,46967952.0
2022-06-15,15.737,16.51,15.568,16.169,56393565.0
2022-06-16,15.502,15.584,15.043,15.243,54574867.0
2022-06-17,15.29,15.637,14.97,15.522,63033397.0
2022-06-21,16.117,16.65,16.049,16.208,48308888.0
2022-06-22,15.868,16.304,15.822,16.002,43799744.0
2022-06-23,16.161,16.227,15.495,15.867,46367959.0
2022-06-24,16.142,16.782,15.952,16.768,47215283.0
2022-06-27,16.954,16.972,16.268,16.511,42796788.0
2022-06-28,16.542,16.844,15.587,15.624,46185936.0
2022-06-29,15.456,15.462,14.812,15.184,48235228.0
2022-06-30,15.003,15.209,14.504,14.801,68607003.0
2022-07-01,14.541,14.705,14.034,14.165,57761008.0
2022-07-05,13.817,14.613,13.697,14.606,65220761.0
2022-07-06,14.652,14.961,14.431,14.772,52906586.0
2022-07-07,15.098,15.587,15.031,15.5,49290276.0
2022-07-08,15.072,15.679,15.031,15.48,46797176.0
2022-07-11,15.168,15.169,14.68,14.794,43838873.0
2022-07-12,14.91,15.073,14.519,14.724,45848310.0
2022-07-13,14.232,15.017,14.107,14.806,52191834.0
2022-07-14,14.75,15.115,14.37,15.014,45623484.0
2022-07-15,15.301,15.424,15.087,15.404,38593547.0
2022-07-18,15.944,16.539,15.644,15.743,67051745.0
2022-07-19,16.128,16.752,15.814,16.634,70236608.0
2022-07-20,16.589,17.575,16.443,17.449,76053779.0
2022-07-21,17.527,17.786,17.187,17.692,55704928.0
2022-07-22,17.535,17.609,16.779,16.961,53667088.0
2022-07-25,16.661,16.766,16.291,16.666,48074751.0
2022-07-26,16.531,16.561,16.12,16.175,39786491.0
2022-07-27,16.674,17.578,16.555,17.432,56977623.0
2022-07-28,17.617,17.782,17.082,17.626,47464628.0
2022-07-29,17.455,17.886,17.334,17.805,43546042.0
2022-08-01,17.824,18.488,17.632,18.083,47646904.0
2022-08-02,17.764,18.58,17.734,18.168,48952692.0
2022-08-03,17.826,18.61,17.779,18.535,41814557.0
2022-08-04,18.491,18.916,18.402,18.857,40965227.0
2022-08-05,18.452,18.871,18.308,18.631,38606829.0
2022-08-08,17.144,17.881,16.884,17.435,98378318.0
2022-08-09,16.894,17.089,16.366,16.728,66826265.0
2022-08-10,17.34,17.76,16.959,17.739,59742246.0
2022-08-11,17.773,18.349,17.518,17.584,50932655.0
2022-08-12,17.802,18.36,17.595,18.351,47809415.0
2022-08-15,18.343,18.806,18.255,18.674,45766556.0
2022-08-16,18.562,18.784,18.143,18.521,45123964.0
2022-08-17,18.165,18.33,17.787,17.977,44679911.0
2022-08-18,17.943,18.507,17.825,18.415,41544656.0
2022-08-19,18.048,18.162,17.412,17.491,44158833.0
2022-08-22,17.132,17.2,16.608,16.676,40959271.0
2022-08-23,16.631,17.107,16.612,16.823,36998577.0
2022-08-24,16.654,17.048,16.537,16.864,52266071.0
2022-08-25,16.486,17.589,16.475,17.555,77069133.0
2022-08-26,17.499,17.566,15.879,15.902,76912743.0
2022-08-29,15.662,15.98,15.409,15.443,49613194.0
2022-08-30,15.602,15.681,14.824,15.11,53018069.0
2022-08-31,15.026,15.182,14.601,14.736,57370986.0
2022-09-01,13.851,14.022,12.912,13.579,117886514.0
2022-09-02,13.742,13.813,13.233,13.289,74315746.0
2022-09-06,13.373,13.421,12.993,13.107,53575118.0
2022-09-07,13.209,13.484,12.992,13.36,51265746.0
2022-09-08,13.105,13.654,13.015,13.636,62487312.0
2022-09-09,13.803,14.12,13.772,14.033,48712842.0
2022-09-12,14.015,14.193,13.844,14.151,48415924.0
2022-09-13,13.448,13.568,12.745,12.777,71495563.0
2022-09-14,12.9,12.936,12.559,12.774,58850654.0
2022-09-15,12.661,12.879,12.436,12.575,52362516.0
2022-09-16,12.388,12.858,12.263,12.844,67075140.0
2022-09-19,12.658,13.109,12.656,13.028,56968528.0
2022-09-20,12.861,13.129,12.703,12.822,52481775.0
2022-09-21,12.859,13.677,12.756,12.907,80767940.0
2022-09-22,12.716,12.795,12.074,12.207,75916216.0
2022-09-23,12.066,12.257,11.903,12.162,66330931.0
2022-09-26,12.137,12.305,11.86,11.874,54734269.0
2022-09-27,12.153,12.382,11.904,12.059,55385406.0
2022-09-28,12.056,12.469,12.0,12.382,54241388.0
2022-09-29,12.094,12.146,11.592,11.866,53276312.0
2022-09-30,11.733,12.279,11.721,11.785,56563842.0
2022-10-03,11.993,12.324,11.751,12.158,54747847.0
2022-10-04,12.525,12.866,12.525,12.813,58418167.0
2022-10-05,12.557,12.967,12.267,12.855,50713073.0
2022-10-06,12.866,13.302,12.749,12.776,64415689.0
2022-10-07,12.151,12.316,11.668,11.722,67247816.0
2022-10-10,11.683,11.77,11.054,11.316,69869925.0
2022-10-11,11.207,11.492,10.929,11.232,66748163.0
2022-10-12,11.225,11.381,10.991,11.146,49259019.0
2022-10-13,10.617,11.724,10.459,11.606,85010301.0
2022-10-14,11.703,11.757,10.85,10.873,71343199.0
2022-10-17,11.164,11.594,11.163,11.534,58077417.0
2022-10-18,11.99,12.138,11.264,11.613,65936206.0
2022-10-19,11.525,11.996,11.48,11.697,52313061.0
2022-10-20,11.759,12.415,11.751,11.84,65239761.0
2022-10-21,11.744,12.144,11.533,12.112,60949441.0
2022-10-24,12.154,12.356,11.71,12.245,51745740.0
2022-10-25,12.34,12.946,12.31,12.907,50548233.0
2022-10-26,12.515,13.034,12.354,12.542,53553329.0
2022-10-27,13.276,13.484,12.768,12.822,58311308.0
2022-10-28,12.75,13.496,12.707,13.48,52103993.0
2022-10-31,13.424,13.484,12.943,13.143,48634099.0
2022-11-01,13.457,13.571,13.165,13.189,43281690.0
2022-11-02,13.496,13.856,12.857,12.865,67262784.0
2022-11-03,12.689,13.427,12.602,13.067,50006486.0
2022-11-04,13.632,13.875,13.343,13.802,61257591.0
2022-11-07,13.874,14.058,13.6,13.947,41006095.0
2022-11-08,14.447,14.537,13.862,14.248,59529199.0
2022-11-09,13.808,13.857,13.405,13.422,45441366.0
2022-11-10,14.446,15.419,14.193,15.396,70081925.0
2022-11-11,15.454,16.035,15.128,15.973,65548747.0
2022-11-14,15.864,16.186,15.568,15.941,52785245.0
2022-11-15,16.368,16.644,16.028,16.312,54587550.0
2022-11-16,15.808,16.008,15.519,15.556,64954684.0
2022-11-17,15.361,15.912,15.181,15.323,71089356.0
2022-11-18,15.612,15.648,14.766,15.055,49207165.0
2022-11-21,14.793,15.123,14.726,14.963,40473931.0
2022-11-22,14.974,15.704,14.768,15.684,47286607.0
2022-11-23,15.744,16.173,15.694,16.165,42724093.0
2022-11-25,15.964,16.133,15.818,15.916,16793430.0
2022-11-28,15.672,16.003,15.371,15.473,30415201.0
2022-11-29,15.473,15.578,15.166,15.285,29838449.0
2022-11-30,15.347,16.58,15.247,16.573,56529822.0
2022-12-01,16.649,16.915,16.285,16.785,47097657.0
2022-12-02,16.309,16.583,16.095,16.526,37138858.0
2022-12-05,16.329,16.645,16.122,16.26,35225517.0
2022-12-06,16.18,16.223,15.469,15.637,35269427.0
2022-12-07,15.422,15.836,15.317,15.77,37238758.0
2022-12-08,15.923,16.829,15.609,16.819,51545554.0
2022-12-09,16.81,17.233,16.625,16.651,46533819.0
2022-12-12,16.687,17.188,16.447,17.185,45732780.0
2022-12-13,18.181,18.44,17.361,17.722,65658876.0
2022-12-14,17.637,17.902,17.07,17.324,49688810.0
2022-12-15,16.796,16.97,16.35,16.602,47854210.0
2022-12-16,16.514,16.691,16.06,16.221,47823193.0
2022-12-19,16.222,16.259,15.795,15.904,35403877.0
2022-12-20,15.714,15.96,15.502,15.735,40325979.0
2022-12-21,15.764,16.277,15.752,16.151,32502538.0
2022-12-22,15.744,15.788,14.532,14.989,56504527.0
2022-12-23,14.846,14.989,14.533,14.856,34932563.0
2022-12-27,14.724,14.75,13.706,13.771,46490226.0
2022-12-28,13.577,13.912,13.534,13.686,35106645.0
2022-12-29,14.052,14.333,13.877,14.253,35492324.0
2022-12-30,13.984,14.279,13.883,14.264,31048983.0
2023-01-03,14.501,14.646,13.746,13.965,40127658.0
2023-01-04,14.217,14.503,13.891,14.399,43132360.0
2023-01-05,14.141,14.214,13.798,13.915,38916811.0
2023-01-06,14.124,14.66,13.684,14.509,40504362.0
2023-01-09,14.934,15.706,14.791,15.278,50423056.0
2023-01-10,15.157,15.612,15.122,15.559,38410126.0
2023-01-11,15.49,15.678,15.213,15.651,35328493.0
2023-01-12,15.75,16.287,15.142,16.161,55140906.0
2023-01-13,15.928,16.572,15.815,16.549,44728706.0
2023-01-17,16.549,17.378,16.549,17.352,51110216.0
2023-01-18,17.317,17.523,16.932,17.027,43962355.0
2023-01-19,16.686,16.847,16.381,16.415,45293160.0
2023-01-20,16.661,17.506,16.475,17.489,56496712.0
2023-01-23,17.714,18.895,17.468,18.843,65516259.0
2023-01-24,18.477,19.145,18.47,18.915,49620410.0
2023-01-25,18.563,19.02,18.23,18.973,44953711.0
2023-01-26,19.351,19.816,18.928,19.452,48953542.0
2023-01-27,19.112,20.278,19.055,20.015,54214198.0
2023-01-30,19.6,19.79,18.8,18.812,48861115.0
2023-01-31,18.82,19.337,18.6,19.187,49801658.0
2023-02-01,19.341,20.842,19.261,20.593,66047704.0
2023-02-02,20.65,21.599,20.35,21.359,56427580.0
2023-02-03,20.65,21.395,20.439,20.75,42936595.0
2023-02-06,20.456,21.22,20.436,20.739,45219709.0
2023-02-07,21.032,21.909,20.8,21.823,66414961.0
2023-02-08,22.037,22.528,21.658,21.855,55965122.0
2023-02-09,22.256,22.67,21.77,21.987,52387578.0
2023-02-10,21.34,21.728,20.461,20.915,55073675.0
2023-02-13,21.188,21.698,20.612,21.438,47491862.0
2023-02-14,21.228,22.699,21.016,22.621,67547350.0
2023-02-15,22.199,22.505,21.756,22.414,42118826.0
2023-02-16,21.783,22.2,21.577,21.652,41202628.0
2023-02-17,21.281,21.39,20.625,21.038,46588764.0
2023-02-21,20.65,21.144,20.268,20.305,41001455.0
2023-02-22,20.357,20.754,20.071,20.404,51318432.0
2023-02-23,23.09,23.538,22.675,23.314,111799541.0
2023-02-24,22.875,23.124,22.597,22.936,58971591.0
2023-02-27,23.32,23.53,23.104,23.151,45299367.0
2023-02-28,23.022,23.475,22.856,22.866,45596280.0
2023-03-01,22.842,22.906,22.158,22.348,46002562.0
2023-03-02,22.138,23.03,22.082,22.964,39007465.0
2023-03-03,22.97,23.55,22.78,23.54,41239330.0
2023-03-06,23.541,23.898,23.137,23.204,43742923.0
2023-03-07,23.254,23.779,22.895,22.942,51515388.0
2023-03-08,23.141,23.854,23.078,23.835,51357339.0
2023-03-09,23.829,24.108,23.037,23.09,50125699.0
2023-03-10,23.063,23.281,22.38,22.619,47486565.0
2023-03-13,22.406,22.952,21.951,22.62,42189032.0
2023-03-14,23.15,23.873,23.114,23.717,47491013.0
2023-03-15,23.415,23.94,23.014,23.882,52448574.0
2023-03-16,23.681,25.242,23.548,25.195,58494626.0
2023-03-17,25.636,26.053,25.322,25.379,84854656.0
2023-03-20,25.269,25.678,24.784,25.554,43274719.0
2023-03-21,25.834,26.046,25.035,25.853,54740776.0
2023-03-22,26.079,27.243,25.891,26.122,79729511.0
2023-03-23,26.77,27.153,26.344,26.845,56488876.0
2023-03-24,26.685,26.821,26.009,26.433,45541407.0
2023-03-27,26.491,26.654,26.019,26.185,36102574.0
2023-03-28,26.101,26.167,25.504,26.064,35610378.0
2023-03-29,26.479,26.732,26.251,26.638,39369387.0
2023-03-30,26.883,27.153,26.756,27.037,36451574.0
2023-03-31,26.794,27.488,26.759,27.431,43393277.0
2023-04-03,27.163,27.654,26.99,27.619,39871560.0
2023-04-04,27.62,27.654,26.961,27.107,36859153.0
2023-04-05,26.483,26.652,26.049,26.535,51501474.0
2023-04-06,26.238,26.734,26.081,26.691,39765434.0
2023-04-10,26.477,27.275,26.323,27.233,39527855.0
2023-04-11,27.378,27.444,26.78,26.823,31437817.0
2023-04-12,27.024,27.122,26.102,26.149,44625895.0
2023-04-13,26.388,26.541,25.983,26.117,35361528.0
2023-04-14,26.158,26.537,25.874,26.412,39566013.0
2023-04-17,26.22,26.66,26.087,26.656,32147130.0
2023-04-18,27.188,27.764,27.011,27.321,60481154.0
2023-04-19,27.015,27.654,26.886,27.585,35866041.0
2023-04-20,27.325,27.684,26.654,26.758,42771326.0
2023-04-21,26.606,26.837,26.376,26.773,34510277.0
2023-04-24,26.667,27.02,26.325,26.696,33928186.0
2023-04-25,26.732,26.901,25.879,25.895,37852716.0
2023-04-26,26.656,26.984,26.359,26.61,40633681.0
2023-04-27,27.017,27.149,26.279,26.88,37716119.0
2023-04-28,26.879,27.412,26.725,27.403,29221614.0
2023-05-01,27.494,28.712,27.434,28.564,57032853.0
2023-05-02,28.334,28.49,27.737,27.864,40272957.0
2023-05-03,27.494,28.021,27.126,27.456,38338740.0
2023-05-04,27.305,27.513,26.894,27.216,32185041.0
2023-05-05,27.48,28.409,27.385,28.334,36149408.0
2023-05-08,28.176,28.874,28.004,28.805,34497890.0
2023-05-09,28.553,28.627,28.104,28.225,31486946.0
2023-05-10,28.659,28.767,28.115,28.539,36934998.0
2023-05-11,28.55,28.604,27.9,28.232,32214903.0
2023-05-12,28.183,28.434,27.7,27.994,27422225.0
2023-05-15,28.163,28.623,27.806,28.607,29392587.0
2023-05-16,28.495,29.524,28.486,28.867,44940494.0
2023-05-17,29.238,29.853,29.084,29.832,43253541.0
2023-05-18,30.064,31.482,29.974,31.332,74872501.0
2023-05-19,31.19,31.234,30.57,30.918,47390765.0
2023-05-22,30.555,31.174,30.334,30.83,37199967.0
2023-05-23,30.654,30.942,30.285,30.342,35625326.0
2023-05-24,29.864,30.261,29.46,30.192,72141851.0
2023-05-25,38.177,39.134,36.289,37.634,154391067.0
2023-05-26,37.544,38.824,37.204,38.6,71439676.0
2023-05-30,40.249,41.592,39.603,39.765,92340110.0
2023-05-31,39.142,39.949,37.476,37.488,100258020.0
2023-06-01,38.143,39.704,37.994,39.424,63587295.0
2023-06-02,39.751,40.154,38.712,38.981,48273121.0
2023-06-05,38.563,39.219,38.361,38.825,39609381.0
2023-06-06,38.484,38.814,37.802,38.308,38872914.0
2023-06-07,38.573,39.157,37.014,37.133,51199789.0
2023-06-08,37.382,38.522,37.163,38.168,41777240.0
2023-06-09,38.695,39.369,38.225,38.428,42771747.0
2023-06-12,38.858,39.188,38.276,39.14,38967335.0
2023-06-13,39.844,40.759,39.398,40.68,61320816.0
2023-06-14,40.482,42.658,40.21,42.655,74046502.0
2023-06-15,42.26,42.947,41.805,42.311,56862204.0
2023-06-16,43.108,43.379,42.319,42.35,65570941.0
2023-06-20,42.656,43.648,42.332,43.466,45115311.0
2023-06-21,43.159,43.273,41.738,42.703,55160291.0
2023-06-22,41.911,43.084,41.892,42.683,41773743.0
2023-06-23,42.122,42.467,41.673,41.867,35813984.0
2023-06-26,42.119,42.422,39.758,40.29,59432192.0
2023-06-27,40.457,41.598,40.106,41.534,46217470.0
2023-06-28,40.318,41.503,40.176,40.775,58263927.0
2023-06-29,41.216,41.258,40.258,40.48,38051430.0
2023-06-30,41.338,42.208,41.159,41.96,50114775.0
2023-07-03,42.175,42.556,41.86,42.071,19820919.0
2023-07-05,41.793,42.835,41.743,41.975,32361756.0
2023-07-06,41.502,41.837,41.004,41.761,30413879.0
2023-07-07,41.98,42.872,41.838,42.161,35588147.0
2023-07-10,42.315,42.469,41.307,41.838,35390811.0
2023-07-11,42.139,42.416,41.725,42.063,29824406.0
2023-07-12,42.691,43.593,42.435,43.56,48127702.0
2023-07-13,44.176,45.813,44.15,45.635,47820369.0
2023-07-14,46.241,47.746,44.718,45.127,77207533.0
2023-07-17,45.947,46.154,44.92,46.119,51048822.0
2023-07-18,46.359,47.554,45.392,47.152,57019042.0
2023-07-19,47.122,47.476,46.4,46.735,42750179.0
2023-07-20,46.165,46.745,44.72,45.178,53786451.0
2023-07-21,45.446,45.524,43.758,43.967,96376863.0
2023-07-24,44.389,44.767,43.698,44.27,38309974.0
2023-07-25,44.599,45.841,44.581,45.337,34808091.0
2023-07-26,45.679,45.711,44.288,45.11,36423726.0
2023-07-27,46.177,47.053,45.408,45.558,45597552.0
2023-07-28,46.326,46.685,46.039,46.408,33119424.0
2023-07-31,46.412,46.788,46.164,46.387,25105528.0
2023-08-01,46.118,46.558,45.685,46.165,23927597.0
2023-08-02,45.489,45.498,43.045,43.927,53014157.0
2023-08-03,43.458,44.776,43.458,44.173,32507660.0
2023-08-04,44.643,45.3,44.051,44.338,36266618.0
2023-08-07,44.769,45.198,44.221,45.075,32215354.0
2023-08-08,44.511,44.9,43.714,44.322,35384343.0
2023-08-09,43.932,43.97,41.792,42.212,58644907.0
2023-08-10,41.818,43.232,41.493,42.046,49270530.0
2023-08-11,41.409,41.676,40.297,40.513,53308526.0
2023-08-14,40.144,43.458,39.969,43.411,69028583.0
2023-08-15,44.218,44.926,43.368,43.598,67651151.0
2023-08-16,44.178,44.333,43.064,43.144,52745068.0
2023-08-17,43.628,43.72,42.659,43.002,45239482.0
2023-08-18,42.293,43.236,41.318,42.957,58376787.0
2023-08-21,44.152,46.723,43.88,46.625,69257337.0
2023-08-22,47.793,47.845,44.991,45.326,75720691.0
2023-08-23,45.524,46.858,44.866,46.774,77904608.0
2023-08-24,49.874,49.924,46.817,46.821,115604409.0
2023-08-25,46.67,47.463,44.682,45.676,92534052.0
2023-08-28,46.14,46.638,44.546,46.493,68519223.0
2023-08-29,46.324,48.739,46.049,48.442,70139699.0
2023-08-30,48.702,49.585,48.083,48.922,73520598.0
2023-08-31,49.038,49.402,48.616,49.013,52856977.0
2023-09-01,49.42,49.458,47.8,48.167,46383030.0
2023-09-05,47.881,48.509,47.518,48.206,38265258.0
2023-09-06,48.103,48.211,46.242,46.723,46866957.0
2023-09-07,45.187,46.006,44.814,45.903,43332989.0
2023-09-08,45.604,46.268,44.933,45.234,47389994.0
2023-09-11,45.81,45.825,43.974,44.84,47396555.0
2023-09-12,44.4,45.335,44.193,44.532,34925634.0
2023-09-13,44.262,45.592,44.165,45.147,39835535.0
2023-09-14,45.612,45.649,44.793,45.243,37009720.0
2023-09-15,45.003,45.261,43.47,43.562,50683051.0
2023-09-18,42.41,43.904,41.662,43.628,50027079.0
2023-09-19,43.495,43.628,42.664,43.182,37306424.0
2023-09-20,43.262,43.565,41.885,41.901,36710769.0
2023-09-21,41.245,41.762,40.642,40.679,45073596.0
2023-09-22,41.234,41.777,40.893,41.272,47923631.0
2023-09-25,41.253,42.198,40.839,41.884,41909096.0
2023-09-26,41.663,42.482,41.317,41.573,40228209.0
2023-09-27,41.992,42.534,41.291,42.13,44493520.0
2023-09-28,42.122,43.108,41.777,42.751,42466279.0
2023-09-29,43.489,43.806,42.969,43.161,39782993.0
2023-10-02,43.692,44.837,43.523,44.444,43329821.0
2023-10-03,44.47,44.792,42.908,43.179,47084954.0
2023-10-04,43.404,43.805,42.954,43.703,36182086.0
2023-10-05,43.712,44.562,43.55,44.35,39348309.0
2023-10-06,43.855,45.451,43.688,45.424,43443602.0
2023-10-09,44.504,45.267,44.03,44.935,40967472.0
2023-10-10,44.972,45.921,44.75,45.46,36858208.0
2023-10-11,45.858,46.521,45.712,46.468,37813689.0
2023-10-12,46.439,47.271,45.992,46.607,48132500.0
2023-10-13,46.622,46.778,44.942,45.123,47542599.0
2023-10-16,44.725,45.887,44.574,45.757,37509924.0
2023-10-17,43.662,44.416,42.142,43.6,81233267.0
2023-10-18,42.253,42.881,41.487,41.858,62729434.0
2023-10-19,42.473,42.959,41.544,41.763,50123308.0
2023-10-20,41.552,42.132,40.74,41.049,47726601.0
2023-10-23,40.891,42.91,40.607,42.637,47852949.0
2023-10-24,42.739,43.359,42.353,43.325,40146307.0
2023-10-25,43.06,43.312,41.217,41.441,39837653.0
2023-10-26,41.515,41.9176,39.5422,39.988,54100132.0
2023-10-27,40.792,40.868,39.677,40.162,41678186.0
2023-10-30,40.749,41.428,40.143,40.823,38802662.0
2023-10-31,40.112,40.541,38.892,40.442,51796870.0
2023-11-01,40.546,42.043,40.531,41.987,43759190.0
2023-11-02,42.99,43.546,42.556,43.168,40916926.0
2023-11-03,43.682,44.971,43.385,44.667,42460932.0
2023-11-06,44.9465,45.597,44.561,45.413,40073335.0
2023-11-07,45.381,45.88,44.8195,45.617,34316547.0
2023-11-08,45.762,46.529,45.63,46.236,34671894.0
2023-11-09,47.129,47.892,46.412,46.612,54049597.0
2023-11-10,47.162,48.134,46.945,47.997,42244059.0
2023-11-13,47.982,48.778,47.761,48.282,38413564.0
2023-11-14,49.342,49.496,48.702,49.318,41695387.0
2023-11-15,49.597,49.622,47.862,48.55,47549606.0
2023-11-16,48.341,49.1867,47.992,49.142,33975552.0
2023-11-17,49.186,49.379,48.669,48.96,32589614.0
2023-11-20,48.974,50.21,48.843,50.071,41614260.0
2023-11-21,49.788,50.179,48.884,49.606,56574497.0
2023-11-22,49.514,49.9969,47.352,48.378,90063957.0
2023-11-24,48.132,48.583,47.407,47.438,29199757.0
2023-11-27,47.462,48.192,47.314,47.904,39565940.0
2023-11-28,47.898,47.9849,47.135,47.483,40149010.0
2023-11-29,48.041,48.424,47.522,47.802,38200464.0
2023-11-30,47.686,47.772,46.084,46.432,52624601.0
2023-12-01,46.187,46.862,45.849,46.427,36931668.0
2023-12-04,45.739,45.739,44.672,45.172,43754202.0
2023-12-05,45.132,46.266,44.937,46.232,37171584.0
2023-12-06,46.8805,47.053,45.078,45.169,38058897.0
2023-12-07,45.366,46.295,45.27,46.262,35082255.0
2023-12-08,46.261,47.4069,46.216,47.172,35922366.0
2023-12-11,47.157,47.197,45.496,46.293,50972807.0
2023-12-12,45.712,47.332,45.712,47.323,37238610.0
2023-12-13,47.295,48.26,47.274,47.754,44779079.0
2023-12-14,48.056,48.336,47.088,48.016,39123167.0
2023-12-15,47.86,49.07,47.786,48.556,47994748.0
2023-12-18,49.066,50.099,48.816,49.743,41258627.0
2023-12-19,49.09,49.366,48.561,49.27,46444446.0
2023-12-20,49.321,49.665,47.764,47.777,39789419.0
2023-12-21,48.477,48.761,48.085,48.656,30042523.0
2023-12-22,48.861,49.049,48.133,48.496,25250671.0
2023-12-26,48.634,49.266,48.626,48.945,24419716.0
2023-12-27,49.177,49.346,48.751,49.083,23364645.0
2023-12-28,49.309,49.55,49.078,49.188,24658748.0
2023-12-29,49.479,49.663,48.417,49.188,38928933.0
2024-01-02,48.91,48.961,47.261,47.834,41125365.0
2024-01-03,47.151,47.8501,46.986,47.235,32089320.0
2024-01-04,47.433,48.166,47.174,47.664,30653247.0
2024-01-05,48.128,49.213,47.972,48.763,41503922.0
2024-01-08,49.178,51.941,49.145,51.919,64250990.0
2024-01-09,52.067,53.991,51.356,52.806,77309834.0
2024-01-10,53.282,54.266,53.155,54.016,53379576.0
2024-01-11,54.665,55.012,53.226,54.488,59675643.0
2024-01-12,54.286,54.636,53.9961,54.376,35299354.0
2024-01-16,54.684,56.501,54.566,56.048,44957881.0
2024-01-17,56.013,56.1367,54.406,55.719,47439384.0
2024-01-18,56.926,57.266,55.773,56.773,49164939.0
2024-01-19,57.655,59.166,56.891,59.157,54350147.0
2024-01-22,59.715,59.997,58.736,59.32,45295463.0
2024-01-23,59.236,59.576,58.251,59.539,29465314.0
2024-01-24,59.97,62.515,59.604,61.028,56026907.0
2024-01-25,62.016,62.385,60.516,61.283,48277608.0
2024-01-26,60.626,61.449,60.239,60.697,39030858.0
2024-01-29,60.898,62.155,60.573,62.131,34873297.0
2024-01-30,62.566,63.159,61.926,62.44,41073440.0
2024-01-31,61.106,61.935,60.366,61.193,45379472.0
2024-02-01,61.766,62.857,61.316,62.693,36914579.0
2024-02-02,63.64,66.266,63.356,65.826,47657765.0
2024-02-05,67.891,69.163,66.871,68.998,68007801.0
2024-02-06,69.296,69.42,65.966,67.889,68311136.0
2024-02-07,67.985,69.886,67.266,69.765,49557253.0
2024-02-08,69.74,70.46,69.121,69.307,41441911.0
2024-02-09,70.199,71.851,69.878,71.799,43663471.0
2024-02-12,72.266,74.277,70.916,71.914,61371017.0
2024-02-13,70.066,73.116,69.286,71.794,60257804.0
2024-02-14,72.868,73.902,71.604,73.566,50491087.0
2024-02-15,73.535,73.641,72.066,72.324,42012171.0
2024-02-16,73.766,74.068,72.167,72.279,49532612.0
2024-02-20,71.613,71.622,67.4,69.118,70483183.0
2024-02-21,67.672,68.554,65.914,67.138,69029671.0
2024-02-22,74.691,78.241,73.886,78.204,86509725.0
2024-02-23,80.456,82.06,77.236,78.483,82938837.0
2024-02-26,79.366,80.312,78.171,78.758,50397000.0
2024-02-27,79.047,79.146,76.828,78.367,39170354.0
2024-02-28,77.286,78.599,76.791,77.329,39310902.0
2024-02-29,78.76,79.656,78.016,78.778,50728897.0
2024-03-01,79.666,81.966,79.101,81.945,47913385.0
2024-03-04,83.796,87.361,83.385,84.903,61561343.0
2024-03-05,84.94,85.767,83.087,85.634,52063550.0
2024-03-06,87.692,89.394,86.7,88.37,58251775.0
2024-03-07,89.828,92.437,89.272,92.339,60811915.0
2024-03-08,94.8079,97.07,86.176,87.198,114226642.0
2024-03-11,86.099,88.467,83.836,85.444,67836050.0
2024-03-12,87.719,91.63,85.8201,91.583,66806959.0
2024-03-13,90.725,91.174,88.105,90.558,63571288.0
2024-03-14,89.247,90.316,86.27,87.614,60231711.0
2024-03-15,86.6,89.216,85.927,87.5065,64208606.0
2024-03-18,90.058,92.075,86.755,88.125,66897440.0
2024-03-19,86.37,90.214,84.68,89.068,67216843.0
2024-03-20,89.467,90.08,87.893,90.042,47905418.0
2024-03-21,91.97,92.318,90.075,91.105,48037152.0
2024-03-22,90.811,94.448,90.504,93.959,58671865.0
2024-03-25,93.611,96.436,93.18,94.672,55213581.0
2024-03-26,95.521,96.045,92.172,92.231,51364758.0
2024-03-27,92.782,92.91,88.793,89.92,58606719.0
2024-03-28,89.67,90.97,88.863,90.026,43521227.0
2024-04-01,89.969,91.895,88.874,90.033,45244137.0
2024-04-02,88.118,89.764,87.29,89.122,43306334.0
2024-04-03,88.154,90.044,88.07,88.634,37006655.0
2024-04-04,90.076,90.304,85.55,85.575,43496492.0
2024-04-05,86.536,88.151,85.596,87.678,39967846.0
2024-04-08,88.37,88.5,86.402,86.803,28322000.0
2024-04-09,87.112,87.305,82.692,85.024,50354735.0
2024-04-10,83.596,87.07,83.379,86.709,43192853.0
2024-04-11,87.09,90.409,86.596,90.286,43163727.0
2024-04-12,89.369,89.845,87.2,87.856,42680479.0
2024-04-15,88.768,90.283,85.599,85.671,44307695.0
2024-04-16,86.103,87.788,85.734,87.085,37045302.0
2024-04-17,88.01,88.445,83.62,83.705,49539951.0
2024-04-18,84.64,85.86,82.072,84.341,44726034.0
2024-04-19,82.82,83.994,75.276,75.87,87519800.0
2024-04-22,77.774,79.743,76.07,79.188,59634000.0
2024-04-23,80.439,82.439,79.934,82.093,43855937.0
2024-04-24,83.62,83.752,78.853,79.347,51220753.0
2024-04-25,78.538,82.993,77.893,82.302,42464073.0
2024-04-26,83.488,88.0009,83.057,87.405,55100967.0
2024-04-29,87.265,87.662,84.936,87.427,38897076.0
2024-04-30,86.91,88.489,85.97,86.072,36370870.0
2024-05-01,84.747,85.67,80.925,82.711,55986317.0
2024-05-02,84.119,85.907,82.87,85.487,37789754.0
2024-05-03,87.459,88.951,86.71,88.459,39834006.0
2024-05-06,89.06,91.89,88.725,91.81,37619900.0
2024-05-07,90.768,91.451,88.681,90.224,43733574.0
2024-05-08,89.1525,90.864,89.09,90.082,32571985.0
2024-05-09,90.199,90.742,87.901,88.417,37801128.0
2024-05-10,89.9745,91.071,88.897,89.548,33532466.0
2024-05-13,90.148,90.668,88.199,90.069,28967585.0
2024-05-14,89.269,91.321,88.604,91.026,29650683.0
2024-05-15,92.142,94.532,91.269,94.3,41773471.0
2024-05-16,94.58,95.489,93.773,94.029,32394266.0
2024-05-17,94.039,94.41,91.476,92.149,35968949.0
2024-05-20,93.42,94.87,93.11,94.45,31876363.0
2024-05-21,93.269,95.07,92.85,95.056,32894573.0
2024-05-22,95.129,95.69,92.919,94.62,54864391.0
2024-05-23,101.698,105.99,101.19,103.469,83506526.0
2024-05-24,104.119,106.145,102.67,106.139,42949138.0
2024-05-28,109.914,114.609,109.553,113.571,65272724.0
2024-05-29,112.72,115.162,110.571,114.495,55744191.0
2024-05-30,114.32,115.4892,109.333,110.17,48735005.0
2024-05-31,112.19,112.387,106.61,109.303,61326250.0
2024-06-03,113.291,114.67,111.673,114.67,43839176.0
2024-06-04,115.386,116.27,113.715,116.107,40331400.0
2024-06-05,118.041,122.1195,117.138,122.11,52840174.0
2024-06-06,123.718,125.257,117.99,120.668,66469425.0
2024-06-07,119.44,121.3617,117.692,120.558,41238499.0
2024-06-10,120.04,122.76,116.68,121.46,314162647.0
2024-06-11,121.45,122.55,118.42,120.59,222551155.0
2024-06-12,122.74,126.56,122.25,124.88,299594865.0
2024-06-13,129.07,129.48,126.84,129.29,260704142.0
2024-06-14,129.64,132.52,128.0,131.56,309320376.0
2024-06-17,132.67,133.41,129.26,130.66,288504441.0
2024-06-18,130.82,136.01,130.37,135.26,294335054.0
2024-06-20,139.48,140.44,129.2,130.46,517768370.0
2024-06-21,126.8,130.31,123.98,126.25,655484576.0
2024-06-24,122.92,124.14,117.72,117.79,476060841.0
2024-06-25,120.88,126.18,119.0,125.77,425787456.0
2024-06-26,125.81,127.8,122.28,126.08,362975910.0
2024-06-27,123.78,126.09,122.6,123.67,252571581.0
2024-06-28,124.26,127.39,122.43,123.22,315516740.0
2024-07-01,123.15,124.52,118.51,123.98,284885524.0
2024-07-02,120.81,123.09,120.71,122.35,218373887.0
2024-07-03,121.34,127.96,121.04,127.96,210830698.0
2024-07-05,127.06,128.53,125.36,125.51,214176689.0
2024-07-08,127.17,130.45,126.72,127.88,237677285.0
2024-07-09,130.03,133.5,128.33,131.06,287020743.0
2024-07-10,133.71,134.78,132.1,134.59,248978568.0
2024-07-11,135.43,135.83,126.73,127.08,374782734.0
2024-07-12,127.94,131.6,126.9,128.92,252680534.0
2024-07-15,130.24,131.07,126.86,128.12,208326164.0
2024-07-16,128.12,128.72,124.26,126.04,214769423.0
2024-07-17,121.03,121.53,116.4,117.67,390086178.0
2024-07-18,121.53,122.08,116.24,120.77,320979408.0
2024-07-19,120.03,121.28,117.05,117.61,217223797.0
2024-07-22,120.03,123.75,119.54,123.22,258068931.0
2024-07-23,122.46,124.37,121.78,122.27,173910968.0
2024-07-24,118.85,119.63,113.12,113.93,327776884.0
2024-07-25,112.72,116.31,105.98,111.96,460067018.0
2024-07-26,115.87,115.88,111.26,112.74,293398826.0
2024-07-29,113.37,115.96,110.98,111.27,248152047.0
2024-07-30,111.2,111.67,102.22,103.41,486833264.0
2024-07-31,112.58,118.02,110.56,116.7,473174182.0
2024-08-01,117.21,119.84,106.4904,108.89,523462326.0
2024-08-02,103.44,108.4,101.05,106.95,482027460.0
2024-08-05,91.74,103.09,90.37,100.13,552842373.0
2024-08-06,103.52,107.39,100.23,103.93,409011841.0
2024-08-07,107.49,108.48,98.37,98.59,411440403.0
2024-08-08,101.68,105.18,97.2,104.65,391909937.0
2024-08-09,105.32,106.28,103.11,104.43,290844097.0
2024-08-12,106.0,110.75,105.94,108.7,325559856.0
2024-08-13,112.12,115.91,111.26,115.82,312646650.0
2024-08-14,118.21,118.28,113.75,117.76,339246360.0
2024-08-15,118.44,122.92,117.15,122.54,318086667.0
2024-08-16,121.62,124.68,120.86,124.26,302589871.0
2024-08-19,123.96,129.68,123.1,129.68,318333577.0
2024-08-20,128.08,129.56,125.57,126.93,300087415.0
2024-08-21,126.995,129.03,126.34,128.18,257883424.0
2024-08-22,129.7,130.43,122.78,123.42,376189023.0
2024-08-23,125.54,129.28,124.9,129.05,323230282.0
2024-08-26,129.25,130.94,124.05,126.14,331964517.0
2024-08-27,124.73,128.88,123.56,127.98,303134568.0
2024-08-28,127.8,128.01,122.32,125.29,448101115.0
2024-08-29,121.035,124.11,116.39,117.27,453023305.0
2024-08-30,119.21,121.43,116.9,119.05,333751565.0
2024-09-03,115.69,115.89,106.97,107.68,477155029.0
2024-09-04,105.09,112.95,103.8,105.89,372470140.0
2024-09-05,104.665,109.33,104.44,106.89,306850679.0
2024-09-06,107.72,107.83,100.63,102.51,413638098.0
2024-09-09,104.56,106.23,103.37,106.15,273912015.0
2024-09-10,107.49,109.08,104.63,107.78,268283686.0
2024-09-11,109.07,116.87,107.1,116.59,441422370.0
2024-09-12,116.53,120.48,115.07,118.83,367100496.0
2024-09-13,118.77,119.645,117.29,118.79,238358328.0
2024-09-16,116.48,117.87,114.05,116.47,248772308.0
2024-09-17,117.86,118.49,114.52,115.28,231925825.0
2024-09-18,115.58,117.39,112.91,113.06,310318937.0
2024-09-19,117.04,119.35,116.94,117.56,293506438.0
2024-09-20,116.75,118.3081,115.0801,115.69,382462037.0
2024-09-23,116.24,116.68,114.55,115.95,206228340.0
2024-09-24,116.205,121.49,115.07,120.56,354966731.0
2024-09-25,121.71,124.63,121.3,123.2,284692915.0
2024-09-26,126.49,127.355,121.49,123.73,302582868.0
2024-09-27,123.66,123.72,118.95,121.09,271009124.0
2024-09-30,118.0,121.19,117.84,121.13,227053651.0
2024-10-01,121.455,122.1251,115.48,116.69,302094485.0
2024-10-02,116.13,119.07,114.83,118.54,221845872.0
2024-10-03,120.61,124.05,120.0301,122.54,277117973.0
2024-10-04,124.63,124.73,121.52,124.61,244465552.0
2024-10-07,124.68,130.33,124.64,127.41,346250233.0
2024-10-08,129.95,133.17,129.11,132.58,285722485.0
2024-10-09,133.8,134.21,131.07,132.34,246191561.0
2024-10-10,131.6,134.69,130.69,134.5,242311332.0
2024-10-11,133.7,135.47,133.35,134.49,170209304.0
2024-10-14,136.16,139.29,135.99,137.76,232347607.0
2024-10-15,137.56,138.26,128.43,131.29,377830975.0
2024-10-16,133.67,136.31,131.27,135.41,264879720.0
2024-10-17,139.03,140.58,136.56,136.62,306435915.0
2024-10-18,138.355,138.59,136.97,137.69,176090168.0
2024-10-21,137.82,143.4,137.69,143.4,264554514.0
2024-10-22,142.6,144.11,141.47,143.28,226311539.0
2024-10-23,141.72,142.12,137.15,139.25,285929906.0
2024-10-24,140.51,141.04,138.15,140.1,172354861.0
2024-10-25,140.62,143.82,140.49,141.23,205122017.0
2024-10-28,142.69,142.83,139.74,140.21,173586670.0
2024-10-29,139.975,141.9498,138.59,140.94,157593584.0
2024-10-30,139.23,140.02,136.5,139.025,179418082.0
2024-10-31,137.29,137.3,131.8006,132.45,270039641.0
2024-11-01,134.39,137.0,134.26,135.09,207127838.0
2024-11-04,136.9,138.65,135.26,135.74,187528173.0
2024-11-05,137.14,140.0601,137.02,139.6,160537371.0
2024-11-06,142.65,146.18,141.65,145.3,242043904.0
2024-11-07,146.08,148.62,145.86,148.57,207323287.0
2024-11-08,148.46,149.46,145.95,147.32,175665682.0
2024-11-11,148.37,148.54,143.26,144.95,182325598.0
2024-11-12,146.47,149.34,145.7,147.98,198634711.0
2024-11-13,148.76,149.02,145.59,145.96,191903262.0
2024-11-14,147.33,148.69,145.24,146.45,194463233.0
2024-11-15,144.56,144.93,139.77,141.67,250132869.0
2024-11-18,139.19,141.24,136.84,139.84,221865983.0
2024-11-19,141.01,146.82,140.68,146.7,227834781.0
2024-11-20,147.1,147.25,142.42,145.58,309871644.0
2024-11-21,149.04,152.58,140.39,146.36,400946570.0
2024-11-22,145.62,146.85,140.79,141.64,236406047.0
2024-11-25,141.68,141.74,135.51,135.71,344941875.0
2024-11-26,137.39,138.99,135.36,136.61,190287543.0
2024-11-27,134.7,136.91,131.49,135.03,226370856.0
2024-11-29,136.47,139.04,135.74,137.94,134062123.0
2024-12-02,138.52,140.14,137.515,138.32,171682752.0
2024-12-03,137.95,140.23,137.64,139.95,164413963.0
2024-12-04,141.685,145.48,139.98,144.83,231224254.0
2024-12-05,144.81,146.24,143.65,144.76,172621179.0
2024-12-06,144.3,145.4,141.01,142.14,188505378.0
2024-12-09,138.67,139.65,136.83,138.51,189308484.0
2024-12-10,138.71,141.52,133.49,134.77,210020887.0
2024-12-11,137.06,139.87,134.91,139.01,184905146.0
2024-12-12,136.78,138.14,135.5,137.04,159211363.0
2024-12-13,138.64,139.3,132.24,133.95,231514772.0
2024-12-16,133.88,134.1,130.12,131.7,237951059.0
2024-12-17,128.79,131.29,126.56,130.09,259410213.0
2024-12-18,133.56,136.4,127.98,128.61,277444520.0
2024-12-19,131.46,133.73,129.25,130.38,209719210.0
2024-12-20,129.51,134.98,127.92,134.4,306528551.0
2024-12-23,135.98,139.49,134.8201,139.37,176053506.0
2024-12-24,139.7,141.6,138.35,139.92,102187972.0
2024-12-26,139.4,140.55,137.43,139.63,116518975.0
2024-12-27,138.25,138.72,134.41,136.71,170582523.0
2024-12-30,134.53,139.97,133.72,137.19,167734416.0
2024-12-31,137.73,137.77,133.53,133.99,155659210.0
2025-01-02,135.7,138.58,134.33,138.01,198247121.0
2025-01-03,139.71,144.6,139.43,144.17,229322478.0
2025-01-06,148.29,151.856,147.5201,149.13,265377343.0
2025-01-07,152.73,152.83,139.71,139.84,351782123.0
2025-01-08,142.28,143.65,137.26,139.81,227349948.0
2025-01-10,137.15,139.62,133.92,135.61,207602459.0
2025-01-13,129.69,133.19,129.21,132.93,204808914.0
2025-01-14,135.75,136.08,129.75,131.46,195590255.0
2025-01-15,133.35,136.15,130.99,135.94,185217309.0
2025-01-16,138.34,138.45,133.19,133.27,209235579.0
2025-01-17,136.39,138.2,135.1649,137.41,201188757.0
2025-01-21,138.86,141.53,136.79,140.53,197748952.0
2025-01-22,144.36,147.49,143.37,146.77,237651374.0
2025-01-23,144.75,146.93,143.42,146.92,155915276.0
2025-01-24,148.07,148.67,141.58,142.32,234657635.0
2025-01-27,124.5,128.1,116.4,118.12,818830771.0
2025-01-28,121.51,128.7,115.95,128.69,579666349.0
2025-01-29,126.2,126.59,119.75,123.4,467120542.0
2025-01-30,122.8,124.7,117.8,124.35,392925469.0
2025-01-31,123.48,127.55,118.89,119.77,390372828.0
2025-02-03,114.45,118.27,112.71,116.36,371235520.0
2025-02-04,116.66,120.9,116.4,118.35,256550040.0
2025-02-05,121.46,124.7,120.46,124.53,263110629.0
2025-02-06,127.12,128.47,124.91,128.38,251483507.0
2025-02-07,128.92,130.07,124.7,129.54,228186298.0
2025-02-10,129.79,134.7,129.66,133.27,216989035.0
2025-02-11,132.28,134.18,130.72,132.5,178902379.0
2025-02-12,129.72,131.94,128.78,130.84,160278550.0
2025-02-13,131.255,136.2,130.87,134.99,197429897.0
2025-02-14,136.18,138.95,135.2,138.55,195479517.0
2025-02-18,140.97,143.14,137.625,139.1,219176457.0
2025-02-19,139.21,141.06,136.92,138.93,167535974.0
2025-02-20,139.73,140.36,136.4901,139.81,143903583.0
2025-02-21,139.74,141.16,133.73,134.13,228217508.0
2025-02-24,136.26,138.29,129.78,129.98,251381137.0
2025-02-25,129.68,129.9,124.14,126.33,271428701.0
2025-02-26,129.685,133.43,128.19,130.98,322553762.0
2025-02-27,134.7,134.71,119.71,119.85,443175846.0
2025-02-28,117.72,124.79,116.1,124.62,389091079.0
2025-03-03,123.21,123.4,111.98,113.76,411381372.0
2025-03-04,110.345,119.01,109.81,115.69,398163299.0
2025-03-05,117.28,117.9781,114.21,117.0,284337886.0
2025-03-06,113.23,115.05,109.92,110.27,321181811.0
2025-03-07,110.95,113.18,107.26,112.39,341755435.0
2025-03-10,109.6,111.55,105.16,106.68,366487313.0
2025-03-11,106.69,111.936,104.47,108.46,354865598.0
2025-03-12,113.83,116.47,112.59,115.45,323857332.0
2025-03-13,116.74,117.47,113.5,115.29,299033056.0
2025-03-14,118.32,121.59,117.86,121.38,277593393.0
2025-03-17,122.45,122.6,117.74,119.24,255501481.0
2025-03-18,117.71,118.73,114.25,115.14,299686894.0
2025-03-19,116.98,120.155,115.39,117.23,273426224.0
2025-03-20,116.26,119.91,116.18,118.24,248829737.0
2025-03-21,116.65,117.7,115.13,117.41,266498377.0
2025-03-24,119.59,121.93,119.05,121.12,228452487.0
2025-03-25,120.255,121.0,118.63,120.4,167447028.0
2025-03-26,118.44,118.55,112.42,113.47,296431622.0
2025-03-27,111.06,114.16,110.37,111.14,236902044.0
2025-03-28,111.195,112.58,108.7801,109.38,229872549.0
2025-03-31,104.84,110.665,103.36,108.09,299212652.0
2025-04-01,108.225,109.91,106.18,109.86,222613940.0
2025-04-02,107.0,111.69,106.5,110.13,220601243.0
2025-04-03,103.22,105.34,101.31,101.51,338769412.0
2025-04-04,98.62,99.84,91.82,94.02,532273371.0
2025-04-07,87.17,101.46,86.33,97.35,611041347.0
2025-04-08,103.515,105.56,94.17,96.01,476243291.0
2025-04-09,98.6,114.81,97.2401,114.04,612918153.0
2025-04-10,109.08,110.57,98.86,107.28,437812337.0
2025-04-11,108.21,111.2599,107.19,110.64,313417252.0
2025-04-14,113.82,114.0,108.78,110.42,264705049.0
2025-04-15,110.68,113.325,110.21,111.91,228966787.0
2025-04-16,104.26,106.5,100.16,104.2,397016770.0
2025-04-17,104.16,104.18,99.76,101.2,292517291.0
2025-04-21,98.48,99.15,94.75,96.62,288501136.0
2025-04-22,98.49,99.521,96.99,98.6,241004784.0
2025-04-23,104.23,104.51,101.73,102.42,247525918.0
2025-04-24,103.185,106.25,102.82,106.14,220815035.0
2025-04-25,106.56,111.63,105.44,110.72,251064513.0
2025-04-28,109.4,110.0799,105.73,108.44,207708225.0
2025-04-29,107.38,109.9099,107.15,108.73,170444095.0
2025-04-30,104.18,108.63,103.79,108.63,235044607.0
2025-05-01,112.79,114.65,111.01,111.32,236121507.0
2025-05-02,113.89,115.11,113.08,114.21,190194703.0
2025-05-05,112.615,114.375,112.37,113.53,133163241.0
2025-05-06,111.19,114.45,110.532,113.25,158525621.0
2025-05-07,112.755,117.39,111.9918,116.77,207827815.0
2025-05-08,117.96,118.39,115.56,117.08,198428122.0
2025-05-09,117.06,117.94,114.92,116.36,132972189.0
2025-05-12,121.68,122.71,119.99,122.71,225023345.0
2025-05-13,124.69,130.9289,124.18,129.64,330430105.0
2025-05-14,132.905,135.145,131.39,135.05,281180828.0
2025-05-15,134.005,136.01,132.37,134.54,226632563.0
2025-05-16,135.93,136.06,133.17,135.11,226542451.0
2025-05-19,132.1,135.58,132.1,135.28,193154411.0
2025-05-20,134.0,134.29,132.33,134.09,161514183.0
2025-05-21,132.77,137.11,130.3,131.51,270608699.0
2025-05-22,131.94,133.96,131.26,132.54,187343950.0
2025-05-23,129.71,132.39,128.87,131.0,198821324.0
2025-05-27,133.86,135.37,133.02,135.21,192953596.0
2025-05-28,135.735,136.96,134.5,134.52,304021089.0
2025-05-29,141.955,143.2,137.62,138.9,370615153.0
2025-05-30,138.425,139.33,132.63,134.84,333170445.0
2025-06-02,135.2,137.83,135.11,137.09,197663021.0
2025-06-03,138.49,141.71,137.66,140.93,225578782.0
2025-06-04,141.9,142.1,139.255,141.63,167120795.0
2025-06-05,141.88,143.71,138.54,139.7,232410753.0
2025-06-06,142.22,142.98,141.22,141.43,153986153.0
2025-06-09,142.9,144.71,141.65,142.34,185114491.0
2025-06-10,142.4,144.0,141.235,143.67,155881832.0
2025-06-11,144.33,144.71,141.59,142.55,167693949.0
2025-06-12,141.69,144.72,141.57,144.72,162364981.0
2025-06-13,142.2,143.3,140.575,141.69,180820506.0
2025-06-16,143.065,145.895,142.9201,144.41,183133527.0
2025-06-17,144.21,144.94,143.5,143.84,139108000.0
2025-06-18,143.725,145.37,142.84,145.2,161494120.0
2025-06-20,145.17,145.92,142.37,143.57,242956010.0
2025-06-23,142.22,144.5,141.75,143.89,154308941.0
2025-06-24,145.28,147.68,145.22,147.62,187566111.0
2025-06-25,148.99,154.17,148.98,154.03,269146421.0
2025-06-26,155.695,156.435,153.72,154.74,198145622.0
2025-06-27,155.76,158.43,154.975,157.47,263234538.0
2025-06-30,158.12,158.38,155.68,157.71,194580235.0
2025-07-01,156.01,156.92,151.21,153.02,213143540.0
2025-07-02,152.7,157.32,152.69,156.97,171223975.0
2025-07-03,158.09,160.7,157.49,159.008,142128972.0
2025-07-07,157.92,159.03,157.062,157.96,140138889.0
2025-07-08,159.05,159.94,158.11,159.72,138132961.0
2025-07-09,160.94,164.14,160.88,162.6,183656406.0
2025-07-10,164.04,164.22,161.33,163.82,167704007.0
2025-07-11,163.435,167.61,163.19,164.64,193633261.0
2025-07-14,165.09,165.21,161.74,163.79,136975503.0
2025-07-15,170.91,172.12,168.915,170.42,230627345.0
2025-07-16,170.78,171.47,168.62,171.09,158831460.0
2025-07-17,171.74,173.88,170.55,172.72,160841119.0
2025-07-18,173.36,173.97,170.98,172.13,146456386.0
2025-07-21,172.47,173.1,170.72,171.1,123126048.0
2025-07-22,171.06,171.11,164.3,166.75,193114326.0
2025-07-23,169.25,170.98,167.69,170.5,154082196.0
2025-07-24,172.16,173.55,171.02,173.46,128984615.0
2025-07-25,173.33,174.44,172.68,173.22,122316749.0
2025-07-28,173.74,176.72,173.69,176.47,140023262.0
2025-07-29,177.68,179.1,174.74,175.23,154077450.0
2025-07-30,176.23,179.61,175.76,178.99,174312159.0
2025-07-31,182.62,183.02,175.65,177.59,221685446.0
2025-08-01,173.81,176.26,170.61,173.44,204528985.0
2025-08-04,174.88,179.92,174.24,179.72,148174563.0
2025-08-05,179.34,179.98,175.62,177.98,156407600.0
2025-08-06,176.045,179.62,175.97,179.14,137192265.0
2025-08-07,181.29,183.6,178.515,180.49,151878350.0
2025-08-08,181.27,183.02,180.12,182.42,123396679.0
2025-08-11,181.77,183.56,179.97,181.78,138323191.0
2025-08-12,182.68,184.2,179.18,182.88,145728956.0
2025-08-13,182.335,183.69,179.07,181.31,179871549.0
2025-08-14,179.47,182.74,179.18,181.74,129553821.0
2025-08-15,181.6,181.62,177.7617,180.17,156602059.0
2025-08-18,180.32,182.6575,180.31,181.73,132007941.0
2025-08-19,182.15,182.22,175.21,175.36,185229215.0
2025-08-20,174.885,175.72,168.521,175.12,215142725.0
2025-08-21,174.57,176.62,173.53,174.7,140040659.0
2025-08-22,172.33,178.31,170.92,177.71,172789355.0
2025-08-25,178.07,181.63,176.29,179.53,163012785.0
2025-08-26,179.775,182.11,178.53,181.49,168688186.0
2025-08-27,181.7,182.21,178.82,181.32,235518948.0
2025-08-28,180.54,184.19,176.13,179.89,281787526.0
2025-08-29,177.83,177.87,172.865,173.9,243257863.0
2025-09-02,169.72,172.099,166.94,170.5,231164853.0
2025-09-03,170.78,172.13,168.595,170.34,164424852.0
2025-09-04,170.29,171.58,169.13,171.36,141670144.0
2025-09-05,167.75,168.75,163.79,166.74,224441435.0
2025-09-08,167.27,170.68,167.07,168.03,163769044.0
2025-09-09,168.81,170.7,166.4601,170.48,157548392.0
2025-09-10,176.36,179.01,175.19,177.05,226851988.0
2025-09-11,179.41,180.01,176.21,176.9,151159274.0
2025-09-12,177.5,178.325,176.18,177.55,124911026.0
2025-09-15,175.4,178.58,174.24,177.48,147061487.0
2025-09-16,176.73,177.23,174.11,174.61,140737601.0
2025-09-17,172.37,172.93,168.14,170.02,211843817.0
2025-09-18,173.71,176.83,172.69,175.97,191763257.0
2025-09-19,175.5,177.81,174.91,176.4,237181821.0
2025-09-22,175.03,184.28,174.4353,183.34,269636932.0
2025-09-23,181.7,182.15,175.94,178.16,192559441.0
2025-09-24,179.5,179.51,175.13,176.7,143564007.0
2025-09-25,174.21,179.99,172.855,177.42,191586733.0
2025-09-26,177.9,179.5,174.66,177.92,148573010.0
2025-09-29,180.155,183.73,180.05,181.58,193063339.0
2025-09-30,181.81,187.08,181.21,186.31,236981024.0
2025-10-01,184.97,187.87,183.63,186.97,173844875.0
2025-10-02,189.33,190.78,187.79,188.62,136805821.0
2025-10-03,188.92,190.09,185.11,187.35,137596895.0
2025-10-06,185.23,186.96,183.06,185.27,157678032.0
2025-10-07,185.96,188.79,183.73,184.77,140088005.0
2025-10-08,186.3,189.33,186.27,188.84,130168856.0
2025-10-09,191.955,195.03,190.79,192.3,182997204.0
2025-10-10,193.235,195.35,181.78,182.89,268774359.0
2025-10-13,187.695,189.8399,185.69,188.05,153482704.0
2025-10-14,184.5,184.53,179.43,179.76,205641380.0
2025-10-15,184.53,184.6,177.02,179.56,214450374.0
2025-10-16,181.96,183.01,179.5,181.54,179723308.0
2025-10-17,179.91,183.83,179.48,182.95,173135092.0
2025-10-20,182.86,184.93,181.46,182.37,128544653.0
2025-10-21,182.515,182.515,179.53,180.89,124240153.0
2025-10-22,180.87,183.17,176.49,180.01,162249467.0
2025-10-23,180.15,182.76,179.5201,181.89,111363546.0
2025-10-24,183.565,187.2,183.23,185.99,131296581.0
2025-10-27,189.72,191.73,188.1618,191.22,153452704.0
2025-10-28,192.78,202.88,191.64,200.76,297986070.0
2025-10-29,207.71,211.9199,204.505,206.77,308829466.0
2025-10-30,204.88,205.89,201.14,202.62,178864443.0
2025-10-31,206.18,207.7,201.8,202.22,179802151.0
2025-11-03,207.81,211.065,205.29,206.61,180267249.0
2025-11-04,202.73,203.6999,197.66,198.42,188919320.0
2025-11-05,198.5,202.65,194.38,194.94,171350332.0
2025-11-06,196.15,197.35,186.11,187.81,223029736.0
2025-11-07,184.63,188.05,178.64,187.88,264942253.0
2025-11-10,194.84,199.67,193.52,198.78,198897133.0
2025-11-11,194.885,195.15,191.03,192.89,176483236.0
2025-11-12,195.45,195.62,190.86,193.53,154934987.0
2025-11-13,190.78,191.17,183.58,186.59,207422968.0
2025-11-14,182.59,190.74,180.31,189.9,186591856.0
2025-11-17,185.695,188.73,184.05,186.33,173628854.0
2025-11-18,183.105,184.53,179.38,181.09,213598859.0
2025-11-19,184.52,187.585,182.5601,186.25,247246436.0
2025-11-20,195.68,195.73,179.58,180.37,343504702.0
2025-11-21,180.965,184.29,172.66,178.61,346925300.0
2025-11-24,179.22,183.23,176.21,182.28,256618332.0
2025-11-25,174.64,177.89,169.28,177.55,320600268.0
2025-11-26,181.36,182.64,177.97,179.99,183851868.0
2025-11-28,178.74,179.02,176.23,176.73,116722883.0
2025-12-01,174.49,180.03,173.41,179.65,188130558.0
2025-12-02,181.49,185.39,179.73,181.19,182632153.0
2025-12-03,180.81,182.18,178.8401,179.32,165137701.0
2025-12-04,181.36,184.255,179.7,183.12,167364857.0
2025-12-05,183.63,184.4,180.65,182.15,143971097.0
2025-12-08,182.38,187.74,182.14,185.29,204378103.0
2025-12-09,185.3,185.4567,183.06,184.71,144719705.0
2025-12-10,184.705,185.22,181.775,183.52,162785370.0
2025-12-11,180.015,181.06,176.36,180.67,182136580.0
2025-12-12,180.85,182.56,174.36,174.76,204274862.0
2025-12-15,177.676,178.155,174.77,176.03,164775601.0
2025-12-16,176.0,178.23,174.64,177.46,148588022.0
2025-12-17,175.84,175.87,170.05,170.68,222775380.0
2025-12-18,174.27,175.89,171.56,173.88,176095991.0
2025-12-19,176.405,181.19,176.08,180.73,324925927.0
2025-12-22,183.66,183.9,182.09,183.43,129064354.0
2025-12-23,182.71,189.07,182.64,188.95,174873015.0
2025-12-24,187.68,188.65,186.33,188.35,64879143.0
2025-12-26,189.66,192.43,187.74,190.27,139740292.0
2025-12-29,187.45,188.495,185.65,187.96,120006103.0
2025-12-30,187.98,188.73,186.67,187.28,97687273.0
2025-12-31,189.31,190.3,186.23,186.24,120100396.0
2026-01-02,189.575,192.6699,188.0,188.59,148240391.0
2026-01-05,191.5,193.37,185.89,187.86,183529720.0
2026-01-06,190.26,191.914,186.56,186.98,176862604.0
2026-01-07,188.31,191.11,186.3,188.85,153543114.0
2026-01-08,188.85,189.29,183.45,184.78,172457015.0
2026-01-09,184.82,186.08,183.4101,184.6,131327534.0
2026-01-12,182.96,186.86,182.76,184.68,137968453.0
2026-01-13,184.735,187.8499,183.14,185.55,160128754.0
2026-01-14,184.06,184.2,180.54,182.88,159586125.0
2026-01-15,186.24,189.44,186.07,186.79,206188584.0
2026-01-16,188.815,190.18,185.82,185.97,187967169.0
2026-01-20,181.64,182.1186,177.35,177.81,223345148.0
2026-01-21,178.79,185.119,178.14,183.06,200380959.0
2026-01-22,184.49,185.91,183.67,184.58,139636290.0
2026-01-23,187.24,189.34,186.5633,187.41,142748032.0
2026-01-26,186.9,188.86,185.73,186.21,124799649.0
2026-01-27,186.98,189.74,185.44,188.26,143711422.0
2026-01-28,191.01,192.09,189.58,191.26,148552673.0
2026-01-29,191.08,193.22,185.8,192.25,171764375.0
2026-01-30,190.95,194.23,189.21,190.87,179489296.0
2026-02-02,186.94,190.04,184.62,185.35,165794054.0
2026-02-03,185.98,186.01,175.97,180.08,204019581.0
2026-02-04,179.2,179.32,171.65,173.93,207014116.0
2026-02-05,174.665,176.555,170.77,171.62,206312846.0
2026-02-06,176.43,186.74,174.34,185.15,231346096.0
2026-02-09,184.0,193.4,183.69,189.78,196387314.0
2026-02-10,191.12,192.22,187.86,188.28,136764804.0
2026-02-11,192.19,193.0,188.51,189.79,144192561.0
2026-02-12,192.77,193.35,186.25,186.68,189932427.0
2026-02-13,187.215,187.24,181.33,182.55,161888018.0
2026-02-17,181.49,186.89,178.92,184.71,162276796.0
2026-02-18,188.49,190.11,186.5,187.72,164749103.0
2026-02-19,186.795,188.17,185.4,187.64,126554394.0
2026-02-20,186.31,190.07,185.6778,189.56,178422318.0
2026-02-23,191.14,193.69,189.315,191.29,171584794.0
2026-02-24,191.23,193.51,187.14,192.59,175123602.0
2026-02-25,194.19,197.3699,193.53,195.3,250637059.0
2026-02-26,194.01,194.03,184.055,184.63,360807682.0
2026-02-27,180.99,182.33,176.12,176.93,311636465.0
2026-03-02,174.75,183.2,174.38,182.22,209095201.0
2026-03-03,178.23,180.64,176.66,179.79,178099430.0
2026-03-04,180.18,184.44,179.8,182.78,177731091.0
2026-03-05,180.91,183.8,177.62,183.08,198779708.0
2026-03-06,179.58,182.4961,176.5601,177.56,189021926.0
2026-03-09,176.57,182.65,175.3,182.39,177213547.0
2026-03-10,182.14,186.18,181.75,184.51,179118528.0
2026-03-11,185.66,187.37,184.2,185.78,145280034.0
2026-03-12,183.8,184.69,181.5,182.89,155762650.0
2026-03-13,184.67,185.84,179.69,180.0,160988424.0
2026-03-16,182.72,188.63,181.16,182.97,217307380.0
2026-03-17,184.81,185.15,181.4304,181.68,182497757.0
2026-03-18,182.23,183.13,180.08,180.15,156682917.0
2026-03-19,177.76,179.73,175.535,178.31,170968519.0
2026-03-20,177.75,178.01,171.47,172.45,241323528.0
2026-03-23,177.005,178.12,174.51,175.39,182836294.0
2026-03-24,174.58,175.97,173.73,174.95,147667800.0
2026-03-25,176.85,180.97,176.6,178.43,162601893.0
2026-03-26,175.82,176.26,170.89,170.99,186152160.0
2026-03-27,169.75,170.72,166.76,167.27,196212681.0
2026-03-30,168.53,169.2,164.02,164.92,185626992.0
2026-03-31,166.72,174.37,166.71,174.15,226181292.0
2026-04-01,175.75,177.12,174.5,175.5,168131960.0
2026-04-02,171.93,177.24,171.12,177.14,143143134.0
2026-04-06,176.905,177.54,175.51,177.39,107564088.0
2026-04-07,175.475,177.98,173.41,177.85,132534902.0
2026-04-08,184.25,185.01,180.05,181.83,147732540.0
2026-04-09,181.59,183.83,180.37,183.66,116428461.0
2026-04-10,184.06,189.75,184.05,188.38,160459494.0
2026-04-13,185.78,189.41,185.49,189.06,133648160.0
2026-04-14,190.59,196.26,190.52,196.26,161306999.0
2026-04-15,196.29,200.15,195.49,198.62,185338383.0
2026-04-16,197.18,199.6,195.56,198.1,134012859.0
2026-04-17,199.65,201.45,199.02,201.43,160324294.0
2026-04-20,199.73,201.92,197.5897,201.81,119381381.0
2026-04-21,201.88,202.5,198.75,199.63,107945282.0
2026-04-22,200.74,202.25,198.75,202.25,107501021.0
2026-04-23,202.21,203.579,196.9706,199.39,113561448.0
2026-04-24,199.71,210.7,199.56,208.02,214134441.0
2026-04-27,209.395,216.575,207.13,216.36,187172421.0
2026-04-28,209.24,214.48,207.95,212.92,180275210.0
2026-04-29,212.45,212.47,207.3258,209.0,123711818.0
2026-04-30,209.68,210.05,198.45,199.32,225238794.0
2026-05-01,201.03,202.75,196.87,198.2,128646896.0
2026-05-04,199.25,201.48,194.49,198.23,125368092.0
2026-05-05,199.05,199.99,195.78,196.25,113406620.0
2026-05-06,199.64,208.015,198.36,207.58,188362800.0
2026-05-07,208.09,213.95,206.25,211.25,168307873.0
2026-05-08,212.78,217.55,212.64,214.95,136421204.0
2026-05-11,213.785,222.05,213.64,219.19,160685693.0
2026-05-12,218.295,223.5,214.67,220.53,159176542.0
2026-05-13,224.68,227.59,221.3153,225.58,150405299.0
2026-05-14,229.6,236.29,229.05,235.49,180782857.0
2026-05-15,229.51,231.25,223.99,225.07,180977411.0
2026-05-18,229.62,229.75,218.12,222.07,146280896.0
2026-05-19,219.37,224.23,217.66,220.36,140948207.0
2026-05-20,222.93,225.88,220.245,223.22,184201587.0
2026-05-21,222.04,227.1499,217.68,219.26,203381760.0
2026-05-22,220.654,220.76,214.55,215.08,169275700.0
2026-05-26,216.29,217.93,211.75,214.61,187202486.0
2026-05-27,213.87,213.9,208.53,212.35,167601127.0
2026-05-28,211.025,215.2691,210.97,214.0,143995960.0
2026-05-29,214.325,217.6099,210.88,210.89,289410542.0
2026-06-01,215.48,224.62,215.45,224.11,212850540.0
2026-06-02,226.93,232.03,221.1,222.57,193362711.0
2026-06-03,221.47,222.57,214.26,214.5,160906804.0
2026-06-04,213.905,221.6,210.97,218.66,169022152.0
2026-06-05,214.53,214.87,204.33,205.1,219655531.0
2026-06-08,210.18,210.47,206.0,208.64,138372837.0
2026-06-09,210.615,211.4,199.34,208.19,180962305.0
2026-06-10,204.43,207.22,199.92,200.42,161746437.0
2026-06-11,201.49,205.66,199.54,204.87,158643194.0
2026-06-12,204.86,207.07,203.4385,205.19,112345298.0
2026-06-15,208.92,212.7107,208.34,212.45,149936683.0
2026-06-16,211.18,211.49,207.29,207.41,125694100.0
2026-06-17,208.53,209.21,203.08,204.65,128363439.0
2026-06-18,207.33,211.39,206.5,210.69,241272013.0
2026-06-22,211.44,213.99,207.72,208.65,122041410.0
2026-06-23,202.17,203.77,200.0,200.04,153496009.0
2026-06-24,200.12,201.67,196.58,199.0,151810663.0
2026-06-25,200.08,200.8,192.13,195.74,150205597.0
2026-06-26,193.12,195.55,191.22,192.53,179303934.0
2026-06-29,193.85,196.18,189.8,194.97,148835637.0
2026-06-30,197.24,200.63,195.11,200.09,166476664.0
2026-07-01,196.2,199.85,193.45,197.58,146147525.0
2026-07-02,197.14,200.055,192.35,194.83,142385533.0
2026-07-06,194.42,197.55,193.99,195.55,108998938.0
2026-07-07,192.37,198.41,191.14,196.93,124154484.0
2026-07-08,195.18,205.16,195.06,204.12,147419133.0
2026-07-09,204.46,204.585,198.96,202.78,132037310.0
2026-07-10,202.0,211.0,201.92,210.96,148421001.0
2026-07-13,208.54,210.57,203.0,203.53,121410965.0
2026-07-14,208.2,212.55,203.8,211.8,124379514.0
2026-07-15,211.96,213.81,206.04,212.5,124797096.0
2026-07-16,210.17,211.08,205.845,207.4,122985956.0
2026-07-17,202.64,206.645,197.97,202.81,144281855.0
2026-07-20,205.87,207.74,202.28,203.28,88701540.0
2026-07-21,207.54,208.65,204.01,207.29,108685504.0
2026-07-22,205.805,214.39,204.95,212.06,137645421.0
2026-07-23,209.455,210.8687,205.96,208.76,110505328.0
2026-07-24,207.45,211.9099,204.81,206.84,114836684.0
