date,open,high,low,close,volume
2001-01-02,58.3501,58.5101,53.9101,55.1601,8732200.0
2001-01-03,54.6601,62.3501,54.0101,61.3501,17523900.0
2001-01-04,61.2901,61.8201,59.3501,59.9001,9095400.0
2001-01-05,59.8201,59.9701,55.5401,55.5401,12884700.0
2001-01-08,56.2301,56.5401,53.9701,56.5401,6552200.0
2001-01-09,57.4001,57.8501,55.7701,56.1901,5602700.0
2001-01-10,55.3501,58.4701,55.1601,58.4701,8725200.0
2001-01-11,57.4401,59.8301,57.4401,58.6001,6697900.0
2001-01-12,59.0401,60.0701,57.6301,58.3501,7064900.0
2001-01-16,58.3501,59.5401,57.8701,59.1901,8416500.0
2001-01-17,61.1901,61.4001,58.9901,59.8001,7800500.0
2001-01-18,59.7901,62.0501,59.2901,61.1301,8089500.0
2001-01-19,62.5401,62.5401,60.2301,60.3701,7775800.0
2001-01-22,60.6001,62.1301,59.9101,61.2601,7037200.0
2001-01-23,60.8201,63.0101,60.5101,62.3201,8453800.0
2001-01-24,62.6001,63.6601,62.1901,62.7301,6174100.0
2001-01-25,62.6001,63.6001,62.0101,62.3801,10807000.0
2001-01-26,61.5101,62.4701,60.8001,62.2301,7063300.0
2001-01-29,61.8501,63.2501,61.7201,62.9501,6651300.0
2001-01-30,62.6501,64.2701,62.1401,64.1501,7025100.0
2001-01-31,63.7501,65.0501,62.9501,63.3701,9672500.0
2001-02-01,63.4501,64.3001,62.6001,64.2801,8223800.0
2001-02-02,63.7501,64.3401,61.1001,61.1501,8187900.0
2001-02-05,61.1501,62.2901,61.1001,62.1401,4280900.0
2001-02-06,61.6501,63.0501,61.5701,61.7401,7092200.0
2001-02-07,61.0701,61.7501,60.0301,61.0401,5689800.0
2001-02-08,61.1501,61.7501,59.4501,59.4701,5876800.0
2001-02-09,59.7001,59.7001,57.6101,58.1901,9871200.0
2001-02-12,58.0501,59.8501,58.0501,59.7001,5790300.0
2001-02-13,60.0501,60.5201,58.3501,58.6101,6583200.0
2001-02-14,59.0001,59.0001,57.0101,58.4101,8390200.0
2001-02-15,59.1901,59.8701,58.3401,59.6901,5881800.0
2001-02-16,57.3501,57.6401,55.6501,56.7501,6432800.0
2001-02-20,57.3901,57.4901,54.4501,54.7401,5755300.0
2001-02-21,54.2501,55.1901,51.8501,51.9701,10789800.0
2001-02-22,52.7001,52.8901,49.3701,52.1601,21274700.0
2001-02-23,51.4301,51.8901,48.1501,51.3101,16180100.0
2001-02-26,52.1501,53.9701,50.8501,53.9701,10071200.0
2001-02-27,53.1501,54.1901,51.8601,52.7901,11298900.0
2001-02-28,53.1001,53.1901,49.6201,50.3001,14257100.0
2001-03-01,50.4001,51.1001,48.1001,50.9501,14456700.0
2001-03-02,48.8501,52.0001,48.6501,49.9601,12535400.0
2001-03-05,50.5001,51.1301,50.1601,51.0901,5234300.0
2001-03-06,52.7001,54.1001,51.8401,52.4301,6910400.0
2001-03-07,53.2501,53.3901,52.1101,53.3301,6299300.0
2001-03-08,52.9501,53.5901,52.4901,53.4701,5952000.0
2001-03-09,52.4501,52.4501,49.4601,49.7101,10014000.0
2001-03-12,48.6901,48.8501,44.1001,44.4301,12786500.0
2001-03-13,45.7501,46.7901,43.8801,46.3701,12765100.0
2001-03-14,43.4001,45.6401,42.1001,44.0001,17944100.0
2001-03-15,44.8001,45.2101,43.7101,44.0301,8661700.0
2001-03-16,43.4801,43.7501,41.1601,41.3601,36444400.0
2001-03-19,42.1101,44.0401,41.1701,43.7001,10029100.0
2001-03-20,44.2501,44.8101,40.4501,40.5501,14470800.0
2001-03-21,40.5301,41.6101,38.2501,38.6101,18326300.0
2001-03-22,38.3701,38.9501,34.3901,37.4701,26155700.0
2001-03-23,39.6001,41.0101,37.8501,40.8301,12807500.0
2001-03-26,42.0501,42.6201,41.1201,42.2901,9924800.0
2001-03-27,41.9701,45.0001,41.6301,44.6601,12762700.0
2001-03-28,43.2501,43.3001,41.2501,41.3901,10690800.0
2001-03-29,41.0501,42.8501,35.6901,41.8301,11930500.0
2001-03-30,41.9001,43.0401,40.8501,43.0401,8957900.0
2001-04-02,42.6501,43.7301,40.1501,40.5501,10466500.0
2001-04-03,40.3301,40.5001,36.4101,36.7401,12519900.0
2001-04-04,36.9301,38.4501,35.6501,37.2001,14778300.0
2001-04-05,39.6501,41.8401,38.8501,41.4001,16180200.0
2001-04-06,40.3401,40.7501,38.4101,39.6501,14827200.0
2001-04-09,40.3501,41.3401,39.1301,40.9101,8935300.0
2001-04-10,41.8001,44.1001,41.5201,43.0001,16173500.0
2001-04-11,45.1301,45.3401,42.4901,43.0801,12557000.0
2001-04-12,42.6501,45.2901,42.3101,45.2001,9142900.0
2001-04-16,44.6401,45.2401,43.2601,43.9501,7101700.0
2001-04-17,43.6601,46.0101,43.3701,45.6101,10498100.0
2001-04-18,47.4101,52.3501,47.0401,50.3501,20229000.0
2001-04-19,50.6001,52.2101,49.9301,52.0001,13688300.0
2001-04-20,51.2501,51.7501,50.0101,50.8501,7550500.0
2001-04-23,50.0001,50.2401,47.6601,48.5901,8397700.0
2001-04-24,48.8701,50.0001,47.4501,47.9301,9960400.0
2001-04-25,47.7701,50.0201,47.3001,49.4601,8218000.0
2001-04-26,50.0801,51.5701,49.8501,50.0701,10497500.0
2001-04-27,51.2701,52.1901,50.5501,52.1301,7914500.0
2001-04-30,52.8001,53.6201,50.6501,51.2601,9330000.0
2001-05-01,51.4201,53.5001,50.9501,53.4001,10345200.0
2001-05-02,53.7601,54.0401,52.3501,53.1701,9415100.0
2001-05-03,52.4801,52.5001,50.5701,51.5601,9856000.0
2001-05-04,50.0001,53.7001,49.7901,53.6901,12046900.0
2001-05-07,53.2101,53.7301,52.5801,52.5901,7064600.0
2001-05-08,53.2101,53.4501,51.9101,52.5301,6881800.0
2001-05-09,51.6001,52.9001,51.4101,52.0001,9467700.0
2001-05-10,53.6101,53.8501,52.1201,52.3701,6836100.0
2001-05-11,52.3501,52.8401,50.7501,51.5001,7661800.0
2001-05-14,51.2501,51.7901,50.8101,51.7501,7733900.0
2001-05-15,51.9001,52.8501,51.2001,52.3301,9703100.0
2001-05-16,51.1901,55.5501,50.9701,55.3001,12692600.0
2001-05-17,55.3501,56.4301,54.9101,55.5001,11716500.0
2001-05-18,55.4401,56.9001,54.4501,56.0901,6613500.0
2001-05-21,56.1901,58.1901,55.5001,58.0001,11349900.0
2001-05-22,58.1801,58.4401,57.4201,57.8301,8050300.0
2001-05-23,57.4001,57.4001,55.6001,55.6001,12184000.0
2001-05-24,55.8201,56.3501,54.9001,55.9801,7697400.0
2001-05-25,56.0001,56.0501,54.2501,54.4501,7409100.0
2001-05-29,54.5801,54.7001,53.2501,53.4301,8876000.0
2001-05-30,52.9401,53.4401,51.3501,51.6501,9982800.0
2001-05-31,51.7801,53.1101,51.6101,52.3001,9864200.0
2001-06-01,52.5501,53.4501,51.4701,53.0801,8780300.0
2001-06-04,53.1501,53.7801,52.4301,53.6901,5603500.0
2001-06-05,53.8401,55.5801,53.6201,55.1501,8483800.0
2001-06-06,55.1801,55.1801,53.7101,54.0801,11986000.0
2001-06-07,53.4001,54.7001,53.3501,54.5401,7247500.0
2001-06-08,54.0501,54.2201,52.4901,53.3501,7468700.0
2001-06-11,53.0601,53.3401,51.7601,52.4501,6972900.0
2001-06-12,51.2101,53.0901,50.3901,52.2301,9326700.0
2001-06-13,52.5201,52.9301,51.0001,51.1501,7536100.0
2001-06-14,50.5301,50.6501,48.1001,48.3501,12552000.0
2001-06-15,47.2601,48.7501,46.7501,48.2001,16663200.0
2001-06-18,48.0001,48.7901,47.2601,47.6101,7961500.0
2001-06-19,48.7301,49.2401,47.2401,48.1401,7692400.0
2001-06-20,47.5401,49.2101,47.4501,48.7801,8574500.0
2001-06-21,48.5701,50.6601,48.5001,50.1701,11932900.0
2001-06-22,49.8401,49.9501,48.5101,49.2001,12117600.0
2001-06-25,49.6301,49.7901,47.8501,48.0701,8349800.0
2001-06-26,47.3301,48.7401,46.9201,47.9001,7969800.0
2001-06-27,47.9501,48.5901,46.8901,47.8301,10054100.0
2001-06-28,48.3501,50.2901,48.2801,48.5001,10162300.0
2001-06-29,49.1501,50.3601,48.6101,49.1301,9820100.0
2001-07-02,49.1501,50.6701,48.9701,50.4801,8361600.0
2001-07-03,50.3301,50.4501,49.4001,50.4501,3279800.0
2001-07-05,49.4201,50.0001,48.0101,48.0301,5268300.0
2001-07-06,47.6601,47.8401,45.3901,45.4001,9958500.0
2001-07-09,45.8401,46.8901,45.5501,46.0501,8290800.0
2001-07-10,46.6401,46.9901,44.5501,44.6101,8605200.0
2001-07-11,44.4501,45.1401,43.4401,44.7301,14248400.0
2001-07-12,45.8501,47.8201,45.6601,47.5401,11761000.0
2001-07-13,47.1901,48.6701,46.9701,48.5901,10421300.0
2001-07-16,48.1201,48.6301,46.6401,47.0601,6771000.0
2001-07-17,46.5501,48.3001,46.1801,48.1901,7344600.0
2001-07-18,46.9101,47.9901,46.4101,47.3601,7546500.0
2001-07-19,48.5301,49.3301,47.1101,48.4201,9488800.0
2001-07-20,47.5001,48.2901,47.2701,47.6901,6672200.0
2001-07-23,48.1501,48.2301,45.3001,45.3001,7780300.0
2001-07-24,45.3501,45.5501,43.1001,44.1501,12003100.0
2001-07-25,44.2701,45.8301,43.8101,45.4501,12003000.0
2001-07-26,45.4101,47.2001,44.9101,46.7001,12896700.0
2001-07-27,47.1801,47.7001,46.2601,47.1601,8449100.0
2001-07-30,47.5401,47.7001,46.6501,47.2001,8009900.0
2001-07-31,47.3501,49.0301,46.5301,47.6001,11615600.0
2001-08-01,48.3201,49.0501,47.9001,48.4601,11816700.0
2001-08-02,49.5801,49.6001,48.2401,48.9601,10663200.0
2001-08-03,48.7101,48.7101,47.2501,48.2901,10725200.0
2001-08-06,47.7001,47.8601,46.4501,46.6501,8465300.0
2001-08-07,46.6201,47.5501,46.2601,47.1201,8857000.0
2001-08-08,46.4701,47.5101,44.7801,44.8801,14798400.0
2001-08-09,45.0501,45.3301,44.2101,45.2301,13999300.0
2001-08-10,45.1501,46.1901,43.6901,45.6401,11155900.0
2001-08-13,45.9501,46.2001,44.7301,45.6701,7366500.0
2001-08-14,46.4901,46.7001,45.1501,45.6201,13056600.0
2001-08-15,45.5801,45.9601,44.4301,44.5901,8244900.0
2001-08-16,44.1501,45.1001,43.3501,45.0001,10662000.0
2001-08-17,44.0001,44.2201,42.3601,43.1001,11428800.0
2001-08-20,43.1501,44.2501,42.9001,44.1801,10216400.0
2001-08-21,44.1501,44.8901,42.1501,42.1701,14092700.0
2001-08-22,43.1001,43.7801,42.1301,43.3701,11692000.0
2001-08-23,43.3101,43.8701,42.8401,42.9501,8667900.0
2001-08-24,43.5601,45.4801,43.0901,45.3701,11488700.0
2001-08-27,45.3201,45.5501,44.6101,44.6601,7092100.0
2001-08-28,44.6301,44.8401,42.9301,42.9301,11405500.0
2001-08-29,43.4801,43.5301,41.5201,41.8901,15551500.0
2001-08-30,41.2001,42.0901,39.2801,39.6701,16336800.0
2001-08-31,39.7501,41.1201,39.4801,40.5001,15801800.0
2001-09-04,40.2001,42.5201,39.7201,39.7701,24097200.0
2001-09-05,40.0501,40.5401,38.3001,40.0501,21394400.0
2001-09-06,39.0001,39.6501,37.1201,37.1201,21228800.0
2001-09-07,36.3701,37.6001,34.9501,35.1301,30746600.0
2001-09-10,34.0501,36.7001,34.0501,36.4001,23386500.0
2001-09-17,27.3501,32.7501,27.3501,30.6501,32261100.0
2001-09-18,30.6801,31.6501,29.7101,30.4001,21932800.0
2001-09-19,30.4501,30.8501,24.9101,28.3001,42611800.0
2001-09-20,26.7501,27.5201,24.9001,25.0601,35505800.0
2001-09-21,20.4001,25.3401,20.1501,23.6301,49497700.0
2001-09-24,26.0801,27.5101,25.4101,27.0501,25354500.0
2001-09-25,27.1001,28.3501,26.2501,28.1001,25411200.0
2001-09-26,28.7001,28.7501,26.7801,27.7401,18430500.0
2001-09-27,27.6001,28.6401,26.3501,28.6201,20378000.0
2001-09-28,29.3301,35.1001,28.8501,30.7901,21664100.0
2001-10-01,30.2501,30.6701,29.1801,30.6201,20350100.0
2001-10-02,30.3501,31.9301,30.0001,31.9301,19380200.0
2001-10-03,30.9501,34.2301,30.7001,33.7001,31707400.0
2001-10-04,34.6401,35.3201,33.1001,33.7901,32468300.0
2001-10-05,33.6001,34.6501,31.8701,33.5801,28505600.0
2001-10-08,32.6301,33.6501,32.2201,32.8801,12601500.0
2001-10-09,32.9601,33.1001,31.9501,32.3101,15615700.0
2001-10-10,32.1501,34.9001,30.8201,34.6701,19577700.0
2001-10-11,35.3001,36.6501,35.3001,36.3501,22793400.0
2001-10-12,35.5001,36.2401,33.6501,35.8501,31198800.0
2001-10-15,34.9801,35.8001,34.4101,35.6501,16754300.0
2001-10-16,36.1501,36.9701,35.3001,36.3401,15598300.0
2001-10-17,37.4201,37.5001,33.8501,34.0001,28378200.0
2001-10-18,34.1701,34.5101,33.1001,33.7701,16365600.0
2001-10-19,33.3501,34.2601,32.3601,33.7001,21839600.0
2001-10-22,33.6501,35.9201,33.5601,35.8201,17449100.0
2001-10-23,36.3101,36.6301,34.7301,35.2601,22004400.0
2001-10-24,35.3301,35.8001,34.5701,34.9701,15705800.0
2001-10-25,33.8001,36.9901,33.0901,36.9201,26933200.0
2001-10-26,36.3001,38.1401,36.0201,36.6701,18130800.0
2001-10-29,36.5101,36.9001,33.8001,33.8001,18415300.0
2001-10-30,33.7001,34.0501,31.9101,32.5101,25917800.0
2001-10-31,33.2501,34.2101,31.9501,32.1501,27726000.0
2001-11-01,32.9501,35.3601,32.0501,34.8601,28927300.0
2001-11-02,34.7901,35.7301,34.2201,35.6001,17216700.0
2001-11-05,36.4701,37.4401,36.3001,37.0301,15888600.0
2001-11-06,36.7001,38.8301,36.2001,38.7501,23173600.0
2001-11-07,38.1501,39.4701,37.9901,38.6001,19629900.0
2001-11-08,39.2201,49.0101,38.2501,38.9501,21938500.0
2001-11-09,38.6001,39.3101,37.7901,39.0701,15456900.0
2001-11-12,37.3501,39.0001,36.3501,38.3801,25965200.0
2001-11-13,39.7901,40.9301,39.5301,40.9001,15089600.0
2001-11-14,41.5201,41.7501,40.0601,41.0101,17457000.0
2001-11-15,40.7201,41.5301,40.2801,41.2201,19334400.0
2001-11-16,41.4301,41.4501,39.7501,40.7101,17661200.0
2001-11-19,41.2701,43.1001,40.8001,42.1201,13367900.0
2001-11-20,41.7201,42.1501,40.9901,41.1501,16091100.0
2001-11-21,40.8501,41.0201,39.8601,40.3901,11422600.0
2001-11-23,40.3901,42.1001,40.3501,42.0301,6180900.0
2001-11-26,42.1001,42.6901,41.4201,42.2801,13678200.0
2001-11-27,41.9701,43.2501,40.4401,41.7801,19075800.0
2001-11-28,41.0901,41.5201,39.6001,39.6901,19853000.0
2001-11-29,40.0101,41.2701,39.3501,41.2201,16998900.0
2001-11-30,40.7501,41.2601,40.3701,40.4001,13335800.0
2001-12-03,40.0001,40.4301,39.3601,39.7201,15135400.0
2001-12-04,40.2701,41.6501,39.7001,41.6401,16152900.0
2001-12-05,41.9601,44.3501,41.9301,43.7501,24888600.0
2001-12-06,43.7001,44.2901,43.2801,43.6901,17736300.0
2001-12-07,43.2501,43.4401,42.0501,42.9101,18711900.0
2001-12-10,42.2001,42.7401,40.7001,40.7301,13825200.0
2001-12-11,41.2501,42.0701,40.2501,40.5001,20305500.0
2001-12-12,40.9001,41.1301,39.4601,40.6301,16151300.0
2001-12-13,39.8001,40.0501,38.3501,38.4101,18495100.0
2001-12-14,38.6801,39.8401,38.3501,39.4801,16548900.0
2001-12-17,39.3401,40.7101,39.2501,40.6501,13876300.0
2001-12-18,40.9801,41.5001,40.6901,41.3301,13509300.0
2001-12-19,40.4101,42.4301,40.3501,42.1401,19993600.0
2001-12-20,41.8501,42.1501,40.9001,41.0001,14591000.0
2001-12-21,41.3801,41.4201,40.5501,41.3001,13328900.0
2001-12-24,41.1801,41.3901,40.9601,41.0801,5660100.0
2001-12-26,41.0001,42.5601,41.0001,41.7101,10054900.0
2001-12-27,41.6501,42.4301,41.6101,42.4101,9335200.0
2001-12-28,42.6401,43.1001,42.2701,42.3501,10316400.0
2001-12-31,42.5001,42.7401,40.5501,40.6501,14030200.0
2002-01-02,41.4601,42.1001,40.1601,41.8801,24255600.0
2002-01-03,42.0001,43.3001,41.8901,43.1901,15388500.0
2002-01-04,43.5201,44.3301,42.9001,43.9701,19943400.0
2002-01-07,44.0501,44.3401,42.9101,43.1401,12793200.0
2002-01-08,43.1501,43.4101,42.3201,42.8701,12646900.0
2002-01-09,43.0301,44.1301,41.6901,41.9201,15686200.0
2002-01-10,42.0501,42.7001,41.6501,42.4301,12786600.0
2002-01-11,42.5601,42.6301,41.0501,41.2901,13644600.0
2002-01-14,41.0001,41.1901,40.3101,40.5701,12160300.0
2002-01-15,40.9001,41.7401,40.2501,41.5001,19749200.0
2002-01-16,40.6501,40.7501,39.0401,39.1701,16759000.0
2002-01-17,40.1101,40.5901,39.7501,40.0201,16608200.0
2002-01-18,39.3501,40.2001,39.0201,39.5001,16105900.0
2002-01-22,40.1001,40.2801,38.3701,38.7201,11615000.0
2002-01-23,38.9801,39.9001,38.3701,39.5801,12372800.0
2002-01-24,39.9901,40.6001,39.6701,39.9301,11984900.0
2002-01-25,39.4701,40.5301,39.3901,39.9001,12728600.0
2002-01-28,40.2501,40.5401,39.2701,40.2101,10310700.0
2002-01-29,40.2001,40.4801,36.4001,36.6301,27613300.0
2002-01-30,36.7401,39.7401,34.7501,38.2201,33848700.0
2002-01-31,38.5001,39.6501,37.9701,39.5301,19380800.0
2002-02-01,39.4401,39.6501,38.5201,39.0001,15774300.0
2002-02-04,38.5801,38.5801,35.8001,36.2001,23978700.0
2002-02-05,35.7501,36.8501,34.8801,35.5201,31041300.0
2002-02-06,36.0001,36.0901,34.4101,35.0501,29298100.0
2002-02-07,35.0701,36.2101,34.3501,34.3701,23220300.0
2002-02-08,34.9801,37.1001,34.6501,36.4401,19203500.0
2002-02-11,36.4001,37.9901,36.1701,37.7901,18458800.0
2002-02-12,37.3101,38.0601,36.3801,37.4401,13712600.0
2002-02-13,37.8301,38.8901,37.7001,38.6201,16554200.0
2002-02-14,38.8601,39.3201,37.9401,38.4101,20288000.0
2002-02-15,38.5001,38.5901,37.0601,37.2401,18280700.0
2002-02-19,36.5001,36.6501,34.9601,35.1101,15651800.0
2002-02-20,35.4001,36.9401,34.1701,36.9401,28751500.0
2002-02-21,36.2801,36.9801,34.3501,34.6501,24936300.0
2002-02-22,34.7001,36.9501,34.2201,35.9901,26331400.0
2002-02-25,36.1001,38.1601,36.0501,37.8001,17272300.0
2002-02-26,37.9501,38.3901,36.9201,37.5701,22136200.0
2002-02-27,38.3101,39.2101,37.0001,38.0001,28101400.0
2002-02-28,38.1801,39.1001,37.3801,37.5001,23455300.0
2002-03-01,38.0701,40.2201,37.8601,40.0901,25821700.0
2002-03-04,40.2501,42.3401,40.0001,42.1001,27075900.0
2002-03-05,41.6801,42.7501,41.3201,41.7301,22636000.0
2002-03-06,41.4501,44.1001,41.4301,43.1001,19658300.0
2002-03-07,43.7101,43.8501,41.9201,42.8501,19119700.0
2002-03-08,43.7301,44.2601,42.8301,43.3401,19808100.0
2002-03-11,43.2401,44.2501,42.7801,43.6401,14786300.0
2002-03-12,42.4601,43.6001,42.2901,43.5201,16977600.0
2002-03-13,42.9801,43.1001,41.9901,42.3901,16931800.0
2002-03-14,42.3901,42.7801,41.9801,42.2301,10705900.0
2002-03-15,42.3201,43.3001,42.2501,43.0001,20856900.0
2002-03-18,43.4501,43.9201,42.4501,43.0201,17469600.0
2002-03-19,43.6501,44.0901,43.1701,43.8001,17555000.0
2002-03-20,42.8501,42.9301,41.5401,41.5901,16942400.0
2002-03-21,41.6501,42.1801,40.4701,41.6401,26300000.0
2002-03-22,41.8501,42.2901,41.0501,41.3901,15111100.0
2002-03-25,41.4401,41.7101,39.6501,39.9601,17357200.0
2002-03-26,39.8701,41.3701,39.8201,40.6201,19898000.0
2002-03-27,40.3801,41.3601,40.1101,40.9201,18863600.0
2002-03-28,41.3201,42.1201,40.8501,40.8701,17198800.0
2002-04-01,40.5801,41.4501,39.8501,40.9201,17626300.0
2002-04-02,40.3301,41.3001,40.1201,40.2901,14606900.0
2002-04-03,40.3601,40.5701,38.5001,39.5401,25391200.0
2002-04-04,38.9501,39.7501,38.5801,39.0201,23129300.0
2002-04-05,39.5401,39.9801,38.5301,39.0401,19244100.0
2002-04-08,37.6701,39.3801,37.5801,39.2801,15590700.0
2002-04-09,39.5401,39.5401,38.2801,38.4901,13767400.0
2002-04-10,38.4501,39.8901,38.4401,39.7601,16881500.0
2002-04-11,39.2401,39.4001,36.8501,36.9401,24717600.0
2002-04-12,37.3801,38.0001,36.3901,37.7701,14881900.0
2002-04-15,37.9701,38.2101,36.5501,36.9201,17208600.0
2002-04-16,38.0501,39.6701,38.0201,39.5501,14450600.0
2002-04-17,39.7401,40.0201,38.9501,39.3101,12641400.0
2002-04-18,39.2501,39.8101,37.5001,38.8201,24552000.0
2002-04-19,39.5501,39.5901,38.9101,39.2301,10076600.0
2002-04-22,38.7301,38.7801,37.1901,37.3501,13741700.0
2002-04-23,37.4401,37.8301,36.5201,36.8701,16746100.0
2002-04-24,36.9101,38.1601,35.6701,35.7601,18434600.0
2002-04-25,35.5601,36.0901,35.0701,35.8201,24820900.0
2002-04-26,36.1401,36.3601,33.6401,33.7401,18658100.0
2002-04-29,34.2801,34.6101,32.9801,33.2101,17470600.0
2002-04-30,33.3701,34.9901,32.9901,34.2101,19217400.0
2002-05-01,34.3201,36.2801,33.1501,35.5301,24157800.0
2002-05-02,35.4501,36.2601,34.1301,35.1101,15514900.0
2002-05-03,34.9501,35.1101,33.5501,33.9301,17867500.0
2002-05-06,34.0001,34.3501,31.6601,31.8201,21821900.0
2002-05-07,32.4601,32.6701,31.2301,31.4501,21361700.0
2002-05-08,33.4001,35.7101,33.1401,35.3601,27323600.0
2002-05-09,35.0001,35.4501,33.9301,34.1001,17268100.0
2002-05-10,34.3201,34.4001,31.8701,32.1301,18203000.0
2002-05-13,32.5701,34.3001,32.1501,34.2201,14517400.0
2002-05-14,35.9701,36.7201,35.3501,36.5701,33794000.0
2002-05-15,35.8501,37.2601,35.6401,36.1401,29281300.0
2002-05-16,36.0501,36.8301,35.6801,36.7101,19399400.0
2002-05-17,37.0101,37.6001,36.4501,37.2501,27338100.0
2002-05-20,36.9901,37.0401,35.8401,36.0501,13688600.0
2002-05-21,36.4601,36.8401,34.6701,35.0501,16655000.0
2002-05-22,34.5701,35.4701,34.3501,35.2901,15670700.0
2002-05-23,35.6101,36.7101,34.8301,36.4501,13442200.0
2002-05-24,36.3301,36.5601,34.9601,35.0401,11659000.0
2002-05-28,35.4001,35.4801,33.8001,34.4501,23975400.0
2002-05-29,33.9801,34.3701,33.4801,33.6501,14608100.0
2002-05-30,32.9001,33.8601,32.2501,33.3501,18000900.0
2002-05-31,33.7501,34.9101,33.1901,33.2701,18643800.0
2002-06-03,33.4401,33.9501,30.4801,30.7201,25221400.0
2002-06-04,30.5001,31.5501,29.6301,30.9801,25639300.0
2002-06-05,31.3001,32.0201,30.7001,31.9601,19599600.0
2002-06-06,31.8901,31.9501,29.5001,29.8101,21011100.0
2002-06-07,28.1401,30.2701,28.0701,29.6901,23357500.0
2002-06-10,29.5901,30.8101,29.3701,30.0901,18686000.0
2002-06-11,30.4801,30.8901,28.0801,28.3101,18854500.0
2002-06-12,28.0601,29.1601,27.1301,28.9301,29429700.0
2002-06-13,28.4801,29.3501,27.4801,27.9001,20830200.0
2002-06-14,26.6601,27.9101,24.8501,27.7501,37870100.0
2002-06-17,28.2701,30.6901,28.2001,30.4701,17430500.0
2002-06-18,30.0901,31.8301,29.9801,31.3201,16816100.0
2002-06-19,29.8501,30.7801,28.5901,28.8701,20852100.0
2002-06-20,28.6101,29.4001,27.3101,27.5601,24549300.0
2002-06-21,26.8201,27.2801,25.0401,25.6301,28779500.0
2002-06-24,24.9601,27.0401,23.6001,26.1501,36192100.0
2002-06-25,26.6501,27.2401,23.8901,23.9101,31547900.0
2002-06-26,21.5501,24.5001,21.5501,24.0701,37134500.0
2002-06-27,24.8501,25.8401,22.9201,25.7801,31362900.0
2002-06-28,25.5901,26.8501,25.2301,25.3101,23468100.0
2002-07-01,25.5401,26.1501,23.2401,23.3801,19806500.0
2002-07-02,23.2201,23.5501,21.1201,21.3201,33731800.0
2002-07-03,20.9701,22.1901,20.0801,21.8601,30287600.0
2002-07-05,23.1301,25.9001,23.0201,25.6601,18463100.0
2002-07-08,25.3301,26.0501,23.9101,24.4201,18910200.0
2002-07-09,24.0801,24.6901,21.3601,21.9501,27757200.0
2002-07-10,22.3501,22.4201,18.3901,18.4701,47057400.0
2002-07-11,18.1101,19.7001,16.6701,19.2201,57747700.0
2002-07-12,19.6801,20.2401,17.8701,18.2001,37462200.0
2002-07-15,17.9901,18.7501,14.2401,18.6901,74872100.0
2002-07-16,17.4801,18.7301,16.2201,16.9101,51120400.0
2002-07-17,18.8101,19.6501,16.1001,17.0901,46548500.0
2002-07-18,17.0501,17.4501,14.1001,14.1501,30623400.0
2002-07-19,13.1201,13.9001,10.6501,11.0601,68132200.0
2002-07-22,10.4601,12.2601,7.8001,8.5501,74609100.0
2002-07-23,8.9001,9.5901,5.2001,6.3001,65806500.0
2002-07-24,4.4901,11.4701,4.0301,11.0701,671400.0
2002-07-25,10.6301,12.2001,7.9501,10.3501,86408100.0
2002-07-26,11.0001,12.2901,9.4501,11.9501,40563700.0
2002-07-29,13.8601,16.6901,13.6501,16.1201,50784500.0
2002-07-30,15.6701,17.7501,15.0701,17.2901,46596700.0
2002-07-31,16.8501,17.9001,15.6001,17.6001,41008300.0
2002-08-01,17.2301,17.6001,14.5401,15.1301,60829300.0
2002-08-02,14.8501,15.2701,11.9701,13.1401,50508400.0
2002-08-05,12.8501,13.2801,9.9001,10.1201,44176500.0
2002-08-06,11.5801,14.2501,11.4001,12.9401,59717600.0
2002-08-07,14.2301,14.8501,12.1201,14.4501,40993300.0
2002-08-08,14.7701,17.4501,6.8901,17.3101,46485600.0
2002-08-09,16.4501,18.2901,15.7001,17.6401,41142100.0
2002-08-12,16.3501,17.6201,15.9001,16.9701,25500500.0
2002-08-13,16.5001,18.0101,15.0001,15.2801,47904700.0
2002-08-14,15.3701,18.9801,14.3701,18.5701,54206200.0
2002-08-15,19.2001,20.3401,18.5501,19.8501,44218200.0
2002-08-16,19.3701,20.4301,18.3501,19.5701,35406800.0
2002-08-19,19.9501,22.1001,19.4501,21.7501,33059200.0
2002-08-20,21.2501,22.1501,19.9701,20.7401,29864700.0
2002-08-21,21.5601,22.1301,19.9201,22.1001,39125400.0
2002-08-22,21.9501,23.5001,21.4201,23.0301,36626800.0
2002-08-23,22.5001,22.5001,20.5001,20.9501,33252000.0
2002-08-26,21.5701,21.9901,19.8501,21.6101,32220500.0
2002-08-27,21.0501,22.6001,19.8501,20.5101,34849100.0
2002-08-28,19.8601,19.8801,18.1501,18.4501,38730800.0
2002-08-29,18.2401,19.4101,17.1601,18.4901,42412000.0
2002-08-30,18.1901,19.7401,17.7501,18.1301,29577600.0
2002-09-03,16.7801,17.3501,14.5001,14.6301,48260900.0
2002-09-04,14.9001,16.6001,14.4101,15.8901,49826800.0
2002-09-05,14.4501,15.7801,13.8501,15.1301,49869900.0
2002-09-06,15.2501,16.9201,15.2501,16.3501,36613900.0
2002-09-09,15.9001,17.7001,15.1501,17.0101,33262300.0
2002-09-10,17.3501,18.1301,16.9101,18.0501,37242700.0
2002-09-11,18.8201,19.6801,17.4001,17.4801,25055900.0
2002-09-12,17.2001,17.2001,15.3401,15.8001,42844400.0
2002-09-13,14.6001,16.2501,14.6001,16.0201,40666500.0
2002-09-16,16.1001,16.2401,14.8201,16.2401,26515200.0
2002-09-17,17.5401,17.8401,14.1001,14.1801,45053100.0
2002-09-18,13.4001,14.8501,12.6301,13.3001,50259000.0
2002-09-19,12.3501,13.1501,11.0501,11.0501,46085500.0
2002-09-20,11.6101,11.7001,10.4001,10.7001,45226500.0
2002-09-23,10.0001,10.4201,9.0401,10.0101,46080400.0
2002-09-24,8.5201,10.0001,8.2001,8.6601,68398400.0
2002-09-25,9.8401,11.1201,8.3901,10.7001,58139200.0
2002-09-26,10.9901,12.4001,10.8001,12.0801,51352300.0
2002-09-27,11.4501,11.9801,8.9601,9.1001,60769700.0
2002-09-30,8.3501,9.1501,6.3601,8.1401,70102100.0
2002-10-01,8.7301,12.1301,7.8201,12.0701,62816900.0
2002-10-02,11.5301,11.8801,8.9501,9.7601,55040000.0
2002-10-03,9.2401,10.9501,8.3001,8.6601,54737600.0
2002-10-04,8.6401,9.5101,5.9301,7.1501,66783200.0
2002-10-07,6.4401,7.5501,4.9001,5.4801,51548100.0
2002-10-08,5.9901,7.6601,4.5501,6.7201,78445000.0
2002-10-09,5.9601,6.0501,4.1301,4.4501,75212500.0
2002-10-10,4.7001,7.4201,3.4201,6.9801,72720000.0
2002-10-11,7.7701,11.0801,7.7001,10.5101,78561000.0
2002-10-14,9.6501,11.2001,9.3901,10.9801,40123500.0
2002-10-15,12.6801,15.0701,12.6801,15.0501,74875100.0
2002-10-16,14.0201,14.1501,12.2701,12.9001,59153100.0
2002-10-17,14.9401,16.1001,14.2001,14.6201,62039400.0
2002-10-18,13.8601,15.4601,13.2801,14.9901,46028800.0
2002-10-21,14.5301,16.8501,13.9201,16.5201,44462500.0
2002-10-22,15.6501,16.3601,14.8701,15.8701,39967800.0
2002-10-23,15.1201,16.6501,14.0301,16.5501,53631000.0
2002-10-24,16.3001,17.2501,14.4501,14.7101,54221700.0
2002-10-25,14.9101,16.7401,14.2901,16.5501,41260300.0
2002-10-28,17.4601,17.6401,15.2001,15.9601,38854200.0
2002-10-29,15.6101,15.8401,13.3501,14.9201,58258200.0
2002-10-30,15.0101,16.3101,14.5801,15.7801,40459500.0
2002-10-31,15.6501,16.6501,14.5401,14.8701,40160100.0
2002-11-01,14.7001,17.1701,14.4001,16.6201,50101700.0
2002-11-04,17.8901,19.2901,17.2501,17.4801,45632000.0
2002-11-05,17.2601,18.4201,17.1901,18.2001,34776400.0
2002-11-06,19.0701,19.4201,17.1401,19.3901,62885900.0
2002-11-07,18.6401,18.6401,16.5701,17.1101,49971400.0
2002-11-08,17.3701,17.9201,15.8701,16.0001,37212700.0
2002-11-11,15.8701,15.9101,14.1501,14.6101,32810700.0
2002-11-12,15.0901,16.2601,14.7201,15.3101,37296200.0
2002-11-13,14.8101,16.1001,13.8001,15.4001,62791100.0
2002-11-14,15.7501,17.3801,15.5101,17.0801,30567200.0
2002-11-15,17.1901,17.9001,16.3001,17.7501,37745200.0
2002-11-18,18.4501,18.5001,16.7001,16.8301,27957900.0
2002-11-19,16.6501,17.4501,16.1101,16.7101,31926600.0
2002-11-20,16.4601,19.0001,16.3001,18.7201,35617000.0
2002-11-21,18.9201,20.5401,18.5601,20.4401,51462700.0
2002-11-22,20.1401,20.6201,19.5101,19.7701,31013300.0
2002-11-25,20.1501,20.6101,19.1201,19.8301,33223000.0
2002-11-26,19.7501,20.0601,17.9701,18.0501,41611100.0
2002-11-27,18.5901,21.0001,18.5501,20.6301,35431300.0
2002-11-29,20.8701,21.1501,20.0601,20.3001,17282300.0
2002-12-02,21.5801,22.4001,19.5701,20.4801,46235800.0
2002-12-03,20.3401,20.3401,18.7001,19.2201,33319300.0
2002-12-04,18.5901,19.4901,17.7801,18.8001,61741000.0
2002-12-05,19.2701,19.5401,17.4501,17.7801,35707800.0
2002-12-06,17.2201,18.5201,16.1601,18.3801,48888600.0
2002-12-09,17.5501,17.8101,15.8301,15.8501,34539700.0
2002-12-10,16.5501,17.4501,16.1101,17.0501,32732300.0
2002-12-11,16.8701,17.9701,16.5101,17.1301,38399500.0
2002-12-12,16.7401,17.8401,16.5501,17.1201,33631900.0
2002-12-13,16.3501,16.8301,15.6201,15.6901,35288800.0
2002-12-16,16.2601,18.1501,16.0101,18.0001,35778000.0
2002-12-17,17.7501,18.0901,17.0501,17.2001,31520500.0
2002-12-18,16.8701,16.8901,15.6801,16.1501,34970600.0
2002-12-19,15.8001,17.0501,14.9501,15.5101,38203600.0
2002-12-20,15.7501,16.3701,15.4501,16.3401,29029300.0
2002-12-23,15.8801,16.8201,15.6601,16.3701,21734800.0
2002-12-24,16.5501,16.6001,15.6001,15.7101,10497700.0
2002-12-26,15.8501,16.9601,15.1901,15.7401,17231700.0
2002-12-27,15.4201,15.6401,13.7301,13.7301,21824000.0
2002-12-30,14.1501,14.8201,13.5701,14.4601,29310400.0
2002-12-31,14.5501,14.7801,13.4601,14.5801,32093300.0
2003-01-02,15.2301,17.6501,14.8901,17.4201,43290000.0
2003-01-03,17.4801,17.7401,16.8501,17.7001,31128900.0
2003-01-06,17.3501,19.8401,17.3501,19.3101,39329700.0
2003-01-07,19.1901,19.7201,18.5501,19.0801,37927100.0
2003-01-08,18.7001,18.7501,17.4001,17.7401,37982700.0
2003-01-09,17.8801,19.5301,17.7601,19.1601,33805400.0
2003-01-10,19.5501,19.9901,18.1501,19.4101,36391000.0
2003-01-13,20.3101,20.3101,18.7901,19.3801,31029700.0
2003-01-14,19.5901,19.8401,18.7601,19.6801,29547200.0
2003-01-15,19.6501,19.9201,18.2601,18.7501,33015700.0
2003-01-16,18.6901,19.2801,17.8101,18.3701,40511800.0
2003-01-17,17.5901,17.8601,16.5001,17.0101,34551800.0
2003-01-21,16.8301,17.2701,15.0801,15.6001,36077300.0
2003-01-22,15.0501,16.1501,14.3601,14.5201,41382600.0
2003-01-23,15.0501,15.7301,14.3001,15.0901,43117900.0
2003-01-24,15.0001,15.0901,12.5201,12.7301,66358800.0
2003-01-27,11.6901,13.1501,10.8501,11.5501,56504700.0
2003-01-28,11.5201,12.7501,11.3501,12.1801,45697000.0
2003-01-29,11.4001,14.0501,11.1201,12.8301,52377100.0
2003-01-30,13.0501,13.4501,10.7301,10.7801,47715100.0
2003-01-31,11.2601,12.5701,10.4901,12.4101,51848900.0
2003-02-03,13.0001,13.1701,12.2701,12.5801,38407900.0
2003-02-04,12.0201,15.4401,10.6501,11.7301,41270800.0
2003-02-05,11.5401,12.8901,10.8401,11.2001,52560600.0
2003-02-06,11.0901,11.2401,10.0001,10.8001,52768800.0
2003-02-07,11.0001,11.7201,9.3201,9.7701,40921700.0
2003-02-10,10.1101,10.5001,9.0001,10.3601,44279600.0
2003-02-11,10.7201,11.2301,9.1801,9.7801,45800800.0
2003-02-12,9.5201,9.9701,8.3101,8.4501,34644800.0
2003-02-13,8.9001,9.0501,7.3501,8.7001,46222800.0
2003-02-14,8.7501,10.5501,8.1801,10.5001,57171300.0
2003-02-18,10.8501,12.1501,10.5501,11.9801,37179900.0
2003-02-19,11.9101,11.9101,10.6301,11.5301,30556200.0
2003-02-20,11.8601,12.0101,10.4001,10.6801,28269400.0
2003-02-21,10.6301,12.0901,9.8101,11.5601,60055600.0
2003-02-24,11.4801,11.4801,9.9401,10.1501,29765800.0
2003-02-25,9.5201,10.8501,8.5701,10.8201,55158400.0
2003-02-26,10.2801,10.8801,9.4301,9.5901,36856400.0
2003-02-27,9.6401,11.8501,9.5101,10.6901,48945600.0
2003-02-28,10.7201,11.5801,10.5101,11.2501,42734500.0
2003-03-03,11.6701,12.1301,10.0701,10.4401,41596300.0
2003-03-04,9.9401,10.3601,9.0001,9.1001,30403900.0
2003-03-05,9.0901,9.8901,8.7101,9.8001,41688700.0
2003-03-06,9.6001,9.8701,8.6501,9.1001,40035700.0
2003-03-07,8.4801,10.3401,7.7801,9.6701,62532100.0
2003-03-10,9.3401,9.3901,7.4501,7.6701,39420800.0
2003-03-11,7.9501,8.3501,6.8201,6.8701,46968000.0
2003-03-12,6.9501,7.5001,5.7301,7.4101,60986300.0
2003-03-13,7.8501,10.3001,7.7001,10.2101,69382900.0
2003-03-14,11.0001,11.1201,9.7001,10.4801,62514400.0
2003-03-17,10.0001,13.3001,9.5701,13.1301,82759200.0
2003-03-18,14.1501,14.1901,12.4501,13.6401,49588800.0
2003-03-19,14.1501,14.5101,13.0301,14.3101,47412100.0
2003-03-20,14.2201,14.9401,12.7001,14.5001,65842700.0
2003-03-21,15.0501,16.2301,14.1401,16.0201,68014900.0
2003-03-24,14.7401,14.7401,12.7001,13.0401,63495300.0
2003-03-25,13.1001,14.5901,12.7901,13.8701,59953400.0
2003-03-26,13.9101,14.2001,13.1501,13.4301,44740700.0
2003-03-27,12.7901,14.0101,12.3401,13.5001,51789000.0
2003-03-28,13.1301,13.6301,12.6001,13.0601,31433300.0
2003-03-31,11.6101,13.0601,10.7501,11.0901,57472300.0
2003-04-01,11.7901,12.7401,11.2601,12.3901,51876000.0
2003-04-02,13.6101,15.1201,13.5401,14.4001,48089300.0
2003-04-03,15.4501,15.5501,13.9601,14.0501,47633300.0
2003-04-04,14.6501,15.1201,13.9701,14.6001,35073400.0
2003-04-07,16.8801,17.2001,14.3201,14.4001,67042800.0
2003-04-08,15.1901,15.1901,14.0601,14.5401,38616400.0
2003-04-09,14.2201,15.4501,13.1201,13.3801,54722800.0
2003-04-10,13.4301,14.0001,12.0601,13.8601,38398100.0
2003-04-11,14.1101,15.0501,13.2101,13.5001,46243400.0
2003-04-14,14.1101,15.3601,13.3501,15.3001,34999900.0
2003-04-15,15.7001,16.1401,14.7701,16.1301,42346100.0
2003-04-16,16.5701,16.6701,14.3801,14.6001,50644700.0
2003-04-17,14.9601,16.0701,14.5401,15.9101,36065800.0
2003-04-21,16.0201,16.5101,15.4101,16.0001,31402900.0
2003-04-22,15.6901,17.9101,15.2401,17.6901,57590400.0
2003-04-23,18.1101,18.7001,17.5901,18.5301,43168900.0
2003-04-24,17.9101,18.4301,17.3101,17.7101,48910100.0
2003-04-25,17.9001,17.9001,16.3701,16.5801,43034300.0
2003-04-28,16.8401,18.5401,16.6501,18.1401,45239900.0
2003-04-29,18.4501,19.1501,17.7501,18.3801,49698100.0
2003-04-30,18.3201,18.9201,17.7601,18.2601,43373200.0
2003-05-01,18.1501,19.0801,16.8501,18.2501,49124700.0
2003-05-02,18.2901,19.8201,17.8401,19.5601,47561800.0
2003-05-05,19.9201,20.1301,18.8501,19.3801,34890700.0
2003-05-06,19.6701,20.7301,19.3501,20.2601,43663800.0
2003-05-07,20.3201,20.4901,19.3201,19.7401,40151500.0
2003-05-08,19.1501,19.6901,18.6301,18.8001,39744800.0
2003-05-09,19.1901,20.1501,18.9601,20.0801,32941600.0
2003-05-12,19.8701,21.4701,19.6301,21.2301,34728500.0
2003-05-13,20.7901,21.5401,20.6101,21.0601,37554000.0
2003-05-14,21.3301,21.5901,19.5601,20.8601,31589000.0
2003-05-15,20.8101,21.6801,20.6001,21.4601,42803900.0
2003-05-16,21.3501,21.8001,20.1501,21.2201,36182700.0
2003-05-19,20.5801,21.2401,18.4301,19.0001,42054900.0
2003-05-20,19.2801,19.3801,17.9501,18.8101,54405700.0
2003-05-21,18.2501,19.2301,18.2301,19.0001,47431200.0
2003-05-22,19.2501,20.4001,18.5801,19.9201,37924900.0
2003-05-23,19.7901,20.3301,19.4901,20.1101,25701100.0
2003-05-27,19.7001,22.1901,19.5301,21.7501,41988600.0
2003-05-28,22.3301,22.8201,21.7801,22.0201,36672900.0
2003-05-29,22.2101,23.1701,21.4301,21.7701,49921800.0
2003-05-30,22.0101,23.4401,21.9101,23.3001,48286400.0
2003-06-02,23.7001,24.8001,23.3801,23.7001,47627800.0
2003-06-03,23.4201,24.1901,23.2001,24.1001,36973200.0
2003-06-04,24.1401,25.7001,21.0701,25.5101,45041600.0
2003-06-05,25.4301,26.0001,24.4901,26.0001,44364100.0
2003-06-06,26.4601,27.7501,25.5001,25.6101,57260400.0
2003-06-09,25.7401,25.7401,24.1201,24.6001,36641900.0
2003-06-10,25.0001,25.6101,24.5401,25.6001,28345900.0
2003-06-11,25.3501,26.7401,25.0601,26.6501,36919100.0
2003-06-12,27.3001,27.3501,25.9701,26.9601,35871600.0
2003-06-13,26.8501,27.1201,25.3001,25.9101,43482300.0
2003-06-16,25.7901,28.0501,25.7901,28.0101,35287600.0
2003-06-17,28.2101,28.6001,27.5801,28.0101,35599500.0
2003-06-18,28.0401,28.4901,27.3501,27.9201,34198000.0
2003-06-19,28.0201,28.3201,26.1901,26.3701,40803700.0
2003-06-20,26.3501,26.8501,25.7701,25.7901,38094200.0
2003-06-23,25.8001,25.9901,24.2701,24.7701,33797300.0
2003-06-24,24.7301,25.4401,24.3701,24.8701,35349600.0
2003-06-25,24.9601,25.7901,23.8801,23.8801,44331500.0
2003-06-26,24.2001,25.3301,23.3101,25.1501,32596200.0
2003-06-27,25.2101,25.5401,23.9301,24.0101,52912200.0
2003-06-30,24.6401,25.0201,23.8201,23.9801,31819200.0
2003-07-01,23.9101,25.0101,22.7801,24.8801,49663100.0
2003-07-02,25.2301,26.1401,24.9201,26.1201,33700500.0
2003-07-03,25.6501,26.1501,24.2501,24.9701,29754100.0
2003-07-07,26.0001,27.2501,25.7001,27.0501,30225500.0
2003-07-08,26.9501,27.6401,26.5201,27.5001,30409200.0
2003-07-09,27.1201,27.7501,26.3801,26.9301,34785700.0
2003-07-10,26.4101,26.4501,24.3901,25.6501,48820000.0
2003-07-11,25.5501,26.8001,25.5001,26.5901,35476100.0
2003-07-14,27.5501,28.2501,25.9601,27.0801,41341300.0
2003-07-15,27.4601,27.9001,26.3001,26.8601,39513900.0
2003-07-16,27.4301,27.4501,25.5801,26.2701,37315500.0
2003-07-17,25.3501,26.3301,24.5101,24.8501,47246500.0
2003-07-18,25.1901,26.1501,24.8101,25.8601,34602900.0
2003-07-21,25.8101,25.8401,24.2001,24.6301,34285700.0
2003-07-22,25.0901,25.7601,24.2601,25.5201,48530400.0
2003-07-23,25.7001,25.8201,24.6301,25.5901,36474400.0
2003-07-24,25.7501,26.6901,24.7201,24.8401,39123200.0
2003-07-25,25.0801,26.6801,24.3901,26.5801,40449600.0
2003-07-28,26.7001,27.3301,26.0201,26.2101,33738900.0
2003-07-29,26.5501,26.6301,25.0301,25.7501,52226100.0
2003-07-30,25.9301,26.1501,25.2801,25.5101,27294400.0
2003-07-31,25.5101,27.2901,25.3501,25.7401,51954800.0
2003-08-01,25.9001,25.9701,24.5901,24.8601,48064300.0
2003-08-04,25.0301,25.3501,23.3501,24.8601,53612700.0
2003-08-05,24.8301,25.1101,22.6901,22.7701,57781200.0
2003-08-06,23.1001,24.4101,22.7701,23.3301,48591200.0
2003-08-07,23.2201,24.4201,23.1101,24.3501,41531400.0
2003-08-08,24.4801,24.9001,24.1101,24.6301,26660100.0
2003-08-11,24.7601,25.3901,24.1901,25.0001,34120900.0
2003-08-12,25.2501,26.0001,24.7701,25.9001,42219500.0
2003-08-13,25.9101,26.2301,24.8801,25.3901,34684900.0
2003-08-14,25.6501,26.1001,24.8601,25.7701,29878500.0
2003-08-15,25.8301,26.1401,25.4701,25.9701,12266400.0
2003-08-18,26.1401,26.9501,26.0901,26.8301,21922200.0
2003-08-19,26.9601,27.2901,26.3501,27.2101,36236800.0
2003-08-20,26.8501,27.2401,26.5101,26.8001,20549000.0
2003-08-21,27.3601,27.8701,26.5501,27.1201,45591500.0
2003-08-22,27.1101,28.1701,26.0801,26.1201,50627000.0
2003-08-25,25.8501,26.3501,25.6301,26.2801,22971500.0
2003-08-26,25.9701,26.7401,25.1801,26.4601,44059800.0
2003-08-27,26.5201,26.7101,26.1701,26.4901,18401100.0
2003-08-28,26.6001,27.3501,26.0101,27.1101,26362900.0
2003-08-29,27.0001,27.8401,26.8301,27.7901,25175300.0
2003-09-02,28.1101,29.2301,27.4001,29.1501,47851100.0
2003-09-03,29.4701,29.9101,29.1301,29.7101,41284700.0
2003-09-04,29.4101,29.9001,29.1101,29.7601,27134100.0
2003-09-05,29.6301,29.9001,28.7501,29.1801,29929500.0
2003-09-08,29.1901,30.2301,29.1601,30.0301,31198600.0
2003-09-09,30.0001,30.2801,29.0301,29.3501,34146300.0
2003-09-10,29.2101,29.6201,27.9001,28.3101,44498600.0
2003-09-11,28.3101,29.1101,28.0501,28.6101,36558300.0
2003-09-12,28.6501,28.9901,26.8101,28.8001,40992600.0
2003-09-15,28.9801,28.9801,28.3001,28.4401,20650400.0
2003-09-16,28.6001,29.9901,28.5201,29.9301,36939600.0
2003-09-17,29.9101,30.1301,28.9301,29.7301,30998600.0
2003-09-18,29.6301,31.0501,29.5201,30.9501,29643800.0
2003-09-19,30.4101,30.9501,29.7501,30.0201,29136300.0
2003-09-22,29.0901,29.3301,26.6401,28.9001,35925500.0
2003-09-23,29.1301,29.6401,28.7101,29.2901,31540600.0
2003-09-24,29.4801,29.5701,27.4201,27.4601,40728900.0
2003-09-25,27.6801,28.2301,26.5401,26.6301,48997000.0
2003-09-26,26.3901,27.0101,26.2001,26.3001,40357500.0
2003-09-29,26.6301,27.3401,26.1401,27.2801,36134100.0
2003-09-30,26.9501,27.2901,25.6001,26.3001,67550100.0
2003-10-01,26.6701,28.9201,26.5501,28.4301,63899400.0
2003-10-02,28.5201,28.9101,27.9801,28.8301,43324200.0
2003-10-03,28.9501,30.6301,26.6201,29.7401,45673000.0
2003-10-06,29.8801,30.3401,29.5501,30.2101,19958900.0
2003-10-07,29.8001,30.6601,29.2601,30.6101,40356000.0
2003-10-08,30.5601,30.7801,29.7601,30.3501,29614700.0
2003-10-09,30.4401,31.5701,30.1801,30.6301,38938500.0
2003-10-10,30.8101,31.0501,30.2601,30.9201,21629900.0
2003-10-13,31.2801,31.6401,28.0501,31.2501,23240600.0
2003-10-14,31.4201,32.4201,30.7101,31.6101,36735600.0
2003-10-15,32.0501,32.4001,30.9901,31.3401,37647500.0
2003-10-16,31.3301,32.0801,31.0001,31.7601,31979400.0
2003-10-17,31.6301,31.9801,30.3301,30.6101,32110400.0
2003-10-20,30.8101,31.7301,30.2901,31.3901,26001900.0
2003-10-21,31.4301,31.6301,30.9501,31.2101,25823600.0
2003-10-22,30.6201,30.6301,29.5401,29.8901,32333600.0
2003-10-23,29.1501,30.3001,28.9801,29.7001,43665500.0
2003-10-24,29.3801,29.9301,28.5301,29.9301,50392700.0
2003-10-27,30.2301,30.5301,29.6201,29.9801,31438700.0
2003-10-28,30.2601,31.5001,30.1701,31.3901,33496400.0
2003-10-29,31.1401,31.7801,30.2201,31.5301,30351500.0
2003-10-30,31.6301,32.3201,31.1501,31.7501,37355700.0
2003-10-31,31.6501,32.0901,31.5701,31.6501,24592200.0
2003-11-03,32.2601,32.9601,31.7401,32.3401,36541100.0
2003-11-04,32.3701,32.6201,30.1901,32.1801,30752100.0
2003-11-05,31.8601,32.3501,31.2501,32.3001,31920800.0
2003-11-06,32.0101,32.7901,31.4501,32.7501,27493200.0
2003-11-07,33.1501,33.3501,31.9201,32.0101,29892900.0
2003-11-10,32.1001,32.1901,31.3601,31.5301,24725500.0
2003-11-11,31.3201,31.6801,31.1501,31.5001,25962300.0
2003-11-12,31.6201,32.8201,31.5101,32.6801,26914500.0
2003-11-13,32.6201,32.8701,32.1301,32.7101,26975300.0
2003-11-14,32.7301,33.3001,31.6401,31.8101,47268600.0
2003-11-17,31.2501,31.4901,30.3901,31.2801,42898500.0
2003-11-18,31.4401,31.8001,30.0501,30.1701,37229600.0
2003-11-19,30.4001,31.8801,30.2701,31.0701,28026300.0
2003-11-20,30.5601,31.5901,30.0701,30.1301,49535000.0
2003-11-21,30.4201,30.6801,29.9701,30.6001,29032900.0
2003-11-24,31.1101,32.1301,31.0001,31.9401,27095600.0
2003-11-25,32.1801,32.7701,31.8001,32.3401,37021800.0
2003-11-26,32.7401,32.8501,31.7401,32.7201,31637500.0
2003-11-28,32.4801,33.0101,32.4001,32.8501,10008700.0
2003-12-01,33.2501,34.0301,26.7001,33.9401,35125700.0
2003-12-02,33.7801,34.1201,33.4201,33.7301,33740600.0
2003-12-03,33.9001,34.4301,33.4301,33.5301,38332400.0
2003-12-04,33.7601,34.0501,33.2901,33.9501,35021300.0
2003-12-05,33.7201,33.8701,32.9701,33.1701,28317200.0
2003-12-08,33.0001,33.9901,32.9001,33.9201,30205800.0
2003-12-09,34.2301,34.2801,32.8901,33.0901,41396900.0
2003-12-10,32.9701,33.3301,27.0501,33.0801,32826000.0
2003-12-11,33.1701,34.4501,32.9901,34.3101,42937100.0
2003-12-12,34.3701,34.5501,33.0001,34.4901,33270000.0
2003-12-15,35.5801,35.7401,33.8301,33.9501,37344000.0
2003-12-16,33.8201,34.8501,33.8201,34.5101,32265500.0
2003-12-17,34.4401,34.8701,34.1501,34.8501,22543600.0
2003-12-18,34.8801,36.0801,34.7401,36.0701,27960500.0
2003-12-19,35.5301,36.3201,34.9301,35.2801,39822600.0
2003-12-22,35.0201,36.0301,35.0201,36.0101,27048500.0
2003-12-23,35.9101,36.3001,34.8501,36.0801,24067900.0
2003-12-24,35.9001,36.2301,35.7301,35.9701,7581600.0
2003-12-26,36.1101,36.4301,35.9801,36.0501,7533800.0
2003-12-29,36.4601,37.6201,36.3901,37.5101,21141900.0
2003-12-30,37.4401,37.6201,37.2301,37.5301,18233700.0
2003-12-31,37.5801,37.8701,37.1901,37.6301,29625800.0
2004-01-02,38.2001,38.5401,36.3901,37.5801,34487200.0
2004-01-05,37.9601,38.8701,37.9401,38.7901,27160100.0
2004-01-06,38.6001,39.0801,38.3501,38.9001,19282500.0
2004-01-07,38.7801,39.4101,38.2401,39.2801,28340200.0
2004-01-08,39.2501,39.8301,39.1201,39.7301,34295500.0
2004-01-09,39.7001,39.8501,38.6201,38.7401,41431900.0
2004-01-12,38.9701,39.6001,38.7101,39.5601,30645300.0
2004-01-13,39.6001,39.6401,37.4801,38.9101,45233800.0
2004-01-14,39.0001,40.0101,38.9801,39.8801,26288700.0
2004-01-15,39.6601,40.4101,38.9301,40.1301,37856400.0
2004-01-16,40.3201,40.6601,39.9801,40.5801,30318600.0
2004-01-20,40.8501,41.0001,40.1701,40.5501,28160500.0
2004-01-21,40.5601,41.6501,40.0701,41.4001,29968400.0
2004-01-22,41.3001,41.7301,40.9301,41.1901,28891700.0
2004-01-23,41.1001,41.7201,40.3001,40.7801,30377500.0
2004-01-26,40.6601,42.2801,40.6201,42.2201,29745400.0
2004-01-27,42.1001,42.8501,41.0001,41.0301,33925700.0
2004-01-28,41.3601,41.6301,39.2901,39.6801,50023200.0
2004-01-29,39.9601,40.2001,38.9101,39.8301,57804100.0
2004-01-30,40.0301,40.0701,39.4401,39.8301,29233700.0
2004-02-02,40.0201,41.0301,39.4701,40.2501,38009800.0
2004-02-03,40.1401,40.4901,39.7901,40.1301,23533000.0
2004-02-04,39.5601,40.2901,39.1401,39.1901,37786400.0
2004-02-05,39.5701,39.8901,39.1301,39.5301,34441500.0
2004-02-06,39.7101,41.0501,39.2801,40.8001,34543100.0
2004-02-09,41.0701,41.2201,40.6401,40.8801,24260100.0
2004-02-10,40.7501,41.4901,40.6101,41.2001,26953300.0
2004-02-11,41.3501,42.7401,40.5201,42.4201,42033700.0
2004-02-12,42.5701,42.6201,41.9301,42.0001,26680400.0
2004-02-13,42.2101,42.5501,31.4001,41.4801,43315500.0
2004-02-17,42.0201,42.7801,42.0101,42.5201,23296700.0
2004-02-18,42.6501,42.9501,41.7001,42.0201,27712800.0
2004-02-19,42.5101,42.7401,41.4101,41.5801,47619100.0
2004-02-20,41.6601,41.8501,40.6701,41.2401,45024000.0
2004-02-23,41.5301,41.6401,40.5201,40.9401,35860000.0
2004-02-24,40.7001,41.3401,39.3801,40.7401,43276100.0
2004-02-25,40.8801,41.4101,40.6701,41.2601,29562900.0
2004-02-26,41.2501,41.6401,40.6901,41.2901,28809700.0
2004-02-27,41.5501,42.0901,40.9801,41.4401,37583200.0
2004-03-01,41.7501,42.6901,41.6001,42.4701,31976900.0
2004-03-02,42.4101,43.3201,41.5801,41.8301,37997400.0
2004-03-03,41.6201,42.2201,41.2701,41.9901,30418200.0
2004-03-04,42.0701,42.4501,41.8701,42.3401,20290100.0
2004-03-05,42.3601,43.3001,41.6101,42.7301,54928500.0
2004-03-08,42.7501,42.9701,41.2401,41.3101,37304200.0
2004-03-09,41.3401,42.2301,40.5901,40.8501,38958500.0
2004-03-10,41.0001,41.1201,38.9101,38.9301,65830800.0
2004-03-11,38.4601,39.6201,37.3801,37.4701,83308100.0
2004-03-12,37.9401,39.0601,37.8701,38.9301,52697800.0
2004-03-15,38.5701,38.7301,37.2501,37.5501,56805300.0
2004-03-16,37.9701,38.4101,37.1901,38.1401,56386600.0
2004-03-17,38.4501,39.6101,38.4501,39.3901,39084900.0
2004-03-18,39.0601,39.6001,38.2801,39.4201,58455900.0
2004-03-19,39.1501,39.1501,37.0501,37.4401,43126900.0
2004-03-22,36.5101,36.9201,35.4501,36.0001,60096500.0
2004-03-23,36.5501,36.7501,35.7101,35.8101,52565500.0
2004-03-24,35.8801,36.4901,35.2001,35.8801,50544500.0
2004-03-25,36.4601,37.6501,36.1401,37.4001,48507000.0
2004-03-26,37.5401,38.1401,37.1501,37.3801,36140400.0
2004-03-29,37.9901,40.8501,37.9301,38.9401,41646200.0
2004-03-30,38.6001,39.4201,38.5201,39.3201,38280200.0
2004-03-31,39.5401,40.2401,38.7301,39.5101,45502400.0
2004-04-01,39.2201,40.2201,39.2201,40.1301,43416500.0
2004-04-02,39.9901,41.2601,39.9901,40.9901,48111900.0
2004-04-05,40.7801,41.7301,40.7601,41.6101,29510200.0
2004-04-06,41.3701,41.5301,40.9601,41.2301,26078200.0
2004-04-07,41.3301,41.3401,40.4601,40.9801,44227200.0
2004-04-08,41.6401,41.7801,40.0901,40.7201,45881300.0
2004-04-12,40.9301,41.4301,40.9201,41.1701,22732900.0
2004-04-13,41.6101,41.6501,39.3701,39.5601,53119800.0
2004-04-14,38.9601,39.9901,38.9101,39.7701,60848200.0
2004-04-15,39.8001,40.1301,38.7101,39.3001,60276300.0
2004-04-16,39.7801,40.4001,39.3301,40.2201,44543900.0
2004-04-19,39.9001,40.3401,39.6301,40.1801,27779700.0
2004-04-20,40.4601,40.6701,38.1301,38.2701,48938000.0
2004-04-21,38.5501,39.3001,38.2201,39.0201,49044400.0
2004-04-22,38.8301,41.0201,38.7901,40.5301,59570400.0
2004-04-23,40.7701,40.9201,40.1401,40.7101,28828400.0
2004-04-26,40.8501,41.2901,39.9501,40.6001,34574200.0
2004-04-27,40.5801,41.4701,40.3101,40.5801,43174900.0
2004-04-28,40.2301,40.2501,38.8501,39.1701,48666200.0
2004-04-29,39.0701,39.6701,37.5101,38.1801,67268200.0
2004-04-30,38.5201,38.7301,37.2501,37.3101,45495100.0
2004-05-03,37.7401,38.6401,37.5401,38.5001,33160900.0
2004-05-04,38.6001,39.6101,38.0101,38.4401,50123600.0
2004-05-05,38.7701,39.3101,38.5101,39.1301,33541100.0
2004-05-06,38.3701,38.9401,37.3501,38.1601,53585300.0
2004-05-07,37.5701,38.5801,28.1201,36.3101,57764400.0
2004-05-10,35.7901,36.6501,34.7101,35.1801,73180200.0
2004-05-11,35.8101,36.4001,35.6801,36.1001,45866000.0
2004-05-12,35.9401,36.8801,34.4101,36.8301,88739100.0
2004-05-13,36.1101,37.3301,35.9801,36.3401,54665800.0
2004-05-14,36.3101,38.0801,35.6201,36.3901,51641400.0
2004-05-17,35.2401,35.8501,34.7601,35.4501,52457400.0
2004-05-18,35.8601,36.2901,35.6801,36.0001,29156700.0
2004-05-19,36.8501,37.5301,35.5201,35.6201,52713900.0
2004-05-20,35.8001,36.2201,35.3901,35.9801,37138400.0
2004-05-21,36.3201,36.9001,35.8201,36.1901,45856400.0
2004-05-24,36.8801,37.1101,36.0301,36.6201,39597800.0
2004-05-25,36.2501,38.3301,35.9501,38.2001,47013100.0
2004-05-26,38.0101,39.3501,37.8601,38.5901,35164300.0
2004-05-27,38.8901,39.3801,38.4101,39.2201,43562500.0
2004-05-28,39.0801,39.2301,38.7101,39.2101,21037600.0
2004-06-01,38.8101,39.2101,38.2201,39.0601,38450400.0
2004-06-02,39.3801,39.8301,38.4501,39.4801,35653700.0
2004-06-03,39.1601,39.5401,38.3901,38.4201,33921700.0
2004-06-04,39.3301,39.9301,39.0601,39.3301,31265200.0
2004-06-07,39.8301,41.1601,39.7701,41.0501,30354400.0
2004-06-08,40.7201,41.2701,40.5201,41.2101,31559300.0
2004-06-09,40.8601,41.0901,40.0701,40.1401,34737800.0
2004-06-10,40.3901,40.6901,40.2801,40.6401,20506600.0
2004-06-14,40.1701,40.2001,39.2201,39.5701,33704600.0
2004-06-15,40.2501,40.7901,39.8601,40.3701,35825700.0
2004-06-16,40.3501,40.5501,40.0501,40.3501,25737900.0
2004-06-17,40.2001,40.4201,39.6801,40.1801,27003100.0
2004-06-18,39.6201,40.5701,39.5301,39.9801,30567600.0
2004-06-21,40.1301,40.4901,39.4701,39.5501,22832700.0
2004-06-22,39.4801,40.2101,39.0201,40.1001,36413600.0
2004-06-23,39.9601,41.1901,39.7701,41.1001,34712500.0
2004-06-24,40.9101,41.2801,40.6101,40.7601,33665400.0
2004-06-25,40.7601,41.2901,40.0301,40.1201,29045700.0
2004-06-28,40.8701,40.9601,39.7501,39.8401,39289700.0
2004-06-29,39.8801,40.5201,39.7701,40.2701,26983200.0
2004-06-30,40.4201,41.1401,40.0001,40.8801,45177800.0
2004-07-01,40.6001,40.7501,38.9301,39.2901,56079400.0
2004-07-02,39.4801,39.6401,38.9501,39.2301,33711200.0
2004-07-06,38.7201,38.8001,37.9801,38.2001,37736500.0
2004-07-07,38.1601,38.9201,37.8501,38.5701,27357600.0
2004-07-08,38.1601,38.6701,37.5501,37.7701,43996900.0
2004-07-09,38.0501,38.2901,37.7301,38.0801,26900900.0
2004-07-12,37.8601,38.3901,37.3501,38.1301,34909000.0
2004-07-13,38.2701,38.3701,37.9801,38.2101,24608300.0
2004-07-14,37.6101,38.7401,37.4701,37.8701,51425100.0
2004-07-15,38.0901,38.2601,37.1001,37.1101,34750700.0
2004-07-16,37.9201,38.2901,36.7901,37.0401,36634700.0
2004-07-19,37.1001,37.9901,36.3401,36.5901,39181600.0
2004-07-20,36.8801,38.1701,36.6001,38.0201,44639600.0
2004-07-21,38.1601,38.4101,35.8001,35.9301,54099500.0
2004-07-22,35.7101,36.7401,35.1201,36.1901,69156900.0
2004-07-23,35.9801,36.0601,35.0401,35.3101,48541800.0
2004-07-26,35.5401,35.7801,34.5601,35.0801,49220100.0
2004-07-27,35.4001,36.4601,35.3201,36.1201,50336000.0
2004-07-28,35.9001,36.7201,34.9401,36.4501,65051600.0
2004-07-29,36.8001,37.2101,36.3501,36.9201,50210700.0
2004-07-30,36.6701,37.2501,36.4501,37.1701,38757000.0
2004-08-02,36.5401,37.7101,36.4001,37.4201,36965300.0
2004-08-03,37.2801,37.4101,36.5101,36.6101,38306100.0
2004-08-04,36.2401,37.1001,35.9901,36.5501,39763900.0
2004-08-05,36.6401,36.7301,34.6201,34.7601,49273700.0
2004-08-06,33.9801,34.3101,32.9701,33.2001,71699500.0
2004-08-09,33.4001,33.8301,33.2201,33.3501,36111600.0
2004-08-10,33.6601,34.7801,33.6101,34.5701,50951400.0
2004-08-11,34.0401,34.6801,33.4501,34.5101,52494400.0
2004-08-12,34.0301,34.3001,33.0001,33.3101,47377100.0
2004-08-13,33.4501,33.7001,32.9401,33.5401,40696500.0
2004-08-16,33.4901,34.9901,33.4501,34.6501,43765600.0
2004-08-17,35.1001,35.6301,34.8801,35.2601,38807600.0
2004-08-18,34.8701,36.5201,34.8401,36.3801,41869400.0
2004-08-19,36.1601,36.3701,34.6901,36.0601,35856500.0
2004-08-20,35.9601,36.9801,35.8601,36.7901,44156800.0
2004-08-23,36.9401,37.1201,35.7901,36.5801,32439200.0
2004-08-24,36.9901,37.0801,36.2001,36.7001,29957000.0
2004-08-25,36.6801,37.6201,36.2501,37.3901,37682200.0
2004-08-26,37.3101,37.6601,37.2001,37.4501,25538500.0
2004-08-27,37.5501,37.9801,37.4001,37.8001,24242000.0
2004-08-30,37.5801,37.9301,36.8001,36.8801,26119600.0
2004-08-31,37.0101,38.2901,36.4501,37.4801,40212900.0
2004-09-01,37.3001,37.9901,36.8301,37.6701,49849600.0
2004-09-02,37.5901,39.0301,37.5901,38.9301,39597200.0
2004-09-03,38.6501,39.1701,38.3601,38.4701,29185200.0
2004-09-07,38.8901,39.4801,38.6701,39.2101,35663800.0
2004-09-08,38.9701,39.4101,38.6501,38.9301,32192400.0
2004-09-09,38.9201,39.2301,38.3801,38.8301,32790500.0
2004-09-10,38.8701,39.6201,38.4401,39.4101,27133200.0
2004-09-13,39.6601,40.0901,39.3601,39.8201,42059700.0
2004-09-14,39.6501,40.0401,39.5401,40.0001,26546700.0
2004-09-15,39.6501,39.7101,39.0301,39.1501,36547200.0
2004-09-16,39.2001,39.7201,39.1501,39.4901,22705700.0
2004-09-17,39.3001,39.7101,39.0401,39.5001,32191400.0
2004-09-20,39.0201,39.3401,38.6301,38.8201,35462300.0
2004-09-21,39.1001,39.8201,38.8901,39.3401,39548500.0
2004-09-22,38.8501,38.8701,37.8401,37.8601,47348400.0
2004-09-23,37.9501,38.0501,37.3001,37.3001,41492500.0
2004-09-24,37.5201,38.9301,37.4801,37.8101,33816100.0
2004-09-27,37.4501,37.6501,36.9301,37.1001,38227600.0
2004-09-28,37.2601,37.8601,36.7601,37.6301,37893500.0
2004-09-29,37.5601,38.2301,37.3501,38.1901,31879800.0
2004-09-30,37.9001,38.3301,37.6101,38.1101,38334800.0
2004-10-01,38.6201,40.2401,38.5601,40.0001,61355300.0
2004-10-04,40.4501,40.7901,40.1501,40.1601,31859900.0
2004-10-05,40.2001,40.5101,39.8901,40.2601,36379100.0
2004-10-06,40.1201,41.0301,40.0301,40.9701,41221500.0
2004-10-07,40.7301,40.7501,39.7101,39.8301,36597200.0
2004-10-08,39.5001,40.1201,38.7001,38.8601,49847800.0
2004-10-11,39.1301,39.3701,38.9901,39.3201,19400000.0
2004-10-12,38.5501,39.1801,38.2901,38.8801,37961500.0
2004-10-13,39.3501,39.4201,37.6701,37.8901,52457900.0
2004-10-14,38.0301,38.2801,36.9301,36.9901,62336300.0
2004-10-15,37.3701,38.0901,36.9201,37.6101,62181700.0
2004-10-18,37.2401,38.3101,37.0501,38.0501,42003800.0
2004-10-19,38.3701,38.5801,36.9501,37.0901,54345300.0
2004-10-20,36.7301,37.2301,36.1001,36.8701,53394500.0
2004-10-21,37.1401,37.6701,36.5601,37.5901,48982200.0
2004-10-22,37.5401,37.6001,36.2101,36.3401,46727500.0
2004-10-25,36.1001,36.4701,35.7001,36.2601,41519100.0
2004-10-26,36.4801,37.9501,36.2301,37.8901,50428100.0
2004-10-27,37.7301,39.4501,37.4701,39.2301,72143900.0
2004-10-28,39.1301,39.9101,38.8401,39.5901,52626100.0
2004-10-29,39.4701,39.9901,36.8601,39.5501,45091600.0
2004-11-01,39.9101,40.1901,39.5501,39.8601,33971600.0
2004-11-02,40.0201,40.9201,39.5701,39.9001,53464100.0
2004-11-03,41.3501,41.7101,40.5901,41.3501,73659500.0
2004-11-04,41.1301,43.0201,41.0301,42.9101,53316700.0
2004-11-05,43.4001,43.9901,42.8401,43.6301,60346800.0
2004-11-08,43.3301,43.5801,43.0701,43.4601,33104600.0
2004-11-09,43.4301,43.8501,43.1101,43.2301,43193200.0
2004-11-10,43.4101,43.9001,43.1101,43.3201,43948900.0
2004-11-11,43.5301,44.4701,43.4501,44.2101,36604100.0
2004-11-12,44.3201,45.3501,44.0301,45.1401,53223500.0
2004-11-15,44.8501,45.1201,44.5801,45.0801,34260900.0
2004-11-16,44.7201,44.7601,44.0801,44.1901,38276700.0
2004-11-17,44.7201,45.4901,44.4201,44.9301,52214600.0
2004-11-18,44.8801,45.1501,44.5801,45.0901,31321100.0
2004-11-19,45.0501,45.0701,43.4901,43.7701,52564100.0
2004-11-22,43.5201,44.4701,43.3801,44.3301,35848400.0
2004-11-23,44.2801,44.6101,43.7201,44.5501,40366800.0
2004-11-24,44.6201,44.9401,44.4201,44.8201,28352200.0
2004-11-26,44.8601,45.3301,44.6101,44.6501,14038300.0
2004-11-29,45.1401,45.3601,43.5901,44.1801,58460600.0
2004-11-30,44.3501,44.5901,43.9901,44.2401,49428300.0
2004-12-01,44.5101,45.8501,44.4501,45.5801,48099100.0
2004-12-02,45.4501,46.2201,45.3601,45.6801,56731500.0
2004-12-03,45.6201,46.4901,45.4401,45.6001,46137000.0
2004-12-06,45.5601,45.9901,45.1901,45.5601,31928400.0
2004-12-07,45.8401,45.9601,44.3901,44.4501,48014900.0
2004-12-08,44.5601,45.1801,44.3601,45.0801,41972600.0
2004-12-09,44.4901,45.8101,44.0801,45.5701,58563100.0
2004-12-10,45.2601,45.9101,45.2001,45.7001,46459900.0
2004-12-13,46.1501,46.7501,45.7001,46.7201,35829800.0
2004-12-14,46.5501,47.3101,46.5301,47.1401,39909600.0
2004-12-15,47.0501,47.4601,46.6601,47.2301,44967400.0
2004-12-16,47.0701,47.5901,46.3901,47.1601,49203500.0
2004-12-17,45.8001,46.3201,45.5101,45.7901,66251200.0
2004-12-20,46.0801,46.6401,45.5201,45.8201,43893200.0
2004-12-21,45.9501,46.8301,45.4201,46.7401,31738200.0
2004-12-22,46.7301,47.4301,46.4001,47.0301,27913100.0
2004-12-23,47.2201,47.6301,46.4401,47.1201,24829900.0
2004-12-27,47.5501,47.7101,46.7301,46.8701,27080700.0
2004-12-28,46.9701,47.6801,46.9501,47.5301,22758300.0
2004-12-29,47.4301,47.7501,47.3001,47.7101,19395000.0
2004-12-30,47.7501,47.9201,47.3901,47.4801,20387600.0
2004-12-31,47.6501,48.0101,47.1201,47.2201,26697900.0
2005-01-03,47.9101,48.1101,46.2501,46.6501,55748000.0
2005-01-04,46.8101,46.8901,44.7901,45.1801,69167600.0
2005-01-05,45.0901,45.6001,44.3501,44.3601,65667300.0
2005-01-06,44.7901,45.5001,44.6101,44.9601,47814700.0
2005-01-07,45.3201,45.5801,44.4801,44.7901,55847700.0
2005-01-10,44.6901,45.8101,44.6901,45.3501,56563300.0
2005-01-11,44.9901,45.0901,44.3401,44.5301,63099700.0
2005-01-12,44.7501,45.1901,43.8701,44.9201,72720500.0
2005-01-13,44.9901,45.0801,43.8501,43.9701,55537500.0
2005-01-14,44.3201,44.8801,44.1101,44.5901,42032500.0
2005-01-18,44.4001,45.9701,44.3001,45.8201,57391700.0
2005-01-19,45.7801,45.8701,44.5601,44.5701,54378900.0
2005-01-20,44.2401,44.5501,43.6401,43.8501,72049300.0
2005-01-21,44.1401,44.3501,43.0001,43.1301,63160400.0
2005-01-24,43.4401,43.6901,42.7201,42.9001,58441900.0
2005-01-25,43.2601,43.8201,43.0701,43.2301,68245000.0
2005-01-26,43.6701,43.9501,43.3901,43.5801,57195100.0
2005-01-27,43.5401,44.1001,43.3301,43.7801,55878800.0
2005-01-28,43.8401,43.9001,42.9601,43.7801,60738900.0
2005-01-31,44.3001,44.6001,44.0601,44.5101,52532700.0
2005-02-01,44.6001,45.4301,44.4501,45.2601,49841200.0
2005-02-02,45.4101,45.9401,45.2501,45.6201,52468900.0
2005-02-03,45.4101,45.5101,44.9201,45.3101,48837100.0
2005-02-04,45.3501,46.7801,45.3301,46.5801,50024600.0
2005-02-07,46.6001,46.8701,46.3101,46.4201,45412000.0
2005-02-08,46.5201,47.0001,46.4201,46.5601,39263500.0
2005-02-09,46.7701,46.8401,45.6001,45.6601,55279400.0
2005-02-10,46.0101,46.3701,45.6101,46.0901,45858600.0
2005-02-11,46.0501,47.3901,45.8101,47.1201,53133000.0
2005-02-14,47.0401,47.2101,46.8301,47.0301,32432100.0
2005-02-15,47.1501,47.7801,47.0301,47.4801,43852700.0
2005-02-16,47.2801,47.8101,47.0201,47.5601,55523000.0
2005-02-17,47.5801,47.6801,46.5701,46.5801,58124000.0
2005-02-18,46.5901,46.8301,46.2501,46.7401,47723300.0
2005-02-22,46.2501,46.8201,44.9301,44.9501,80697600.0
2005-02-23,45.2801,45.9201,44.9701,45.8001,68292600.0
2005-02-24,45.5901,46.6701,45.3301,46.5901,68563600.0
2005-02-25,46.6201,48.0201,46.5301,47.7801,60899900.0
2005-02-28,47.5001,47.6501,46.3901,46.9801,69381300.0
2005-03-01,47.1701,47.8701,47.1301,47.5801,47294400.0
2005-03-02,47.1101,48.2801,47.0001,47.5201,64226500.0
2005-03-03,48.0101,48.2501,47.0501,47.5701,61230800.0
2005-03-04,48.4001,49.1801,48.1401,49.0801,56168500.0
2005-03-07,49.0101,49.6001,48.7501,49.1401,43442400.0
2005-03-08,49.0201,49.3501,48.4601,48.6801,44362000.0
2005-03-09,48.3201,48.6401,47.3101,47.3201,73263600.0
2005-03-10,47.5501,47.8501,46.7501,47.5901,65149000.0
2005-03-11,47.6601,48.0701,46.5101,46.7401,57976500.0
2005-03-14,46.9601,47.5101,46.6301,47.4901,36336400.0
2005-03-15,47.7701,47.8101,46.4301,46.4901,62438500.0
2005-03-16,46.0501,46.5101,45.2501,45.4701,74874200.0
2005-03-17,45.6601,46.0901,45.3301,45.7101,62584200.0
2005-03-18,45.4601,45.8801,44.5001,44.8901,60232000.0
2005-03-21,45.0601,45.1301,44.1101,44.4501,61244300.0
2005-03-22,44.7201,45.2801,43.2501,43.2501,92472400.0
2005-03-23,43.3001,44.0701,43.1001,43.3501,70817300.0
2005-03-24,43.8101,44.3401,43.4101,43.4901,51932500.0
2005-03-28,43.7701,44.2901,43.6601,43.6601,46765500.0
2005-03-29,43.4901,44.2501,42.6001,42.8801,71160300.0
2005-03-30,43.1301,44.5501,43.1201,44.5301,62002100.0
2005-03-31,44.5401,44.8101,44.2201,44.3101,64575400.0
2005-04-01,44.9801,45.3401,43.2601,43.7801,95255300.0
2005-04-04,43.7101,44.2101,43.0901,43.9801,71581200.0
2005-04-05,44.1301,44.7301,44.0201,44.5401,46853900.0
2005-04-06,44.8001,45.3001,44.5301,44.9501,53268200.0
2005-04-07,44.7601,45.6101,44.6701,45.5901,46734600.0
2005-04-08,45.5201,45.5601,44.3501,44.3501,63772900.0
2005-04-11,44.6401,44.7701,44.1801,44.4401,44945000.0
2005-04-12,44.2401,45.4101,43.4201,45.0501,86144800.0
2005-04-13,44.9101,45.1501,43.4801,43.6501,65949000.0
2005-04-14,43.7501,43.8501,42.1201,42.1201,96119800.0
2005-04-15,42.0901,42.5501,40.4501,40.5001,128677300.0
2005-04-18,40.4701,41.3101,40.3101,40.8501,100035200.0
2005-04-19,41.4501,41.8801,41.1801,41.7601,64930100.0
2005-04-20,41.7301,41.9801,39.9001,40.1501,107735900.0
2005-04-21,41.1401,42.5601,40.7301,42.3601,86952200.0
2005-04-22,42.0901,42.8501,40.6201,41.9201,88845800.0
2005-04-25,42.2101,42.8501,42.0701,42.6801,52284100.0
2005-04-26,42.3101,43.1201,41.5001,41.5501,72626000.0
2005-04-27,41.2101,42.4201,40.7901,42.0001,84131900.0
2005-04-28,41.6201,42.0301,40.5501,40.5501,72481500.0
2005-04-29,41.4201,42.2201,40.3201,42.1001,103993800.0
2005-05-02,42.4201,42.7601,41.8701,42.7501,56026400.0
2005-05-03,42.4201,43.2001,42.0401,42.9501,86000300.0
2005-05-04,43.0001,44.1001,42.6301,43.8501,81055700.0
2005-05-05,44.0201,44.3501,43.0901,43.8101,96906700.0
2005-05-06,44.2801,44.3401,43.4101,43.4401,67415400.0
2005-05-09,43.5601,44.4301,43.4001,44.1701,43750500.0
2005-05-10,43.7101,43.8501,42.7401,42.9501,74613500.0
2005-05-11,43.2801,43.7501,42.2001,43.5901,91647400.0
2005-05-12,43.6701,43.9401,42.3001,42.3001,95086800.0
2005-05-13,42.6501,42.9701,41.1501,42.0701,85267000.0
2005-05-16,42.0501,43.1901,42.0101,43.1501,49207000.0
2005-05-17,42.7601,44.0501,42.5101,43.9301,61071800.0
2005-05-18,44.4401,45.4301,44.3601,45.1401,77944900.0
2005-05-19,45.3701,45.7601,45.0501,45.6401,61768100.0
2005-05-20,45.6901,45.7401,45.0901,45.4701,46345500.0
2005-05-23,45.5601,46.3901,45.5401,46.1301,51047900.0
2005-05-24,45.7901,46.1801,45.5501,45.8501,50654100.0
2005-05-25,45.7001,46.2201,45.1801,45.7601,47608800.0
2005-05-26,46.1401,46.5601,45.9701,46.4001,43256200.0
2005-05-27,46.4101,46.6001,46.1501,46.6001,24596100.0
2005-05-31,46.4301,46.5201,45.7501,45.8301,43377200.0
2005-06-01,45.8701,47.2701,45.8001,46.8501,69611000.0
2005-06-02,46.5801,47.1901,46.4501,47.1101,39704500.0
2005-06-03,46.9001,47.2401,46.0801,46.5001,60999400.0
2005-06-06,46.3001,46.5501,45.9001,46.3901,36046400.0
2005-06-07,46.7401,47.6001,46.3601,46.4801,66501300.0
2005-06-08,46.7801,46.9401,46.0201,46.2601,46881200.0
2005-06-09,46.0901,46.9301,45.7901,46.8301,56653300.0
2005-06-10,46.9101,47.0001,45.9501,46.5501,36465300.0
2005-06-13,46.2901,47.4301,46.1601,46.9301,49383200.0
2005-06-14,46.8001,47.5501,46.7301,47.2101,33857100.0
2005-06-15,47.5101,47.5901,46.5801,47.4401,53195600.0
2005-06-16,47.4101,47.9901,47.2701,47.7501,46564500.0
2005-06-17,47.8901,48.2501,47.5701,47.7101,51529400.0
2005-06-20,47.4301,48.1901,47.2901,47.7501,41019400.0
2005-06-21,47.8501,48.0001,47.3801,47.8201,39879800.0
2005-06-22,48.0301,48.2901,47.4201,47.9201,46310100.0
2005-06-23,47.6701,47.9501,46.1801,46.2101,62185600.0
2005-06-24,46.2301,46.3601,45.1901,45.3301,58572500.0
2005-06-27,45.3201,45.7601,45.1001,45.5001,48183800.0
2005-06-28,45.7501,46.5901,45.7201,46.5001,41174200.0
2005-06-29,46.7201,46.7501,46.1101,46.1801,42316500.0
2005-06-30,46.5701,46.6701,45.3001,45.5301,62288800.0
2005-07-01,45.8001,46.1501,45.5601,45.8801,49737500.0
2005-07-05,45.6001,47.0001,45.5401,46.8401,51549000.0
2005-07-06,46.7401,47.0001,45.7601,45.8301,52363600.0
2005-07-07,44.6401,46.3001,44.6101,46.3001,103268800.0
2005-07-08,46.3201,47.6701,46.0701,47.6701,64491200.0
2005-07-11,47.6801,48.4501,47.6601,48.2901,49688300.0
2005-07-12,48.3401,48.9801,47.9901,48.6101,51871100.0
2005-07-13,48.6201,48.8701,48.3401,48.7801,41182300.0
2005-07-14,49.3301,49.7901,48.8401,49.2601,63638800.0
2005-07-15,49.1401,49.3901,48.7101,49.1901,56075900.0
2005-07-18,48.8501,48.9801,48.4001,48.7001,56598400.0
2005-07-19,49.0601,49.4601,48.7601,49.3701,59165700.0
2005-07-20,48.9401,50.0801,48.6501,49.7901,69477000.0
2005-07-21,49.9001,49.9601,48.8201,49.0701,101110900.0
2005-07-22,49.2301,49.9101,48.9801,49.8901,52607100.0
2005-07-25,49.7601,50.3001,49.2001,49.5401,57301600.0
2005-07-26,49.5801,49.8801,49.3001,49.6901,42758800.0
2005-07-27,49.8501,50.2401,49.4001,50.1401,43181600.0
2005-07-28,50.3101,50.9901,49.9901,50.9201,47880700.0
2005-07-29,50.7601,50.9801,49.8501,50.0901,62358100.0
2005-08-01,50.1801,50.3901,49.8001,50.0001,40418200.0
2005-08-02,50.2201,50.9501,50.0901,50.7401,45147400.0
2005-08-03,50.6001,51.0901,50.4701,51.0701,36837200.0
2005-08-04,50.5801,50.6601,49.9201,50.0701,50855600.0
2005-08-05,49.8001,50.3301,49.0201,49.2301,53595500.0
2005-08-08,49.5001,49.7601,48.7301,49.0001,47616000.0
2005-08-09,49.4101,49.9401,49.2201,49.7401,47170000.0
2005-08-10,50.1701,50.8501,49.1701,49.6801,72863700.0
2005-08-11,49.6201,50.3801,49.3601,50.1701,58570200.0
2005-08-12,49.9201,50.0401,49.1001,49.4101,54776900.0
2005-08-15,49.5701,50.2201,49.1801,50.1701,36208500.0
2005-08-16,49.7901,49.8701,48.4401,48.5601,71942100.0
2005-08-17,48.5401,49.2201,48.3801,48.5501,62275100.0
2005-08-18,48.4001,48.9101,48.1901,48.5401,53388600.0
2005-08-19,48.9801,49.1701,48.5501,48.8201,39842100.0
2005-08-22,48.9301,49.5801,48.2301,48.8201,69912000.0
2005-08-23,48.8501,48.9601,47.5001,48.5901,55168600.0
2005-08-24,48.2901,49.0801,47.4401,47.5001,79104600.0
2005-08-25,47.7001,48.0201,47.5601,47.9401,35631100.0
2005-08-26,47.8301,47.8401,47.0301,47.1101,61956800.0
2005-08-29,46.7601,48.1301,46.7301,48.0401,56179200.0
2005-08-30,47.6001,47.6501,46.7401,47.4001,74160200.0
2005-08-31,47.5401,49.0101,47.0901,48.9301,102945200.0
2005-09-01,48.8701,49.5001,47.4901,48.8401,74578700.0
2005-09-02,49.2001,49.2301,48.3901,48.6201,47653400.0
2005-09-06,49.0101,50.1501,49.0001,50.0501,57251300.0
2005-09-07,49.9801,50.4801,49.8101,50.2601,41749700.0
2005-09-08,50.0101,50.3501,49.6601,49.8501,39068700.0
2005-09-09,50.1801,51.0901,50.1501,50.9501,43093900.0
2005-09-12,50.8001,51.0201,50.6201,50.7001,33017600.0
2005-09-13,50.4801,50.7701,49.8701,50.0101,58427500.0
2005-09-14,50.0901,50.2701,49.3701,49.5601,57694600.0
2005-09-15,49.9401,50.0001,49.2501,49.5001,73156900.0
2005-09-16,49.6501,50.0901,49.2201,49.8501,75424100.0
2005-09-19,49.8201,49.9001,48.9901,49.4401,53355300.0
2005-09-20,49.5501,49.9601,48.2201,48.4001,84480300.0
2005-09-21,48.1401,48.2201,47.1301,47.2601,94469100.0
2005-09-22,47.3001,48.0101,46.7901,47.6901,84597200.0
2005-09-23,47.5901,48.2401,47.2501,47.7901,59368100.0
2005-09-26,48.3701,48.5901,47.4301,47.9301,70415400.0
2005-09-27,47.8701,48.3401,47.3701,47.9001,66150800.0
2005-09-28,48.2801,48.4701,47.5501,48.0201,58620500.0
2005-09-29,47.9001,49.2101,47.4301,49.0101,66607700.0
2005-09-30,48.9701,49.3901,48.0901,49.3901,47824200.0
2005-10-03,49.3101,49.6901,48.8001,48.9501,50994800.0
2005-10-04,49.1401,49.3801,47.5101,47.5701,60776300.0
2005-10-05,47.6001,47.6601,45.9201,45.9801,106052100.0
2005-10-06,46.1301,46.6101,44.5201,45.5501,140941800.0
2005-10-07,46.0501,46.4001,45.4801,45.9601,75661400.0
2005-10-10,46.0301,46.0601,44.6501,44.9501,52677000.0
2005-10-11,45.3401,45.7401,44.6701,44.7801,75629800.0
2005-10-12,44.7401,45.4801,43.7601,43.8501,100510400.0
2005-10-13,43.8101,44.4301,43.2301,43.7801,99052900.0
2005-10-14,44.4701,45.1601,43.9101,45.0201,88651000.0
2005-10-17,45.1501,45.6201,44.8001,45.4601,68109300.0
2005-10-18,45.2901,45.3101,44.1501,44.1701,74996900.0
2005-10-19,43.8501,46.1501,43.4701,46.1301,116563800.0
2005-10-20,45.8401,46.1601,43.6501,44.0201,131966700.0
2005-10-21,44.6401,45.1301,43.8601,44.4801,96579500.0
2005-10-24,44.7901,46.4401,44.7601,46.3101,71308400.0
2005-10-25,46.0701,46.5901,45.2901,46.0701,76594500.0
2005-10-26,45.8601,46.8901,45.5401,45.7201,80855800.0
2005-10-27,45.5501,45.7201,44.2801,44.4501,66623100.0
2005-10-28,44.7801,46.3001,44.4501,46.1501,72322000.0
2005-10-31,46.6401,47.6501,46.4801,46.4801,77698900.0
2005-11-01,46.9301,47.2501,46.5701,46.8401,66365100.0
2005-11-02,46.5201,48.1001,46.4801,48.1001,74012300.0
2005-11-03,48.5001,49.0101,48.1001,48.6201,84897600.0
2005-11-04,48.7501,48.8101,47.9001,48.4601,59156000.0
2005-11-07,48.7201,48.9701,48.2001,48.5801,46765400.0
2005-11-08,48.2801,48.7701,48.1401,48.5801,42152800.0
2005-11-09,48.4301,49.3001,48.2101,48.7401,57666800.0
2005-11-10,48.6901,49.8701,48.1001,49.6901,79048100.0
2005-11-11,49.7001,50.1901,48.7801,50.1101,34867000.0
2005-11-14,50.1401,50.3701,49.7301,50.0401,45092200.0
2005-11-15,49.9001,50.4401,49.2101,49.5901,69592500.0
2005-11-16,49.7201,49.9001,49.3301,49.8401,51133000.0
2005-11-17,50.0301,51.0001,49.4901,50.9901,55717500.0
2005-11-18,51.4101,51.6301,50.6801,51.4801,72437200.0
2005-11-21,51.5001,52.2601,51.3301,52.1101,50021200.0
2005-11-22,51.9101,52.8701,51.7701,52.6501,66438800.0
2005-11-23,52.6001,53.7601,52.5601,53.3801,50854700.0
2005-11-25,53.3301,53.5701,53.1601,53.4801,15270000.0
2005-11-28,53.6001,53.6201,52.3901,52.5801,54498500.0
2005-11-29,53.0001,53.3301,52.4401,52.4401,51738900.0
2005-11-30,52.5101,52.8701,51.6401,51.7601,56007200.0
2005-12-01,52.3701,53.3801,52.3301,53.0401,65468200.0
2005-12-02,53.1201,53.4301,52.8501,53.2001,46699400.0
2005-12-05,53.0501,53.0801,52.5301,52.9301,59273400.0
2005-12-06,53.4001,54.0901,52.9801,53.1701,57935200.0
2005-12-07,53.1201,53.2201,52.0301,52.4301,66816500.0
2005-12-08,52.5701,53.1701,51.8301,52.3501,62608600.0
2005-12-09,52.5101,53.1301,52.1701,52.6801,50744500.0
2005-12-12,53.0601,53.2101,52.3101,52.8001,48389900.0
2005-12-13,52.7701,54.0501,52.6401,53.6601,88630900.0
2005-12-14,53.5401,54.4401,53.4901,54.1601,64375000.0
2005-12-15,54.1901,54.3501,53.5301,53.7901,55900300.0
2005-12-16,53.6301,53.7101,52.7101,52.7101,46238300.0
2005-12-19,53.0801,53.2201,52.0401,52.0601,48733000.0
2005-12-20,52.2101,52.9401,51.8301,52.1801,46603200.0
2005-12-21,52.5701,53.1101,52.1501,52.3801,51806900.0
2005-12-22,52.6601,53.0401,52.4301,53.0401,32247900.0
2005-12-23,53.1301,53.2101,52.7701,53.1101,27977300.0
2005-12-27,53.3101,53.4001,51.7301,51.8201,44499500.0
2005-12-28,52.0901,52.3401,51.8501,52.1001,30764300.0
2005-12-29,52.0701,52.3101,51.4101,51.5401,32788900.0
2005-12-30,51.1501,51.4101,50.7101,50.8601,44645600.0
2006-01-03,51.5401,53.3501,50.7401,53.0501,73256700.0
2006-01-04,53.2101,53.8401,53.0501,53.6501,51899600.0
2006-01-05,53.5001,53.9401,53.2301,53.7301,47307500.0
2006-01-06,54.3701,54.9301,53.7101,54.7901,62885900.0
2006-01-09,54.7701,55.4101,54.7301,55.1201,43527400.0
2006-01-10,54.7401,55.3301,54.6101,55.2501,44960800.0
2006-01-11,55.3701,55.7901,55.0801,55.6601,49598900.0
2006-01-12,55.4301,55.6301,54.7901,55.1501,40509200.0
2006-01-13,54.9201,55.2501,54.5501,55.0301,44856700.0
2006-01-17,54.5501,54.7701,54.1601,54.6801,52066600.0
2006-01-18,53.9301,55.2501,53.5101,54.1701,75067600.0
2006-01-19,54.4801,55.1201,54.1601,54.6601,81530400.0
2006-01-20,54.6301,54.6601,52.3201,52.3201,114957800.0
2006-01-23,52.5601,53.1701,52.4801,52.7701,67017400.0
2006-01-24,52.9801,53.5001,52.7701,52.9001,53008800.0
2006-01-25,53.3901,53.5301,52.1901,53.0101,87747700.0
2006-01-26,53.6001,54.0201,53.1101,53.7101,71294000.0
2006-01-27,54.0101,55.0101,53.8001,54.8901,65771200.0
2006-01-30,54.7901,55.1601,54.7001,54.7901,33709600.0
2006-01-31,54.6701,54.8901,53.8401,53.8501,72937000.0
2006-02-01,54.1701,54.7801,54.0701,54.7401,63561000.0
2006-02-02,54.4501,54.4901,53.1501,53.2501,83626900.0
2006-02-03,52.9301,54.7401,52.4901,52.6201,86040400.0
2006-02-06,52.7901,53.1501,52.5201,52.9501,45511900.0
2006-02-07,52.7301,53.0101,51.7501,51.8301,71208100.0
2006-02-08,52.2001,54.4501,51.9501,52.9701,59422200.0
2006-02-09,53.2701,53.9501,52.7201,52.7601,62023300.0
2006-02-10,52.7801,53.4801,51.8001,52.9901,64508700.0
2006-02-13,52.9501,53.1401,52.3001,52.7601,52308700.0
2006-02-14,52.8101,54.3801,52.5601,54.1001,90964400.0
2006-02-15,54.0301,54.6701,53.5901,54.5501,85471300.0
2006-02-16,54.6901,55.5601,54.5301,55.5101,61017900.0
2006-02-17,55.4001,55.5101,54.9301,55.1601,40342600.0
2006-02-21,55.4601,55.7501,54.6401,54.8401,46456300.0
2006-02-22,55.1201,56.0001,55.0001,55.6201,42326700.0
2006-02-23,55.6201,55.9901,54.6301,55.4301,43423200.0
2006-02-24,55.4601,55.8301,55.1101,55.7601,36777400.0
2006-02-27,55.7501,56.3901,55.6301,55.8101,35858600.0
2006-02-28,55.5501,56.2601,54.4801,54.5801,74394800.0
2006-03-01,54.9501,55.8401,54.8501,55.7201,48641600.0
2006-03-02,55.2501,55.7701,54.9601,55.7101,60642300.0
2006-03-03,55.0201,56.4201,55.0001,55.1101,73402500.0
2006-03-06,55.4901,55.5301,54.2001,54.5201,57478400.0
2006-03-07,54.2101,54.4101,53.7501,54.3201,61780800.0
2006-03-08,54.0501,54.7901,53.5301,54.5901,66692400.0
2006-03-09,54.6301,55.0301,53.7301,53.7301,56313600.0
2006-03-10,54.0601,55.1901,53.7901,54.9401,60490800.0
2006-03-13,55.1901,55.5101,54.8801,55.1801,45479100.0
2006-03-14,55.0601,56.5801,54.9601,56.5301,69877300.0
2006-03-15,56.5001,57.2101,56.2001,57.1101,53398900.0
2006-03-16,57.3601,57.8201,57.1901,57.3801,65526400.0
2006-03-17,57.0301,57.2501,56.7301,56.9701,47286800.0
2006-03-20,56.9901,57.2501,56.5601,56.7601,45538500.0
2006-03-21,56.7201,57.3401,55.8001,55.9401,87102700.0
2006-03-22,55.8601,56.8601,55.8001,56.7301,51605700.0
2006-03-23,56.6101,56.7401,56.0101,56.4601,46704200.0
2006-03-24,56.3401,56.9201,56.0901,56.5601,43209200.0
2006-03-27,56.3801,56.6301,56.0901,56.3701,32523000.0
2006-03-28,56.2801,56.8801,55.4001,55.5701,82079900.0
2006-03-29,55.7601,56.8501,55.6401,56.3801,61505700.0
2006-03-30,56.4601,57.3301,55.9001,56.1501,70571700.0
2006-03-31,56.3701,56.5901,55.7201,56.1801,62925600.0
2006-04-03,56.4201,57.2201,55.8401,56.0801,61624700.0
2006-04-04,56.0801,57.0801,55.7101,56.9101,54809300.0
2006-04-05,56.9601,57.6301,56.7301,57.3601,50607200.0
2006-04-06,57.2001,57.5601,56.5401,57.2201,57906200.0
2006-04-07,57.4101,57.7501,55.7001,55.8901,80180900.0
2006-04-10,56.0901,56.4301,55.6101,56.0901,41496500.0
2006-04-11,56.2001,56.4101,54.6001,54.9901,72799400.0
2006-04-12,55.1201,55.4801,54.9601,55.2301,43033700.0
2006-04-13,54.9401,55.6001,54.6601,55.0601,51051800.0
2006-04-17,55.1801,55.6601,54.3701,55.0101,64167700.0
2006-04-18,55.2801,57.2901,55.2801,57.0501,92531800.0
2006-04-19,57.1001,57.4201,56.5901,57.3001,87269000.0
2006-04-20,57.3501,58.2101,56.9501,57.4801,86005500.0
2006-04-21,58.0401,58.1401,56.9701,57.5001,72342600.0
2006-04-24,57.2401,57.4201,56.7301,57.2601,52546400.0
2006-04-25,57.3901,57.4701,56.2701,56.7201,84359800.0
2006-04-26,56.8501,57.4901,56.6501,56.7501,67262400.0
2006-04-27,56.2501,57.9801,55.9401,57.3801,124478600.0
2006-04-28,57.1401,58.1001,57.0601,57.8201,55854400.0
2006-05-01,57.8201,58.1501,56.6701,56.7501,64990300.0
2006-05-02,57.3601,57.8101,57.0901,57.7301,49063500.0
2006-05-03,57.5001,57.6701,56.8001,57.2401,60821300.0
2006-05-04,57.4301,57.9701,57.3201,57.7101,42921400.0
2006-05-05,58.4001,59.1501,58.2001,58.8701,62588200.0
2006-05-08,58.8601,59.1201,58.7101,58.7101,30016700.0
2006-05-09,58.7701,59.1201,58.6601,58.9701,29864000.0
2006-05-10,58.7601,59.1001,58.2401,58.9001,64378200.0
2006-05-11,58.8601,58.9001,56.8701,57.3001,80626900.0
2006-05-12,56.7101,57.0701,55.5401,55.5901,91726500.0
2006-05-15,55.1401,56.0901,54.9601,55.8501,84029300.0
2006-05-16,56.1101,56.3501,55.3601,55.6601,62137600.0
2006-05-17,55.0201,55.4501,53.1201,53.2001,144789500.0
2006-05-18,53.7001,54.1001,52.4601,52.5601,87906300.0
2006-05-19,53.2201,53.8401,52.1501,53.4501,124309400.0
2006-05-22,52.6301,53.5201,51.8501,52.4801,110852800.0
2006-05-23,53.5301,53.9801,51.5201,51.5201,92006500.0
2006-05-24,52.0301,53.2401,51.1101,52.5201,168405000.0
2006-05-25,53.2701,54.0801,52.7801,54.0801,78977900.0
2006-05-26,54.3601,54.7301,53.8601,54.7301,62989700.0
2006-05-30,54.3201,54.3501,52.4001,52.4501,72419900.0
2006-05-31,52.9701,53.8601,52.5501,53.8601,86926200.0
2006-06-01,53.7301,55.2901,53.6201,55.0801,73721700.0
2006-06-02,55.6001,55.7801,54.6701,55.3501,91702600.0
2006-06-05,55.2001,55.2101,53.1201,53.4701,86105100.0
2006-06-06,53.5601,53.7301,52.1101,53.1601,130498600.0
2006-06-07,53.2601,54.0001,52.1401,52.2101,108599400.0
2006-06-08,51.9301,52.8501,50.2201,52.1001,204957200.0
2006-06-09,52.7101,53.3101,51.6401,51.7001,94972200.0
2006-06-12,52.2301,52.2801,50.1701,50.3401,95815900.0
2006-06-13,50.0901,51.1901,48.9001,48.9001,185688800.0
2006-06-14,49.1901,49.9801,48.6901,49.8501,163566400.0
2006-06-15,50.3001,52.7101,50.2101,52.4701,134057000.0
2006-06-16,51.6401,51.9101,50.8101,51.0001,94253500.0
2006-06-19,51.7501,51.8301,49.9001,50.0201,95804400.0
2006-06-20,50.3601,51.1601,50.0701,50.4401,65494700.0
2006-06-21,50.3501,52.0501,50.3101,51.3601,75008200.0
2006-06-22,51.3001,51.4101,50.3901,50.8101,74566100.0
2006-06-23,50.6801,51.6501,50.3801,50.7901,54107000.0
2006-06-26,50.8901,51.4101,50.6001,51.3401,37899600.0
2006-06-27,51.3601,51.6401,50.1201,50.2601,69780200.0
2006-06-28,50.5401,51.1201,50.0001,51.1001,62368100.0
2006-06-29,51.5501,53.7001,51.5201,53.6201,110634800.0
2006-06-30,53.8901,54.0101,53.3101,53.6301,54227800.0
2006-07-03,53.7801,54.3601,53.6601,54.1501,23914000.0
2006-07-05,53.6401,53.8001,52.8701,53.4201,69653400.0
2006-07-06,53.5501,54.2001,53.4301,53.7901,50100300.0
2006-07-07,53.5401,53.9101,52.6401,52.9601,81626500.0
2006-07-10,53.2901,53.7801,52.7601,53.2001,60964100.0
2006-07-11,52.9601,53.7601,52.2901,53.7601,73640800.0
2006-07-12,53.5001,53.7501,52.0701,52.4001,82561300.0
2006-07-13,51.8001,52.0301,50.3501,50.3501,102405700.0
2006-07-14,50.4801,50.6101,49.1801,49.8701,103242500.0
2006-07-17,49.8701,50.4501,49.5001,49.6901,81159000.0
2006-07-18,50.0601,50.4001,48.7401,50.3201,122771000.0
2006-07-19,50.5301,52.6101,50.0701,52.0401,133565300.0
2006-07-20,52.4701,52.6501,51.0101,51.1801,112259800.0
2006-07-21,51.5001,51.5401,50.1701,50.3001,101560000.0
2006-07-24,50.7901,52.6701,50.7901,52.5601,92884000.0
2006-07-25,52.3301,53.6501,52.0701,53.0101,95480700.0
2006-07-26,52.9401,53.8001,52.5301,53.1801,84525800.0
2006-07-27,53.7301,54.0401,52.5501,53.0601,87257100.0
2006-07-28,53.3901,54.4901,53.2101,54.3301,82137000.0
2006-07-31,54.0101,54.3101,53.8001,54.2001,49593100.0
2006-08-01,53.6901,53.7301,52.9501,53.5701,65225600.0
2006-08-02,53.9301,54.8101,53.9001,54.4301,64770900.0
2006-08-03,53.6901,54.9001,53.5001,54.7701,63693800.0
2006-08-04,55.4301,55.7801,53.8301,54.5501,96294200.0
2006-08-07,54.2501,54.4301,53.7501,54.2501,45377300.0
2006-08-08,54.4401,54.8101,53.3001,53.7601,90901300.0
2006-08-09,54.5301,54.9501,52.9601,53.3301,78910600.0
2006-08-10,52.9301,53.8501,52.6301,53.7201,69322300.0
2006-08-11,53.5201,53.5501,52.7401,53.3601,47482200.0
2006-08-14,53.9801,54.5101,53.2701,53.4601,57839000.0
2006-08-15,54.6001,55.2201,54.2501,54.9801,68143000.0
2006-08-16,55.6701,56.2401,55.3901,56.0501,71737600.0
2006-08-17,55.9301,56.7201,55.8401,56.3801,70992800.0
2006-08-18,56.5401,57.0401,55.9401,57.0401,58288400.0
2006-08-21,56.5301,56.6301,56.1501,56.4801,42133600.0
2006-08-22,56.3401,56.8701,56.0301,56.4701,60839900.0
2006-08-23,56.5301,56.7901,55.5401,56.1101,66592100.0
2006-08-24,56.3401,56.4501,55.7501,56.0001,57983000.0
2006-08-25,55.9901,56.6001,55.9001,56.1601,41756000.0
2006-08-28,56.0001,57.1701,55.9901,56.7801,52681500.0
2006-08-29,56.8401,57.1801,56.1601,56.9301,61817800.0
2006-08-30,57.2201,57.3901,56.9001,57.0101,50052200.0
2006-08-31,57.2001,57.3401,56.9301,56.9901,37510300.0
2006-09-01,57.4901,57.9301,57.1901,57.7701,48794500.0
2006-09-05,57.8601,58.2001,57.5501,58.0201,52348300.0
2006-09-06,57.4601,57.5101,56.6801,56.8601,53795600.0
2006-09-07,56.4101,56.9201,55.7001,56.2601,86269400.0
2006-09-08,56.4301,56.8101,56.1801,56.6301,45096300.0
2006-09-11,56.2101,57.0401,55.8301,56.7601,68496600.0
2006-09-12,56.9101,58.1901,56.7201,58.0401,69875600.0
2006-09-13,57.9901,58.8001,57.8701,58.5701,62898400.0
2006-09-14,58.3101,58.5901,58.1001,58.5801,57805400.0
2006-09-15,58.6601,58.7401,58.0301,58.3101,76703100.0
2006-09-18,58.1401,58.7401,58.0001,58.4901,64154100.0
2006-09-19,58.4701,58.4801,57.4201,58.1601,92089100.0
2006-09-20,58.6001,59.1201,58.4101,58.8601,75204100.0
2006-09-21,58.9601,59.1001,57.7701,58.2201,88932500.0
2006-09-22,58.0201,58.0301,57.3501,57.8201,65966800.0
2006-09-25,58.0801,59.2001,57.4001,58.8301,92299100.0
2006-09-26,58.8501,59.9501,58.7501,59.9301,73962700.0
2006-09-27,59.8401,60.3201,59.6201,60.0901,82432200.0
2006-09-28,60.0901,60.3401,59.6301,60.0401,58597500.0
2006-09-29,60.1501,60.2901,59.8301,59.9301,47966600.0
2006-10-02,59.8901,60.1801,59.3001,59.4301,51687400.0
2006-10-03,59.2401,60.2201,59.0001,59.7101,73108100.0
2006-10-04,59.5801,61.3501,59.4301,61.2701,80890500.0
2006-10-05,61.2701,61.7601,61.1001,61.5301,60505900.0
2006-10-06,61.3001,61.4501,60.7501,61.3601,64983600.0
2006-10-09,61.2001,61.6501,60.9901,61.4401,41176800.0
2006-10-10,61.4501,61.8001,61.1901,61.6201,56403700.0
2006-10-11,61.1901,61.7801,60.6501,61.4601,104071800.0
2006-10-12,61.8001,62.7401,61.7501,62.6301,59158600.0
2006-10-13,62.5101,63.0601,62.3901,62.9801,53944000.0
2006-10-16,62.8701,63.4001,62.7701,63.1901,42273000.0
2006-10-17,62.8201,63.0501,62.0201,62.7601,90500600.0
2006-10-18,63.3901,63.7201,62.4501,62.9401,86848600.0
2006-10-19,62.7401,63.2301,62.5801,63.1601,64063200.0
2006-10-20,63.1901,63.3001,62.6801,63.1901,48094500.0
2006-10-23,62.9101,64.1501,62.7401,63.8201,66219900.0
2006-10-24,63.6301,64.2801,63.5701,64.2301,53234900.0
2006-10-25,64.0901,64.7601,63.8601,64.7001,78105400.0
2006-10-26,65.0101,65.3501,64.3301,65.1301,66843700.0
2006-10-27,64.9601,65.1001,63.9801,64.2601,80238000.0
2006-10-30,64.0101,64.5501,63.7501,64.1601,49717800.0
2006-10-31,64.4201,64.6101,63.6001,64.1401,71274100.0
2006-11-01,64.5701,64.6601,63.0701,63.2101,83005600.0
2006-11-02,62.8601,63.3601,62.7101,63.1301,60693100.0
2006-11-03,63.6201,63.7401,61.9701,62.8901,71346400.0
2006-11-06,63.3101,64.6301,63.3001,64.4301,63303300.0
2006-11-07,64.5501,65.3301,64.3501,64.9601,63318900.0
2006-11-08,64.3501,65.4001,63.2101,65.2601,87517800.0
2006-11-09,65.3601,65.4901,64.2501,64.5301,95916300.0
2006-11-10,64.4901,64.6901,64.0701,64.5901,48991500.0
2006-11-13,64.5301,65.3901,64.4201,64.9301,59398200.0
2006-11-14,65.3201,66.0901,64.4701,65.9701,96704000.0
2006-11-15,65.9201,66.8001,65.8801,66.3701,76509600.0
2006-11-16,66.7901,67.0301,65.8401,66.7301,76728800.0
2006-11-17,66.2801,66.7801,66.0801,66.7701,56353800.0
2006-11-20,66.6501,67.0901,66.2901,66.8501,69174200.0
2006-11-21,66.8401,67.0201,66.6401,66.9901,51367900.0
2006-11-22,67.1001,67.5101,66.8501,67.2701,45505300.0
2006-11-24,66.5901,67.1901,66.5501,66.7001,30998000.0
2006-11-27,66.6301,66.7001,64.7301,64.7701,84545100.0
2006-11-28,64.5901,65.5101,64.4601,65.3701,106652900.0
2006-11-29,65.8201,66.8801,65.4301,66.8201,90034900.0
2006-11-30,66.7901,67.4001,66.1101,66.8801,83994300.0
2006-12-01,66.8801,67.0101,65.3201,66.5701,126080000.0
2006-12-04,66.6001,67.9001,66.5801,67.6401,87813200.0
2006-12-05,67.9101,68.3101,67.6101,68.2501,73374400.0
2006-12-06,68.2201,68.4201,67.8501,68.1301,53253200.0
2006-12-07,68.3801,68.6501,67.4601,67.5101,62857400.0
2006-12-08,67.4801,68.2501,67.1301,67.7701,79625500.0
2006-12-11,67.7701,68.4401,67.6901,68.1801,39779400.0
2006-12-12,68.0401,68.2201,67.2401,68.0701,77451600.0
2006-12-13,68.5801,68.6901,67.9101,68.2201,55520200.0
2006-12-14,68.2101,69.5901,68.1901,69.4701,64755200.0
2006-12-15,68.9901,69.2401,68.5901,68.6901,70857400.0
2006-12-18,68.8901,69.2301,68.1001,68.3001,48954600.0
2006-12-19,67.9001,68.9101,67.5401,68.5701,65023600.0
2006-12-20,68.6301,69.0101,68.3601,68.4901,41469600.0
2006-12-21,68.6201,68.7801,67.6701,67.9701,48698400.0
2006-12-22,67.9901,68.0001,67.0201,67.1001,62069100.0
2006-12-26,67.1601,67.9601,67.1301,67.9301,32696900.0
2006-12-27,68.2201,68.9501,68.1801,68.8601,39727100.0
2006-12-28,68.7601,69.0501,68.3401,68.5601,37288800.0
2006-12-29,68.4101,68.8901,67.7801,67.9701,45461200.0
2007-01-03,68.6001,69.2101,66.9201,67.7201,94807600.0
2007-01-04,67.5801,68.4001,66.9601,68.0201,69620600.0
2007-01-05,67.6801,67.7501,66.7301,66.8901,76645300.0
2007-01-08,67.1701,67.7601,66.6001,67.5401,71655000.0
2007-01-09,67.6601,67.9501,66.7501,67.4201,75680100.0
2007-01-10,66.9301,67.9201,66.6501,67.8901,72428000.0
2007-01-11,67.9301,68.9701,67.8501,68.5101,54476800.0
2007-01-12,68.5001,69.5901,68.4601,69.5901,55370600.0
2007-01-16,69.4201,69.7901,69.0801,69.3101,44871300.0
2007-01-17,69.2001,69.8101,69.0801,69.3701,50241400.0
2007-01-18,69.5201,69.6101,68.6601,68.8901,68177300.0
2007-01-19,68.8901,69.4501,68.8101,69.1701,56973000.0
2007-01-22,69.4201,69.4501,68.2801,68.7301,60253600.0
2007-01-23,68.6101,69.4301,68.4101,69.1501,54064400.0
2007-01-24,69.3201,70.3301,69.2601,70.3001,55834700.0
2007-01-25,70.2101,70.2701,68.3601,68.6101,73583800.0
2007-01-26,68.9201,69.0001,67.9301,68.4801,67255600.0
2007-01-29,68.5401,69.1501,68.0901,68.4001,66114600.0
2007-01-30,68.7001,69.2101,68.4101,69.1401,70407600.0
2007-01-31,68.9801,70.4801,68.7501,70.1001,91868600.0
2007-02-01,70.5001,71.0101,70.2601,70.9601,69312400.0
2007-02-02,71.0801,71.3001,70.7301,71.1601,49607000.0
2007-02-05,71.0501,71.2901,70.6901,71.2001,45705300.0
2007-02-06,71.3201,71.3801,70.6801,71.2401,57081300.0
2007-02-07,71.4701,71.7101,70.9201,71.5601,55669700.0
2007-02-08,71.1301,71.4701,70.6201,71.3701,70641000.0
2007-02-09,71.4101,71.6801,69.7401,70.2901,79084400.0
2007-02-12,70.2901,70.3901,69.5401,69.8001,65657000.0
2007-02-13,70.1201,71.2501,70.1101,71.0101,64081800.0
2007-02-14,71.1501,72.2501,71.1301,71.9601,66039400.0
2007-02-15,72.0201,72.3001,71.7801,72.1501,38715200.0
2007-02-16,71.7901,72.1101,71.5801,72.0801,39841800.0
2007-02-20,71.9101,72.5501,71.3501,72.3901,56911800.0
2007-02-21,71.9601,72.4201,71.7001,72.3301,63971600.0
2007-02-22,72.4001,72.7701,71.5201,72.2201,79067400.0
2007-02-23,72.0901,72.1401,71.3801,71.6501,71966200.0
2007-02-26,72.1801,72.3001,71.1001,71.5201,69192800.0
2007-02-27,70.2301,70.5501,65.3501,65.8501,274466496.0
2007-02-28,66.7401,68.3301,66.1501,67.2801,177536300.0
2007-03-01,65.6901,67.6001,64.4001,66.8601,212828600.0
2007-03-02,66.4001,67.0101,65.0101,65.0201,162574000.0
2007-03-05,64.2801,65.9301,63.6801,63.7001,143750400.0
2007-03-06,65.1301,66.4701,64.0701,66.0501,143333300.0
2007-03-07,65.9401,66.8101,65.7501,65.9101,115144900.0
2007-03-08,66.8901,67.5101,66.4201,67.0901,117891600.0
2007-03-09,67.6601,67.7701,66.4301,67.1301,107765100.0
2007-03-12,66.7701,67.6901,66.5101,67.3401,80366900.0
2007-03-13,66.5301,67.1201,64.3901,64.6001,190605200.0
2007-03-14,64.7801,65.7101,63.1001,65.6301,231853800.0
2007-03-15,65.3201,66.3401,65.1501,65.8201,132435900.0
2007-03-16,65.6601,65.9801,64.4701,64.8801,121531600.0
2007-03-19,65.6101,66.6801,65.5001,66.5501,96161200.0
2007-03-20,66.4301,67.4001,66.3101,67.3201,82147400.0
2007-03-21,67.4501,70.0001,67.1701,69.6401,152368700.0
2007-03-22,69.8301,70.0301,69.1401,69.5301,118942200.0
2007-03-23,69.6301,70.1601,69.5001,69.7401,74416800.0
2007-03-26,69.8501,70.0001,68.4401,69.5501,113787500.0
2007-03-27,69.4701,69.5101,68.7401,69.2101,99864600.0
2007-03-28,68.4901,68.8201,67.6101,68.1701,152907900.0
2007-03-29,68.8901,68.9601,67.5401,68.3201,139432700.0
2007-03-30,68.5901,69.1901,66.9101,68.3501,128194100.0
2007-04-02,68.5101,68.8101,67.8301,68.5101,79416400.0
2007-04-03,69.3201,70.3301,69.2601,70.0401,82417800.0
2007-04-04,70.0401,70.3001,69.5101,70.2001,63995200.0
2007-04-05,70.0201,70.7901,69.9601,70.5901,46822800.0
2007-04-09,71.0001,71.1501,70.5001,70.7901,50967400.0
2007-04-10,70.6801,71.2001,70.6201,70.9601,56620000.0
2007-04-11,71.1701,71.2101,69.8901,70.3701,106365700.0
2007-04-12,70.0901,71.2701,69.6901,71.0101,115534400.0
2007-04-13,71.2501,71.6701,70.7101,71.6701,84287000.0
2007-04-16,72.1801,73.2101,72.1701,73.0501,83064600.0
2007-04-17,73.3201,73.7501,73.0001,73.4401,108424100.0
2007-04-18,72.9501,74.0501,72.9201,73.6201,88345300.0
2007-04-19,72.9001,73.7501,72.7101,73.5801,102947700.0
2007-04-20,74.5701,74.9701,73.3901,74.9701,124114100.0
2007-04-23,74.7201,75.0801,74.3201,74.4101,77270800.0
2007-04-24,74.5801,74.7501,73.6701,74.4701,114471000.0
2007-04-25,75.0801,76.0101,74.3701,75.8301,108418800.0
2007-04-26,75.8401,76.1501,75.4501,76.0001,88741600.0
2007-04-27,75.4401,76.0901,75.1901,75.8801,108191100.0
2007-04-30,75.9901,76.0901,74.5601,74.6401,100874100.0
2007-05-01,74.7701,75.8201,74.0201,75.0201,134342700.0
2007-05-02,75.2501,76.3001,75.1001,75.8901,87129800.0
2007-05-03,76.3201,76.7501,76.0801,76.7001,86569700.0
2007-05-04,77.1001,77.4701,76.5701,77.2701,96409000.0
2007-05-07,77.2301,77.5501,77.1601,77.3001,63461400.0
2007-05-08,76.9301,77.2701,76.4801,77.1001,80584000.0
2007-05-09,76.9901,79.1701,76.7201,77.5101,102070100.0
2007-05-10,77.0801,77.3701,75.6201,75.9301,153617800.0
2007-05-11,76.1001,77.2801,76.0701,77.2101,113408900.0
2007-05-14,77.2101,77.6501,76.1401,76.8801,108027500.0
2007-05-15,77.0501,78.0101,76.5401,76.9201,180673300.0
2007-05-16,77.1501,77.9801,76.7301,77.9501,114166500.0
2007-05-17,77.7301,78.3101,77.4601,77.6501,101132800.0
2007-05-18,78.3601,78.9701,78.1601,78.9701,99182000.0
2007-05-21,78.9301,79.5801,78.8501,78.8901,174664600.0
2007-05-22,79.0501,79.5101,78.7301,78.7701,82148800.0
2007-05-23,79.3001,79.8501,78.7101,78.7901,133786600.0
2007-05-24,78.8801,79.5601,77.0901,77.4101,187593000.0
2007-05-25,77.8501,78.3701,77.5301,78.0401,83309200.0
2007-05-29,78.2901,78.8501,77.8001,78.5901,82020000.0
2007-05-30,77.8101,79.8901,77.6901,79.8301,129013600.0
2007-05-31,80.0201,80.2401,79.4701,79.6701,114866700.0
2007-06-01,80.2301,80.7501,79.8601,80.4301,107771700.0
2007-06-04,79.8901,80.7401,79.8301,80.4501,78008800.0
2007-06-05,80.0901,80.2501,79.2101,79.8401,126917900.0
2007-06-06,79.2101,79.3001,78.1001,78.1901,164096800.0
2007-06-07,77.9101,78.8501,75.4101,75.4501,232414600.0
2007-06-08,75.9301,77.5401,75.4401,77.3901,175886000.0
2007-06-11,77.2801,78.3001,77.0501,77.6501,102015600.0
2007-06-12,77.0201,77.8901,75.9001,76.0001,233898000.0
2007-06-13,76.8501,78.4201,76.0701,78.2401,193208200.0
2007-06-14,78.4101,79.4701,78.3801,79.2101,146396500.0
2007-06-15,79.4901,80.0101,79.2801,79.4201,154030800.0
2007-06-18,79.7301,79.7401,79.0101,79.2401,88537500.0
2007-06-19,78.9001,79.7301,78.7101,79.6201,110851700.0
2007-06-20,79.9301,79.9301,77.3101,77.4901,177119700.0
2007-06-21,77.4301,78.4601,76.6001,78.3301,205262000.0
2007-06-22,77.8701,78.1201,76.2001,76.9001,204964700.0
2007-06-25,76.5901,77.6001,75.3701,76.1801,232014400.0
2007-06-26,76.5601,76.8101,74.6301,74.6401,198445700.0
2007-06-27,74.4801,76.9201,74.4101,76.7501,213638000.0
2007-06-28,76.7301,77.7601,76.0201,76.7301,157705000.0
2007-06-29,77.2501,78.0001,75.5001,76.7801,199701800.0
2007-07-02,77.2201,78.2701,77.1201,78.1401,103357000.0
2007-07-03,78.5301,78.8501,78.3401,78.6901,54048400.0
2007-07-05,78.7501,78.9101,77.9801,78.5301,89279000.0
2007-07-06,78.7301,79.5201,78.2801,79.3301,81109000.0
2007-07-09,79.5101,79.7101,78.9701,79.4501,72348100.0
2007-07-10,78.6401,78.9601,77.1201,77.2701,180362600.0
2007-07-11,77.1001,78.4001,76.8701,78.3401,175607600.0
2007-07-12,78.7201,81.1001,78.6901,80.7401,133882500.0
2007-07-13,80.9201,81.8101,80.7401,81.2001,111794300.0
2007-07-16,81.3401,81.8801,80.9301,81.1801,98378700.0
2007-07-17,81.2801,81.8301,81.0301,81.1001,126201300.0
2007-07-18,80.5801,81.1501,79.6501,80.8201,237887400.0
2007-07-19,81.5501,81.8801,81.1001,81.4201,145212700.0
2007-07-20,81.2401,81.3401,79.1801,79.8501,245502500.0
2007-07-23,80.5301,81.0701,79.6501,80.3201,121183900.0
2007-07-24,79.4701,80.6301,77.1101,77.6501,256732400.0
2007-07-25,78.3701,78.7401,76.6001,77.9601,265214500.0
2007-07-26,76.5401,77.1501,72.7401,74.3701,467592496.0
2007-07-27,74.5601,75.2201,71.4001,71.4601,422987600.0
2007-07-30,72.2801,74.1601,71.6401,73.7301,283017504.0
2007-07-31,74.6801,75.8101,71.3901,72.0701,316976704.0
2007-08-01,71.5301,73.3601,70.3001,72.7801,467670000.0
2007-08-02,73.1101,74.1101,71.6101,73.9501,294758400.0
2007-08-03,73.6301,73.9301,69.5501,70.1501,359398208.0
2007-08-06,70.5601,73.1801,68.8801,72.5601,324980000.0
2007-08-07,72.2901,75.3501,71.5801,74.1201,232568700.0
2007-08-08,74.7601,76.9401,73.6901,76.1801,274930608.0
2007-08-09,73.7801,75.3001,71.6401,71.7401,357622096.0
2007-08-10,70.7401,72.8501,69.4701,71.0601,411018400.0
2007-08-13,72.8501,73.2401,71.3701,71.5801,181917200.0
2007-08-14,72.0501,72.4101,69.0701,69.3601,264134500.0
2007-08-15,69.0701,70.8101,66.9701,67.3901,323834000.0
2007-08-16,66.1401,69.2901,63.3501,68.4501,546743696.0
2007-08-17,71.8501,72.1601,67.7401,71.0601,388218096.0
2007-08-20,71.5201,71.8201,69.6401,70.9901,187320400.0
2007-08-21,70.9501,72.3201,70.4901,71.2801,157066400.0
2007-08-22,72.3601,73.1501,71.6801,73.0001,173156700.0
2007-08-23,73.6901,74.0001,71.9601,72.8701,203915300.0
2007-08-24,72.8301,74.6801,72.6301,74.6801,128901900.0
2007-08-27,74.2001,74.6801,73.0801,73.3001,113024300.0
2007-08-28,72.5101,72.6001,69.8101,70.0701,219790700.0
2007-08-29,70.7201,73.0901,70.3101,72.8901,207654200.0
2007-08-30,71.8001,73.5401,71.6601,72.5001,191817300.0
2007-08-31,74.0001,74.8501,73.1801,73.9401,185477500.0
2007-09-04,73.8001,76.3301,73.7501,75.4301,120062000.0
2007-09-05,74.5501,74.7101,73.3501,74.1401,166261800.0
2007-09-06,74.3001,74.9601,73.4701,74.4801,127878400.0
2007-09-07,72.8301,73.2401,71.6101,72.4201,235447600.0
2007-09-10,72.8701,73.0701,70.6801,72.1401,192305900.0
2007-09-11,72.5901,74.0501,72.4801,73.8401,162081900.0
2007-09-12,73.6401,74.7901,73.3301,74.2201,149554600.0
2007-09-13,74.9001,75.8001,74.5501,75.2601,154079000.0
2007-09-14,74.3101,75.4401,74.0901,75.2501,121911000.0
2007-09-17,74.6601,75.0001,73.9801,74.4501,109870800.0
2007-09-18,75.1801,78.8501,74.4801,78.8101,263759500.0
2007-09-19,79.7601,80.7401,79.0601,79.7101,193779900.0
2007-09-20,79.6901,79.7801,78.4601,78.6301,175186800.0
2007-09-21,79.0601,79.4701,78.0901,78.3201,141457500.0
2007-09-24,78.7701,79.1701,77.7101,78.0401,139450200.0
2007-09-25,77.1601,78.0101,76.8201,77.7401,142289900.0
2007-09-26,78.6001,79.1201,77.7401,78.5401,135547000.0
2007-09-27,79.2601,79.4501,78.5401,79.4401,102713300.0
2007-09-28,79.2001,79.5401,78.3301,78.9301,133372100.0
2007-10-01,78.9501,81.1001,78.8501,80.6501,148162300.0
2007-10-02,80.9601,81.0001,80.1601,80.4401,112978800.0
2007-10-03,80.1601,80.7601,79.3601,80.1301,119055900.0
2007-10-04,80.4601,80.6101,79.9401,80.3701,76864400.0
2007-10-05,81.3801,82.4501,80.9801,82.2001,134579700.0
2007-10-08,81.7401,81.8401,81.1201,81.3701,71280400.0
2007-10-09,81.9501,82.8501,81.3801,82.8301,94054300.0
2007-10-10,82.3901,82.7901,81.7601,82.5701,101711100.0
2007-10-11,83.2801,83.8701,80.8901,81.8201,233529100.0
2007-10-12,81.8101,82.7001,81.6201,82.6801,124546700.0
2007-10-15,82.6201,82.7101,80.2901,81.3601,161151900.0
2007-10-16,80.7601,80.8701,79.8201,80.1301,166525700.0
2007-10-17,81.3301,81.4401,78.8201,80.6001,216687300.0
2007-10-18,79.8001,80.5401,79.4301,80.0401,148367500.0
2007-10-19,79.4401,82.8301,76.0101,76.0201,297169904.0
2007-10-22,75.2101,77.1101,75.0101,76.8901,261989800.0
2007-10-23,77.8101,78.3001,76.6001,78.1101,180085100.0
2007-10-24,77.5601,78.0901,75.1901,77.8301,326694208.0
2007-10-25,78.0001,78.6401,76.2301,78.1901,237374500.0
2007-10-26,79.4101,79.9701,78.2501,79.9701,176484000.0
2007-10-29,80.2801,80.7901,79.9001,80.4801,106841000.0
2007-10-30,79.8001,80.1001,79.2201,79.4101,132981600.0
2007-10-31,80.3301,81.6201,79.1901,81.0001,220954400.0
2007-11-01,79.6401,79.7601,76.9401,77.3801,333040800.0
2007-11-02,77.8801,78.3501,75.5601,77.5501,331228208.0
2007-11-05,75.9901,77.5101,75.3201,76.4001,226841000.0
2007-11-06,77.2101,78.4601,76.2501,78.4201,177800500.0
2007-11-07,76.7901,77.4801,73.9001,74.2601,306639696.0
2007-11-08,74.3401,74.7501,71.4201,73.5101,374509904.0
2007-11-09,72.0401,73.8901,71.2401,71.4901,277745104.0
2007-11-12,71.5601,72.9601,70.0501,70.0501,243087800.0
2007-11-13,71.7201,74.6601,71.5701,74.4301,191117400.0
2007-11-14,75.5701,75.7501,73.1301,74.0201,230558800.0
2007-11-15,72.9201,73.8401,70.8701,71.8901,263111100.0
2007-11-16,72.6601,72.8201,70.9201,72.1401,308770608.0
2007-11-19,71.6301,71.7101,69.5401,70.1101,267746000.0
2007-11-20,70.3701,71.8801,68.4601,70.9901,414767504.0
2007-11-21,69.4301,70.2601,68.0201,68.0301,259012400.0
2007-11-23,69.4201,70.6901,69.0501,70.4801,77688400.0
2007-11-26,70.7801,71.2301,67.0101,67.3001,214232000.0
2007-11-27,68.0901,69.5801,67.3001,68.9201,293897904.0
2007-11-28,70.5401,73.8201,70.4901,73.4801,258596900.0
2007-11-29,72.9701,74.0701,72.4501,73.5301,199409900.0
2007-11-30,75.3901,76.2201,73.6801,75.0101,222908000.0
2007-12-03,74.5401,74.8001,73.6401,74.0301,146430400.0
2007-12-04,73.0101,73.8901,72.6601,72.7101,136533900.0
2007-12-05,74.2801,75.5501,74.1801,75.1601,171130000.0
2007-12-06,74.9801,77.5601,74.9201,77.2901,154457400.0
2007-12-07,77.7701,77.8501,76.9001,77.2601,148980100.0
2007-12-10,77.6301,78.6001,77.2101,78.4301,123914300.0
2007-12-11,78.4901,79.2401,74.1801,74.2601,250346400.0
2007-12-12,77.4101,78.1201,73.5501,75.7201,322435600.0
2007-12-13,74.6701,75.7401,73.6501,75.4101,237551300.0
2007-12-14,74.2801,75.4501,73.4501,73.5201,159152900.0
2007-12-17,72.9601,73.2201,71.2101,71.4201,177269400.0
2007-12-18,72.4501,72.8301,70.3101,72.2301,245569300.0
2007-12-19,72.2901,73.2401,71.2901,72.2301,198917200.0
2007-12-20,73.1901,73.2101,71.5301,73.1501,214813800.0
2007-12-21,73.7201,74.7701,73.4401,74.4801,146084400.0
2007-12-24,75.1701,75.8301,74.8301,75.5801,45601400.0
2007-12-26,75.0001,76.0301,74.8501,75.9001,67093100.0
2007-12-27,75.3701,75.3801,73.6701,74.0201,122981700.0
2007-12-28,74.8901,74.9601,73.2501,73.6501,116398100.0
2007-12-31,73.4501,73.9601,72.4101,72.5601,108126800.0
2008-01-02,72.8801,73.3401,70.2301,71.2801,204935600.0
2008-01-03,71.2601,71.8401,70.4201,71.2101,125133300.0
2008-01-04,69.6901,69.7901,67.2601,67.6601,232330900.0
2008-01-07,68.1601,68.5801,66.4501,67.5401,234991000.0
2008-01-08,68.4301,69.2501,64.7901,65.2601,326365696.0
2008-01-09,65.4401,67.1401,64.0501,66.7201,301824896.0
2008-01-10,66.0301,69.1501,65.7201,67.6401,335701200.0
2008-01-11,67.1301,68.2501,65.3501,66.5001,267076600.0
2008-01-14,67.5101,68.2101,66.7501,67.6301,170365500.0
2008-01-15,66.1401,67.8401,64.2501,64.5201,239940100.0
2008-01-16,63.7101,65.4701,62.6301,63.3301,378802608.0
2008-01-17,64.1601,64.2301,59.2801,59.7801,397892608.0
2008-01-18,61.0901,61.3701,57.4501,58.4101,348561504.0
2008-01-22,53.5601,58.7801,52.3501,57.0701,435923696.0
2008-01-23,53.4401,60.5401,53.1901,60.2101,511913008.0
2008-01-24,60.8301,61.8101,59.6601,61.3401,259949300.0
2008-01-25,62.8601,63.1101,58.9501,59.3901,269603904.0
2008-01-28,59.6101,61.8701,58.4101,61.5901,217934600.0
2008-01-29,62.4501,62.8001,61.2301,62.2601,168968300.0
2008-01-30,61.9301,64.8901,60.9501,61.2601,334939200.0
2008-01-31,59.7501,64.8901,59.5501,63.7201,343680800.0
2008-02-01,64.2901,65.9601,63.8701,65.9301,206843600.0
2008-02-04,65.5601,65.6501,63.9901,64.1701,124694300.0
2008-02-05,62.2901,62.6001,60.0201,60.4801,286882496.0
2008-02-06,60.9301,61.6001,58.7601,59.4001,250792900.0
2008-02-07,58.1501,61.1401,58.0801,60.2801,297368096.0
2008-02-08,59.4401,60.5701,58.4501,59.4201,221643500.0
2008-02-11,59.4501,60.5801,58.3901,60.1001,188576300.0
2008-02-12,61.2601,62.6601,60.3301,61.3401,256654400.0
2008-02-13,62.3601,63.4101,61.4901,62.7201,181967800.0
2008-02-14,63.3001,63.3501,61.1401,61.5201,215207200.0
2008-02-15,60.8501,61.5701,60.2601,61.4901,154110300.0
2008-02-19,63.0701,63.2401,60.9601,61.8701,145190000.0
2008-02-20,60.3401,62.9001,60.1101,62.2701,220085700.0
2008-02-21,63.0101,63.3601,60.4201,61.1401,201051200.0
2008-02-22,61.3201,62.2001,59.2101,61.9701,205491000.0
2008-02-25,61.8901,64.0001,61.1301,63.6801,190107000.0
2008-02-26,63.1001,65.3001,62.8501,64.7101,212420700.0
2008-02-27,63.9101,65.4901,63.7601,64.5701,168395800.0
2008-02-28,63.5901,64.3101,62.9001,63.2201,170831100.0
2008-02-29,61.9501,62.0301,59.1301,60.1701,252715200.0
2008-03-03,59.4901,60.1601,58.5901,59.8501,189483500.0
2008-03-04,58.5801,59.7501,57.3401,59.3401,282513104.0
2008-03-05,59.7701,61.1201,58.6901,60.1801,270681408.0
2008-03-06,59.3301,59.5701,56.9001,57.4101,247911700.0
2008-03-07,56.1201,58.0901,54.9301,56.0601,326434608.0
2008-03-10,56.1901,56.2801,53.9401,54.3501,235683600.0
2008-03-11,57.0701,59.0701,55.3001,58.9501,341440608.0
2008-03-12,59.0901,60.1201,57.5101,57.7101,229161100.0
2008-03-13,55.9601,58.9901,54.9501,58.0001,351504208.0
2008-03-14,59.1201,59.1601,54.1301,55.9601,484687808.0
2008-03-17,52.9201,55.6101,52.4201,54.6501,405311104.0
2008-03-18,56.9701,60.0401,56.3301,59.9801,334416608.0
2008-03-19,60.4901,61.0001,56.3901,56.6701,345971600.0
2008-03-20,56.4001,59.2601,55.6101,58.4301,245320700.0
2008-03-24,59.6601,62.1601,59.5901,61.0701,208977300.0
2008-03-25,61.2101,61.9001,60.1201,61.2001,192947200.0
2008-03-26,60.8101,61.4401,59.4601,59.5501,196934300.0
2008-03-27,60.5501,60.7901,58.7101,59.1301,225153200.0
2008-03-28,59.3401,59.7101,57.4101,57.8601,180896100.0
2008-03-31,57.6401,59.0801,57.4401,58.3201,166692100.0
2008-04-01,59.9601,63.1901,59.8601,62.9601,254547300.0
2008-04-02,63.4001,64.0201,62.3301,63.0501,210910800.0
2008-04-03,62.3101,63.7901,62.0601,63.3901,175884800.0
2008-04-04,63.4701,64.3101,62.4701,63.2401,204446800.0
2008-04-07,64.2201,64.9201,63.0901,63.3101,154245500.0
2008-04-08,62.5401,63.2701,62.3001,63.1701,148937300.0
2008-04-09,62.9601,63.1501,61.2401,62.1801,195610600.0
2008-04-10,61.7701,63.0201,61.2501,62.3701,192967800.0
2008-04-11,60.8401,61.4701,59.3601,59.7301,222973300.0
2008-04-14,59.5401,59.8901,58.9001,59.2801,160522000.0
2008-04-15,59.9301,60.0401,58.6801,59.5901,172389200.0
2008-04-16,60.8901,63.2601,60.8701,63.2001,189268900.0
2008-04-17,62.3701,63.6001,62.0101,63.4001,179665700.0
2008-04-18,65.2901,65.9101,64.6101,64.8301,218530600.0
2008-04-21,64.5801,65.3301,64.2001,64.9001,118587400.0
2008-04-22,64.5401,64.6601,63.2501,64.2901,162166000.0
2008-04-23,64.4401,65.1301,63.4701,64.0701,193309000.0
2008-04-24,64.4301,66.0901,63.3901,64.6701,229381300.0
2008-04-25,65.7501,66.2401,64.2601,65.9501,190788100.0
2008-04-28,66.2301,66.6001,65.7301,65.9801,105610200.0
2008-04-29,65.7401,66.0801,64.9601,65.4301,125514100.0
2008-04-30,65.6401,66.9401,64.6101,64.6101,208395900.0
2008-05-01,64.7301,67.4701,64.6201,67.4701,187279500.0
2008-05-02,68.6901,68.7201,66.9101,67.8601,181585500.0
2008-05-05,67.4001,67.9601,66.7601,67.1801,118504500.0
2008-05-06,66.3701,68.5501,66.0401,68.4001,179339800.0
2008-05-07,68.2401,68.3901,65.4801,65.8701,199267300.0
2008-05-08,66.0901,66.6701,65.3301,65.5101,178321200.0
2008-05-09,64.9501,65.7401,64.8001,65.2501,152588200.0
2008-05-12,65.6001,66.9101,65.0801,66.8101,147865900.0
2008-05-13,67.1501,67.2401,66.0801,66.8301,159132200.0
2008-05-14,67.4201,68.5501,66.8101,67.1201,181910800.0
2008-05-15,67.3901,68.9801,67.1801,68.8801,166927000.0
2008-05-16,69.2101,69.2201,67.9601,69.0101,204236800.0
2008-05-19,69.1601,70.6501,68.6501,69.4001,165664400.0
2008-05-20,68.6201,68.6901,67.3501,68.2401,178552100.0
2008-05-21,68.1601,68.4701,65.3501,65.8401,252724800.0
2008-05-22,65.7801,66.5201,65.3501,65.8601,170820400.0
2008-05-23,65.4001,66.0101,63.8701,63.9901,181376400.0
2008-05-27,64.1501,65.3501,63.8801,65.0101,168322900.0
2008-05-28,65.5201,66.3501,64.3501,65.6501,181288100.0
2008-05-29,65.4801,67.2801,65.4301,66.3501,173927200.0
2008-05-30,66.8201,67.0901,66.2901,66.7001,117362000.0
2008-06-02,66.1801,66.2101,64.3501,65.2501,181069900.0
2008-06-03,65.6501,65.9701,63.5801,64.4401,271965696.0
2008-06-04,64.0501,65.5101,63.8101,64.3701,246637700.0
2008-06-05,64.9301,67.2401,64.6701,67.1301,237867100.0
2008-06-06,65.9001,66.1501,62.5701,62.6401,384276304.0
2008-06-09,63.2101,63.8501,61.7601,62.9701,228263900.0
2008-06-10,62.0201,63.4501,61.7001,62.2901,260234900.0
2008-06-11,62.3201,62.6101,60.2801,60.2901,283890096.0
2008-06-12,60.9501,62.2201,59.8701,60.8001,252791800.0
2008-06-13,61.5201,62.8701,60.7701,62.5001,244726900.0
2008-06-16,61.9001,63.2801,61.8101,62.5801,185832500.0
2008-06-17,63.4201,63.4701,61.7201,61.9201,191707700.0
2008-06-18,61.0401,61.8701,60.0601,60.6001,265893000.0
2008-06-19,60.5001,61.5901,59.8501,60.7701,304204896.0
2008-06-20,59.1901,59.4401,57.5701,57.9301,289275696.0
2008-06-23,58.4401,58.5801,57.6701,57.8001,165096400.0
2008-06-24,57.4001,58.7901,56.5401,57.5401,267300600.0
2008-06-25,58.0701,59.7501,57.5901,58.1601,287853904.0
2008-06-26,56.9201,57.7701,54.4301,54.5801,297775008.0
2008-06-27,54.6301,55.2101,53.3901,53.8801,303423408.0
2008-06-30,54.2401,55.2601,53.6501,54.3301,258842600.0
2008-07-01,52.8701,54.8201,52.2801,54.7301,388622000.0
2008-07-02,55.1401,55.5101,52.3001,52.5301,288064608.0
2008-07-03,53.4601,53.4601,51.3401,52.6601,239352500.0
2008-07-07,53.1401,53.6901,50.2701,51.3701,372427296.0
2008-07-08,51.3401,53.7401,50.5501,53.5901,375973696.0
2008-07-09,53.8501,54.0901,50.7401,51.1401,336729408.0
2008-07-10,50.7801,52.1401,49.9301,51.6501,436475696.0
2008-07-11,50.3201,52.2501,48.8401,50.1901,481124608.0
2008-07-14,51.6101,51.8501,48.7501,49.0701,322720800.0
2008-07-15,48.1501,49.8401,46.3701,47.3401,502502496.0
2008-07-16,47.8001,50.9201,47.4501,50.3101,371642896.0
2008-07-17,51.4901,52.6101,50.4401,51.5501,375490608.0
2008-07-18,52.5201,52.7701,51.5001,52.3301,267030100.0
2008-07-21,52.8601,53.1501,51.5401,52.4001,222863000.0
2008-07-22,51.5001,54.1501,51.2001,53.8301,296904208.0
2008-07-23,54.2401,55.5001,53.9001,54.5201,311698400.0
2008-07-24,54.6901,54.7601,51.5101,51.8601,248634500.0
2008-07-25,52.2401,52.8401,51.5201,51.8301,219131000.0
2008-07-28,51.8601,52.4101,49.7701,49.9901,205201300.0
2008-07-29,50.3301,52.7301,49.9901,52.6301,261505600.0
2008-07-30,53.4601,54.9501,52.6301,54.8801,354710000.0
2008-07-31,53.7501,54.9201,52.9801,53.1801,277402096.0
2008-08-01,53.4701,53.6301,51.8101,52.5101,248690900.0
2008-08-04,52.3901,52.4901,51.1101,51.3401,188239600.0
2008-08-05,52.3701,54.9101,51.3201,54.7101,251577600.0
2008-08-06,54.3701,55.6501,53.8301,55.2801,209555400.0
2008-08-07,54.3101,54.7901,52.8901,53.3601,246312500.0
2008-08-08,52.9301,56.2801,52.7301,55.7201,260811700.0
2008-08-11,55.8201,57.8601,55.5801,57.0601,249425800.0
2008-08-12,56.6301,57.0501,55.0801,55.7001,213200800.0
2008-08-13,55.1401,56.0001,54.0201,54.9201,256393200.0
2008-08-14,54.1901,56.6301,54.1001,55.8901,239555300.0
2008-08-15,56.2801,56.8501,55.6501,56.5201,181000800.0
2008-08-18,56.7801,56.8301,54.0101,54.7401,172275100.0
2008-08-19,53.7701,54.0401,52.8801,53.3401,194673700.0
2008-08-20,53.7401,54.3001,52.6901,53.9301,225498200.0
2008-08-21,53.1001,54.7901,52.9501,54.1501,180609800.0
2008-08-22,55.0201,56.0001,54.1501,56.0001,167715300.0
2008-08-25,55.1501,56.0001,53.1001,53.3701,171936900.0
2008-08-26,53.3701,54.2201,52.9301,53.7401,159117200.0
2008-08-27,53.9001,55.1801,53.6501,54.9801,171032800.0
2008-08-28,55.6301,56.6901,55.4601,56.5401,167537100.0
2008-08-29,56.0801,56.4901,54.8601,55.1401,189195800.0
2008-09-02,56.3801,57.0601,53.8701,54.3401,252364900.0
2008-09-03,54.2301,54.8501,53.2801,54.2301,251947000.0
2008-09-04,53.3201,53.5801,50.3101,50.3801,340042496.0
2008-09-05,49.6401,51.3001,48.3501,50.7701,289503408.0
2008-09-08,54.3901,54.5901,50.7701,53.3401,364075296.0
2008-09-09,53.4501,53.7101,49.1501,49.5701,377326800.0
2008-09-10,50.2401,51.2501,48.9001,50.0701,298916608.0
2008-09-11,48.4701,52.0901,47.9501,51.8601,375369408.0
2008-09-12,50.6401,52.5601,50.1801,52.4401,297851200.0
2008-09-15,47.9801,52.0001,46.2401,46.4401,483607008.0
2008-09-16,43.5501,48.6701,43.3501,48.4501,581744304.0
2008-09-17,45.9901,48.2001,42.3501,42.9601,624095600.0
2008-09-18,44.4001,48.1401,40.1501,46.4201,776114704.0
2008-09-19,53.0501,54.3501,49.6801,50.4701,501087808.0
2008-09-22,50.8001,51.1001,46.7101,47.6601,249966500.0
2008-09-23,47.2001,48.3701,44.6301,44.9001,327470400.0
2008-09-24,45.7001,46.3501,44.1401,45.2801,311818400.0
2008-09-25,45.7501,48.2601,44.7901,47.1401,328253008.0
2008-09-26,45.1801,47.8501,44.8601,47.2001,285917408.0
2008-09-29,45.4901,45.6901,37.3201,37.7301,459562304.0
2008-09-30,39.8601,43.1501,36.8801,42.3401,328154400.0
2008-10-01,41.6201,43.0401,40.3001,42.4101,332783008.0
2008-10-02,41.3001,41.4601,37.4101,38.2001,365337808.0
2008-10-03,39.2101,41.8001,36.0301,36.6901,461798000.0
2008-10-06,33.5001,33.9701,26.9901,31.0701,610637504.0
2008-10-07,33.1901,33.6801,26.0001,26.3801,540012096.0
2008-10-08,23.8701,28.5301,23.1601,23.8601,725414800.0
2008-10-09,26.0101,26.9701,16.6001,17.0501,534485200.0
2008-10-10,13.1101,20.2901,9.9301,14.8501,871026304.0
2008-10-13,20.2201,27.7001,16.3001,27.7001,455584000.0
2008-10-14,31.0501,31.8801,23.4601,26.2001,546268304.0
2008-10-15,23.8101,24.1501,16.0601,16.3701,484627504.0
2008-10-16,17.6401,21.1201,12.8901,20.1201,708811200.0
2008-10-17,18.3401,24.9401,18.0001,19.5601,476649008.0
2008-10-20,21.7001,25.4501,20.4401,25.1601,321294208.0
2008-10-21,23.3201,24.9901,21.5701,22.2101,356502000.0
2008-10-22,19.5501,22.2101,13.8801,16.9901,516168000.0
2008-10-23,16.6401,18.8001,12.1601,18.0401,634666400.0
2008-10-24,10.4101,16.2701,10.3501,13.3901,545812608.0
2008-10-27,12.3201,15.8601,10.0501,10.3001,397288608.0
2008-10-28,13.6901,20.5901,10.8801,20.1101,639939504.0
2008-10-29,20.1201,23.5201,18.4501,19.4301,531270096.0
2008-10-30,22.1301,22.8901,19.2501,22.6501,414582096.0
2008-10-31,21.4301,24.9201,20.8301,23.1801,411394000.0
2008-11-03,23.1301,24.0401,22.3001,23.4601,205419400.0
2008-11-04,25.4101,27.2101,23.0601,26.7601,346793408.0
2008-11-05,25.5501,27.0601,21.3501,22.5401,387844096.0
2008-11-06,20.8101,21.7901,16.4101,17.2101,477721904.0
2008-11-07,18.0001,20.3501,16.8501,20.2101,380391008.0
2008-11-10,21.5601,21.8801,17.2701,18.9801,301773008.0
2008-11-11,17.1101,18.4901,15.0001,16.1201,418498208.0
2008-11-12,14.5801,15.3001,11.4701,12.1701,454330608.0
2008-11-13,12.4801,18.0801,8.4401,17.5201,753141904.0
2008-11-14,15.7601,18.4101,12.8701,12.9701,540352304.0
2008-11-17,12.7301,14.9101,11.5101,11.8201,415254896.0
2008-11-18,11.5001,13.5701,9.2601,13.4301,523811808.0
2008-11-19,12.2601,13.2201,7.2701,7.8501,558327600.0
2008-11-20,6.4801,8.8601,1.4001,1.8001,814180400.0
2008-11-21,3.8101,7.2501,0.6901,5.8701,718536496.0
2008-11-24,8.2701,13.3401,6.7101,11.3801,523305296.0
2008-11-25,13.6501,13.8601,10.1701,12.0101,454112400.0
2008-11-26,10.6501,15.5401,10.5901,15.3201,370134208.0
2008-11-28,14.9801,16.4801,14.8301,16.4401,118308100.0
2008-12-01,13.8601,13.9001,8.2101,8.4601,369927104.0
2008-12-02,9.8201,11.8401,8.3901,11.6201,469508400.0
2008-12-03,9.7501,14.1801,9.4901,13.6701,519863504.0
2008-12-04,12.4101,14.4001,10.0901,11.6501,444173808.0
2008-12-05,10.0001,14.7701,8.5901,14.2801,471905296.0
2008-12-08,16.6901,18.7301,14.4301,17.3501,412859296.0
2008-12-09,16.7201,18.4801,15.3301,15.8501,370790000.0
2008-12-10,16.6701,17.7101,15.3501,16.4601,396187408.0
2008-12-11,15.8901,17.3501,13.7201,14.2901,365061008.0
2008-12-12,11.9001,15.4201,11.5501,15.3401,415060400.0
2008-12-15,15.3701,15.5001,12.6401,14.1001,256694200.0
2008-12-16,18.2301,18.3701,14.5301,18.2301,377699504.0
2008-12-17,17.1901,18.7801,16.4101,17.3401,281819808.0
2008-12-18,17.7501,18.0201,14.5601,15.6401,374673296.0
2008-12-19,15.4501,16.9701,14.4401,14.5401,301451296.0
2008-12-22,14.9301,15.0201,11.8401,13.4101,243759500.0
2008-12-23,13.8801,14.2801,12.1501,12.5101,221625200.0
2008-12-24,12.8001,13.2201,12.3501,13.0101,62061600.0
2008-12-26,13.5901,13.6501,12.8501,13.5101,74767700.0
2008-12-29,13.5901,13.6801,11.9501,13.2601,127795900.0
2008-12-30,13.8601,15.4001,13.2301,15.3201,168256300.0
2008-12-31,15.4301,17.3201,15.2201,16.5901,193987200.0
2009-01-02,16.7901,19.7901,16.2001,19.3101,227566300.0
2009-01-05,18.9801,20.0101,18.2401,19.2001,240349700.0
2009-01-06,19.9901,20.8001,19.0301,19.8201,328260896.0
2009-01-07,18.3501,18.6101,16.5501,17.0201,280899200.0
2009-01-08,16.5101,17.4401,16.0201,17.3901,263834400.0
2009-01-09,17.5101,17.6701,11.7101,15.4401,330953600.0
2009-01-12,15.1901,15.2601,12.7601,13.3001,277858496.0
2009-01-13,13.0801,14.2301,12.5501,13.4601,356432304.0
2009-01-14,11.8901,12.1001,9.5101,10.7201,435491600.0
2009-01-15,10.4701,11.6001,8.0701,10.7501,532647296.0
2009-01-16,12.2101,12.3401,9.4001,11.4101,399237200.0
2009-01-20,10.5801,11.4101,6.4001,6.9201,419855200.0
2009-01-21,8.2901,10.5901,6.8201,10.4001,364360704.0
2009-01-22,8.7701,10.3901,7.5201,9.1001,427940304.0
2009-01-23,7.2501,10.3401,6.9201,9.4601,386800608.0
2009-01-26,9.9401,11.7101,9.1601,10.0301,317978800.0
2009-01-27,10.4801,11.5001,9.6501,10.8801,273789696.0
2009-01-28,12.7501,14.3001,12.4201,13.7401,330007008.0
2009-01-29,12.4601,13.8401,10.8201,10.9001,294392496.0
2009-01-30,11.3301,11.7501,8.5601,9.1801,383383600.0
2009-02-02,7.9201,9.5301,7.6601,8.9301,288233296.0
2009-02-03,9.4501,10.7101,8.5701,10.0901,278385808.0
2009-02-04,10.6501,11.7201,9.3901,9.6801,322989296.0
2009-02-05,9.0501,11.6401,4.0801,10.9201,417679408.0
2009-02-06,11.2101,13.6901,11.0301,13.3301,366101696.0
2009-02-09,13.3101,14.0901,12.6701,13.4501,240075200.0
2009-02-10,12.6201,13.3801,8.8001,9.4601,536212800.0
2009-02-11,9.8001,10.4001,8.7501,9.9501,324442496.0
2009-02-12,8.5201,10.1701,7.4001,10.0101,469302208.0
2009-02-13,9.9001,10.5901,9.0901,9.1101,293998400.0
2009-02-17,6.5101,9.3101,5.5201,5.5701,478910096.0
2009-02-18,6.1401,6.2901,4.6301,5.3801,362964800.0
2009-02-19,6.1901,6.5001,4.3701,4.5301,316867504.0
2009-02-20,3.0801,4.6901,2.1201,3.7701,477176608.0
2009-02-23,4.6201,4.6201,0.9401,1.0001,379641408.0
2009-02-24,1.6401,4.3001,1.0501,3.8301,426260896.0
2009-02-25,3.4901,4.7701,1.9801,3.2201,461985808.0
2009-02-26,4.1701,6.0201,1.8801,1.9701,363353904.0
2009-02-27,0.3601,2.0401,0.1601,0.2801,470510896.0
2009-03-02,-1.1299,0.2701,-3.2799,-3.0499,426452608.0
2009-03-03,-2.0399,-1.9499,-4.0099,-3.5799,443761008.0
2009-03-04,-2.4199,-0.7799,-3.5799,-1.9199,462753104.0
2009-03-05,-3.5499,-1.9199,-5.4799,-4.8499,485549408.0
2009-03-06,-4.2499,-3.1999,-6.5499,-4.7299,490470000.0
2009-03-09,-5.6999,-3.6499,-5.9199,-5.5399,379905296.0
2009-03-10,-4.1399,-1.2799,-4.2799,-1.4799,406227904.0
2009-03-11,-0.6499,0.1001,-1.8199,-1.0099,356648304.0
2009-03-12,-1.0299,2.1001,-1.6799,1.8501,409702704.0
2009-03-13,2.3601,3.3301,1.0801,2.4401,337474704.0
2009-03-16,3.3101,4.3201,2.1601,2.2101,360644896.0
2009-03-17,2.4201,4.7101,1.8001,4.5301,356814304.0
2009-03-18,4.1601,7.2501,3.4201,6.2801,473273200.0
2009-03-19,7.2801,7.3501,5.0401,5.2901,428520400.0
2009-03-20,5.1101,5.2601,2.8801,3.0601,371078208.0
2009-03-23,5.0901,8.6401,4.6601,8.5701,419933296.0
2009-03-24,7.5901,8.7101,6.8601,6.9501,330271008.0
2009-03-25,7.5801,9.0501,5.4101,7.8001,441775104.0
2009-03-26,8.6001,9.6501,7.6701,9.4601,422025200.0
2009-03-27,8.4001,8.8801,7.6601,7.9601,322332304.0
2009-03-30,6.1501,6.2201,4.3101,5.1401,324108496.0
2009-03-31,5.9101,7.4301,5.4001,5.8701,364238304.0
2009-04-01,4.8801,7.7701,4.6801,7.4101,377018304.0
2009-04-02,9.4301,10.9601,7.4801,9.7801,476230704.0
2009-04-03,9.8401,10.6301,9.0201,10.6101,284646304.0
2009-04-06,9.6901,10.6301,8.6401,9.9501,264866600.0
2009-04-07,8.6001,9.0001,7.8601,8.0001,258947800.0
2009-04-08,8.4101,9.2901,7.8901,8.8801,230402800.0
2009-04-09,11.0201,12.1701,10.6801,12.1601,269653504.0
2009-04-13,11.2701,12.8901,10.9301,12.1801,224847500.0
2009-04-14,11.3801,12.1101,10.4301,10.7001,276598800.0
2009-04-15,10.1901,11.7701,9.9601,11.6001,250726100.0
2009-04-16,12.2801,13.5001,11.1201,12.8501,335202896.0
2009-04-17,13.1801,14.0001,12.4901,13.4301,262649000.0
2009-04-20,11.8901,13.4001,9.6901,9.7801,293690096.0
2009-04-21,9.1701,11.4801,9.1001,11.4101,114090900.0
2009-04-22,10.6401,12.6901,10.4201,10.8901,340395200.0
2009-04-23,11.0601,11.7701,9.9801,11.7201,324903696.0
2009-04-24,12.3801,13.6601,12.0401,13.0101,287703008.0
2009-04-27,12.0301,13.3601,11.8901,12.1901,289581600.0
2009-04-28,11.3201,12.9401,11.1101,11.9201,247926300.0
2009-04-29,12.8701,14.7101,12.6501,13.7401,311505696.0
2009-04-30,14.9001,15.3701,13.2701,13.7701,301419808.0
2009-05-01,13.7901,14.5601,13.0701,14.2401,236110300.0
2009-05-04,14.9001,17.2901,14.7301,17.2301,287120000.0
2009-05-05,16.9201,17.2801,16.1901,16.9201,243036300.0
2009-05-06,18.0301,18.5501,16.9601,18.4901,291941008.0
2009-05-07,19.3601,19.5001,16.6301,17.2101,317728000.0
2009-05-08,18.3801,19.5701,17.7901,19.3301,299081696.0
2009-05-11,18.0501,18.4601,17.3901,17.5901,247923600.0
2009-05-12,17.9801,18.1801,16.2001,17.3201,282431296.0
2009-05-13,16.0901,16.3601,14.8501,15.0301,269619104.0
2009-05-14,15.0701,16.4701,14.8501,15.7901,260098700.0
2009-05-15,15.7201,16.3501,14.5001,15.0601,271502704.0
2009-05-18,15.9001,17.6901,14.9201,17.5801,241447400.0
2009-05-19,17.5301,18.3201,17.1601,17.4701,206102200.0
2009-05-20,18.3001,19.1501,16.7601,16.8601,285722208.0
2009-05-21,15.8101,16.1501,14.6101,15.5601,258988400.0
2009-05-22,15.8101,16.3501,15.0301,15.3701,166811900.0
2009-05-26,14.7101,17.9101,14.6701,17.6501,236318500.0
2009-05-27,17.7901,18.1001,15.8801,16.0201,246015800.0
2009-05-28,16.8101,17.6901,15.4501,17.2701,289095008.0
2009-05-29,17.7701,20.0501,17.0301,18.8801,258641500.0
2009-06-01,20.0201,21.5201,19.7801,21.1201,276246800.0
2009-06-02,20.7501,21.7201,20.5801,21.2001,230874500.0
2009-06-03,20.3901,20.4801,19.1101,20.0001,235310500.0
2009-06-04,20.3501,21.0201,19.6501,20.8801,210102300.0
2009-06-05,21.8401,22.0201,20.1501,20.9001,284257904.0
2009-06-08,20.1901,21.4501,19.3901,20.5101,238565100.0
2009-06-09,21.0401,21.4901,20.3701,20.9901,225125500.0
2009-06-10,21.8301,21.8401,19.5401,20.7501,296100400.0
2009-06-11,20.9301,22.4601,20.9101,21.1701,275414208.0
2009-06-12,20.7501,21.4901,20.3501,21.4301,184361800.0
2009-06-15,20.3101,20.3701,18.7501,19.2501,224190500.0
2009-06-16,19.5801,19.6401,17.9301,17.9901,227319000.0
2009-06-17,17.9501,18.6801,17.1801,17.9001,223445200.0
2009-06-18,18.0401,19.0201,17.6001,18.5701,211725100.0
2009-06-19,18.9301,19.0501,17.8701,18.3901,215655600.0
2009-06-22,17.4901,17.5401,15.6001,15.6301,251913600.0
2009-06-23,15.8201,16.2301,15.2001,15.7001,188309800.0
2009-06-24,16.5101,17.4301,15.9501,16.4701,211577700.0
2009-06-25,16.0201,18.5201,15.9201,18.4301,279411008.0
2009-06-26,18.1201,18.5901,17.6201,18.1901,167579000.0
2009-06-29,18.4601,19.1701,17.9501,19.0501,168481300.0
2009-06-30,19.0701,19.4101,17.6201,18.3001,228888200.0
2009-07-01,18.6901,19.5801,18.5601,18.6801,173041100.0
2009-07-02,17.4801,18.7101,16.1101,16.1601,212309900.0
2009-07-06,15.2901,16.2801,15.0101,16.1501,174499600.0
2009-07-07,16.0601,16.1701,14.3501,14.4101,197088900.0
2009-07-08,14.9401,15.1501,13.3501,14.3501,248050500.0
2009-07-09,14.9601,15.2501,14.2601,14.5201,163777600.0
2009-07-10,14.0501,14.8401,13.7001,14.3101,173520300.0
2009-07-13,14.6601,16.5201,13.9401,16.4501,217413500.0
2009-07-14,16.7301,17.0401,16.0801,16.9601,181487400.0
2009-07-15,18.1601,19.8601,17.0301,19.6101,220877900.0
2009-07-16,19.3501,20.8601,19.1701,19.4601,231174500.0
2009-07-17,20.4101,20.6701,19.8901,20.4801,138561700.0
2009-07-20,21.0301,21.6401,20.5401,21.4801,164179400.0
2009-07-21,22.2201,22.2501,20.7701,21.9201,217718300.0
2009-07-22,21.3101,22.4801,21.2401,21.9001,196068100.0
2009-07-23,21.9601,24.4301,21.8801,24.0101,258795500.0
2009-07-24,23.5501,24.4901,23.0401,24.4101,154003100.0
2009-07-27,24.2301,24.7501,23.6901,24.7001,159259400.0
2009-07-28,24.0101,24.7201,23.4101,24.2401,186685200.0
2009-07-29,23.7901,24.4401,23.3301,24.0001,194399300.0
2009-07-30,25.1801,26.1801,24.9501,25.0201,225575400.0
2009-07-31,25.0001,25.8201,24.7301,25.1601,207358000.0
2009-08-03,26.2001,26.8801,25.6601,26.7901,175776900.0
2009-08-04,26.3401,27.1901,26.1301,27.0501,176714600.0
2009-08-05,27.1201,27.2101,25.9301,26.7601,184726400.0
2009-08-06,27.2201,27.3701,25.7701,26.2401,193203800.0
2009-08-07,27.2901,28.3801,26.7401,27.5501,220640900.0
2009-08-10,27.0901,27.5701,26.6201,27.3401,130898700.0
2009-08-11,26.8901,26.9601,25.8101,26.0801,157301000.0
2009-08-12,25.9101,27.9101,25.8601,27.1501,219052400.0
2009-08-13,27.6101,27.9601,26.6101,27.9201,176449500.0
2009-08-14,27.8701,27.9501,26.0501,27.1401,199616100.0
2009-08-17,25.2001,25.3001,24.4601,24.6601,237667500.0
2009-08-18,24.8801,25.7901,24.7001,25.4401,173461500.0
2009-08-19,24.6601,26.6501,24.5601,26.3101,192812800.0
2009-08-20,26.4401,27.5701,26.2201,27.3401,174131300.0
2009-08-21,28.1701,29.4801,27.9701,29.3201,224605000.0
2009-08-24,29.7401,30.3001,28.9401,29.3101,191279000.0
2009-08-25,29.7201,30.6101,29.2901,29.5101,215310600.0
2009-08-26,29.1901,29.9901,28.8401,29.5201,194620700.0
2009-08-27,29.4601,30.0701,28.2901,29.7501,196230100.0
2009-08-28,30.5801,30.7001,29.0201,29.7301,147024400.0
2009-08-31,28.7201,28.9301,28.1401,28.8101,176051600.0
2009-09-01,28.3001,29.5901,26.3401,26.5501,321276800.0
2009-09-02,26.1301,26.7901,25.9201,26.1701,171805000.0
2009-09-03,26.7501,27.1201,25.9401,27.0001,143572300.0
2009-09-04,27.2001,28.4401,26.9001,28.4101,142687900.0
2009-09-08,29.3501,29.4001,28.7401,29.2901,132909100.0
2009-09-09,29.4701,30.4301,29.1501,30.0801,154612500.0
2009-09-10,30.1501,31.2101,29.5701,31.1401,162902400.0
2009-09-11,31.3401,31.6501,30.6301,31.1201,152360100.0
2009-09-14,30.2301,31.8101,29.5001,31.6301,149593800.0
2009-09-15,31.8001,32.4601,31.1101,32.0701,196795900.0
2009-09-16,32.4501,33.6901,32.0801,33.6701,206406300.0
2009-09-17,33.5201,34.4101,32.9201,33.5101,229170900.0
2009-09-18,33.5001,33.5101,32.7101,33.0701,153799100.0
2009-09-21,32.2401,33.3501,32.0101,32.8001,151892000.0
2009-09-22,33.4301,33.7201,32.9501,33.4201,143126700.0
2009-09-23,33.6701,34.3801,32.3401,32.5301,225947400.0
2009-09-24,32.7601,32.9901,30.9001,31.3601,228636800.0
2009-09-25,31.1301,31.7101,30.4401,30.8001,204059000.0
2009-09-28,31.2001,32.9001,31.1801,32.6701,118285800.0
2009-09-29,32.8601,33.3701,32.1301,32.3501,133733900.0
2009-09-30,32.7101,32.8101,30.9701,31.9401,254383000.0
2009-10-01,29.3501,32.0801,29.3001,29.3201,281840608.0
2009-10-02,28.3701,29.4501,28.3401,28.8401,224748800.0
2009-10-05,29.2501,30.6701,28.9501,30.3701,149875000.0
2009-10-06,31.1201,32.4601,31.0601,31.8601,202491100.0
2009-10-07,31.6201,32.2601,31.4201,32.1501,159200300.0
2009-10-08,32.9001,33.5201,32.2001,32.9601,183305800.0
2009-10-09,32.9901,33.6101,32.7101,33.6101,135008300.0
2009-10-12,34.1101,34.4401,33.6301,34.0301,118031000.0
2009-10-13,33.7401,34.0601,33.1101,33.8101,157692700.0
2009-10-14,35.0701,35.7701,33.7701,35.6601,191421600.0
2009-10-15,35.1301,36.0601,35.0801,36.0601,173873600.0
2009-10-16,35.1501,35.6201,34.5801,35.2401,192069400.0
2009-10-19,35.4201,36.4801,35.0801,36.1401,159530400.0
2009-10-20,36.3001,36.3401,35.0301,35.5601,180921100.0
2009-10-21,35.3901,36.6601,34.5001,34.5801,225379300.0
2009-10-22,34.5401,36.0301,33.8501,35.6801,238444000.0
2009-10-23,36.0401,36.1101,33.9801,34.4301,240033200.0
2009-10-26,34.5501,35.6601,32.9601,33.2601,242028200.0
2009-10-27,33.3801,33.7401,32.5101,32.7701,253266300.0
2009-10-28,32.5001,32.8301,30.7001,30.7601,248821400.0
2009-10-29,31.5401,33.2101,31.2901,33.0001,198110600.0
2009-10-30,32.6501,32.9701,29.7901,29.9101,325608096.0
2009-11-02,30.4801,31.7601,29.4301,30.6701,254222900.0
2009-11-03,30.0901,31.1501,29.8901,31.0001,228362600.0
2009-11-04,31.8601,32.6801,31.0001,31.2701,247996700.0
2009-11-05,32.0101,33.2301,31.7901,33.2001,180015300.0
2009-11-06,32.6101,33.7501,32.4001,33.4801,170954100.0
2009-11-09,34.3001,35.9801,34.2201,35.9201,159495700.0
2009-11-10,35.6601,36.2801,35.3201,35.9401,171899800.0
2009-11-11,36.6601,37.1701,35.9701,36.5001,169466200.0
2009-11-12,36.3501,36.9201,35.1001,35.3801,157144500.0
2009-11-13,35.6601,36.4401,35.1001,35.9701,150963000.0
2009-11-16,36.7301,38.0401,36.6701,37.5601,210922200.0
2009-11-17,37.2701,37.7401,36.8501,37.6901,147134100.0
2009-11-18,37.6101,37.7801,36.9201,37.6201,156486800.0
2009-11-19,36.8601,37.6601,35.4801,36.1701,208734600.0
2009-11-20,35.6001,36.1101,35.3601,35.7801,134196000.0
2009-11-23,37.0701,38.0901,36.9501,37.1701,148010200.0
2009-11-24,37.3501,37.5501,36.3601,37.3401,138420100.0
2009-11-25,37.5201,37.8501,37.1701,37.7301,109564800.0
2009-11-27,34.7501,36.6701,34.6401,35.9201,126001800.0
2009-11-30,35.8301,36.5501,34.4701,36.2901,160874800.0
2009-12-01,37.2701,38.0101,37.0801,37.6501,159613700.0
2009-12-02,37.6301,38.3601,37.2701,37.6001,132315100.0
2009-12-03,37.9001,38.5301,36.6401,36.7301,167324900.0
2009-12-04,38.1901,38.7301,36.3901,37.3601,274907808.0
2009-12-07,37.2601,37.8801,36.8401,37.1901,127973800.0
2009-12-08,36.3901,37.1201,35.6201,35.9601,169863700.0
2009-12-09,35.9301,36.5301,35.3701,36.3701,155063400.0
2009-12-10,37.0501,37.4701,36.8001,36.9901,138014600.0
2009-12-11,37.4601,37.7101,36.9601,37.4601,124854000.0
2009-12-14,38.2201,38.3501,37.4801,38.2201,107141500.0
2009-12-15,37.8101,38.2701,37.3501,37.7001,120408800.0
2009-12-16,38.1501,38.4801,37.6201,37.8701,155358200.0
2009-12-17,37.0701,37.2801,36.4301,36.5301,183390100.0
2009-12-18,36.5501,36.6501,35.6301,36.5601,174591200.0
2009-12-21,37.1101,38.0501,37.1101,37.6801,118039600.0
2009-12-22,37.9201,38.3201,37.7801,38.0801,91707500.0
2009-12-23,38.3501,38.4601,37.8501,38.3001,111783100.0
2009-12-24,38.5401,38.9501,38.3501,38.8301,39677500.0
2009-12-28,39.2501,39.3401,38.6701,39.0701,87508500.0
2009-12-29,39.3601,39.3801,38.9001,38.9101,80572500.0
2009-12-30,38.5801,39.0001,38.5201,38.8701,73138400.0
2009-12-31,39.1201,39.1501,37.7401,37.7901,90637900.0
2010-01-04,38.7201,39.7401,37.8601,39.6801,118944600.0
2010-01-05,39.6101,40.0301,39.2001,39.9801,111579900.0
2010-01-06,39.8701,40.3401,39.7801,40.0601,116074400.0
2010-01-07,39.8501,40.6801,39.5301,40.5401,131091100.0
2010-01-08,40.2401,40.9701,40.0101,40.9201,126402800.0
2010-01-11,41.4301,41.4801,40.5901,41.0801,106375700.0
2010-01-12,40.3201,40.5601,39.5701,40.0101,163333500.0
2010-01-13,40.3001,41.2901,39.7201,40.9701,161822000.0
2010-01-14,40.8401,41.4901,40.7701,41.2801,115718800.0
2010-01-15,41.0801,41.1901,39.5501,39.9901,212283100.0
2010-01-19,39.9701,41.4801,39.9401,41.4101,139172700.0
2010-01-20,40.6301,40.8001,39.3301,40.2401,216490200.0
2010-01-21,40.2701,40.6201,37.9101,38.0501,344859600.0
2010-01-22,37.5501,38.0901,35.4401,35.5601,345942400.0
2010-01-25,36.5601,36.7601,35.7601,36.1201,186937500.0
2010-01-26,35.6901,36.8201,35.3901,35.6601,211168800.0
2010-01-27,35.5201,36.4301,34.6801,36.1801,271863600.0
2010-01-28,36.5401,36.6001,34.2601,34.9201,316104000.0
2010-01-29,35.3901,36.1501,33.5701,33.7401,310677600.0
2010-02-01,34.5001,35.4201,33.8501,35.4101,187865000.0
2010-02-02,35.6101,36.9401,35.2301,36.7301,216327900.0
2010-02-03,36.2301,36.8301,35.8601,36.1801,172730700.0
2010-02-04,35.3301,35.3801,32.7701,32.7901,356715696.0
2010-02-05,32.9101,33.2301,30.9301,33.0101,493585808.0
2010-02-08,33.0901,33.6801,32.1601,32.2401,224166900.0
2010-02-09,33.4801,34.5001,32.6201,33.5701,337820496.0
2010-02-10,33.4001,33.9501,32.4601,33.3601,240511500.0
2010-02-11,33.2201,34.6001,32.6001,34.4801,223591600.0
2010-02-12,33.3401,34.4501,32.8601,34.3901,304622096.0
2010-02-16,35.2101,36.2001,34.1701,36.0901,159317500.0
2010-02-17,36.6201,36.7601,36.0901,36.6101,168845100.0
2010-02-18,36.4301,37.4901,36.3901,37.2601,193708600.0
2010-02-19,36.9701,37.9201,36.7101,37.4901,222684900.0
2010-02-22,37.9001,37.9301,37.1801,37.5101,132346900.0
2010-02-23,37.2101,37.5501,35.8701,36.1601,207497000.0
2010-02-24,36.4901,37.3501,36.2101,37.1701,176350700.0
2010-02-25,35.5901,37.1001,35.2901,37.0201,259634700.0
2010-02-26,37.1201,37.4701,36.4601,37.0901,173589300.0
2010-03-01,37.5501,38.3501,37.5201,38.2401,147709700.0
2010-03-02,38.7201,39.0901,38.3501,38.5501,160992400.0
2010-03-03,38.8401,39.3201,38.3701,38.6501,150785000.0
2010-03-04,38.8001,39.1501,38.3801,38.9901,135770400.0
2010-03-05,39.7201,40.6901,39.4501,40.6001,176118800.0
2010-03-08,40.6101,40.8701,40.4201,40.6201,114631200.0
2010-03-09,40.2801,41.3401,40.2201,40.8101,154556700.0
2010-03-10,40.8601,41.6301,40.7601,41.3201,186088800.0
2010-03-11,41.0501,41.8301,40.7001,41.8001,160791100.0
2010-03-12,42.3001,42.3201,41.4901,41.8101,162074800.0
2010-03-15,41.6101,41.9201,40.9501,41.8401,146816800.0
2010-03-16,42.1601,42.8701,41.8401,42.7601,168673000.0
2010-03-17,43.1101,43.8301,42.7701,43.4501,177468100.0
2010-03-18,43.4601,43.6201,42.9201,43.3901,196509100.0
2010-03-19,42.3201,43.6401,41.8701,42.3201,226641100.0
2010-03-22,41.6601,43.1501,41.5901,42.9401,184477800.0
2010-03-23,43.1101,43.8601,42.7301,43.7601,182941600.0
2010-03-24,43.3201,43.7801,41.9301,43.1901,196072600.0
2010-03-25,43.9801,44.5201,42.8601,43.0001,223396300.0
2010-03-26,43.2201,43.7701,42.4701,42.9301,205808500.0
2010-03-29,43.5201,43.8801,43.0401,43.6701,134513500.0
2010-03-30,43.8101,44.1801,43.2601,43.7501,145772500.0
2010-03-31,43.3001,43.8701,42.9601,43.3501,161078700.0
2010-04-01,44.1501,44.6001,43.4501,44.1501,161215200.0
2010-04-05,44.6001,45.1901,44.2701,45.1101,105847600.0
2010-04-06,44.7701,45.6001,44.6401,45.3901,110384200.0
2010-04-07,45.1501,45.7101,44.1601,44.7101,184576300.0
2010-04-08,44.3001,45.3201,43.9501,45.1201,158704000.0
2010-04-09,45.3701,45.9501,45.1501,45.9001,133006500.0
2010-04-12,46.0501,46.4001,45.9101,46.0901,110279000.0
2010-04-13,45.9701,46.3901,45.3501,46.1801,125043600.0
2010-04-14,46.6201,47.5401,46.4301,47.5401,161609000.0
2010-04-15,47.3401,47.9201,47.3001,47.6401,144615300.0
2010-04-16,47.2101,47.6401,45.1001,45.7101,366786704.0
2010-04-19,45.3601,46.2801,44.8201,46.1601,217947800.0
2010-04-20,46.9101,47.3301,46.2201,47.2301,157708000.0
2010-04-21,47.3001,47.5801,46.3401,47.0101,192910100.0
2010-04-22,46.1601,47.5201,45.4701,47.3701,115360300.0
2010-04-23,47.2901,48.2101,46.9801,48.1601,177335500.0
2010-04-26,48.2001,48.4701,47.5801,47.7001,143457300.0
2010-04-27,47.0001,47.6901,44.6001,44.8301,355853296.0
2010-04-28,45.4001,46.0301,44.6201,45.7301,300674096.0
2010-04-29,46.4501,47.4601,46.4201,47.2101,193775000.0
2010-04-30,47.2301,47.3601,45.1301,45.1601,270000896.0
2010-05-03,45.7301,47.0301,45.5501,46.7001,182747900.0
2010-05-04,45.3601,45.3801,43.2701,43.8701,360353408.0
2010-05-05,42.9101,44.1501,42.3201,43.1701,328973200.0
2010-05-06,42.6101,43.3501,31.3501,39.2901,647356608.0
2010-05-07,38.9901,40.1201,35.7601,37.6101,637558800.0
2010-05-10,42.1601,43.0001,41.2601,42.5101,396159600.0
2010-05-11,41.4201,43.7101,41.2601,42.1801,317849808.0
2010-05-12,42.6401,43.9701,42.4401,43.8001,235607100.0
2010-05-13,43.4801,44.0301,42.2401,42.3401,234452500.0
2010-05-14,41.4701,41.6801,39.2201,40.2401,345601408.0
2010-05-17,40.5501,40.8701,38.1201,40.3001,325739808.0
2010-05-18,41.2301,41.5701,38.3801,38.7501,360556800.0
2010-05-19,38.1201,39.1201,36.7101,38.1101,394742704.0
2010-05-20,35.7301,36.2401,33.8201,33.8901,530418304.0
2010-05-21,32.2601,35.7301,31.7101,35.4601,500909408.0
2010-05-24,34.8701,35.7401,33.9601,34.0601,269823008.0
2010-05-25,31.4601,34.2201,30.7301,34.1701,396505200.0
2010-05-26,34.8301,35.8201,33.2001,33.5201,349719296.0
2010-05-27,35.5401,37.1501,35.1301,37.1101,300870496.0
2010-05-28,36.9901,37.0701,35.2001,35.7201,297933504.0
2010-06-01,34.7001,36.3001,33.7201,33.8801,277909408.0
2010-06-02,34.4301,36.6901,33.8601,36.6801,240243700.0
2010-06-03,37.0001,37.4101,35.9301,37.0601,226618300.0
2010-06-04,34.9601,35.6801,32.8101,33.1701,398475600.0
2010-06-07,33.5501,33.9601,31.7601,31.8401,264609100.0
2010-06-08,31.9201,33.1801,31.0001,32.9701,357774304.0
2010-06-09,33.5901,34.6301,31.9501,32.4001,268023300.0
2010-06-10,34.2101,35.6301,32.3901,35.5001,317890608.0
2010-06-11,34.5401,36.1001,34.4701,36.0301,214128200.0
2010-06-14,36.8701,37.4701,35.7501,35.8601,207196100.0
2010-06-15,36.6301,38.4501,36.4401,38.3501,238268700.0
2010-06-16,37.7701,38.7701,37.5501,38.3101,216374000.0
2010-06-17,38.6301,38.6801,37.4001,38.4901,263185800.0
2010-06-18,38.1801,38.4801,37.7201,38.0801,174006600.0
2010-06-21,39.4701,39.5501,37.1401,37.7601,213140700.0
2010-06-22,37.7601,38.2501,35.7601,35.9201,239355400.0
2010-06-23,35.9901,36.3801,34.8301,35.5801,254639900.0
2010-06-24,35.0401,35.1801,33.4901,33.7701,268523600.0
2010-06-25,34.0901,34.7701,33.1201,34.2201,238726500.0
2010-06-28,34.3801,34.6701,33.4901,33.8801,169218600.0
2010-06-29,32.3701,33.8601,29.9001,30.5601,373649504.0
2010-06-30,30.2701,31.2301,29.2301,29.5701,284101696.0
2010-07-01,29.5001,29.8401,27.4801,29.1101,382924800.0
2010-07-02,29.4601,29.7701,27.9701,28.5501,233385200.0
2010-07-06,29.9901,30.7201,28.2301,29.2201,256935300.0
2010-07-07,29.4801,32.5901,29.3701,32.4601,253769400.0
2010-07-08,33.3501,33.6301,32.2601,33.5101,210842100.0
2010-07-09,33.4801,34.3201,33.2801,34.3101,144999900.0
2010-07-12,33.9501,34.5901,33.5001,34.3801,131283600.0
2010-07-13,35.5001,36.4401,35.2801,36.0101,213025900.0
2010-07-14,35.6601,36.4301,35.2101,36.0001,184426800.0
2010-07-15,35.9601,36.4101,34.5201,36.0301,232337900.0
2010-07-16,35.4401,35.5601,32.8001,33.0101,282693408.0
2010-07-19,33.4001,33.9801,32.5701,33.6401,186709000.0
2010-07-20,32.2201,34.9101,32.1701,34.8301,258162400.0
2010-07-21,35.3901,35.4201,32.9801,33.4201,264527000.0
2010-07-22,34.6901,36.2901,34.6801,35.8101,274781296.0
2010-07-23,35.5901,36.9201,35.2801,36.7601,222020800.0
2010-07-26,36.9501,38.0201,36.6401,37.9101,184445700.0
2010-07-27,38.5201,38.6401,37.4601,37.9001,204855600.0
2010-07-28,37.6701,38.0101,36.8101,37.1801,163056200.0
2010-07-29,37.8701,38.1701,35.7601,36.6401,220149100.0
2010-07-30,35.5201,37.2101,35.3301,36.6201,220070600.0
2010-08-02,38.3401,39.2901,37.8901,39.1101,188263200.0
2010-08-03,38.8301,39.1201,38.2001,38.5701,146657300.0
2010-08-04,38.8801,39.4601,38.5101,39.3201,158171700.0
2010-08-05,38.6001,39.2601,38.4301,39.2001,140473800.0
2010-08-06,38.0901,38.9201,37.2701,38.7401,239728300.0
2010-08-09,39.2701,39.5301,38.6701,39.3401,120800400.0
2010-08-10,38.3801,39.3301,37.7201,38.7301,242916300.0
2010-08-11,37.0001,37.0401,35.4701,35.6501,273406896.0
2010-08-12,34.0001,35.3701,33.9501,34.9801,239542600.0
2010-08-13,34.6401,35.3101,34.5301,34.6601,158698500.0
2010-08-16,33.9201,34.9601,33.5301,34.6101,147895300.0
2010-08-17,35.5401,36.7401,35.2301,35.9401,172270300.0
2010-08-18,35.8901,36.7301,35.2601,36.1401,182922100.0
2010-08-19,35.5701,35.8401,33.7801,34.2301,265847600.0
2010-08-20,33.9101,34.2901,33.1001,33.8801,209714200.0
2010-08-23,34.3901,34.9201,33.4201,33.4701,163490300.0
2010-08-24,32.3001,32.7401,31.3201,31.8801,280677808.0
2010-08-25,31.3001,32.6901,30.6401,32.2901,272234800.0
2010-08-26,32.7901,32.9301,31.2301,31.5801,224439500.0
2010-08-27,32.2401,33.3201,30.6601,33.2101,272649008.0
2010-08-30,32.9301,33.2601,31.6501,31.6601,167238600.0
2010-08-31,31.2701,32.3301,30.8401,31.6601,273933104.0
2010-09-01,33.0801,34.9601,33.0101,34.8101,256828100.0
2010-09-02,35.0701,35.8401,34.8401,35.8201,156112200.0
2010-09-03,36.8901,37.3401,36.3001,37.2401,212197300.0
2010-09-07,36.7201,36.8601,35.9001,35.9901,141973700.0
2010-09-08,36.2101,37.2001,36.1601,36.7601,149924400.0
2010-09-09,38.0001,38.0301,36.9701,37.2701,147017900.0
2010-09-10,37.4701,37.9601,37.2201,37.8301,127819000.0
2010-09-13,38.9301,39.3001,38.4801,39.0701,178503500.0
2010-09-14,38.8501,39.6401,38.4301,39.0001,209823600.0
2010-09-15,38.6701,39.5601,38.3301,39.4301,168608400.0
2010-09-16,39.0801,39.4701,38.7001,39.4001,199962900.0
2010-09-17,39.3901,39.5001,38.5301,38.8401,195836900.0
2010-09-20,39.2301,40.8101,38.8701,40.5601,214555200.0
2010-09-21,40.6501,41.1901,39.8601,40.3301,268389100.0
2010-09-22,40.1501,40.7901,39.4501,39.7701,191322400.0
2010-09-23,38.8401,40.0201,38.5301,38.8501,202354300.0
2010-09-24,40.1001,41.2501,40.0001,41.1701,209671800.0
2010-09-27,41.2101,41.3401,40.5101,40.6201,128761800.0
2010-09-28,40.7701,41.3901,39.5301,41.0201,209207500.0
2010-09-29,40.7301,41.2601,40.3701,40.8201,179665800.0
2010-09-30,41.4001,42.1401,39.9401,40.4801,287106704.0
2010-10-01,41.3401,41.4701,40.2801,40.9601,174638700.0
2010-10-04,40.7201,41.2001,39.5301,40.1001,166153200.0
2010-10-05,41.1501,42.6701,41.0201,42.3901,229634100.0
2010-10-06,42.3701,42.6801,41.9101,42.3801,148626600.0
2010-10-07,42.8501,42.8801,41.5401,42.2401,164860000.0
2010-10-08,42.4001,43.2101,41.9601,42.8901,177760100.0
2010-10-11,43.0701,43.3201,42.6001,43.0001,103098300.0
2010-10-12,42.6201,43.7001,42.0001,43.3601,182210000.0
2010-10-13,44.0101,44.9001,43.7301,44.2701,194347200.0
2010-10-14,44.1601,44.3601,43.0701,43.8101,217764300.0
2010-10-15,44.6301,44.7001,43.1101,44.0501,243705000.0
2010-10-18,44.0901,45.0201,43.6601,44.6301,141204800.0
2010-10-19,43.5401,44.2001,42.3701,43.0801,280604704.0
2010-10-20,43.2901,44.7901,43.2201,44.2201,200051800.0
2010-10-21,44.7501,45.4401,43.5601,44.4801,221585500.0
2010-10-22,44.6601,44.8801,44.3501,44.7001,108212400.0
2010-10-25,45.4901,46.1101,44.9601,45.0501,151145700.0
2010-10-26,44.4501,45.1901,44.2201,45.0701,158982900.0
2010-10-27,44.2401,44.8601,43.6101,44.7301,190024000.0
2010-10-28,45.4101,45.4601,44.1801,44.7501,168576000.0
2010-10-29,44.6301,45.0701,44.4201,44.8401,144305500.0
2010-11-01,45.4201,46.1001,44.2001,44.8801,174074800.0
2010-11-02,45.7701,46.1001,45.4501,45.8201,158345900.0
2010-11-03,46.0301,46.3701,44.8001,46.3001,226702800.0
2010-11-04,47.6301,48.6701,46.3201,48.6101,215039400.0
2010-11-05,48.6901,49.2701,48.5301,49.0701,180654100.0
2010-11-08,48.6901,49.0401,48.2901,48.8401,156107100.0
2010-11-09,49.1701,49.3001,47.4701,47.9601,186621600.0
2010-11-10,47.9301,48.5101,47.0101,48.4501,221387400.0
2010-11-11,47.4001,48.1701,47.0301,47.9901,158017600.0
2010-11-12,47.1701,47.7001,46.0001,46.5501,239068800.0
2010-11-15,46.9301,47.4001,46.3301,46.3801,163940800.0
2010-11-16,45.6401,45.8401,43.9401,44.5101,299566208.0
2010-11-17,44.5601,45.0601,44.2101,44.5701,172308900.0
2010-11-18,45.7101,46.7401,45.7001,46.3101,197723700.0
2010-11-19,46.2501,46.6901,45.6001,46.6401,156852900.0
2010-11-22,46.0401,46.5901,45.1201,46.5401,181361000.0
2010-11-23,45.1201,45.3701,44.3401,44.8001,222309000.0
2010-11-24,45.5501,46.5801,45.5301,46.5501,140046100.0
2010-11-26,45.5101,46.1601,45.1501,45.1501,76007800.0
2010-11-29,44.8501,45.8301,44.0901,45.5101,223642300.0
2010-11-30,44.3301,45.5201,44.1601,44.8401,233930700.0
2010-12-01,46.5501,47.5901,46.5401,47.3601,221037200.0
2010-12-02,47.5501,49.0001,47.4801,48.9101,191213600.0
2010-12-03,48.4901,49.3801,48.4601,49.2401,151288900.0
2010-12-06,48.9801,49.3901,48.8501,49.1101,103050500.0
2010-12-07,50.2901,50.3601,49.1101,49.1801,206581000.0
2010-12-08,49.3301,49.7301,48.7601,49.6301,138019200.0
2010-12-09,50.3201,50.3701,49.5001,50.1101,123705100.0
2010-12-10,50.4901,50.9501,50.0801,50.8301,117571700.0
2010-12-13,51.4001,51.5501,50.8701,50.9101,133812700.0
2010-12-14,51.1001,51.5801,50.6401,51.0201,147249600.0
2010-12-15,50.7901,51.2801,50.2401,50.4501,160823100.0
2010-12-16,50.5301,51.2601,50.1001,51.1701,185035200.0
2010-12-17,50.4301,50.8101,50.1701,50.6501,141075300.0
2010-12-20,50.9901,51.2501,50.3301,50.9501,119085500.0
2010-12-21,51.3401,51.8201,51.2201,51.7401,94965500.0
2010-12-22,51.8301,52.1701,51.7601,52.1301,78878100.0
2010-12-23,51.9901,52.1301,51.6401,51.9501,70053700.0
2010-12-27,51.4801,52.1201,51.3901,52.0001,58126000.0
2010-12-28,52.2501,52.3001,51.8501,52.1801,55309100.0
2010-12-29,52.3301,52.5501,52.2501,52.2701,58033100.0
2010-12-30,52.1501,52.4801,51.8801,52.0701,76616900.0
2010-12-31,51.8801,52.2201,51.6801,52.1001,91218900.0
2011-01-03,53.0601,53.9501,52.0501,53.4001,138725200.0
2011-01-04,53.6801,53.7201,52.5401,53.3301,137409700.0
2011-01-05,52.9301,54.0701,52.8101,53.9901,133975300.0
2011-01-06,54.0401,54.1801,53.3601,53.7401,122519000.0
2011-01-07,53.9101,54.1201,52.5001,53.4901,156034600.0
2011-01-10,52.9301,53.5101,52.5501,53.3301,122401700.0
2011-01-11,53.7901,54.0901,53.3001,53.7801,110287000.0
2011-01-12,54.5601,55.0701,53.8101,54.9301,107929200.0
2011-01-13,54.9801,55.0401,54.4001,54.7201,129048400.0
2011-01-14,54.5401,55.6801,54.4501,55.6501,117677900.0
2011-01-18,55.5301,55.9901,55.3801,55.8701,114401300.0
2011-01-19,55.7601,55.8901,54.2601,54.6001,151958400.0
2011-01-20,54.3101,54.7501,53.4801,54.4301,175745700.0
2011-01-21,55.2301,55.5201,54.5801,54.7201,151462900.0
2011-01-24,54.6401,55.6001,54.6101,55.4501,113715500.0
2011-01-25,55.1101,55.6301,54.4601,55.5201,167552200.0
2011-01-26,55.8401,56.4001,55.5801,56.0201,141281500.0
2011-01-27,56.0501,56.5601,55.8201,56.3401,123302700.0
2011-01-28,56.4901,56.7001,53.8601,54.0701,295637296.0
2011-01-31,54.4201,55.1301,54.1001,55.0301,149249200.0
2011-02-01,55.8101,57.3201,55.7301,57.0901,167194300.0
2011-02-02,56.7501,57.1901,56.6801,56.8401,118323600.0
2011-02-03,56.6101,57.3301,55.9201,57.1301,145886700.0
2011-02-04,57.1801,57.5501,56.5801,57.5001,134634800.0
2011-02-07,57.7901,58.7501,57.7801,58.3201,112439100.0
2011-02-08,58.4401,58.9901,58.0801,58.9201,99072800.0
2011-02-09,58.5601,58.9801,57.9601,58.6201,146436700.0
2011-02-10,57.9501,58.8201,57.6501,58.6701,162708500.0
2011-02-11,58.1501,59.6301,58.1201,59.4601,137710300.0
2011-02-14,59.3801,59.8901,59.2301,59.7801,101690700.0
2011-02-15,59.3701,59.5701,58.6701,59.3601,119575400.0
2011-02-16,59.8101,60.3601,59.5401,60.2001,130183500.0
2011-02-17,59.8101,60.7801,59.6901,60.6001,109810500.0
2011-02-18,60.7201,61.0401,60.4101,60.8801,130002400.0
2011-02-22,59.4701,60.9101,57.8201,58.1801,233116400.0
2011-02-23,58.1001,58.4201,56.5601,57.3701,227584000.0
2011-02-24,57.2301,57.7901,56.0501,57.2801,260431400.0
2011-02-25,57.8301,58.7601,57.7501,58.6801,141686900.0
2011-02-28,59.1701,59.6701,58.7301,59.5001,141585500.0
2011-03-01,59.9201,60.0401,57.2401,57.2801,258565500.0
2011-03-02,57.1001,58.1701,56.7001,57.5601,200277400.0
2011-03-03,58.7501,59.9701,58.7401,59.8201,176480100.0
2011-03-04,59.7201,59.9801,57.9501,58.8201,277202304.0
2011-03-07,59.2101,59.5101,57.0901,57.7801,216790400.0
2011-03-08,57.9901,59.3501,57.4201,58.9301,174615000.0
2011-03-09,58.6701,59.1501,57.9501,58.7401,153806000.0
2011-03-10,57.3501,57.5301,56.1601,56.2901,301291808.0
2011-03-11,55.8701,57.6601,55.8401,57.1901,225621800.0
2011-03-14,56.3401,56.8301,55.4101,56.4001,234974100.0
2011-03-15,52.9401,55.6801,52.8501,54.9101,359585408.0
2011-03-16,54.5001,54.9201,51.6301,52.5301,468670304.0
2011-03-17,54.3501,54.7401,53.4501,54.2001,254303700.0
2011-03-18,55.1901,55.2301,53.8601,54.1101,230435400.0
2011-03-21,55.7001,56.3601,55.5501,56.0901,153992600.0
2011-03-22,56.0701,56.2401,55.5201,55.6401,129538600.0
2011-03-23,55.2801,56.3501,54.6701,56.0101,148603100.0
2011-03-24,56.7501,57.4401,56.0201,57.2501,159129800.0
2011-03-25,57.5901,58.2201,57.2401,57.6501,155642800.0
2011-03-28,57.9301,58.2701,57.2901,57.3301,109762400.0
2011-03-29,57.2201,58.2501,56.7901,58.2101,129798800.0
2011-03-30,58.9001,59.5101,58.7101,59.1201,135835000.0
2011-03-31,58.9501,59.3101,58.8001,58.9401,132537100.0
2011-04-01,59.7601,60.1201,59.1801,59.5001,153850100.0
2011-04-04,59.7801,60.0201,59.2301,59.6101,100768900.0
2011-04-05,59.3501,60.1801,59.2901,59.5901,120791500.0
2011-04-06,60.2301,60.3501,59.4701,60.0101,120411600.0
2011-04-07,59.7701,60.3301,59.0101,59.6701,170731500.0
2011-04-08,60.2601,60.3401,58.6601,59.2101,147945400.0
2011-04-11,59.3501,59.8001,58.4901,58.8101,121385400.0
2011-04-12,58.0701,58.3301,57.3401,57.8201,161187400.0
2011-04-13,58.4301,58.5301,57.3101,57.8101,162059000.0
2011-04-14,57.0501,58.1101,56.6201,57.9101,161220400.0
2011-04-15,58.1501,58.7201,57.7601,58.3901,170006700.0
2011-04-18,56.9401,58.3801,55.8601,56.9101,210759300.0
2011-04-19,57.1101,57.7001,56.7901,57.6601,124258800.0
2011-04-20,59.2301,59.7401,59.1401,59.4501,156133800.0
2011-04-21,60.1401,60.1901,59.4501,60.1301,135935400.0
2011-04-25,60.0301,60.2101,59.5501,59.9901,65757100.0
2011-04-26,60.4001,61.4101,60.2601,61.1401,146600000.0
2011-04-27,61.4001,62.2201,60.8501,62.0201,143031000.0
2011-04-28,61.7801,62.6401,61.7601,62.4601,124791100.0
2011-04-29,62.5101,62.9201,62.3301,62.7801,115094100.0
2011-05-02,63.4201,63.5301,62.3001,62.5701,126278700.0
2011-05-03,62.3101,62.5401,61.3901,62.0801,138375000.0
2011-05-04,62.0201,62.0801,60.5801,61.1801,182678500.0
2011-05-05,60.4301,61.3001,59.3701,59.9601,226900000.0
2011-05-06,61.2901,61.9801,60.0301,60.5501,222787200.0
2011-05-09,60.5401,61.4601,60.3301,61.0701,114104500.0
2011-05-10,61.5201,62.4601,61.3501,62.2201,114806900.0
2011-05-11,62.0201,62.0401,60.1701,60.7901,193564200.0
2011-05-12,60.4301,61.7101,59.7401,61.4301,171550700.0
2011-05-13,61.5001,61.6901,59.9101,60.3901,157444900.0
2011-05-16,59.9101,60.9601,59.3201,59.5401,141675400.0
2011-05-17,59.0401,59.7001,58.4701,59.5201,192686200.0
2011-05-18,59.5901,60.8501,59.3001,60.7101,135217900.0
2011-05-19,61.1501,61.3801,60.2901,61.0301,119489500.0
2011-05-20,60.6801,61.0301,59.7101,59.9601,182594900.0
2011-05-23,58.3301,59.0701,57.9401,58.4101,168700000.0
2011-05-24,58.7901,59.0801,58.0501,58.3001,147199600.0
2011-05-25,57.7701,59.2901,57.7301,58.7401,151050100.0
2011-05-26,58.3801,59.5901,58.1301,59.3501,164850000.0
2011-05-27,59.7201,60.2201,59.3101,59.8601,120921900.0
2011-05-31,61.1201,61.2701,60.1901,61.2501,164731200.0
2011-06-01,60.8601,61.2701,58.1101,58.2201,233094300.0
2011-06-02,58.3101,58.5901,57.3101,58.0801,200466800.0
2011-06-03,56.5001,57.7701,56.4301,56.7701,234690200.0
2011-06-06,56.4401,56.7101,55.2201,55.3901,179951200.0
2011-06-07,56.0501,56.4201,55.2001,55.3101,161660500.0
2011-06-08,55.1101,55.5401,54.5301,54.7701,198696400.0
2011-06-09,55.1201,56.2801,54.8101,55.7501,160964400.0
2011-06-10,55.2001,55.2801,53.6101,53.9501,238629400.0
2011-06-13,54.2401,54.5901,53.4001,54.0501,207599800.0
2011-06-14,55.2201,56.1201,55.1701,55.6701,160570400.0
2011-06-15,54.5901,55.6501,53.0301,53.3701,300958000.0
2011-06-16,53.4101,54.3201,52.6701,53.6501,308032800.0
2011-06-17,54.2801,54.2901,52.9701,53.4001,233284900.0
2011-06-20,52.9701,54.3201,52.9301,54.0501,159479000.0
2011-06-21,54.7101,56.0501,54.1001,55.8001,193157300.0
2011-06-22,55.4001,56.1601,54.9401,55.0201,176703000.0
2011-06-23,53.5101,54.9901,52.5401,54.6501,334286496.0
2011-06-24,54.6201,54.7201,52.9701,53.1601,226129300.0
2011-06-27,53.2401,54.7801,52.9901,54.2901,168904700.0
2011-06-28,54.8001,55.9801,54.6201,55.9601,165556300.0
2011-06-29,56.5501,57.2801,55.9801,57.0701,244295500.0
2011-06-30,57.4901,58.5301,57.0601,58.3201,223322700.0
2011-07-01,58.4401,60.4501,58.1301,60.2701,202385700.0
2011-07-05,60.1301,60.4301,59.7401,60.1601,165936000.0
2011-07-06,59.8401,60.4901,59.4601,60.3201,143331600.0
2011-07-07,61.5101,62.0501,61.2301,61.7101,170464200.0
2011-07-08,60.1801,61.7101,59.7401,60.7501,194100500.0
2011-07-11,59.1001,59.5301,58.0101,58.3201,195918600.0
2011-07-12,58.0401,59.1301,57.7101,57.7501,214675700.0
2011-07-13,58.4401,59.5701,57.8701,58.1901,204062600.0
2011-07-14,58.5201,59.1301,57.0301,57.2801,226111800.0
2011-07-15,58.0101,58.2201,57.1201,58.0401,220012800.0
2011-07-18,57.4301,57.6301,55.9801,56.9601,196872100.0
2011-07-19,57.6901,59.2401,57.6601,59.0801,166554900.0
2011-07-20,59.4201,59.5001,58.7701,59.0001,137145400.0
2011-07-21,59.7501,61.1701,59.0201,60.8401,245246300.0
2011-07-22,60.8701,61.0701,60.1101,60.9301,126019400.0
2011-07-25,59.6501,60.8401,59.5101,60.1801,136653800.0
2011-07-26,60.0901,60.3101,59.3801,59.6801,131278200.0
2011-07-27,58.9401,58.9801,56.7801,56.9501,249020100.0
2011-07-28,56.9501,58.1201,56.3601,56.5701,207939900.0
2011-07-29,55.2601,56.9001,54.3201,55.6801,307038400.0
2011-08-01,57.1901,57.3101,53.8801,55.1301,325790896.0
2011-08-02,54.1601,54.8501,51.8401,51.8401,346653808.0
2011-08-03,52.0101,52.6601,49.8801,52.5201,370830800.0
2011-08-04,50.7701,50.9701,46.4101,46.6101,520721808.0
2011-08-05,48.1101,48.4201,43.2101,46.4301,655619200.0
2011-08-08,43.2601,46.4701,38.3701,38.6101,702263904.0
2011-08-09,40.4201,43.9901,36.6201,43.8301,717828704.0
2011-08-10,41.6101,42.6301,38.3001,38.6401,662607408.0
2011-08-11,39.6101,45.2701,38.6701,43.6801,487979696.0
2011-08-12,44.7501,45.5601,43.6301,44.4701,313731600.0
2011-08-15,45.5401,47.0901,45.3501,46.9701,258810600.0
2011-08-16,45.8201,47.0401,44.6601,45.9401,294095200.0
2011-08-17,46.6001,47.5501,45.0701,46.0201,238201100.0
2011-08-18,42.8501,46.0601,39.7401,40.8601,512956304.0
2011-08-19,39.3101,42.2301,38.8501,38.9901,428281296.0
2011-08-22,41.5201,41.5801,38.7601,39.0801,275090608.0
2011-08-23,39.5001,42.9201,38.9301,42.7901,331136608.0
2011-08-24,42.5401,44.5901,42.2701,44.4301,246869700.0
2011-08-25,45.0801,45.7501,42.2201,42.6301,312365408.0
2011-08-26,42.0401,44.8601,40.2001,44.3201,314495904.0
2011-08-29,45.9101,47.7801,44.4101,47.7101,190977200.0
2011-08-30,47.1801,48.7801,45.6101,48.0301,241315700.0
2011-08-31,48.8101,49.8601,47.6501,48.5701,301828400.0
2011-09-01,48.6401,49.7501,47.1301,47.2901,254585900.0
2011-09-02,44.7701,47.2201,43.7801,44.2001,255517200.0
2011-09-06,40.7401,43.5101,40.7301,43.3401,285130496.0
2011-09-07,45.1101,46.6901,44.7101,46.6401,209803200.0
2011-09-08,45.9201,47.2901,45.1201,45.3901,250568200.0
2011-09-09,44.0301,45.4101,41.6301,42.2701,380195104.0
2011-09-12,40.8201,43.1101,40.4001,43.0201,305793504.0
2011-09-13,43.4001,44.5301,42.5701,44.0901,272514704.0
2011-09-14,44.6901,47.1501,43.0701,45.7201,319389504.0
2011-09-15,47.0001,47.8201,45.7501,47.7801,326777200.0
2011-09-16,47.6401,48.3201,46.6701,47.8701,284528304.0
2011-09-19,45.8801,47.2801,45.0701,46.6601,241517000.0
2011-09-20,47.1701,48.3401,46.3601,46.5201,218932200.0
2011-09-21,46.5801,46.9501,42.7901,42.9801,316251296.0
2011-09-22,39.6001,40.5601,37.6501,39.2101,513911296.0
2011-09-23,38.4601,40.5101,38.3701,39.8901,307242496.0
2011-09-26,40.9601,42.7501,39.3301,42.5901,260673700.0
2011-09-27,44.8801,45.9101,43.1901,43.8901,311753904.0
2011-09-28,44.1301,44.8401,41.3201,41.4901,286696800.0
2011-09-29,43.4001,43.9801,40.2801,42.4001,298108896.0
2011-09-30,40.8001,41.8001,39.4201,39.5001,288392304.0
2011-10-03,38.8401,40.3001,36.1601,36.2801,365136800.0
2011-10-04,34.7001,38.9301,33.7801,38.6901,459177504.0
2011-10-05,38.9701,41.0701,37.9301,40.7701,284108000.0
2011-10-06,40.7101,43.0101,39.8601,42.8401,257800800.0
2011-10-07,43.5201,43.6001,41.4101,42.0601,312657904.0
2011-10-10,44.0301,45.9801,44.0201,45.9301,230666300.0
2011-10-11,45.2201,46.3901,45.1001,46.0501,209088000.0
2011-10-12,46.9501,48.4901,46.6801,47.1001,281544896.0
2011-10-13,46.3901,47.2201,45.4701,46.8601,212538800.0
2011-10-14,48.2601,48.9501,47.5801,48.9201,211397600.0
2011-10-17,48.3401,48.9001,46.2801,46.5801,202311600.0
2011-10-18,46.4901,49.8501,45.5501,48.9301,318857904.0
2011-10-19,48.7301,49.4301,47.0601,47.4801,226601300.0
2011-10-20,47.7801,48.4501,46.1701,48.0101,262075600.0
2011-10-21,49.4401,50.4701,49.0701,50.3201,278999408.0
2011-10-24,50.5201,52.1501,50.4101,51.8401,203215600.0
2011-10-25,51.2401,51.3001,49.1301,49.4001,268596800.0
2011-10-26,50.7001,51.1201,48.5601,50.6501,289053808.0
2011-10-27,53.9801,55.7701,52.9601,54.9801,393220208.0
2011-10-28,54.3501,55.2001,54.1501,54.9501,225906500.0
2011-10-31,53.5101,54.9701,51.6701,51.8501,228146700.0
2011-11-01,48.3801,49.8601,47.8701,48.3501,416565808.0
2011-11-02,50.1801,50.7501,49.1401,50.3401,244717600.0
2011-11-03,51.6201,52.8501,49.9501,52.6001,291174800.0
2011-11-04,51.5801,52.0501,50.3601,51.8301,249401600.0
2011-11-07,51.7401,52.7401,50.5501,52.6101,196617200.0
2011-11-08,53.2701,54.3701,52.0601,54.2301,224426300.0
2011-11-09,51.2401,52.1501,49.2101,49.5101,337982000.0
2011-11-10,51.1401,51.2901,49.3701,50.6701,231866500.0
2011-11-11,52.1801,53.3401,52.1401,53.0101,189924400.0
2011-11-14,52.5401,53.8001,51.2701,51.8101,159258300.0
2011-11-15,51.5201,53.1001,51.0701,52.4301,184709400.0
2011-11-16,51.1601,52.6901,50.2501,50.4301,235782500.0
2011-11-17,50.2001,50.5101,47.5801,48.4601,331219600.0
2011-11-18,48.8501,49.1001,47.8201,48.3301,215580400.0
2011-11-21,46.5501,46.7001,45.0001,46.0101,229611600.0
2011-11-22,45.7501,46.4501,44.8701,45.5401,216494900.0
2011-11-23,44.4201,45.5401,42.9101,42.9101,224329100.0
2011-11-25,42.7301,44.0501,42.5501,42.6901,99557000.0
2011-11-28,45.8901,46.5301,45.1701,46.0601,210686000.0
2011-11-29,46.4001,47.3501,45.9601,46.4001,199241500.0
2011-11-30,49.8401,51.5701,46.3501,51.3401,324439504.0
2011-12-01,51.2001,51.9901,50.7801,51.3201,176954800.0
2011-12-02,52.4701,52.8501,51.1301,51.2101,221109700.0
2011-12-05,53.1901,53.5301,51.7901,52.5701,225263900.0
2011-12-06,52.5601,53.4601,52.1101,52.6101,178842100.0
2011-12-07,52.1901,53.6101,51.3201,53.0801,237802500.0
2011-12-08,52.2501,52.5301,50.0001,50.3001,240862800.0
2011-12-09,50.8601,52.7201,50.7501,52.4001,209111400.0
2011-12-12,51.3001,51.3201,49.5101,50.5601,215826100.0
2011-12-13,51.2101,51.9201,48.8001,49.4001,245159800.0
2011-12-14,48.9101,49.3801,47.8201,48.0901,238618800.0
2011-12-15,49.3801,49.5501,48.3401,48.5301,199109200.0
2011-12-16,48.5801,49.3001,47.6501,47.9401,220481400.0
2011-12-19,48.4101,48.6701,46.3801,46.6401,183903000.0
2011-12-20,48.5301,50.4901,46.7201,50.2801,225418100.0
2011-12-21,50.2801,50.7101,49.1001,50.5201,194230900.0
2011-12-22,50.9801,51.7501,50.5801,51.6201,119465400.0
2011-12-23,52.0201,52.7801,51.7601,52.7401,92187200.0
2011-12-27,52.5201,53.1701,52.4101,52.8401,86075700.0
2011-12-28,52.8601,52.8801,51.0801,51.1801,119107100.0
2011-12-29,51.5901,52.6001,51.2101,52.4701,123507200.0
2011-12-30,52.3701,52.6801,51.8501,51.8501,95599000.0
2012-01-03,54.1101,54.7301,53.7801,53.8501,193697900.0
2012-01-04,53.5501,54.1601,53.0601,54.0501,127186500.0
2012-01-05,53.3601,54.5801,52.7801,54.3901,173895000.0
2012-01-06,54.5501,54.5701,53.6401,54.0601,148050000.0
2012-01-09,54.3501,54.5301,53.7601,54.3701,99530200.0
2012-01-10,55.7401,56.0001,55.3001,55.4801,115282000.0
2012-01-11,55.0801,55.7201,54.8701,55.5501,111540700.0
2012-01-12,55.9201,56.0501,54.8901,55.8601,118983700.0
2012-01-13,54.9901,55.4001,54.0701,55.1901,179836200.0
2012-01-17,56.4301,56.6701,55.2501,55.6901,132209200.0
2012-01-18,55.6601,57.1901,55.4301,57.1201,163395200.0
2012-01-19,57.5701,57.9201,57.1501,57.8101,126328900.0
2012-01-20,57.5901,58.3001,57.2701,58.3001,138230200.0
2012-01-23,57.8601,58.6001,57.3301,57.9601,129295800.0
2012-01-24,57.1501,57.8501,56.9501,57.8101,103083300.0
2012-01-25,57.6101,59.2201,57.1001,58.9101,198613200.0
2012-01-26,59.5001,59.7501,57.7101,58.2301,184880500.0
2012-01-27,57.5901,58.4001,57.5001,58.1701,135259100.0
2012-01-30,56.8601,57.7901,56.4101,57.7201,147311800.0
2012-01-31,58.3701,58.5301,57.0301,57.6701,157212000.0
2012-02-01,58.6401,59.4901,58.4801,58.8201,166234500.0
2012-02-02,59.0801,59.3701,58.5601,59.0301,113090400.0
2012-02-03,60.3501,60.9701,60.1201,60.8901,160598500.0
2012-02-06,60.3301,60.8601,60.1801,60.8001,107694500.0
2012-02-07,60.5201,61.3701,59.9901,61.1401,135528100.0
2012-02-08,61.2101,61.5701,60.6601,61.5401,139361400.0
2012-02-09,61.7601,61.9401,60.9101,61.7101,148602900.0
2012-02-10,60.5101,60.8201,60.1901,60.7101,167907500.0
2012-02-13,61.6701,61.8701,61.0901,61.7101,115841900.0
2012-02-14,61.3501,61.6201,60.6001,61.5401,165329500.0
2012-02-15,61.9801,62.1801,60.6401,60.9101,195195100.0
2012-02-16,60.9201,62.5201,60.6801,62.4001,186567800.0
2012-02-17,62.8701,62.9801,62.3101,62.7601,129869400.0
2012-02-21,63.0801,63.4001,62.4001,62.8201,134042300.0
2012-02-22,62.6101,62.9001,62.1401,62.3801,124455300.0
2012-02-23,62.3101,63.0801,61.8501,62.9801,137704300.0
2012-02-24,63.2801,63.5501,62.9801,63.2801,105539100.0
2012-02-27,62.3701,63.8801,62.1501,63.5101,145728900.0
2012-02-28,63.5501,64.0701,63.2801,63.9101,129355900.0
2012-02-29,64.1101,64.5401,62.8901,63.3701,185934700.0
2012-03-01,63.6601,64.3401,63.2801,64.0801,145023500.0
2012-03-02,63.9901,64.1701,63.3501,63.6601,120638300.0
2012-03-05,63.4501,63.5501,62.6301,63.1001,140765000.0
2012-03-06,61.7001,61.7801,60.7101,61.1001,202129900.0
2012-03-07,61.4101,62.2601,61.2801,62.0401,143692200.0
2012-03-08,62.8701,63.6701,62.5901,63.3901,116968900.0
2012-03-09,63.6501,64.2801,63.4801,63.9201,122836800.0
2012-03-12,63.9001,64.1101,63.4401,63.9301,104003500.0
2012-03-13,64.6701,66.4801,64.4401,66.4101,184090500.0
2012-03-14,66.4501,66.8001,65.8301,66.2601,145163600.0
2012-03-15,66.4701,67.1301,66.1101,67.0701,165118500.0
2012-03-16,66.7101,66.8301,66.3501,66.6501,152893500.0
2012-03-19,66.5601,67.6301,66.4601,67.2001,125291100.0
2012-03-20,66.4001,66.9601,65.9901,66.7901,121729700.0
2012-03-21,66.8701,67.0001,66.2701,66.5601,122388400.0
2012-03-22,65.5301,65.9001,65.0901,65.5501,135216700.0
2012-03-23,65.6701,66.1601,64.9001,66.0001,120521000.0
2012-03-26,67.0001,67.9601,66.9501,67.9601,120164000.0
2012-03-27,68.0901,68.1801,67.4301,67.5201,119868500.0
2012-03-28,67.4501,67.6701,65.9901,66.8201,148562100.0
2012-03-29,65.9901,66.8401,65.4401,66.5801,164963700.0
2012-03-30,67.2701,67.4001,66.4001,67.1601,135486800.0
2012-04-02,66.9901,68.5601,66.7101,68.1901,151741100.0
2012-04-03,67.9901,68.2301,66.7801,67.6101,155806700.0
2012-04-04,66.5701,66.6901,65.6901,66.2101,146896000.0
2012-04-05,65.7301,66.5501,65.6101,66.1401,137439400.0
2012-04-09,64.3801,66.1901,64.1901,64.5701,127555900.0
2012-04-10,64.3001,64.6901,62.1101,62.2501,235360300.0
2012-04-11,63.6401,63.8901,63.1001,63.3501,154133000.0
2012-04-12,63.4801,65.2501,63.3801,65.1401,154321500.0
2012-04-13,64.8201,65.1701,63.3601,63.4901,169246700.0
2012-04-16,64.1901,64.3901,62.9301,63.4001,147825300.0
2012-04-17,64.1901,65.7101,64.0501,65.4301,147877600.0
2012-04-18,64.8101,65.4301,64.7301,64.9601,123884200.0
2012-04-19,64.9801,65.5001,63.4201,64.0701,198666700.0
2012-04-20,64.6801,65.1801,64.2201,64.3001,143199600.0
2012-04-23,62.8901,63.2601,62.2901,63.1401,171844900.0
2012-04-24,63.2601,64.0101,63.1501,63.6601,137484200.0
2012-04-25,65.0001,65.6001,64.8801,65.5401,150252200.0
2012-04-26,65.2401,66.6701,65.1601,66.5101,136291600.0
2012-04-27,66.9301,67.1401,66.1501,66.7401,130725000.0
2012-04-30,66.4601,66.5601,65.8401,66.2201,115092200.0
2012-05-01,66.1401,68.0101,65.9801,67.0901,138832200.0
2012-05-02,66.2701,66.8101,65.8101,66.6701,121081000.0
2012-05-03,66.6901,66.8001,65.3401,65.6001,143759700.0
2012-05-04,64.8701,65.6501,63.2701,63.3501,193927300.0
2012-05-07,62.8601,63.9101,62.8101,63.4501,127765900.0
2012-05-08,62.6301,63.1201,61.2701,62.9001,213377700.0
2012-05-09,61.4501,62.9601,60.8401,62.0901,220752500.0
2012-05-10,63.0301,63.2001,62.0601,62.3701,150600000.0
2012-05-11,61.5201,63.2201,61.4601,61.9601,153032400.0
2012-05-14,60.6601,61.9601,60.2601,60.4601,163910000.0
2012-05-15,60.3701,61.1601,59.4801,59.6901,207629300.0
2012-05-16,60.2901,60.9001,59.1501,59.1801,207265500.0
2012-05-17,59.2101,59.3701,57.1401,57.2101,247992900.0
2012-05-18,57.7201,57.9501,55.9001,56.0901,319615904.0
2012-05-21,56.5101,58.3701,56.3001,58.3201,177861100.0
2012-05-22,58.6601,59.5801,57.6901,58.5501,197531200.0
2012-05-23,57.6001,58.8101,56.3401,58.6201,204958400.0
2012-05-24,58.9801,59.1901,57.7701,58.8801,167357600.0
2012-05-25,58.8301,59.2001,58.1301,58.4501,135465600.0
2012-05-29,59.5101,60.2801,57.5201,60.0501,152883500.0
2012-05-30,58.9101,60.0401,57.8401,58.1101,162370400.0
2012-05-31,58.0601,58.8001,56.6901,57.8201,196186000.0
2012-06-01,55.7601,57.8501,54.5101,54.5101,253240900.0
2012-06-04,54.7401,55.0901,53.4901,54.4501,202545800.0
2012-06-05,54.2001,55.6101,54.1301,55.4201,164149400.0
2012-06-06,56.3201,58.3801,56.2801,58.3201,184202800.0
2012-06-07,59.8201,59.8801,58.1301,58.4001,184772700.0
2012-06-08,58.0601,59.4801,57.6401,59.4501,143915400.0
2012-06-11,60.5201,60.6001,57.6301,57.7601,169756100.0
2012-06-12,58.1401,59.3601,57.5101,59.2701,181931800.0
2012-06-13,58.8801,59.7101,57.9701,58.4201,172223900.0
2012-06-14,58.6901,60.3501,58.3301,59.8201,230615500.0
2012-06-15,59.7301,60.6101,59.4501,60.4901,169444500.0
2012-06-18,59.9301,61.0801,59.6301,60.7501,131360900.0
2012-06-19,61.4301,62.6001,60.7201,62.0501,137382600.0
2012-06-20,62.0601,62.4501,60.6201,61.8301,206451800.0
2012-06-21,61.9901,62.1301,58.6801,58.7901,205272200.0
2012-06-22,59.4801,60.0601,58.9701,59.8101,130029200.0
2012-06-25,58.4001,58.4501,57.2001,57.6701,146375700.0
2012-06-26,58.0501,58.7301,57.2801,58.3301,141634000.0
2012-06-27,58.7701,59.7801,58.3201,59.5201,108088000.0
2012-06-28,58.6401,59.3401,57.6301,59.1401,169242100.0
2012-06-29,61.5501,62.6201,61.2001,62.4501,212250900.0
2012-07-02,62.8301,63.0001,61.8701,62.8601,129524500.0
2012-07-03,62.8301,63.8601,62.6901,63.7601,80450000.0
2012-07-05,63.2501,64.1501,62.6401,63.1401,126177500.0
2012-07-06,61.8201,62.1201,61.2001,61.8401,151192100.0
2012-07-09,61.7301,61.9201,61.0501,61.6701,103780500.0
2012-07-10,62.3601,62.5801,60.0301,60.4901,167884800.0
2012-07-11,60.5601,60.9501,59.7301,60.5101,141733400.0
2012-07-12,59.7301,60.5801,58.9501,59.8601,143583200.0
2012-07-13,60.2101,62.2401,60.1901,62.1001,129642600.0
2012-07-16,61.7901,62.1801,61.2501,61.7801,97525200.0
2012-07-17,62.3201,62.9901,60.9001,62.7101,138860300.0
2012-07-18,62.3901,63.9901,62.3101,63.7201,113349700.0
2012-07-19,64.0001,64.5301,63.5601,64.0801,129847300.0
2012-07-20,63.3001,63.5101,62.6701,62.8201,142904500.0
2012-07-23,60.8201,62.7301,60.1901,61.4401,145210900.0
2012-07-24,61.5401,61.6001,59.3801,60.2801,173301200.0
2012-07-25,60.5601,60.9101,59.6001,60.3101,129122300.0
2012-07-26,62.2401,62.8101,61.6101,62.5201,156526500.0
2012-07-27,63.2401,65.4201,62.4901,65.0301,236768900.0
2012-07-30,64.8701,65.6901,64.6201,65.0301,106782000.0
2012-07-31,64.8401,65.2201,64.0601,64.0601,120575900.0
2012-08-01,65.0501,65.0801,63.7501,63.9401,138293800.0
2012-08-02,62.9001,63.9201,61.9301,62.9901,199556600.0
2012-08-03,64.9101,65.9901,63.0301,65.7001,157825000.0
2012-08-06,66.0701,66.5201,65.9101,65.9701,86326200.0
2012-08-07,66.5301,67.2701,66.3801,66.6701,109545100.0
2012-08-08,66.2001,67.0001,66.1601,66.8401,89754700.0
2012-08-09,66.6401,67.2401,66.5001,66.9601,90291700.0
2012-08-10,66.3901,67.2401,66.1601,67.1901,99792700.0
2012-08-13,66.9501,67.1901,66.3901,67.1201,79426900.0
2012-08-14,67.6401,67.7301,66.7201,67.1401,102379400.0
2012-08-15,66.9901,67.5401,66.9001,67.3001,71085900.0
2012-08-16,67.5001,68.5101,67.1501,68.3401,112014200.0
2012-08-17,68.5801,68.6501,68.2101,68.5301,90813700.0
2012-08-20,68.3301,68.5701,67.9401,68.5401,78255700.0
2012-08-21,68.8901,69.4401,67.8001,68.1101,105581100.0
2012-08-22,67.7501,68.4001,67.4201,68.1701,133243500.0
2012-08-23,67.8201,67.8301,66.7901,67.0101,111466400.0
2012-08-24,66.6601,68.1801,66.5701,67.8601,99481200.0
2012-08-27,68.2401,68.4301,67.6901,67.8901,68785900.0
2012-08-28,67.5301,68.1901,67.3201,67.7501,75689600.0
2012-08-29,67.8701,68.2401,67.4701,67.8601,65421300.0
2012-08-30,67.2501,67.2901,66.5401,66.8401,96589900.0
2012-08-31,67.6401,68.1701,66.7101,67.5101,151970400.0
2012-09-04,67.3901,67.8101,66.4801,67.3801,120226200.0
2012-09-05,67.4401,67.8201,66.9801,67.2601,100660300.0
2012-09-06,68.1101,70.1301,68.1001,70.1201,158272500.0
2012-09-07,70.3601,70.7401,70.2301,70.6801,107272100.0
2012-09-10,70.5401,70.7901,69.8101,69.8601,86458500.0
2012-09-11,69.9501,70.7201,69.9101,70.2601,88760000.0
2012-09-12,70.7401,70.9001,70.2501,70.7401,87640900.0
2012-09-13,70.7201,73.3901,70.3401,72.9401,225470200.0
2012-09-14,73.2301,74.4601,73.1101,73.5901,169777000.0
2012-09-17,73.2901,73.5401,72.7201,73.0901,119427800.0
2012-09-18,72.8401,73.1601,72.6001,72.9701,98326600.0
2012-09-19,73.1401,73.5201,72.7601,73.0501,128318300.0
2012-09-20,72.3801,73.1401,71.9801,73.0601,154009800.0
2012-09-21,72.9901,73.0201,72.1601,72.2201,108737500.0
2012-09-24,71.5001,72.3301,71.3901,72.0001,95682000.0
2012-09-25,72.3101,72.5901,70.4101,70.4501,133165200.0
2012-09-26,70.4201,70.4601,69.3001,69.6401,146502200.0
2012-09-27,70.2401,71.3201,69.8601,70.9901,111830300.0
2012-09-28,70.4401,70.9101,69.8101,70.3201,150696100.0
2012-10-01,70.8701,72.0401,70.3601,70.7001,135911200.0
2012-10-02,71.2701,71.5001,70.1801,70.8501,113422200.0
2012-10-03,71.2401,71.7801,70.4801,71.4401,121283100.0
2012-10-04,71.9901,72.6901,71.7901,72.4801,124311600.0
2012-10-05,73.2601,73.5101,72.0501,72.4901,124842100.0
2012-10-08,71.9501,72.4701,71.6601,71.9901,78415400.0
2012-10-09,71.8801,72.0001,70.5001,70.5501,148872900.0
2012-10-10,70.5301,70.6701,69.4401,69.6301,124247500.0
2012-10-11,70.6301,70.8401,69.6801,69.7101,123601500.0
2012-10-12,69.8101,70.3001,68.9301,69.2401,124181900.0
2012-10-15,69.5801,70.5801,69.1201,70.4301,107689100.0
2012-10-16,71.1101,71.9901,71.0101,71.8901,108815500.0
2012-10-17,71.9901,72.6701,71.7701,72.5501,128834100.0
2012-10-18,72.1701,72.8701,71.6801,72.1701,148108500.0
2012-10-19,71.9001,71.9101,69.4001,69.7401,185645200.0
2012-10-22,69.5001,70.0201,68.6301,69.7601,125578600.0
2012-10-23,68.2101,68.4101,67.1801,67.7701,192056300.0
2012-10-24,68.2801,68.4501,67.1501,67.3701,120179400.0
2012-10-25,68.3701,68.6301,66.9201,67.7801,134457400.0
2012-10-26,67.6501,68.1901,66.7401,67.7001,146023500.0
2012-10-31,68.2001,68.3801,67.0301,67.7001,103438500.0
2012-11-01,68.0001,69.3601,67.8701,69.1801,100995600.0
2012-11-02,70.0301,70.0701,67.7601,67.9101,137702200.0
2012-11-05,67.7001,68.5201,67.2801,68.2001,98378500.0
2012-11-06,68.6301,69.8701,68.4801,69.3101,107068100.0
2012-11-07,68.0101,68.0301,65.4101,66.0701,264304500.0
2012-11-08,66.0501,66.7601,64.2801,64.3901,181517300.0
2012-11-09,63.9701,65.7901,63.9001,64.5101,201055300.0
2012-11-12,64.9401,65.1601,64.3101,64.6201,97677500.0
2012-11-13,63.8901,65.6001,63.7101,64.1401,123018300.0
2012-11-14,64.5601,64.7801,61.9701,62.2801,191505000.0
2012-11-15,62.3301,62.8401,61.5301,62.0501,178128400.0
2012-11-16,62.2501,62.9901,61.0501,62.7201,239483900.0
2012-11-19,64.2501,65.5001,62.7601,65.4801,151495800.0
2012-11-20,65.2601,65.7701,64.4301,65.5401,119807400.0
2012-11-21,65.6601,65.9201,65.3801,65.8001,81710800.0
2012-11-23,66.4801,67.7501,66.3901,67.7001,65409200.0
2012-11-26,67.0001,67.7101,66.5401,67.4001,100124400.0
2012-11-27,67.2601,67.7401,66.5901,66.6801,128646200.0
2012-11-28,66.1101,67.8901,65.3501,67.8101,177086500.0
2012-11-29,68.3401,68.8601,67.7201,68.4701,151085900.0
2012-11-30,68.4901,68.7701,68.0101,68.5001,136568300.0
2012-12-03,69.1501,69.2701,67.6901,67.8001,124656300.0
2012-12-04,67.7901,68.2201,67.2201,67.6001,127512200.0
2012-12-05,67.7201,68.5101,66.7201,67.8501,147300500.0
2012-12-06,67.7201,68.3901,67.5101,68.3301,103220600.0
2012-12-07,68.8801,69.0401,68.0201,68.7601,108726400.0
2012-12-10,68.5601,69.1601,68.5001,68.8201,98840700.0
2012-12-11,69.4101,70.4601,69.3401,69.7901,152570400.0
2012-12-12,70.3501,70.9001,69.6601,69.8601,145880100.0
2012-12-13,69.7701,70.1801,68.6201,68.9801,135715000.0
2012-12-14,68.6701,68.9301,68.2301,68.4501,137701700.0
2012-12-17,68.8201,70.2001,68.7801,70.1201,143238200.0
2012-12-18,70.3501,71.8501,70.1401,71.7201,177762800.0
2012-12-19,71.8801,71.9301,70.5901,70.6401,150895400.0
2012-12-20,70.7301,71.4901,70.3301,71.4701,168487000.0
2012-12-21,69.5419,71.4619,69.3119,70.1619,245883800.0
2012-12-24,69.8519,69.9319,69.5619,69.7219,53874600.0
2012-12-26,70.0119,70.0819,68.7219,69.1219,106947700.0
2012-12-27,69.1619,69.4519,67.2919,68.9319,167920600.0
2012-12-28,68.0119,68.7919,67.2419,67.4019,148806700.0
2012-12-31,67.0319,69.9319,66.9119,69.7819,243935200.0
2013-01-02,72.4819,73.5219,72.1019,73.4319,192059000.0
2013-01-03,73.3619,73.7419,72.7119,73.1019,144761800.0
2013-01-04,73.3419,73.9819,73.0419,73.7419,116817700.0
2013-01-07,73.2219,73.4819,72.8019,73.3419,110002500.0
2013-01-08,73.0819,73.2819,72.3519,72.9219,121265100.0
2013-01-09,73.2419,73.6919,73.0119,73.2919,90745600.0
2013-01-10,74.1019,74.4619,73.3419,74.4519,130735400.0
2013-01-11,74.4119,74.5219,73.9819,74.4419,113917300.0
2013-01-14,74.2619,74.4419,73.8019,74.3419,89567200.0
2013-01-15,73.6619,74.5819,73.5719,74.4419,93172600.0
2013-01-16,74.1419,74.6519,73.9819,74.4219,104849500.0
2013-01-17,75.0719,75.7919,74.5219,75.3719,133833500.0
2013-01-18,75.3419,75.8619,74.8019,75.7019,169906000.0
2013-01-22,75.7019,76.5019,75.3519,76.5019,111797300.0
2013-01-23,76.5019,76.8719,76.2319,76.7419,104596100.0
2013-01-24,76.5219,77.5119,76.3819,76.7819,146426400.0
2013-01-25,77.2519,77.6219,76.7419,77.6219,147211600.0
2013-01-28,77.6619,77.7019,76.8819,77.4419,113357700.0
2013-01-29,77.1419,78.2219,77.0419,78.0319,105694400.0
2013-01-30,78.0119,78.3119,77.3019,77.4419,137447700.0
2013-01-31,77.2619,77.7519,76.9719,77.0719,108975800.0
2013-02-01,78.0219,78.7919,77.7619,78.6119,131173000.0
2013-02-04,77.6919,78.6419,76.8019,76.9119,159073600.0
2013-02-05,77.7219,78.8519,77.6619,78.4219,113912400.0
2013-02-06,77.8919,78.6319,77.7819,78.5319,138762800.0
2013-02-07,78.5819,78.7219,77.2319,78.3319,162490000.0
2013-02-08,78.5919,79.2619,78.5919,79.1719,103133700.0
2013-02-11,79.1119,79.2719,78.7619,79.1419,73775000.0
2013-02-12,79.1519,79.6719,78.9819,79.3919,65392700.0
2013-02-13,79.7019,79.9819,79.0919,79.5219,82322600.0
2013-02-14,79.0619,79.8419,78.8919,79.6619,80834300.0
2013-02-15,79.8019,79.9619,78.9219,79.4819,215226500.0
2013-02-19,79.7419,80.6519,79.5319,80.6219,95105400.0
2013-02-20,80.5119,80.5619,78.6319,78.7119,160574800.0
2013-02-21,78.3319,78.7919,77.3119,77.7919,183257000.0
2013-02-22,78.5219,79.2619,77.8619,79.2619,106356600.0
2013-02-25,80.0019,80.2319,76.3719,76.3719,245824800.0
2013-02-26,77.0919,77.5719,76.1019,77.3919,186596200.0
2013-02-27,77.2619,79.7019,77.1319,79.2819,150781900.0
2013-02-28,79.2719,80.2419,78.7819,78.9819,126866000.0
2013-03-01,78.4619,79.7119,77.7819,79.4819,170634800.0
2013-03-04,79.1319,80.2919,78.8919,80.2919,99010200.0
2013-03-05,81.0319,82.0719,81.0119,81.6619,121431900.0
2013-03-06,82.2119,82.2919,81.5319,81.8719,94469900.0
2013-03-07,82.0719,82.3519,81.8919,82.1519,86101400.0
2013-03-08,82.8319,83.0219,82.0319,82.8119,123477800.0
2013-03-11,82.6919,83.4119,82.5019,83.4019,83746800.0
2013-03-12,83.2919,83.4719,82.5819,83.0519,105755800.0
2013-03-13,83.1319,83.4919,82.6019,83.2719,92550900.0
2013-03-14,83.6819,84.1719,83.2819,84.1019,126329900.0
2013-03-15,83.9156,84.1056,83.3756,83.8956,138601100.0
2013-03-18,82.4056,83.7056,82.2656,83.0356,126704300.0
2013-03-19,83.3656,83.5756,81.6556,82.6756,167567300.0
2013-03-20,83.5856,84.0156,83.3256,83.7556,113759300.0
2013-03-21,82.8256,83.7056,82.1656,82.4256,128605000.0
2013-03-22,82.9156,83.6656,82.7956,83.6656,111163600.0
2013-03-25,84.0756,84.3356,82.4156,83.0156,151322300.0
2013-03-26,83.6556,84.2956,83.4856,84.2556,86856600.0
2013-03-27,83.3256,84.3056,83.0656,84.2556,99950600.0
2013-03-28,84.1556,84.9156,83.8156,84.7356,102932800.0
2013-04-01,84.6556,84.9756,83.7356,84.1156,99194100.0
2013-04-02,84.6756,85.2756,84.4356,84.8856,101504300.0
2013-04-03,84.9756,85.0956,82.8856,83.2956,154167400.0
2013-04-04,83.4956,84.2356,83.1556,83.9256,131885000.0
2013-04-05,82.0156,83.4156,81.8356,83.2256,159666000.0
2013-04-08,83.3356,84.2856,82.8156,84.2756,86571200.0
2013-04-09,84.5656,85.3856,84.0456,84.8156,101922200.0
2013-04-10,85.2356,86.9356,85.1956,86.7356,135711100.0
2013-04-11,86.7656,87.7756,86.6056,87.2556,110142500.0
2013-04-12,86.7456,87.1056,85.9856,86.8656,116359900.0
2013-04-15,86.0656,86.1956,83.1656,83.1856,217259000.0
2013-04-16,84.3556,85.5556,83.9756,85.4756,147507800.0
2013-04-17,84.3556,84.3856,82.3456,83.1756,226834800.0
2013-04-18,83.4356,83.4756,81.6156,82.2056,167583200.0
2013-04-19,82.5656,83.6156,82.1856,83.5456,149687600.0
2013-04-22,83.8456,84.6056,82.8156,84.2356,106553500.0
2013-04-23,85.0156,85.9956,84.2356,85.8456,166141300.0
2013-04-24,85.8956,86.3656,85.6056,85.9456,96781200.0
2013-04-25,86.4056,87.3356,86.1656,86.5856,131060600.0
2013-04-26,86.3956,86.6656,85.7956,86.3056,95918800.0
2013-04-29,86.7356,87.7156,86.4856,87.3656,88572800.0
2013-04-30,87.3356,87.7856,86.6756,87.7456,116010700.0
2013-05-01,87.3956,87.4756,86.1656,86.3456,138874200.0
2013-05-02,86.7456,87.9556,86.5956,87.8156,96407600.0
2013-05-03,89.2056,89.9456,87.8456,89.4356,144202300.0
2013-05-06,89.5556,90.0756,89.4856,89.8456,66882100.0
2013-05-07,90.1956,90.7156,89.7356,90.6656,90359200.0
2013-05-08,90.4856,91.4556,90.3956,91.4056,97419200.0
2013-05-09,91.3356,91.7656,90.5356,90.9456,106738600.0
2013-05-10,91.0556,91.6156,90.5756,91.4756,103203000.0
2013-05-13,91.2656,91.8756,90.8856,91.6056,81843200.0
2013-05-14,91.7356,93.4156,91.7356,93.2956,119000900.0
2013-05-15,93.0256,94.5156,92.9756,94.1856,120718500.0
2013-05-16,93.8456,94.4256,93.1556,93.4056,109913600.0
2013-05-17,94.0156,95.1056,93.7956,95.0056,129801000.0
2013-05-20,94.8456,95.6456,94.6756,94.9956,85071200.0
2013-05-21,95.1456,95.8656,94.5656,95.2356,95804200.0
2013-05-22,95.4056,97.1356,93.2356,93.9956,244031800.0
2013-05-23,92.2256,93.9756,92.0056,93.5156,211064400.0
2013-05-24,92.5356,93.4456,92.0456,93.3756,151573900.0
2013-05-28,95.1056,95.8456,93.8756,94.3656,143679800.0
2013-05-29,93.4856,93.8656,92.4056,93.2856,160363400.0
2013-05-30,93.4156,94.6556,93.2856,93.8956,107793800.0
2013-05-31,93.4356,94.3756,91.1956,91.5156,176850100.0
2013-06-03,91.8956,92.5256,90.7256,92.4156,168390700.0
2013-06-04,92.5056,93.1656,90.7956,91.6256,157631500.0
2013-06-05,91.1556,91.4856,89.1956,89.3356,211737800.0
2013-06-06,89.2656,90.8056,88.3156,90.7956,200225500.0
2013-06-07,91.9156,93.0156,91.2056,92.8656,188337800.0
2013-06-10,93.3756,93.4656,92.4356,92.8656,105667100.0
2013-06-11,91.3656,92.6056,90.8056,91.1656,159505400.0
2013-06-12,92.2856,92.4556,89.6656,89.8156,177361500.0
2013-06-13,89.7256,92.5656,89.3656,92.2756,163587800.0
2013-06-14,92.0956,92.7356,90.9756,91.2456,141197500.0
2013-06-17,92.3556,93.2856,91.2856,92.5056,136295600.0
2013-06-18,92.5956,94.0556,92.5856,93.8056,114695600.0
2013-06-19,93.6656,93.9556,91.4456,91.5156,206149500.0
2013-06-20,89.9256,91.5356,87.0456,87.4656,321255904.0
2013-06-21,88.5447,88.6647,86.3747,87.9747,271956800.0
2013-06-24,86.3147,87.3347,84.6347,85.9647,222329000.0
2013-06-25,87.3847,89.0047,86.3247,87.4747,162262200.0
2013-06-26,88.7747,89.4047,88.1547,89.0447,134848000.0
2013-06-27,90.0047,90.7247,89.8547,89.9847,129483700.0
2013-06-28,89.5347,90.3047,88.7647,89.3247,160402900.0
2013-07-01,90.1647,91.3847,89.9847,90.2647,131954800.0
2013-07-02,90.0247,91.2047,89.4047,90.1147,154863700.0
2013-07-03,89.3847,90.6747,89.1247,90.1847,75216400.0
2013-07-05,91.3747,91.9847,90.2047,91.9247,122416900.0
2013-07-08,92.7647,93.2947,91.9847,92.8547,108092500.0
2013-07-09,93.8847,94.2347,93.1747,94.0347,119298000.0
2013-07-10,93.8747,94.6547,93.5347,94.0947,121410100.0
2013-07-11,96.0147,96.5147,94.0847,96.3447,135592200.0
2013-07-12,96.2947,96.8347,96.0347,96.4147,104212700.0
2013-07-15,96.8747,97.2947,96.5847,97.0547,69450600.0
2013-07-16,97.1647,97.2647,95.9747,96.4247,88702100.0
2013-07-17,97.0647,97.3847,96.6347,96.8547,92873900.0
2013-07-18,97.2147,98.1747,97.1047,97.7747,103620100.0
2013-07-19,97.4247,98.1347,97.2147,98.0747,103831700.0
2013-07-22,98.3147,98.6447,97.9147,98.4047,79428600.0
2013-07-23,98.7047,98.7347,97.9547,98.0447,80829700.0
2013-07-24,98.6947,98.7647,97.0847,97.4247,112914000.0
2013-07-25,97.1247,97.9847,96.8447,97.8347,111088600.0
2013-07-26,97.1247,98.0647,96.4247,98.0147,107814600.0
2013-07-29,97.5847,97.9647,97.0147,97.4947,79695000.0
2013-07-30,98.0047,98.1847,97.0947,97.4947,85209600.0
2013-07-31,97.8447,98.7547,97.3947,97.6147,142388700.0
2013-08-01,98.8947,99.7147,98.8047,99.5647,110438400.0
2013-08-02,99.1847,99.8747,98.9547,99.8547,91116700.0
2013-08-05,99.4747,99.8647,99.2547,99.6047,54072700.0
2013-08-06,99.2747,99.6447,98.2547,98.6347,87495000.0
2013-08-07,98.0947,98.3347,97.4547,98.0847,84854700.0
2013-08-08,98.8847,99.0847,97.8347,98.7047,102181300.0
2013-08-09,98.4847,99.0047,97.6247,98.2147,91757700.0
2013-08-12,97.3647,98.2147,97.2847,98.0147,68593300.0
2013-08-13,98.3147,98.8047,97.3147,98.5147,80806000.0
2013-08-14,98.4347,98.7047,97.6047,97.6447,79829200.0
2013-08-15,96.3147,96.3347,94.9947,95.2847,152931800.0
2013-08-16,94.9647,95.5347,94.4047,94.7347,130868200.0
2013-08-19,94.5447,95.1147,93.6647,93.6747,96437600.0
2013-08-20,93.9447,95.1047,93.7647,94.4847,89294400.0
2013-08-21,94.0247,94.9347,93.0947,93.4647,159530500.0
2013-08-22,93.8047,95.2047,93.7947,94.9647,101471400.0
2013-08-23,95.4547,95.7347,94.6747,95.5247,90888900.0
2013-08-26,95.6947,96.2047,94.7947,94.9047,89702100.0
2013-08-27,93.2647,94.9047,92.1147,92.2347,158619400.0
2013-08-28,92.1647,93.3947,91.9547,92.8147,108113000.0
2013-08-29,92.4547,93.9447,92.3047,93.0747,119200500.0
2013-08-30,93.4147,93.4347,92.0747,92.5547,134928900.0
2013-09-03,94.1347,94.4847,92.6047,93.2947,142375100.0
2013-09-04,93.3347,94.9347,93.0347,94.6547,97389400.0
2013-09-05,94.7547,95.3047,94.6347,94.8647,63090500.0
2013-09-06,95.4147,95.8847,93.3847,94.9447,159756500.0
2013-09-09,95.3547,96.6347,95.3547,96.5347,87559300.0
2013-09-10,97.5447,97.8047,97.1647,97.7747,105847200.0
2013-09-11,97.5447,98.3047,97.2547,98.3047,94545900.0
2013-09-12,98.2447,98.4647,97.6247,97.8547,83209000.0
2013-09-13,98.0347,98.3647,97.6447,98.2347,72727800.0
2013-09-16,100.0647,100.1447,98.9447,99.2147,106299200.0
2013-09-17,99.3647,100.0147,99.3647,99.9747,82523300.0
2013-09-18,99.9147,102.4247,99.4847,101.9547,203460600.0
2013-09-19,102.4247,102.5047,101.4947,101.6647,146616900.0
2013-09-20,102.0727,102.0727,100.3227,100.4627,132867100.0
2013-09-23,100.2327,100.3927,99.1327,99.6727,104616500.0
2013-09-24,99.6427,100.2727,98.9527,99.2727,106333100.0
2013-09-25,99.3827,99.7227,98.6327,98.7827,117306500.0
2013-09-26,99.0627,99.9127,98.7927,99.4327,77146900.0
2013-09-27,98.5827,98.8827,98.2127,98.6527,99141800.0
2013-09-30,97.2227,98.2827,96.8927,97.7527,143937000.0
2013-10-01,97.8827,99.2427,97.7127,99.0827,127160000.0
2013-10-02,98.0927,99.0827,97.5727,98.9227,113350000.0
2013-10-03,98.5327,98.6827,96.5827,97.3627,176698000.0
2013-10-04,97.4927,98.8027,97.2727,98.6327,96878000.0
2013-10-07,97.1627,98.1927,96.9927,97.1727,96295000.0
2013-10-08,97.1427,97.3627,95.1027,95.2227,178015000.0
2013-10-09,95.5427,95.9427,94.2727,95.3427,168973000.0
2013-10-10,97.0327,99.0027,96.9727,98.9127,195955000.0
2013-10-11,98.6527,100.0627,98.5127,100.0027,105040000.0
2013-10-14,98.9527,100.8227,98.8227,100.6827,112106000.0
2013-10-15,100.2527,100.8927,99.2127,99.4427,155485000.0
2013-10-16,100.4627,101.9027,100.3827,101.8127,161676000.0
2013-10-17,101.1127,103.0627,101.0827,102.9627,129389000.0
2013-10-18,103.6027,104.2527,103.2527,104.1327,138316000.0
2013-10-21,104.1927,104.4927,103.7527,104.1427,104104000.0
2013-10-22,104.6527,105.6727,104.1727,105.1527,126663000.0
2013-10-23,104.5527,104.6327,103.7027,104.3127,105484000.0
2013-10-24,104.6627,105.1127,104.2527,104.8927,70350000.0
2013-10-25,105.2527,105.7427,104.9127,105.6927,93625000.0
2013-10-28,105.6327,106.2127,105.4427,105.9727,84979000.0
2013-10-29,106.3727,106.9827,106.1227,106.9127,87401000.0
2013-10-30,107.1227,107.2527,105.4027,106.0327,140002000.0
2013-10-31,105.8927,106.6327,105.2727,105.5327,133795000.0
2013-11-01,105.7627,106.3527,104.9627,105.9527,142805000.0
2013-11-04,106.4327,106.6427,105.7227,106.5727,85677000.0
2013-11-05,105.8827,106.4927,105.3127,106.0127,85825000.0
2013-11-06,106.7727,107.2427,106.2827,106.9127,87348000.0
2013-11-07,107.2427,107.3827,104.5027,104.6727,157000000.0
2013-11-08,104.6127,107.0527,104.5927,107.0327,136713000.0
2013-11-11,106.8627,107.2727,106.6527,107.0627,62614000.0
2013-11-12,106.6827,107.1027,106.1127,106.7027,83990000.0
2013-11-13,105.8327,108.1727,105.8327,108.1227,103844000.0
2013-11-14,108.2827,109.1627,107.9927,109.0127,103435000.0
2013-11-15,109.3027,109.8627,109.0727,109.7927,102818000.0
2013-11-18,110.0927,110.2427,108.7627,109.1627,104796000.0
2013-11-19,109.0727,109.6127,108.4627,108.7727,93891000.0
2013-11-20,109.1327,109.6727,107.7227,108.2127,124909000.0
2013-11-21,108.7127,109.7927,108.6027,109.6527,92841000.0
2013-11-22,109.7227,110.5727,109.5127,110.5527,81296000.0
2013-11-25,110.8727,110.9127,110.1127,110.3727,79486000.0
2013-11-26,110.4627,110.9627,110.1527,110.4227,86994000.0
2013-11-27,110.6127,110.9827,110.3927,110.8627,58800000.0
2013-11-29,111.0627,111.4927,110.5427,110.7427,55870900.0
2013-12-02,110.8327,111.1727,109.9927,110.2727,99726000.0
2013-12-03,109.6827,110.1327,108.9127,109.4927,116563000.0
2013-12-04,108.8427,110.2227,108.0927,109.4727,123033000.0
2013-12-05,109.1527,109.4827,108.5127,108.6827,106934000.0
2013-12-06,110.4127,110.8527,109.8927,110.6827,127728000.0
2013-12-09,111.2127,111.4127,110.9027,111.1427,70124000.0
2013-12-10,110.7227,111.1027,110.3827,110.4927,80976000.0
2013-12-11,110.5627,110.5927,108.2427,108.4627,130591000.0
2013-12-12,108.3827,108.6027,107.5027,107.8727,115565000.0
2013-12-13,108.2427,108.4027,107.5127,107.8527,107808000.0
2013-12-16,108.6927,109.5527,108.6427,108.9627,96195000.0
2013-12-17,109.1227,109.1527,107.9927,108.3927,89886000.0
2013-12-18,108.6627,111.4727,107.0627,111.4427,234906000.0
2013-12-19,110.9227,111.4427,110.4527,111.2327,136531200.0
2013-12-20,111.4129,112.7129,111.2929,112.2829,197087000.0
2013-12-23,113.1729,113.3629,112.7929,113.2529,85598000.0
2013-12-24,113.2629,113.7329,113.2529,113.6529,45368800.0
2013-12-26,114.0629,114.6829,114.0429,114.5829,63365000.0
2013-12-27,114.8229,114.9029,114.3829,114.5729,61814000.0
2013-12-30,114.5929,114.7429,114.3029,114.5429,56857000.0
2013-12-31,114.7929,115.4129,114.6529,115.4129,86119900.0
2014-01-02,114.7029,114.7929,113.2029,113.6429,119636900.0
2014-01-03,113.9529,114.3229,113.3529,113.6129,81390600.0
2014-01-06,114.2129,114.2829,112.8029,113.0829,108028200.0
2014-01-07,113.8129,114.5129,113.6729,114.2029,86144200.0
2014-01-08,114.1729,114.5529,113.6129,114.2429,96582300.0
2014-01-09,114.8329,114.8529,113.5229,114.3629,90683400.0
2014-01-10,114.6729,114.9429,113.7329,114.8629,102026400.0
2014-01-13,114.3929,114.9029,112.0629,112.4129,149892000.0
2014-01-14,113.0129,114.4929,112.6729,114.3929,105016100.0
2014-01-15,114.8229,115.6629,114.4329,115.3829,98525800.0
2014-01-16,115.0029,115.3829,114.5529,115.1429,72290600.0
2014-01-17,114.8229,115.1729,114.0429,114.3629,107848700.0
2014-01-21,115.4229,115.4929,113.7729,114.9029,88621200.0
2014-01-22,115.2129,115.2929,114.6329,115.0229,61270900.0
2014-01-23,114.0929,114.1229,112.5429,113.5129,132496900.0
2014-01-24,112.3229,112.3829,109.5529,109.6129,208677100.0
2014-01-27,109.7829,110.2429,107.8429,108.7329,180843100.0
2014-01-28,108.8629,110.0229,108.8429,109.7929,110463200.0
2014-01-29,108.3029,109.2729,107.6029,108.0729,216597300.0
2014-01-30,109.5529,110.5329,108.9829,109.9529,118938100.0
2014-01-31,107.7329,110.0129,107.6429,108.9029,194677900.0
2014-02-03,108.6929,109.0929,104.5529,104.8929,254837100.0
2014-02-04,105.6729,106.5629,104.8329,106.1129,165012400.0
2014-02-05,105.5029,106.2829,104.4329,105.8929,164230500.0
2014-02-06,106.3029,108.2029,105.9429,108.2029,132877600.0
2014-02-07,109.0329,110.5929,108.4529,110.4029,170787200.0
2014-02-10,110.4229,110.7929,109.9329,110.7329,92218800.0
2014-02-11,110.8829,113.1629,110.7629,112.7029,117814100.0
2014-02-12,112.9729,113.5529,112.4329,112.7929,94717700.0
2014-02-13,111.5629,113.9229,111.5529,113.7329,100542200.0
2014-02-14,113.5629,115.0829,113.3929,114.7429,96498400.0
2014-02-18,114.9029,115.2129,114.3729,114.9629,80460900.0
2014-02-19,114.4829,115.6729,113.5929,113.7429,126524300.0
2014-02-20,113.9929,115.2429,113.3229,114.8229,104998100.0
2014-02-21,115.1729,115.6129,114.5229,114.6129,118116400.0
2014-02-24,115.0029,116.8729,114.9229,115.6329,114063900.0
2014-02-25,115.7829,116.3129,114.9529,115.5629,117085000.0
2014-02-26,115.8329,116.3229,115.0529,115.5729,98677200.0
2014-02-27,115.3029,116.5929,115.0929,116.5429,93880800.0
2014-02-28,116.5129,117.8729,115.7729,117.0129,150842000.0
2014-03-03,115.3729,116.1729,114.4729,115.7029,167748500.0
2014-03-04,117.5129,118.7029,117.4729,118.3029,167545900.0
2014-03-05,118.4629,118.7929,118.1729,118.4729,88376900.0
2014-03-06,118.9329,119.3329,118.5029,118.9029,82516500.0
2014-03-07,119.6829,119.6829,118.1529,118.9829,114513500.0
2014-03-10,118.6929,118.9529,117.8029,118.8829,74939200.0
2014-03-11,119.1629,119.4329,117.5229,117.9529,99009100.0
2014-03-12,117.0429,118.0729,116.6229,118.0029,104824400.0
2014-03-13,118.5629,118.7129,115.3829,115.9029,155014300.0
2014-03-14,115.5729,116.5229,115.1629,115.3829,153919600.0
2014-03-17,116.3129,117.4929,116.2329,117.0529,98359500.0
2014-03-18,117.4329,118.6329,117.2329,118.3829,101804600.0
2014-03-19,118.4029,118.6629,116.1929,117.3829,176267300.0
2014-03-20,116.9729,118.6129,116.6429,118.4729,117241000.0
2014-03-21,119.2576,120.5676,117.5776,117.7476,163128000.0
2014-03-24,118.3876,118.6176,116.1676,116.9776,121411000.0
2014-03-25,117.9176,118.4876,116.8176,117.8576,103852000.0
2014-03-26,118.5876,118.8876,116.4676,116.5176,119843000.0
2014-03-27,116.2976,116.8876,115.4476,116.1276,142383000.0
2014-03-28,116.6576,117.9676,116.5476,117.0376,101642000.0
2014-03-31,118.2176,118.8476,117.0676,118.5576,99745000.0
2014-04-01,119.1676,119.9076,118.5476,119.7976,89193000.0
2014-04-02,120.0376,120.6776,119.6876,120.4276,78774000.0
2014-04-03,120.7176,120.7676,119.5976,120.1776,77435000.0
2014-04-04,121.2076,121.2476,117.6476,117.9476,169381000.0
2014-04-07,117.4976,117.8076,115.5076,115.8876,140803000.0
2014-04-08,115.8076,116.9476,115.1376,116.6476,112660000.0
2014-04-09,117.1476,118.6976,116.6076,118.6376,100254000.0
2014-04-10,118.6276,118.7176,114.4776,114.7076,172959000.0
2014-04-11,113.6876,114.9676,112.8576,113.0576,167251000.0
2014-04-14,114.4776,114.9176,112.9876,114.4876,132382000.0
2014-04-15,114.8676,115.8776,113.0576,115.7476,157093000.0
2014-04-16,117.0176,117.6876,116.1976,117.6776,105197000.0
2014-04-17,117.4276,118.4576,117.1076,117.9376,105255000.0
2014-04-21,117.9876,118.6476,117.7576,118.5876,68329000.0
2014-04-22,118.7776,119.9476,118.6776,119.4376,85790000.0
2014-04-23,119.3676,119.4676,118.8476,118.9976,73869000.0
2014-04-24,119.9176,119.9376,118.4776,119.3776,88170000.0
2014-04-25,118.7676,118.8776,117.4176,117.8376,100380000.0
2014-04-28,118.5976,119.2376,116.5076,118.4276,135121000.0
2014-04-29,119.0276,119.5876,118.6276,119.2976,84098000.0
2014-04-30,118.9876,120.0476,118.7276,119.8576,101508000.0
2014-05-01,119.7676,120.3876,119.2776,119.8776,93019000.0
2014-05-02,119.8576,120.6876,119.3276,119.6076,98122000.0
2014-05-05,118.6876,120.0976,118.1676,119.9676,75883000.0
2014-05-06,119.5476,119.6776,118.2876,118.3276,85454000.0
2014-05-07,118.9576,119.5176,117.5576,119.4276,106500000.0
2014-05-08,119.2576,120.5976,118.6276,119.2276,93618000.0
2014-05-09,119.2576,119.5876,118.3776,119.5076,83679000.0
2014-05-12,120.3476,121.4276,119.5476,121.3376,86940000.0
2014-05-13,121.5876,121.9676,121.3176,121.5076,66454000.0
2014-05-14,121.3376,121.4276,120.3376,120.6076,72367000.0
2014-05-15,120.2276,120.2676,118.0276,118.9476,154956000.0
2014-05-16,119.0576,119.6776,118.2676,119.5976,97458000.0
2014-05-19,119.2376,120.4376,119.0676,120.2876,63839000.0
2014-05-20,120.1976,120.2176,118.6176,119.0976,111644000.0
2014-05-21,119.6376,120.7676,119.6076,120.6776,89093000.0
2014-05-22,120.7276,121.5276,120.4076,121.1376,61549000.0
2014-05-23,121.3076,122.0276,121.1376,121.8976,61092800.0
2014-05-27,122.6076,123.1276,122.4976,123.0676,72010000.0
2014-05-28,123.0676,123.3676,122.6076,122.9276,66723000.0
2014-05-29,123.3676,123.9476,122.8776,123.9176,64377000.0
2014-05-30,123.7376,124.3476,123.5776,124.2276,76316000.0
2014-06-02,124.4976,124.5376,123.5176,124.4476,64656000.0
2014-06-03,123.9776,124.4476,123.7976,124.3476,65047000.0
2014-06-04,124.0176,124.8476,123.8176,124.7376,55529000.0
2014-06-05,124.9576,126.1976,124.2476,125.9976,92103000.0
2014-06-06,126.4176,126.9776,126.3276,126.9276,78696000.0
2014-06-09,126.8976,127.5976,126.7176,127.1276,65119000.0
2014-06-10,126.8876,127.1876,126.4676,127.1476,57129000.0
2014-06-11,126.4476,126.6676,126.0276,126.4676,68772000.0
2014-06-12,126.2376,126.3476,124.6576,125.0876,106350000.0
2014-06-13,125.4676,125.8676,124.8476,125.6776,82017000.0
2014-06-16,125.4376,126.2476,125.2076,125.8376,87424000.0
2014-06-17,125.5676,126.5176,125.3576,126.3776,84834000.0
2014-06-18,126.3776,127.9176,125.9476,127.8076,105267000.0
2014-06-19,127.9776,128.1476,127.3476,128.0276,85929000.0
2014-06-20,128.5142,128.5842,128.1842,128.4242,100587000.0
2014-06-23,128.4742,128.5342,128.0042,128.3642,70611000.0
2014-06-24,128.0142,128.9842,126.9642,127.1842,96237000.0
2014-06-25,126.7742,128.2642,126.7342,128.0642,82782000.0
2014-06-26,128.0942,128.1142,126.6142,127.9242,84312000.0
2014-06-27,127.4642,128.3642,127.3742,128.3042,71445100.0
2014-06-30,128.1842,128.6542,128.0142,128.2042,70504000.0
2014-07-01,128.6842,130.1142,128.6142,129.5142,90470000.0
2014-07-02,129.5342,129.9642,129.4442,129.7142,52475000.0
2014-07-03,130.2742,130.7742,130.1242,130.6842,52938800.0
2014-07-07,130.3042,130.4642,129.7042,129.9942,61696000.0
2014-07-08,129.6342,129.7042,128.2442,128.7242,108143000.0
2014-07-09,129.2142,129.7842,128.7942,129.6042,72992000.0
2014-07-10,127.7042,129.3442,127.5442,128.8242,99040000.0
2014-07-11,128.7042,129.2342,128.2642,129.0942,64243000.0
2014-07-14,130.0942,130.3442,129.9242,130.0842,58658000.0
2014-07-15,130.2042,130.5842,128.8442,129.7142,111307000.0
2014-07-16,130.5942,130.7442,129.9042,130.4442,80073000.0
2014-07-17,129.8342,130.5842,127.9142,128.1942,145398000.0
2014-07-18,128.8342,130.3942,128.7242,130.1942,124330000.0
2014-07-21,129.5742,129.9842,128.9142,129.8242,67592000.0
2014-07-22,130.4942,131.0442,130.3542,130.6842,67678000.0
2014-07-23,130.9842,131.3342,130.5842,131.1242,65612000.0
2014-07-24,131.3142,131.5442,130.9342,131.1342,56888000.0
2014-07-25,130.5742,130.7442,129.8142,130.2042,76837000.0
2014-07-28,130.2442,130.5742,129.1042,130.2842,69259000.0
2014-07-29,130.6542,130.9342,129.4042,129.4342,80466000.0
2014-07-30,130.1342,130.3942,128.6442,129.4642,104222000.0
2014-07-31,128.0942,128.2642,125.4542,125.5742,183479000.0
2014-08-01,125.0442,126.2442,124.0542,124.9842,189261000.0
2014-08-04,125.3542,126.7842,124.5342,126.3742,91340000.0
2014-08-05,125.5842,126.0842,123.7942,124.4942,152690000.0
2014-08-06,123.5942,125.3742,123.5642,124.5542,94818000.0
2014-08-07,125.4242,125.6142,123.0342,123.5142,135733000.0
2014-08-08,123.9442,125.8542,123.4342,125.7242,117014000.0
2014-08-11,126.4542,127.1442,126.1942,126.2842,74544000.0
2014-08-12,126.0942,126.6342,125.4242,126.0142,73632000.0
2014-08-13,126.7742,127.5442,126.4442,127.3242,69047000.0
2014-08-14,127.6442,128.2442,127.4642,128.2442,57371000.0
2014-08-15,128.9542,129.1342,126.7942,128.2042,139951000.0
2014-08-18,129.2842,129.9342,129.1742,129.8442,75424000.0
2014-08-19,130.3242,131.0242,129.9242,130.8742,59135000.0
2014-08-20,130.6042,131.6442,130.5642,131.4042,72763000.0
2014-08-21,131.5742,132.2442,131.4142,131.9842,67791000.0
2014-08-22,131.8242,132.1742,131.2242,131.6742,76107000.0
2014-08-25,132.6242,133.0742,131.6342,132.6842,63855000.0
2014-08-26,132.8142,133.3042,132.7642,132.8142,47298000.0
2014-08-27,132.9142,133.0542,132.4242,132.7342,47874000.0
2014-08-28,132.0742,132.7542,131.8742,132.6242,58330000.0
2014-08-29,132.9342,133.2142,132.3042,133.1942,65907000.0
2014-09-02,133.4542,133.4842,132.3442,133.0942,72426000.0
2014-09-03,133.8642,133.8942,132.7042,132.9842,57462000.0
2014-09-04,133.3242,134.0642,132.1442,132.6942,85236000.0
2014-09-05,132.6542,133.6742,131.8942,133.5942,102177000.0
2014-09-08,133.4042,133.6942,132.4842,133.0742,64146000.0
2014-09-09,132.8942,133.0342,131.3942,131.8042,88591000.0
2014-09-10,131.9142,132.6842,131.2542,132.5542,67251000.0
2014-09-11,131.7542,132.8142,131.6042,132.7842,66774400.0
2014-09-12,132.5842,132.6042,131.0442,131.6142,117479000.0
2014-09-15,131.6442,131.8042,130.8642,131.4642,76401000.0
2014-09-16,131.0942,133.3242,130.9842,132.9642,116201000.0
2014-09-17,133.2542,134.1642,132.2342,133.2342,151266000.0
2014-09-18,133.8442,134.3342,133.5842,134.3042,94990000.0
2014-09-19,134.9434,135.3234,133.7134,134.1234,121649000.0
2014-09-22,133.7734,133.8034,132.1534,132.5734,125553000.0
2014-09-23,131.8534,132.6834,131.3734,131.4334,111393000.0
2014-09-24,131.4634,133.1134,130.9434,132.9834,107276000.0
2014-09-25,132.4634,132.4734,129.6934,129.7634,150300000.0
2014-09-26,130.1234,131.8134,129.8434,131.3234,103547000.0
2014-09-29,129.6234,131.3134,129.4734,130.9634,95112000.0
2014-09-30,131.1134,131.7234,130.0334,130.4434,131302000.0
2014-10-01,130.1234,130.1934,127.3334,127.7734,177798000.0
2014-10-02,127.6034,128.4834,125.7734,127.8034,157285000.0
2014-10-03,129.1034,130.3634,128.5034,129.9434,121569000.0
2014-10-06,130.7634,131.0234,129.0034,129.7134,104778000.0
2014-10-07,128.7034,129.1434,126.6434,126.6834,147913000.0
2014-10-08,126.7934,130.3434,125.7834,130.0634,186461000.0
2014-10-09,129.7534,130.0234,126.0034,126.1634,210705000.0
2014-10-10,126.1134,127.0734,123.9134,123.9634,221909000.0
2014-10-13,123.8834,124.5734,120.7234,120.8334,230939000.0
2014-10-14,121.8434,123.2434,120.4634,121.1234,215847000.0
2014-10-15,118.5834,121.1134,115.3434,119.8534,380715008.0
2014-10-16,116.4834,121.0034,116.3134,119.6934,270391008.0
2014-10-17,121.8434,123.1734,121.0434,121.8934,214625000.0
2014-10-20,121.5534,123.8734,121.4934,123.7234,130011000.0
2014-10-21,125.1034,127.6234,124.9034,127.4934,154949000.0
2014-10-22,127.8334,128.3334,126.0334,126.1134,151822000.0
2014-10-23,128.0434,129.6234,127.6834,128.3534,154944000.0
2014-10-24,128.6734,129.9134,127.9134,129.8534,117927000.0
2014-10-27,129.1534,129.8734,128.4534,129.5834,82954000.0
2014-10-28,130.2434,131.8434,130.1534,131.8334,106255600.0
2014-10-29,131.9734,132.5434,130.2234,131.5334,142557000.0
2014-10-30,131.0034,133.3734,130.8234,132.8034,113330000.0
2014-10-31,135.2034,135.2434,134.1934,135.0834,146903000.0
2014-11-03,135.3434,135.8734,134.7334,135.1934,93734000.0
2014-11-04,134.6534,135.0234,133.4834,134.4934,93343000.0
2014-11-05,135.9634,136.0134,134.8734,135.7634,91709000.0
2014-11-06,135.8134,136.6834,135.0634,136.5734,107089000.0
2014-11-07,136.5934,137.0234,136.0334,136.7634,89540000.0
2014-11-10,136.8034,137.4634,136.5534,137.4034,66319000.0
2014-11-11,137.4834,137.7334,137.0734,137.6034,54499000.0
2014-11-12,136.7734,137.6634,136.7334,137.3834,90120000.0
2014-11-13,137.5834,138.2534,136.6334,137.6134,85358000.0
2014-11-14,137.5234,137.9134,137.1434,137.6634,80418000.0
2014-11-17,137.2734,138.0034,137.0734,137.7934,80441000.0
2014-11-18,137.8634,139.3434,137.8634,138.9734,76068000.0
2014-11-19,138.7334,138.9734,137.7234,138.6434,82373000.0
2014-11-20,137.6834,139.1334,137.6034,139.0034,72840000.0
2014-11-21,141.0634,141.2634,139.4034,140.1034,142327000.0
2014-11-24,140.5934,140.8134,140.3334,140.6834,65881000.0
2014-11-25,140.9634,141.2134,140.2234,140.5334,79108000.0
2014-11-26,140.7134,141.1834,140.4534,141.0634,61928400.0
2014-11-28,140.9134,141.2934,140.3334,140.6234,57890100.0
2014-12-01,139.8234,139.9634,138.8034,139.1834,103968400.0
2014-12-02,139.2334,140.7634,139.2034,140.5134,72105500.0
2014-12-03,140.7234,141.5734,140.5234,141.3134,69450000.0
2014-12-04,140.9634,141.6934,140.1234,141.0834,89928200.0
2014-12-05,141.2934,141.8934,140.9734,141.4234,91025500.0
2014-12-08,140.9434,141.5434,139.3534,140.0334,108588200.0
2014-12-09,137.7934,140.0234,137.3334,139.8934,125180100.0
2014-12-10,139.3334,139.4034,136.3534,136.5834,154761600.0
2014-12-11,137.3034,139.6134,137.1334,137.6134,159012800.0
2014-12-12,136.0634,137.2434,134.2734,134.3134,202330200.0
2014-12-15,135.4034,135.9534,132.2034,132.9334,189965800.0
2014-12-16,132.9334,135.8234,131.2834,131.3334,259543800.0
2014-12-17,131.8634,135.7634,131.7134,135.2134,253754500.0
2014-12-18,138.1634,146.3934,137.3434,140.2034,247780600.0
2014-12-19,140.9884,141.8884,140.1684,141.0784,245084600.0
2014-12-22,141.3084,142.0284,141.0184,142.0284,148318900.0
2014-12-23,142.7284,142.7884,141.9584,142.3084,122167900.0
2014-12-24,142.5784,142.8984,142.2784,142.3284,42963400.0
2014-12-26,142.8684,143.4084,142.8084,142.9984,57326700.0
2014-12-29,142.7784,143.5284,142.6984,143.2784,79643900.0
2014-12-30,142.7684,142.9284,142.0684,142.1584,73540800.0
2014-12-31,142.5484,142.7484,139.9484,140.0984,130333800.0
2015-01-02,140.9384,141.4384,138.7384,139.9884,121465900.0
2015-01-05,138.7284,138.9284,135.9084,136.2784,169632600.0
2015-01-06,136.6484,137.2784,133.4184,134.3784,209151400.0
2015-01-07,135.9784,137.2784,135.4384,136.8684,125346700.0
2015-01-08,138.5684,140.7184,138.5484,140.4584,147217800.0
2015-01-09,140.9584,140.9784,138.0684,138.8084,158567300.0
2015-01-12,138.9684,139.1584,136.4784,137.2084,144396100.0
2015-01-13,138.6784,140.0384,135.0684,136.6384,214553300.0
2015-01-14,134.2084,135.6584,133.1284,135.4184,192991100.0
2015-01-15,136.1884,136.5684,133.4384,133.5784,176613900.0
2015-01-16,133.3284,136.3784,133.1084,136.1884,211879600.0
2015-01-20,136.9584,137.2784,134.7284,136.6184,130991100.0
2015-01-21,136.0584,138.2184,135.4984,137.6384,122942700.0
2015-01-22,138.5484,140.8184,136.8884,140.6584,174356000.0
2015-01-23,140.3484,140.6584,139.3684,139.5284,117516800.0
2015-01-26,139.2684,140.1184,138.4084,140.0084,92009700.0
2015-01-27,137.5284,138.6784,136.2984,137.2984,134044600.0
2015-01-28,138.7284,138.8484,134.4684,134.6984,168514300.0
2015-01-29,134.9384,136.8584,133.2384,136.5484,173585400.0
2015-01-30,135.1284,136.7284,133.6884,134.0084,197729700.0
2015-02-02,134.6084,136.5884,132.4184,136.4784,163107000.0
2015-02-03,137.5584,139.4084,137.1084,139.3984,124212900.0
2015-02-04,138.4784,139.9384,138.0684,138.6184,134306700.0
2015-02-05,139.4184,140.8584,139.3284,140.6784,97953200.0
2015-02-06,141.1184,141.7984,139.4784,140.1084,119694900.0
2015-02-09,139.3284,140.1984,138.6984,139.1884,87219000.0
2015-02-10,140.4384,141.6784,139.2384,141.3684,96164200.0
2015-02-11,141.1684,142.0084,140.3884,141.4884,91087800.0
2015-02-12,142.4484,143.5484,141.5284,143.4784,97545900.0
2015-02-13,143.6284,144.3984,143.3184,144.3384,93670400.0
2015-02-17,143.9584,144.8784,143.6584,144.6684,76968200.0
2015-02-18,144.2184,144.7784,143.8984,144.6884,80652900.0
2015-02-19,143.9684,144.9784,143.7984,144.5384,91462500.0
2015-02-20,144.0384,145.8884,143.2884,145.7984,140896400.0
2015-02-23,145.4984,145.7684,145.0384,145.7684,74411100.0
2015-02-24,145.6784,146.6084,145.3184,146.3684,72472300.0
2015-02-25,146.2184,146.7984,145.7784,146.1884,73061700.0
2015-02-26,146.0784,146.2684,145.2084,145.9384,72697900.0
2015-02-27,145.8184,146.1384,145.1584,145.2184,108076000.0
2015-03-02,145.3384,146.6184,145.2784,146.5484,87491400.0
2015-03-03,146.0284,146.6084,144.6384,145.6784,110325800.0
2015-03-04,144.9584,145.0484,143.6184,144.7884,114497200.0
2015-03-05,145.1784,145.3584,144.4084,145.0184,76873000.0
2015-03-06,145.0184,145.0184,141.6584,142.0584,188128000.0
2015-03-09,142.2984,143.3484,142.1084,142.9184,89818900.0
2015-03-10,141.2684,141.3684,139.4884,139.5384,157121300.0
2015-03-11,139.8484,140.0584,138.9584,139.0584,110145700.0
2015-03-12,139.8184,141.7384,139.7584,141.6584,93993500.0
2015-03-13,141.3284,142.4884,139.1384,140.3884,162410900.0
2015-03-16,141.2684,143.2484,140.4184,143.1384,136099200.0
2015-03-17,142.2484,142.9784,141.5384,142.5184,94510400.0
2015-03-18,141.9484,145.8284,141.1784,145.0184,220171200.0
2015-03-19,144.5184,145.0284,143.5884,144.0584,117917300.0
2015-03-20,145.1992,146.5092,144.9792,145.8992,177715100.0
2015-03-23,145.9092,146.5992,145.4892,145.4892,71784500.0
2015-03-24,145.3392,145.8892,144.2292,144.3092,77805300.0
2015-03-25,144.5592,144.8392,141.1992,141.2492,159521700.0
2015-03-26,140.4492,141.8592,139.6092,140.7592,153067200.0
2015-03-27,140.6192,141.4392,140.3892,141.2292,118939000.0
2015-03-30,141.2292,144.0992,142.4492,143.7392,96180400.0
2015-03-31,142.7492,143.5892,141.8492,141.9192,114001185.0
2015-04-01,141.9192,141.9192,139.9992,141.1892,137303600.0
2015-04-02,141.1092,142.4692,140.8892,141.9192,82723612.0
2015-04-06,141.9292,143.9392,140.6992,143.3192,107298800.0
2015-04-07,143.3392,144.2492,142.7292,142.7692,72085237.0
2015-04-08,143.0392,143.9992,142.5692,143.4592,86000993.0
2015-04-10,144.6892,145.5792,144.4492,145.5292,70521033.0
2015-04-13,145.3592,146.1192,144.5192,144.5792,72668025.0
2015-04-14,144.3392,145.1992,143.5892,144.9792,72087284.0
2015-04-15,145.5392,146.5292,145.4392,145.9192,92187380.0
2015-04-16,145.5192,146.4692,145.2792,145.8592,67216940.0
2015-04-17,144.4292,145.8092,142.4992,143.4392,177297668.0
2015-04-20,144.5492,145.7392,144.4492,145.3392,82969038.0
2015-04-21,146.1592,146.3492,144.7292,145.0892,67403709.0
2015-04-22,145.4992,146.3392,144.3892,146.1192,77064011.0
2015-04-23,145.6392,147.4292,145.4992,146.6492,97024560.0
2015-04-24,147.1492,147.4592,146.5992,147.1392,57261915.0
2015-04-27,147.8192,147.9692,146.0292,146.2592,77096937.0
2015-04-28,146.2292,146.9892,144.8192,146.9292,84150965.0
2015-04-29,145.8592,146.7792,145.0892,146.0592,121652942.0
2015-04-30,145.3692,145.8392,143.1092,143.9492,148619184.0
2015-05-01,144.8892,146.2592,144.7692,146.2092,95318576.0
2015-05-04,146.7192,147.5092,146.5892,146.8092,68150023.0
2015-05-05,146.5192,146.9492,144.2192,144.3892,109209681.0
2015-05-06,145.0492,145.4192,142.2492,143.5292,129435088.0
2015-05-07,143.4092,144.8692,143.0092,144.3592,85928503.0
2015-05-08,146.3692,147.3492,146.2692,147.1092,145057341.0
2015-05-11,147.0592,147.3792,146.0092,146.0892,71386447.0
2015-05-12,145.0992,146.1192,144.1092,145.4692,112636529.0
2015-05-13,145.9592,146.7092,145.2292,145.5092,89393407.0
2015-05-14,146.7292,147.8092,146.3992,147.6992,91214550.0
2015-05-15,147.9292,148.0992,147.3492,147.9292,70911298.0
2015-05-18,147.7292,148.8892,147.6492,148.5892,72578406.0
2015-05-19,148.7292,149.0592,148.1792,148.5192,70393457.0
2015-05-20,148.6392,149.2692,147.9892,148.3692,74758625.0
2015-05-21,148.1992,149.2392,147.9992,148.9892,64088832.0
2015-05-22,148.5292,149.0292,148.3992,148.4792,53968605.0
2015-05-26,147.8892,148.3992,145.6892,146.1892,117763799.0
2015-05-27,146.7392,148.4692,146.2492,148.1892,89105025.0
2015-05-28,147.8192,148.0792,147.1192,147.9492,72353240.0
2015-05-29,147.8692,147.9192,146.3092,146.6292,111784291.0
2015-06-01,147.4292,147.8292,146.1092,147.0592,91581424.0
2015-06-02,146.5092,147.6792,145.7592,146.8492,89171271.0
2015-06-03,147.4892,148.1592,146.8192,147.4092,83573453.0
2015-06-04,146.5592,147.3492,145.2392,145.6192,141927369.0
2015-06-05,145.4392,146.0692,144.4692,145.2592,113411449.0
2015-06-08,145.1292,145.3092,143.8792,143.9092,85339809.0
2015-06-09,143.9392,144.5892,143.1792,143.9392,98147883.0
2015-06-10,144.8592,146.8992,144.7892,146.4492,129931242.0
2015-06-11,146.9692,147.5792,146.6892,147.1392,72668674.0
2015-06-12,146.1292,146.9692,145.1692,145.4192,127809253.0
2015-06-15,144.1292,144.9392,143.2792,144.5892,121423196.0
2015-06-16,144.4192,145.8392,144.2092,145.7392,83799547.0
2015-06-17,146.0792,146.8092,144.8492,146.0792,125360700.0
2015-06-18,146.7992,148.8292,146.1192,148.1992,160951085.0
2015-06-19,147.9792,148.0692,146.8792,147.0192,123046099.0
2015-06-22,148.4192,149.1092,148.1592,148.4092,67445531.0
2015-06-23,148.6592,148.9592,148.0892,148.5692,65190745.0
2015-06-24,148.2392,148.6892,146.9892,147.0292,83447788.0
2015-06-25,147.6192,147.7692,146.2892,146.3492,90716794.0
2015-06-26,146.8092,147.0992,145.6792,146.4192,92259216.0
2015-06-29,144.5592,146.3392,141.8492,141.9892,188110589.0
2015-06-30,143.7792,143.8392,141.7992,142.4092,165450305.0
2015-07-01,144.2492,144.5492,143.0792,144.0892,129399659.0
2015-07-02,144.5892,144.7892,143.3292,143.8392,102611848.0
2015-07-06,142.2892,144.1692,142.0492,143.1892,113782998.0
2015-07-07,143.4792,144.6892,140.6292,144.5292,170937004.0
2015-07-08,142.9392,143.2792,140.7692,141.0492,159245198.0
2015-07-09,143.5592,143.8692,141.2892,141.3192,139210473.0
2015-07-10,143.8092,144.4992,141.4692,143.9992,126038967.0
2015-07-13,145.5092,146.4192,145.4592,146.2792,103805004.0
2015-07-14,146.2392,147.5692,146.1692,147.2392,78370218.0
2015-07-15,147.2492,147.7992,146.5592,147.1492,93577827.0
2015-07-16,148.3892,148.8192,148.0992,148.7892,98172648.0
2015-07-17,148.8092,149.0692,148.3192,148.9892,85409510.0
2015-07-20,149.2692,149.6992,148.7292,149.1392,65513741.0
2015-07-21,148.9492,149.2592,147.9092,148.2792,75033016.0
2015-07-22,147.4492,148.2892,147.4092,147.8092,84379621.0
2015-07-23,148.0492,148.1692,146.2692,146.6592,87846383.0
2015-07-24,146.8192,146.8892,144.1192,144.4592,109244428.0
2015-07-27,143.4592,144.0692,142.7792,143.2592,124386351.0
2015-07-28,144.3092,146.0192,143.3192,145.8292,118549553.0
2015-07-29,145.9992,147.5592,145.8292,147.2892,102056402.0
2015-07-30,146.6792,147.5392,145.9392,147.3392,89366400.0
2015-07-31,147.9392,147.9692,146.6792,146.9692,97697429.0
2015-08-03,146.9792,147.0492,145.1692,146.2792,110793026.0
2015-08-04,146.2192,146.7592,145.3192,145.8792,80268614.0
2015-08-05,146.9692,147.8292,146.2492,146.6092,82818243.0
2015-08-06,146.8092,146.9292,144.1692,144.9992,108497638.0
2015-08-07,144.6792,144.8592,143.3892,144.4392,110186944.0
2015-08-10,145.7992,147.1892,145.7992,147.0892,77931189.0
2015-08-11,145.4892,145.9892,144.2792,145.1792,116973482.0
2015-08-12,143.6292,145.6592,141.8792,145.3292,168995991.0
2015-08-13,145.2492,146.0692,144.5292,145.1492,88237157.0
2015-08-14,144.9492,146.0292,144.7792,145.9292,69386999.0
2015-08-17,145.2292,147.1092,144.6792,147.0792,77815215.0
2015-08-18,146.7792,147.1992,146.2192,146.4892,70035075.0
2015-08-19,145.6092,146.5292,143.8692,144.8392,167312799.0
2015-08-20,143.0292,144.7992,140.4192,140.5392,185759766.0
2015-08-21,138.2492,140.4592,134.0392,134.1092,328270096.0
2015-08-24,124.0092,133.9892,118.9192,126.0792,478639680.0
2015-08-25,131.9492,131.9692,123.4392,123.7392,353965264.0
2015-08-26,128.5992,131.3092,124.8892,131.0592,328057600.0
2015-08-27,133.5392,135.9392,131.7292,135.8092,266240750.0
2015-08-28,135.0192,136.3492,134.4392,135.7392,143228950.0
2015-08-31,134.6292,135.6392,133.5292,134.1092,154460156.0
2015-09-01,129.6392,131.2892,127.2492,128.1092,244899351.0
2015-09-02,131.1392,131.9792,128.9392,131.9592,153418075.0
2015-09-03,132.7792,134.5692,131.4792,132.0992,147270297.0
2015-09-04,129.3692,130.3792,128.1292,129.0792,184238798.0
2015-09-08,132.4592,134.1292,131.6892,133.9792,111368557.0
2015-09-09,135.8392,135.9892,130.8692,131.2992,140846794.0
2015-09-10,131.0792,133.7392,130.7692,132.3892,149566145.0
2015-09-11,131.8892,133.3392,131.0492,133.3292,109853024.0
2015-09-14,133.4692,133.5292,131.9492,132.4992,75455662.0
2015-09-15,133.1292,135.5092,132.4792,134.9992,108454833.0
2015-09-16,135.3392,136.9292,134.9292,136.6592,95045786.0
2015-09-17,136.5392,139.4092,135.7992,136.2792,255923407.0
2015-09-18,133.2627,136.2327,132.5127,132.9227,213314973.0
2015-09-21,133.9927,135.2327,132.7627,133.9927,100858408.0
2015-09-22,131.4327,132.0127,130.1127,131.4527,140265855.0
2015-09-23,131.6627,132.2227,130.4627,131.1527,91273102.0
2015-09-24,129.7027,131.0027,128.1127,130.4827,153594205.0
2015-09-25,132.1927,132.5527,129.3627,130.4127,142052948.0
2015-09-28,129.3327,129.4627,125.1927,125.4627,158511574.0
2015-09-29,125.8227,127.2927,124.4827,125.6327,152278166.0
2015-09-30,127.9227,129.3727,126.9927,129.1427,152591339.0
2015-10-01,129.6327,130.0427,127.3727,129.7127,127828386.0
2015-10-02,127.3227,132.5827,126.6727,132.5427,206127093.0
2015-10-05,134.0127,136.2927,133.8827,136.0327,122210975.0
2015-10-06,135.8627,136.5327,134.5527,135.3627,106144223.0
2015-10-07,136.4527,137.3727,135.0327,136.9827,120246612.0
2015-10-08,136.5027,139.1027,136.1427,138.7527,148381213.0
2015-10-09,138.9327,139.4527,138.1327,138.9527,94898963.0
2015-10-12,138.9727,139.3127,138.4627,139.1427,55425165.0
2015-10-13,138.2027,139.7127,137.6027,137.7327,83577945.0
2015-10-14,137.7327,138.4227,136.4927,136.8527,95532337.0
2015-10-15,137.6327,139.9127,137.1927,139.8427,125800520.0
2015-10-16,140.3827,140.8427,139.4727,140.8227,109691983.0
2015-10-19,140.0527,140.9227,139.6827,140.8727,73106632.0
2015-10-20,140.4027,141.3927,140.0927,140.6427,75596764.0
2015-10-21,141.1627,141.3427,139.2027,139.4227,99142166.0
2015-10-22,140.5327,143.0627,139.4027,142.7627,164940384.0
2015-10-23,144.8027,145.5027,143.8527,145.0727,138353428.0
2015-10-26,144.8527,144.9227,144.1127,144.5427,66254142.0
2015-10-27,143.7527,144.5527,143.3427,144.1227,74930397.0
2015-10-28,144.5527,146.5327,143.7627,146.4927,132525607.0
2015-10-29,145.9027,146.8227,145.7627,146.4427,84727792.0
2015-10-30,146.6127,146.9927,145.2927,145.4227,125338247.0
2015-11-02,145.8727,148.1727,145.7227,147.8827,82533611.0
2015-11-03,147.5227,149.2127,147.2527,148.5027,94524068.0
2015-11-04,148.9027,149.0527,147.2727,147.9327,90967684.0
2015-11-05,147.9827,148.5327,146.6427,147.6727,78011917.0
2015-11-06,147.2927,147.8727,146.0127,147.5927,108714305.0
2015-11-09,146.8627,147.0427,144.5027,145.6027,130657723.0
2015-11-10,145.0627,146.1527,144.7427,146.1027,74862322.0
2015-11-11,146.4327,146.4927,145.2127,145.2227,67548197.0
2015-11-12,144.0527,144.6127,142.3727,142.3927,120385991.0
2015-11-13,141.9027,142.2227,139.9827,140.0927,150841329.0
2015-11-16,139.8727,143.2427,139.7327,143.1727,116036566.0
2015-11-17,143.5427,144.5927,142.4327,143.0227,116011976.0
2015-11-18,143.5927,146.4527,143.5427,146.2827,120447125.0
2015-11-19,146.1427,146.6027,145.7527,146.1027,83222755.0
2015-11-20,147.0027,147.6727,146.4127,146.8627,92514229.0
2015-11-23,146.9327,147.5327,146.0727,146.6227,64337523.0
2015-11-24,145.4227,147.3827,144.9627,146.9027,97217423.0
2015-11-25,147.0527,147.2927,146.5627,146.8727,51509569.0
2015-11-27,146.9827,147.3527,146.4127,147.1127,37303277.0
2015-11-30,147.3027,147.4427,146.1127,146.2427,110971752.0
2015-12-01,146.9927,148.3727,146.6627,148.2327,97143250.0
2015-12-02,148.1627,148.5527,145.7827,146.0827,107339405.0
2015-12-03,146.3827,146.7027,142.3027,143.1627,162548647.0
2015-12-04,143.6327,147.5227,143.4827,147.1727,191839320.0
2015-12-07,146.7827,147.2827,144.7527,145.9027,101381220.0
2015-12-08,144.0427,145.8427,143.3327,144.5027,102658259.0
2015-12-09,143.7427,146.2327,141.7327,142.8927,161203800.0
2015-12-10,142.9727,144.9827,142.6927,143.4227,115285962.0
2015-12-11,140.9027,141.6927,139.0627,139.4327,207263946.0
2015-12-14,139.6227,140.6027,137.5027,140.4527,179607106.0
2015-12-15,142.2527,143.6627,140.4127,142.5827,152158089.0
2015-12-16,143.9127,145.9427,142.3527,145.5827,194985282.0
2015-12-17,145.9527,146.0327,142.3927,142.4127,168966457.0
2015-12-18,141.5342,141.6942,138.5942,138.7842,245283132.0
2015-12-21,140.1742,140.6442,138.8542,140.4342,98415814.0
2015-12-22,141.4742,142.6142,140.3142,142.2642,109508128.0
2015-12-23,143.4542,144.8342,143.3442,144.7842,108912853.0
2015-12-24,144.4842,145.0942,144.1842,144.4442,48540181.0
2015-12-28,143.6242,144.0242,142.7042,143.9742,65608639.0
2015-12-29,145.2742,146.5542,145.2342,146.1642,92230908.0
2015-12-30,145.8742,145.9742,144.5242,144.6942,63093854.0
2015-12-31,143.8942,144.6542,142.6342,142.6342,112512292.0
2016-01-04,139.2542,139.7942,137.3542,139.7842,219784541.0
2016-01-05,140.1642,140.6642,138.8142,140.1242,110070442.0
2016-01-06,137.1042,138.8242,136.3642,137.5842,150810832.0
2016-01-07,134.0942,136.2042,132.3542,132.8142,210365625.0
2016-01-08,133.9542,134.6142,130.3442,130.6842,203798358.0
2016-01-11,131.7742,132.1742,128.5842,130.8742,186387285.0
2016-01-12,132.5842,133.3142,129.9042,132.4242,169676537.0
2016-01-13,133.2142,133.6242,127.1442,127.5942,219118655.0
2016-01-14,128.3142,132.0242,126.4242,130.6942,237837004.0
2016-01-15,125.5342,127.5242,124.2842,126.5742,318085664.0
2016-01-19,128.7242,128.8742,124.9642,126.8242,192910415.0
2016-01-20,123.7942,126.2542,119.7842,124.4142,283540336.0
2016-01-21,124.9742,127.6342,123.4042,125.4542,193223940.0
2016-01-22,128.5442,129.5242,127.6442,129.2842,166775136.0
2016-01-25,128.6842,128.9142,126.1742,126.4042,127288441.0
2016-01-26,127.1842,129.2942,126.7842,128.9642,138507322.0
2016-01-27,128.3442,130.3242,125.8242,126.8942,185002026.0
2016-01-28,128.7242,128.9642,125.9242,127.8742,143342556.0
2016-01-29,128.7842,132.6442,128.6442,132.4842,210293544.0
2016-02-01,131.2942,133.3442,130.6042,132.4142,135776703.0
2016-02-02,130.7242,130.7342,128.3042,128.9242,182294996.0
2016-02-03,130.1742,130.5442,125.8642,130.0642,204714177.0
2016-02-04,129.4742,131.5142,128.7242,130.3642,139308677.0
2016-02-05,129.7542,130.4342,125.9642,126.7142,180633142.0
2016-02-08,124.5342,124.8842,121.5642,124.1842,191122438.0
2016-02-09,122.1242,125.7042,121.9642,124.1942,183487001.0
2016-02-10,125.1742,127.1042,123.8842,124.0342,147544656.0
2016-02-11,121.1042,122.8642,119.8542,121.6242,218540302.0
2016-02-12,123.7242,125.4142,122.7242,125.3942,127550169.0
2016-02-16,127.5342,128.5742,126.3942,128.5442,119822031.0
2016-02-17,129.9242,132.0842,129.7742,131.6442,135328802.0
2016-02-18,131.9642,132.0342,130.4842,130.8542,102132312.0
2016-02-19,129.9342,130.9442,129.2142,130.7642,114694855.0
2016-02-22,132.6342,133.7142,132.5542,133.5442,103237542.0
2016-02-23,132.7642,133.0842,130.9442,131.0842,111264674.0
2016-02-24,129.3942,132.2942,128.0842,131.9642,150567125.0
2016-02-25,132.4942,134.3142,131.5942,134.3042,110227110.0
2016-02-26,135.3342,135.4442,133.6642,133.8542,129372028.0
2016-02-29,133.8742,134.9942,132.0942,132.1142,125321515.0
2016-03-01,133.7742,136.9742,133.2142,136.8742,141408429.0
2016-03-02,136.5042,137.8242,136.0142,137.7642,102138340.0
2016-03-03,137.5542,138.5542,136.8742,138.5342,94982689.0
2016-03-04,138.7742,140.1142,137.7942,139.1942,128985561.0
2016-03-07,138.1042,139.8342,138.0142,139.3542,99831202.0
2016-03-08,138.0842,138.6842,136.9742,137.1642,123679880.0
2016-03-09,138.1242,138.5542,137.1942,138.1442,94524060.0
2016-03-10,138.7242,139.8342,136.1442,138.3042,156599580.0
2016-03-11,140.0242,141.5742,138.2742,141.5242,137887491.0
2016-03-14,140.9242,141.8042,140.5342,141.2642,73481735.0
2016-03-15,140.1242,141.2942,139.8142,140.9342,92998626.0
2016-03-16,140.3642,142.5842,140.3142,142.1042,128529108.0
2016-03-17,142.0042,143.9942,141.5342,143.3942,133822665.0
2016-03-18,143.9838,144.5938,143.6138,144.1938,135483343.0
2016-03-21,143.8838,144.7538,143.6138,144.4838,72709070.0
2016-03-22,143.5738,145.0438,143.3838,144.3738,96771136.0
2016-03-23,143.9238,144.1438,142.8238,143.0238,80909360.0
2016-03-24,141.8138,142.9738,141.5538,142.9338,84051486.0
2016-03-28,143.4238,143.6738,142.5138,143.0538,61742180.0
2016-03-29,142.5738,145.0638,142.2138,144.9338,92556972.0
2016-03-30,146.1138,146.6838,145.4038,145.8338,85689364.0
2016-03-31,145.7238,146.2238,145.1438,145.3338,94175205.0
2016-04-01,144.1638,146.9538,143.7938,146.7338,113277168.0
2016-04-04,146.6438,146.8838,145.7038,146.0638,62659142.0
2016-04-05,144.4838,146.0738,143.7038,144.0038,98675574.0
2016-04-06,144.1038,146.3038,143.7938,146.2338,91660383.0
2016-04-07,144.9538,145.3738,142.9038,143.7638,112368355.0
2016-04-08,145.1538,145.6638,143.6838,144.3138,94944019.0
2016-04-11,145.0638,145.8838,143.7238,143.8338,82568736.0
2016-04-12,144.0338,146.0638,143.5138,145.7338,114920824.0
2016-04-13,146.8138,147.9138,146.6538,147.8138,95888402.0
2016-04-14,147.8838,148.4138,147.4138,147.8238,65046485.0
2016-04-15,147.8238,147.9838,147.2138,147.5938,75686339.0
2016-04-18,146.9538,149.0938,146.8138,149.0538,82218341.0
2016-04-19,149.5538,150.0138,148.7538,149.7138,87278133.0
2016-04-20,149.7638,150.7338,149.2038,149.9138,81035732.0
2016-04-21,149.9338,150.0638,148.4638,148.7838,85153364.0
2016-04-22,148.3638,149.1038,147.7238,148.7838,99216322.0
2016-04-25,148.0738,148.4738,147.3538,148.4238,65972066.0
2016-04-26,148.8538,149.3338,148.1738,148.7338,75500831.0
2016-04-27,148.2838,149.6238,147.8638,149.1638,77221862.0
2016-04-28,148.2738,149.5738,146.7738,147.2538,96766845.0
2016-04-29,146.5338,146.9438,144.8438,146.1438,142336116.0
2016-05-02,146.7338,147.9938,146.2238,147.7838,61996252.0
2016-05-03,146.3338,146.6138,145.0938,145.9738,106178980.0
2016-05-04,144.8038,145.6638,144.2338,144.8238,92020965.0
2016-05-05,145.3738,145.7938,144.2838,144.7838,67385147.0
2016-05-06,143.8738,145.5838,143.6938,145.5338,88047571.0
2016-05-09,145.3838,146.2138,145.1738,145.7038,73534449.0
2016-05-10,146.5338,148.3138,146.4538,148.2638,77248798.0
2016-05-11,147.7238,148.3538,146.3138,146.3138,81590081.0
2016-05-12,147.1038,147.3038,145.1838,146.3738,89336969.0
2016-05-13,146.0238,146.6738,144.1938,144.5738,96399201.0
2016-05-16,144.7738,147.1538,144.7038,146.5938,77216600.0
2016-05-17,146.2738,146.6138,144.0438,144.6638,114249889.0
2016-05-18,144.2538,146.1138,143.4438,144.7238,123199825.0
2016-05-19,143.8738,144.3538,142.5938,144.0138,115194461.0
2016-05-20,144.7338,145.9138,144.6738,145.3038,104897022.0
2016-05-23,145.3238,145.6538,144.7938,145.0238,58585273.0
2016-05-24,145.9838,148.0538,145.9538,147.6838,93196947.0
2016-05-25,148.4838,149.5838,147.6838,149.0938,78874122.0
2016-05-26,149.2538,149.5238,148.7838,149.1538,55119197.0
2016-05-27,149.3438,150.0638,149.2838,150.0538,62828703.0
2016-05-31,150.3738,150.5038,148.9938,149.6538,109646951.0
2016-06-01,148.9338,150.2938,148.7038,150.0838,69752376.0
2016-06-02,149.6138,150.7438,149.0538,150.7238,62898001.0
2016-06-03,150.0638,150.5038,148.6738,150.0938,101669438.0
2016-06-06,150.5138,151.5838,150.3238,151.1638,64695811.0
2016-06-07,151.3338,152.1538,151.3138,151.4938,60841605.0
2016-06-08,151.6538,152.3338,151.5038,152.1838,66061409.0
2016-06-09,151.3238,152.0338,151.0038,151.8938,73672890.0
2016-06-10,150.2738,150.6738,149.2438,149.8838,113246536.0
2016-06-13,149.1738,150.1838,148.1638,148.2638,117438434.0
2016-06-14,147.8138,148.5538,146.7338,147.8538,124818278.0
2016-06-15,148.3538,149.1738,147.3438,147.5638,108750598.0
2016-06-16,146.5438,148.3838,145.4038,148.1838,149200769.0
2016-06-17,148.0623,148.0923,146.6423,147.4123,116609021.0
2016-06-20,149.7123,150.5023,148.6423,148.7423,81561980.0
2016-06-21,149.1923,149.8123,148.6723,149.3323,72294699.0
2016-06-22,149.5423,150.3923,148.8223,148.9923,94613988.0
2016-06-23,150.7023,151.7623,150.1623,151.7023,99761465.0
2016-06-24,144.5223,151.7323,143.6123,144.1323,333082064.0
2016-06-27,142.4823,142.4923,141.4423,141.4523,21415098.0
2016-06-28,142.3723,144.1223,142.0123,144.0923,158948793.0
2016-06-29,145.7323,147.8223,145.6123,147.5523,136773309.0
2016-06-30,148.1023,150.4323,147.4523,150.3623,163430481.0
2016-07-01,150.2523,151.3823,150.1823,150.8123,105962328.0
2016-07-05,149.8423,149.9723,148.6023,149.3023,109453108.0
2016-07-06,148.7223,150.6923,147.9523,150.5523,95782025.0
2016-07-07,150.7623,151.5423,149.5223,150.4123,85410308.0
2016-07-08,151.9423,153.8323,151.6723,153.5423,133888156.0
2016-07-11,154.0823,154.9623,153.8423,154.2923,73430874.0
2016-07-12,155.4223,156.1923,154.3223,155.8423,100755320.0
2016-07-13,156.3323,156.3423,155.2423,155.8123,87183317.0
2016-07-14,157.2923,157.5623,156.5523,157.0123,90721452.0
2016-07-15,157.6723,157.9023,156.1923,156.7223,104008938.0
2016-07-18,156.8623,157.4923,156.5623,157.3023,58412001.0
2016-07-19,156.8123,157.1223,156.5223,157.0823,54271067.0
2016-07-20,157.6423,158.2623,157.1323,157.9723,58009806.0
2016-07-21,157.8523,158.1123,156.6423,157.1523,67617976.0
2016-07-22,157.3023,158.1923,156.9923,158.1323,62689331.0
2016-07-25,157.8923,157.9523,156.8623,157.5423,55742325.0
2016-07-26,157.4223,158.0623,156.6523,157.6423,69703023.0
2016-07-27,158.0823,158.1623,156.5123,157.4123,83931562.0
2016-07-28,157.1823,158.0023,156.6423,157.6623,64808987.0
2016-07-29,157.3523,158.4323,157.0223,158.0123,79332375.0
2016-08-01,158.0823,158.5423,157.2923,157.8323,73143586.0
2016-08-02,157.5423,157.7223,155.4623,156.4423,92203333.0
2016-08-03,156.3723,157.1323,156.0223,157.0723,53708713.0
2016-08-04,157.2023,157.6723,155.1423,157.3023,46456699.0
2016-08-05,158.1023,159.1223,157.9623,159.0723,71808688.0
2016-08-08,159.2923,159.4123,158.6323,158.9423,39681820.0
2016-08-09,159.0223,159.6523,158.6923,159.0723,51076335.0
2016-08-10,159.2023,159.2923,158.1223,158.5323,57776005.0
2016-08-11,159.1523,159.8323,158.8423,159.5423,72337747.0
2016-08-12,159.1823,159.6023,158.8823,159.3523,61217721.0
2016-08-15,159.7823,160.3923,159.7723,159.9823,49715565.0
2016-08-16,159.4923,159.5723,158.8523,158.8523,53069006.0
2016-08-17,158.8923,159.4223,157.9123,159.2623,74911960.0
2016-08-18,159.2323,159.7923,159.1023,159.7523,52715060.0
2016-08-19,159.2023,159.6423,158.6323,159.4323,75244329.0
2016-08-22,159.1523,159.6923,158.7223,159.4223,61318700.0
2016-08-23,160.1423,160.4923,159.7923,159.8623,53291372.0
2016-08-24,159.6923,159.8023,158.2523,158.7423,71554907.0
2016-08-25,158.2923,159.0823,158.1123,158.5923,69131354.0
2016-08-26,158.8123,160.0123,157.1423,158.1823,122387924.0
2016-08-29,158.3323,159.5523,158.2923,159.2523,70431796.0
2016-08-30,159.1523,159.4823,158.2423,158.8923,57589085.0
2016-08-31,158.5023,158.6423,157.3523,158.2723,84926174.0
2016-09-01,158.2623,158.6223,156.9223,158.2823,97747871.0
2016-09-02,159.2823,159.7623,158.5923,159.2623,79139678.0
2016-09-06,159.5923,160.0123,158.7523,159.9223,56528200.0
2016-09-07,159.7323,160.1123,159.1923,159.9023,76309676.0
2016-09-08,159.5123,159.8323,159.0423,159.4023,73877136.0
2016-09-09,157.8623,157.9223,154.1423,154.1723,220323980.0
2016-09-12,153.2823,157.7023,153.2023,157.2323,167653645.0
2016-09-13,155.7323,156.0423,153.3923,154.1223,182328834.0
2016-09-14,154.1823,155.5923,153.3923,154.0423,133086852.0
2016-09-15,153.8523,156.6223,153.6423,156.1723,144105153.0
2016-09-16,155.4543,155.6643,154.5443,155.3443,155114255.0
2016-09-19,156.1043,156.8543,155.0043,155.3843,80100162.0
2016-09-20,156.3843,156.5643,155.3543,155.3943,69295439.0
2016-09-21,156.2143,158.0043,155.4143,157.7543,110081260.0
2016-09-22,158.9743,159.5043,158.6843,159.1543,76542594.0
2016-09-23,158.6943,158.8543,157.8543,157.9643,73498573.0
2016-09-26,156.9943,157.2043,155.9843,156.2143,89700699.0
2016-09-27,156.0243,157.6543,155.5943,157.5443,77864614.0
2016-09-28,157.8043,158.7943,156.6843,158.6143,87099467.0
2016-09-29,158.3743,158.8443,156.0143,156.6543,127394846.0
2016-09-30,157.6243,159.0943,157.3343,158.2743,115184561.0
2016-10-03,157.7943,158.0143,157.0143,157.7543,83388881.0
2016-10-04,157.8843,158.1443,155.9643,156.6543,119754135.0
2016-10-05,157.3843,158.1043,157.3043,157.6043,72685466.0
2016-10-06,157.3443,158.0143,156.7043,157.7543,62521861.0
2016-10-07,158.0743,158.2743,156.1643,157.0143,89620719.0
2016-10-10,158.1243,158.6743,157.9543,158.0543,51620709.0
2016-10-11,157.6343,157.7143,154.5543,155.4043,130185394.0
2016-10-12,155.5643,156.2943,154.9843,155.6843,73323783.0
2016-10-13,154.1343,155.5643,153.1843,154.9843,101193695.0
2016-10-14,156.1243,156.6643,155.0043,155.0943,93285764.0
2016-10-17,155.0643,155.3643,154.1443,154.3543,58185704.0
2016-10-18,156.2143,156.2843,155.2443,155.6843,76696078.0
2016-10-19,155.9943,156.6143,155.5743,156.2543,66342686.0
2016-10-20,155.8443,156.5043,155.0843,155.8543,73494795.0
2016-10-21,154.9343,156.0543,154.7343,155.9543,88987324.0
2016-10-24,156.9743,157.2943,156.4543,156.8643,59962180.0
2016-10-25,156.6543,156.9543,155.9543,156.1443,66381510.0
2016-10-26,155.1843,156.3943,154.9043,155.7243,75573758.0
2016-10-27,156.5543,156.5943,155.0543,155.1443,77040025.0
2016-10-28,155.1143,155.9043,153.6843,154.5143,140506430.0
2016-10-31,154.9043,155.1643,154.3343,154.5243,60671897.0
2016-11-01,154.9043,154.9643,151.5743,152.9843,122413995.0
2016-11-02,152.6243,153.0743,151.2043,151.7143,102746933.0
2016-11-03,151.9643,152.2143,150.4343,150.7543,88729390.0
2016-11-04,150.8843,151.8643,150.3543,150.5243,108623965.0
2016-11-07,153.4243,155.1643,153.2743,155.1243,109405711.0
2016-11-08,154.6643,156.7443,154.3543,156.0843,104847662.0
2016-11-09,154.3443,159.0743,154.3143,158.3543,257972919.0
2016-11-10,159.2743,160.2843,157.1943,158.8943,171796268.0
2016-11-11,158.0543,158.6743,157.2943,158.3943,100426150.0
2016-11-14,159.0043,159.2443,157.6943,158.5643,94378812.0
2016-11-15,159.0143,160.2543,158.7743,160.2543,91369212.0
2016-11-16,159.5343,160.1143,159.3943,159.8443,65427304.0
2016-11-17,160.0243,161.0343,159.8943,160.9643,69486934.0
2016-11-18,161.0443,161.2443,160.2643,160.4743,86161697.0
2016-11-21,161.1443,162.1543,160.9743,162.1243,72160520.0
2016-11-22,162.4843,162.7643,161.7043,162.5543,67276474.0
2016-11-23,161.9543,162.7343,161.7243,162.6743,56510149.0
2016-11-25,163.0743,163.5343,162.9843,163.4943,37872255.0
2016-11-28,163.1343,163.4543,162.3343,162.4543,76527817.0
2016-11-29,162.4943,163.4143,162.1443,162.8543,69703112.0
2016-11-30,163.6043,163.7943,162.2843,162.3643,112315427.0
2016-12-01,162.7043,162.7043,161.1243,161.5443,78880010.0
2016-12-02,161.6443,162.2243,161.2343,161.6543,74629864.0
2016-12-05,162.6243,163.3743,162.3943,162.9743,67570480.0
2016-12-06,163.1943,163.7143,162.6343,163.6743,59546729.0
2016-12-07,163.4943,166.6443,163.3543,166.5743,110203760.0
2016-12-08,166.5443,167.6743,166.2343,167.1043,96249467.0
2016-12-09,167.3843,168.5043,167.3443,168.4843,87861850.0
2016-12-12,168.3743,168.9343,167.7343,168.1943,101715315.0
2016-12-13,168.9943,170.3143,168.9743,169.7343,110251951.0
2016-12-14,169.3843,170.2043,167.3343,167.8543,141545888.0
2016-12-15,168.1343,169.7843,167.8643,168.7843,123670644.0
2016-12-16,169.3133,169.3833,167.9733,168.3433,156280532.0
2016-12-19,168.5533,169.3233,168.3833,168.8333,90210369.0
2016-12-20,169.4533,169.8733,169.1833,169.7033,89670038.0
2016-12-21,169.5533,169.7533,169.0733,169.0733,67792736.0
2016-12-22,168.9033,169.0433,168.2233,168.6833,55966872.0
2016-12-23,168.7333,169.0233,168.5133,169.0133,36671988.0
2016-12-27,169.3233,170.0333,169.3033,169.5733,42625878.0
2016-12-28,169.8733,169.8933,167.5733,167.7033,64016097.0
2016-12-29,167.7833,168.1933,167.1433,167.6533,48615095.0
2016-12-30,168.0333,168.1333,166.0333,166.8333,108697234.0
2017-01-03,168.3433,169.1333,167.1833,168.5433,91095070.0
2017-01-04,168.9233,170.0533,168.9133,169.8333,78467590.0
2017-01-05,169.5733,169.8833,168.7833,169.7033,78292480.0
2017-01-06,169.8333,171.0533,169.2033,170.5133,71359573.0
2017-01-09,170.2133,170.3733,169.7133,169.7633,46724819.0
2017-01-10,169.7833,170.7533,169.3133,169.7633,63205358.0
2017-01-11,169.6633,170.4033,168.8933,170.4033,74511599.0
2017-01-12,169.8033,170.0533,168.2533,169.8333,72032538.0
2017-01-13,170.0333,170.7033,169.9933,170.3533,62685338.0
2017-01-17,169.6133,170.0833,169.1033,169.5833,61106205.0
2017-01-18,169.8333,170.1033,169.2033,170.0533,54651361.0
2017-01-19,170.1433,170.3033,168.7133,169.2133,66209791.0
2017-01-20,170.0033,170.6133,169.2733,170.0433,127723738.0
2017-01-23,169.6533,170.1033,168.5733,169.4533,74927935.0
2017-01-24,169.7033,171.3833,169.5733,170.9033,95251712.0
2017-01-25,172.0033,172.8733,171.8133,172.8733,84111190.0
2017-01-26,172.7033,173.0133,172.3133,172.6333,59843419.0
2017-01-27,172.7233,172.8933,172.0633,172.2733,59656746.0
2017-01-30,171.4733,171.5033,169.7133,170.8533,79557215.0
2017-01-31,170.2833,170.9033,169.6233,170.8333,75381726.0
2017-02-01,171.5533,171.8933,170.2433,170.9233,78929569.0
2017-02-02,170.5033,171.4033,170.1233,171.0733,69508530.0
2017-02-03,172.1233,172.8533,171.7633,172.6433,80477583.0
2017-02-06,172.1733,172.6233,171.8433,172.2333,57733811.0
2017-02-07,172.6833,172.9533,172.0233,172.2433,57824115.0
2017-02-08,171.9133,172.6933,171.6133,172.5433,51381151.0
2017-02-09,172.8633,174.2533,172.8233,173.9033,65823575.0
2017-02-10,174.3033,175.0733,173.9233,174.8133,65959586.0
2017-02-13,175.3833,176.3733,175.3533,176.0733,55043587.0
2017-02-14,175.8633,177.0133,175.4633,177.0033,70024749.0
2017-02-15,176.7533,178.4433,176.6933,178.1933,86228816.0
2017-02-16,178.2633,178.4533,177.1533,178.0233,84575925.0
2017-02-17,177.2533,178.3933,177.2333,178.3933,76881912.0
2017-02-21,178.8233,179.9933,178.8133,179.7433,87771390.0
2017-02-22,179.3233,179.8433,179.1333,179.5833,61923939.0
2017-02-23,180.1833,180.2033,178.8633,179.7433,72837916.0
2017-02-24,178.7633,180.0933,178.7133,180.0433,82311916.0
2017-02-27,179.9433,180.6133,179.6533,180.3933,56406569.0
2017-02-28,179.9733,180.2533,179.3133,179.8033,96723170.0
2017-03-01,181.6933,183.6233,181.6733,183.0833,148883784.0
2017-03-02,182.8633,182.8733,181.5133,181.5733,70152226.0
2017-03-03,181.4733,181.9133,181.0333,181.7233,81730539.0
2017-03-06,180.8033,181.4233,180.3133,181.0133,54425720.0
2017-03-07,180.6633,181.0733,180.0633,180.3033,64844485.0
2017-03-08,180.6433,180.9433,179.7033,179.8633,77621992.0
2017-03-09,180.0033,180.5433,179.0433,180.1633,90333194.0
2017-03-10,181.2733,181.3233,179.8933,180.9933,81762156.0
2017-03-13,180.9233,181.1633,180.5433,181.1133,57059048.0
2017-03-14,180.4833,180.5433,179.4933,180.2033,59838302.0
2017-03-15,180.8633,182.7433,180.5933,182.2533,95162414.0
2017-03-16,182.4133,182.5033,181.4033,181.7833,77762357.0
2017-03-17,182.0864,182.3064,181.3664,181.3664,88315480.0
2017-03-20,181.3664,181.6964,180.6564,181.1064,52440310.0
2017-03-21,181.8064,181.9464,177.9164,178.0964,131161796.0
2017-03-22,178.1064,178.9464,177.3864,178.6164,97234796.0
2017-03-23,178.3364,179.6764,177.9364,178.3664,100207579.0
2017-03-24,178.7164,179.3764,177.2964,178.1964,112430815.0
2017-03-27,176.2664,178.2564,175.9464,177.9564,87246077.0
2017-03-28,177.6064,180.1464,177.4764,179.6564,93377260.0
2017-03-29,179.3264,180.1464,179.0564,179.8764,61418210.0
2017-03-30,179.8064,180.8564,179.6064,180.6264,56658283.0
2017-03-31,180.2364,180.8464,180.0164,180.0764,73572276.0
2017-04-03,180.1364,180.3664,178.2464,179.6664,85424203.0
2017-04-04,179.3364,179.9164,178.8864,179.8164,56309748.0
2017-04-05,180.5964,181.7264,178.8764,179.1164,108273382.0
2017-04-06,179.2764,180.3764,178.7564,179.7764,68967320.0
2017-04-07,179.4864,180.3364,178.9764,179.5364,74351126.0
2017-04-10,179.6964,180.5864,179.0664,179.6764,67527992.0
2017-04-11,179.2364,179.5164,177.6764,179.3964,87811186.0
2017-04-12,179.0764,179.2964,178.1064,178.4764,81445204.0
2017-04-13,177.9764,178.8264,176.8464,176.8964,92656706.0
2017-04-17,177.4464,178.9064,177.2164,178.9064,68190085.0
2017-04-18,178.0564,178.8264,177.4164,178.2064,83149333.0
2017-04-19,178.8564,179.2864,177.5164,177.7764,68257446.0
2017-04-20,178.4864,180.1764,178.1164,179.6764,92308557.0
2017-04-21,179.5864,179.6464,178.4664,178.9264,109940720.0
2017-04-24,181.5164,181.7464,178.8964,181.5064,119008315.0
2017-04-25,182.2464,183.2864,182.1464,182.8864,75539075.0
2017-04-26,182.8464,183.8664,182.6864,182.7364,84321241.0
2017-04-27,183.1064,183.2864,182.3164,182.9364,57190892.0
2017-04-28,183.2364,183.2664,182.2664,182.4164,63427509.0
2017-05-01,183.0164,183.5064,182.5264,183.0164,66594010.0
2017-05-02,183.1764,183.3164,182.6364,183.1064,57148947.0
2017-05-03,182.6264,183.2064,182.0364,182.8564,72851309.0
2017-05-04,183.1664,183.2564,182.1164,183.0964,61337269.0
2017-05-05,183.5264,184.0564,183.0164,184.0364,61564969.0
2017-05-08,184.0864,184.2564,183.5064,183.9964,48272606.0
2017-05-09,184.2964,184.5264,183.3764,183.7764,51130119.0
2017-05-10,183.7264,184.2064,183.4864,184.1964,54224605.0
2017-05-11,183.6864,183.9064,182.4664,183.7964,62232751.0
2017-05-12,183.4264,183.7564,183.0064,183.3164,53816172.0
2017-05-15,183.8064,184.7764,183.7864,184.6364,61243657.0
2017-05-16,184.9764,185.0064,183.9664,184.4164,50525042.0
2017-05-17,182.4364,182.9764,180.0864,180.1564,171503485.0
2017-05-18,180.0664,182.0864,179.7664,181.1064,106889481.0
2017-05-19,181.6664,183.4164,181.6064,182.6064,114428996.0
2017-05-22,183.2364,184.0464,183.1564,183.8564,60284783.0
2017-05-23,184.2864,184.5764,183.8464,184.3864,48257468.0
2017-05-24,184.6564,185.0664,184.2664,184.9464,48769667.0
2017-05-25,185.5364,186.4164,185.2964,186.0964,63952759.0
2017-05-26,185.8764,186.2364,185.7864,186.0464,46547761.0
2017-05-30,185.6764,186.1264,185.4964,185.8364,35146400.0
2017-05-31,186.1764,186.2164,184.9764,185.7764,90473538.0
2017-06-01,186.3064,187.7164,185.9764,187.6964,68661868.0
2017-06-02,187.7564,188.6864,187.4164,188.5064,88566458.0
2017-06-05,188.3064,188.6364,188.0964,188.3264,44660308.0
2017-06-06,187.6764,188.3164,187.4564,187.5464,50294664.0
2017-06-07,187.9364,188.2564,187.1664,187.9964,53943366.0
2017-06-08,188.1064,188.6664,187.5064,188.1164,65513603.0
2017-06-09,188.4264,189.3464,186.2864,187.7464,132151322.0
2017-06-12,187.4664,187.7564,186.7164,187.6964,85853065.0
2017-06-13,188.3164,188.9464,187.9164,188.8864,59734982.0
2017-06-14,189.1964,189.2064,187.6264,188.5764,78155841.0
2017-06-15,187.0164,188.2464,186.6964,188.1064,66367270.0
2017-06-16,188.2895,188.3495,187.1495,188.1595,83996012.0
2017-06-19,189.1095,190.2495,188.9995,190.1795,64837937.0
2017-06-20,189.7695,189.7795,188.5095,188.5295,56518168.0
2017-06-21,188.9395,189.1095,187.9295,188.4695,55787182.0
2017-06-22,188.4795,189.0495,188.1595,188.3595,44069193.0
2017-06-23,188.4295,189.0295,187.9895,188.6495,66849790.0
2017-06-26,189.4195,189.8995,188.5595,188.8095,56573397.0
2017-06-27,188.5595,188.8995,186.8295,186.8495,82146419.0
2017-06-28,188.0195,189.2295,187.7495,189.0095,69904481.0
2017-06-29,189.1795,189.2395,185.4695,186.8695,106619996.0
2017-06-30,187.7995,188.2295,187.0895,187.3195,86595451.0
2017-07-03,188.3995,188.8995,187.7295,187.7295,39153806.0
2017-07-05,188.1495,188.5295,187.2195,188.2595,54252871.0
2017-07-06,187.4095,187.5495,185.8595,186.0695,65980406.0
2017-07-07,186.7295,187.7995,186.0795,187.6295,57972268.0
2017-07-10,187.4695,188.3195,187.2795,187.8895,36663274.0
2017-07-11,187.6795,188.0695,186.3695,187.6995,23678472.0
2017-07-12,188.8395,189.7195,188.8195,189.4595,31706786.0
2017-07-13,189.5695,190.0695,189.2895,189.9395,19435785.0
2017-07-14,189.9395,191.4895,189.8295,191.0295,30538446.0
2017-07-17,190.9695,191.4295,190.8495,191.0395,18276032.0
2017-07-18,190.5795,191.2395,190.1895,191.1895,19662974.0
2017-07-19,191.5395,192.5195,191.5295,192.5095,51034260.0
2017-07-20,192.7995,192.9395,191.9895,192.5595,22928558.0
2017-07-21,191.9595,192.4295,191.6995,192.3495,59657592.0
2017-07-24,192.3295,192.4995,191.7995,192.3095,25714693.0
2017-07-25,193.2195,193.3195,192.6795,192.8895,28280345.0
2017-07-26,193.2895,193.3095,192.6495,192.9395,20774858.0
2017-07-27,193.4795,193.5195,191.1995,192.7195,70766568.0
2017-07-28,192.1595,192.5795,191.6495,192.4095,23571929.0
2017-07-31,192.8895,192.9995,192.0495,192.2895,65838659.0
2017-08-01,192.9595,193.0195,192.2395,192.8195,30688558.0
2017-08-02,193.0395,193.1195,191.8895,192.9395,20628178.0
2017-08-03,192.8495,192.8495,192.1595,192.4995,17632562.0
2017-08-04,193.0495,193.3095,192.4895,192.9095,31724882.0
2017-08-07,193.0695,193.3895,192.8895,193.3595,16148089.0
2017-08-08,193.0495,194.4295,192.3495,192.7895,30232313.0
2017-08-09,191.9895,192.8295,191.5795,192.7695,62632619.0
2017-08-10,191.8095,191.9595,189.2195,189.2795,120479470.0
2017-08-11,189.5395,190.3195,189.2695,189.6395,74869947.0
2017-08-14,191.1095,192.3095,191.0695,192.0595,73291919.0
2017-08-15,192.4995,192.5195,191.6795,192.0295,55242746.0
2017-08-16,192.6295,193.0895,191.9695,192.4595,56715544.0
2017-08-17,191.7595,192.1195,188.6095,188.6095,128490396.0
2017-08-18,188.4195,189.7095,187.7195,188.2295,136747986.0
2017-08-21,188.1595,188.7195,187.3495,188.4195,65469736.0
2017-08-22,189.0895,191.1395,189.0695,190.9595,63140101.0
2017-08-23,189.8495,190.5695,189.6795,190.0795,50203837.0
2017-08-24,190.5195,190.6995,189.2695,189.5095,50741671.0
2017-08-25,190.4195,191.1295,189.9095,190.0795,64445912.0
2017-08-28,190.6895,190.7195,189.6095,190.0895,40565606.0
2017-08-29,188.5795,190.6695,188.4495,190.3695,51135715.0
2017-08-30,190.3495,191.8395,190.1395,191.5295,62030805.0
2017-08-31,192.2395,193.2895,191.5695,193.0095,103803880.0
2017-09-01,193.4395,193.8495,193.1895,193.3595,62006989.0
2017-09-05,192.7795,193.0395,190.4695,191.5795,91398777.0
2017-09-06,192.3595,192.7995,191.7495,192.4195,57916867.0
2017-09-07,192.7695,192.7895,191.9195,192.3895,58034730.0
2017-09-08,192.0595,192.6295,191.8195,192.0995,63832825.0
2017-09-11,193.5595,194.8195,193.5395,194.7295,71364848.0
2017-09-12,195.1495,195.6095,194.9395,195.5695,56896027.0
2017-09-13,195.2395,195.7295,195.1095,195.6895,59228002.0
2017-09-14,195.3195,195.8395,195.1195,195.6095,95446349.0
2017-09-15,194.2095,194.8095,194.0895,194.7095,95432382.0
2017-09-18,195.1295,195.6395,194.7995,195.2395,46235238.0
2017-09-19,195.5195,195.5895,195.1195,195.4895,47108148.0
2017-09-20,195.5895,195.7095,194.4395,195.5795,59574083.0
2017-09-21,195.3995,195.4995,194.7095,194.9095,48211398.0
2017-09-22,194.5695,195.1495,194.5395,194.9595,51214032.0
2017-09-25,194.6695,195.0695,193.5995,194.4495,57064357.0
2017-09-26,194.9395,195.2195,194.3295,194.5995,54081959.0
2017-09-27,195.3995,196.0095,194.3895,195.5695,81001426.0
2017-09-28,195.2495,195.9595,195.1495,195.8695,44778841.0
2017-09-29,195.8595,196.8395,195.6495,196.7495,85578002.0
2017-10-02,197.0095,197.8395,196.8095,197.8395,59022985.0
2017-10-03,197.9795,198.4095,197.7495,198.3795,66810169.0
2017-10-04,198.2095,198.9595,198.0795,198.6795,55953619.0
2017-10-05,199.0595,200.1995,198.7195,200.1795,63522757.0
2017-10-06,199.6695,200.2195,199.3695,199.8895,80645998.0
2017-10-09,200.1495,200.2195,199.1695,199.4695,35803138.0
2017-10-10,200.1195,200.5695,199.4995,200.1395,43057363.0
2017-10-11,200.0295,200.5395,199.8395,200.5395,47674325.0
2017-10-12,200.1795,200.5795,199.8895,200.1595,47065144.0
2017-10-13,200.6595,200.7895,200.1595,200.4695,54800435.0
2017-10-16,200.7295,201.0295,200.3395,200.8095,38221675.0
2017-10-17,200.7495,201.0395,200.4995,200.9895,31560964.0
2017-10-18,201.4195,201.4695,201.0195,201.2395,40888330.0
2017-10-19,200.3495,201.3495,199.8695,201.3095,61903788.0
2017-10-20,202.2195,202.6595,201.2895,202.6295,89176377.0
2017-10-23,202.9995,203.0295,201.5395,201.6295,63915306.0
2017-10-24,202.1195,202.3495,201.6695,202.0795,66935910.0
2017-10-25,201.6995,201.8295,199.5195,200.8095,103715291.0
2017-10-26,201.5095,201.8195,200.9995,201.1395,69797972.0
2017-10-27,201.9895,203.4095,201.1495,203.2295,85562544.0
2017-10-30,202.5895,203.1195,201.9295,202.2695,54285687.0
2017-10-31,202.6995,202.9595,202.3295,202.6695,60304781.0
2017-11-01,203.5595,203.9495,202.5895,203.0095,54202736.0
2017-11-02,202.9295,203.2695,201.7095,203.1095,56449535.0
2017-11-03,203.2895,204.0195,202.8195,203.9695,59589730.0
2017-11-06,203.8195,204.5195,203.7395,204.3695,49652598.0
2017-11-07,204.4895,204.8695,203.6095,204.1895,57502161.0
2017-11-08,203.9895,204.7395,203.6695,204.6295,50469579.0
2017-11-09,203.2495,203.9095,201.8795,203.6895,95085497.0
2017-11-10,203.2495,203.8095,202.8895,203.6095,59984662.0
2017-11-13,202.8295,204.1095,202.7895,203.8495,50228648.0
2017-11-14,202.9295,203.3695,202.0395,203.2495,61315152.0
2017-11-15,202.1395,202.7395,201.1495,201.9595,80811525.0
2017-11-16,203.0395,204.5595,202.9895,204.1395,67777027.0
2017-11-17,203.7395,204.1095,203.2895,203.3795,75756833.0
2017-11-20,203.6595,204.0395,203.3795,203.8195,48075514.0
2017-11-21,204.6995,205.7195,203.7795,205.5095,69176799.0
2017-11-22,205.5195,205.6695,205.0895,205.2795,45033392.0
2017-11-24,205.8395,205.9995,205.6795,205.8795,27856514.0
2017-11-27,205.9295,206.2695,205.5195,205.7495,52274922.0
2017-11-28,206.2795,208.4195,206.1695,208.3895,98971719.0
2017-11-29,208.5395,209.1495,207.7195,208.2295,77512102.0
2017-11-30,209.2795,211.5695,209.1895,210.5295,127894389.0
2017-12-01,210.2795,210.8295,206.2795,209.9795,164390902.0
2017-12-04,211.8295,212.3195,209.5995,209.6595,94040560.0
2017-12-05,209.9495,210.6695,208.5595,208.7095,77994544.0
2017-12-06,208.3895,209.2495,208.2295,208.7595,75898566.0
2017-12-07,208.6095,209.9495,208.4595,209.5895,77218569.0
2017-12-08,210.5095,211.0395,209.5495,211.0295,76563873.0
2017-12-11,211.0995,211.8995,210.9995,211.8295,83077533.0
2017-12-12,212.0895,212.8395,211.8695,212.2995,85195750.0
2017-12-13,212.5795,213.0795,212.1695,212.2695,102905409.0
2017-12-14,212.6095,212.7395,211.1195,211.1795,100666692.0
2017-12-15,212.3208,213.9108,212.2608,213.3808,144610290.0
2017-12-18,214.9708,215.4708,214.8508,215.0708,83653572.0
2017-12-19,215.3508,215.4008,213.9608,214.0408,82382876.0
2017-12-20,215.1408,215.2008,213.5608,213.9008,76751500.0
2017-12-21,214.6108,215.2608,214.1708,214.4508,67032339.0
2017-12-22,214.4708,214.5108,213.7708,214.3808,78720873.0
2017-12-26,213.9208,214.3108,213.7608,214.0608,45244433.0
2017-12-27,214.2508,214.6008,213.8808,214.1908,57750986.0
2017-12-28,214.7608,214.7908,214.3208,214.7408,45116139.0
2017-12-29,215.4008,215.4208,213.5108,213.7308,96007424.0
2018-01-02,214.7108,215.6808,214.2708,215.6408,86655749.0
2018-01-03,215.8308,217.5108,215.8308,217.3408,90070416.0
2018-01-04,218.0708,219.0308,217.4108,218.4808,80636408.0
2018-01-05,219.3808,220.4308,218.8208,220.2908,83523995.0
2018-01-08,220.1808,220.9708,219.8508,220.7908,57319192.0
2018-01-09,221.2708,222.1208,220.9508,221.4108,57253957.0
2018-01-10,220.5508,221.2908,219.7908,220.9908,69574318.0
2018-01-11,221.6208,222.9908,221.4308,222.9908,62361455.0
2018-01-12,223.2908,224.9808,222.9508,224.7908,90816076.0
2018-01-16,226.2208,226.9608,223.0508,223.8408,106555142.0
2018-01-17,224.9008,226.9208,223.8408,226.4808,113258799.0
2018-01-18,226.3508,226.8308,225.4508,226.0108,100728006.0
2018-01-19,226.6708,227.2808,226.0108,227.2808,140920098.0
2018-01-22,227.0408,229.5608,226.9808,229.5608,91322408.0
2018-01-23,229.6108,230.4908,229.2408,230.1608,97084700.0
2018-01-24,230.8908,231.5708,228.7108,230.0508,134816117.0
2018-01-25,231.0308,231.1408,229.2708,230.1708,84587313.0
2018-01-26,231.1208,233.4508,230.8308,233.4508,107743119.0
2018-01-29,232.8008,233.3008,231.3708,231.5508,90118337.0
2018-01-30,229.4708,231.6108,228.0908,228.6308,131796419.0
2018-01-31,229.6008,230.1708,227.5508,228.7708,118948131.0
2018-02-01,227.9408,229.9308,227.5508,228.4508,90102470.0
2018-02-02,226.9508,227.1008,222.2808,222.3208,173174790.0
2018-02-05,220.3208,222.7208,210.1808,210.8008,294681824.0
2018-02-06,206.8108,216.5708,205.5708,216.0008,355026784.0
2018-02-07,215.3708,219.2308,214.4508,214.5408,167376100.0
2018-02-08,214.8808,215.0408,204.4608,204.5008,246449505.0
2018-02-09,207.6708,210.4808,199.7908,208.3708,283565312.0
2018-02-12,210.7008,213.8808,208.7508,212.2108,143735976.0
2018-02-13,210.8408,213.4908,210.1808,212.8708,81223640.0
2018-02-14,211.1808,216.8708,211.1708,216.4608,120735685.0
2018-02-15,218.4408,219.9108,215.6408,219.9008,111200286.0
2018-02-16,219.1908,222.1908,219.1408,219.9808,160420135.0
2018-02-20,218.9008,220.5408,217.3708,218.2708,86369662.0
2018-02-21,218.7708,221.5908,216.8108,216.9208,98883740.0
2018-02-22,217.9708,219.9208,216.5108,217.2708,110511290.0
2018-02-23,218.6608,221.5808,218.1208,221.5808,92766428.0
2018-02-26,222.8008,224.8808,222.1308,224.7708,86491406.0
2018-02-27,224.9808,225.7908,221.2308,221.3008,99099165.0
2018-02-28,222.5508,223.0608,218.1608,218.5208,121907767.0
2018-03-01,218.2808,220.0408,212.8708,214.5708,176855077.0
2018-03-02,212.6708,216.5908,211.6908,215.9508,139083217.0
2018-03-05,214.6008,219.7608,214.4808,219.0608,97307387.0
2018-03-06,220.1708,220.2608,218.0508,219.7508,79213163.0
2018-03-07,217.2908,220.0508,217.0708,219.6508,87063502.0
2018-03-08,220.4208,221.1108,219.2908,220.9708,66901150.0
2018-03-09,222.5708,225.7408,222.2108,225.7408,113625335.0
2018-03-12,226.0708,226.7808,224.9508,225.3908,71924793.0
2018-03-13,226.7108,227.2808,222.9008,223.5908,91968937.0
2018-03-14,224.6808,224.8908,221.5408,222.1708,105895079.0
2018-03-15,222.7508,223.4808,221.3008,221.8708,83433038.0
2018-03-16,222.4676,223.3576,222.1076,222.1676,100343673.0
2018-03-19,221.3176,222.3676,216.5876,218.4576,109208442.0
2018-03-20,218.9076,219.6376,218.1476,218.9176,59757271.0
2018-03-21,218.8676,221.2376,218.1576,218.3976,78709578.0
2018-03-22,215.8776,216.8376,211.3276,211.6376,148785916.0
2018-03-23,212.1376,212.9876,205.7976,206.0176,183534751.0
2018-03-26,210.0976,213.3976,207.3776,213.0776,141956102.0
2018-03-27,214.1376,214.7376,206.8076,208.5676,129941445.0
2018-03-28,208.7176,210.6076,206.5476,207.7976,146452306.0
2018-03-29,209.0876,213.2276,207.8076,211.1176,124244790.0
2018-04-02,210.5176,211.0976,202.6376,205.4376,186032189.0
2018-04-03,206.8376,209.2776,204.8076,208.7376,119956861.0
2018-04-04,204.7176,212.3276,204.5676,211.5276,123715339.0
2018-04-05,213.5176,214.6076,212.2876,213.6076,82652618.0
2018-04-06,211.3876,213.0776,205.9676,207.6876,179521209.0
2018-04-09,209.3376,212.8076,207.9076,208.9676,105442932.0
2018-04-10,212.2376,214.0076,210.9476,213.1176,105573736.0
2018-04-11,211.4376,213.6076,211.3576,211.7276,91140243.0
2018-04-12,213.2276,214.9676,213.0276,213.8976,68890480.0
2018-04-13,215.3776,215.5076,211.9776,213.1176,85079176.0
2018-04-16,214.9676,216.1676,214.0376,215.2976,63405287.0
2018-04-17,217.2976,218.8376,216.7176,218.1576,64682036.0
2018-04-18,218.6576,219.2676,217.8376,218.3576,57303857.0
2018-04-19,217.6176,217.8476,215.6876,216.8576,77655909.0
2018-04-20,216.7776,217.0276,213.5776,214.5776,99953133.0
2018-04-23,215.2276,215.8576,213.3176,214.5376,65557954.0
2018-04-24,215.6976,215.9476,209.2476,210.9476,112885452.0
2018-04-25,210.8776,212.0976,208.8176,211.5976,103840948.0
2018-04-26,212.7576,215.2176,212.2576,214.2776,67731942.0
2018-04-27,214.9676,215.3076,213.4676,214.5276,57053647.0
2018-04-30,215.2276,215.8576,212.3976,212.4776,82182324.0
2018-05-01,211.8376,213.0676,210.0776,212.9476,74203365.0
2018-05-02,212.7276,213.6476,210.7276,211.1676,86368943.0
2018-05-03,210.2276,211.3276,207.0176,210.5876,136311479.0
2018-05-04,209.4876,214.7576,209.1176,213.9876,91222075.0
2018-05-07,214.8576,215.9876,214.0776,214.8876,55304907.0
2018-05-08,214.4676,215.2976,213.1176,214.8876,67499247.0
2018-05-09,215.6476,217.8376,215.0576,217.4676,59666143.0
2018-05-10,218.3076,220.3576,218.1876,219.9876,72063931.0
2018-05-11,220.1276,221.1176,219.5476,220.8176,59871511.0
2018-05-14,221.3076,222.0476,220.3276,220.9476,54790606.0
2018-05-15,219.5576,219.5776,217.9976,219.0676,87036136.0
2018-05-16,219.1076,220.7276,219.0776,220.2076,53942631.0
2018-05-17,219.9076,221.1976,219.0976,219.9776,56536400.0
2018-05-18,219.5876,219.9976,218.8976,219.2976,64367959.0
2018-05-21,220.9776,221.9476,219.3176,221.3376,58025875.0
2018-05-22,221.9276,222.2176,220.2076,220.5776,52966358.0
2018-05-23,219.1376,221.3576,218.9576,221.3276,64694184.0
2018-05-24,220.8776,221.1876,218.7476,220.7676,76043827.0
2018-05-25,220.1176,220.8276,219.5476,220.1176,56374755.0
2018-05-29,218.2776,219.1376,215.7276,216.9876,115908607.0
2018-05-30,218.4676,221.0776,218.3876,220.5776,69678449.0
2018-05-31,220.1176,220.4576,218.2276,218.9076,93519941.0
2018-06-01,220.3776,221.9076,220.2976,221.5676,71258411.0
2018-06-04,222.4976,223.1576,222.2276,222.8676,45385166.0
2018-06-05,223.0176,223.4976,222.1476,223.0676,51135038.0
2018-06-06,223.7576,225.4876,223.0576,225.3676,62732215.0
2018-06-07,225.9176,226.2476,224.3076,225.3376,72969402.0
2018-06-08,224.8176,226.2176,224.6276,226.1576,72139719.0
2018-06-11,226.4076,227.3376,226.2776,226.5276,58892515.0
2018-06-12,226.9976,227.2976,226.1576,226.8876,72329028.0
2018-06-13,227.1576,227.4476,225.7676,225.9976,79070610.0
2018-06-14,226.9776,227.2976,226.0276,226.6976,77097620.0
2018-06-15,225.8132,226.7232,224.5632,226.3432,120041562.0
2018-06-18,224.7032,225.9132,224.1632,225.7732,52917581.0
2018-06-19,223.2132,224.9632,222.7432,224.7132,97531510.0
2018-06-20,225.4832,225.9332,224.8032,225.1832,53785486.0
2018-06-21,225.1732,225.1932,222.8932,223.4532,71061404.0
2018-06-22,224.8732,225.0032,223.7032,223.9532,56612003.0
2018-06-25,222.6532,222.8332,218.3132,220.2132,137854162.0
2018-06-26,220.8532,221.7732,220.0032,220.8132,68683211.0
2018-06-27,221.4732,223.0832,218.3932,218.5632,105110674.0
2018-06-28,218.5032,220.9632,217.7032,220.1032,76650517.0
2018-06-29,221.3332,222.8732,220.3632,220.4932,97592499.0
2018-07-02,218.7232,221.2532,218.4532,221.0732,63554774.0
2018-07-03,222.0832,222.1932,219.6332,220.1132,42187071.0
2018-07-05,221.3832,222.3932,220.1732,222.3232,56925919.0
2018-07-06,222.3532,225.0532,221.9232,224.6332,66493696.0
2018-07-09,225.7632,227.1732,225.7132,227.1132,50550399.0
2018-07-10,227.6232,228.2232,227.2932,228.1132,51966829.0
2018-07-11,226.3632,227.2532,225.7332,226.0732,77054739.0
2018-07-12,227.4932,228.6432,226.8132,228.5832,60124687.0
2018-07-13,228.3832,229.1432,227.8732,228.8032,48234964.0
2018-07-16,228.8532,229.0132,228.0532,228.5532,48201038.0
2018-07-17,227.6832,230.1232,227.6232,229.6832,52315500.0
2018-07-18,229.7732,230.3932,229.2732,230.2732,44593465.0
2018-07-19,229.5232,229.9532,228.6732,229.2132,61412117.0
2018-07-20,228.9832,229.6932,228.7132,228.8932,82372729.0
2018-07-23,228.6632,229.6432,228.2732,229.4132,47047565.0
2018-07-24,231.0032,231.7732,229.8432,230.8232,68026935.0
2018-07-25,230.5432,233.5832,230.4932,233.2232,78882927.0
2018-07-26,232.4132,233.3232,232.3032,232.5532,57919495.0
2018-07-27,232.9232,233.0332,229.5932,230.6332,76783177.0
2018-07-30,230.7232,230.9032,228.5732,229.1632,63742508.0
2018-07-31,230.0232,231.2332,229.5932,230.5432,68570493.0
2018-08-01,230.7732,231.3432,229.3432,230.0732,53853326.0
2018-08-02,228.6032,231.7932,228.3732,231.6032,63426363.0
2018-08-03,231.7432,232.8732,231.5432,232.8132,53935386.0
2018-08-06,232.8532,234.2032,232.4132,233.8532,39400887.0
2018-08-07,234.6032,235.2232,234.4532,234.7932,43196646.0
2018-08-08,234.6032,235.1232,234.1532,234.6732,42114551.0
2018-08-09,234.7432,235.1832,234.1332,234.2832,35716976.0
2018-08-10,232.6632,233.2732,231.5732,232.3732,77076044.0
2018-08-13,232.6832,233.3732,230.9832,231.3132,65732909.0
2018-08-14,232.1332,233.3832,231.6932,233.1132,43842031.0
2018-08-15,231.5932,231.7532,229.3732,230.9932,102925355.0
2018-08-16,232.6132,234.2532,232.5732,233.2732,69967919.0
2018-08-17,233.0432,234.7732,232.5832,234.2732,65618481.0
2018-08-20,234.7832,235.1832,234.2732,234.8832,39807490.0
2018-08-21,235.4632,236.5232,234.9232,235.5532,67271983.0
2018-08-22,235.0932,235.9732,234.7932,235.3832,44993333.0
2018-08-23,235.1832,236.1532,234.6432,235.0032,49204851.0
2018-08-24,235.6532,236.8832,235.5932,236.7232,57487399.0
2018-08-27,238.0732,239.1132,237.8932,238.9932,57072377.0
2018-08-28,239.5132,239.6332,238.6132,239.1332,46943472.0
2018-08-29,239.3732,240.9532,239.1032,240.6932,61485514.0
2018-08-30,240.1532,240.5732,238.8432,239.5132,61229501.0
2018-08-31,239.0532,240.0232,238.5032,239.5232,66140838.0
2018-09-04,239.0532,239.4232,237.8932,239.0232,57594367.0
2018-09-05,238.6232,238.8532,237.1032,238.2432,72452437.0
2018-09-06,238.3632,238.7032,236.2132,237.3732,65909863.0
2018-09-07,236.1932,237.9132,235.9232,236.8132,73524824.0
2018-09-10,237.9532,238.2532,237.0932,237.3132,50210903.0
2018-09-11,236.5832,238.7632,236.1932,238.2632,50530492.0
2018-09-12,238.2732,239.0132,237.4432,238.3332,59810758.0
2018-09-13,239.5332,240.2532,239.2132,240.0432,51034222.0
2018-09-14,240.2732,240.4832,239.2132,240.0932,55079875.0
2018-09-17,240.0332,240.0732,238.2432,238.5532,68244043.0
2018-09-18,238.7932,240.7932,238.7632,240.1232,61930407.0
2018-09-19,240.1832,240.9032,240.0432,240.4332,49080562.0
2018-09-20,241.8532,243.1532,240.4532,242.7932,100360646.0
2018-09-21,243.6258,243.7558,242.3458,242.5258,105479656.0
2018-09-24,241.8758,242.0358,240.9058,241.5558,53409645.0
2018-09-25,242.0658,242.1858,241.0158,241.2858,44370037.0
2018-09-26,241.4458,242.7758,239.9458,240.4158,79739674.0
2018-09-27,240.9458,242.4458,240.6358,241.2258,59249455.0
2018-09-28,240.5258,241.8158,240.4858,241.2558,70091385.0
2018-10-01,242.6458,243.4658,241.5158,242.2658,62078937.0
2018-10-02,242.0958,242.8958,241.6758,242.0958,47258227.0
2018-10-03,243.2758,243.7458,241.8558,242.2558,64694594.0
2018-10-04,241.7158,241.7758,238.1958,239.9758,111545910.0
2018-10-05,240.2258,240.8058,236.7558,238.3558,105951698.0
2018-10-08,237.5858,238.7558,236.0358,238.3558,87742172.0
2018-10-09,237.9258,239.3958,237.3058,237.9358,74338982.0
2018-10-10,237.3658,237.4458,228.4158,228.8358,214731042.0
2018-10-11,227.6158,229.4358,220.8958,222.7058,274840496.0
2018-10-12,227.3058,227.6258,222.9058,226.4858,183186492.0
2018-10-15,226.0858,227.5758,224.8358,224.9358,102263717.0
2018-10-16,227.1358,231.3558,226.6058,230.9358,118255834.0
2018-10-17,230.9758,231.6858,228.0958,230.9858,110625987.0
2018-10-18,229.9358,230.6058,225.5058,226.9358,134557525.0
2018-10-19,227.6658,229.8358,226.0058,226.7858,139901634.0
2018-10-22,227.5358,227.8958,224.9458,225.5458,82415812.0
2018-10-23,221.4858,225.4058,219.1458,224.1458,146352719.0
2018-10-24,223.8658,224.2958,215.2358,215.8558,177806697.0
2018-10-25,217.9158,222.3458,216.7658,220.6158,138061545.0
2018-10-26,216.4558,221.5358,212.8258,215.8658,201574596.0
2018-10-29,219.3358,220.7858,210.3858,214.3958,160749101.0
2018-10-30,214.2058,218.6558,213.6558,218.3058,157115995.0
2018-10-31,221.1858,223.7658,220.6558,221.1658,128296325.0
2018-11-01,222.1358,224.2658,220.9158,224.0458,99495037.0
2018-11-02,225.2858,225.7658,220.1258,222.4258,122634107.0
2018-11-05,222.9758,224.5458,221.8858,223.9258,65622482.0
2018-11-06,223.8558,225.8358,223.7858,225.6558,60085894.0
2018-11-07,228.0958,231.6358,227.6158,231.5458,102752099.0
2018-11-08,230.6458,231.7558,229.7558,231.0358,65584886.0
2018-11-09,229.5658,229.7758,226.7158,228.2958,98812561.0
2018-11-12,227.7258,227.9958,222.5258,223.1058,99673574.0
2018-11-13,223.6258,225.8658,221.7858,222.5958,98176610.0
2018-11-14,224.6958,225.1458,218.9858,220.7358,125335931.0
2018-11-15,219.3158,224.0758,217.5458,223.5558,135101437.0
2018-11-16,222.3258,225.2858,221.7458,224.2658,126668040.0
2018-11-19,223.5858,223.9158,218.6058,219.6358,103061706.0
2018-11-20,215.8958,217.5358,213.6858,214.6558,136021311.0
2018-11-21,216.3958,217.6858,215.5458,215.5558,75563743.0
2018-11-23,213.7158,215.3558,213.6058,213.7858,42807878.0
2018-11-26,216.3158,218.2858,215.8758,218.0358,79981362.0
2018-11-27,216.8758,218.9358,216.1958,218.9358,75502441.0
2018-11-28,220.1358,225.1158,218.8658,225.1158,127629633.0
2018-11-29,224.2458,226.0858,222.9658,224.5158,82346420.0
2018-11-30,224.3458,226.8158,223.9858,226.1858,98204190.0
2018-12-03,230.8158,230.9358,228.0458,229.8358,103017719.0
2018-12-04,228.9058,229.3858,220.4358,220.7858,177986013.0
2018-12-06,216.4558,220.5058,212.9758,220.3758,204185411.0
2018-12-07,219.9958,221.7558,213.1658,214.1058,161018923.0
2018-12-10,213.9058,215.6958,209.1558,214.6058,151445885.0
2018-12-11,218.1958,218.4058,213.0158,214.6658,121504431.0
2018-12-12,218.0058,219.5358,215.9058,215.9958,97976706.0
2018-12-13,217.0558,218.0258,214.6558,215.9058,96662717.0
2018-12-14,213.4958,214.5658,210.3858,211.0058,116961071.0
2018-12-17,209.9358,211.1858,204.0658,205.8958,165492257.0
2018-12-18,207.7358,208.4858,203.8158,205.6158,134515094.0
2018-12-19,205.7058,209.9358,199.8858,201.7958,214992763.0
2018-12-20,200.3958,202.1558,195.1858,197.7058,252053377.0
2018-12-21,198.7112,201.6812,191.9512,192.6712,255345633.0
2018-12-24,191.0112,192.8112,186.2412,186.3112,147311588.0
2018-12-26,187.9412,198.1512,185.7312,198.1512,218485360.0
2018-12-27,194.5412,200.2612,190.9312,200.0412,186267342.0
2018-12-28,201.5512,203.3712,198.4212,199.7212,153100189.0
2018-12-31,201.5312,202.1612,199.4412,201.8912,144299370.0
2019-01-02,197.9512,203.1812,197.9212,202.1512,126925199.0
2019-01-03,200.2012,200.5412,195.6412,196.1812,144140692.0
2019-01-04,199.5612,205.0812,199.1412,204.3612,142628834.0
2019-01-07,204.6612,207.9212,203.6612,206.3512,103139100.0
2019-01-08,208.7912,209.2812,205.9712,208.7412,102512587.0
2019-01-09,209.5312,210.8812,208.1612,209.9412,95006554.0
2019-01-10,208.2312,211.1312,207.4712,210.8512,96823923.0
2019-01-11,209.6512,210.9812,209.0012,210.9512,73858110.0
2019-01-14,208.8312,210.2712,208.3812,209.3712,70908227.0
2019-01-15,209.7912,212.6712,209.7812,212.3212,85208271.0
2019-01-16,212.8012,213.9412,212.5712,212.9512,77636710.0
2019-01-17,211.9812,215.8912,211.9312,214.9312,96118435.0
2019-01-18,216.9512,218.9512,214.9712,218.4312,127900303.0
2019-01-22,216.7912,217.0312,213.0312,214.8312,115531183.0
2019-01-23,215.9812,216.7612,212.6312,215.3812,86030287.0
2019-01-24,215.1812,216.1712,214.0512,215.5212,59204139.0
2019-01-25,217.5812,218.6712,215.6312,217.7512,96883358.0
2019-01-28,215.3612,215.8012,213.7612,215.7312,85613655.0
2019-01-29,215.8912,216.5212,214.4512,215.3812,66136334.0
2019-01-30,217.0712,220.4912,216.2212,219.5512,92473671.0
2019-01-31,219.4812,222.4412,219.2412,221.9012,104012073.0
2019-02-01,222.1212,223.1712,221.1512,222.0312,85782524.0
2019-02-04,222.0812,224.0012,221.3312,223.9312,60744844.0
2019-02-05,224.4112,225.4112,223.8512,225.0712,79552774.0
2019-02-06,224.7612,225.3112,223.8912,224.7112,58347791.0
2019-02-07,222.9112,223.5212,220.2612,222.1112,95481961.0
2019-02-08,220.7212,222.5512,219.8012,222.4412,75788861.0
2019-02-11,223.1712,223.4612,222.0012,222.5912,68021423.0
2019-02-12,224.3912,226.4912,224.3112,226.0712,72270221.0
2019-02-13,227.0012,227.9012,226.5312,226.9612,65277204.0
2019-02-14,225.7512,227.6112,224.8412,226.3512,83234396.0
2019-02-15,228.3312,229.3812,228.1012,229.3412,97088659.0
2019-02-19,228.4512,230.5512,228.4412,229.8212,59120804.0
2019-02-20,229.7812,230.8912,229.2212,230.3812,76610767.0
2019-02-21,229.6712,230.0712,228.3212,229.3912,64214727.0
2019-02-22,230.0812,231.3312,229.3712,231.1112,78114616.0
2019-02-25,232.7012,233.2812,231.4012,231.4912,69030699.0
2019-02-26,231.1012,232.2712,230.8712,231.2912,56844101.0
2019-02-27,230.4912,231.5612,229.4512,231.1712,56921570.0
2019-02-28,230.9312,231.4212,230.2912,230.6512,69268293.0
2019-03-01,232.4112,232.8512,230.7912,232.3912,78880548.0
2019-03-04,233.5712,233.8412,228.8112,231.3712,106494637.0
2019-03-05,231.5112,231.7312,230.3812,230.9912,59114559.0
2019-03-06,231.1212,231.1312,228.9412,229.3012,75039771.0
2019-03-07,228.8012,228.9612,226.0412,226.9812,94885089.0
2019-03-08,224.9112,226.6212,224.3912,226.4312,85795799.0
2019-03-11,227.2312,230.5912,227.2012,230.4112,65098897.0
2019-03-12,231.0312,232.0412,230.8212,231.4612,79667530.0
2019-03-13,232.4512,234.3512,232.2712,233.3112,80639153.0
2019-03-14,233.3412,233.8112,232.6412,233.1312,67518366.0
2019-03-15,233.7443,235.4143,233.5343,234.5143,81308979.0
2019-03-18,234.7543,235.8643,234.5043,235.5343,62199806.0
2019-03-19,236.7143,237.5643,234.6143,235.6043,90268121.0
2019-03-20,235.3643,236.7043,233.5243,234.7543,84609210.0
2019-03-21,233.8443,238.3843,233.7943,237.9343,79550375.0
2019-03-22,236.4243,237.0043,232.3843,232.4543,122659286.0
2019-03-25,232.0743,233.3943,230.8443,232.2443,85575197.0
2019-03-26,234.1943,235.3843,232.7643,234.3243,68125920.0
2019-03-27,234.3143,234.9643,231.1343,232.8543,72224722.0
2019-03-28,233.5543,234.4143,232.2743,233.9143,56238545.0
2019-03-29,235.5943,236.0443,234.3443,235.6843,82186806.0
2019-04-01,237.9043,239.3643,237.6043,239.0343,77617945.0
2019-04-02,239.2443,239.4343,238.2943,239.1743,40070351.0
2019-04-03,240.5243,240.9643,238.9543,239.6243,68243202.0
2019-04-04,239.9843,240.6643,239.2143,240.3843,48997505.0
2019-04-05,241.1243,241.8343,240.8043,241.7743,58621729.0
2019-04-08,241.3043,242.1143,240.5743,241.9943,53566335.0
2019-04-09,240.9243,241.2843,239.9043,240.5143,66142316.0
2019-04-10,240.9743,241.5943,240.5143,241.4943,52601499.0
2019-04-11,242.0343,242.0443,240.7843,241.4143,55093100.0
2019-04-12,243.2043,243.6743,241.4643,243.3643,69727782.0
2019-04-15,243.4443,243.5543,242.2843,243.1743,49596685.0
2019-04-16,244.1543,244.2143,242.7043,243.3643,52153197.0
2019-04-17,244.6043,244.6343,242.1943,242.6543,58268295.0
2019-04-18,243.3043,243.5243,241.8643,243.2243,68708513.0
2019-04-22,242.3743,243.6443,242.2743,243.4743,40160140.0
2019-04-23,243.8843,246.3443,243.6243,246.0843,52246633.0
2019-04-24,245.9943,246.3643,245.2743,245.4343,50392914.0
2019-04-25,245.3243,245.9843,243.9343,245.2543,57770862.0
2019-04-26,245.3043,246.6943,244.4443,246.6143,50916423.0
2019-04-29,246.7143,247.6543,246.6143,247.0743,57197747.0
2019-04-30,246.6943,247.5443,245.1243,247.2243,81111733.0
2019-05-01,247.9243,248.1543,245.0043,245.0143,71671870.0
2019-05-02,244.8843,245.9043,242.7243,244.3843,65030170.0
2019-05-03,246.0243,247.5443,244.5043,247.2343,56543653.0
2019-05-06,242.4543,246.5143,242.1043,246.0243,107198069.0
2019-05-07,243.3543,244.0143,239.0143,241.1343,144729908.0
2019-05-08,240.7343,242.6343,240.0743,240.7343,91568287.0
2019-05-09,238.4343,240.5343,236.5043,239.8643,103471104.0
2019-05-10,238.8243,242.1443,235.5043,241.3043,112429293.0
2019-05-13,235.6243,236.6943,233.1343,234.0643,127290527.0
2019-05-14,235.1943,238.3043,235.0543,236.6043,77003230.0
2019-05-15,234.7943,238.9743,234.5643,238.2643,73956407.0
2019-05-16,239.0443,242.4143,238.9643,240.9043,76749643.0
2019-05-17,238.3443,241.8043,238.3243,239.0443,100353024.0
2019-05-20,237.2643,238.6343,236.3243,237.1543,62877610.0
2019-05-21,239.0343,240.1343,238.7543,239.7143,46847085.0
2019-05-22,238.6543,239.8943,238.3043,238.8343,49482472.0
2019-05-23,236.3643,236.4143,233.7743,235.3443,98733847.0
2019-05-24,236.9443,237.4043,235.2943,235.9843,55268095.0
2019-05-28,236.2943,237.3543,233.3343,233.3543,70029356.0
2019-05-29,232.1143,232.5643,229.9143,231.4743,104972927.0
2019-05-30,232.3143,233.2443,231.0143,232.2343,62523780.0
2019-05-31,229.4043,230.3243,228.4443,228.4743,86862782.0
2019-06-03,228.5143,229.7543,226.2943,227.7743,96427952.0
2019-06-04,230.3243,233.8843,229.8243,233.7343,77231889.0
2019-06-05,235.5343,236.1943,233.5243,236.1643,71169717.0
2019-06-06,236.4943,238.7543,235.7743,238.0043,69430381.0
2019-06-07,239.1343,242.0543,238.9443,240.8543,74272199.0
2019-06-10,242.5743,244.0243,242.0743,242.1743,60799053.0
2019-06-11,244.1943,244.6043,241.3843,242.1043,58641325.0
2019-06-12,241.8443,242.4643,241.0243,241.5943,47096312.0
2019-06-13,242.6043,243.1843,241.8243,242.7843,48945156.0
2019-06-14,242.4643,243.1343,241.6143,242.4643,52324716.0
2019-06-17,242.7243,243.4243,242.3843,242.5743,39205709.0
2019-06-18,244.5943,246.7743,244.1943,245.6043,85434823.0
2019-06-19,245.7543,246.8543,244.6743,246.2643,78674377.0
2019-06-20,249.2443,249.5143,246.3343,249.0643,116570017.0
2019-06-21,248.766,250.156,248.396,248.636,83309466.0
2019-06-24,248.866,249.216,248.106,248.276,47582730.0
2019-06-25,248.336,248.366,245.276,245.396,82028656.0
2019-06-26,246.386,246.946,244.986,245.106,51584902.0
2019-06-27,245.946,246.696,245.526,246.136,40355239.0
2019-06-28,247.216,248.186,246.646,247.636,59350929.0
2019-07-01,251.316,251.556,248.966,250.296,79107474.0
2019-07-02,250.246,251.126,249.316,251.066,61504544.0
2019-07-03,251.816,253.456,251.656,253.436,40898896.0
2019-07-05,252.076,253.276,250.646,253.096,51677326.0
2019-07-08,251.646,252.896,250.856,251.456,45841772.0
2019-07-09,250.176,252.156,250.116,251.826,41101279.0
2019-07-10,253.006,254.296,252.416,253.246,58595558.0
2019-07-11,253.956,254.216,252.836,253.946,50889481.0
2019-07-12,254.486,255.366,254.146,255.286,40354410.0
2019-07-15,255.766,255.766,254.826,255.386,33910261.0
2019-07-16,255.286,255.516,254.076,254.346,40567964.0
2019-07-17,254.386,254.566,252.376,252.376,44102443.0
2019-07-18,251.826,253.886,251.336,253.466,51701687.0
2019-07-19,254.676,254.706,251.596,251.806,71081238.0
2019-07-22,252.246,253.136,251.676,252.536,43687404.0
2019-07-23,253.776,254.666,252.856,254.666,44657973.0
2019-07-24,253.826,256.076,253.726,256.076,47213232.0
2019-07-25,255.576,255.636,253.746,254.636,55394092.0
2019-07-26,255.396,256.866,255.256,256.646,45084077.0
2019-07-29,256.516,256.566,255.486,256.096,38126462.0
2019-07-30,254.546,255.806,254.126,255.356,45849045.0
2019-07-31,255.626,255.836,249.836,252.066,104245162.0
2019-08-01,252.236,255.506,248.596,249.476,142646576.0
2019-08-02,248.486,248.756,245.536,247.256,116749695.0
2019-08-05,242.726,242.846,236.356,238.456,178745449.0
2019-08-06,240.546,242.676,238.916,242.436,120711682.0
2019-08-07,239.036,243.456,236.676,242.606,140572265.0
2019-08-08,244.256,248.256,243.646,248.256,87713904.0
2019-08-09,247.216,247.876,244.286,246.256,93729958.0
2019-08-12,244.596,246.246,241.656,242.756,60818751.0
2019-08-13,242.376,248.786,241.996,247.186,94792972.0
2019-08-14,242.706,247.096,238.396,238.536,135622053.0
2019-08-15,239.516,240.276,237.026,239.286,101929845.0
2019-08-16,241.116,243.966,239.346,243.486,85825286.0
2019-08-19,246.826,247.716,246.076,246.966,53640153.0
2019-08-20,246.406,246.996,244.586,244.726,51652752.0
2019-08-21,247.116,247.496,246.356,247.086,49723430.0
2019-08-22,247.866,248.566,245.036,246.996,51739292.0
2019-08-23,245.556,247.396,238.106,239.486,149318151.0
2019-08-26,241.906,242.636,240.216,242.636,72620598.0
2019-08-27,244.176,244.586,240.666,241.506,68262998.0
2019-08-28,240.776,243.706,239.886,243.526,59852324.0
2019-08-29,246.356,247.796,245.246,247.216,57998913.0
2019-08-30,248.856,248.876,246.056,247.086,62961780.0
2019-09-03,245.206,246.216,243.906,245.376,69231875.0
2019-09-04,247.776,248.696,246.946,248.676,47003957.0
2019-09-05,251.426,253.466,248.636,252.456,83356779.0
2019-09-06,252.806,253.396,252.056,252.686,49584290.0
2019-09-09,253.776,253.876,251.796,252.836,51260290.0
2019-09-10,251.996,252.836,250.606,252.766,57947101.0
2019-09-11,253.106,254.976,252.386,254.886,68821066.0
2019-09-12,255.886,257.096,255.046,255.926,72908745.0
2019-09-13,256.416,256.806,255.316,255.726,62104838.0
2019-09-16,254.476,255.776,254.086,254.796,58191175.0
2019-09-17,254.576,255.656,254.386,255.556,42904427.0
2019-09-18,255.126,255.856,252.876,255.736,74192091.0
2019-09-19,256.166,257.266,255.346,255.716,78099215.0
2019-09-20,256.3796,256.6896,253.4296,254.2996,97455979.0
2019-09-23,253.5696,255.0196,253.2896,254.2296,47541321.0
2019-09-24,255.4296,255.8596,250.8296,251.8896,97367568.0
2019-09-25,251.9796,254.1296,250.3496,253.6396,73434081.0
2019-09-26,253.6496,253.8796,251.4696,253.0196,58722357.0
2019-09-27,253.8496,253.9696,249.7096,251.4196,84781110.0
2019-09-30,251.9896,253.5696,251.9396,252.7896,52562761.0
2019-10-01,253.7596,254.4696,249.0196,249.2596,89900420.0
2019-10-02,247.5196,247.5296,242.6596,244.0796,124523974.0
2019-10-03,243.8296,246.4696,240.8396,246.4396,85906799.0
2019-10-04,247.1596,250.6496,246.8396,250.3696,66700681.0
2019-10-07,249.4896,251.2796,248.7896,249.0996,60656561.0
2019-10-08,247.0596,247.8696,244.5096,244.5496,101575470.0
2019-10-09,246.7696,248.3196,244.6796,247.2896,65707329.0
2019-10-10,247.1996,250.2296,247.0196,249.2596,57255974.0
2019-10-11,252.2896,254.7596,252.1596,252.2996,101228577.0
2019-10-14,251.9496,252.6896,251.5896,251.9696,40546668.0
2019-10-15,253.1196,255.7196,252.9896,254.8996,47832356.0
2019-10-16,254.3896,255.1796,253.9396,254.4196,50563596.0
2019-10-17,255.6996,256.2596,254.5396,255.2996,46784885.0
2019-10-18,254.7096,255.4096,253.0096,253.9896,64338028.0
2019-10-21,255.4396,256.2296,254.9596,256.0096,39460901.0
2019-10-22,256.5996,256.9196,254.9296,255.0296,49126038.0
2019-10-23,254.7496,255.9596,254.5196,255.8996,34991829.0
2019-10-24,256.9296,257.0896,255.4796,256.3896,35857459.0
2019-10-25,255.7596,258.2196,255.6996,257.6196,45205412.0
2019-10-28,258.9596,259.8696,258.9296,259.3196,42146965.0
2019-10-29,259.0196,260.2496,258.8796,259.2296,44284921.0
2019-10-30,259.4496,260.5696,258.0096,260.1596,49643928.0
2019-10-31,260.1496,260.1496,257.7496,259.3496,69053791.0
2019-11-01,260.9396,262.2096,260.7596,262.1596,71141515.0
2019-11-04,263.8696,264.0196,262.9796,263.3896,60606916.0
2019-11-05,263.6096,263.9396,262.7296,263.0496,42933219.0
2019-11-06,263.0496,263.4196,262.0796,263.1196,46487108.0
2019-11-07,264.5896,265.6696,263.6796,264.1996,54272274.0
2019-11-08,263.8196,265.0196,263.0496,264.9596,49068797.0
2019-11-11,263.4396,264.5596,263.2896,264.3696,35934909.0
2019-11-12,264.7696,266.0096,264.1696,265.0196,46484624.0
2019-11-13,263.9296,265.5596,263.6796,265.1196,54459018.0
2019-11-14,264.8096,265.6596,264.1096,265.5696,52001874.0
2019-11-15,267.0396,267.8596,266.2796,267.8096,62706192.0
2019-11-18,267.5496,268.2996,267.0496,268.0396,49327980.0
2019-11-19,268.6996,268.7096,267.2396,267.9496,67927818.0
2019-11-20,267.2996,267.8696,265.0796,266.7896,79696276.0
2019-11-21,266.9096,267.0296,265.4096,266.2896,54664690.0
2019-11-22,267.1096,267.2596,265.8696,266.9796,44850228.0
2019-11-25,267.9996,269.3896,267.9996,269.3896,48762676.0
2019-11-26,269.4296,270.2996,269.0796,270.0996,37727953.0
2019-11-27,270.6296,271.4996,270.3896,271.4996,44793179.0
2019-11-29,270.8796,271.1496,270.0796,270.3496,36592740.0
2019-12-02,270.6096,270.6796,267.1896,267.6596,76110027.0
2019-12-03,264.6696,265.6596,263.1496,265.5696,75172709.0
2019-12-04,266.7196,268.1396,266.3396,267.4796,49190402.0
2019-12-05,268.2496,268.2696,266.5996,268.0396,40781669.0
2019-12-06,270.1396,271.3296,270.1296,270.8896,48956767.0
2019-12-09,270.4596,271.1996,269.8196,269.8996,34904315.0
2019-12-10,269.8396,270.5696,268.8296,269.5496,53107133.0
2019-12-11,270.0496,270.7196,269.4596,270.4396,53521450.0
2019-12-12,270.4496,274.0096,270.1896,273.1496,96585802.0
2019-12-13,272.8896,274.6896,272.0396,273.3396,81546487.0
2019-12-16,275.2396,276.1696,273.2696,275.5196,82836128.0
2019-12-17,275.9396,276.2696,275.4996,275.5896,61131769.0
2019-12-18,276.0196,276.2696,275.5496,275.6096,48199955.0
2019-12-19,275.8196,276.9996,275.5396,276.9196,85388424.0
2019-12-20,278.0496,279.5596,276.9796,278.3196,149338215.0
2019-12-23,279.1796,279.2396,278.6496,278.8096,53015641.0
2019-12-24,279.0596,279.1096,278.4896,278.8296,20270007.0
2019-12-26,279.2396,280.5396,279.2296,280.5296,31024188.0
2019-12-27,281.3296,281.3896,279.8696,280.4496,42554820.0
2019-12-30,280.5396,280.6896,278.1396,278.6696,49782730.0
2019-12-31,278.1196,279.7196,277.7396,279.4496,57106998.0
2020-01-02,281.1296,282.4796,280.1196,282.4596,59253833.0
2020-01-03,278.7496,281.2296,278.6896,279.9996,77783121.0
2020-01-06,278.0796,281.3196,277.9496,281.2296,55761948.0
2020-01-07,280.6096,281.1296,279.8296,280.3196,42854811.0
2020-01-08,280.5296,283.3696,280.2596,282.0396,68434153.0
2020-01-09,283.7496,284.3196,283.1096,284.2396,48569601.0
2020-01-10,284.8796,285.0496,282.7896,283.2996,53057389.0
2020-01-13,283.9796,285.5496,283.5096,285.5396,47262010.0
2020-01-14,285.0596,286.2096,284.4296,285.0396,63036384.0
2020-01-15,284.9396,286.6096,284.8496,285.7796,72056598.0
2020-01-16,287.2896,288.5096,287.0396,288.5096,54050328.0
2020-01-17,289.2896,289.7696,288.4396,289.5396,95846017.0
2020-01-21,288.4896,289.7696,288.4096,288.8896,77742415.0
2020-01-22,289.8296,290.5396,288.7596,288.9296,48914899.0
2020-01-23,288.2196,289.7596,286.9996,289.3096,51962994.0
2020-01-24,290.0296,290.1196,284.9496,286.3596,87578442.0
2020-01-27,280.6196,282.7096,280.2496,281.0896,84062463.0
2020-01-28,282.6496,285.4396,281.1896,284.4796,63833953.0
2020-01-29,285.9696,286.2196,283.9896,284.2096,54040889.0
2020-01-30,281.9496,285.4996,281.1296,285.2696,75491844.0
2020-01-31,284.5896,284.7596,278.3196,279.3196,113845576.0
2020-02-03,280.9396,283.7496,280.8096,281.7096,69242293.0
2020-02-04,285.6596,287.5996,285.3096,286.6496,62573190.0
2020-02-05,289.8596,290.6796,288.2596,290.4496,65951146.0
2020-02-06,291.4996,291.7796,290.3896,291.5696,50359688.0
2020-02-07,290.4096,291.5796,289.1896,289.7896,64139443.0
2020-02-10,288.8196,292.3396,288.7796,292.2696,42070006.0
2020-02-11,293.7496,294.6096,292.2696,292.8496,54864533.0
2020-02-12,294.4196,295.2396,294.0196,295.0296,43992662.0
2020-02-13,293.4496,295.7096,293.1496,294.6496,54501922.0
2020-02-14,295.0996,295.3196,293.7896,295.1896,64582210.0
2020-02-18,294.0996,295.2596,292.7996,294.3196,57342526.0
2020-02-19,295.3796,296.6696,295.0696,295.9296,48814692.0
2020-02-20,295.3296,296.2296,291.2696,294.5396,74163362.0
2020-02-21,293.0596,293.3996,290.1696,291.0696,113788208.0
2020-02-24,280.7296,291.1496,278.8296,280.0096,161088409.0
2020-02-25,281.5296,282.1996,269.2796,270.2396,218913168.0
2020-02-26,271.7696,275.6996,268.2896,269.0896,194773819.0
2020-02-27,263.0496,269.1496,255.0996,255.0996,284353456.0
2020-02-28,246.2896,255.4796,243.1296,253.8496,385764016.0
2020-03-02,255.7996,266.7496,252.0496,266.6796,238703625.0
2020-03-03,267.0896,271.4296,255.1596,257.8296,300139152.0
2020-03-04,263.7096,270.6896,260.9196,270.4496,176613448.0
2020-03-05,262.5696,266.0596,257.5996,260.0496,186366809.0
2020-03-06,250.7396,256.3696,247.8196,255.0496,228667168.0
2020-03-09,232.8896,241.7796,231.0396,231.8196,309417344.0
2020-03-10,242.2296,246.1096,231.0896,246.0096,276444064.0
2020-03-11,238.2896,239.5296,228.4696,231.9496,256416563.0
2020-03-12,213.5896,224.2496,205.2696,205.6996,392220672.0
2020-03-13,220.6796,229.0696,206.1096,226.9096,329566096.0
2020-03-16,198.7696,214.4896,194.9496,197.4396,297240032.0
2020-03-17,202.6296,213.7596,194.6596,210.3896,262070471.0
2020-03-18,193.8396,205.9596,185.6096,197.5896,327597136.0
2020-03-19,196.8396,204.9696,189.8096,198.0996,289322032.0
2020-03-20,201.5251,203.4651,187.4951,187.7951,347158800.0
2020-03-23,187.1851,188.6751,177.2551,181.9451,326025168.0
2020-03-24,193.4151,203.0951,192.7951,202.1451,235494475.0
2020-03-25,203.8651,215.3451,198.7451,205.7851,299430256.0
2020-03-26,208.5151,221.7951,208.0451,220.1951,257632816.0
2020-03-27,212.2651,219.8051,210.0451,212.4151,224341217.0
2020-03-30,214.6951,221.4251,212.5251,220.6451,170961866.0
2020-03-31,219.5551,222.3251,215.2151,216.7451,194881060.0
2020-04-01,206.9751,216.6551,202.8951,205.1451,189554623.0
2020-04-02,204.1851,211.6751,203.5851,210.8251,177660430.0
2020-04-03,209.7551,212.3151,204.2151,207.1851,135561171.0
2020-04-06,216.8351,225.9951,207.1651,223.8551,188061238.0
2020-04-07,233.2051,234.0251,223.8851,224.1251,201427189.0
2020-04-08,226.9551,234.9951,224.2451,233.0251,153774487.0
2020-04-09,236.5751,240.1951,234.4651,237.1951,190282705.0
2020-04-13,236.1351,236.5051,230.4051,234.6551,114839053.0
2020-04-14,239.9751,243.8951,234.5051,242.7851,134143350.0
2020-04-15,236.5651,242.9351,234.4551,236.7551,121775006.0
2020-04-16,238.1451,239.0251,234.7551,238.0951,131798325.0
2020-04-17,244.3751,246.2951,241.3951,245.6351,146684784.0
2020-04-20,241.6051,245.7851,240.3451,240.5851,100109285.0
2020-04-21,235.7251,237.0351,231.0151,232.0351,126385698.0
2020-04-22,237.3451,239.9951,235.9051,238.0951,93524584.0
2020-04-23,239.4851,242.9351,237.7451,238.0751,104709693.0
2020-04-24,239.7251,242.6951,237.4951,241.9651,85165953.0
2020-04-27,244.1151,247.2651,243.6151,246.0451,77896608.0
2020-04-28,250.0151,250.3951,244.3951,244.7251,105269985.0
2020-04-29,250.5251,253.8751,249.4051,252.2051,118745579.0
2020-04-30,250.7051,252.3151,247.5851,249.4751,122901701.0
2020-05-01,244.3051,249.6551,240.5151,241.7851,125180028.0
2020-05-04,239.7351,242.8951,238.1251,242.5651,80873213.0
2020-05-05,245.6351,248.2451,242.7051,245.1851,79569938.0
2020-05-06,247.0351,247.4551,242.7751,243.2451,73632628.0
2020-05-07,246.7451,248.7751,246.1251,246.6751,75250412.0
2020-05-08,250.0851,251.9451,248.8551,251.4351,76622128.0
2020-05-11,249.3351,252.9951,248.8751,251.4951,79514231.0
2020-05-12,252.7851,253.2351,245.5151,245.6651,95870786.0
2020-05-13,245.0551,246.1851,237.9551,240.5951,144721099.0
2020-05-14,237.9451,244.1051,231.9851,243.9651,121977890.0
2020-05-15,241.3651,245.3251,240.3351,245.2751,111146276.0
2020-05-18,252.0451,255.7451,251.6951,253.9951,120320229.0
2020-05-19,253.3451,255.1951,250.9451,250.9651,95189316.0
2020-05-20,254.8151,256.8651,254.5651,255.9251,85861691.0
2020-05-21,255.7851,256.6651,252.6851,253.8751,78293925.0
2020-05-22,253.5651,254.6251,252.2151,254.4351,63958200.0
2020-05-26,260.9251,261.1851,254.4551,258.0751,88951442.0
2020-05-27,261.1151,262.5651,255.8651,262.5251,104817449.0
2020-05-28,263.6451,265.8351,261.2351,261.9651,90767807.0
2020-05-29,261.4551,263.9551,258.4651,263.3151,119265702.0
2020-06-01,262.6151,265.1951,262.0551,264.5451,56779836.0
2020-06-02,265.5451,267.1251,264.0951,267.0751,74267162.0
2020-06-03,269.2351,272.2151,268.9351,271.1751,92567574.0
2020-06-04,270.1051,271.9951,268.0751,270.3551,75794363.0
2020-06-05,276.2251,280.2651,276.1551,278.3351,150524674.0
2020-06-08,279.2151,282.4051,278.6251,282.1951,73641217.0
2020-06-09,279.2951,282.2751,278.3551,279.7851,77479228.0
2020-06-10,280.4151,281.3851,277.2151,277.9951,95000766.0
2020-06-11,270.4551,271.1451,259.0051,259.6051,209243560.0
2020-06-12,267.2351,268.0751,257.5951,263.2051,194678879.0
2020-06-15,257.0151,267.2751,255.7351,266.0451,135782724.0
2020-06-16,274.4751,274.6351,266.6651,271.9551,137627502.0
2020-06-17,273.0651,273.3851,269.8551,270.6551,83398944.0
2020-06-18,269.0051,271.2951,268.5051,270.7751,80828658.0
2020-06-19,274.5314,274.7414,266.8914,269.0014,135549624.0
2020-06-22,268.3514,271.4114,267.1114,270.9814,74649389.0
2020-06-23,273.8514,274.8614,271.9714,272.4114,68471246.0
2020-06-24,270.2014,270.8714,262.4614,264.4514,132813492.0
2020-06-25,263.8314,268.0014,261.6414,267.7114,89467968.0
2020-06-26,266.5214,266.7514,259.7814,260.4114,127961017.0
2020-06-29,261.7714,264.9714,259.2914,264.8214,79773260.0
2020-06-30,264.3514,270.5614,264.1814,268.7214,113394772.0
2020-07-01,269.9314,272.2514,269.4314,270.8814,72396542.0
2020-07-02,274.6014,276.0614,271.8714,272.5914,69344217.0
2020-07-06,276.7314,278.0414,275.9214,277.4114,61713828.0
2020-07-07,275.7414,277.8814,273.7314,274.1414,82909963.0
2020-07-08,274.9714,276.6614,273.0614,276.5414,54638596.0
2020-07-09,277.2014,277.4614,271.0414,274.7414,83354158.0
2020-07-10,274.6714,278.2414,273.1214,277.9514,57550365.0
2020-07-13,280.4914,283.0714,274.4914,275.2014,102997484.0
2020-07-14,273.6614,280.1214,272.3614,279.2814,93656951.0
2020-07-15,282.7714,283.4014,279.6314,282.2114,87196524.0
2020-07-16,280.1514,281.6414,279.4514,281.1514,54622520.0
2020-07-17,282.2414,282.9314,280.1014,282.0814,62774911.0
2020-07-20,281.7914,285.4914,280.9814,284.6814,56308849.0
2020-07-21,286.8114,287.2914,284.3014,285.3714,57498967.0
2020-07-22,284.9814,287.5614,284.8614,287.2214,57792915.0
2020-07-23,286.8314,287.5914,281.8414,283.3214,75737989.0
2020-07-24,281.3114,282.3514,279.6114,281.2414,73766597.0
2020-07-27,281.9914,283.7714,281.1314,283.5814,48292970.0
2020-07-28,282.7914,284.0014,281.2114,281.5314,57494979.0
2020-07-29,282.4814,286.0914,282.4414,285.4814,48454159.0
2020-07-30,282.2614,284.7714,280.0014,284.3214,61861714.0
2020-07-31,286.2614,286.9914,281.6914,286.8814,85210755.0
2020-08-03,288.6814,289.9814,288.0914,289.1514,53077948.0
2020-08-04,288.2214,290.4214,288.2214,290.4214,41917893.0
2020-08-05,291.8314,292.7514,291.5414,292.4714,42866354.0
2020-08-06,291.8414,294.8214,291.4914,294.6914,43679447.0
2020-08-07,293.6414,295.2414,292.6614,294.9314,57308270.0
2020-08-10,295.4214,296.1314,293.3214,295.9314,44282089.0
2020-08-11,297.2114,297.9014,292.3714,293.1614,69601087.0
2020-08-12,295.8014,298.6414,293.2014,297.8014,53826128.0
2020-08-13,296.9714,298.6114,296.1914,297.1914,41816146.0
2020-08-14,296.7714,297.7814,295.9814,297.2014,47260390.0
2020-08-17,298.3014,298.7014,297.2114,298.2714,35480974.0
2020-08-18,298.7014,299.4614,296.9714,299.0014,38733908.0
2020-08-19,299.4114,299.9714,296.9814,297.5914,68054244.0
2020-08-20,295.7214,299.1614,295.5814,298.6414,42207826.0
2020-08-21,298.2814,300.0814,297.9114,299.8414,55106628.0
2020-08-24,302.4814,303.3614,299.8114,303.2814,48588662.0
2020-08-25,303.8914,304.5714,302.6314,304.4814,38463381.0
2020-08-26,305.1214,308.2214,304.5314,307.9314,50790237.0
2020-08-27,308.8714,310.2614,306.8914,308.6914,58034142.0
2020-08-28,309.8014,311.0814,308.5114,310.9414,48588940.0
2020-08-31,310.7114,311.6614,309.4214,309.6714,66099183.0
2020-09-01,310.5714,313.0714,309.6014,312.9614,54999325.0
2020-09-02,315.0314,319.1114,313.7914,318.0614,69540035.0
2020-09-03,316.2314,316.7414,302.9514,305.7514,148011129.0
2020-09-04,306.4914,308.1914,295.2314,302.9314,139156281.0
2020-09-08,297.0714,303.0014,293.2414,293.5714,114465322.0
2020-09-09,297.9114,302.8214,296.9714,300.1514,91462290.0
2020-09-10,302.1814,302.8914,293.2114,294.2514,90569548.0
2020-09-11,296.1814,297.3314,291.3614,294.4214,84680194.0
2020-09-14,297.8514,300.7414,294.5814,298.8214,65605686.0
2020-09-15,301.4814,302.3814,298.8314,300.5314,52920862.0
2020-09-16,301.8714,303.4214,298.8814,299.1814,82211256.0
2020-09-17,293.9214,298.0614,293.3514,296.2014,91523339.0
2020-09-18,297.0706,297.1906,289.6706,292.3506,105877942.0
2020-09-21,287.4006,288.8306,283.4306,288.6706,99450829.0
2020-09-22,290.2706,292.6006,287.5606,292.0006,63612107.0
2020-09-23,292.6006,292.9006,283.8006,284.3406,93112240.0
2020-09-24,282.9206,288.5006,281.5006,285.2006,76681332.0
2020-09-25,284.2806,291.2806,283.3406,290.4306,71069426.0
2020-09-28,294.9206,296.6606,293.8506,295.8906,64584614.0
2020-09-29,295.6706,296.4706,293.3206,294.0706,51531594.0
2020-09-30,294.7906,299.9906,294.5806,296.5906,104081136.0
2020-10-01,299.3906,300.4406,296.7106,298.7406,88698745.0
2020-10-02,293.4006,298.7106,292.8906,295.5406,89431112.0
2020-10-05,297.7606,301.6606,297.7106,301.4606,45713108.0
2020-10-06,301.6106,303.8706,296.0806,296.6306,90128883.0
2020-10-07,299.8206,303.3306,299.7906,302.4606,56999597.0
2020-10-08,304.5506,305.5506,303.5606,305.4806,45242476.0
2020-10-09,307.2606,309.0506,306.5906,308.5506,59528606.0
2020-10-12,311.2906,315.7206,310.7606,314.1306,80388533.0
2020-10-13,313.9806,314.1706,310.7906,311.8306,73255513.0
2020-10-14,312.4506,313.6306,308.8406,309.6306,57958749.0
2020-10-15,305.4106,309.7206,304.8306,309.2006,60357659.0
2020-10-16,310.6606,312.4506,308.8006,308.9906,89501868.0
2020-10-19,310.3506,311.0306,302.7406,303.7106,68425614.0
2020-10-20,305.1606,308.5806,304.3406,305.0806,60051880.0
2020-10-21,305.0306,310.3806,304.1006,304.4306,63574979.0
2020-10-22,304.6606,306.9406,302.3506,306.3106,55399292.0
2020-10-23,307.6306,307.6906,304.8306,307.4806,49143931.0
2020-10-26,303.8306,304.6806,297.3206,301.0906,91473002.0
2020-10-27,301.4606,301.8206,299.6906,299.9206,65994108.0
2020-10-28,293.8006,299.9506,287.8306,288.3606,127094307.0
2020-10-29,288.6106,295.1006,286.7906,291.6806,90597689.0
2020-10-30,289.9806,291.3906,284.3006,288.2406,120448685.0
2020-11-02,291.9006,294.0606,288.9406,291.9006,86068299.0
2020-11-03,295.3906,299.9506,291.9906,297.7306,93294192.0
2020-11-04,302.5606,309.6406,301.2906,305.2406,126959700.0
2020-11-05,310.9406,313.8906,310.5606,311.9406,82039749.0
2020-11-06,311.6306,313.2106,309.3506,311.8606,74972973.0
2020-11-09,325.6706,326.0806,315.7606,316.2606,172304203.0
2020-11-10,315.1906,316.8806,312.2106,315.7406,85552022.0
2020-11-11,318.1006,319.2606,316.7606,318.3706,58649048.0
2020-11-12,317.2806,318.4206,312.9606,314.9106,68118563.0
2020-11-13,316.9706,320.6006,316.4106,319.8006,62959429.0
2020-11-16,322.6806,324.4806,321.2906,324.2706,74541138.0
2020-11-17,321.6706,323.6206,320.0406,322.3206,66111009.0
2020-11-18,322.6106,323.2006,317.9406,317.9806,70591299.0
2020-11-19,317.3006,319.8806,315.8506,319.4806,59940947.0
2020-11-20,319.2006,319.4206,316.9506,317.0306,70411890.0
2020-11-23,318.9806,320.5206,316.5706,319.1606,63230608.0
2020-11-24,321.9106,325.5106,320.9906,324.9206,62415877.0
2020-11-25,324.8306,324.8606,323.1806,324.3606,45330890.0
2020-11-27,325.5406,325.8806,324.2806,325.3706,28514072.0
2020-11-30,324.5306,324.8206,320.8706,323.7606,83872709.0
2020-12-01,327.2706,329.3806,326.6306,327.7206,74504969.0
2020-12-02,326.5206,328.6606,325.9006,328.4906,45927000.0
2020-12-03,328.3806,329.8906,327.2006,328.3906,62881998.0
2020-12-04,329.0206,331.5506,328.9206,331.5506,50749859.0
2020-12-07,330.7206,331.3206,329.4206,330.7906,48944269.0
2020-12-08,329.4206,332.4806,329.3706,331.8706,42458859.0
2020-12-09,332.5806,332.7506,327.6506,328.5506,74098312.0
2020-12-10,327.0706,329.5606,326.1306,328.4306,57735353.0
2020-12-11,326.6006,328.4406,324.9606,328.0006,57698614.0
2020-12-14,330.3406,331.5006,326.1706,326.3606,69216174.0
2020-12-15,329.1006,331.2906,327.6206,331.2906,64071099.0
2020-12-16,331.5206,332.8606,330.5706,331.8706,58420517.0
2020-12-17,333.6406,334.1606,332.7506,333.9406,64119472.0
2020-12-18,334.2506,334.4306,330.3006,332.4606,136542328.0
2020-12-21,328.2506,341.7406,325.3106,331.1406,96386745.0
2020-12-22,331.4906,331.6106,329.3106,330.5206,48388462.0
2020-12-23,331.5606,332.9006,330.5006,330.8506,46201402.0
2020-12-24,331.3606,332.3106,330.7306,332.2806,26457853.0
2020-12-28,335.0206,335.8706,334.3506,335.4506,39000402.0
2020-12-29,337.0906,337.2806,334.1106,334.7406,53680451.0
2020-12-30,335.6206,336.3806,334.8506,335.2706,49455259.0
2020-12-31,335.0606,337.9406,334.5106,337.1606,78520702.0
2021-01-04,338.5906,338.7306,328.1006,332.0706,110123043.0
2021-01-05,331.3806,335.7806,331.3306,334.6106,66426229.0
2021-01-06,332.9906,340.2606,332.4006,336.8306,107997675.0
2021-01-07,339.3806,343.1806,339.1906,342.3806,68766812.0
2021-01-08,343.8706,344.7706,340.3806,344.5406,71677208.0
2021-01-11,341.1306,343.8606,341.0006,341.9706,51176719.0
2021-01-12,342.1706,343.1406,339.6406,342.0506,52547716.0
2021-01-13,341.9706,344.1406,341.1306,343.0706,45303619.0
2021-01-14,343.8706,344.4106,341.3806,341.7406,49989113.0
2021-01-15,340.0006,340.8606,336.9806,338.9806,107159962.0
2021-01-19,341.6206,342.5106,340.0306,341.9306,51233300.0
2021-01-20,344.3906,348.0706,343.9706,347.1706,61836062.0
2021-01-21,347.7706,348.2306,346.5306,347.5206,47955809.0
2021-01-22,345.5306,347.4106,345.1206,346.1606,52136931.0
2021-01-25,346.9506,348.0506,341.7406,347.6706,70401971.0
2021-01-26,348.6906,349.1306,346.8206,347.0706,42665281.0
2021-01-27,343.5006,343.6006,335.2906,337.6906,123351078.0
2021-01-28,339.6406,345.2106,339.1706,340.9106,94198104.0
2021-01-29,338.9106,339.9506,331.5506,333.3506,126765121.0
2021-02-01,337.0006,340.6206,333.6606,339.5106,75817597.0
2021-02-02,342.9306,346.5006,339.6006,344.8306,64450662.0
2021-02-03,345.7206,346.9806,343.7606,345.1306,52427090.0
2021-02-04,346.2406,349.5206,345.2506,349.4706,47142555.0
2021-02-05,351.4806,351.7506,349.4206,350.9906,48669773.0
2021-02-08,352.5506,353.8406,351.6306,353.7906,38365185.0
2021-02-09,352.8906,354.1706,352.4506,353.5306,35551059.0
2021-02-10,355.4006,355.5606,350.7806,353.3606,59154370.0
2021-02-11,354.5206,354.9706,351.3806,353.9906,42913288.0
2021-02-12,353.1306,356.1806,353.0506,355.9206,50593270.0
2021-02-16,357.2406,357.4506,354.8106,355.5806,50972366.0
2021-02-17,353.7006,355.9406,352.6106,355.6706,52806681.0
2021-02-18,352.8706,354.8006,351.0206,354.0006,59712773.0
2021-02-19,355.3506,355.6606,352.8306,353.3106,83240971.0
2021-02-22,350.3406,352.9006,350.0206,350.3106,67414170.0
2021-02-23,347.9406,352.2306,343.4806,350.7806,107284127.0
2021-02-24,349.6106,355.5106,348.5506,355.0506,72433946.0
2021-02-25,353.6906,355.1606,344.0606,345.6106,146670499.0
2021-02-26,347.6306,348.8606,341.5106,343.6406,152701639.0
2021-03-01,348.8706,354.2006,343.8506,352.8606,105348798.0
2021-03-02,353.1006,353.3506,349.2806,349.8206,79595332.0
2021-03-03,349.0706,350.1106,344.5906,344.7006,119940211.0
2021-03-04,344.5006,347.2806,335.1606,339.9806,183433020.0
2021-03-05,343.7406,348.0406,335.9206,346.9106,152039624.0
2021-03-08,347.9406,350.9606,344.7006,345.0006,123149245.0
2021-03-09,349.1306,353.1906,345.0106,350.4506,113633556.0
2021-03-10,352.9706,354.6806,351.4506,352.8606,109899410.0
2021-03-11,355.5106,358.9306,355.0206,356.8106,86245040.0
2021-03-12,355.3506,357.4906,354.4806,357.3406,64653565.0
2021-03-15,357.6106,359.9706,355.3106,359.6906,73592302.0
2021-03-16,360.3506,361.1106,358.3606,359.1906,73722506.0
2021-03-17,357.8106,361.4006,356.5806,360.5406,97959265.0
2021-03-18,357.7606,360.0006,354.0306,354.7606,115349101.0
2021-03-19,354.4384,356.1284,351.7084,354.0384,113624490.0
2021-03-22,354.5884,358.6284,354.5284,357.1484,73778646.0
2021-03-23,356.4684,358.0184,353.2184,354.0584,90686552.0
2021-03-24,355.5584,357.3084,352.0284,352.0784,97588644.0
2021-03-25,350.5384,355.1084,348.4584,354.2584,116128622.0
2021-03-26,355.4884,360.9684,354.8484,360.5384,114409114.0
2021-03-29,358.9584,361.3084,357.3684,360.3384,108107626.0
2021-03-30,358.9784,360.0084,357.5784,359.2884,76262249.0
2021-03-31,359.8984,362.5584,359.8684,360.8884,112734214.0
2021-04-01,362.9584,365.2284,362.7384,365.1684,99682876.0
2021-04-05,368.0184,371.4984,367.9384,370.9184,91684764.0
2021-04-06,370.3184,371.7984,369.9584,370.6784,62020953.0
2021-04-07,370.4984,371.5184,370.0084,371.1484,55836280.0
2021-04-08,372.4884,373.1384,371.4884,373.0784,57863114.0
2021-04-09,372.9484,376.2284,372.8184,376.0484,61104559.0
2021-04-12,375.4084,376.4884,374.7584,376.1984,56704899.0
2021-04-13,376.0884,378.0884,375.6784,377.4184,56550988.0
2021-04-14,377.3884,378.5184,375.4284,376.0084,61659907.0
2021-04-15,378.2984,380.7184,378.2484,380.4284,60229842.0
2021-04-16,381.8084,382.4684,380.2884,381.8184,82037278.0
2021-04-19,380.8184,381.2984,378.3484,379.7684,78498496.0
2021-04-20,378.4684,379.6484,375.1484,376.7284,81851828.0
2021-04-21,376.0684,380.8484,375.9184,380.6284,66792983.0
2021-04-22,380.4484,381.3384,375.6884,376.8284,97582788.0
2021-04-23,377.4284,382.8084,377.3484,381.2984,73276195.0
2021-04-26,381.9984,382.7784,381.3684,382.1684,52182392.0
2021-04-27,382.4884,382.6984,380.8584,382.0784,51303056.0
2021-04-28,382.3684,383.5684,381.4584,381.9584,51238854.0
2021-04-29,384.8784,385.2784,380.9984,384.6184,78544329.0
2021-04-30,382.1884,383.0984,380.8984,381.8584,85527030.0
2021-05-03,383.9884,384.3984,382.2284,382.7584,68128289.0
2021-05-04,380.6284,381.1584,376.2284,380.1784,101591166.0
2021-05-05,381.9384,382.1884,379.7084,380.3084,37948907.0
2021-05-06,380.3884,383.7684,378.2384,383.6284,74321368.0
2021-05-07,384.4484,387.3784,383.7184,386.6784,67733790.0
2021-05-10,387.0584,387.2984,382.3684,382.4984,81852446.0
2021-05-11,377.6584,379.8284,374.6184,378.7684,116887975.0
2021-05-12,375.7884,377.1484,368.5584,369.9684,134811046.0
2021-05-13,371.6284,376.9084,371.5784,374.8384,106393963.0
2021-05-14,377.7684,382.0484,377.7384,381.1384,82201629.0
2021-05-17,379.9484,380.9484,377.9184,380.0784,65129221.0
2021-05-18,380.3584,380.6184,376.3284,376.4984,59810238.0
2021-05-19,371.4784,375.6084,369.8884,375.4184,106467052.0
2021-05-20,376.3584,381.1884,376.2284,379.8384,78022218.0
2021-05-21,381.4284,382.7584,379.0084,379.4984,76578662.0
2021-05-24,381.8984,384.8784,381.6384,383.7284,51376702.0
2021-05-25,384.8884,385.2684,382.1784,382.7984,57451396.0
2021-05-26,383.4284,384.1684,382.3184,383.6284,43088618.0
2021-05-27,384.7284,385.2784,383.5484,383.8484,56707677.0
2021-05-28,385.5284,385.8084,384.3484,384.5984,58520164.0
2021-06-01,387.1284,387.2784,383.7584,384.2284,54216625.0
2021-06-02,384.9284,385.7884,383.8484,384.8884,49097061.0
2021-06-03,382.4084,384.5484,380.8384,383.3284,58138763.0
2021-06-04,385.3084,387.4784,383.3984,387.1584,55938789.0
2021-06-07,387.1484,387.3384,385.7484,386.7484,51555032.0
2021-06-08,387.6684,387.7684,384.8784,386.8384,47134279.0
2021-06-09,387.7384,387.8184,385.9684,386.2084,48436342.0
2021-06-10,387.5184,389.1884,386.1084,388.1684,51020147.0
2021-06-11,388.7584,388.9884,387.3784,388.8684,45570828.0
2021-06-14,388.9884,389.9284,387.6584,389.8184,42358478.0
2021-06-15,389.9784,390.0184,388.0984,389.0384,51508508.0
2021-06-16,389.1884,389.4284,384.4784,386.6684,80386082.0
2021-06-17,386.2284,387.5784,383.8784,386.5284,90949659.0
2021-06-18,383.0243,383.7643,380.6343,380.8543,118676302.0
2021-06-21,382.7343,386.9943,381.8643,386.7943,72822028.0
2021-06-22,386.7843,389.9343,386.0143,389.0443,57700303.0
2021-06-23,389.1243,389.9843,388.4443,388.5343,49445414.0
2021-06-24,390.8243,391.4843,390.5543,391.0343,45110288.0
2021-06-25,391.8343,393.0243,391.4843,392.5443,58129525.0
2021-06-28,393.1043,393.5843,391.8243,393.4043,53159581.0
2021-06-29,393.8143,394.4943,393.0643,393.6343,35970515.0
2021-06-30,393.1443,394.7143,393.1143,393.9943,64827858.0
2021-07-01,394.8043,396.5343,394.7343,396.3643,53441027.0
2021-07-02,397.6043,400.0343,396.4543,399.6543,57697668.0
2021-07-06,399.7143,399.9443,395.9443,398.8643,68710419.0
2021-07-07,399.5943,400.6943,397.4443,400.3943,63549456.0
2021-07-08,394.7143,397.6643,393.4543,396.8543,97595232.0
2021-07-09,398.4643,401.7743,396.6443,401.4543,76238584.0
2021-07-12,401.3643,403.2843,400.9043,403.0143,52889585.0
2021-07-13,402.1743,403.7743,401.2443,401.5243,52911312.0
2021-07-14,403.3343,403.8543,400.8443,402.1743,64130352.0
2021-07-15,400.7443,401.4643,398.6543,400.6843,55126358.0
2021-07-16,401.9443,401.9943,396.8543,397.2743,75874662.0
2021-07-19,392.1243,397.3443,387.9043,390.9043,147987000.0
2021-07-20,391.6143,398.3543,390.7643,396.9943,99608174.0
2021-07-21,398.2743,400.6343,396.9443,400.4843,64724389.0
2021-07-22,400.6743,401.6543,399.6243,401.3943,47878539.0
2021-07-23,403.4543,406.2343,402.7243,405.8743,63766637.0
2021-07-26,405.2443,406.9643,405.1943,406.9543,43719187.0
2021-07-27,405.8443,405.8743,401.9243,404.9443,67397137.0
2021-07-28,405.6143,406.2343,403.2443,404.7643,52472360.0
2021-07-29,405.7543,407.7343,405.7443,406.5843,47435342.0
2021-07-30,403.8443,405.9943,403.7043,404.4443,68951202.0
2021-08-02,406.2743,406.8643,403.1443,403.5243,58783297.0
2021-08-03,404.3743,407.2143,402.0343,407.0843,58053896.0
2021-08-04,405.7143,407.0543,404.6643,404.9143,46732212.0
2021-08-05,406.1543,407.7843,405.8143,407.6943,38969659.0
2021-08-06,408.0343,408.8743,407.7343,408.4243,46930008.0
2021-08-09,408.3943,408.7343,407.2443,408.0643,41222585.0
2021-08-10,408.5443,409.3743,407.8143,408.6143,43339275.0
2021-08-11,409.7543,409.8143,408.5543,409.7143,44034340.0
2021-08-12,409.5543,411.1943,408.5943,411.0443,38942418.0
2021-08-13,411.5243,411.8743,411.0043,411.8543,39470251.0
2021-08-16,410.4643,413.0443,408.8043,412.9043,73930864.0
2021-08-17,410.1743,410.8943,406.7843,409.9743,92673933.0
2021-08-18,408.8943,410.5643,404.8543,405.1143,89351931.0
2021-08-19,402.2043,407.0743,402.0543,405.7943,92812246.0
2021-08-20,406.1643,409.6443,405.6443,409.2943,72008712.0
2021-08-23,411.0943,414.1643,409.3743,413.1943,54973038.0
2021-08-24,413.9043,414.4743,413.3543,413.9043,38744714.0
2021-08-25,414.1043,415.3943,413.7043,414.8443,40529711.0
2021-08-26,414.5443,414.7943,412.0943,412.1943,57829572.0
2021-08-27,413.0543,416.5843,412.9943,416.1843,77235113.0
2021-08-30,416.9043,419.0043,416.6443,418.1643,48357355.0
2021-08-31,418.0643,418.4243,416.8543,417.4943,59300213.0
2021-09-01,418.4943,419.0443,417.4843,417.7343,48721378.0
2021-09-02,419.2543,419.9843,417.8443,419.1243,42830867.0
2021-09-03,417.9143,419.5643,417.4843,419.0143,47234364.0
2021-09-07,418.6443,418.7443,416.6743,417.3943,51671534.0
2021-09-08,416.8243,417.6043,414.7943,416.8443,56181907.0
2021-09-09,416.6343,418.5043,414.6543,414.9143,57970407.0
2021-09-10,416.9743,417.4243,411.2443,411.3743,89948174.0
2021-09-13,414.5743,414.8543,410.0443,412.5143,83738649.0
2021-09-14,414.0543,414.2743,409.1543,410.1043,78197140.0
2021-09-15,410.5543,414.3443,409.3743,413.8143,78792222.0
2021-09-16,413.2543,414.2943,409.9543,413.1043,77786735.0
2021-09-17,412.2824,412.7324,408.3824,408.7624,118425037.0
2021-09-20,402.2424,403.9224,396.2224,401.4024,166445534.0
2021-09-21,403.8924,405.2724,400.4324,400.9924,92526112.0
2021-09-22,403.4124,407.3924,401.1124,405.2224,102350143.0
2021-09-23,407.2124,412.2524,406.9624,410.5424,76395981.0
2021-09-24,408.8024,412.0324,408.5724,411.2724,62094837.0
2021-09-27,410.1724,411.4124,409.2624,410.0024,61371108.0
2021-09-28,407.0524,407.4024,400.3024,401.0824,130436306.0
2021-09-29,402.5524,404.4024,401.2124,401.8124,82329213.0
2021-09-30,403.3824,404.1324,396.1424,396.5024,140505979.0
2021-10-01,398.3424,403.3924,394.5924,401.6024,129240106.0
2021-10-04,400.3624,401.3224,393.7224,396.0024,128569957.0
2021-10-05,397.6024,402.8524,396.7524,400.4624,90682520.0
2021-10-06,396.6324,402.4824,394.9024,402.2624,113032245.0
2021-10-07,405.7524,409.0424,405.5624,406.0224,72437499.0
2021-10-08,406.8424,407.2524,404.5524,405.2224,74557404.0
2021-10-11,404.5224,407.6224,401.9824,402.0524,65233285.0
2021-10-12,403.0324,403.4624,400.1424,400.9824,71181163.0
2021-10-13,402.0724,403.4124,398.9024,402.5424,72973979.0
2021-10-14,406.4424,410.0224,405.9424,409.8624,70236825.0
2021-10-15,412.1124,413.6224,411.4524,413.2324,66260210.0
2021-10-18,411.3324,414.9124,410.6324,414.5524,62213228.0
2021-10-19,416.2824,418.0724,415.6324,418.0024,46996827.0
2021-10-20,418.4924,420.0924,418.3724,419.7724,49571569.0
2021-10-21,419.1324,421.1924,418.6724,420.9524,41305438.0
2021-10-22,420.4924,422.0324,418.4124,420.4824,58845088.0
2021-10-25,421.6424,423.2624,419.7524,422.9124,45214507.0
2021-10-26,424.5624,425.8524,422.9224,423.3224,56075116.0
2021-10-27,423.8124,424.5224,421.2224,421.3024,72437997.0
2021-10-28,422.8224,425.7624,422.8124,425.6824,51437944.0
2021-10-29,423.2324,426.9224,422.9224,426.6124,70162424.0
2021-11-01,427.6624,428.0624,425.5624,427.4024,48433642.0
2021-11-02,427.5824,429.5924,427.4424,429.2624,48908417.0
2021-11-03,428.6624,432.5124,428.1924,432.0824,52509825.0
2021-11-04,432.7224,434.3624,432.3524,434.2724,52847087.0
2021-11-05,436.6424,438.0124,434.2824,435.8924,66390563.0
2021-11-08,437.0624,437.5924,435.5624,436.2924,50405194.0
2021-11-09,436.6824,436.9324,433.2424,434.7424,51149147.0
2021-11-10,432.9424,434.7424,429.4024,430.9824,69429653.0
2021-11-11,432.5724,432.6524,431.1124,431.1324,34848495.0
2021-11-12,432.4824,435.2224,431.4724,434.6324,53466654.0
2021-11-15,436.0024,436.1724,433.5924,434.7924,46980500.0
2021-11-16,434.5124,437.8524,434.4324,436.6424,48857502.0
2021-11-17,436.3624,436.5524,434.8424,435.5024,47858289.0
2021-11-18,436.6024,437.3724,433.7024,437.0924,50625607.0
2021-11-19,436.9724,438.3024,435.8624,436.2524,57315573.0
2021-11-22,438.2524,440.9024,434.7124,434.9324,72761954.0
2021-11-23,434.5824,436.4624,431.8124,435.5524,73206538.0
2021-11-24,433.4224,436.9324,432.5524,436.8024,61858813.0
2021-11-26,429.7024,431.2624,425.1324,426.3324,112669636.0
2021-11-29,431.4324,433.9224,429.0924,431.9624,86268818.0
2021-11-30,429.3624,431.3924,422.6624,422.9224,148559598.0
2021-12-01,429.0024,432.0324,417.6524,417.8624,132485835.0
2021-12-02,418.0924,426.4324,417.6724,424.7624,127637758.0
2021-12-03,426.5324,427.6624,416.2824,420.7824,137331647.0
2021-12-06,423.4924,428.1524,420.9224,426.1524,98977532.0
2021-12-07,431.7724,436.2424,426.0124,435.6424,95484688.0
2021-12-08,436.0624,437.3624,434.1924,436.8824,72238777.0
2021-12-09,435.5124,436.9924,433.5024,433.7124,61272568.0
2021-12-10,436.5924,438.2624,433.8724,438.1024,77159757.0
2021-12-13,437.5524,437.9224,433.6324,433.9324,87724680.0
2021-12-14,430.4524,433.1024,427.6124,430.7224,97264128.0
2021-12-15,430.7824,438.2224,428.1024,437.9624,116899251.0
2021-12-16,439.9324,440.2324,432.1624,433.8124,116568626.0
2021-12-17,430.5488,433.7388,427.0588,428.8688,135636510.0
2021-12-20,423.4788,424.3988,420.1388,423.9788,107134822.0
2021-12-21,427.6088,432.2088,425.3088,432.0588,69806260.0
2021-12-22,431.7888,436.8088,431.5788,436.6888,58890223.0
2021-12-23,437.7488,441.1888,437.6388,439.5988,56439745.0
2021-12-27,441.0588,446.3088,441.0088,446.2588,56808619.0
2021-12-28,446.7188,447.8088,445.0588,445.8688,47274585.0
2021-12-29,445.9788,447.5588,444.9188,446.4788,54502964.0
2021-12-30,446.9288,447.9988,444.6688,445.1588,55329041.0
2021-12-31,444.6388,445.8588,443.6688,443.9588,65237431.0
2022-01-03,445.2988,446.8488,442.8488,446.7088,72668233.0
2022-01-04,448.2188,448.9788,444.5788,446.5488,71178678.0
2022-01-05,446.1588,446.9788,437.2788,437.3788,104538940.0
2022-01-06,436.8888,439.8188,434.4288,436.9388,86858900.0
2022-01-07,436.9488,438.1988,433.6488,435.0888,85111593.0
2022-01-10,431.6988,434.7388,425.5988,434.5088,119361989.0
2022-01-11,434.2288,438.8488,431.0488,438.7488,74303062.0
2022-01-12,440.5888,442.1988,437.9388,440.0188,67605444.0
2022-01-13,441.1888,441.8788,432.4388,433.5288,91173121.0
2022-01-14,430.1888,434.0888,428.8988,433.7188,95890948.0
2022-01-18,428.7388,428.9588,424.3088,425.4888,109872376.0
2022-01-19,427.1288,428.6088,420.4588,420.7488,109357569.0
2022-01-20,422.7488,427.7388,413.4988,415.7488,122379696.0
2022-01-21,414.5588,417.0588,406.9488,406.9788,202271241.0
2022-01-24,401.0288,409.3788,389.7588,408.8388,252496719.0
2022-01-25,402.0588,408.7188,396.1488,403.4688,167997325.0
2022-01-26,409.7188,413.0388,397.8588,402.3788,186391088.0
2022-01-27,407.2588,410.5888,398.4488,400.2388,149878307.0
2022-01-28,401.6788,410.9988,396.8188,410.9488,164457370.0
2022-01-31,410.2388,419.2788,408.8088,418.9088,152251425.0
2022-02-01,419.6788,422.6288,415.9388,421.9488,123155382.0
2022-02-02,424.4988,427.1188,422.0488,426.3488,117360953.0
2022-02-03,419.9488,421.9688,414.7088,415.5988,118024442.0
2022-02-04,415.3488,421.7788,412.8288,417.6988,118454352.0
2022-02-07,418.5088,419.9888,414.8488,416.2588,84472859.0
2022-02-08,415.7288,420.9188,414.2188,419.9388,81012036.0
2022-02-09,424.2188,426.8788,424.0088,426.5388,92589929.0
2022-02-10,420.3388,426.7088,416.1988,418.3188,140103712.0
2022-02-11,418.4088,420.6088,407.9388,409.4588,153214597.0
2022-02-14,408.9188,410.5988,404.3388,408.0188,123006262.0
2022-02-15,412.7288,415.2788,412.1788,415.0988,88659503.0
2022-02-16,412.9288,417.0588,410.9388,415.5988,84863585.0
2022-02-17,412.2188,415.5688,405.4188,406.0588,102259108.0
2022-02-18,406.3288,407.6588,400.8188,403.2288,132642896.0
2022-02-22,400.8888,404.4988,394.8588,398.5688,124391830.0
2022-02-23,401.6588,402.2588,390.3488,390.9488,132578005.0
2022-02-24,380.0188,397.7588,379.6388,397.2988,213942946.0
2022-02-25,398.6088,406.8388,396.8588,406.7488,121804459.0
2022-02-28,401.0288,407.1988,399.6988,405.6288,145615029.0
2022-03-01,404.0388,406.1688,396.1088,398.9788,137785908.0
2022-03-02,401.3688,408.7188,400.5688,406.8888,117726525.0
2022-03-03,409.4688,410.1088,402.7988,404.7088,105501715.0
2022-03-04,400.7488,402.3688,396.8788,401.1688,114083256.0
2022-03-07,400.5488,401.2988,388.3588,388.4288,137896560.0
2022-03-08,388.6188,396.2088,384.1188,385.2488,164772744.0
2022-03-09,394.1388,398.5088,391.8188,396.4088,116990765.0
2022-03-10,391.5188,395.4288,389.4388,394.4788,93972655.0
2022-03-11,397.1188,397.7688,388.5288,389.0688,95636277.0
2022-03-14,389.8888,393.5488,384.7888,385.9988,95729188.0
2022-03-15,388.7688,395.8388,387.4188,395.1688,106219117.0
2022-03-16,398.8888,404.6788,393.7988,404.6188,144954805.0
2022-03-17,402.5888,410.0688,402.1888,410.0688,102676870.0
2022-03-18,408.3648,415.2248,407.5848,414.8848,106345544.0
2022-03-21,414.7048,416.8248,411.0448,414.7548,88349763.0
2022-03-22,416.2248,420.9448,416.2248,419.9548,74650394.0
2022-03-23,417.2748,418.8548,414.0748,414.1648,79426098.0
2022-03-24,416.3048,420.8648,415.1248,420.8548,64736892.0
2022-03-25,421.5248,423.3448,418.7948,423.0548,77101324.0
2022-03-28,422.4248,426.2748,420.4248,426.2748,68529767.0
2022-03-29,430.3848,432.4348,427.5448,431.9148,86581542.0
2022-03-30,430.7048,431.5648,426.8348,429.0648,79666942.0
2022-03-31,428.2548,429.1248,421.5248,422.0048,121699948.0
2022-04-01,423.6748,423.8248,419.5048,423.2848,89048773.0
2022-04-04,423.4948,427.2748,422.6248,427.1648,59601000.0
2022-04-05,425.5848,428.1948,420.1848,421.3948,74214501.0
2022-04-06,417.2548,419.2948,413.8348,416.8848,106897970.0
2022-04-07,415.9548,421.0548,413.8948,419.1348,78097214.0
2022-04-08,418.3348,420.9948,416.3048,417.9348,79272711.0
2022-04-11,414.4748,415.3648,409.7548,410.2848,89770538.0
2022-04-12,413.4448,416.1148,407.0148,408.6548,84363635.0
2022-04-13,408.3948,414.4748,408.2048,413.6748,74070394.0
2022-04-14,413.9148,415.0948,408.0448,408.1548,97869451.0
2022-04-18,407.1748,410.1148,405.9748,408.3348,66002498.0
2022-04-19,408.2248,416.1648,408.0448,415.4048,77821013.0
2022-04-20,417.2848,417.9348,413.8448,415.0748,65224449.0
2022-04-21,418.9048,420.3748,407.4648,408.4248,85417327.0
2022-04-22,407.2748,408.4448,395.8048,396.4048,132471772.0
2022-04-25,394.0348,399.0548,389.2048,398.8748,119647748.0
2022-04-26,396.1948,396.4048,386.4348,386.4648,103996312.0
2022-04-27,387.6048,393.2848,385.3748,387.6348,122029990.0
2022-04-28,392.6548,400.0048,387.9648,398.1748,105449088.0
2022-04-29,393.9548,396.2348,381.5748,382.3648,145491088.0
2022-05-02,382.4348,386.2848,375.3848,384.8448,158312526.0
2022-05-03,385.3748,389.2948,383.7248,386.7448,100028190.0
2022-05-04,387.4448,400.0248,384.0748,399.4248,144247895.0
2022-05-05,394.9148,395.3648,379.8048,384.1748,172929106.0
2022-05-06,381.4648,385.1648,376.0948,381.7048,151770811.0
2022-05-09,375.4648,376.7748,366.8648,368.5348,155586067.0
2022-05-10,374.8548,376.4448,365.1848,369.4548,132497200.0
2022-05-11,368.4348,374.4048,362.3248,363.1148,142360992.0
2022-05-12,359.7348,366.1648,355.5148,362.7048,125090753.0
2022-05-13,367.0748,373.5448,365.9748,372.0848,104174421.0
2022-05-16,370.3448,374.3348,367.9648,370.4548,78622444.0
2022-05-17,376.8948,378.9348,372.9448,378.6848,83029710.0
2022-05-18,373.8648,374.1648,360.9148,362.2248,117674545.0
2022-05-19,358.9848,364.5048,357.4748,359.8248,98510715.0
2022-05-20,363.6148,367.3948,350.9048,359.9948,131432197.0
2022-05-23,363.1948,368.0948,360.7448,367.2848,76414878.0
2022-05-24,362.9248,365.5148,357.3248,364.2548,91448831.0
2022-05-25,362.6748,369.8148,362.2548,367.7348,91472866.0
2022-05-26,369.0348,377.4048,368.8148,375.6748,82168339.0
2022-05-27,378.2748,385.7448,378.0648,385.6248,84768710.0
2022-05-31,383.9148,386.8248,380.3948,383.2948,95936980.0
2022-06-01,385.5348,386.6048,377.2948,379.9548,86585813.0
2022-06-02,379.7848,387.8048,377.4048,387.7548,79609633.0
2022-06-03,382.7648,384.4048,379.8748,380.9048,71874281.0
2022-06-06,385.1448,386.9748,380.9148,382.1548,57508858.0
2022-06-07,378.4648,386.5848,377.9748,386.1048,59272373.0
2022-06-08,384.2948,386.1848,380.7448,381.5848,64349966.0
2022-06-09,379.7048,382.1048,371.8048,371.8048,86289796.0
2022-06-10,365.2448,366.1448,360.1148,360.1648,132893864.0
2022-06-13,350.2148,352.1748,343.6648,345.3648,170004861.0
2022-06-14,347.2148,348.3048,340.9548,344.2348,104011831.0
2022-06-15,347.7248,354.2648,342.4848,349.5648,125666797.0
2022-06-16,340.8748,341.3048,334.4448,337.0148,134473288.0
2022-06-17,337.4517,341.3217,334.1117,337.8017,111113904.0
2022-06-21,343.8317,348.4717,343.7517,347.0117,76811861.0
2022-06-22,342.5617,350.6617,342.1217,346.3317,90059424.0
2022-06-23,348.5817,350.7717,344.8317,350.0017,79292135.0
2022-06-24,353.3417,362.0317,353.3117,362.0217,98050333.0
2022-06-27,362.9917,363.3017,359.3817,360.5317,66009617.0
2022-06-28,362.1717,365.1017,352.4717,352.5917,86689824.0
2022-06-29,353.1717,354.2117,350.3617,352.2817,65675999.0
2022-06-30,348.1817,352.6017,344.5017,349.1917,112508273.0
2022-07-01,348.5017,353.6417,345.7417,353.1817,74839729.0
2022-07-05,347.8217,353.9217,344.8417,353.9017,81437965.0
2022-07-06,354.0517,357.8117,351.5417,355.1917,70426244.0
2022-07-07,357.0617,361.7717,355.2117,360.9317,64525919.0
2022-07-08,359.2117,362.5817,357.6017,360.6117,72397765.0
2022-07-11,357.7917,358.8117,355.4417,356.1717,58366945.0
2022-07-12,355.5917,358.1017,350.9317,352.7717,62219178.0
2022-07-13,347.0417,353.8617,346.6017,350.7717,84224649.0
2022-07-14,345.5517,350.9917,342.9817,349.8517,89704819.0
2022-07-15,354.4917,357.1917,352.4817,357.0717,79060383.0
2022-07-18,360.3217,361.0317,352.6017,353.8917,63203626.0
2022-07-19,358.0217,364.8117,357.3317,364.2117,78505972.0
2022-07-20,364.4117,368.2017,362.9717,366.7117,71843769.0
2022-07-21,366.1017,370.7817,363.5717,370.7317,64903856.0
2022-07-22,370.8617,372.1217,364.6917,367.0317,72197332.0
2022-07-25,367.6917,368.4117,365.1517,367.5117,53631485.0
2022-07-26,365.7817,366.0017,361.8917,362.8317,52946393.0
2022-07-27,366.3017,374.8217,365.9917,372.9817,82342106.0
2022-07-28,373.8317,378.7417,370.0917,378.0117,73966563.0
2022-07-29,379.5217,384.9717,378.7117,383.9317,87003672.0
2022-08-01,381.0917,385.3517,380.3417,382.7117,69997471.0
2022-08-02,381.0617,384.9417,378.7617,380.0017,63435418.0
2022-08-03,382.2417,387.6217,381.9417,386.3917,67820555.0
2022-08-04,386.3117,387.0317,384.3817,386.1117,45656574.0
2022-08-05,381.6017,386.0917,381.5417,385.4117,56814929.0
2022-08-08,387.1917,389.5617,383.7717,384.9317,54025965.0
2022-08-09,384.1617,384.6917,382.1617,383.2917,44931772.0
2022-08-10,390.7217,392.0817,388.6617,391.9317,68665712.0
2022-08-11,394.9317,396.8917,391.1517,391.9317,59489704.0
2022-08-12,393.9717,399.1517,392.9717,399.0417,61694542.0
2022-08-15,396.7117,401.3517,396.6517,400.8017,54048280.0
2022-08-16,399.6717,403.6717,398.8217,401.6417,59289039.0
2022-08-17,397.8517,401.4417,396.4817,398.5917,63563394.0
2022-08-18,398.8017,400.5517,397.4417,399.8317,49023206.0
2022-08-19,396.9217,397.2017,393.1617,394.0817,68016902.0
2022-08-22,388.9917,389.1717,384.3417,385.2917,77695640.0
2022-08-23,384.8417,387.3617,383.7117,384.2917,49105249.0
2022-08-24,384.0517,387.0517,383.3317,385.6117,49177804.0
2022-08-25,387.1817,391.5017,386.0317,391.4517,50942252.0
2022-08-26,391.3317,391.9017,377.1917,377.2517,103086976.0
2022-08-29,374.1417,377.7817,373.1417,374.5717,65370810.0
2022-08-30,375.7917,376.0417,367.9417,370.1517,85652443.0
2022-08-31,371.8717,373.1817,366.9817,367.1217,76029671.0
2022-09-01,364.8317,368.7217,361.9817,368.3617,78740084.0
2022-09-02,372.2217,373.5017,362.2717,364.1817,99632149.0
2022-09-06,365.0717,366.0617,360.3617,362.7017,76637400.0
2022-09-07,362.3717,370.5317,362.1417,369.7217,70964232.0
2022-09-08,367.3317,372.8017,366.0617,372.3217,80821681.0
2022-09-09,374.6817,379.4517,374.4017,378.5417,76706918.0
2022-09-12,380.7217,383.6717,380.4017,382.9117,69256262.0
2022-09-13,373.7717,375.0417,363.8617,365.0417,122947081.0
2022-09-14,366.4117,368.1417,363.0617,366.5417,85023747.0
2022-09-15,364.9017,367.9017,360.7217,362.0617,87633840.0
2022-09-16,357.6781,359.7881,355.6481,359.0981,103084819.0
2022-09-19,355.7981,362.0881,355.7181,362.0881,73278490.0
2022-09-20,358.5981,359.6581,354.7381,357.6281,77274882.0
2022-09-21,359.6481,362.8481,350.9181,350.9281,106746554.0
2022-09-22,350.1181,351.8381,346.9781,347.7581,89472641.0
2022-09-23,344.1181,344.1581,336.8281,341.4881,122346933.0
2022-09-26,339.9481,343.7481,336.5681,337.8481,92581244.0
2022-09-27,341.5581,343.9381,334.4081,336.9181,108294074.0
2022-09-28,337.9181,345.8381,336.1381,344.0681,110802217.0
2022-09-29,340.3481,340.6481,333.2381,336.3281,112952315.0
2022-09-30,335.3381,339.4481,330.5781,330.7181,153711243.0
2022-10-03,334.6181,342.0881,332.7481,340.1481,89756479.0
2022-10-04,345.9381,351.5381,340.1081,351.5081,103602775.0
2022-10-05,346.9281,352.9981,344.4881,350.6281,88065669.0
2022-10-06,349.1581,352.2581,346.2181,346.7381,82333543.0
2022-10-07,342.5081,346.8281,334.4781,336.3281,107789498.0
2022-10-10,337.4981,337.7481,331.2081,333.5581,76042765.0
2022-10-11,331.7781,336.5681,329.2481,331.2781,92482785.0
2022-10-12,331.7081,333.3581,329.8381,330.0981,76991799.0
2022-10-13,322.7481,341.0481,321.6481,339.5081,147254518.0
2022-10-14,342.0881,343.7981,330.4981,331.1681,123737013.0
2022-10-17,337.5481,341.5181,330.8181,340.3581,93168231.0
2022-10-18,348.6681,348.9881,341.0581,344.6681,97162850.0
2022-10-19,342.5281,345.3881,339.0881,342.0381,79746863.0
2022-10-20,341.5681,346.2081,338.1481,338.9481,88283087.0
2022-10-21,338.6581,348.3381,337.0781,347.8281,131038379.0
2022-10-24,349.4281,353.5981,346.6481,352.4081,85436907.0
2022-10-25,352.3281,358.7881,352.2081,358.4581,78846348.0
2022-10-26,355.1581,361.1181,354.8881,355.5581,104087348.0
2022-10-27,356.6081,358.5381,352.8681,353.5181,81971756.0
2022-10-28,353.4081,363.0581,353.2181,362.5581,100301958.0
2022-10-31,359.9781,361.9381,358.7981,359.7481,96631258.0
2022-11-01,363.6781,363.9281,356.8281,358.0581,85407598.0
2022-11-02,357.4381,362.1681,348.2981,348.4081,126990356.0
2022-11-03,345.0081,347.7381,342.3281,344.5481,87100115.0
2022-11-04,350.5381,352.4081,343.5381,349.8881,103505182.0
2022-11-07,351.2481,354.1081,349.0681,353.4881,68286947.0
2022-11-08,354.6481,358.6581,351.2581,355.5381,84641062.0
2022-11-09,353.4681,354.6781,347.1481,347.6681,78495470.0
2022-11-10,361.5881,368.5781,359.1781,368.2281,141455847.0
2022-11-11,369.1281,372.8881,367.1481,372.0481,93839872.0
2022-11-14,370.1981,373.7181,368.3681,368.6581,71893165.0
2022-11-15,374.6881,375.8481,368.0281,372.0281,93194452.0
2022-11-16,370.3181,371.3181,368.3281,368.9881,68508454.0
2022-11-17,363.9981,368.4881,363.6781,367.7781,74496255.0
2022-11-18,371.2781,371.3481,366.5781,369.5681,92922451.0
2022-11-21,368.1781,369.3581,366.1981,368.1281,51243189.0
2022-11-22,370.1681,373.6081,368.6881,373.4381,60429025.0
2022-11-23,373.0881,376.4681,372.8481,375.9581,68261628.0
2022-11-25,375.3681,376.4481,375.0781,375.8681,30545434.0
2022-11-28,372.6281,374.3481,368.6481,369.4481,68021749.0
2022-11-29,369.5881,370.8381,366.8381,368.7681,52310039.0
2022-11-30,369.0281,381.2181,367.0181,381.2181,144566653.0
2022-12-01,382.3081,383.5381,378.2881,380.9181,76398170.0
2022-12-02,375.7881,381.3981,375.6781,380.4481,85342731.0
2022-12-05,377.4881,378.4681,371.7081,373.1281,77289815.0
2022-12-06,372.9581,373.5281,365.1781,367.3681,77972217.0
2022-12-07,366.4781,369.1781,365.5081,366.6981,65927896.0
2022-12-08,368.6781,370.8981,366.8081,369.7781,60737912.0
2022-12-09,368.4781,371.1581,366.6881,366.8181,81447733.0
2022-12-12,367.6481,372.4881,366.9481,372.4881,75405835.0
2022-12-13,383.7581,384.0281,372.6081,375.5081,123782534.0
2022-12-14,375.1481,379.0381,369.8481,372.9381,108111349.0
2022-12-15,367.8381,368.7881,361.4281,363.1681,117705889.0
2022-12-16,360.4995,361.8995,356.3595,358.5895,119857952.0
2022-12-19,358.7895,359.1395,353.5995,355.3395,79878103.0
2022-12-20,354.5495,357.5495,353.1695,355.8595,74427240.0
2022-12-21,358.5695,362.7295,358.0095,361.5495,78167369.0
2022-12-22,358.3695,361.5295,350.0895,356.0395,100120855.0
2022-12-23,354.9695,358.3795,353.3495,358.2295,59857329.0
2022-12-27,358.1095,358.4695,354.9695,356.7195,51638180.0
2022-12-28,356.6495,358.7095,351.7395,351.9795,70911520.0
2022-12-29,354.9495,359.6695,354.3995,358.7595,66970877.0
2022-12-30,355.9595,357.8995,353.7495,357.7495,84022205.0
2023-01-03,359.6895,361.7495,353.1495,356.1395,74850731.0
2023-01-04,358.4995,361.1995,355.3195,359.0795,85934098.0
2023-01-05,357.0395,357.1595,354.0795,354.6995,76970456.0
2023-01-06,357.9295,364.5695,354.7295,363.3995,104189603.0
2023-01-09,365.6895,369.0195,362.9895,363.1795,73978071.0
2023-01-10,362.5695,365.9695,361.5895,365.8995,65358094.0
2023-01-11,367.5495,370.9195,366.6995,370.8395,68881080.0
2023-01-12,371.9895,373.8095,367.7395,372.2795,90157699.0
2023-01-13,368.9395,374.4195,368.6595,373.8195,63903932.0
2023-01-17,373.7995,375.5495,372.3795,373.0895,62677281.0
2023-01-18,374.3295,375.4395,366.5995,366.8095,99632262.0
2023-01-19,364.6795,366.3995,362.5795,363.9595,86958919.0
2023-01-20,365.4195,371.3595,363.6995,371.1995,91806356.0
2023-01-23,372.0395,377.9695,371.0395,375.9495,84178797.0
2023-01-24,374.1995,376.4695,372.9595,375.5195,59524911.0
2023-01-25,371.2695,376.0195,368.8795,375.6695,84800251.0
2023-01-26,378.4495,380.2395,375.3495,380.0695,72287425.0
2023-01-27,378.9795,383.4795,378.7595,380.9995,68346180.0
2023-01-30,378.1195,380.4495,375.5995,375.9095,74202018.0
2023-01-31,376.4495,381.8495,376.0895,381.7995,86811786.0
2023-02-01,380.5295,388.9895,377.6695,386.1195,101459155.0
2023-02-02,390.1795,393.6295,388.1995,392.0995,101654463.0
2023-02-03,386.9095,392.2895,386.4095,387.6695,94736781.0
2023-02-06,385.1095,386.6095,383.4195,385.1495,60295325.0
2023-02-07,384.1895,391.8095,382.8895,390.5095,90990745.0
2023-02-08,388.4495,389.8495,385.2495,385.9695,76227462.0
2023-02-09,389.7295,389.8895,381.1295,382.4095,78694859.0
2023-02-10,381.1795,383.7595,380.3295,383.3595,70769715.0
2023-02-13,384.0395,388.2895,383.5595,388.1495,64913539.0
2023-02-14,386.5595,390.3695,383.8295,387.9595,88389313.0
2023-02-15,385.6695,389.3795,384.7895,389.2995,61685279.0
2023-02-16,384.1095,388.2295,383.4595,383.5995,76431469.0
2023-02-17,381.3795,382.8295,379.3695,382.5795,89257815.0
2023-02-21,378.3795,379.4795,374.1395,374.4095,82655924.0
2023-02-22,374.8395,376.4495,372.3395,373.8595,83742293.0
2023-02-23,376.8795,377.5195,371.5695,375.9795,96242399.0
2023-02-24,370.7395,372.5695,368.9595,371.6995,108194413.0
2023-02-27,375.1895,376.6095,372.0695,373.0495,80444736.0
2023-02-28,372.5495,374.5995,371.4695,371.5795,96438567.0
2023-03-01,370.7295,372.0095,368.6995,370.0595,99706823.0
2023-03-02,367.9995,374.0095,367.6495,373.1295,85404726.0
2023-03-03,375.0295,379.7695,374.3495,379.5095,90119952.0
2023-03-06,380.3695,382.7695,379.3295,379.7895,72795946.0
2023-03-07,379.7395,379.9895,372.9495,373.5895,108310596.0
2023-03-08,373.7095,375.0295,371.9095,374.2395,74746632.0
2023-03-09,375.0595,376.7995,365.8495,366.8795,111945322.0
2023-03-10,366.3095,368.4795,359.6395,361.2295,189252996.0
2023-03-13,357.1295,365.7095,355.9695,360.6795,157789967.0
2023-03-14,365.8195,368.7695,362.3695,367.0495,149752357.0
2023-03-15,361.2095,364.8095,359.0295,364.5995,172996933.0
2023-03-16,362.1395,371.7895,361.6095,371.4295,143753940.0
2023-03-17,370.0457,371.2257,365.3757,366.8157,140553411.0
2023-03-20,367.6257,370.9957,366.8957,370.5657,93055783.0
2023-03-21,374.0657,376.2357,372.4057,375.7357,91524248.0
2023-03-22,375.5557,379.3157,368.8957,368.9357,111746583.0
2023-03-23,371.9157,376.1157,367.1757,369.9957,119351319.0
2023-03-24,368.6657,372.6657,366.2257,372.5757,107770124.0
2023-03-27,374.9457,375.7457,372.3857,373.3157,74010408.0
2023-03-28,372.5957,373.3157,370.5157,372.4257,62871680.0
2023-03-29,376.7557,378.4257,375.5057,378.1757,77497876.0
2023-03-30,380.9157,381.1757,378.5857,380.5257,69840049.0
2023-03-31,381.4857,386.5257,381.3757,386.2157,112062624.0
2023-04-03,385.6757,388.1957,385.2657,387.7757,67391097.0
2023-04-04,388.4457,388.7457,384.0657,385.4957,66601534.0
2023-04-05,384.7357,385.5257,382.7057,384.4257,65200243.0
2023-04-06,383.5957,386.3057,382.5057,386.0157,63743345.0
2023-04-10,383.4357,386.5157,382.7957,386.4357,63681042.0
2023-04-11,387.0857,388.0057,385.7457,386.5457,59297945.0
2023-04-12,388.6957,388.9957,384.2657,384.8757,86420379.0
2023-04-13,386.0057,390.6657,384.8157,390.2957,85814754.0
2023-04-14,389.6357,391.9157,386.8857,389.2857,78161500.0
2023-04-17,389.1957,390.7857,387.9157,390.7657,66436399.0
2023-04-18,392.4057,392.5457,389.6057,391.0357,63559997.0
2023-04-19,389.0457,391.9057,388.9857,390.9657,55227330.0
2023-04-20,388.0357,390.5257,387.0957,388.7057,75840359.0
2023-04-21,389.0157,389.5057,386.9957,389.0257,73457422.0
2023-04-24,388.8157,389.8957,387.4257,389.4557,64332095.0
2023-04-25,387.4057,387.9857,382.8457,382.9057,97766721.0
2023-04-26,383.5457,384.6657,380.6057,381.1857,80447049.0
2023-04-27,383.8257,389.5157,383.5657,389.2357,92968369.0
2023-04-28,388.3157,392.7657,388.2557,392.7557,89433137.0
2023-05-01,392.2957,394.4457,392.0957,392.3357,62122254.0
2023-05-02,391.5957,391.6457,384.6457,387.6657,103998484.0
2023-05-03,388.1857,390.6957,384.5957,384.8457,91531769.0
2023-05-04,383.7557,384.0957,380.5657,381.9557,94901863.0
2023-05-05,385.7357,390.5457,385.4657,389.4557,87891791.0
2023-05-08,389.7957,390.0657,388.1057,389.5657,50046768.0
2023-05-09,387.9557,388.9157,387.5157,387.7557,49220119.0
2023-05-10,390.7057,391.3657,385.6957,389.6757,96142922.0
2023-05-11,388.7757,389.2557,386.7957,388.9557,70157064.0
2023-05-12,390.2457,390.4657,385.8957,388.4157,70481548.0
2023-05-15,389.0457,390.2557,387.0557,389.8357,54289383.0
2023-05-16,388.6857,389.6457,387.0657,387.0757,57705495.0
2023-05-17,389.1757,392.6857,387.4657,392.0557,87286957.0
2023-05-18,391.7257,396.4957,391.4957,396.0557,97177195.0
2023-05-19,396.9957,397.5457,394.1757,395.4457,103793317.0
2023-05-22,395.4657,397.2157,394.1757,395.6157,60745399.0
2023-05-23,393.9057,395.5457,390.5057,390.9157,86383493.0
2023-05-24,389.2457,389.6457,386.7057,387.9157,89213678.0
2023-05-25,391.5657,392.9857,389.2357,391.4757,90961606.0
2023-05-26,392.1557,397.5957,392.0757,396.8457,93829975.0
2023-05-30,398.8557,399.4057,395.5657,397.0057,72215960.0
2023-05-31,395.1057,396.0457,393.0457,394.6757,110811780.0
2023-06-01,394.9157,399.7457,393.6157,398.6457,88865018.0
2023-06-02,401.3257,405.5657,400.7757,404.7457,91426171.0
2023-06-05,405.1057,406.4457,403.1957,403.9257,65460158.0
2023-06-06,403.4957,405.4057,402.8157,404.8557,64022175.0
2023-06-07,405.2657,406.4457,402.9357,403.3757,85373275.0
2023-06-08,403.4457,406.4257,402.6457,405.9557,61952842.0
2023-06-09,406.7857,408.8157,405.6957,406.7257,85647268.0
2023-06-12,407.7457,410.7057,406.9957,410.6257,76256703.0
2023-06-13,412.1457,414.1557,411.4557,413.4857,95899704.0
2023-06-14,413.8357,415.8857,410.4157,414.0057,100612080.0
2023-06-15,413.1557,420.7257,413.0557,419.4257,110303091.0
2023-06-16,421.4841,422.0741,417.4341,417.9241,114165849.0
2023-06-20,415.9141,416.8341,413.4941,415.6441,76160359.0
2023-06-21,414.6241,415.4541,412.7941,413.4041,76982251.0
2023-06-22,412.4141,415.0841,412.0641,414.9741,70637175.0
2023-06-23,411.3941,413.5241,410.9341,411.6741,92074537.0
2023-06-26,411.0841,413.0741,409.6541,409.9041,72823560.0
2023-06-27,410.8141,415.2741,410.3441,414.6341,72813699.0
2023-06-28,413.5141,415.9041,412.8741,414.8541,75635976.0
2023-06-29,414.4241,416.7441,414.0041,416.5741,67882304.0
2023-06-30,419.9041,422.7641,419.5741,421.7441,104964019.0
2023-07-03,421.3841,422.5441,421.0941,422.2541,32793378.0
2023-07-05,420.3741,422.3541,420.3641,421.5941,58418432.0
2023-07-06,417.8841,418.5641,415.5241,418.1241,80658302.0
2023-07-07,417.0941,421.1041,416.7641,417.0141,86134178.0
2023-07-10,416.6441,418.3041,416.0541,418.1241,62443501.0
2023-07-11,418.9141,421.4341,417.9041,420.9241,64463752.0
2023-07-12,424.8541,425.9441,423.3741,424.4841,91924527.0
2023-07-13,426.3641,428.8441,425.9141,428.0241,72425241.0
2023-07-14,428.9441,429.8241,426.9541,427.7441,69815823.0
2023-07-17,427.5941,430.3941,427.5441,429.3041,52680221.0
2023-07-18,428.9641,433.3241,428.5141,432.6541,80744448.0
2023-07-19,433.4741,434.8941,432.5741,433.6641,65891688.0
2023-07-20,432.6341,433.5641,429.9041,430.6441,70591642.0
2023-07-21,432.4241,432.6341,430.6341,430.6441,71275618.0
2023-07-24,431.8341,433.5041,430.7641,432.6641,54023382.0
2023-07-25,432.3841,435.2041,432.3341,433.9041,55191240.0
2023-07-26,432.9341,435.4541,431.8441,433.9741,71052885.0
2023-07-27,437.4841,437.9041,430.0141,430.9541,92194375.0
2023-07-28,434.3441,436.2441,430.9541,435.3841,80011790.0
2023-07-31,435.8741,436.6241,434.5141,436.2541,62040449.0
2023-08-01,434.7341,435.7141,433.9541,434.9441,55502199.0
2023-08-02,431.7141,431.9841,427.8141,428.5941,93933369.0
2023-08-03,426.5041,429.2541,425.8341,427.3041,64419692.0
2023-08-04,429.1841,431.3641,424.7341,425.2741,100128902.0
2023-08-07,427.1741,429.3341,426.4541,429.1741,58357464.0
2023-08-08,426.5441,429.1641,423.7341,427.2141,71361324.0
2023-08-09,427.4941,427.6641,423.4241,424.2141,78789575.0
2023-08-10,426.6541,430.1641,423.1641,424.3741,93005495.0
2023-08-11,422.4341,425.1641,421.8141,424.1141,68690902.0
2023-08-14,423.1641,426.5741,422.8441,426.5741,47867441.0
2023-08-15,424.7341,425.1041,420.7641,421.3541,75707534.0
2023-08-16,420.9241,422.6441,417.9941,418.1041,80107206.0
2023-08-17,419.6241,419.8941,414.2141,414.7541,95711315.0
2023-08-18,411.8341,416.0341,411.4741,414.9641,98851960.0
2023-08-21,416.0141,418.5741,413.7841,417.8041,68718957.0
2023-08-22,419.6441,419.6441,416.0341,416.6141,65062861.0
2023-08-23,417.7141,422.1341,417.5641,421.4941,68441021.0
2023-08-24,423.1541,423.6841,415.3241,415.3541,88517272.0
2023-08-25,417.1441,419.7641,413.4641,418.4341,102325103.0
2023-08-28,420.7041,421.8641,418.4341,421.2241,61595393.0
2023-08-29,421.1141,427.9141,420.9241,427.6241,83081916.0
2023-08-30,427.9741,430.1341,427.2441,429.4741,69053911.0
2023-08-31,430.1141,431.2941,428.6241,428.8141,66084563.0
2023-09-01,431.6341,432.1341,428.1441,429.6541,58944098.0
2023-09-05,429.1941,429.5241,427.6341,427.7041,55166210.0
2023-09-06,426.8641,426.9741,422.2741,424.6841,70758512.0
2023-09-07,421.5741,424.0141,421.2141,423.3141,70355426.0
2023-09-08,423.3641,425.5741,422.9941,423.9841,62068437.0
2023-09-11,426.7041,427.2341,424.9341,426.9141,60180118.0
2023-09-12,425.4141,426.9941,423.8541,424.4541,67565422.0
2023-09-13,424.6841,426.1741,423.5441,424.9741,60199272.0
2023-09-14,427.5341,429.5441,426.1841,428.8241,83430814.0
2023-09-15,427.1872,427.5272,422.9672,423.4172,111848859.0
2023-09-18,423.0972,425.0172,422.6072,423.6772,55752213.0
2023-09-19,422.7272,423.3372,419.9872,422.7572,66514648.0
2023-09-20,424.0572,424.4872,418.4772,418.6872,82562602.0
2023-09-21,415.7472,416.0172,411.2772,411.4372,104095826.0
2023-09-22,412.4972,414.1472,410.0372,410.4672,100829684.0
2023-09-25,409.2172,412.3172,408.7672,412.2772,70874534.0
2023-09-26,409.1372,409.8672,405.0672,405.9272,96168436.0
2023-09-27,407.1372,407.7172,402.3372,406.0972,104705847.0
2023-09-28,405.5272,410.2972,404.9172,408.5672,92258308.0
2023-09-29,411.7172,411.8972,405.9572,407.5272,115111319.0
2023-10-02,406.6672,408.6472,404.5072,407.3572,83798599.0
2023-10-03,405.1072,407.4172,400.2272,401.6372,103760607.0
2023-10-04,402.1172,405.4772,400.6072,404.7072,87452968.0
2023-10-05,404.4072,405.4172,401.2172,404.5472,70142744.0
2023-10-06,402.0172,411.1772,400.6472,409.5872,113273309.0
2023-10-09,407.6272,412.9272,407.0572,412.3372,80374362.0
2023-10-10,412.9872,417.2672,412.5772,414.5872,78607268.0
2023-10-11,415.6872,416.6272,413.2272,416.3672,62451736.0
2023-10-12,416.9972,417.3872,411.2772,413.7072,81154230.0
2023-10-13,415.2572,416.4972,409.9272,411.5472,95201132.0
2023-10-16,413.8672,417.1872,413.6172,416.0872,75433194.0
2023-10-17,412.8572,418.1872,412.4972,416.0672,75324708.0
2023-10-18,414.2372,415.2272,409.1372,410.2572,93559798.0
2023-10-19,410.9972,412.8672,405.7772,406.4772,121322957.0
2023-10-20,406.0272,406.5872,401.1272,401.2372,123919814.0
2023-10-23,399.6572,404.4972,397.8472,400.5072,92035095.0
2023-10-24,402.6972,404.8672,400.7872,403.6772,78564239.0
2023-10-25,401.9372,401.9672,397.0622,397.5972,94223198.0
2023-10-26,396.4972,397.3722,391.6472,392.5972,115156761.0
2023-10-27,394.2372,394.6472,389.2572,390.7272,107367081.0
2023-10-30,393.6072,396.7272,392.2672,395.6372,86562585.0
2023-10-31,396.2272,398.5772,394.2572,398.2472,79665150.0
2023-11-01,399.2472,403.5472,398.6971,402.7072,98067985.0
2023-11-02,406.6272,410.9622,406.6072,410.8072,94938909.0
2023-11-03,413.1872,416.3372,413.0572,414.7372,100167748.0
2023-11-06,415.5172,416.197,413.7272,415.7372,67831659.0
2023-11-07,415.7372,417.6322,414.5572,416.9772,64256038.0
2023-11-08,417.5972,418.1372,414.9172,417.2972,61745970.0
2023-11-09,418.4772,418.5172,413.4472,413.8872,83174302.0
2023-11-10,416.0272,420.9772,413.8807,420.6572,89557964.0
2023-11-13,419.2772,421.3772,418.4672,420.2372,52236068.0
2023-11-14,426.3672,430.1072,426.1372,428.7772,97176929.0
2023-11-15,430.1572,431.4272,428.8472,429.7272,77327516.0
2023-11-16,429.2672,430.6072,428.1672,430.2772,66665790.0
2023-11-17,430.2872,431.4672,429.3372,430.8372,83193420.0
2023-11-20,430.5772,435.1722,430.5672,434.3072,70055574.0
2023-11-21,433.2314,434.1782,432.0071,433.3172,49244631.0
2023-11-22,435.0272,436.4272,433.9367,435.0672,59446457.0
2023-11-24,435.1172,435.5472,434.7772,435.3072,25649322.0
2023-11-27,434.6972,435.5373,434.1271,434.5272,50505985.0
2023-11-28,434.1272,436.3172,433.5472,434.9772,62115011.0
2023-11-29,437.1972,438.3672,434.2472,434.6572,63145992.0
2023-11-30,435.5272,436.8072,433.3872,436.4472,79752445.0
2023-12-01,435.8172,439.6972,435.2072,439.1472,89183400.0
2023-12-04,435.6472,439.1678,434.3872,436.7372,72430887.0
2023-12-05,435.3072,437.6372,434.9172,436.6472,69793469.0
2023-12-06,438.8572,438.8872,434.3572,434.8072,69124550.0
2023-12-07,436.9572,438.9472,436.3372,438.2772,66995446.0
2023-12-08,437.5072,440.7922,437.2572,440.2472,83193947.0
2023-12-11,439.7372,442.2172,439.5172,442.0372,65002244.0
2023-12-12,441.6772,444.2472,440.6472,444.1472,68327617.0
2023-12-13,444.5372,450.8071,444.1672,450.5472,93277960.0
2023-12-14,452.5472,453.7772,449.2972,452.0572,119026023.0
2023-12-15,451.4433,452.6533,449.3796,451.2833,141553573.0
2023-12-18,452.9333,454.9333,451.8462,453.9233,70375047.0
2023-12-19,454.4833,456.8733,454.4033,456.7933,55761791.0
2023-12-20,455.9133,457.8483,449.7733,450.2133,102920959.0
2023-12-21,453.2833,454.9283,450.7933,454.6533,86667465.0
2023-12-22,455.8133,457.3333,453.6533,455.6033,67160332.0
2023-12-26,456.0233,458.5333,455.9433,457.6033,55386952.0
2023-12-27,457.3933,458.6133,456.8433,458.4633,68000311.0
2023-12-28,458.8333,459.5033,458.2133,458.6433,77158109.0
2023-12-29,458.4433,458.9833,455.2533,457.2633,122283086.0
2024-01-02,454.1133,455.6233,452.4433,454.6033,123007788.0
2024-01-03,452.3833,453.1433,450.1233,450.7433,103585865.0
2024-01-04,450.2533,452.9133,449.0033,449.2333,84232111.0
2024-01-05,449.4433,452.3933,448.3833,449.8733,86118879.0
2024-01-08,450.3833,456.7033,450.2533,456.5533,74879049.0
2024-01-09,453.8233,456.8833,453.3033,455.8333,65931439.0
2024-01-10,456.1133,459.4014,455.8233,458.5133,67310640.0
2024-01-11,459.5433,460.0733,454.2133,458.3033,77940658.0
2024-01-12,459.7933,460.5533,457.1833,458.6333,58026382.0
2024-01-16,457.2133,458.5631,455.0133,456.8833,85014870.0
2024-01-17,453.7733,454.7433,451.8233,454.2433,68843739.0
2024-01-18,455.9633,459.0133,454.3733,458.4433,91856248.0
2024-01-19,459.6033,464.6733,458.4907,464.3833,110834473.0
2024-01-22,465.9633,467.1733,464.7333,465.4033,75844830.0
2024-01-23,465.9633,467.0583,464.8433,466.8133,49945283.0
2024-01-24,469.7633,470.7233,466.8352,467.3433,81765029.0
2024-01-25,469.5283,470.2583,467.3433,469.9833,72524989.0
2024-01-26,469.5433,471.0733,468.4933,469.3633,76641554.0
2024-01-29,469.6833,473.3683,469.1233,473.2233,61322749.0
2024-01-30,472.5133,473.5733,472.0633,472.8433,58618384.0
2024-01-31,470.5733,471.0346,464.8133,464.8333,126011062.0
2024-02-01,466.5833,471.1833,465.7533,471.1533,91891635.0
2024-02-02,471.6033,478.0033,471.2533,476.3033,99228191.0
2024-02-05,475.6483,476.3311,472.1833,474.5033,75757102.0
2024-02-06,475.4733,476.2733,474.0033,475.9333,55918562.0
2024-02-07,478.2433,480.4833,477.3133,480.0533,70556506.0
2024-02-08,480.0533,480.6633,479.2133,480.2733,52343597.0
2024-02-09,480.7933,483.6033,480.4433,483.1533,63979375.0
2024-02-12,483.1233,485.4533,482.1933,482.9333,56502087.0
2024-02-13,476.4833,479.0433,472.6683,476.0333,113099199.0
2024-02-14,478.7433,481.0233,476.3533,480.5233,68387826.0
2024-02-15,481.2433,484.1533,480.7483,483.9633,61682960.0
2024-02-16,483.6533,484.8233,480.7033,481.4633,75532928.0
2024-02-20,479.6733,480.3633,476.4033,478.7133,71736740.0
2024-02-21,477.3733,479.3233,475.5133,479.1633,59603771.0
2024-02-22,485.9633,490.4433,484.9733,489.4533,76402535.0
2024-02-23,491.2233,492.0833,489.0533,489.8033,61321818.0
2024-02-26,490.2533,490.7033,487.8133,487.9433,50386676.0
2024-02-27,488.6533,489.1133,486.7033,488.8833,48854485.0
2024-02-28,487.2833,488.8083,486.9133,488.2133,56506599.0
2024-02-29,490.0233,491.6933,487.3033,490.0333,83924770.0
2024-03-01,490.9333,495.2433,490.5133,494.8033,76844765.0
2024-03-04,493.9833,496.1533,493.9533,494.2533,49799109.0
2024-03-05,492.1933,492.6533,486.8633,489.1333,72855623.0
2024-03-06,492.5033,494.0223,490.3733,491.7033,68382367.0
2024-03-07,495.0933,497.8433,491.7586,496.7633,58652085.0
2024-03-08,497.4133,500.1734,493.0833,493.6733,86532535.0
2024-03-11,492.4333,493.8333,490.4533,493.2333,62557167.0
2024-03-12,495.4033,499.3333,492.8133,498.7333,73114439.0
2024-03-13,499.0633,499.2433,496.4433,497.9233,55104062.0
2024-03-14,498.9233,499.0783,493.7733,496.9033,110171724.0
2024-03-15,493.7583,495.2483,491.6703,493.3783,107646263.0
2024-03-18,497.5483,499.0283,495.9883,496.4083,88893331.0
2024-03-19,495.6983,499.5433,494.6683,499.2583,60755236.0
2024-03-20,499.3183,504.1683,498.6283,504.0283,69594537.0
2024-03-21,506.9383,507.6583,505.4583,505.7483,60256042.0
2024-03-22,505.6583,506.1533,504.5183,504.7583,79070741.0
2024-03-25,503.3483,504.4983,503.1583,503.3183,48512108.0
2024-03-26,504.7783,505.1283,501.9483,502.3583,65463744.0
2024-03-27,505.2583,506.7583,503.0333,506.7183,82999777.0
2024-03-28,506.7583,508.1583,506.3283,506.6183,96294886.0
2024-04-01,507.3783,507.9283,504.5183,505.7083,62477540.0
2024-04-02,501.7883,502.5283,500.0283,502.3883,74230308.0
2024-04-03,501.2683,504.4983,501.2183,502.9583,59155759.0
2024-04-04,507.0683,507.4183,496.3083,496.6183,96858074.0
2024-04-05,498.0083,503.9883,497.5583,501.9783,74546483.0
2024-04-08,502.6983,503.7283,501.4383,502.2683,48401752.0
2024-04-09,504.0483,504.2983,497.8983,502.8683,68124385.0
2024-04-10,497.0283,499.7083,495.6383,497.6683,82652806.0
2024-04-11,499.2283,503.0283,495.6283,501.5483,70099007.0
2024-04-12,497.9183,499.3683,492.6283,494.3983,92561094.0
2024-04-15,498.6783,498.8483,487.1283,487.9983,92101447.0
2024-04-16,488.4883,490.0483,485.7583,487.0783,73484020.0
2024-04-17,489.5983,489.7683,482.6683,484.0983,75910305.0
2024-04-18,485.5283,487.6783,482.1083,483.0683,74548085.0
2024-04-19,482.9883,484.0083,477.4083,478.7083,102212587.0
2024-04-22,481.3783,485.9283,478.9783,483.2683,67961048.0
2024-04-23,485.3283,489.6383,483.0783,489.1983,64633620.0
2024-04-24,490.1083,490.9183,486.6783,488.9583,55928076.0
2024-04-25,482.7283,487.8183,481.0383,487.0383,69122368.0
2024-04-26,489.8983,493.4283,489.2483,491.8083,64306118.0
2024-04-29,493.6383,494.2983,490.7983,493.6083,46415449.0
2024-04-30,492.1083,493.1083,485.5283,485.5283,77483566.0
2024-05-01,484.9283,491.7383,483.4183,483.8983,80242839.0
2024-05-02,487.6983,489.4383,483.0983,488.5783,62550179.0
2024-05-03,494.7083,496.0983,492.1083,494.8383,72756704.0
2024-05-06,497.2983,500.1583,496.8483,500.1183,47264703.0
2024-05-07,501.1083,502.1183,499.9983,500.6883,52561299.0
2024-05-08,498.8083,501.2883,498.6883,500.7383,42047113.0
2024-05-09,500.9283,503.7557,500.2533,503.7183,43643667.0
2024-05-10,505.3583,506.1833,503.1383,504.3883,52233060.0
2024-05-13,506.1083,506.2183,503.2883,504.4583,36716361.0
2024-05-14,504.6583,507.3783,504.1083,506.8483,57535866.0
2024-05-15,509.3783,513.6283,508.7283,513.3283,59504878.0
2024-05-16,513.4283,515.0701,512.0883,512.2383,50244827.0
2024-05-17,512.3583,513.0683,510.8683,512.9983,59187499.0
2024-05-20,513.1183,515.1084,512.7183,513.6083,37763810.0
2024-05-21,512.8283,515.0683,512.6183,514.9083,33437000.0
2024-05-22,514.1983,514.9283,511.1483,513.3783,48389968.0
2024-05-23,516.5083,516.6183,508.2683,509.5083,57211196.0
2024-05-24,511.3983,513.8183,510.4293,512.9883,41291026.0
2024-05-28,513.8183,514.0583,510.6583,513.3583,36269602.0
2024-05-29,509.2283,510.8583,508.9183,509.6483,45190323.0
2024-05-30,508.0683,508.7483,504.8783,506.1583,46468510.0
2024-05-31,507.1383,511.0483,501.9083,510.9183,90785755.0
2024-06-03,512.5683,512.8583,506.1483,511.3483,46835676.0
2024-06-04,510.0083,512.6983,508.5083,511.9383,34632656.0
2024-06-05,514.3183,518.2383,512.2737,518.2183,47610315.0
2024-06-06,518.5283,518.9683,516.2283,518.2083,30808434.0
2024-06-07,517.2083,520.4383,516.0833,517.5583,43224525.0
2024-06-10,516.7283,519.5383,516.1183,519.2083,35729252.0
2024-06-11,517.6183,520.5583,515.5983,520.4983,36383411.0
2024-06-12,525.1783,527.6683,523.8483,524.9083,63251305.0
2024-06-13,526.6983,526.8733,523.1383,525.9983,44760909.0
2024-06-14,524.4283,526.3583,523.3983,526.3283,40089895.0
2024-06-17,525.6283,532.0783,525.1555,530.6483,55839357.0
2024-06-18,530.7083,532.1683,530.2783,532.0383,41376417.0
2024-06-20,532.9883,533.6683,528.7283,530.5483,70328226.0
2024-06-21,529.7073,530.9573,528.3273,529.8173,64513859.0
2024-06-24,529.6373,532.2573,527.9273,528.0473,45528654.0
2024-06-25,529.2973,530.5073,527.7473,530.1373,38273295.0
2024-06-26,528.9973,531.5473,528.3373,530.8173,38550637.0
2024-06-27,530.6773,532.2673,529.9173,531.6773,35041427.0
2024-06-28,532.4673,535.5873,528.2573,529.5273,76144534.0
2024-07-01,530.9373,531.1873,527.8273,530.6473,40297810.0
2024-07-02,529.0073,534.3173,528.9573,534.3173,40434720.0
2024-07-03,533.9973,537.1373,533.9573,536.7673,27500585.0
2024-07-05,537.0773,540.3573,536.4273,539.9473,41488389.0
2024-07-08,540.7473,541.5574,539.4973,540.5873,36110401.0
2024-07-09,541.5673,542.4873,540.8273,541.1273,27314043.0
2024-07-10,542.3773,546.9773,542.0773,546.6273,38701041.0
2024-07-11,546.7473,547.6373,541.1373,541.7873,53053997.0
2024-07-12,542.9373,548.9773,542.4573,545.2973,53084388.0
2024-07-15,547.3373,550.1444,544.9373,546.8373,40584226.0
2024-07-16,548.1723,550.4673,547.4073,550.1673,36475245.0
2024-07-17,544.1073,545.8173,541.9173,542.2473,57118946.0
2024-07-18,543.8173,544.8273,535.7373,537.9673,56270359.0
2024-07-19,537.7273,539.3873,533.2173,534.2973,65508933.0
2024-07-22,538.3073,540.5773,536.3273,539.9573,43346712.0
2024-07-23,539.8473,542.0423,538.5823,539.0873,34439286.0
2024-07-24,534.1673,534.4773,525.5973,526.5373,74515265.0
2024-07-25,526.6573,532.7623,522.7573,523.7173,61158050.0
2024-07-26,527.5873,532.4973,526.7973,529.7473,53763788.0
2024-07-29,531.3273,532.3573,528.0273,530.0673,39515769.0
2024-07-30,531.5673,532.6473,523.8223,527.3073,46853600.0
2024-07-31,534.2873,538.8073,532.8872,536.1173,65663387.0
2024-08-01,537.8773,540.1761,524.7373,528.3173,76428731.0
2024-08-02,521.0573,522.2973,513.9073,518.2073,82789056.0
2024-08-05,496.9473,508.8873,495.5773,502.6873,146267391.0
2024-08-06,504.5273,515.0573,503.1773,507.4573,84826215.0
2024-08-07,513.7773,516.8973,503.3592,503.9673,70698339.0
2024-08-08,509.2173,516.5973,507.1473,515.9573,63276401.0
2024-08-09,515.1173,519.8173,513.8673,518.2973,45619428.0
2024-08-12,519.5173,521.0373,516.2573,518.5773,42542037.0
2024-08-13,521.8373,527.5873,521.5873,527.3473,52333052.0
2024-08-14,528.1573,530.2673,525.4273,529.0573,42446926.0
2024-08-15,534.8073,538.6673,534.1873,538.3773,60846751.0
2024-08-16,536.7273,540.3273,536.5673,539.6173,44429955.0
2024-08-19,540.0373,544.9173,539.1673,544.9173,39121755.0
2024-08-20,544.4573,546.1473,542.6323,544.0073,33732264.0
2024-08-21,545.0773,547.4173,540.0373,545.9273,41514600.0
2024-08-22,547.8673,548.4873,540.2873,541.5273,56121339.0
2024-08-23,544.8373,548.3973,542.5973,547.4373,50639392.0
2024-08-26,548.4873,549.2173,544.3573,546.0973,35788496.0
2024-08-27,544.7973,547.3673,543.6273,546.8673,32693898.0
2024-08-28,546.5173,546.9573,540.3473,543.6073,41065882.0
2024-08-29,545.6173,548.9873,542.4873,543.6573,38715175.0
2024-08-30,546.0773,549.5073,542.4473,548.9873,62700079.0
2024-09-03,545.7773,546.1173,534.8173,537.3873,60600113.0
2024-09-04,535.5073,539.7373,534.7673,536.2573,47224929.0
2024-09-05,536.1973,539.1068,532.4073,534.9173,44264202.0
2024-09-06,535.2473,536.9073,524.7473,525.6673,68493798.0
2024-09-09,529.9573,533.0173,527.9873,531.7173,40445821.0
2024-09-10,533.6673,534.4573,528.6873,534.0973,36394578.0
2024-09-11,534.0073,540.6673,525.2673,539.7273,75248558.0
2024-09-12,540.3173,544.7073,538.0473,544.3973,51892647.0
2024-09-13,545.0173,548.3373,544.7573,547.3173,39310271.0
2024-09-16,547.0473,548.4173,545.2073,548.1473,36656122.0
2024-09-17,550.4073,551.8873,546.1023,548.3773,49320970.0
2024-09-18,549.0473,553.9973,546.1373,546.7073,59044898.0
2024-09-19,556.3173,558.1873,553.3873,556.2873,75315470.0
2024-09-20,554.8928,556.3628,552.2228,555.3028,77503045.0
2024-09-23,556.3928,557.3853,555.1528,556.7228,44116839.0
2024-09-24,557.5328,558.4128,554.6528,558.3528,46805576.0
2024-09-25,558.1928,558.9428,555.9628,557.0928,38428495.0
2024-09-26,561.4328,561.7628,556.9528,559.3528,48335896.0
2024-09-27,560.4428,561.2728,557.4728,558.5228,42100858.0
2024-09-30,557.4728,561.4328,555.1328,560.8128,63655445.0
2024-10-01,560.4528,561.115,553.0528,555.6728,72668672.0
2024-10-02,554.7628,556.9528,552.3228,555.9128,38097707.0
2024-10-03,554.4128,556.8553,552.5428,554.8728,40846466.0
2024-10-04,559.4028,560.4128,555.1528,560.0328,43005186.0
2024-10-07,558.3528,559.0127,553.6828,554.8528,49964556.0
2024-10-08,557.4728,560.8328,556.5827,560.2228,37398593.0
2024-10-09,560.2128,564.7628,559.6028,564.1928,37912194.0
2024-10-10,562.8228,564.6328,561.5428,563.1828,44138048.0
2024-10-11,563.1028,567.3828,562.9628,566.6328,42267884.0
2024-10-14,568.2728,572.3228,567.7828,571.3728,36217215.0
2024-10-15,571.6428,571.9528,565.5978,566.8328,54203631.0
2024-10-16,566.8328,569.8828,566.0128,569.3528,30725415.0
2024-10-17,572.9628,573.1728,569.2128,569.4028,34393654.0
2024-10-18,571.1228,572.4428,569.6328,571.6428,37416801.0
2024-10-21,570.9028,571.9028,567.6529,570.6828,36438972.0
2024-10-22,568.1028,571.5528,567.4328,570.3728,34183693.0
2024-10-23,568.3128,568.7614,561.4678,565.0428,49314573.0
2024-10-24,567.0328,567.1128,563.6228,566.2928,34979843.0
2024-10-25,568.5628,571.5128,565.1328,566.0928,47268053.0
2024-10-28,569.6328,569.7628,567.5728,567.8828,30174654.0
2024-10-29,566.9028,569.9598,565.4828,568.8228,42899578.0
2024-10-30,568.3428,570.3728,566.3428,567.0628,41435752.0
2024-10-31,562.6128,562.6828,555.4928,555.6928,60182016.0
2024-11-01,558.3728,562.6028,557.6728,558.0928,45667533.0
2024-11-04,558.2328,559.5528,554.9428,556.8628,38216975.0
2024-11-05,557.7928,563.7928,557.5728,563.7528,39478239.0
2024-11-06,576.2528,578.9828,572.4428,578.0928,68181952.0
2024-11-07,580.1328,583.7028,580.0527,582.6628,47233212.0
2024-11-08,583.2228,586.6928,583.2178,585.2428,46444885.0
2024-11-11,586.8628,587.2228,584.0528,585.8128,37586772.0
2024-11-12,585.7328,586.3428,581.4228,583.9528,43005977.0
2024-11-13,584.4228,586.2828,582.0128,584.2428,47388640.0
2024-11-14,584.3728,584.8628,579.7028,580.4028,38904109.0
2024-11-15,576.7728,577.2528,570.9128,572.8028,75988474.0
2024-11-18,573.2728,576.5428,572.3928,575.2028,37084076.0
2024-11-19,571.7628,578.0978,571.0828,577.3528,49412046.0
2024-11-20,577.4328,577.8428,571.6828,577.5528,50032556.0
2024-11-21,580.4528,582.1728,574.5028,580.7228,46750263.0
2024-11-22,580.7128,583.2028,580.2053,582.5628,38226356.0
2024-11-25,586.5728,587.9128,582.2528,584.5828,42441393.0
2024-11-26,585.8528,588.3828,585.1228,587.7028,45621288.0
2024-11-27,587.5128,587.9028,584.3328,585.8828,34000143.0
2024-11-29,586.7128,590.4028,586.4333,589.6028,24130386.0
2024-12-02,590.0228,591.3728,589.5228,590.6828,31745855.0
2024-12-03,590.4428,591.2128,589.3938,590.9628,26906567.0
2024-12-04,592.6828,594.9628,592.0028,594.7128,42787561.0
2024-12-05,594.7128,595.5328,593.3578,593.7128,28762104.0
2024-12-06,594.4928,596.1228,594.0728,594.8628,31241521.0
2024-12-09,594.7428,594.9128,591.1328,591.7328,34742737.0
2024-12-10,592.4228,592.8528,589.1828,589.8528,37234514.0
2024-12-11,592.8328,595.4878,592.5528,594.5128,28677723.0
2024-12-12,593.6328,594.2128,591.3828,591.3828,31543812.0
2024-12-13,593.4528,594.1828,589.8628,591.2628,35904639.0
2024-12-16,593.0528,594.8323,592.2628,593.8428,43695117.0
2024-12-17,591.2428,592.2228,589.9378,591.3428,55773544.0
2024-12-18,591.0328,593.4578,572.9428,573.3328,108248597.0
2024-12-19,578.4128,580.0528,572.9028,573.1528,85919444.0
2024-12-20,570.7884,584.7684,569.9284,580.1684,125716619.0
2024-12-23,579.9084,584.3184,576.6794,583.7084,57635825.0
2024-12-24,585.0784,590.3584,584.4884,590.3184,25435393.0
2024-12-26,588.5184,591.4984,587.1009,590.3584,41338883.0
2024-12-27,586.5584,586.7945,579.7831,584.0284,64969287.0
2024-12-30,576.9084,580.7584,573.4284,577.2384,56578753.0
2024-12-31,578.9234,579.6583,573.4384,575.0984,57052654.0
2025-01-02,578.4084,580.1484,569.5184,573.6584,50203786.0
2025-01-03,576.5484,581.6184,575.4484,580.9684,37888452.0
2025-01-06,585.2884,588.7184,582.6184,584.3784,47679386.0
2025-01-07,586.4384,586.7684,575.7984,577.6484,60393050.0
2025-01-08,577.7184,579.5983,574.2134,578.5084,47304661.0
2025-01-10,574.8984,574.9684,567.5684,569.5084,73104923.0
2025-01-13,564.7884,570.7684,564.3684,570.4084,47910059.0
2025-01-14,573.3784,574.0184,567.3684,571.2084,48420580.0
2025-01-15,579.3434,582.9584,578.2134,581.7984,56900159.0
2025-01-16,583.1934,583.3684,579.9484,580.6584,43319581.0
2025-01-17,585.9784,588.3784,584.6284,586.5984,58070390.0
2025-01-21,589.6884,592.0784,587.6884,592.0684,42532833.0
2025-01-22,594.9384,596.8384,594.3784,595.4584,48195854.0
2025-01-23,594.8184,598.7684,594.5384,598.7684,41151901.0
2025-01-24,598.8284,599.7984,595.8184,596.9884,34604692.0
2025-01-27,583.8284,588.7084,583.6584,588.3884,70360829.0
2025-01-28,589.6384,594.3884,586.2684,593.5384,44433322.0
2025-01-29,592.7384,593.1484,588.2384,590.8284,37177073.0
2025-01-30,592.9784,595.6184,589.7334,594.0584,39281142.0
2025-01-31,596.5184,598.9784,590.0684,590.8384,66671471.0
2025-02-03,581.6884,589.3084,579.5084,586.7884,65857248.0
2025-02-04,586.8484,591.3184,586.2984,590.7984,33457742.0
2025-02-05,589.6584,593.3884,587.5984,593.2384,30653109.0
2025-02-06,595.0084,595.4709,591.6484,595.3384,35771503.0
2025-02-07,595.9084,597.1484,589.0684,589.7884,50788495.0
2025-02-10,593.0484,594.5183,591.7584,593.8684,26048646.0
2025-02-11,591.5684,594.8784,591.4484,594.3284,30056523.0
2025-02-12,588.2184,593.5684,587.5284,592.3784,45076076.0
2025-02-13,593.4984,598.9584,592.2184,598.7484,40921261.0
2025-02-14,598.9584,600.0084,598.0884,598.7184,26910306.0
2025-02-18,599.8984,600.5084,597.3984,600.5084,26749009.0
2025-02-19,599.0984,602.2484,598.5784,601.9484,31010958.0
2025-02-20,600.5584,600.7024,596.0384,599.3984,36554002.0
2025-02-21,599.1784,599.3184,588.4884,588.9584,76519718.0
2025-02-24,591.0384,592.0484,585.5084,586.2284,50737207.0
2025-02-25,586.1684,586.9084,578.5784,583.2584,58266377.0
2025-02-26,584.9484,588.5984,580.874,583.5584,43321577.0
2025-02-27,585.8684,587.0384,573.6684,574.0684,74196476.0
2025-02-28,574.5784,583.7384,571.4584,583.1984,88743732.0
2025-03-03,585.1984,586.3584,568.9184,572.7884,74249046.0
2025-03-04,568.7284,574.4084,561.2684,565.8784,109648192.0
2025-03-05,565.7084,573.8984,562.0979,572.0784,71230361.0
2025-03-06,564.4984,569.192,559.1384,561.7284,80094865.0
2025-03-07,559.9184,566.4084,554.6484,564.9384,81158648.0
2025-03-10,556.6084,558.5584,544.6084,549.5984,99326158.0
2025-03-11,548.4184,553.0384,541.0384,544.9384,88102109.0
2025-03-12,551.1884,552.1284,542.7084,547.8884,69588167.0
2025-03-13,547.5084,548.1234,538.6984,540.4384,74079414.0
2025-03-14,545.1284,552.8484,540.5101,551.8284,62660316.0
2025-03-17,551.8084,558.7284,551.3684,556.1684,49008643.0
2025-03-18,553.8184,554.0384,548.0784,550.0384,66041421.0
2025-03-19,551.8484,559.9684,550.6484,556.1484,66555898.0
2025-03-20,552.3484,559.5884,551.6196,554.5084,62958079.0
2025-03-21,549.9939,555.6039,548.7439,554.6939,83762957.0
2025-03-24,561.5139,565.8639,560.9139,564.7939,58766722.0
2025-03-25,566.0139,567.1239,564.4039,566.1739,38355409.0
2025-03-26,565.9039,567.0439,557.9039,559.3039,52228896.0
2025-03-27,557.8939,561.6139,555.6539,557.7939,42164247.0
2025-03-28,556.2439,556.9814,545.7839,546.3739,71662599.0
2025-03-31,540.5439,551.4251,537.5839,550.1039,95328108.0
2025-04-01,548.1639,553.6539,544.3939,551.6839,54609616.0
2025-04-02,545.7639,558.1339,545.5239,555.2339,76014466.0
2025-04-03,535.8239,538.6839,527.4139,527.4139,125985779.0
2025-04-04,514.3839,516.5839,495.7739,495.9939,217965089.0
2025-04-07,479.9039,513.8839,472.5139,495.0939,256611286.0
2025-04-08,512.5739,515.6939,479.8739,487.1939,165816578.0
2025-04-09,484.1539,539.3339,483.7639,539.3339,241867172.0
2025-04-10,522.8839,524.2089,500.0339,515.2939,162331162.0
2025-04-11,513.7239,527.1439,510.7839,524.6539,97866334.0
2025-04-14,534.7639,534.9939,524.5739,529.8339,68033964.0
2025-04-15,530.3889,533.9439,527.5239,528.3239,56892874.0
2025-04-16,522.3939,528.5993,511.0039,516.3739,83484814.0
2025-04-17,518.3539,521.8789,514.6239,517.1239,79867996.0
2025-04-21,511.8739,512.4139,499.1739,504.5939,69368129.0
2025-04-22,510.8539,520.0189,509.9064,517.9639,75948106.0
2025-04-23,531.1439,536.1439,524.5939,526.1339,90590508.0
2025-04-24,527.4289,538.1439,526.1643,537.4039,64150414.0
2025-04-25,537.3639,541.7639,534.4039,541.3539,61119477.0
2025-04-28,542.1039,544.2639,535.7339,541.5639,47613753.0
2025-04-29,539.6239,546.1639,539.2639,545.0339,47775006.0
2025-04-30,538.2839,547.2339,532.2339,545.2539,93101197.0
2025-05-01,551.0839,554.7838,548.5739,549.1839,63186146.0
2025-05-02,555.4439,559.0939,553.0939,557.4739,60717260.0
2025-05-05,553.2839,557.3639,552.4139,554.2239,38659172.0
2025-05-06,548.6439,554.0615,547.6739,549.5139,48264708.0
2025-05-07,550.8639,554.5339,546.7539,551.8639,55733229.0
2025-05-08,555.9539,561.0239,552.4139,555.7739,65130756.0
2025-05-09,557.1939,558.2139,553.4776,555.0539,37603422.0
2025-05-12,572.1839,573.7139,567.7539,573.7039,78993570.0
2025-05-13,574.1239,579.7939,573.5539,577.5539,67947125.0
2025-05-14,578.5239,579.6939,576.2489,578.3039,66283521.0
2025-05-15,576.2739,581.6839,575.8108,581.1739,71268142.0
2025-05-16,581.9639,585.2139,579.9939,584.9139,76051953.0
2025-05-19,578.8139,586.2539,578.8139,585.5639,68168459.0
2025-05-20,583.8039,584.7639,580.3139,583.5639,60614492.0
2025-05-21,579.1539,583.2939,572.5339,573.5739,95197586.0
2025-05-22,573.3739,577.3339,572.1189,573.8039,70860039.0
2025-05-23,566.6939,572.524,566.3139,569.8239,76029046.0
2025-05-27,576.7839,582.0239,569.1439,581.8639,72588475.0
2025-05-28,582.2739,583.4827,577.6989,578.4439,68445491.0
2025-05-29,583.7739,583.9139,576.7839,580.7639,70073750.0
2025-05-30,579.6439,581.8438,573.9489,580.1039,90601242.0
2025-06-02,578.4739,583.5039,575.7739,583.4239,61630488.0
2025-06-03,583.0539,587.7939,582.5639,586.8039,63606166.0
2025-06-04,587.6739,588.6639,586.2039,586.6439,57314095.0
2025-06-05,588.3439,589.7139,581.7639,583.7639,92436299.0
2025-06-06,589.3739,591.5439,587.5739,589.8539,66588743.0
2025-06-09,590.4339,591.9639,589.2039,590.3939,53016417.0
2025-06-10,590.9339,594.1839,589.8039,593.7939,66246753.0
2025-06-11,594.9039,595.7739,589.9839,592.0739,73657992.0
2025-06-12,590.7239,594.4639,590.2339,594.4639,64128787.0
2025-06-13,589.2139,592.5639,586.1939,587.7139,89505870.0
2025-06-16,591.1139,595.1639,590.9339,593.3939,79984120.0
2025-06-17,590.9239,592.4639,587.4739,588.2439,82209365.0
2025-06-18,589.1539,591.9339,587.1839,588.1539,76604929.0
2025-06-20,590.855,591.935,585.335,586.755,94051370.0
2025-06-23,587.515,593.015,584.365,592.625,87425947.0
2025-06-24,596.805,600.3249,595.885,599.255,67735233.0
2025-06-25,600.385,601.085,598.015,599.595,62114766.0
2025-06-26,601.465,604.785,600.845,604.345,78548243.0
2025-06-27,605.355,608.865,603.305,607.385,86258389.0
2025-06-30,609.855,611.695,607.515,610.325,92502539.0
2025-07-01,608.835,611.305,607.995,610.125,70030049.0
2025-07-02,609.715,612.965,609.085,612.925,66510324.0
2025-07-03,614.925,618.755,614.905,617.835,48824715.0
2025-07-07,615.835,616.505,610.345,613.155,74814479.0
2025-07-08,613.825,614.585,611.995,612.815,59024506.0
2025-07-09,615.245,617.195,613.3855,616.535,66113321.0
2025-07-10,616.675,619.3451,615.485,618.295,57528960.0
2025-07-11,615.215,617.335,614.005,616.095,63670226.0
2025-07-14,615.635,617.6331,614.2749,617.285,51898408.0
2025-07-15,619.995,620.335,614.535,614.615,74317260.0
2025-07-16,616.215,617.205,610.525,616.695,88987454.0
2025-07-17,616.875,620.8798,616.655,620.515,68885672.0
2025-07-18,621.775,621.945,618.935,620.055,65621645.0
2025-07-21,621.245,624.015,620.815,621.245,63374984.0
2025-07-22,621.575,622.205,618.665,621.335,60046288.0
2025-07-23,624.025,626.685,622.205,626.685,70510926.0
2025-07-24,627.075,628.625,626.465,626.895,71307134.0
2025-07-25,627.565,630.0549,627.315,629.575,56865363.0
2025-07-28,629.955,630.515,628.015,629.415,54916942.0
2025-07-29,630.825,631.145,626.81,627.735,60556278.0
2025-07-30,628.395,630.155,624.015,626.935,80418783.0
2025-07-31,631.93,632.325,623.24,624.555,103385223.0
2025-08-01,618.775,618.815,611.765,614.195,140103345.0
2025-08-04,618.145,623.69,618.055,623.645,73218014.0
2025-08-05,624.265,625.0802,619.515,620.445,68051320.0
2025-08-06,621.525,625.915,620.605,625.255,64357525.0
2025-08-07,628.715,629.455,621.585,624.725,74205791.0
2025-08-08,626.535,630.12,626.215,629.655,64051560.0
2025-08-11,629.935,631.425,627.135,628.395,58742261.0
2025-08-12,630.765,635.325,629.265,635.165,64821794.0
2025-08-13,637.385,638.665,635.155,637.365,60092779.0
2025-08-14,635.265,638.095,634.815,637.425,59327433.0
2025-08-15,638.465,638.565,634.9903,635.915,68591830.0
2025-08-18,635.335,636.475,634.655,635.775,43804808.0
2025-08-19,635.595,636.58,630.955,632.285,69750731.0
2025-08-20,631.875,632.135,625.425,630.585,88890263.0
2025-08-21,628.755,630.445,626.285,628.025,54805775.0
2025-08-22,630.235,638.975,629.725,637.785,84083213.0
2025-08-25,636.515,637.765,634.825,634.945,51274304.0
2025-08-26,634.675,637.985,634.045,637.635,51581565.0
2025-08-27,637.045,639.845,636.895,639.105,48341045.0
2025-08-28,639.715,641.955,637.815,641.395,61519361.0
2025-08-29,639.945,640.315,635.615,637.525,74522155.0
2025-09-02,629.975,632.965,627.395,632.745,81983436.0
2025-09-03,635.145,636.685,632.935,636.215,70820814.0
2025-09-04,636.895,641.625,635.985,641.595,65219226.0
2025-09-05,643.955,644.685,635.805,639.715,85178915.0
2025-09-08,641.095,642.315,639.705,641.305,63133104.0
2025-09-09,641.445,643.335,639.695,642.805,66133818.0
2025-09-10,646.095,647.025,643.105,644.685,78034529.0
2025-09-11,646.655,650.805,646.065,650.105,69934259.0
2025-09-12,650.075,651.585,649.375,649.885,72779900.0
2025-09-15,652.115,653.515,651.815,653.385,63772412.0
2025-09-16,653.945,654.255,651.685,652.475,61168946.0
2025-09-17,652.485,654.195,646.775,651.655,101952241.0
2025-09-18,654.365,657.365,652.745,654.735,90459242.0
2025-09-19,656.6361,658.8561,654.6761,658.0061,97945616.0
2025-09-22,656.5061,661.5961,656.4761,661.1461,69452200.0
2025-09-23,661.0261,661.6461,656.2861,657.5161,81708871.0
2025-09-24,658.8161,658.9161,653.9761,655.4061,68082219.0
2025-09-25,652.2461,653.7117,648.7111,652.3561,89622067.0
2025-09-26,653.8161,656.6761,652.1861,656.1261,69179199.0
2025-09-29,658.6661,659.5861,656.1661,657.9861,73499015.0
2025-09-30,657.2361,660.9561,655.9161,660.4861,86288028.0
2025-10-01,657.4761,663.6761,657.3661,662.7561,72545367.0
2025-10-02,664.7561,664.8711,661.0861,663.5261,56895818.0
2025-10-03,664.2961,666.9811,662.4661,663.5161,70493961.0
2025-10-06,665.9261,666.8161,663.7611,665.9161,54623179.0
2025-10-07,666.8461,667.2961,661.9761,663.4261,72020067.0
2025-10-08,664.5561,667.5117,663.7261,667.4161,60702241.0
2025-10-09,667.8361,668.2461,663.5161,665.4661,66501790.0
2025-10-10,666.4361,668.2561,647.1461,647.3261,159422558.0
2025-10-13,654.9561,659.4361,654.074,657.3461,79559970.0
2025-10-14,651.4761,660.1361,647.4761,656.5361,88779560.0
2025-10-15,661.1261,664.5361,653.2361,659.4761,81702481.0
2025-10-16,661.1261,663.0161,651.4161,654.9461,110563102.0
2025-10-17,653.8061,660.0611,652.4461,658.6961,96500866.0
2025-10-20,661.6261,666.5161,661.5761,665.6061,60493350.0
2025-10-21,665.7461,667.2961,664.2871,665.5961,56249033.0
2025-10-22,666.3061,666.3061,657.6061,662.1061,80563763.0
2025-10-23,662.4261,667.0162,662.1061,666.0661,65604461.0
2025-10-24,670.7661,672.7761,669.9561,671.5561,74356476.0
2025-10-27,677.0361,679.8461,676.4211,679.5461,63339773.0
2025-10-28,681.3561,683.2111,679.1361,681.3661,61738007.0
2025-10-29,683.0261,684.0061,677.1761,681.6961,85362140.0
2025-10-30,678.2061,680.2461,674.1361,674.1361,76335618.0
2025-10-31,679.3461,679.3861,673.5461,676.3661,87164022.0
2025-11-03,679.9761,680.1061,674.2461,677.6461,57315000.0
2025-11-04,670.4161,674.2661,668.8861,669.5461,78426969.0
2025-11-05,669.2861,675.1661,668.4761,671.8861,74402376.0
2025-11-06,670.7761,671.6861,663.0261,664.6161,85035298.0
2025-11-07,662.2161,665.3861,655.5111,665.2761,100592443.0
2025-11-10,671.5411,676.4861,669.3361,675.7461,75842854.0
2025-11-11,674.2561,677.8761,673.0361,677.3061,58953292.0
2025-11-12,679.0961,679.2661,675.2511,677.6861,62312455.0
2025-11-13,674.8061,675.1661,664.8261,666.3461,103457788.0
2025-11-14,659.6861,669.9661,657.5711,666.2361,96846672.0
2025-11-17,664.0061,668.0161,656.4761,659.9761,90456099.0
2025-11-18,656.4011,659.4261,650.1661,654.3861,114467459.0
2025-11-19,655.0861,661.6461,653.0511,656.9361,94702933.0
2025-11-20,667.2161,669.8661,646.1961,646.8361,165293521.0
2025-11-21,649.3561,658.8561,645.1561,653.3361,123956203.0
2025-11-24,656.9961,664.3661,655.8961,663.0361,80437940.0
2025-11-25,662.9361,670.5161,658.7861,669.3261,81077053.0
2025-11-26,671.9361,676.0061,671.0261,673.9861,71879588.0
2025-11-28,675.1661,677.9711,674.8061,677.6961,41730318.0
2025-12-01,673.1161,677.2961,673.0461,674.5761,61201191.0
2025-12-02,676.2261,678.1261,673.6336,675.8361,62953844.0
2025-12-03,674.8761,679.2161,673.9961,678.1961,57238481.0
2025-12-04,679.6061,679.6761,675.6461,678.6961,61970325.0
2025-12-05,679.7761,682.6961,678.8861,679.9961,79241044.0
2025-12-08,680.8961,680.9461,675.8761,677.9361,55231462.0
2025-12-09,677.4561,679.6911,676.8961,677.3461,58310035.0
2025-12-10,676.8661,683.2761,675.6161,681.8761,85671334.0
2025-12-11,679.4461,683.5561,676.4711,683.4761,86173678.0
2025-12-12,682.4761,683.1861,673.4805,676.0661,113160325.0
2025-12-15,680.0461,680.0661,673.5561,675.0361,90810951.0
2025-12-16,673.5361,675.3861,669.2861,673.1761,122030611.0
2025-12-17,674.1961,674.7411,665.5011,665.7061,110625197.0
2025-12-18,671.9061,675.0461,669.2061,670.7761,108650097.0
2025-12-19,672.8895,677.3895,672.7695,676.8895,103599542.0
2025-12-22,680.2395,681.6595,676.8863,681.1295,69556726.0
2025-12-23,680.2195,684.4995,680.1695,684.2595,64839915.0
2025-12-24,684.2495,687.1295,684.0995,686.6795,36521136.0
2025-12-26,686.9395,687.9595,685.5695,686.6095,41613347.0
2025-12-29,683.8395,685.4995,682.3695,684.1495,62559502.0
2025-12-30,683.7445,684.8545,682.8795,683.3095,47160671.0
2025-12-31,683.4395,683.6595,678.0095,678.2195,74144766.0
2026-01-02,682.0095,683.1695,676.1195,679.4695,89377203.0
2026-01-05,682.8395,685.7295,682.6745,684.0195,71927146.0
2026-01-06,684.2295,688.6145,684.0795,688.1095,69273822.0
2026-01-07,688.4895,690.2595,685.6195,685.8795,75588309.0
2026-01-08,685.1195,686.9145,683.7895,685.8095,64019179.0
2026-01-09,686.9295,691.6095,685.4795,690.3695,80125467.0
2026-01-12,686.9795,692.3895,686.9295,691.4595,63976002.0
2026-01-13,691.7895,692.3895,687.6495,690.0695,78309726.0
2026-01-14,687.2995,688.0195,682.3395,686.6595,94676684.0
2026-01-15,690.8695,691.7495,687.5495,688.5395,77861950.0
2026-01-16,689.9595,690.5495,686.3995,687.9595,79289198.0
2026-01-20,677.7895,681.0695,672.8695,673.8795,111623244.0
2026-01-21,675.9495,685.0345,674.4295,681.6995,127844466.0
2026-01-22,686.1495,687.4245,683.2195,685.2795,77112243.0
2026-01-23,684.4495,687.2595,683.4595,685.5295,63059569.0
2026-01-26,686.7895,690.4295,686.2195,689.0295,60473813.0
2026-01-27,690.4795,692.8295,689.8695,691.7895,55506114.0
2026-01-28,693.3495,694.1395,690.2395,691.7195,61172165.0
2026-01-29,692.6895,693.3595,681.1295,690.3395,97486183.0
2026-01-30,688.0895,690.5095,683.4195,688.2695,101835125.0
2026-02-02,685.8795,693.2295,685.7195,691.7095,79286494.0
2026-02-03,692.5095,693.2595,680.3295,685.8295,107904610.0
2026-02-04,686.6495,687.7495,678.0595,682.4895,105204594.0
2026-02-05,677.2395,679.9895,672.0895,673.9195,113610812.0
2026-02-06,677.7595,688.6095,677.1495,686.9195,89127564.0
2026-02-09,685.7195,692.1695,684.6395,690.2495,73885166.0
2026-02-10,691.2495,692.8395,687.9595,688.4195,65185725.0
2026-02-11,692.6895,693.4395,685.4795,688.2595,76353871.0
2026-02-12,690.5395,691.6495,676.6695,677.5695,118828920.0
2026-02-13,677.9895,682.5795,673.8195,678.0495,96267487.0
2026-02-17,676.4395,681.2395,672.0795,679.1495,81354657.0
2026-02-18,680.3195,685.4495,679.1295,682.5895,73570341.0
2026-02-19,680.1395,682.4795,677.847,680.7795,58649363.0
2026-02-20,678.6195,686.3595,678.0295,685.7295,100033986.0
2026-02-23,684.1295,686.2995,676.6705,678.6895,90558086.0
2026-02-24,678.1995,684.6495,676.2995,683.6495,73798727.0
2026-02-25,686.4795,689.9795,686.3995,689.4495,56369479.0
2026-02-26,689.5795,689.5995,680.6495,685.5995,71670964.0
2026-02-27,679.3895,683.1595,677.9395,682.2895,83308836.0
2026-03-02,674.9995,684.9195,674.3195,682.6795,87477152.0
2026-03-03,671.3595,678.9095,665.9595,676.6295,105003102.0
2026-03-04,677.9295,683.3895,675.9195,681.4295,79182242.0
2026-03-05,678.3795,681.8295,671.9095,677.6095,106606464.0
2026-03-06,669.7095,672.4095,666.0595,668.6795,100686873.0
2026-03-09,662.6895,676.2195,658.6895,674.5695,102667705.0
2026-03-10,674.0195,679.6595,671.0595,673.4795,81505308.0
2026-03-11,673.8795,676.3795,669.6395,672.6295,68441667.0
2026-03-12,667.4595,667.9495,662.1695,662.3595,108882245.0
2026-03-13,665.5695,668.6345,657.6595,658.5895,97200233.0
2026-03-16,664.6795,668.3695,663.4195,665.3295,82023130.0
2026-03-17,668.6895,670.7395,665.9995,667.0895,87128039.0
2026-03-18,664.6595,666.0195,657.4895,657.7295,82062544.0
2026-03-19,653.2695,659.2795,651.4695,656.0995,111272539.0
2026-03-20,654.6065,654.7865,642.8165,646.6665,163617517.0
2026-03-23,656.1665,660.7115,652.0365,653.4765,134802732.0
2026-03-24,649.4165,655.1265,647.9765,651.2765,96457367.0
2026-03-25,656.7665,658.9865,652.3365,654.9165,90653787.0
2026-03-26,650.1565,652.9465,642.9165,643.1865,96494340.0
2026-03-27,640.5965,640.7565,631.2015,632.1865,103649368.0
2026-03-30,638.2065,638.4665,627.3765,630.0665,99275826.0
2026-03-31,637.0365,649.6365,636.0765,648.4365,152534095.0
2026-04-01,651.9965,656.6165,651.0965,653.3365,97841472.0
2026-04-02,644.5165,656.2965,643.2065,653.9265,68358713.0
2026-04-06,653.9565,657.8165,653.6165,657.0265,39105753.0
2026-04-07,654.7465,657.7065,649.1565,657.3165,69980362.0
2026-04-08,674.4865,675.1765,669.5565,674.1065,93606093.0
2026-04-09,672.9365,679.2565,671.8665,678.0065,57134412.0
2026-04-10,679.4165,680.1265,676.5465,677.5565,42253433.0
2026-04-13,675.5065,684.3965,674.6765,684.1965,54185819.0
2026-04-14,685.7865,692.6765,685.7565,692.5565,63480529.0
2026-04-15,693.3565,698.3765,692.2965,698.0365,58240384.0
2026-04-16,699.1565,700.8765,696.6265,699.7565,49972351.0
2026-04-17,704.2365,710.4865,703.8565,708.2365,70661918.0
2026-04-20,706.8765,708.0065,704.2365,706.8165,43546812.0
2026-04-21,708.3765,709.3715,700.7365,702.1765,58941384.0
2026-04-22,707.2465,709.5465,706.3165,709.3065,42518492.0
2026-04-23,707.5965,710.4563,700.3768,706.5465,56173990.0
2026-04-24,708.8465,712.5665,707.1065,712.0365,45181957.0
2026-04-27,711.2665,713.7265,710.3915,713.2665,33135923.0
2026-04-28,709.9115,710.9765,707.3465,709.7865,43117433.0
2026-04-29,709.0965,710.2965,706.4665,709.6765,41859189.0
2026-04-30,712.7265,717.8865,708.5415,716.7565,67240949.0
2026-05-01,719.3465,722.9665,718.5665,718.7465,43049766.0
2026-05-04,718.1665,720.2165,713.0865,716.1065,51950558.0
2026-05-05,719.8665,723.1365,719.5863,721.8665,36933147.0
2026-05-06,726.2565,732.6865,725.9165,731.9265,53288914.0
2026-05-07,733.1465,734.2265,727.8465,729.6765,51724630.0
2026-05-08,733.0265,736.1765,732.6665,735.7165,47227032.0
2026-05-11,734.5465,738.8865,734.5465,737.3965,44023951.0
2026-05-12,734.9865,736.9365,729.9265,736.2765,54185272.0
2026-05-13,736.5665,742.0065,733.5665,740.4065,44200175.0
2026-05-14,741.7465,747.6265,741.6565,746.2665,45307602.0
2026-05-15,739.8865,741.5565,736.0565,737.2665,60410771.0
2026-05-18,737.9265,739.5115,731.4865,736.7465,47843864.0
2026-05-19,732.8765,735.7465,729.6265,731.8265,54255893.0
2026-05-20,733.8065,739.9665,731.9865,739.3465,45768035.0
2026-05-21,736.7365,742.9665,735.1265,740.8165,43332225.0
2026-05-22,744.3365,747.0365,742.5765,743.7365,41761991.0
2026-05-26,748.1065,750.2265,746.4665,748.6865,41123590.0
2026-05-27,748.9765,749.4765,746.3165,748.5565,42106285.0
2026-05-28,748.3465,753.2465,747.3265,752.6965,41562555.0
2026-05-29,753.9965,756.1765,752.7865,754.5765,55075688.0
2026-06-01,753.4565,758.3765,752.7865,756.6365,43634918.0
2026-06-02,755.1265,758.4965,754.8465,757.6665,31581848.0
2026-06-03,756.2465,756.8965,751.6665,752.3365,51402517.0
2026-06-04,750.1965,756.4065,749.5665,755.1865,49923021.0
2026-06-05,750.4065,750.9165,733.6215,735.6465,93989416.0
2026-06-08,741.4565,743.4365,736.2865,737.3165,49319143.0
2026-06-09,741.7265,744.9965,720.6865,735.1465,87683509.0
2026-06-10,731.4865,736.4765,723.4265,723.5265,60341318.0
2026-06-11,726.8565,738.0965,722.5015,735.8565,86330522.0
2026-06-12,738.8065,742.5365,733.1265,739.8465,57079466.0
2026-06-15,749.9465,754.7765,749.8565,752.9265,60176425.0
2026-06-16,752.6465,753.5365,747.9765,748.4265,67093136.0
2026-06-17,749.3865,750.2465,737.3165,739.0565,85945219.0
2026-06-18,747.76,748.23,743.86,746.74,80875657.0
2026-06-22,747.7,750.18,743.13,744.39,46628069.0
2026-06-23,733.81,739.63,732.3,733.58,66846780.0
2026-06-24,735.17,739.945,730.84,733.24,57439503.0
2026-06-25,738.91,739.37,729.6,734.3,54128034.0
2026-06-26,728.945,736.53,716.58,728.99,71033969.0
2026-06-29,736.525,741.56,732.09,741.0,58035228.0
2026-06-30,741.29,748.02,740.89,746.77,55626035.0
2026-07-01,745.0,749.435,742.375,745.76,47100876.0
2026-07-02,747.4,751.31,740.03,744.78,57505947.0
2026-07-06,748.74,752.41,747.41,751.28,50673310.0
2026-07-07,750.22,750.96,745.21,747.71,43721484.0
2026-07-08,743.16,746.15,739.51,745.4,43767338.0
2026-07-09,747.35,751.97,745.59,751.71,41441718.0
2026-07-10,752.05,755.42,748.1,754.95,42191282.0
2026-07-13,752.47,753.9105,748.0,749.17,44013628.0
2026-07-14,750.91,753.34,748.66,751.83,35143137.0
2026-07-15,754.24,755.58,750.2,754.81,43844769.0
2026-07-16,752.76,754.57,747.88,750.72,46409787.0
2026-07-17,742.08,747.29,740.8,743.29,62650954.0
2026-07-20,747.06,748.73,741.5103,742.09,50422320.0
2026-07-21,746.29,749.04,744.18,748.28,34324257.0
2026-07-22,746.62,750.02,746.37,747.41,32836200.0
2026-07-23,739.37,742.56,735.21,738.18,55437312.0
2026-07-24,738.51,743.72,737.29,738.93,44781983.0
