date,open,high,low,close,volume
2001-01-02,-4.6922,-4.5122,-4.9322,-4.9322,398500.0
2001-01-03,-4.7872,-4.7872,-5.4422,-5.4422,519100.0
2001-01-04,-5.6272,-5.4422,-6.0372,-5.9422,386500.0
2001-01-05,-5.9422,-5.4722,-5.9422,-5.6072,424600.0
2001-01-08,-5.4122,-5.4122,-5.7222,-5.6622,371600.0
2001-01-09,-5.5672,-5.5672,-6.0272,-5.9822,132000.0
2001-01-10,-5.8772,-5.8322,-6.0222,-5.8772,127600.0
2001-01-11,-5.8472,-5.5672,-5.8472,-5.7072,48600.0
2001-01-12,-5.8772,-5.6672,-5.9122,-5.8072,30100.0
2001-01-16,-5.6622,-5.6272,-5.9122,-5.8172,33400.0
2001-01-17,-5.6272,-5.6272,-6.0372,-5.8972,95700.0
2001-01-18,-6.0372,-5.9422,-6.3172,-6.1922,372000.0
2001-01-19,-6.4122,-6.1622,-6.4722,-6.2622,321900.0
2001-01-22,-6.1622,-6.0672,-6.2622,-6.0972,39400.0
2001-01-23,-6.0372,-5.8272,-6.1122,-5.8572,61700.0
2001-01-24,-5.7222,-5.7222,-5.9122,-5.8722,47300.0
2001-01-25,-5.7222,-5.3572,-5.7222,-5.4022,112800.0
2001-01-26,-5.3472,-5.2322,-5.6922,-5.6772,172200.0
2001-01-29,-5.6172,-5.6172,-5.8072,-5.8072,63200.0
2001-01-30,-5.6822,-5.6322,-5.9222,-5.6722,186600.0
2001-01-31,-5.5672,-5.4672,-5.6672,-5.5022,99000.0
2001-02-01,-5.5022,-5.5022,-5.7922,-5.7072,346100.0
2001-02-02,-5.5972,-5.4122,-5.6022,-5.4422,176500.0
2001-02-05,-5.3172,-5.0722,-5.3172,-5.1172,204300.0
2001-02-06,-5.1022,-4.9722,-5.3172,-5.0122,72500.0
2001-02-07,-4.9972,-4.8322,-5.1622,-4.9672,103100.0
2001-02-08,-4.9222,-4.7872,-4.9822,-4.8772,39200.0
2001-02-09,-4.8422,-4.5472,-4.8422,-4.6072,241500.0
2001-02-12,-4.7672,-4.6822,-4.8422,-4.8322,295500.0
2001-02-13,-4.8672,-4.8022,-4.9672,-4.8672,1013900.0
2001-02-14,-4.8322,-4.7622,-5.0022,-4.9872,83600.0
2001-02-15,-5.2672,-5.1672,-5.3672,-5.2022,554600.0
2001-02-16,-5.0122,-4.9372,-5.1922,-5.0572,57300.0
2001-02-20,-5.0422,-4.9172,-5.1522,-5.1522,374900.0
2001-02-21,-5.0772,-4.9622,-5.2622,-5.2622,94900.0
2001-02-22,-5.1922,-5.1222,-5.4422,-5.3422,210000.0
2001-02-23,-5.3872,-5.3472,-5.7172,-5.5472,341300.0
2001-02-26,-5.5922,-5.3522,-5.5922,-5.3722,340600.0
2001-02-27,-5.3172,-5.2272,-5.4922,-5.4722,40500.0
2001-02-28,-5.4022,-5.4022,-5.6972,-5.6972,23500.0
2001-03-01,-5.6422,-5.4572,-5.6422,-5.5172,164100.0
2001-03-02,-5.3672,-5.1322,-5.3972,-5.1522,78800.0
2001-03-05,-5.2472,-4.9772,-5.2472,-5.0622,1607900.0
2001-03-06,-5.0172,-4.8722,-5.0222,-4.9772,95900.0
2001-03-07,-4.8672,-4.6122,-4.8672,-4.6222,233400.0
2001-03-08,-4.5722,-4.4522,-4.7372,-4.4522,152800.0
2001-03-09,-4.3972,-4.3922,-4.6672,-4.5322,239500.0
2001-03-12,-4.7922,-4.7472,-5.0972,-5.0972,1411200.0
2001-03-13,-5.2672,-5.1922,-5.4572,-5.2922,152400.0
2001-03-14,-5.6172,-5.3222,-5.6172,-5.5372,109100.0
2001-03-15,-5.4172,-5.3272,-5.6172,-5.5272,79700.0
2001-03-16,-5.4987,-5.4987,-5.8037,-5.7937,223000.0
2001-03-19,-5.7437,-5.4487,-5.7437,-5.5937,241300.0
2001-03-20,-5.5387,-5.2987,-5.5387,-5.4537,488300.0
2001-03-21,-5.4887,-5.4887,-5.9387,-5.9137,350800.0
2001-03-22,-6.0637,-6.0637,-6.7937,-6.3737,266600.0
2001-03-23,-6.3587,-6.1487,-6.3787,-6.2537,440000.0
2001-03-26,-5.9437,-5.9437,-6.1337,-6.0537,52900.0
2001-03-27,-5.9687,-5.8687,-6.1187,-5.9687,99500.0
2001-03-28,-6.0687,-6.0687,-6.3537,-6.1937,138100.0
2001-03-29,-6.4937,-6.3987,-6.5987,-6.5187,107200.0
2001-03-30,-6.1987,-6.0687,-6.2887,-6.1687,113100.0
2001-04-02,-6.2687,-6.1437,-6.5787,-6.4537,106000.0
2001-04-03,-6.5287,-6.5187,-6.9937,-6.8687,1229500.0
2001-04-04,-6.7587,-6.5137,-6.8137,-6.6087,164000.0
2001-04-05,-6.4437,-6.1687,-6.5187,-6.2187,210700.0
2001-04-06,-6.4137,-6.1737,-6.4637,-6.1987,69800.0
2001-04-09,-6.0687,-5.8137,-6.0687,-5.8387,88900.0
2001-04-10,-5.6387,-5.4537,-5.7287,-5.5687,242000.0
2001-04-11,-5.7187,-5.6487,-5.8537,-5.8537,66200.0
2001-04-12,-5.6437,-5.5987,-5.8187,-5.6887,215400.0
2001-04-16,-5.5437,-5.3737,-5.5437,-5.3787,132300.0
2001-04-17,-5.3487,-5.2087,-5.5137,-5.2937,49700.0
2001-04-18,-5.3687,-5.1687,-5.4887,-5.3787,78900.0
2001-04-19,-5.4387,-5.4387,-5.7287,-5.6587,63800.0
2001-04-20,-5.4887,-5.4037,-5.5587,-5.4887,142500.0
2001-04-23,-5.2687,-5.0437,-5.2687,-5.0637,90700.0
2001-04-24,-4.9087,-4.8437,-5.1087,-5.0337,482900.0
2001-04-25,-5.0187,-4.7287,-5.0237,-4.7987,159300.0
2001-04-26,-4.6787,-4.4337,-4.6787,-4.4687,728200.0
2001-04-27,-4.4987,-4.4837,-4.6437,-4.5837,143400.0
2001-04-30,-4.5787,-4.3987,-4.6737,-4.5837,183200.0
2001-05-01,-4.7287,-4.5987,-4.8037,-4.6937,235200.0
2001-05-02,-5.1487,-5.1037,-5.3887,-5.3487,419000.0
2001-05-03,-5.5187,-5.4187,-5.6137,-5.4287,135200.0
2001-05-04,-5.3937,-5.0987,-5.4087,-5.1737,636500.0
2001-05-07,-5.0287,-5.0187,-5.2937,-5.1287,162600.0
2001-05-08,-5.2637,-5.1187,-5.3187,-5.1437,133900.0
2001-05-09,-5.1287,-4.8537,-5.1287,-4.8537,89400.0
2001-05-10,-4.8787,-4.8237,-5.0187,-4.9737,1699800.0
2001-05-11,-4.9937,-4.9937,-5.1937,-5.1337,30200.0
2001-05-14,-5.0237,-4.8037,-5.0337,-4.8787,82500.0
2001-05-15,-4.6787,-4.6687,-4.8187,-4.7287,137700.0
2001-05-16,-4.6387,-4.5237,-4.6687,-4.5887,397700.0
2001-05-17,-4.5987,-4.5187,-4.7187,-4.5337,68700.0
2001-05-18,-4.3687,-4.1637,-4.3837,-4.1787,536300.0
2001-05-21,-4.0687,-4.0687,-4.3187,-4.2187,589100.0
2001-05-22,-4.2487,-4.2437,-4.4687,-4.3937,152500.0
2001-05-23,-4.5687,-4.4687,-4.7587,-4.6537,2010000.0
2001-05-24,-4.7687,-4.6787,-4.8687,-4.6837,404200.0
2001-05-25,-4.6687,-4.6687,-4.8387,-4.8287,78400.0
2001-05-29,-4.6887,-4.5687,-4.8537,-4.8537,834600.0
2001-05-30,-4.8087,-4.7787,-4.9587,-4.9187,349300.0
2001-05-31,-4.8287,-4.7337,-4.9887,-4.7437,113400.0
2001-06-01,-4.7687,-4.7437,-4.9487,-4.8187,1051100.0
2001-06-04,-4.5937,-4.5287,-4.6137,-4.5937,174000.0
2001-06-05,-4.5937,-4.5037,-4.7037,-4.5437,364200.0
2001-06-06,-4.7687,-4.7687,-5.0187,-4.9737,152100.0
2001-06-07,-5.0037,-4.9737,-5.1787,-5.1687,359900.0
2001-06-08,-5.1187,-5.0587,-5.3037,-5.1237,52700.0
2001-06-11,-4.9187,-4.9137,-5.0787,-5.0787,23900.0
2001-06-12,-5.0187,-4.8787,-5.0187,-4.9537,127400.0
2001-06-13,-4.7687,-4.7387,-5.0787,-5.0337,344200.0
2001-06-14,-5.1687,-5.1487,-5.3687,-5.3687,197000.0
2001-06-15,-5.1932,-5.1232,-5.3632,-5.2482,97400.0
2001-06-18,-5.3832,-5.2382,-5.4932,-5.4282,228000.0
2001-06-19,-5.3932,-5.3932,-5.6132,-5.4432,365600.0
2001-06-20,-5.6382,-5.1382,-5.7432,-5.7432,222500.0
2001-06-21,-5.6432,-5.6432,-6.0732,-5.9782,127000.0
2001-06-22,-5.9682,-5.6782,-6.1332,-5.6782,196200.0
2001-06-25,-5.7432,-5.6782,-5.8932,-5.8632,88700.0
2001-06-26,-5.8832,-5.7582,-5.9382,-5.7682,58100.0
2001-06-27,-5.9432,-5.9432,-6.1632,-6.1432,1840100.0
2001-06-28,-6.2932,-6.2932,-6.5232,-6.4682,112500.0
2001-06-29,-6.3932,-6.1432,-6.5182,-6.2682,236700.0
2001-07-02,-6.3432,-6.1632,-6.3682,-6.3082,123000.0
2001-07-03,-6.3932,-6.2932,-6.3932,-6.3282,84800.0
2001-07-05,-6.3432,-6.0832,-6.3432,-6.1932,831000.0
2001-07-06,-6.1632,-6.1032,-6.3432,-6.2482,299200.0
2001-07-09,-6.3182,-6.2982,-6.4882,-6.4632,66200.0
2001-07-10,-6.3882,-6.3732,-6.5632,-6.4432,465400.0
2001-07-11,-6.6682,-6.5932,-6.8882,-6.6432,236000.0
2001-07-12,-6.7432,-6.6532,-6.8432,-6.6632,31700.0
2001-07-13,-6.7582,-6.4532,-6.8332,-6.6082,62800.0
2001-07-16,-6.5682,-6.5682,-6.9832,-6.8532,154400.0
2001-07-17,-6.7682,-6.7682,-7.0182,-6.9182,108800.0
2001-07-18,-7.1332,-7.0682,-7.2932,-7.0732,67400.0
2001-07-19,-6.9682,-6.7682,-6.9682,-6.9232,587200.0
2001-07-20,-6.6932,-6.5782,-6.7582,-6.6132,911800.0
2001-07-23,-6.5532,-6.4932,-6.8082,-6.7832,113000.0
2001-07-24,-6.8682,-6.8682,-7.3182,-7.3082,108100.0
2001-07-25,-7.0782,-6.5982,-7.1682,-6.6532,240500.0
2001-07-26,-6.5082,-6.3532,-6.6932,-6.3532,212900.0
2001-07-27,-6.5182,-6.2032,-6.6082,-6.2832,115800.0
2001-07-30,-6.2582,-6.1732,-6.3482,-6.2682,67000.0
2001-07-31,-6.1932,-6.1432,-6.4432,-6.4432,118900.0
2001-08-01,-6.2682,-6.2032,-6.5832,-6.4982,486900.0
2001-08-02,-6.4682,-6.4632,-6.6582,-6.5082,568400.0
2001-08-03,-6.5482,-6.5482,-6.7682,-6.7332,203000.0
2001-08-06,-6.7682,-6.6332,-6.8082,-6.7532,33200.0
2001-08-07,-6.6932,-6.6782,-6.8082,-6.7532,42700.0
2001-08-08,-6.7182,-6.7182,-7.1332,-7.0532,599100.0
2001-08-09,-7.1932,-6.9682,-7.1932,-6.9682,220100.0
2001-08-10,-6.9682,-6.7982,-7.0282,-6.9532,379300.0
2001-08-13,-6.8932,-6.7532,-6.9282,-6.8832,286100.0
2001-08-14,-6.8682,-6.7782,-6.9082,-6.8032,80700.0
2001-08-15,-6.8182,-6.4982,-6.8382,-6.5832,543700.0
2001-08-16,-6.4682,-6.4682,-6.7582,-6.6682,180600.0
2001-08-17,-6.6532,-6.6532,-6.8682,-6.7782,54100.0
2001-08-20,-6.8182,-6.8032,-6.9432,-6.8832,31900.0
2001-08-21,-6.9182,-6.7782,-7.0932,-6.8932,555300.0
2001-08-22,-6.6432,-6.5282,-6.8832,-6.8832,209100.0
2001-08-23,-6.8032,-6.7032,-6.8332,-6.7532,23000.0
2001-08-24,-6.7532,-6.6282,-6.7932,-6.6332,98200.0
2001-08-27,-6.6432,-6.5532,-6.7332,-6.6532,249800.0
2001-08-28,-6.7032,-6.7032,-6.8932,-6.8082,99200.0
2001-08-29,-6.7432,-6.6632,-6.8682,-6.8682,38800.0
2001-08-30,-6.7432,-6.7282,-7.1232,-7.0782,656900.0
2001-08-31,-7.1132,-6.9682,-7.1732,-7.0782,76200.0
2001-09-04,-7.0732,-6.7832,-7.0732,-6.9932,470500.0
2001-09-05,-7.0432,-6.9432,-7.0932,-6.9432,133000.0
2001-09-06,-6.9182,-6.9182,-7.0882,-7.0432,269800.0
2001-09-07,-7.0682,-6.9532,-7.1332,-7.0532,102000.0
2001-09-10,-7.0432,-6.9832,-7.2432,-7.0082,584300.0
2001-09-17,-7.1932,-7.1932,-7.5532,-7.3032,2009600.0
2001-09-18,-7.4432,-7.4432,-7.9982,-7.9882,598200.0
2001-09-19,-8.0682,-7.9432,-9.0082,-8.4732,242800.0
2001-09-20,-8.7432,-8.6382,-8.9182,-8.8382,983100.0
2001-09-21,-9.2227,-8.7227,-9.3227,-8.8327,1167500.0
2001-09-24,-8.9227,-8.8627,-9.2477,-9.1627,1634800.0
2001-09-25,-9.2727,-9.1227,-9.4977,-9.2977,850100.0
2001-09-26,-9.2227,-9.1477,-9.4977,-9.3827,495200.0
2001-09-27,-9.2477,-8.8677,-9.3627,-8.9077,1094400.0
2001-09-28,-8.6977,-8.4077,-8.6977,-8.4627,348500.0
2001-10-01,-8.5727,-8.5477,-8.8577,-8.6427,74900.0
2001-10-02,-8.5977,-8.2827,-8.6627,-8.3627,60700.0
2001-10-03,-8.4227,-8.1527,-8.5377,-8.1827,73700.0
2001-10-04,-8.0477,-7.6827,-8.1127,-7.8727,117200.0
2001-10-05,-7.8477,-7.7277,-8.0627,-7.7727,70600.0
2001-10-08,-7.8977,-7.5827,-8.0227,-7.7477,341000.0
2001-10-09,-7.7227,-7.6177,-7.8127,-7.7227,38500.0
2001-10-10,-7.5477,-7.0427,-7.5477,-7.1177,261200.0
2001-10-11,-7.0227,-6.9227,-7.2927,-7.1227,395200.0
2001-10-12,-7.1727,-7.0577,-7.3727,-7.2177,399000.0
2001-10-15,-7.2777,-7.2777,-7.6627,-7.4777,81400.0
2001-10-16,-7.5477,-7.2577,-7.5477,-7.3127,102400.0
2001-10-17,-7.1977,-7.0777,-7.4777,-7.3827,228400.0
2001-10-18,-7.6227,-7.5777,-7.9627,-7.9477,3142700.0
2001-10-19,-8.0477,-7.8027,-8.2377,-7.8977,369000.0
2001-10-22,-7.8727,-7.7277,-8.0377,-7.7327,1030300.0
2001-10-23,-7.9227,-7.4977,-7.9227,-7.7827,2317700.0
2001-10-24,-7.9477,-7.9327,-8.1627,-7.9727,197800.0
2001-10-25,-8.0477,-7.6327,-8.0477,-7.6327,46300.0
2001-10-26,-7.5977,-7.3627,-7.6027,-7.3677,269100.0
2001-10-29,-7.3727,-7.2477,-7.4977,-7.4977,1094800.0
2001-10-30,-7.7477,-7.7077,-7.9627,-7.9627,76400.0
2001-10-31,-7.8727,-7.6977,-8.0627,-7.9427,324900.0
2001-11-01,-7.9777,-7.7327,-8.1477,-7.7377,328500.0
2001-11-02,-7.9727,-7.9727,-8.1477,-8.1077,1089200.0
2001-11-05,-7.9477,-7.9477,-8.2127,-8.1877,383800.0
2001-11-06,-8.2727,-8.1977,-8.4977,-8.2677,230300.0
2001-11-07,-8.2727,-8.0927,-8.4127,-8.2127,2067800.0
2001-11-08,-7.9477,-7.8977,-8.0577,-7.9577,152800.0
2001-11-09,-7.7727,-7.6277,-7.8077,-7.6977,629900.0
2001-11-12,-7.8727,-7.7327,-8.0977,-7.7327,89400.0
2001-11-13,-7.7227,-7.6077,-7.8727,-7.6227,70100.0
2001-11-14,-8.0227,-7.9227,-8.3677,-8.2927,4191600.0
2001-11-15,-8.5227,-8.5127,-9.3727,-8.9527,4725200.0
2001-11-16,-8.9427,-8.6977,-9.0427,-8.7227,4478900.0
2001-11-19,-8.7477,-8.6977,-8.9927,-8.7527,1058400.0
2001-11-20,-8.4227,-8.1977,-8.4877,-8.2877,2048700.0
2001-11-21,-8.2827,-7.9377,-8.5877,-8.4577,547400.0
2001-11-23,-8.6227,-8.2977,-8.7227,-8.3377,50500.0
2001-11-26,-8.5477,-8.4977,-8.7127,-8.5527,307700.0
2001-11-27,-8.6227,-8.3827,-8.7427,-8.5427,414900.0
2001-11-28,-8.6977,-8.6027,-8.8427,-8.8427,719100.0
2001-11-29,-8.7477,-8.6277,-8.8227,-8.6277,802100.0
2001-11-30,-8.6577,-8.5777,-8.7777,-8.6927,370300.0
2001-12-03,-8.7577,-8.4077,-8.8377,-8.5227,144400.0
2001-12-04,-8.4727,-8.3227,-8.6077,-8.3427,496400.0
2001-12-05,-8.0727,-8.0077,-8.1777,-8.0727,1040400.0
2001-12-06,-8.1727,-7.9227,-8.4727,-8.4677,873600.0
2001-12-07,-8.4727,-7.9177,-8.6177,-8.3827,327900.0
2001-12-10,-8.4977,-8.4477,-8.6177,-8.5627,111900.0
2001-12-11,-8.5727,-8.5627,-8.8177,-8.7727,1213300.0
2001-12-12,-8.7727,-8.7427,-8.9027,-8.7427,303700.0
2001-12-13,-8.9177,-8.7477,-9.0227,-8.9477,59100.0
2001-12-14,-8.9227,-8.7477,-8.9727,-8.8227,260700.0
2001-12-17,-8.8227,-8.6527,-8.8927,-8.8527,55300.0
2001-12-18,-8.8227,-8.6677,-8.8227,-8.6877,134400.0
2001-12-19,-8.6827,-8.3977,-8.7677,-8.3977,230300.0
2001-12-20,-8.3977,-8.2927,-8.4677,-8.4577,88700.0
2001-12-21,-8.2697,-8.2247,-8.3697,-8.3697,131800.0
2001-12-24,-8.2597,-8.1197,-8.3197,-8.1547,325700.0
2001-12-26,-8.1447,-7.8447,-8.1447,-7.9247,341200.0
2001-12-27,-7.9547,-7.8697,-8.0447,-7.8797,193400.0
2001-12-28,-7.8447,-7.7097,-7.8847,-7.8197,408200.0
2001-12-31,-7.7947,-7.7947,-7.9697,-7.9697,121000.0
2002-01-02,-7.9697,-7.9697,-8.2697,-8.0697,289900.0
2002-01-03,-8.0397,-7.9697,-8.2147,-8.1497,309500.0
2002-01-04,-8.0197,-8.0197,-8.1947,-8.0897,580300.0
2002-01-07,-7.9947,-7.3197,-8.1697,-8.0947,332100.0
2002-01-08,-8.0797,-8.0447,-8.2197,-8.2097,266000.0
2002-01-09,-8.2197,-8.1047,-8.3147,-8.1947,449800.0
2002-01-10,-8.3047,-8.2347,-8.3397,-8.2947,42200.0
2002-01-11,-8.2747,-8.2747,-8.5597,-8.5447,140900.0
2002-01-14,-8.7197,-8.5497,-8.7197,-8.6997,308700.0
2002-01-15,-8.4947,-8.4097,-8.5347,-8.4947,122900.0
2002-01-16,-8.5697,-8.5697,-8.7697,-8.7597,216500.0
2002-01-17,-8.6897,-8.6897,-8.7997,-8.7647,114200.0
2002-01-18,-8.7947,-8.7697,-8.8797,-8.8697,185500.0
2002-01-22,-8.7547,-8.7497,-8.9897,-8.9597,168000.0
2002-01-23,-8.8847,-8.5947,-8.8847,-8.6097,300300.0
2002-01-24,-8.5947,-8.3847,-8.6697,-8.4347,132700.0
2002-01-25,-8.3447,-8.2797,-8.4397,-8.2947,470000.0
2002-01-28,-8.2447,-8.2447,-8.5647,-8.4947,99800.0
2002-01-29,-8.6847,-8.5847,-8.9247,-8.8447,467700.0
2002-01-30,-9.0297,-8.6747,-9.1197,-8.7447,577700.0
2002-01-31,-8.5947,-8.4447,-9.1047,-8.4447,390300.0
2002-02-01,-8.4347,-8.3447,-8.5247,-8.3747,258600.0
2002-02-04,-8.5197,-8.4447,-8.7497,-8.7197,635700.0
2002-02-05,-8.7697,-8.7097,-8.8947,-8.8047,277300.0
2002-02-06,-8.7097,-8.6247,-8.7297,-8.7197,758300.0
2002-02-07,-8.7697,-8.7397,-8.9047,-8.8647,718500.0
2002-02-08,-8.8197,-8.7247,-8.8947,-8.7247,302900.0
2002-02-11,-8.7197,-8.4947,-8.7797,-8.5597,235900.0
2002-02-12,-8.5747,-8.4997,-8.6497,-8.6197,75500.0
2002-02-13,-8.7197,-8.5147,-8.7297,-8.5447,159800.0
2002-02-14,-8.5597,-8.3547,-8.5597,-8.4397,786400.0
2002-02-15,-8.4697,-8.3197,-8.4847,-8.4297,555700.0
2002-02-19,-8.4697,-8.3897,-8.6197,-8.5447,731400.0
2002-02-20,-8.5697,-8.5447,-8.7447,-8.5847,422200.0
2002-02-21,-8.5697,-8.2747,-8.5697,-8.4347,1211600.0
2002-02-22,-8.3347,-8.0097,-8.3497,-8.0797,1548400.0
2002-02-25,-7.9797,-7.8747,-8.0847,-7.8897,796900.0
2002-02-26,-7.8947,-7.8697,-8.0447,-7.9597,608800.0
2002-02-27,-7.8447,-7.8197,-8.0397,-7.9697,1209300.0
2002-02-28,-7.8697,-7.8347,-8.0047,-8.0047,413800.0
2002-03-01,-7.8297,-7.7647,-7.9597,-7.8147,448700.0
2002-03-04,-7.6447,-7.5197,-7.7197,-7.5197,680800.0
2002-03-05,-7.6547,-7.4547,-7.6547,-7.5147,691400.0
2002-03-06,-7.4197,-7.1547,-7.5547,-7.2497,345100.0
2002-03-07,-7.0947,-7.0447,-7.2347,-7.1447,326700.0
2002-03-08,-6.9947,-6.9947,-7.2897,-7.2097,189100.0
2002-03-11,-7.0347,-6.9547,-7.0697,-7.0597,420900.0
2002-03-12,-7.0447,-6.8897,-7.0697,-6.9347,250700.0
2002-03-13,-6.8347,-6.7697,-7.0297,-7.0297,617100.0
2002-03-14,-6.9697,-6.9697,-7.1697,-7.0347,118400.0
2002-03-15,-6.9717,-6.8467,-7.0217,-6.9317,1567900.0
2002-03-18,-6.9017,-6.7817,-6.9617,-6.8217,87600.0
2002-03-19,-6.7417,-6.6467,-6.7967,-6.6467,376700.0
2002-03-20,-6.7717,-6.6667,-6.8567,-6.8017,251000.0
2002-03-21,-6.7917,-6.7217,-6.9467,-6.7217,355500.0
2002-03-22,-6.8967,-6.8967,-7.0717,-7.0617,191000.0
2002-03-25,-7.1467,-7.0167,-7.1917,-7.1917,90600.0
2002-03-26,-7.1717,-6.9967,-7.1717,-7.0767,134000.0
2002-03-27,-6.9567,-6.7467,-6.9567,-6.7467,344300.0
2002-03-28,-6.7717,-6.6967,-6.8567,-6.8267,693500.0
2002-04-01,-6.7467,-6.6467,-6.7967,-6.7267,516400.0
2002-04-02,-6.6367,-6.5117,-6.6517,-6.5467,494300.0
2002-04-03,-6.6217,-6.6217,-6.9267,-6.8667,615500.0
2002-04-04,-6.8467,-6.8067,-7.1967,-7.1267,656800.0
2002-04-05,-7.0717,-7.0717,-7.3167,-7.2867,354100.0
2002-04-08,-7.0217,-6.9517,-7.1767,-7.0717,241000.0
2002-04-09,-7.1817,-6.8017,-7.3517,-7.2767,576400.0
2002-04-10,-7.3217,-7.0967,-7.3217,-7.1167,225300.0
2002-04-11,-7.1617,-7.1017,-7.2917,-7.2617,607300.0
2002-04-12,-7.4717,-7.4717,-7.7567,-7.7217,674300.0
2002-04-15,-7.4617,-7.3317,-7.4617,-7.4567,297500.0
2002-04-16,-7.2467,-7.1467,-7.2817,-7.1967,104400.0
2002-04-17,-7.1467,-6.9667,-7.1467,-7.0217,685500.0
2002-04-18,-6.8867,-6.8867,-7.0217,-6.9517,121600.0
2002-04-19,-7.0617,-6.8717,-7.1067,-6.8867,118100.0
2002-04-22,-6.9217,-6.8617,-7.0967,-7.0267,498300.0
2002-04-23,-7.2117,-6.9817,-7.2617,-7.0617,333900.0
2002-04-24,-7.2317,-7.1267,-7.3167,-7.3167,335100.0
2002-04-25,-7.3067,-7.1367,-7.4167,-7.2167,667900.0
2002-04-26,-7.2367,-7.1717,-7.4317,-7.3717,449700.0
2002-04-29,-7.3717,-7.3267,-7.5017,-7.4617,102300.0
2002-04-30,-7.3867,-7.2717,-7.3867,-7.3467,60200.0
2002-05-01,-7.4467,-7.2317,-7.4867,-7.2617,278400.0
2002-05-02,-7.2167,-7.1517,-7.3067,-7.1567,327500.0
2002-05-03,-7.0417,-7.0217,-7.2017,-7.1067,50700.0
2002-05-06,-7.1917,-7.1617,-7.6167,-7.5917,303300.0
2002-05-07,-7.6217,-7.5867,-7.7267,-7.6567,227200.0
2002-05-08,-7.5217,-7.3367,-7.5867,-7.3717,213000.0
2002-05-09,-7.4367,-7.3267,-7.4967,-7.4967,198800.0
2002-05-10,-7.4367,-7.3817,-7.5317,-7.5067,125300.0
2002-05-13,-7.5867,-7.2267,-7.6167,-7.2417,122900.0
2002-05-14,-7.1217,-7.1217,-7.2667,-7.2017,202400.0
2002-05-15,-7.2267,-7.2267,-7.4967,-7.4367,383700.0
2002-05-16,-7.3417,-7.2367,-7.3817,-7.2767,169900.0
2002-05-17,-7.3617,-7.3617,-7.5417,-7.3917,511200.0
2002-05-20,-7.4467,-7.4117,-7.5167,-7.4867,55300.0
2002-05-21,-7.4867,-7.3067,-7.5217,-7.4767,679800.0
2002-05-22,-7.5167,-7.2417,-7.5167,-7.2467,718600.0
2002-05-23,-7.1817,-7.1067,-7.3117,-7.1267,240700.0
2002-05-24,-7.1517,-7.1517,-7.3267,-7.2817,173900.0
2002-05-28,-7.2317,-7.2317,-7.4067,-7.3917,186200.0
2002-05-29,-7.5767,-7.4767,-7.6817,-7.5217,110100.0
2002-05-30,-7.6817,-7.5917,-7.8817,-7.7867,252600.0
2002-05-31,-7.7317,-7.4717,-7.7317,-7.5917,328400.0
2002-06-03,-7.6467,-7.6467,-8.0217,-8.0217,71700.0
2002-06-04,-8.0217,-7.9217,-8.1667,-8.0217,149300.0
2002-06-05,-8.1917,-8.0717,-8.2367,-8.0717,245000.0
2002-06-06,-7.9217,-7.8967,-8.2667,-8.2117,55700.0
2002-06-07,-8.2167,-8.0467,-8.2717,-8.0767,168700.0
2002-06-10,-8.1317,-8.1217,-8.3617,-8.3217,83500.0
2002-06-11,-8.2467,-8.2167,-8.5217,-8.5167,125300.0
2002-06-12,-8.4517,-8.3167,-8.5167,-8.3367,61800.0
2002-06-13,-8.3617,-8.1767,-8.4567,-8.3517,247400.0
2002-06-14,-8.4967,-8.3667,-8.6467,-8.3667,105500.0
2002-06-17,-8.2417,-8.0167,-8.2567,-8.0317,417400.0
2002-06-18,-8.0317,-7.9867,-8.1217,-8.0967,265200.0
2002-06-19,-8.1467,-8.0167,-8.2667,-8.2267,53300.0
2002-06-20,-8.1417,-8.0367,-8.2567,-8.2517,614600.0
2002-06-21,-8.2937,-8.1737,-8.4637,-8.3337,262600.0
2002-06-24,-8.3337,-8.1737,-8.3887,-8.2187,257100.0
2002-06-25,-8.0437,-8.0037,-8.2937,-8.2737,439200.0
2002-06-26,-8.3437,-8.2637,-8.4687,-8.2687,124800.0
2002-06-27,-8.2037,-8.2037,-8.4037,-8.2037,281800.0
2002-06-28,-8.1687,-7.9837,-8.1687,-8.0937,269400.0
2002-07-01,-8.0637,-8.0187,-8.2187,-8.2187,59700.0
2002-07-02,-8.1437,-8.1137,-8.5137,-8.4737,68700.0
2002-07-03,-8.4687,-8.3137,-8.5937,-8.3937,73500.0
2002-07-05,-8.2937,-8.0837,-8.2937,-8.0937,35400.0
2002-07-08,-8.1287,-8.0737,-8.2837,-8.2537,64800.0
2002-07-09,-8.2787,-8.2037,-8.5287,-8.4137,163900.0
2002-07-10,-8.4787,-8.4787,-9.0037,-8.9587,167600.0
2002-07-11,-9.0437,-8.9837,-9.2987,-9.1937,605400.0
2002-07-12,-9.1787,-9.1587,-9.5387,-9.4087,489500.0
2002-07-15,-9.6187,-9.5337,-10.1637,-9.6687,179200.0
2002-07-16,-9.8787,-9.6637,-10.0187,-9.8437,280300.0
2002-07-17,-9.4037,-9.4037,-9.8137,-9.7187,274300.0
2002-07-18,-9.6937,-9.4887,-9.8337,-9.7937,104100.0
2002-07-19,-9.9687,-9.8737,-10.4937,-10.4937,621600.0
2002-07-22,-10.4687,-10.4437,-11.1937,-11.1487,5281200.0
2002-07-23,-11.0937,-10.8937,-11.3787,-11.2937,1043100.0
2002-07-24,-11.4937,-10.5887,-11.5037,-10.6387,2777700.0
2002-07-25,-10.6937,-10.4687,-10.9087,-10.6837,345700.0
2002-07-26,-10.7387,-10.5387,-10.7987,-10.5437,112500.0
2002-07-29,-10.2937,-9.9287,-10.3787,-9.9287,179400.0
2002-07-30,-10.0237,-9.9587,-10.2387,-10.1037,132900.0
2002-07-31,-10.1137,-9.8737,-10.2387,-9.9087,144200.0
2002-08-01,-10.1037,-9.9837,-10.5737,-10.5737,145500.0
2002-08-02,-10.4687,-10.4387,-10.8637,-10.6937,174900.0
2002-08-05,-10.7187,-10.5937,-11.1337,-11.0837,128600.0
2002-08-06,-10.8937,-10.5437,-10.8937,-10.7187,59900.0
2002-08-07,-10.5937,-10.5587,-10.8937,-10.5687,140900.0
2002-08-08,-10.5587,-10.1187,-10.5587,-10.1187,116300.0
2002-08-09,-10.2787,-9.8687,-10.3737,-9.9187,152600.0
2002-08-12,-10.1437,-9.8387,-10.1987,-9.9437,99300.0
2002-08-13,-9.9937,-9.8337,-10.1137,-10.1137,104700.0
2002-08-14,-9.9387,-9.6687,-10.0937,-9.6787,167800.0
2002-08-15,-9.5637,-9.3437,-9.6187,-9.3537,239900.0
2002-08-16,-9.4437,-9.4437,-9.6137,-9.5437,179200.0
2002-08-19,-9.5937,-9.3737,-9.6837,-9.4487,684800.0
2002-08-20,-9.5187,-9.5187,-9.9187,-9.7437,307300.0
2002-08-21,-9.7337,-9.6687,-9.9437,-9.7187,115400.0
2002-08-22,-9.6037,-9.3137,-9.7187,-9.3937,194400.0
2002-08-23,-9.5037,-9.4187,-9.6037,-9.5837,644900.0
2002-08-26,-9.4937,-9.3437,-9.6387,-9.4287,87100.0
2002-08-27,-9.2637,-9.1987,-9.5237,-9.4337,830300.0
2002-08-28,-9.5187,-9.5187,-9.8037,-9.7137,158400.0
2002-08-29,-9.8137,-9.7187,-10.0037,-9.8137,206700.0
2002-08-30,-9.8337,-9.5237,-9.8937,-9.7387,145500.0
2002-09-03,-9.9937,-9.4487,-10.2687,-10.1937,88900.0
2002-09-04,-10.2287,-10.0987,-10.5437,-10.2187,624500.0
2002-09-05,-10.3187,-10.1437,-10.3837,-10.1987,187300.0
2002-09-06,-10.0187,-9.9087,-10.1187,-10.0187,197900.0
2002-09-09,-10.0437,-9.9737,-10.1537,-10.0337,86300.0
2002-09-10,-9.9987,-9.7937,-9.9987,-9.7937,114300.0
2002-09-11,-9.6737,-9.6437,-9.8637,-9.8537,28200.0
2002-09-12,-9.8737,-9.8537,-10.1337,-10.1337,211400.0
2002-09-13,-10.2037,-9.9537,-10.2537,-10.0137,129300.0
2002-09-16,-10.0587,-9.8987,-10.0787,-9.9337,97800.0
2002-09-17,-10.1137,-10.1137,-10.3387,-10.2987,135500.0
2002-09-18,-10.2937,-10.1687,-10.4237,-10.2687,136300.0
2002-09-19,-10.3937,-10.2687,-10.5787,-10.5787,60500.0
2002-09-20,-10.4362,-10.3862,-10.5862,-10.5012,115000.0
2002-09-23,-10.5212,-10.4612,-10.6912,-10.5612,161700.0
2002-09-24,-10.6412,-10.6412,-10.8662,-10.8662,228800.0
2002-09-25,-10.7362,-10.5362,-10.8812,-10.5862,378500.0
2002-09-26,-10.4962,-10.1362,-10.4962,-10.1412,359000.0
2002-09-27,-10.1862,-10.0162,-10.3862,-10.3462,324300.0
2002-09-30,-10.5362,-10.4562,-10.7462,-10.5562,372000.0
2002-10-01,-10.5362,-10.1962,-10.5662,-10.2212,116200.0
2002-10-02,-10.3662,-9.9612,-10.3862,-10.3412,336800.0
2002-10-03,-10.3362,-10.1012,-10.4162,-10.2712,252700.0
2002-10-04,-10.2212,-10.1862,-10.5462,-10.4562,106700.0
2002-10-07,-10.3462,-10.2762,-10.5912,-10.5912,186000.0
2002-10-08,-10.5612,-10.5112,-10.8412,-10.7062,442600.0
2002-10-09,-10.8412,-10.6762,-10.9362,-10.9112,619400.0
2002-10-10,-10.9012,-10.6712,-11.0412,-10.6712,500300.0
2002-10-11,-10.5512,-10.4062,-10.6462,-10.4962,215300.0
2002-10-14,-10.4462,-10.1962,-10.5212,-10.2012,317300.0
2002-10-15,-9.9612,-9.8662,-10.0262,-9.8712,160600.0
2002-10-16,-9.9012,-9.8262,-10.1162,-10.0462,179700.0
2002-10-17,-9.8862,-9.7912,-10.4362,-9.8112,469500.0
2002-10-18,-9.8762,-9.7062,-9.9362,-9.8212,140800.0
2002-10-21,-9.9312,-9.7112,-9.9412,-9.7662,110100.0
2002-10-22,-9.8862,-9.4662,-10.2362,-10.0862,291200.0
2002-10-23,-10.1712,-9.8862,-10.2212,-9.9062,223000.0
2002-10-24,-9.8412,-9.7862,-10.1612,-10.0912,547900.0
2002-10-25,-10.2112,-10.2112,-10.3512,-10.2612,141400.0
2002-10-28,-10.2712,-10.0862,-10.4062,-10.2812,549500.0
2002-10-29,-10.4812,-10.4812,-10.7362,-10.5962,590500.0
2002-10-30,-10.4012,-10.1812,-10.4212,-10.2462,501600.0
2002-10-31,-10.0812,-10.0612,-10.4762,-10.3612,621800.0
2002-11-01,-10.3612,-10.0762,-10.3612,-10.0762,377600.0
2002-11-04,-10.0462,-10.0312,-10.2862,-10.2612,157600.0
2002-11-05,-10.2612,-10.0362,-10.3262,-10.0362,94600.0
2002-11-06,-9.9612,-9.8862,-10.1862,-9.9362,233400.0
2002-11-07,-10.0112,-9.8862,-10.2112,-10.1462,377800.0
2002-11-08,-10.0612,-10.0612,-10.2112,-10.2112,165700.0
2002-11-11,-10.2612,-10.1112,-10.3612,-10.3462,156400.0
2002-11-12,-10.2462,-10.2212,-10.4112,-10.3812,37800.0
2002-11-13,-10.3612,-10.3112,-10.7362,-10.6212,297600.0
2002-11-14,-10.5162,-10.2562,-10.5162,-10.2812,604000.0
2002-11-15,-10.2862,-10.1962,-10.3562,-10.1962,237100.0
2002-11-18,-10.1412,-10.1262,-10.2812,-10.1862,65700.0
2002-11-19,-10.1662,-10.0562,-10.2462,-10.1862,62100.0
2002-11-20,-10.2262,-9.9512,-10.2262,-9.9712,120000.0
2002-11-21,-9.8862,-9.8562,-10.0112,-9.8862,189800.0
2002-11-22,-9.9612,-9.9612,-10.1362,-10.1262,290300.0
2002-11-25,-10.1712,-10.0012,-10.2112,-10.0362,75500.0
2002-11-26,-10.1112,-10.1112,-10.2662,-10.2462,82000.0
2002-11-27,-10.1612,-10.0012,-10.2062,-10.0512,186400.0
2002-11-29,-9.9562,-9.8962,-10.0162,-9.9162,67500.0
2002-12-02,-9.8712,-9.8312,-9.9962,-9.8812,242100.0
2002-12-03,-9.7762,-9.6612,-9.8412,-9.7712,394100.0
2002-12-04,-9.8412,-9.8012,-9.9262,-9.8712,480000.0
2002-12-05,-9.8062,-9.7662,-9.8962,-9.7962,126800.0
2002-12-06,-9.9062,-9.6512,-9.9262,-9.6862,711900.0
2002-12-09,-9.7362,-9.5612,-9.8862,-9.8862,262800.0
2002-12-10,-9.8612,-9.7112,-9.9362,-9.7112,405200.0
2002-12-11,-9.8362,-9.7112,-9.9012,-9.7712,413500.0
2002-12-12,-9.7762,-9.6262,-9.7762,-9.6712,157800.0
2002-12-13,-9.6862,-9.6012,-9.7512,-9.7012,173900.0
2002-12-16,-9.6812,-9.4962,-9.6812,-9.5062,492400.0
2002-12-17,-9.4962,-9.4462,-9.6562,-9.6262,206600.0
2002-12-18,-9.7462,-9.6362,-9.8162,-9.7212,192800.0
2002-12-19,-9.7962,-9.6862,-9.8562,-9.8362,340900.0
2002-12-20,-9.7687,-9.6087,-9.8137,-9.6087,169600.0
2002-12-23,-9.5537,-9.5237,-9.6337,-9.5587,123900.0
2002-12-24,-9.5787,-9.5787,-9.6487,-9.6137,67800.0
2002-12-26,-9.6187,-9.5637,-9.7687,-9.7437,197300.0
2002-12-27,-9.7137,-9.6937,-9.9987,-9.9887,473600.0
2002-12-30,-9.9037,-9.8187,-9.9787,-9.9337,248100.0
2002-12-31,-9.9237,-9.9087,-10.1037,-9.9137,229500.0
2003-01-02,-9.8537,-9.6637,-9.8687,-9.6787,75700.0
2003-01-03,-9.6287,-9.6287,-9.7387,-9.6987,43100.0
2003-01-06,-9.6787,-9.5437,-9.6837,-9.6037,118800.0
2003-01-07,-9.7037,-9.7037,-10.0187,-9.9787,450200.0
2003-01-08,-9.9787,-9.9787,-10.1187,-10.0837,710400.0
2003-01-09,-9.9787,-9.8837,-10.0437,-9.9437,616300.0
2003-01-10,-10.0387,-9.9037,-10.0487,-10.0337,215600.0
2003-01-13,-10.0737,-10.0087,-10.1337,-10.0737,496800.0
2003-01-14,-9.9837,-9.9837,-10.1037,-10.0287,67100.0
2003-01-15,-10.0387,-9.9487,-10.0787,-9.9937,156500.0
2003-01-16,-9.9387,-9.8137,-9.9387,-9.8837,487100.0
2003-01-17,-9.9237,-9.8687,-10.0037,-9.9687,177600.0
2003-01-21,-10.0937,-10.0937,-10.2387,-10.2287,209400.0
2003-01-22,-10.3337,-10.1687,-10.4537,-10.2587,166100.0
2003-01-23,-10.2637,-10.1937,-10.3287,-10.2287,195500.0
2003-01-24,-10.2887,-10.2187,-10.4737,-10.4187,234700.0
2003-01-27,-10.5387,-10.4987,-10.8487,-10.7537,956200.0
2003-01-28,-10.6537,-10.5337,-10.6837,-10.5787,261600.0
2003-01-29,-10.5537,-10.1737,-10.5687,-10.2387,315300.0
2003-01-30,-10.2037,-10.0787,-10.4087,-10.4087,986200.0
2003-01-31,-10.4737,-10.1887,-10.5187,-10.1937,616700.0
2003-02-03,-10.1787,-10.0787,-10.2787,-10.1087,511900.0
2003-02-04,-10.1937,-9.9637,-10.3037,-10.0337,371100.0
2003-02-05,-9.9337,-9.9337,-10.1237,-10.1137,308800.0
2003-02-06,-10.1287,-10.0787,-10.2537,-10.1587,233800.0
2003-02-07,-10.0787,-10.0787,-10.2987,-10.2587,639700.0
2003-02-10,-10.2187,-10.1187,-10.2587,-10.1187,345000.0
2003-02-11,-10.0387,-10.0087,-10.2387,-10.1887,525300.0
2003-02-12,-10.1787,-10.1787,-10.4087,-10.3787,112300.0
2003-02-13,-10.3887,-10.3687,-10.5487,-10.4287,354400.0
2003-02-14,-10.4287,-10.2887,-10.4837,-10.3437,90200.0
2003-02-18,-10.2537,-10.1237,-10.2787,-10.1687,86000.0
2003-02-19,-10.1387,-10.0937,-10.2187,-10.1787,52300.0
2003-02-20,-10.0587,-10.0437,-10.2037,-10.2037,401100.0
2003-02-21,-10.1887,-9.9187,-10.1887,-9.9637,2248000.0
2003-02-24,-9.9287,-9.7887,-9.9637,-9.8687,432200.0
2003-02-25,-9.7337,-9.6637,-10.0087,-9.9287,421500.0
2003-02-26,-9.8987,-9.7887,-9.9537,-9.8987,325800.0
2003-02-27,-9.8037,-9.7887,-9.9987,-9.9637,281800.0
2003-02-28,-9.9437,-9.7887,-9.9437,-9.8737,215400.0
2003-03-03,-9.8987,-9.7787,-9.8987,-9.8337,126700.0
2003-03-04,-9.8037,-9.7987,-9.9187,-9.8887,1522500.0
2003-03-05,-9.8687,-9.7887,-9.9087,-9.7887,413300.0
2003-03-06,-9.7887,-9.7537,-9.8737,-9.7787,153400.0
2003-03-07,-9.8587,-9.7437,-9.9087,-9.7787,1176500.0
2003-03-10,-9.8287,-9.7387,-9.9137,-9.8937,390300.0
2003-03-11,-9.8287,-9.7887,-10.0237,-10.0037,53400.0
2003-03-12,-10.1287,-10.1287,-10.3537,-10.1787,3273900.0
2003-03-13,-10.0787,-10.0587,-10.2187,-10.1337,850400.0
2003-03-14,-10.1637,-10.0937,-10.2187,-10.1787,761900.0
2003-03-17,-10.1387,-9.9687,-10.1387,-10.0387,683800.0
2003-03-18,-10.0287,-9.8287,-10.1687,-9.8287,486500.0
2003-03-19,-9.7887,-9.7687,-9.9187,-9.8137,417300.0
2003-03-20,-9.8287,-9.6537,-9.9037,-9.7037,1052500.0
2003-03-21,-9.7342,-9.6892,-9.8542,-9.8142,110100.0
2003-03-24,-9.8142,-9.7592,-10.0192,-9.9942,577400.0
2003-03-25,-9.8992,-9.7542,-9.9242,-9.8942,316400.0
2003-03-26,-9.8192,-9.8192,-9.9342,-9.8692,360100.0
2003-03-27,-9.8942,-9.6942,-9.9142,-9.7792,815800.0
2003-03-28,-9.7842,-9.6142,-9.7842,-9.6792,306000.0
2003-03-31,-9.7442,-9.7442,-9.8692,-9.8592,420200.0
2003-04-01,-9.8442,-9.6292,-9.8442,-9.6492,280700.0
2003-04-02,-9.6842,-9.6742,-9.7692,-9.6742,325600.0
2003-04-03,-9.6742,-9.6592,-9.9192,-9.8842,1372500.0
2003-04-04,-9.8542,-9.8042,-9.8692,-9.8242,142300.0
2003-04-07,-9.7192,-9.7192,-9.9492,-9.9092,272600.0
2003-04-08,-10.0192,-9.9792,-10.0842,-10.0442,223900.0
2003-04-09,-9.9842,-9.9292,-10.0742,-10.0492,388600.0
2003-04-10,-9.9692,-9.8992,-10.0142,-9.8992,590400.0
2003-04-11,-9.9442,-9.9142,-10.0392,-9.9642,44300.0
2003-04-14,-9.9392,-9.8792,-10.0142,-9.9092,249100.0
2003-04-15,-9.9192,-9.8992,-10.0092,-9.9392,133900.0
2003-04-16,-9.9592,-9.9242,-10.1042,-10.0892,3117400.0
2003-04-17,-10.0542,-9.8642,-10.1142,-9.8692,399200.0
2003-04-21,-9.8542,-9.8042,-9.9192,-9.8742,423800.0
2003-04-22,-9.8742,-9.6692,-9.9442,-9.7192,195600.0
2003-04-23,-9.6592,-9.6442,-9.8292,-9.7192,490400.0
2003-04-24,-9.7742,-9.6692,-9.7992,-9.7592,191100.0
2003-04-25,-9.8192,-9.8192,-9.9592,-9.8992,357500.0
2003-04-28,-9.8742,-9.7392,-9.8792,-9.8492,394900.0
2003-04-29,-9.8492,-9.8492,-10.0492,-10.0042,230800.0
2003-04-30,-10.0192,-9.9192,-10.0192,-9.9542,51100.0
2003-05-01,-9.8592,-9.8592,-10.0292,-9.8992,440900.0
2003-05-02,-9.8592,-9.6792,-9.8592,-9.7242,455400.0
2003-05-05,-9.6792,-9.6342,-9.7492,-9.6542,426500.0
2003-05-06,-9.6242,-9.5942,-9.7442,-9.6692,542200.0
2003-05-07,-9.6942,-9.5342,-9.7792,-9.5942,553500.0
2003-05-08,-9.6542,-9.4942,-9.6692,-9.5792,164000.0
2003-05-09,-9.5492,-9.4692,-9.6292,-9.5042,322100.0
2003-05-12,-9.5192,-9.3692,-9.5592,-9.4492,1686200.0
2003-05-13,-9.4692,-9.2492,-9.4692,-9.3192,526600.0
2003-05-14,-9.3092,-9.2592,-9.3942,-9.2692,259100.0
2003-05-15,-9.2192,-9.2192,-9.3142,-9.2642,780700.0
2003-05-16,-9.2042,-9.1792,-9.3192,-9.2242,521900.0
2003-05-19,-9.2442,-9.2392,-9.3542,-9.3442,174400.0
2003-05-20,-9.3242,-9.3192,-9.4492,-9.3892,264500.0
2003-05-21,-9.4242,-9.0192,-9.4242,-9.0442,1190600.0
2003-05-22,-9.0442,-9.0142,-9.0942,-9.0692,239500.0
2003-05-23,-9.0592,-8.9142,-9.1242,-8.9592,729100.0
2003-05-27,-8.9992,-8.6992,-9.0192,-8.7192,314100.0
2003-05-28,-8.7392,-8.7092,-8.8942,-8.8642,504200.0
2003-05-29,-8.8092,-8.8092,-9.0192,-8.9992,389300.0
2003-05-30,-8.9292,-8.7342,-8.9492,-8.7792,497900.0
2003-06-02,-8.7192,-8.5842,-8.7592,-8.7142,598300.0
2003-06-03,-8.7092,-8.6242,-8.7942,-8.6242,571300.0
2003-06-04,-8.5992,-8.5192,-8.6892,-8.5442,554700.0
2003-06-05,-8.5692,-8.5692,-8.6992,-8.6092,158400.0
2003-06-06,-8.5942,-8.4542,-8.7192,-8.6342,246300.0
2003-06-09,-8.6942,-8.6342,-8.7392,-8.6542,144300.0
2003-06-10,-8.6592,-8.5692,-8.6842,-8.5792,70200.0
2003-06-11,-8.4942,-8.2142,-8.5592,-8.2192,1011300.0
2003-06-12,-8.1442,-8.1192,-8.4592,-8.3342,210600.0
2003-06-13,-8.3692,-8.3692,-8.6492,-8.5492,314500.0
2003-06-16,-8.5192,-8.5192,-8.7092,-8.5592,438800.0
2003-06-17,-8.6342,-8.5492,-8.7192,-8.6792,96300.0
2003-06-18,-8.7192,-8.6392,-8.8092,-8.7542,106200.0
2003-06-19,-8.7242,-8.5942,-8.7692,-8.6892,207600.0
2003-06-20,-8.6352,-8.6352,-8.7652,-8.7352,1053700.0
2003-06-23,-8.7602,-8.7202,-8.8402,-8.7702,180700.0
2003-06-24,-8.7302,-8.7152,-8.8002,-8.7802,56800.0
2003-06-25,-8.7102,-8.5702,-8.8102,-8.7602,71000.0
2003-06-26,-8.7852,-8.7002,-8.8552,-8.8152,421600.0
2003-06-27,-8.8202,-8.7602,-8.8952,-8.8602,61500.0
2003-06-30,-8.8102,-8.7952,-8.9352,-8.9352,92800.0
2003-07-01,-9.0152,-8.9052,-9.1202,-8.9452,223300.0
2003-07-02,-9.0002,-8.9202,-9.0352,-8.9602,140200.0
2003-07-03,-8.9602,-8.9352,-9.0602,-8.9802,159800.0
2003-07-07,-8.9352,-8.9352,-9.0802,-9.0602,692700.0
2003-07-08,-9.1352,-9.0202,-9.1402,-9.0802,241600.0
2003-07-09,-8.9852,-8.9252,-9.0752,-8.9602,146400.0
2003-07-10,-8.9602,-8.9602,-9.2452,-9.1402,243400.0
2003-07-11,-9.1952,-9.0452,-9.2102,-9.1052,264600.0
2003-07-14,-9.0402,-9.0402,-9.2502,-9.2102,129700.0
2003-07-15,-9.2852,-7.4602,-9.3602,-9.3102,538500.0
2003-07-16,-9.3252,-9.2702,-9.4602,-9.4202,105300.0
2003-07-17,-9.4202,-9.2602,-9.4852,-9.3452,177500.0
2003-07-18,-9.3102,-9.0302,-9.3102,-9.0802,161700.0
2003-07-21,-9.0002,-8.9752,-9.2002,-9.1452,165200.0
2003-07-22,-9.1852,-9.0852,-9.2602,-9.1752,126400.0
2003-07-23,-9.0852,-9.0852,-9.3702,-9.2402,556800.0
2003-07-24,-9.1852,-9.1302,-9.3802,-9.3502,202000.0
2003-07-25,-9.4102,-9.2452,-9.4102,-9.2452,894500.0
2003-07-28,-9.2602,-9.2302,-9.3452,-9.2952,457700.0
2003-07-29,-9.3602,-9.2752,-9.4802,-9.4602,449500.0
2003-07-30,-9.4602,-9.4002,-9.5002,-9.4452,140100.0
2003-07-31,-9.3352,-9.1652,-9.4102,-9.3602,614900.0
2003-08-01,-9.3352,-9.3352,-9.4802,-9.3902,428600.0
2003-08-04,-9.4552,-9.4202,-9.5952,-9.5102,222400.0
2003-08-05,-9.4852,-9.4002,-9.5602,-9.5602,756300.0
2003-08-06,-9.5852,-9.3352,-9.5852,-9.3602,296200.0
2003-08-07,-9.3602,-9.0702,-9.3802,-9.0702,490000.0
2003-08-08,-8.9852,-8.9852,-9.1452,-9.0352,653700.0
2003-08-11,-8.9852,-8.8852,-9.0202,-8.9802,302700.0
2003-08-12,-8.9552,-8.8902,-9.0302,-8.8952,1019500.0
2003-08-13,-8.8352,-8.8152,-8.9202,-8.9052,218500.0
2003-08-14,-8.7952,-8.7952,-8.9352,-8.8602,739700.0
2003-08-15,-8.8352,-8.8102,-8.8952,-8.8202,236100.0
2003-08-18,-8.8102,-8.7752,-8.8602,-8.8202,106800.0
2003-08-19,-8.8202,-8.7902,-8.9302,-8.8752,262000.0
2003-08-20,-8.9002,-8.7702,-8.9102,-8.8202,374800.0
2003-08-21,-8.7352,-8.6602,-8.7752,-8.7052,403400.0
2003-08-22,-8.6602,-8.6602,-8.8952,-8.8952,361100.0
2003-08-25,-8.8502,-8.8452,-8.9352,-8.8952,114500.0
2003-08-26,-8.8952,-8.8602,-9.0302,-8.8852,243000.0
2003-08-27,-8.8302,-8.7752,-8.8502,-8.8352,159500.0
2003-08-28,-8.8552,-8.6302,-8.9102,-8.6352,532700.0
2003-08-29,-8.6702,-8.6102,-8.7352,-8.6202,150600.0
2003-09-02,-8.6552,-8.5402,-8.7302,-8.5402,389300.0
2003-09-03,-8.5902,-8.4952,-8.6002,-8.5352,173400.0
2003-09-04,-8.5152,-8.5152,-8.6002,-8.5552,216000.0
2003-09-05,-8.5652,-8.5502,-8.6502,-8.6102,71700.0
2003-09-08,-8.5752,-8.4352,-8.6102,-8.4402,277600.0
2003-09-09,-8.4502,-8.4502,-8.6102,-8.5752,1171600.0
2003-09-10,-8.5752,-8.5702,-8.7102,-8.7052,674400.0
2003-09-11,-8.6202,-8.6102,-8.7452,-8.7302,106700.0
2003-09-12,-8.6852,-8.6852,-8.8052,-8.7152,116700.0
2003-09-15,-8.7502,-8.7202,-8.8052,-8.7952,218800.0
2003-09-16,-8.7602,-8.7452,-8.8352,-8.7752,71700.0
2003-09-17,-8.7802,-8.7752,-8.9602,-8.9352,169400.0
2003-09-18,-8.9602,-8.8552,-9.0152,-8.8852,375600.0
2003-09-19,-8.8747,-8.7747,-8.8947,-8.7747,173200.0
2003-09-22,-8.8147,-8.7697,-8.8997,-8.8447,177700.0
2003-09-23,-8.7597,-8.7597,-8.8397,-8.7747,56300.0
2003-09-24,-8.7247,-8.5847,-8.7497,-8.7147,308500.0
2003-09-25,-8.7247,-8.6897,-8.8247,-8.8247,111500.0
2003-09-26,-8.8497,-8.8497,-9.0097,-8.9347,204000.0
2003-09-29,-8.9347,-8.8697,-8.9997,-8.8747,95000.0
2003-09-30,-8.8597,-8.7997,-9.0247,-8.8747,107800.0
2003-10-01,-8.8997,-8.6797,-8.8997,-8.6997,155700.0
2003-10-02,-8.6997,-8.6147,-8.7697,-8.6197,113600.0
2003-10-03,-8.5847,-8.4297,-8.5947,-8.5497,628800.0
2003-10-06,-8.4997,-8.4497,-8.5247,-8.4747,76900.0
2003-10-07,-8.5397,-8.4147,-8.6097,-8.4147,579000.0
2003-10-08,-8.4747,-8.4197,-8.5747,-8.4997,308500.0
2003-10-09,-8.4747,-8.4597,-8.5747,-8.5397,230700.0
2003-10-10,-8.4997,-8.3797,-8.5047,-8.4497,228300.0
2003-10-13,-8.3747,-8.3597,-8.4697,-8.3997,541000.0
2003-10-14,-8.4497,-8.4297,-8.5447,-8.4497,674300.0
2003-10-15,-8.4247,-8.4047,-8.6697,-8.6297,556200.0
2003-10-16,-8.5747,-8.4747,-8.5847,-8.4997,113800.0
2003-10-17,-8.5497,-8.4747,-8.6297,-8.5847,100800.0
2003-10-20,-8.4747,-8.4747,-8.6947,-8.5897,137500.0
2003-10-21,-8.5497,-8.4997,-8.5997,-8.5497,155200.0
2003-10-22,-8.6247,-8.6097,-8.7497,-8.7147,454400.0
2003-10-23,-8.7497,-8.6997,-8.8547,-8.7347,106300.0
2003-10-24,-8.8247,-8.7397,-8.8297,-8.7397,129700.0
2003-10-27,-8.7497,-8.6897,-8.8097,-8.7897,242500.0
2003-10-28,-8.7497,-8.7247,-8.8397,-8.7547,286200.0
2003-10-29,-8.7297,-8.6547,-8.7947,-8.7797,240300.0
2003-10-30,-8.7997,-8.7247,-9.0197,-8.9447,344200.0
2003-10-31,-8.8897,-8.7097,-8.9147,-8.7597,151500.0
2003-11-03,-8.7297,-8.6997,-8.8347,-8.8347,278700.0
2003-11-04,-8.8697,-8.8047,-8.8947,-8.8747,153700.0
2003-11-05,-8.8497,-8.8197,-8.9097,-8.8397,374000.0
2003-11-06,-8.8497,-8.7797,-8.9097,-8.8247,136800.0
2003-11-07,-8.7797,-8.7397,-8.8197,-8.7947,219000.0
2003-11-10,-8.7747,-8.7197,-8.8447,-8.8147,98700.0
2003-11-11,-8.7697,-8.7697,-8.8747,-8.8197,222700.0
2003-11-12,-8.8497,-8.7297,-8.8497,-8.7497,240400.0
2003-11-13,-8.7497,-8.6047,-8.7497,-8.6397,139200.0
2003-11-14,-8.6097,-8.5447,-8.6597,-8.6147,469500.0
2003-11-17,-8.6997,-8.6797,-8.8197,-8.7397,144500.0
2003-11-18,-8.7247,-8.7197,-8.8547,-8.8247,265900.0
2003-11-19,-8.8347,-8.7797,-8.8747,-8.7947,250100.0
2003-11-20,-8.8897,-8.7597,-8.8897,-8.8247,277900.0
2003-11-21,-8.8497,-8.7997,-8.9497,-8.9147,348600.0
2003-11-24,-8.8997,-8.8297,-8.9047,-8.8497,186400.0
2003-11-25,-8.8497,-8.7097,-8.8697,-8.7797,315500.0
2003-11-26,-8.7047,-8.6147,-8.7547,-8.6647,391100.0
2003-11-28,-8.6147,-8.6147,-8.7097,-8.6647,144300.0
2003-12-01,-8.6047,-8.5247,-8.6497,-8.5397,191000.0
2003-12-02,-8.5397,-8.4297,-8.5597,-8.4547,900400.0
2003-12-03,-8.4547,-8.4147,-8.5247,-8.5247,249700.0
2003-12-04,-8.5397,-8.1847,-8.5397,-8.2247,445800.0
2003-12-05,-8.1797,-8.1197,-8.2247,-8.1347,581900.0
2003-12-08,-8.0997,-7.9747,-8.1497,-7.9947,557500.0
2003-12-09,-7.9647,-7.9047,-7.9897,-7.9847,1059000.0
2003-12-10,-7.9247,-7.9147,-8.0247,-7.9747,1183400.0
2003-12-11,-7.9997,-7.8897,-8.0247,-7.9097,531100.0
2003-12-12,-7.8497,-7.7497,-7.9097,-7.7647,317900.0
2003-12-15,-7.8147,-7.7997,-7.9447,-7.9297,687400.0
2003-12-16,-7.8947,-7.7197,-7.8947,-7.7347,591600.0
2003-12-17,-7.7347,-7.6097,-7.7897,-7.6097,985400.0
2003-12-18,-7.5397,-7.1947,-7.6997,-7.2547,1706800.0
2003-12-19,-7.2337,-7.2087,-7.3387,-7.2787,1107700.0
2003-12-22,-7.3337,-6.8387,-7.3387,-7.2637,392700.0
2003-12-23,-7.2837,-7.2837,-7.4387,-7.3587,752600.0
2003-12-24,-7.3687,-7.1487,-7.3687,-7.2137,173900.0
2003-12-26,-7.2287,-7.1337,-7.2287,-7.1587,338000.0
2003-12-29,-7.1387,-6.9887,-7.1887,-6.9987,555200.0
2003-12-30,-6.9837,-6.8787,-7.0237,-6.9687,509200.0
2003-12-31,-6.9237,-6.8937,-7.1137,-7.0637,764800.0
2004-01-02,-6.9337,-6.9337,-7.1387,-7.0687,494000.0
2004-01-05,-6.9887,-6.7737,-7.0087,-6.8037,824400.0
2004-01-06,-6.7887,-6.7737,-6.9087,-6.8187,684100.0
2004-01-07,-6.8937,-6.8937,-7.0487,-6.9637,1676800.0
2004-01-08,-6.9487,-6.8987,-7.0687,-6.9237,1337100.0
2004-01-09,-6.9637,-6.7387,-7.0287,-6.8537,2369800.0
2004-01-12,-6.8087,-6.7687,-6.8637,-6.8137,820000.0
2004-01-13,-6.7637,-6.6737,-6.8387,-6.8087,1003000.0
2004-01-14,-6.8137,-6.8137,-6.9337,-6.8437,830200.0
2004-01-15,-6.8137,-6.7787,-7.0837,-7.0787,1023600.0
2004-01-16,-6.9887,-6.9137,-7.0987,-6.9487,355600.0
2004-01-20,-6.8137,-6.5837,-6.8637,-6.5987,956200.0
2004-01-21,-6.5987,-6.4587,-6.6337,-6.5137,748000.0
2004-01-22,-6.4387,-6.4137,-6.6737,-6.5837,425100.0
2004-01-23,-6.5637,-6.3887,-6.5637,-6.4587,1697300.0
2004-01-26,-6.5387,-6.3437,-6.5637,-6.3737,683900.0
2004-01-27,-6.3387,-6.2837,-6.4387,-6.4037,754500.0
2004-01-28,-6.4137,-6.3787,-6.6237,-6.6087,940100.0
2004-01-29,-6.5137,-6.4787,-6.6887,-6.6187,1036100.0
2004-01-30,-6.6387,-6.5987,-6.7837,-6.7537,613500.0
2004-02-02,-6.7187,-6.6037,-6.8287,-6.6737,938900.0
2004-02-03,-6.7637,-6.6687,-6.8037,-6.7287,434500.0
2004-02-04,-6.7637,-6.7387,-6.9087,-6.8287,536000.0
2004-02-05,-6.8437,-6.8137,-7.0787,-6.9537,1040200.0
2004-02-06,-6.9337,-6.8537,-7.0137,-6.8587,515900.0
2004-02-09,-6.8387,-6.6387,-6.8387,-6.6887,721200.0
2004-02-10,-6.6637,-6.4687,-6.6837,-6.4987,941800.0
2004-02-11,-6.5387,-6.2887,-6.5737,-6.3037,2014000.0
2004-02-12,-6.3137,-6.2037,-6.3787,-6.2587,782900.0
2004-02-13,-6.2737,-6.2337,-6.3937,-6.2937,860300.0
2004-02-17,-6.1887,-6.1437,-6.2287,-6.1687,531700.0
2004-02-18,-6.1537,-6.1437,-6.3637,-6.3237,754000.0
2004-02-19,-6.2837,-6.2237,-6.3387,-6.3387,420700.0
2004-02-20,-6.2137,-6.2087,-6.4187,-6.3437,322700.0
2004-02-23,-6.2887,-6.2137,-6.3187,-6.2287,605500.0
2004-02-24,-6.2637,-6.1487,-6.2687,-6.2037,460600.0
2004-02-25,-6.2537,-6.1087,-6.2537,-6.1337,979800.0
2004-02-26,-6.1137,-6.0487,-6.1787,-6.0837,751800.0
2004-02-27,-6.0387,-5.9637,-6.0837,-6.0137,511200.0
2004-03-01,-5.9037,-5.7087,-5.9437,-5.7287,1836400.0
2004-03-02,-5.7987,-5.6887,-5.8787,-5.8587,1154500.0
2004-03-03,-5.8637,-5.8287,-6.0287,-5.8787,660600.0
2004-03-04,-5.8387,-5.8337,-5.9737,-5.9237,643500.0
2004-03-05,-5.8887,-5.7087,-5.9387,-5.7937,863900.0
2004-03-08,-5.7237,-5.5987,-5.7637,-5.7287,565000.0
2004-03-09,-5.7787,-5.7387,-5.9087,-5.8287,891800.0
2004-03-10,-5.8387,-5.8237,-6.1337,-6.0887,481400.0
2004-03-11,-6.3387,-6.1437,-6.4487,-6.4187,1593700.0
2004-03-12,-6.3137,-6.1787,-6.3687,-6.2087,544200.0
2004-03-15,-6.1387,-6.0487,-6.2137,-6.1787,871400.0
2004-03-16,-6.1137,-6.1137,-6.2887,-6.1837,586500.0
2004-03-17,-6.0387,-5.8937,-6.1237,-5.9787,1586100.0
2004-03-18,-5.9387,-5.8087,-6.0037,-5.8287,520500.0
2004-03-19,-5.8252,-5.8252,-6.1352,-6.1352,584200.0
2004-03-22,-6.1352,-6.1352,-6.3002,-6.2752,978300.0
2004-03-23,-6.2252,-6.2002,-6.4902,-6.3752,1202700.0
2004-03-24,-6.4052,-6.3202,-6.7252,-6.6802,1010800.0
2004-03-25,-6.6802,-6.6002,-6.7702,-6.7352,1013900.0
2004-03-26,-6.7002,-6.4552,-6.7002,-6.5752,775000.0
2004-03-29,-6.4752,-6.3602,-6.5302,-6.5002,1060400.0
2004-03-30,-6.4502,-6.1202,-6.5002,-6.2402,815300.0
2004-03-31,-6.2402,-6.0402,-6.2802,-6.1052,2079300.0
2004-04-01,-6.0802,-6.0252,-6.3202,-6.2752,3314500.0
2004-04-02,-6.2752,-6.1902,-6.3052,-6.2102,1160100.0
2004-04-05,-6.2502,-6.1002,-6.2502,-6.1352,541500.0
2004-04-06,-6.1352,-6.0602,-6.1902,-6.1352,592000.0
2004-04-07,-6.1502,-6.0502,-6.2802,-6.1352,1406200.0
2004-04-08,-6.0002,-5.9002,-6.0502,-6.0052,1161800.0
2004-04-12,-5.8802,-5.6502,-5.8802,-5.7252,1281200.0
2004-04-13,-5.6502,-5.6002,-5.8752,-5.8552,1258800.0
2004-04-14,-5.9002,-5.7852,-5.9852,-5.8252,1442800.0
2004-04-15,-5.8252,-5.6052,-5.8252,-5.6252,834700.0
2004-04-16,-5.5502,-5.5052,-5.6502,-5.5052,732200.0
2004-04-19,-5.5002,-5.4402,-5.6102,-5.5402,778000.0
2004-04-20,-5.5602,-5.5552,-5.8702,-5.8502,689500.0
2004-04-21,-5.9502,-5.8502,-6.0302,-5.9002,1343000.0
2004-04-22,-5.8752,-5.6052,-5.9502,-5.6052,459500.0
2004-04-23,-5.5752,-5.5752,-5.7852,-5.7252,1326800.0
2004-04-26,-5.6252,-5.5252,-5.7002,-5.6402,1103400.0
2004-04-27,-5.5252,-5.2552,-5.5502,-5.3252,2550900.0
2004-04-28,-5.3502,-5.3252,-5.5752,-5.5452,1366800.0
2004-04-29,-5.5252,-5.5052,-6.0102,-5.9102,1042200.0
2004-04-30,-5.8252,-5.7052,-5.8752,-5.8552,1252200.0
2004-05-03,-5.8102,-5.4802,-5.8752,-5.5102,2203800.0
2004-05-04,-5.3752,-5.3752,-5.6002,-5.5002,905500.0
2004-05-05,-5.6252,-5.4252,-5.7752,-5.4502,639000.0
2004-05-06,-5.3752,-5.3752,-5.6702,-5.5252,648100.0
2004-05-07,-5.5002,-5.5002,-5.8952,-5.8952,650600.0
2004-05-10,-6.0202,-6.0202,-6.4502,-6.3252,1884400.0
2004-05-11,-6.2002,-6.0502,-6.2252,-6.0752,960300.0
2004-05-12,-6.1352,-5.9252,-6.1752,-5.9852,2252000.0
2004-05-13,-6.0252,-5.8752,-6.0502,-6.0252,1564000.0
2004-05-14,-5.9752,-5.7052,-6.0252,-5.8502,1557400.0
2004-05-17,-5.8752,-5.7252,-5.8852,-5.8502,1627400.0
2004-05-18,-5.8502,-5.7752,-6.1252,-6.0702,1893700.0
2004-05-19,-6.0502,-5.9252,-6.1702,-6.1352,2993100.0
2004-05-20,-6.1002,-6.0302,-6.1752,-6.1502,1319000.0
2004-05-21,-6.0502,-6.0302,-6.2652,-6.2202,1603800.0
2004-05-24,-6.2252,-5.8602,-6.2352,-5.8902,2884700.0
2004-05-25,-5.9002,-5.6352,-5.9002,-5.6402,2283200.0
2004-05-26,-5.6002,-5.5852,-5.8052,-5.7652,2151100.0
2004-05-27,-5.8002,-5.7652,-6.0502,-5.9752,3249200.0
2004-05-28,-6.0002,-5.8752,-6.0252,-5.9002,2400700.0
2004-06-01,-5.7602,-5.6702,-5.7952,-5.6952,1931600.0
2004-06-02,-5.7002,-5.6002,-5.7552,-5.7252,1792900.0
2004-06-03,-5.7002,-5.6052,-5.8852,-5.8602,2167300.0
2004-06-04,-5.8752,-5.8552,-6.0052,-5.9352,940900.0
2004-06-07,-5.8502,-5.6552,-5.9202,-5.6602,1962700.0
2004-06-08,-5.6002,-5.5552,-5.7952,-5.7252,1769100.0
2004-06-09,-5.8502,-5.7852,-5.9952,-5.8452,3214400.0
2004-06-10,-5.7252,-5.6252,-5.7602,-5.6552,1894000.0
2004-06-14,-5.7002,-5.6002,-5.7952,-5.7702,899100.0
2004-06-15,-5.6002,-5.5002,-5.6702,-5.5552,1337700.0
2004-06-16,-5.5002,-5.2452,-5.5002,-5.2602,1934700.0
2004-06-17,-5.2602,-5.1052,-5.2752,-5.1452,911600.0
2004-06-18,-5.0432,-5.0432,-5.1682,-5.1032,865100.0
2004-06-21,-5.0882,-5.0382,-5.5482,-5.1382,476500.0
2004-06-22,-5.2132,-5.0282,-5.2232,-5.0332,1087000.0
2004-06-23,-5.0332,-4.7432,-5.0482,-4.7682,2566700.0
2004-06-24,-4.7532,-4.7182,-4.8982,-4.8632,3682300.0
2004-06-25,-4.8682,-4.8132,-4.9732,-4.9532,1423800.0
2004-06-28,-4.9632,-4.9632,-5.2482,-5.1782,3422000.0
2004-06-29,-5.2632,-5.0782,-5.2632,-5.0932,1616000.0
2004-06-30,-5.0882,-4.9382,-5.1132,-4.9732,2489900.0
2004-07-01,-4.9132,-4.9132,-5.0582,-4.9532,952100.0
2004-07-02,-4.9382,-4.8382,-5.0032,-4.8932,363300.0
2004-07-06,-4.7882,-4.7432,-4.8882,-4.8532,641700.0
2004-07-07,-4.9032,-4.7582,-4.9432,-4.7582,576700.0
2004-07-08,-4.7182,-4.6932,-4.9082,-4.8382,1566400.0
2004-07-09,-4.7632,-4.7232,-4.8482,-4.7482,517700.0
2004-07-12,-4.7482,-4.7482,-4.9132,-4.8382,833400.0
2004-07-13,-4.8732,-4.8432,-4.9832,-4.8782,776100.0
2004-07-14,-4.9132,-4.6682,-4.9132,-4.6882,1351800.0
2004-07-15,-4.6632,-4.5232,-4.7132,-4.5832,832800.0
2004-07-16,-4.4782,-4.3582,-4.5232,-4.3882,1088300.0
2004-07-19,-4.4132,-4.3482,-4.5232,-4.4432,717000.0
2004-07-20,-4.4382,-4.4382,-4.5482,-4.4932,665200.0
2004-07-21,-4.4932,-4.3632,-4.7832,-4.7832,1015200.0
2004-07-22,-4.8132,-4.6632,-4.8532,-4.7332,1835700.0
2004-07-23,-4.7232,-4.7182,-4.8582,-4.7932,2736300.0
2004-07-26,-4.8132,-4.7232,-5.0432,-4.9332,1955900.0
2004-07-27,-5.0282,-4.7332,-5.0382,-4.7732,1770600.0
2004-07-28,-4.8132,-4.6332,-4.8382,-4.6632,1805200.0
2004-07-29,-4.5882,-4.5232,-4.7182,-4.5482,1574100.0
2004-07-30,-4.4632,-4.4382,-4.5232,-4.4882,1078900.0
2004-08-02,-4.4632,-4.4632,-4.6832,-4.5082,888000.0
2004-08-03,-4.4632,-4.2882,-4.4632,-4.3132,1918000.0
2004-08-04,-4.2882,-4.2882,-4.7132,-4.6932,3842100.0
2004-08-05,-4.7132,-4.6132,-4.9382,-4.9332,2372400.0
2004-08-06,-4.9132,-4.8882,-5.2832,-5.2482,2739100.0
2004-08-09,-5.0232,-4.8782,-5.2432,-4.9982,2115800.0
2004-08-10,-4.9882,-4.9132,-5.1082,-5.0582,2278900.0
2004-08-11,-5.0982,-5.0332,-5.2882,-5.1382,4724300.0
2004-08-12,-5.0882,-5.0282,-5.3382,-5.3382,2015400.0
2004-08-13,-5.3132,-5.0982,-5.3132,-5.1482,1652800.0
2004-08-16,-5.1382,-5.0532,-5.1882,-5.0532,889900.0
2004-08-17,-5.0882,-5.0732,-5.4332,-5.4132,5468000.0
2004-08-18,-5.3332,-5.1932,-5.3332,-5.2132,2190900.0
2004-08-19,-5.1382,-5.0532,-5.2082,-5.1632,2264500.0
2004-08-20,-5.0382,-4.8432,-5.0382,-5.0032,2204100.0
2004-08-23,-4.9682,-4.9482,-5.2032,-5.1982,1656900.0
2004-08-24,-5.2582,-5.2132,-5.3882,-5.2382,1881100.0
2004-08-25,-5.2132,-5.1182,-5.2132,-5.1382,2187200.0
2004-08-26,-5.1432,-4.9932,-5.2582,-5.0282,1312400.0
2004-08-27,-4.9882,-4.8832,-4.9882,-4.9282,1019800.0
2004-08-30,-4.9632,-4.8082,-5.0382,-4.9982,1970500.0
2004-08-31,-4.9132,-4.7132,-4.9582,-4.7382,1131100.0
2004-09-01,-4.7132,-4.4382,-4.7332,-4.4582,2222200.0
2004-09-02,-4.4032,-4.3282,-4.4632,-4.3282,1363200.0
2004-09-03,-4.3332,-4.2532,-4.3882,-4.2932,2269200.0
2004-09-07,-4.3382,-4.2932,-4.4632,-4.3132,1313100.0
2004-09-08,-4.4132,-4.2382,-4.4132,-4.2982,2848000.0
2004-09-09,-4.2882,-4.0382,-4.2882,-4.0632,1885700.0
2004-09-10,-4.0632,-4.0432,-4.2332,-4.1532,2258000.0
2004-09-13,-4.0882,-4.0082,-4.0982,-4.0382,1781300.0
2004-09-14,-3.9932,-3.9082,-4.0632,-3.9632,1525000.0
2004-09-15,-3.7682,-3.7682,-4.0432,-4.0182,2519100.0
2004-09-16,-4.0382,-3.9382,-4.0632,-3.9682,1103300.0
2004-09-17,-3.8667,-3.6667,-3.8917,-3.6867,2439900.0
2004-09-20,-3.6417,-3.5517,-3.6967,-3.6817,1626800.0
2004-09-21,-3.6467,-3.2217,-3.6517,-3.2617,3892800.0
2004-09-22,-3.2967,-3.2967,-3.4717,-3.3717,3337800.0
2004-09-23,-3.4217,-3.4217,-3.6467,-3.5317,3171900.0
2004-09-24,-3.5317,-3.2817,-3.5317,-3.3367,3236700.0
2004-09-27,-3.2717,-3.2167,-3.4567,-3.3467,2068100.0
2004-09-28,-3.2217,-3.0067,-3.2367,-3.0517,2498600.0
2004-09-29,-3.0867,-3.0467,-3.3917,-3.2867,3216800.0
2004-09-30,-3.2217,-3.1117,-3.2517,-3.1817,862000.0
2004-10-01,-3.1217,-2.9067,-3.2017,-2.9317,1179600.0
2004-10-04,-2.9217,-2.8817,-3.0217,-2.9517,2240900.0
2004-10-05,-2.8117,-2.7117,-2.8717,-2.7617,2835400.0
2004-10-06,-2.7467,-2.4317,-2.7467,-2.4317,3002800.0
2004-10-07,-2.3467,-2.2317,-2.6317,-2.5717,3650500.0
2004-10-08,-2.4717,-2.4367,-2.6767,-2.5517,2246400.0
2004-10-11,-2.4617,-2.4617,-2.8017,-2.7067,2421000.0
2004-10-12,-2.7217,-2.6217,-2.9167,-2.9117,2696400.0
2004-10-13,-2.9717,-2.9717,-3.4717,-3.2817,7057500.0
2004-10-14,-3.1717,-2.9867,-3.2117,-3.1417,4634300.0
2004-10-15,-2.9817,-2.9717,-3.1617,-3.0667,1766900.0
2004-10-18,-3.0717,-2.9967,-3.3067,-3.3017,1690800.0
2004-10-19,-3.3217,-3.2367,-3.4417,-3.3517,1704700.0
2004-10-20,-3.2917,-2.9567,-3.3217,-2.9717,2475200.0
2004-10-21,-2.9167,-2.7617,-3.4217,-2.8717,2468200.0
2004-10-22,-2.8267,-2.6917,-2.9217,-2.9067,1429900.0
2004-10-25,-2.8717,-2.8017,-3.0167,-2.8917,2573000.0
2004-10-26,-2.9467,-2.6817,-2.9467,-2.6967,1827400.0
2004-10-27,-2.6717,-2.5817,-3.1317,-3.0067,5301000.0
2004-10-28,-3.0767,-3.0017,-3.4217,-3.3167,7696800.0
2004-10-29,-3.4217,-3.0717,-3.4217,-3.0767,4532100.0
2004-11-01,-2.9717,-2.8867,-3.2917,-3.1817,3995900.0
2004-11-02,-3.2467,-3.1817,-3.4867,-3.4417,6923400.0
2004-11-03,-3.0967,-3.0217,-3.3467,-3.0967,3467100.0
2004-11-04,-3.0517,-2.8467,-3.0517,-2.8867,3599600.0
2004-11-05,-2.7967,-2.6917,-2.8867,-2.7817,6127500.0
2004-11-08,-2.7867,-2.7867,-3.1217,-3.0767,3533300.0
2004-11-09,-3.1967,-3.0817,-3.2617,-3.2367,5589600.0
2004-11-10,-3.1217,-2.9967,-3.3517,-3.0317,5078700.0
2004-11-11,-3.0867,-2.9867,-3.1317,-3.0667,3028500.0
2004-11-12,-3.0967,-2.6767,-3.1467,-2.6967,2878600.0
2004-11-15,-2.7717,-2.7717,-3.1917,-3.0867,4111800.0
2004-11-16,-3.0467,-2.9317,-3.0867,-3.0867,2441800.0
2004-11-17,-3.0517,-2.7867,-3.0517,-2.8117,3969500.0
2004-11-18,-2.7517,-2.6467,-2.8317,-2.6717,2194400.0
2004-11-19,-2.5717,-2.3917,-2.6567,-2.4567,3933100.0
2004-11-22,-2.4317,-2.1467,-2.4567,-2.1667,3709800.0
2004-11-23,-2.1467,-1.9517,-2.1617,-2.0517,1845900.0
2004-11-24,-1.9967,-1.8967,-2.2017,-1.8967,3549100.0
2004-11-26,-1.8367,-1.6967,-1.8467,-1.8167,1032100.0
2004-11-29,-1.7217,-1.7217,-2.1217,-1.9167,2701800.0
2004-11-30,-1.9167,-1.8367,-1.9467,-1.8917,3486300.0
2004-12-01,-1.9467,-1.8867,-2.3767,-2.3417,6172100.0
2004-12-02,-2.4967,-2.4517,-2.9667,-2.8267,6398600.0
2004-12-03,-2.8817,-2.6117,-2.8867,-2.6517,3980100.0
2004-12-06,-2.3567,-2.3567,-2.7767,-2.6417,1497700.0
2004-12-07,-2.6217,-2.4817,-3.0167,-3.0167,3441100.0
2004-12-08,-3.1467,-2.8517,-3.2667,-2.8967,4574100.0
2004-12-09,-2.8467,-2.7467,-2.9917,-2.7467,3255900.0
2004-12-10,-2.7317,-2.6417,-2.9267,-2.8717,2796500.0
2004-12-13,-2.8467,-2.5567,-2.8467,-2.5567,3040100.0
2004-12-14,-2.5717,-2.4667,-2.6417,-2.5017,2411400.0
2004-12-15,-2.4567,-2.3217,-2.5967,-2.3667,5307800.0
2004-12-16,-2.3617,-2.3617,-2.6367,-2.5517,2678800.0
2004-12-17,-2.6212,-2.4712,-2.6212,-2.5562,3142400.0
2004-12-20,-2.4612,-2.3112,-2.5212,-2.3362,1947300.0
2004-12-21,-2.3912,-2.1712,-2.3912,-2.1812,2912300.0
2004-12-22,-2.1812,-2.1212,-2.6012,-2.4312,3989100.0
2004-12-23,-2.3862,-2.3062,-2.4362,-2.3262,2130600.0
2004-12-27,-2.5812,-2.3312,-2.6512,-2.6462,4467600.0
2004-12-28,-2.6312,-2.4662,-2.6312,-2.5212,2194600.0
2004-12-29,-2.6562,-2.3762,-2.6562,-2.3862,2106800.0
2004-12-30,-2.4112,-2.4012,-2.4862,-2.4662,1153800.0
2004-12-31,-2.4912,-2.3562,-2.5212,-2.4212,631400.0
2005-01-03,-2.5312,-2.4812,-3.0912,-3.0912,3981600.0
2005-01-04,-2.9812,-2.9062,-3.1912,-3.1812,6333300.0
2005-01-05,-3.1812,-3.0562,-3.3012,-3.2562,3974000.0
2005-01-06,-3.3062,-2.8262,-3.3112,-2.9562,5028800.0
2005-01-07,-2.8812,-2.8812,-3.2512,-3.0962,4722900.0
2005-01-10,-2.9062,-2.7812,-3.0312,-2.9662,4501800.0
2005-01-11,-2.9712,-2.8862,-3.0812,-2.9412,1647900.0
2005-01-12,-2.8812,-2.6312,-2.9762,-2.6312,3524000.0
2005-01-13,-2.5062,-2.3662,-2.6062,-2.5112,3599800.0
2005-01-14,-2.4562,-2.3462,-2.5562,-2.3512,1646000.0
2005-01-18,-2.2312,-2.1262,-2.2862,-2.1712,4108000.0
2005-01-19,-2.2562,-2.1012,-2.2562,-2.2362,2677000.0
2005-01-20,-2.2812,-2.2812,-2.5562,-2.4212,3944200.0
2005-01-21,-2.3062,-2.1612,-2.3862,-2.3812,4351800.0
2005-01-24,-2.1812,-2.0712,-2.2412,-2.2212,3857500.0
2005-01-25,-2.1062,-2.0562,-2.2812,-2.1462,2128500.0
2005-01-26,-2.1162,-1.9362,-2.1762,-1.9662,3548200.0
2005-01-27,-2.0062,-1.7262,-2.0312,-1.8012,2962300.0
2005-01-28,-1.9062,-1.9062,-2.0912,-2.0262,4998900.0
2005-01-31,-2.0812,-1.7312,-2.1562,-1.8062,5630700.0
2005-02-01,-1.7012,-1.4812,-1.7262,-1.4862,4165500.0
2005-02-02,-1.4062,-1.2112,-1.4712,-1.2212,3102600.0
2005-02-03,-1.3312,-1.1112,-1.3962,-1.1412,2935100.0
2005-02-04,-1.0812,-1.0262,-1.1862,-1.0562,4417800.0
2005-02-07,-1.0062,-0.9812,-1.3262,-1.1862,3673800.0
2005-02-08,-1.2712,-1.0112,-1.3012,-1.0462,2172600.0
2005-02-09,-1.0312,-0.8912,-1.2362,-1.0812,5913200.0
2005-02-10,-0.8712,-0.5212,-0.9562,-0.5462,5704200.0
2005-02-11,-0.5662,-0.2662,-0.6062,-0.3712,4245200.0
2005-02-14,-0.3462,-0.2662,-0.3912,-0.3462,2877100.0
2005-02-15,-0.2562,-0.2412,-0.4512,-0.3012,2719600.0
2005-02-16,-0.2412,0.2938,-0.2862,0.2688,5429800.0
2005-02-17,0.3188,0.4138,-0.0462,-0.0112,5190100.0
2005-02-18,0.0338,0.5488,0.0188,0.4438,6549700.0
2005-02-22,0.6688,0.8038,0.2788,0.2938,6597300.0
2005-02-23,0.2688,0.5938,0.2688,0.5588,3254700.0
2005-02-24,0.6438,0.9938,0.5438,0.9738,5047600.0
2005-02-25,1.0588,1.6138,1.0088,1.5038,6798100.0
2005-02-28,1.6688,1.7938,0.6238,1.3438,9474200.0
2005-03-01,1.2938,1.4188,0.8888,0.9188,7461200.0
2005-03-02,0.8288,1.2738,0.7788,1.2338,6115700.0
2005-03-03,1.3188,1.6388,1.2938,1.5938,9861700.0
2005-03-04,1.6188,1.9638,1.4788,1.8788,5991000.0
2005-03-07,1.7938,1.8988,1.4688,1.7238,7201800.0
2005-03-08,1.6438,1.8838,1.6188,1.6988,5793400.0
2005-03-09,1.8638,1.9888,1.0438,1.0838,15424300.0
2005-03-10,1.0688,1.1938,0.4438,0.6438,19840700.0
2005-03-11,0.5738,1.0188,0.5138,0.8188,10945300.0
2005-03-14,0.8688,1.0388,0.4838,0.9738,10158200.0
2005-03-15,1.0188,1.2538,0.6688,0.6738,11354600.0
2005-03-16,0.6688,1.0438,0.4688,0.7438,11903200.0
2005-03-17,0.8688,1.1438,0.8688,1.1138,11794600.0
2005-03-18,1.4158,1.4158,1.1108,1.3808,8065700.0
2005-03-21,1.3408,1.4408,1.0108,1.1908,8859700.0
2005-03-22,1.1158,1.5208,0.9008,0.9308,9789900.0
2005-03-23,0.6908,0.7858,0.3408,0.5208,24306500.0
2005-03-24,0.6408,0.8258,0.3058,0.5058,10880400.0
2005-03-28,0.5408,0.6558,0.3408,0.5308,10815600.0
2005-03-29,0.5408,0.8008,0.1608,0.1908,9197400.0
2005-03-30,0.2408,0.5308,-0.1192,0.5008,24174200.0
2005-03-31,0.8358,0.9908,0.6908,0.9258,12476100.0
2005-04-01,1.2058,1.4858,0.9158,1.4558,8915200.0
2005-04-04,1.5408,1.7308,1.1008,1.2658,14104200.0
2005-04-05,1.0708,1.3658,0.8408,0.9908,8951800.0
2005-04-06,0.9858,1.4308,0.8408,1.3308,10446500.0
2005-04-07,1.4908,1.5908,1.0008,1.2458,19290700.0
2005-04-08,1.0908,1.2858,0.8458,0.8508,11710700.0
2005-04-11,0.8158,1.0558,0.6408,1.0108,11623200.0
2005-04-12,0.9358,1.0108,0.5708,0.6708,14680400.0
2005-04-13,0.4958,0.7908,0.1408,0.1508,18088700.0
2005-04-14,0.2658,0.5008,0.0758,0.1408,19534900.0
2005-04-15,0.0158,0.1158,-0.6742,-0.6442,40279100.0
2005-04-18,-0.6642,-0.2442,-0.8042,-0.2842,29037300.0
2005-04-19,-0.0292,0.3158,-0.1292,0.1908,20131500.0
2005-04-20,0.3258,0.3958,-0.2342,-0.2342,20361000.0
2005-04-21,-0.1792,0.4658,-0.2342,0.4658,14684500.0
2005-04-22,0.5408,0.7358,0.2158,0.5108,11451900.0
2005-04-25,0.6908,0.9358,0.6458,0.8058,12958500.0
2005-04-26,0.7408,0.8908,0.4558,0.4558,14065000.0
2005-04-27,0.4458,0.4908,-0.0992,-0.0842,28944300.0
2005-04-28,-0.2342,-0.1592,-0.5242,-0.4942,21923100.0
2005-04-29,-0.3092,-0.1242,-0.5042,-0.2342,14899400.0
2005-05-02,-0.2642,0.1558,-0.4242,0.1308,22852800.0
2005-05-03,0.0908,0.0908,-0.4292,-0.3542,11764400.0
2005-05-04,-0.3542,-0.0992,-0.8292,-0.1192,17709000.0
2005-05-05,0.0658,0.2158,-0.1342,0.1008,13363800.0
2005-05-06,0.1908,0.3758,0.0158,0.0408,8890800.0
2005-05-09,0.1408,0.3308,0.0708,0.3158,9262400.0
2005-05-10,0.3358,0.3358,-0.0942,-0.0342,15286900.0
2005-05-11,-0.1792,0.1108,-0.2592,0.0908,10680200.0
2005-05-12,-0.0842,0.0158,-0.8292,-0.8092,23389300.0
2005-05-13,-0.6592,-0.6592,-1.2092,-1.1092,22101400.0
2005-05-16,-1.2142,-1.1592,-1.5392,-1.1942,24119300.0
2005-05-17,-1.1742,-0.8142,-1.2342,-0.8492,18542900.0
2005-05-18,-0.6792,-0.5192,-1.0092,-0.8892,27926900.0
2005-05-19,-0.7892,-0.5142,-0.9592,-0.5342,15768200.0
2005-05-20,-0.6342,-0.4092,-0.6892,-0.6842,11816500.0
2005-05-23,-0.5592,-0.2792,-0.6192,-0.3542,9986100.0
2005-05-24,-0.3242,-0.1992,-0.3692,-0.2692,12034500.0
2005-05-25,-0.2242,0.1408,-0.3542,0.0408,15605400.0
2005-05-26,0.0758,0.2008,-0.0492,0.1458,8959900.0
2005-05-27,0.2308,0.4958,0.1908,0.4908,10041200.0
2005-05-31,0.5358,0.5358,0.1758,0.3308,8458400.0
2005-06-01,0.4508,0.7908,0.3958,0.7258,13915900.0
2005-06-02,0.6808,0.8208,0.4908,0.6858,15985100.0
2005-06-03,0.7258,0.9158,0.6658,0.8058,9111100.0
2005-06-06,0.9408,0.9408,0.6858,0.8708,6465800.0
2005-06-07,0.8908,1.0308,0.6508,0.6658,9301100.0
2005-06-08,0.6458,1.0608,0.5608,0.7258,16616200.0
2005-06-09,0.7908,1.3608,0.7408,1.3408,16468600.0
2005-06-10,1.3008,1.3808,1.0708,1.3158,11706600.0
2005-06-13,1.1958,1.4658,1.1358,1.4008,10933300.0
2005-06-14,1.3158,1.5758,1.3158,1.5358,10563100.0
2005-06-15,1.4908,1.8008,1.4908,1.8008,11246800.0
2005-06-16,1.8608,2.1158,1.7858,2.1158,9819300.0
2005-06-17,2.4613,2.5163,2.1913,2.4813,19227700.0
2005-06-20,2.5663,2.6363,2.3263,2.5063,9616800.0
2005-06-21,2.1863,2.4713,2.0063,2.0213,16646500.0
2005-06-22,2.0613,2.2963,1.8513,2.1513,23739200.0
2005-06-23,2.1663,2.5813,2.1413,2.1713,14937500.0
2005-06-24,2.2613,2.3613,2.0013,2.0313,8983700.0
2005-06-27,2.2113,2.4413,2.1363,2.3763,11092100.0
2005-06-28,2.2863,2.3763,1.9463,1.9513,11666500.0
2005-06-29,1.9013,2.0813,1.7363,1.9313,12513500.0
2005-06-30,1.9613,2.2113,1.7663,1.7863,14718300.0
2005-07-01,1.8163,2.2913,1.8163,2.2813,8116500.0
2005-07-05,2.4713,2.9763,2.3813,2.9613,16743500.0
2005-07-06,3.2113,3.2113,2.4813,2.5413,14679100.0
2005-07-07,2.2363,2.8413,2.2363,2.8363,15694200.0
2005-07-08,2.9313,3.0363,2.5013,2.6813,14988700.0
2005-07-11,2.4613,2.8713,2.3963,2.8513,9960300.0
2005-07-12,2.9663,3.1763,2.7913,3.0613,13785200.0
2005-07-13,3.0713,3.1613,2.8363,2.9263,11765100.0
2005-07-14,2.9163,3.0763,2.2363,2.3663,30253400.0
2005-07-15,2.5613,2.5613,2.1563,2.2463,21364600.0
2005-07-18,2.0713,2.2863,1.9913,2.1513,12683300.0
2005-07-19,2.2613,2.6363,2.1363,2.6363,12304600.0
2005-07-20,2.6263,2.7363,2.3363,2.6613,11020300.0
2005-07-21,2.5763,2.7413,2.3013,2.4363,11852600.0
2005-07-22,2.6713,3.2913,2.6613,3.2563,24122200.0
2005-07-25,3.1513,3.6663,3.1513,3.4763,17041700.0
2005-07-26,3.4513,3.5863,3.2863,3.4213,7902600.0
2005-07-27,3.4613,3.5563,3.1913,3.5413,12272500.0
2005-07-28,3.6463,3.7113,3.3463,3.6113,8278200.0
2005-07-29,3.8013,3.8013,3.3563,3.3613,8819500.0
2005-08-01,3.4713,3.7313,3.4513,3.6113,7080600.0
2005-08-02,3.7063,4.0313,3.6713,4.0113,7836800.0
2005-08-03,4.2063,4.2113,3.8163,3.8913,10623600.0
2005-08-04,3.8613,4.1863,3.8613,3.9413,10541600.0
2005-08-05,3.9613,4.0613,3.5863,3.7563,9195800.0
2005-08-08,3.9513,4.3613,3.9513,4.1063,11482800.0
2005-08-09,4.1713,4.2363,3.9363,4.0513,8927600.0
2005-08-10,4.1863,4.4963,4.1113,4.4513,11965700.0
2005-08-11,4.5413,4.7663,4.4163,4.6913,12801800.0
2005-08-12,4.8113,4.8363,4.5213,4.6463,9179100.0
2005-08-15,4.5363,4.6113,4.3113,4.4013,10230500.0
2005-08-16,4.3463,4.4213,3.8463,3.8563,16692400.0
2005-08-17,3.8363,4.1113,3.1863,3.2963,28063700.0
2005-08-18,3.1363,3.3963,2.9963,3.2463,16293900.0
2005-08-19,3.3863,3.7213,3.3863,3.6513,12275400.0
2005-08-22,3.7913,4.0063,3.4663,3.7113,13100200.0
2005-08-23,3.7113,3.8613,3.3863,3.6663,16924900.0
2005-08-24,3.8613,4.0613,3.6563,3.8963,14560400.0
2005-08-25,3.9963,3.9963,3.6963,3.8313,12897300.0
2005-08-26,3.7163,3.9313,3.5363,3.5563,10193900.0
2005-08-29,4.0613,4.0863,3.5613,3.7513,15090800.0
2005-08-30,3.8513,4.2713,3.8363,4.2013,15099100.0
2005-08-31,4.2213,5.0063,4.1763,4.8813,21407400.0
2005-09-01,5.2113,5.5763,5.0613,5.5413,19806400.0
2005-09-02,5.3363,5.3363,4.9763,5.0363,14483000.0
2005-09-06,5.0413,5.2713,4.7813,5.2163,12097300.0
2005-09-07,5.1563,5.5363,5.1013,5.2563,13099100.0
2005-09-08,5.1863,5.4963,5.1863,5.2913,15902100.0
2005-09-09,5.4013,5.9713,5.4013,5.9613,13490000.0
2005-09-12,5.8563,5.9113,5.3813,5.4213,13978500.0
2005-09-13,5.4363,5.6363,5.1963,5.2013,10862900.0
2005-09-14,5.3413,5.6363,5.2313,5.5213,11781800.0
2005-09-15,5.7513,5.7713,5.2063,5.5213,14960500.0
2005-09-16,5.6103,5.8003,5.5503,5.7753,13895200.0
2005-09-19,6.0903,6.6103,6.0353,6.4653,16191300.0
2005-09-20,6.3603,6.4803,6.0453,6.2103,15213300.0
2005-09-21,6.7353,6.7903,6.3703,6.5853,19926000.0
2005-09-22,6.9603,6.9603,5.8603,6.3853,25917100.0
2005-09-23,6.2353,6.3353,5.7653,5.9153,16032000.0
2005-09-26,5.7353,6.4403,5.7353,6.3953,11712000.0
2005-09-27,6.2203,6.4253,6.0853,6.4153,7098000.0
2005-09-28,6.5853,6.6853,6.1803,6.6353,17224100.0
2005-09-29,6.8003,6.9153,6.5653,6.8953,13452300.0
2005-09-30,6.8253,6.8803,6.4303,6.4703,10168300.0
2005-10-03,6.6603,6.7853,6.3003,6.4003,6628700.0
2005-10-04,6.1653,6.2853,5.3903,5.4353,17605700.0
2005-10-05,5.4853,5.5403,4.4453,4.4453,31555900.0
2005-10-06,3.8353,4.3953,3.4653,3.8553,50851100.0
2005-10-07,4.1503,4.4403,4.0103,4.4003,21520800.0
2005-10-10,4.3853,4.4453,3.8553,4.0253,16225500.0
2005-10-11,4.3653,4.7603,4.2603,4.6103,17041300.0
2005-10-12,4.6853,4.7003,3.9853,4.1303,20663500.0
2005-10-13,3.8353,3.9853,2.9903,3.4653,39214200.0
2005-10-14,3.2853,3.8953,2.9353,3.8053,31082000.0
2005-10-17,4.3353,4.3353,3.9653,4.1053,14986600.0
2005-10-18,3.7953,4.0303,2.9653,2.9703,31284700.0
2005-10-19,2.9853,3.5403,2.4603,3.4953,46289800.0
2005-10-20,3.3353,3.4453,2.1053,2.4103,47943900.0
2005-10-21,2.5253,3.0403,2.3153,2.6453,31481700.0
2005-10-24,2.5353,3.4703,2.5303,3.4653,30348400.0
2005-10-25,3.5503,4.0803,3.4103,3.9603,33587700.0
2005-10-26,3.9553,4.6053,3.7103,3.8153,30925900.0
2005-10-27,3.9103,4.0703,3.1203,3.1303,27264300.0
2005-10-28,3.1603,3.8803,2.7903,3.7703,28279400.0
2005-10-31,3.9103,4.3803,3.7153,4.0453,22680400.0
2005-11-01,3.9153,4.2603,3.8853,4.1953,20702500.0
2005-11-02,4.1653,4.6903,4.1103,4.6753,20929700.0
2005-11-03,4.8753,5.2803,4.7903,5.1503,18998700.0
2005-11-04,5.0103,5.1103,4.3303,4.3853,29471100.0
2005-11-07,4.2353,4.4203,3.8253,3.9553,21536700.0
2005-11-08,3.8903,4.3353,3.7753,4.1603,13473900.0
2005-11-09,4.0853,4.5553,3.7103,3.9353,32216000.0
2005-11-10,3.7503,3.7603,3.0003,3.1803,40046200.0
2005-11-11,3.0103,3.5003,3.0103,3.3703,15590200.0
2005-11-14,3.7103,3.7353,3.2903,3.4953,15448600.0
2005-11-15,3.4553,4.1053,3.4253,3.5353,25190600.0
2005-11-16,3.5353,4.1553,3.5053,4.1553,22875500.0
2005-11-17,4.4303,4.4353,3.9453,4.1453,18462000.0
2005-11-18,4.2353,4.3303,3.8703,4.1553,24014400.0
2005-11-21,4.4003,4.7653,4.2703,4.7653,17802700.0
2005-11-22,5.0103,5.2203,4.8453,5.1653,14411500.0
2005-11-23,4.9653,5.3053,4.8003,5.0703,12215100.0
2005-11-25,5.0603,5.2453,5.0403,5.1353,3675000.0
2005-11-28,4.9903,4.9903,4.2453,4.2753,22096100.0
2005-11-29,4.4853,4.6153,4.2353,4.3153,14992500.0
2005-11-30,4.2603,4.6853,4.2603,4.4103,17762900.0
2005-12-01,4.6103,5.1953,4.6053,5.1953,18678500.0
2005-12-02,5.4103,5.4103,4.9503,5.2203,15438900.0
2005-12-05,5.4853,5.6353,5.2653,5.4003,20271400.0
2005-12-06,5.3403,5.7353,5.2503,5.5103,14015000.0
2005-12-07,5.6803,5.9053,5.2503,5.4153,33403000.0
2005-12-08,5.4753,5.8953,5.4353,5.8703,16306600.0
2005-12-09,5.6403,5.8103,5.4303,5.5453,14143400.0
2005-12-12,5.8903,5.9003,5.6053,5.8803,13506200.0
2005-12-13,5.9603,6.2303,5.7353,5.7703,18906600.0
2005-12-14,5.7853,6.1153,5.6753,6.0853,15863600.0
2005-12-15,5.9353,6.1103,5.6853,5.8753,15361200.0
2005-12-16,5.8788,5.9988,5.2038,5.2388,22733300.0
2005-12-19,5.3638,5.5038,5.0238,5.0288,19436200.0
2005-12-20,5.1038,5.4538,5.1038,5.3738,14594500.0
2005-12-21,5.4538,5.6888,5.3088,5.4288,17689200.0
2005-12-22,5.5788,5.6338,5.3188,5.3988,8416100.0
2005-12-23,5.1488,5.4188,4.9088,5.3288,13896500.0
2005-12-27,5.1038,5.1038,4.4338,4.5738,25652100.0
2005-12-28,4.7238,5.0938,4.6938,4.9488,19398900.0
2005-12-29,4.9038,5.1888,4.7288,4.7538,12562100.0
2005-12-30,4.6038,5.0538,4.5238,4.8588,12112800.0
2006-01-03,5.0188,6.0538,5.0188,6.0538,24190200.0
2006-01-04,5.9038,6.1788,5.6988,6.1288,19997900.0
2006-01-05,6.1788,6.2038,5.5438,5.7938,23561000.0
2006-01-06,6.2188,6.5038,6.0888,6.4338,18145900.0
2006-01-09,6.4288,6.5488,6.1438,6.4038,15235200.0
2006-01-10,6.4038,6.8338,6.3538,6.6938,17491300.0
2006-01-11,6.5788,6.9288,6.2538,6.8088,19714500.0
2006-01-12,7.0288,7.2238,6.5488,6.6138,22318800.0
2006-01-13,6.3788,6.9888,6.3788,6.9338,17708000.0
2006-01-17,7.3538,7.5588,7.2688,7.5338,15398000.0
2006-01-18,7.4588,7.5288,6.7988,7.1838,21610100.0
2006-01-19,7.0138,7.8538,7.0138,7.7838,26410100.0
2006-01-20,8.1538,8.4588,7.7038,7.9088,28718900.0
2006-01-23,7.7538,8.3538,7.6588,8.2188,21652100.0
2006-01-24,7.9638,8.3038,7.9588,8.0488,19697100.0
2006-01-25,8.3088,8.3538,7.1788,7.4538,37098400.0
2006-01-26,7.3838,7.5788,6.9788,7.5438,27029700.0
2006-01-27,7.7588,8.1588,7.7088,8.0288,22876500.0
2006-01-30,8.3588,8.8438,8.3038,8.6788,28847200.0
2006-01-31,8.5788,8.6788,8.3388,8.5338,17568700.0
2006-02-01,8.4488,8.7388,7.8338,7.8488,32495600.0
2006-02-02,7.6988,7.9988,7.2038,7.5688,35982200.0
2006-02-03,7.5788,7.6438,7.1738,7.3138,20860900.0
2006-02-06,7.5838,8.0288,7.5538,7.8538,21974900.0
2006-02-07,7.5538,7.5538,6.5638,6.6788,36514300.0
2006-02-08,6.7488,6.8288,6.1038,6.6838,44288700.0
2006-02-09,6.9538,7.1788,6.0138,6.0688,31248100.0
2006-02-10,6.1538,6.2888,5.4988,5.9738,43382500.0
2006-02-13,6.0288,6.3538,5.7388,5.8688,23419600.0
2006-02-14,5.4538,5.8288,5.3438,5.5738,30850000.0
2006-02-15,5.7288,5.9538,5.2488,5.4338,52032200.0
2006-02-16,5.6838,6.0638,5.6738,6.0238,27136400.0
2006-02-17,6.5588,6.6938,6.0538,6.2088,23606600.0
2006-02-21,6.6538,6.9538,6.5088,6.7288,20876200.0
2006-02-22,6.5038,6.5288,6.0988,6.2238,24284000.0
2006-02-23,6.1588,6.5488,5.7538,6.1938,28979300.0
2006-02-24,6.7038,6.7688,6.4838,6.5188,16514700.0
2006-02-27,6.3788,6.4538,6.0538,6.0538,16032600.0
2006-02-28,5.9788,5.9788,5.6388,5.8738,23835000.0
2006-03-01,6.0738,6.3338,5.9938,6.3188,13395400.0
2006-03-02,6.4038,6.8138,6.2988,6.7638,21050300.0
2006-03-03,6.5138,6.9638,6.4788,6.7688,22522600.0
2006-03-06,6.5288,6.5938,5.8138,5.8288,23586100.0
2006-03-07,5.7138,5.7338,5.2838,5.4438,23866100.0
2006-03-08,5.1888,5.7488,5.0288,5.4438,40786600.0
2006-03-09,5.7038,5.8138,5.2438,5.2588,22813500.0
2006-03-10,5.1538,5.5788,4.9788,5.3988,23899700.0
2006-03-13,5.5488,5.9338,5.4788,5.9038,11998500.0
2006-03-14,6.0038,6.4288,5.4238,6.3888,16598800.0
2006-03-15,6.2538,6.5338,6.1588,6.5288,21665200.0
2006-03-16,6.4438,6.9888,6.3538,6.9538,27302400.0
2006-03-17,6.9343,7.1093,6.5843,6.6093,23296800.0
2006-03-20,6.5343,6.7293,5.9843,6.0143,22892700.0
2006-03-21,5.9343,6.3593,5.7943,5.9693,25416400.0
2006-03-22,5.9693,6.4943,5.9493,6.1443,21962800.0
2006-03-23,6.3643,6.5793,6.2943,6.5343,17357000.0
2006-03-24,6.5093,6.9343,6.4943,6.7143,21258500.0
2006-03-27,6.5093,6.9243,6.4243,6.8543,19370600.0
2006-03-28,7.0093,7.3293,6.9743,7.0643,22502400.0
2006-03-29,6.9843,7.4043,6.9843,7.3843,18209600.0
2006-03-30,7.4343,7.6343,7.2493,7.3693,23430100.0
2006-03-31,7.1343,7.1593,6.8143,6.9843,25848900.0
2006-04-03,7.1593,7.6243,7.0543,7.1343,18381500.0
2006-04-04,6.9093,7.5443,6.9093,7.4943,13776000.0
2006-04-05,7.4843,7.9593,7.3393,7.9493,20414800.0
2006-04-06,8.1643,8.2143,7.7193,8.0093,21271800.0
2006-04-07,7.8843,7.9943,7.4143,7.4593,21693700.0
2006-04-10,7.7693,8.0593,7.6843,7.9843,17285200.0
2006-04-11,8.2343,8.3443,7.6493,7.7843,13795100.0
2006-04-12,7.6993,7.9543,7.4693,7.5993,16350100.0
2006-04-13,7.3143,7.7143,7.1793,7.6893,11403600.0
2006-04-17,8.1193,8.2043,7.8793,8.2043,13715700.0
2006-04-18,8.4343,8.9493,8.3843,8.8993,29224400.0
2006-04-19,8.7343,9.3593,8.6843,9.3493,24264600.0
2006-04-20,9.1843,9.3743,8.5343,9.0443,26265000.0
2006-04-21,9.2593,9.7093,9.0443,9.6543,19604600.0
2006-04-24,9.5343,9.5843,9.0443,9.1993,29817700.0
2006-04-25,9.5093,9.6493,8.4893,8.8193,33836300.0
2006-04-26,8.8793,9.3493,8.3243,8.3593,29427100.0
2006-04-27,7.7093,8.5843,7.4093,8.0343,44879500.0
2006-04-28,8.2193,8.7143,8.2193,8.3543,19053900.0
2006-05-01,8.5593,9.0993,8.4993,8.8243,19595800.0
2006-05-02,9.1493,9.5043,8.9693,9.4693,19041500.0
2006-05-03,9.3543,9.4643,8.7893,9.0093,25784700.0
2006-05-04,8.7593,9.1443,8.3493,8.8743,27809200.0
2006-05-05,9.2243,9.3593,8.9743,9.2143,15718400.0
2006-05-08,8.8443,9.1393,8.5843,9.0843,17092700.0
2006-05-09,8.9843,9.4093,8.9543,9.2593,13166700.0
2006-05-10,9.1693,9.5393,9.0693,9.5343,20594400.0
2006-05-11,9.7893,9.8593,9.0593,9.1493,21775700.0
2006-05-12,9.0593,9.0593,8.1193,8.1543,35139100.0
2006-05-15,7.5993,8.0343,7.2493,7.5593,29083300.0
2006-05-16,7.7343,8.0443,7.4043,7.6593,20602600.0
2006-05-17,7.4093,7.7393,6.7443,6.9493,36464600.0
2006-05-18,6.9643,7.2593,6.5843,6.6193,24759300.0
2006-05-19,6.4743,7.0093,6.0793,6.7943,40303800.0
2006-05-22,6.3343,6.8543,5.9093,6.6393,37538800.0
2006-05-23,7.1393,7.4843,6.5343,6.6443,29175900.0
2006-05-24,6.3343,6.8593,5.8593,6.3143,38274800.0
2006-05-25,6.6793,7.3393,6.5393,7.2443,32247900.0
2006-05-26,7.2293,7.4443,7.0893,7.3343,14383300.0
2006-05-30,7.5843,7.7343,6.8693,6.8993,19404600.0
2006-05-31,6.8043,7.5593,6.7943,7.5593,19920700.0
2006-06-01,7.2843,7.7793,7.0893,7.6343,19853900.0
2006-06-02,7.9093,8.0993,7.5793,8.0493,17686300.0
2006-06-05,8.3643,8.3743,7.1393,7.1593,36698700.0
2006-06-06,7.1043,7.4643,6.8793,7.1343,24921700.0
2006-06-07,6.9443,7.0793,6.0843,6.0843,46406400.0
2006-06-08,5.8943,6.5093,5.2593,6.4543,75385500.0
2006-06-09,6.6893,6.6893,5.9393,6.1843,31437000.0
2006-06-12,6.3443,6.5043,5.6043,5.6443,21739000.0
2006-06-13,5.3093,5.7143,4.7893,4.8793,37585600.0
2006-06-14,4.9743,5.5743,4.8843,5.5243,39586200.0
2006-06-15,5.8443,6.6743,5.8043,6.5043,38283300.0
2006-06-16,6.4078,6.6178,5.9428,6.4328,29671600.0
2006-06-19,6.3328,6.3328,5.4028,5.4328,46720700.0
2006-06-20,5.6978,5.9178,5.2478,5.3128,22317700.0
2006-06-21,5.3978,6.1928,5.3778,5.8828,39253500.0
2006-06-22,5.8828,6.1328,5.6778,5.9928,17693400.0
2006-06-23,6.5278,6.7578,6.4828,6.5728,26865900.0
2006-06-26,6.5328,6.9028,6.3228,6.8678,16526600.0
2006-06-27,7.0478,7.2728,6.8628,6.9178,24147400.0
2006-06-28,6.9978,7.4478,6.9828,7.3828,22124000.0
2006-06-29,7.5528,8.1728,7.5528,8.1628,30392600.0
2006-06-30,8.2728,8.4278,8.0128,8.2578,11346200.0
2006-07-03,8.4078,8.6478,8.3228,8.5628,3831000.0
2006-07-05,8.3978,8.7628,8.0828,8.6928,16414900.0
2006-07-06,8.6578,8.9128,8.5128,8.6178,16848600.0
2006-07-07,8.7328,8.9878,8.1378,8.2278,19687300.0
2006-07-10,8.2428,8.6028,8.1028,8.3128,14610200.0
2006-07-11,8.4078,8.9128,8.3878,8.8328,12987500.0
2006-07-12,8.9528,9.0028,8.6028,8.7328,15130200.0
2006-07-13,8.8578,8.9178,8.4078,8.4578,18516300.0
2006-07-14,8.6828,8.8428,8.1628,8.7928,17629000.0
2006-07-17,8.4928,8.6378,7.7128,7.8578,32419400.0
2006-07-18,8.1078,8.2328,7.5128,7.8928,18979000.0
2006-07-19,7.8028,8.2828,7.7028,8.1828,22578200.0
2006-07-20,8.2578,8.2778,7.4978,7.4978,18935300.0
2006-07-21,7.6378,7.6378,7.0078,7.1228,30416500.0
2006-07-24,7.1328,7.9928,7.1328,7.9428,22568500.0
2006-07-25,8.1378,8.4778,7.9528,8.4328,19038900.0
2006-07-26,8.2628,9.1678,8.2228,9.0078,19654700.0
2006-07-27,9.3378,9.3728,8.6878,8.7578,17332300.0
2006-07-28,8.6028,8.8478,8.3128,8.7678,14726300.0
2006-07-31,8.9828,9.3578,8.7628,9.2078,15521500.0
2006-08-01,9.1528,9.3178,8.8778,9.2428,11043000.0
2006-08-02,9.5628,9.8228,9.0978,9.3028,17777300.0
2006-08-03,8.8828,9.3578,8.8578,9.0478,11710500.0
2006-08-04,9.1328,9.2978,8.5478,8.8028,16829700.0
2006-08-07,9.0128,9.2828,8.7828,9.1078,19058100.0
2006-08-08,9.0578,9.2978,8.8978,8.9378,20301800.0
2006-08-09,9.2328,9.5578,9.1128,9.1828,18526600.0
2006-08-10,9.0128,9.0828,8.7078,8.9428,17835400.0
2006-08-11,8.9078,9.0428,8.7178,8.9578,8161300.0
2006-08-14,8.7428,8.7428,7.8128,8.3578,16721700.0
2006-08-15,8.6078,8.7228,8.2628,8.5028,16599400.0
2006-08-16,8.4028,8.8328,8.1778,8.3828,22339600.0
2006-08-17,8.1028,8.2478,7.9478,8.1828,34993600.0
2006-08-18,8.3828,8.6328,8.0328,8.6228,13639800.0
2006-08-21,8.8528,8.9428,8.6978,8.8128,12368500.0
2006-08-22,8.7828,9.0078,8.7378,9.0078,6958900.0
2006-08-23,8.8728,8.9528,8.3678,8.3978,12151800.0
2006-08-24,8.4828,8.8228,8.3628,8.7678,10852300.0
2006-08-25,9.0328,9.2578,8.9128,8.9928,13189400.0
2006-08-28,8.6328,8.8078,8.5178,8.5728,17593200.0
2006-08-29,8.4228,8.4228,8.1078,8.3928,13488500.0
2006-08-30,8.2878,8.3978,7.6678,7.9128,19990500.0
2006-08-31,7.8728,8.0328,7.6528,7.7178,10966500.0
2006-09-01,7.8828,8.1328,7.7878,8.1328,8748500.0
2006-09-05,8.0328,8.5178,8.0028,8.5028,16610200.0
2006-09-06,8.1978,8.2328,7.5028,7.5328,17227000.0
2006-09-07,7.3828,7.6778,7.2578,7.5578,25232800.0
2006-09-08,7.4378,7.6628,6.8578,6.8578,16800800.0
2006-09-11,6.5278,6.6078,5.9478,6.0228,44412100.0
2006-09-12,6.0728,6.3028,5.7128,5.8578,25096500.0
2006-09-13,6.0828,6.5678,6.0678,6.3978,22526000.0
2006-09-14,6.3828,6.5378,5.7278,5.8078,30635700.0
2006-09-15,5.9113,6.0263,5.6813,5.8963,30567700.0
2006-09-18,6.0463,6.6563,5.9463,6.5213,33310400.0
2006-09-19,6.5213,6.6513,5.8313,6.1213,26296400.0
2006-09-20,5.8713,6.1063,5.3463,5.4213,29323700.0
2006-09-21,5.5463,6.0163,5.4913,5.7463,23830400.0
2006-09-22,5.9263,5.9913,5.4513,5.6363,24287500.0
2006-09-25,5.3213,5.8513,5.0563,5.6713,34940400.0
2006-09-26,5.4713,6.2613,5.4713,6.2363,31139900.0
2006-09-27,6.5413,6.7563,6.1113,6.6713,35176100.0
2006-09-28,6.6663,6.9563,6.5163,6.5863,24248100.0
2006-09-29,6.4213,6.8463,6.3563,6.6963,16863900.0
2006-10-02,6.5813,6.8813,6.3763,6.3913,14947700.0
2006-10-03,5.9713,6.0613,5.4213,5.4213,34060500.0
2006-10-04,5.5613,5.9013,5.0713,5.7963,37666200.0
2006-10-05,6.2713,6.3863,5.9863,6.2913,31421400.0
2006-10-06,6.0713,6.3263,5.8513,6.3163,25608200.0
2006-10-09,6.5413,6.5913,5.9163,5.9213,20278600.0
2006-10-10,5.7713,6.4663,5.7713,6.4063,26771800.0
2006-10-11,6.2613,6.3763,5.9313,5.9863,21725700.0
2006-10-12,6.1463,6.5963,6.1363,6.5963,23140200.0
2006-10-13,6.7863,7.1663,6.7063,6.9613,27233700.0
2006-10-16,6.9213,7.5963,6.8763,7.5963,28112300.0
2006-10-17,7.5213,7.5363,7.1063,7.2963,22786300.0
2006-10-18,7.2613,7.5213,6.9113,7.1213,28710800.0
2006-10-19,7.2513,7.6813,7.1213,7.6813,18634400.0
2006-10-20,7.7963,7.7963,7.2213,7.3213,27554300.0
2006-10-23,7.1463,7.4913,7.0063,7.3713,19120400.0
2006-10-24,7.3263,7.9413,7.2213,7.8713,17725500.0
2006-10-25,7.8063,8.5413,7.7013,8.3513,29933800.0
2006-10-26,8.6813,8.6963,8.0813,8.2863,20414900.0
2006-10-27,8.2613,8.4713,7.9663,8.0563,21020600.0
2006-10-30,7.6713,7.9263,7.4963,7.5513,38501700.0
2006-10-31,7.5463,7.9063,7.1963,7.8363,30609700.0
2006-11-01,7.7813,7.9813,7.3413,7.5513,27517400.0
2006-11-02,7.3913,7.8363,7.3313,7.6613,18089000.0
2006-11-03,7.8413,8.3413,7.8363,8.2713,31898500.0
2006-11-06,8.1713,8.5713,8.0713,8.4763,19484800.0
2006-11-07,8.4763,8.5463,8.0563,8.2563,31357000.0
2006-11-08,8.0763,8.7763,8.0763,8.7313,23062200.0
2006-11-09,8.9563,9.2713,8.7913,8.9713,20691100.0
2006-11-10,8.9063,8.9463,8.5163,8.6963,17297800.0
2006-11-13,8.4763,8.9113,8.3763,8.6463,18944500.0
2006-11-14,8.8363,8.8713,8.5963,8.8163,16591300.0
2006-11-15,8.9663,9.2163,8.7463,9.0863,17303100.0
2006-11-16,9.2813,9.2813,8.2213,8.2863,34538300.0
2006-11-17,7.9863,8.5713,7.9313,8.5213,25283500.0
2006-11-20,8.3913,8.6963,8.2263,8.4463,26130100.0
2006-11-21,8.5063,9.0013,8.5063,8.9713,13886500.0
2006-11-22,8.8263,9.0413,8.4963,8.8013,18872500.0
2006-11-24,8.6913,8.9913,8.6363,8.7413,4512000.0
2006-11-27,8.8413,8.9713,8.4863,8.6113,13033000.0
2006-11-28,8.7163,9.1963,8.7113,9.0713,17813300.0
2006-11-29,9.1963,10.1363,9.1613,9.9963,28196600.0
2006-11-30,9.9963,10.3863,9.8713,10.2263,26443700.0
2006-12-01,10.0263,10.3513,9.7113,10.3313,22244700.0
2006-12-04,10.1213,10.3063,9.9863,10.2863,18398200.0
2006-12-05,10.4713,10.6063,10.0963,10.4063,22700800.0
2006-12-06,10.2963,10.6713,10.2063,10.3213,20039500.0
2006-12-07,10.1963,10.3613,9.9863,10.1413,17318700.0
2006-12-08,10.2813,10.4563,10.0563,10.1063,14311900.0
2006-12-11,9.9763,10.2513,9.8713,10.0313,18443000.0
2006-12-12,10.1213,10.3263,9.8963,10.1013,18981000.0
2006-12-13,10.1213,10.5013,10.0763,10.4063,19772300.0
2006-12-14,10.5713,11.0363,10.4263,10.8463,22807100.0
2006-12-15,11.0033,11.0033,10.5333,10.5683,18060300.0
2006-12-18,10.6133,10.6133,9.6783,9.6883,35612500.0
2006-12-19,9.5283,10.2383,9.3133,10.1933,20475100.0
2006-12-20,10.2583,10.2583,9.7233,9.7833,17582200.0
2006-12-21,9.8133,9.9733,9.3633,9.6433,24209800.0
2006-12-22,9.4683,9.7633,9.3583,9.3583,11829500.0
2006-12-26,9.3133,9.6583,9.1583,9.3933,10125800.0
2006-12-27,9.3583,9.7383,9.2583,9.7383,9326900.0
2006-12-28,9.8133,9.8883,9.5783,9.6733,12174200.0
2006-12-29,9.5633,9.6633,9.3783,9.3783,8064700.0
2007-01-03,9.2183,9.2583,8.1433,8.3533,47465500.0
2007-01-04,8.0033,8.1833,7.7083,7.8383,50881900.0
2007-01-05,7.8533,8.1033,7.6583,8.0233,38303500.0
2007-01-08,8.3033,8.4133,7.7583,8.0233,32973800.0
2007-01-09,7.6333,7.9833,7.4633,7.7833,37018100.0
2007-01-10,7.6133,7.6483,7.1483,7.2483,38030600.0
2007-01-11,7.3383,7.9283,7.0083,7.0933,48841400.0
2007-01-12,7.1883,7.8633,7.1633,7.7833,31538300.0
2007-01-16,7.5883,7.8783,7.3533,7.4983,31363500.0
2007-01-17,7.4533,7.9233,7.4483,7.8033,36131800.0
2007-01-18,7.9383,8.1083,7.4183,7.5983,31171500.0
2007-01-19,7.7883,8.3633,7.7283,8.3533,31281700.0
2007-01-22,8.5133,8.5183,8.0133,8.1583,31568900.0
2007-01-23,8.3783,9.0183,8.3783,8.8883,36266500.0
2007-01-24,8.8083,9.0233,8.4633,9.0133,21974300.0
2007-01-25,8.9133,8.9683,8.2283,8.4183,22143700.0
2007-01-26,8.6133,8.7033,8.3483,8.4883,13821400.0
2007-01-29,8.4983,8.7133,8.2283,8.3483,19949800.0
2007-01-30,8.4683,8.9983,8.4033,8.9233,21511100.0
2007-01-31,8.8733,9.1983,8.7133,9.1083,27845800.0
2007-02-01,9.1133,9.4033,8.9483,9.2133,23084200.0
2007-02-02,9.3783,9.5283,9.0433,9.3783,18443000.0
2007-02-05,9.4383,9.6133,9.2583,9.3483,13109400.0
2007-02-06,9.5233,9.5333,9.0833,9.2583,19296400.0
2007-02-07,9.3583,9.4933,8.9183,9.0833,19590800.0
2007-02-08,9.0783,9.4333,8.9283,9.3783,24855800.0
2007-02-09,9.4133,9.5183,9.1233,9.2583,19041200.0
2007-02-12,8.9633,9.0833,8.7333,8.8533,18696400.0
2007-02-13,8.9683,9.2783,8.9583,9.2733,15026800.0
2007-02-14,9.2183,9.5833,9.1233,9.2783,23518000.0
2007-02-15,9.1933,9.2683,8.8233,9.0583,24961100.0
2007-02-16,9.0633,9.1033,8.9333,9.0633,16274600.0
2007-02-20,8.7483,8.8183,8.6233,8.7383,16283400.0
2007-02-21,8.7383,9.0983,8.5683,9.0533,20426700.0
2007-02-22,9.0583,9.4183,8.9133,9.3133,21558600.0
2007-02-23,9.5683,9.5783,9.3183,9.3883,16639400.0
2007-02-26,9.6483,9.8283,9.4883,9.5633,21164000.0
2007-02-27,9.1233,9.5133,8.2883,8.3883,52385800.0
2007-02-28,8.5133,8.9033,8.4283,8.5383,32625200.0
2007-03-01,8.2233,8.7983,7.5883,8.4233,31906200.0
2007-03-02,8.4683,8.5333,7.9233,8.0883,33790100.0
2007-03-05,7.6383,8.1933,7.5333,7.7633,36381200.0
2007-03-06,8.1683,8.3633,8.0033,8.2883,21932100.0
2007-03-07,8.3533,9.1783,8.2233,8.6383,44430100.0
2007-03-08,9.0283,9.0433,8.6933,8.8883,23206900.0
2007-03-09,8.9183,9.0833,8.6833,8.7633,21747800.0
2007-03-12,8.5633,8.8483,8.5383,8.7233,21401600.0
2007-03-13,8.7133,9.0733,8.2883,8.3383,31470600.0
2007-03-14,8.4633,8.7483,8.1633,8.6633,37926800.0
2007-03-15,8.6583,8.8683,8.5483,8.6583,20805900.0
2007-03-16,8.8218,8.8418,8.2868,8.3518,28048500.0
2007-03-19,8.6318,8.9418,8.5668,8.8018,21578800.0
2007-03-20,8.8318,9.1018,8.7368,9.0068,24125300.0
2007-03-21,9.2218,9.6968,9.0868,9.5268,24425400.0
2007-03-22,9.6818,10.2468,9.6818,10.1168,33616500.0
2007-03-23,10.2518,10.3668,10.0668,10.2668,14930200.0
2007-03-26,10.5068,10.6568,10.0418,10.4768,19012300.0
2007-03-27,10.4018,10.5318,10.2418,10.5318,17171000.0
2007-03-28,10.7268,10.7268,10.3018,10.5268,18572600.0
2007-03-29,10.6218,10.7368,10.4018,10.7168,23297100.0
2007-03-30,10.5868,10.6318,10.1068,10.2968,21185300.0
2007-04-02,10.2868,10.6818,10.2518,10.5918,17895400.0
2007-04-03,10.4718,10.8118,10.3718,10.7818,16158100.0
2007-04-04,10.5818,10.8968,10.4668,10.8318,15812400.0
2007-04-05,10.9118,11.0668,10.7868,11.0318,12185900.0
2007-04-09,10.9768,11.3118,10.8668,10.9168,19617600.0
2007-04-10,10.9818,11.4618,10.9368,11.3818,17188400.0
2007-04-11,11.3918,11.5418,11.1068,11.1918,24847500.0
2007-04-12,11.2318,11.6768,11.1468,11.6668,16836100.0
2007-04-13,11.7218,11.7418,11.5068,11.6818,13394300.0
2007-04-16,11.7518,11.9168,11.4468,11.8668,14168000.0
2007-04-17,11.9418,12.0268,11.5218,11.6868,14520300.0
2007-04-18,11.5418,11.5968,11.3618,11.5768,15571200.0
2007-04-19,11.3368,11.3868,11.0768,11.1368,16121200.0
2007-04-20,11.4268,11.8368,11.4268,11.7068,18203900.0
2007-04-23,11.7168,12.0518,11.6568,11.7418,20016800.0
2007-04-24,11.7118,11.7818,11.4818,11.6468,21380300.0
2007-04-25,11.7718,12.4418,11.7568,12.2368,28846300.0
2007-04-26,12.2118,12.3868,11.9768,12.2268,19139300.0
2007-04-27,12.1518,12.4518,11.9968,12.2218,14125200.0
2007-04-30,12.2268,12.5318,11.8418,11.8418,17561000.0
2007-05-01,11.8768,12.0868,11.6468,11.9818,26729600.0
2007-05-02,12.0868,12.3618,11.9968,12.2468,16662200.0
2007-05-03,12.1168,12.6718,12.0868,12.5068,17053300.0
2007-05-04,12.6568,13.0268,12.4218,12.4818,20444400.0
2007-05-07,12.3668,12.6268,12.3318,12.5668,11273400.0
2007-05-08,12.4568,12.6468,12.1568,12.5718,15386200.0
2007-05-09,12.5368,12.6968,12.1818,12.5568,22117200.0
2007-05-10,12.6868,12.7218,11.9868,12.0318,20797200.0
2007-05-11,12.0818,12.7818,12.0468,12.7618,21323900.0
2007-05-14,12.7518,12.9718,12.6568,12.7718,16524800.0
2007-05-15,12.8218,13.1568,12.7318,12.8818,16058800.0
2007-05-16,12.8468,13.0318,12.4968,13.0068,17440400.0
2007-05-17,13.1068,13.7018,12.8368,13.5318,18773500.0
2007-05-18,13.6568,14.0818,13.6268,14.0718,21232300.0
2007-05-21,14.1918,14.6668,14.1168,14.3568,45360000.0
2007-05-22,14.3218,14.5868,14.0368,14.0368,25106000.0
2007-05-23,14.1668,14.5518,14.1068,14.1068,24868500.0
2007-05-24,14.1868,14.4868,13.4518,13.4868,28178300.0
2007-05-25,13.8518,14.0768,13.7668,14.0068,13020800.0
2007-05-29,13.8568,14.0418,13.5468,13.7818,20560900.0
2007-05-30,13.6418,14.5318,13.5668,14.4868,19253000.0
2007-05-31,14.5768,14.6918,14.1768,14.3068,16701500.0
2007-06-01,14.4768,14.7468,14.4618,14.6168,11914900.0
2007-06-04,14.5218,15.1918,14.4768,15.1568,17668000.0
2007-06-05,14.9518,15.1368,14.7618,15.0318,15326000.0
2007-06-06,14.9118,14.9118,14.4068,14.5868,18985400.0
2007-06-07,14.5268,14.7818,13.8618,13.9768,20154300.0
2007-06-08,13.7368,14.1868,13.5518,14.1168,20989600.0
2007-06-11,14.1868,14.6468,14.0318,14.3768,13795100.0
2007-06-12,14.3318,14.5068,13.9568,13.9568,20556900.0
2007-06-13,14.1268,14.7018,14.0568,14.6318,25243700.0
2007-06-14,14.7218,15.3718,14.7118,15.2118,19200500.0
2007-06-15,15.5133,15.8533,15.4683,15.7483,16225200.0
2007-06-18,15.7933,15.9683,15.7033,15.7883,11637800.0
2007-06-19,15.7483,15.9833,15.5683,15.8283,11434200.0
2007-06-20,15.8133,15.9233,14.6583,14.7933,29625400.0
2007-06-21,15.0233,15.5183,14.8933,15.4833,22856700.0
2007-06-22,15.4083,15.5233,14.7583,15.1333,19854600.0
2007-06-25,14.9083,15.3283,14.6833,14.8533,24926700.0
2007-06-26,14.8733,14.9633,14.0633,14.1083,25824000.0
2007-06-27,13.9833,14.7783,13.7333,14.6333,23699900.0
2007-06-28,14.8583,15.0983,14.5133,14.6333,17255300.0
2007-06-29,14.8333,15.1833,14.5733,14.7533,18233600.0
2007-07-02,14.8133,15.3633,14.8133,15.3633,16080000.0
2007-07-03,15.3883,15.6483,15.3233,15.6333,5300400.0
2007-07-05,15.6583,15.8383,15.1883,15.5483,16789300.0
2007-07-06,15.7583,16.0383,15.6833,16.0283,11526200.0
2007-07-09,15.9983,16.4783,15.9083,16.3633,19157200.0
2007-07-10,16.1633,16.5933,15.9583,16.0433,29375400.0
2007-07-11,15.9083,16.2733,15.7933,16.1783,27644900.0
2007-07-12,16.4583,16.9583,16.4583,16.8733,31088700.0
2007-07-13,16.8433,17.4183,16.7683,17.2333,25484000.0
2007-07-16,17.2983,17.2983,16.3483,16.7583,26056500.0
2007-07-17,16.9233,17.1333,16.2733,16.2833,24574400.0
2007-07-18,16.2983,17.1783,16.1933,17.0983,37319200.0
2007-07-19,17.2633,17.4983,17.1983,17.4333,18845900.0
2007-07-20,17.4083,17.6233,16.9733,17.2583,20082800.0
2007-07-23,17.2833,17.5783,16.9583,17.4083,15216800.0
2007-07-24,17.0833,17.0833,16.1433,16.3333,25112700.0
2007-07-25,16.5633,16.9633,15.7783,16.9083,32680500.0
2007-07-26,16.3583,16.4383,14.8483,15.5283,39766100.0
2007-07-27,15.5833,15.7533,14.5083,14.5083,42547400.0
2007-07-30,14.8533,15.3133,14.3133,15.0983,32398900.0
2007-07-31,15.5833,15.7483,14.7583,14.7583,22764100.0
2007-08-01,14.5933,15.3433,13.8633,14.6683,43084500.0
2007-08-02,14.7533,15.0083,13.9983,14.4333,34145400.0
2007-08-03,14.4033,14.8433,13.2633,13.3183,34069700.0
2007-08-06,13.1083,13.6133,12.3733,13.5083,54535800.0
2007-08-07,13.2533,14.5783,13.1383,14.2883,31169600.0
2007-08-08,14.5833,15.3033,14.3383,14.9333,30217600.0
2007-08-09,14.0583,14.8783,13.9083,13.9383,32535600.0
2007-08-10,13.7033,14.4783,13.0733,14.1183,27683800.0
2007-08-13,14.5883,14.9683,14.0433,14.1583,19688400.0
2007-08-14,14.4533,14.5483,13.7583,13.9333,20305500.0
2007-08-15,13.9533,14.2433,12.9533,13.0083,26081900.0
2007-08-16,12.4233,12.9833,11.6233,12.8083,42047400.0
2007-08-17,13.8333,14.0933,13.1683,14.0083,30948700.0
2007-08-20,13.8533,14.2133,13.2333,13.9333,32988100.0
2007-08-21,13.7883,14.0533,13.2583,13.4583,20416300.0
2007-08-22,13.8583,13.9933,13.5783,13.8583,18119500.0
2007-08-23,14.0283,14.2883,13.7283,14.1583,17983500.0
2007-08-24,14.3083,15.0083,14.2333,14.8833,15634500.0
2007-08-27,14.7183,14.7333,14.3433,14.4583,10691700.0
2007-08-28,14.2583,14.3833,13.6333,13.6333,19639500.0
2007-08-29,13.8783,14.8833,13.8383,14.7383,27364000.0
2007-08-30,14.5383,14.9433,14.3683,14.7183,16872200.0
2007-08-31,15.1283,15.4083,14.7233,15.1733,13317700.0
2007-09-04,15.0583,16.0483,14.9633,15.8083,15895800.0
2007-09-05,15.7583,15.7983,15.4483,15.6183,16364300.0
2007-09-06,15.9583,16.3833,15.7733,16.1583,18007500.0
2007-09-07,15.7383,15.7933,15.2983,15.3883,20089300.0
2007-09-10,15.5233,15.5683,14.6483,15.3333,30889000.0
2007-09-11,15.3583,16.0133,15.0983,15.9333,27076200.0
2007-09-12,15.8333,16.4033,15.8333,16.1833,24022800.0
2007-09-13,16.2383,16.6283,16.1933,16.4083,15237400.0
2007-09-14,16.1683,16.7383,16.1583,16.5083,14026700.0
2007-09-17,16.4333,16.8333,16.3333,16.5833,13479900.0
2007-09-18,16.7033,17.7583,16.3933,17.6833,18643500.0
2007-09-19,17.9183,18.2733,17.7633,18.0083,19370300.0
2007-09-20,17.9283,18.1283,17.7233,17.9833,16293000.0
2007-09-21,18.3973,18.5073,18.1823,18.2073,12222200.0
2007-09-24,18.2573,18.3223,17.8823,18.1373,17839800.0
2007-09-25,17.6473,17.6773,17.2973,17.5173,17468900.0
2007-09-26,17.8773,18.0173,17.2023,17.6223,20666000.0
2007-09-27,17.9873,18.1473,17.7923,18.1073,12593100.0
2007-09-28,18.2723,18.4073,17.6673,17.7573,17413000.0
2007-10-01,17.7323,18.4273,17.6973,18.4073,19443400.0
2007-10-02,18.1173,18.1523,17.4873,17.8123,21891500.0
2007-10-03,17.5623,17.7823,17.3273,17.5923,21925400.0
2007-10-04,17.4323,17.8773,17.1073,17.7323,15562300.0
2007-10-05,17.9123,17.9973,17.3973,17.9123,16155600.0
2007-10-08,17.6223,17.7673,17.4273,17.5323,13094500.0
2007-10-09,17.7073,18.2873,17.6923,18.2823,17949600.0
2007-10-10,17.7223,18.8573,17.7223,18.7723,21954900.0
2007-10-11,19.0573,19.4023,18.1973,18.5823,32360700.0
2007-10-12,18.6273,19.0673,18.6023,18.9423,13934300.0
2007-10-15,19.2823,19.5623,19.1023,19.2573,18756400.0
2007-10-16,19.2073,19.5523,19.1523,19.3573,20022800.0
2007-10-17,19.5523,19.6073,18.7723,19.1073,23220400.0
2007-10-18,19.1073,19.4423,18.9873,19.4073,21221900.0
2007-10-19,19.0823,19.0873,17.5573,17.5573,33433400.0
2007-10-22,17.1523,17.3373,16.6923,17.1323,31265500.0
2007-10-23,17.4123,17.8073,17.0173,17.6573,21291200.0
2007-10-24,17.5773,18.0523,17.2023,17.9023,23171300.0
2007-10-25,18.1773,18.4873,17.8273,18.2573,20061600.0
2007-10-26,18.8073,19.0723,18.5673,18.8323,15778000.0
2007-10-29,18.8573,19.1823,18.8573,19.0173,9664400.0
2007-10-30,18.7623,18.7623,17.7023,17.7023,24769900.0
2007-10-31,18.1073,18.8223,17.8923,18.7073,29283900.0
2007-11-01,18.1423,18.7373,17.5523,17.5823,22246500.0
2007-11-02,17.7323,18.2973,17.4373,18.2823,28034600.0
2007-11-05,17.8423,18.2573,17.5523,17.9773,23835300.0
2007-11-06,18.3623,19.2323,18.3623,19.2323,18133100.0
2007-11-07,19.2073,19.2073,17.6323,17.6323,29903300.0
2007-11-08,18.2423,18.9373,17.6673,18.2823,37162700.0
2007-11-09,17.8023,18.2073,17.5523,17.5823,28462900.0
2007-11-12,16.9873,17.2373,15.7823,15.7823,31764200.0
2007-11-13,16.0823,17.0323,15.6923,17.0323,28001400.0
2007-11-14,17.4073,17.6223,16.6773,16.9773,22113200.0
2007-11-15,16.6373,16.9023,15.6523,15.7573,29054300.0
2007-11-16,16.2023,16.7773,16.0923,16.6873,25440900.0
2007-11-19,16.5323,16.7423,15.9673,16.0823,17765500.0
2007-11-20,16.5523,17.4623,16.3573,17.2323,28190600.0
2007-11-21,16.9123,17.2123,16.4223,16.4323,19768700.0
2007-11-23,16.4823,17.3823,16.4823,17.3823,6870100.0
2007-11-26,17.3773,17.4873,16.1023,16.1023,25314300.0
2007-11-27,15.6573,16.0173,15.1623,15.7073,28764000.0
2007-11-28,16.3323,16.6873,15.9373,16.5823,22972900.0
2007-11-29,16.7323,17.2073,16.5923,16.9823,19748400.0
2007-11-30,16.9423,17.2323,16.5323,17.0923,17066900.0
2007-12-03,16.7973,17.4223,16.7973,17.2323,19546600.0
2007-12-04,17.1573,17.1823,16.8573,16.8573,14566700.0
2007-12-05,17.3573,17.8823,17.2923,17.6623,24490100.0
2007-12-06,17.6773,18.6823,17.5223,18.6823,21135000.0
2007-12-07,18.5073,18.7123,18.2123,18.4473,12377700.0
2007-12-10,18.6573,18.9073,18.5223,18.8323,11388200.0
2007-12-11,18.8273,19.1423,17.8623,17.8823,20001800.0
2007-12-12,18.7323,19.2323,18.5023,19.1073,24018800.0
2007-12-13,18.8623,19.2423,18.5673,19.2023,15417800.0
2007-12-14,19.1023,19.1223,18.5473,18.5823,15088100.0
2007-12-17,18.5073,18.5823,17.6223,17.8973,27182200.0
2007-12-18,18.2923,18.4923,17.6473,18.2573,20871400.0
2007-12-19,18.2873,18.8473,18.2873,18.6223,16833100.0
2007-12-20,18.9473,19.1073,18.4223,19.1073,13011200.0
2007-12-21,19.2368,20.1068,19.1668,20.1068,16867900.0
2007-12-24,20.2518,20.2868,19.8568,20.2868,19000800.0
2007-12-26,20.3268,20.7568,20.1868,20.7318,13995300.0
2007-12-27,20.7518,20.7518,20.2068,20.3068,10899800.0
2007-12-28,20.5268,20.6868,20.2818,20.6418,10490700.0
2007-12-31,20.6768,20.6768,19.9818,20.1318,11304900.0
2008-01-02,20.4318,20.6068,20.0918,20.2068,19295700.0
2008-01-03,20.4918,20.8318,20.3818,20.6768,14605400.0
2008-01-04,20.3018,20.3268,19.2068,19.2068,26878000.0
2008-01-07,19.4568,19.7618,18.5718,19.0568,32408800.0
2008-01-08,19.3968,19.5518,18.3818,18.3818,22607900.0
2008-01-09,18.3818,19.1268,18.2718,18.8818,25089200.0
2008-01-10,18.6318,18.9568,17.6168,18.7218,23052800.0
2008-01-11,18.4518,18.9718,18.1368,18.2568,28771600.0
2008-01-14,18.6718,19.0718,18.6068,19.0068,20145600.0
2008-01-15,18.5018,18.5018,17.4118,17.4118,26631600.0
2008-01-16,17.2068,17.5318,15.9868,16.1818,43787400.0
2008-01-17,16.5218,17.0368,14.7568,14.8318,38167700.0
2008-01-18,15.0818,15.4618,14.0268,14.9068,41543100.0
2008-01-22,12.3568,14.5368,11.9568,13.9318,40089200.0
2008-01-23,12.9768,14.2718,11.9418,14.2418,54686400.0
2008-01-24,14.4768,15.6268,14.4468,15.4318,32593200.0
2008-01-25,15.9468,16.2418,14.7068,14.8068,31375900.0
2008-01-28,14.7518,15.6818,14.5318,15.5868,22493000.0
2008-01-29,15.6718,16.1318,15.5418,15.9818,18629000.0
2008-01-30,15.8018,16.5618,15.3418,15.5368,24846300.0
2008-01-31,14.9668,15.8518,14.7068,15.2568,23911900.0
2008-02-01,15.7168,16.2618,15.5668,16.1318,23663600.0
2008-02-04,16.1918,16.3568,15.6868,16.1568,17257800.0
2008-02-05,15.5968,15.6568,14.6818,14.6818,27694700.0
2008-02-06,15.0568,15.2318,14.1318,14.2118,28465300.0
2008-02-07,13.9668,15.0468,13.9218,14.8768,25600500.0
2008-02-08,14.8468,15.3818,14.7318,15.3818,17278200.0
2008-02-11,15.4068,16.2818,15.0368,16.2818,30999700.0
2008-02-12,16.3918,16.8368,15.7318,16.2618,26029400.0
2008-02-13,16.4768,17.1318,16.2568,17.1318,20713500.0
2008-02-14,17.2068,17.5468,16.8118,16.8168,25334700.0
2008-02-15,17.0718,17.0718,16.2518,16.8818,21303200.0
2008-02-19,17.4818,18.1268,17.4068,18.0818,28727100.0
2008-02-20,17.5618,18.5718,17.4068,18.5318,18641100.0
2008-02-21,18.4468,18.5268,17.4568,17.4868,28618000.0
2008-02-22,17.8518,18.0368,17.0418,17.9068,16819000.0
2008-02-25,17.8818,19.0368,17.8668,18.9768,20864600.0
2008-02-26,18.6618,19.6318,18.5418,19.6318,16633000.0
2008-02-27,19.4168,19.6368,19.0318,19.1218,15847700.0
2008-02-28,19.0068,19.9668,19.0068,19.7868,15098100.0
2008-02-29,19.5318,19.6568,18.3318,18.4818,20782300.0
2008-03-03,18.5068,19.3218,18.2918,18.9568,23936000.0
2008-03-04,18.7268,18.9368,17.6268,18.2068,33742500.0
2008-03-05,18.4618,19.1568,18.3818,19.1568,22168800.0
2008-03-06,18.9868,19.1318,18.1668,18.3818,23276300.0
2008-03-07,17.9568,18.1018,17.0268,17.3368,30411800.0
2008-03-10,17.4118,17.6218,16.8368,16.8818,29024600.0
2008-03-11,17.7068,18.7568,17.4718,18.7568,33895800.0
2008-03-12,18.4568,18.6768,17.9068,17.9068,21899700.0
2008-03-13,17.5218,18.6818,17.2718,18.5318,25206200.0
2008-03-14,18.8768,18.9368,17.2568,17.8368,28160200.0
2008-03-17,16.6068,17.3618,16.0468,16.5318,31636500.0
2008-03-18,17.2568,18.1068,17.2218,18.1068,27522000.0
2008-03-19,17.8168,18.0318,15.8068,15.8068,43511300.0
2008-03-20,15.4933,16.3083,14.9833,15.9633,37538700.0
2008-03-24,16.2483,17.0983,16.1383,16.5833,15597800.0
2008-03-25,16.6883,17.1683,16.4483,16.9433,21927600.0
2008-03-26,17.0283,17.9933,17.0183,17.7333,23198900.0
2008-03-27,17.8633,18.2233,17.3583,17.3583,22560200.0
2008-03-28,17.6483,17.9333,17.2233,17.2583,17525500.0
2008-03-31,17.3733,18.0383,17.1633,17.5883,21927800.0
2008-04-01,17.4583,18.3333,17.2333,18.2833,36285500.0
2008-04-02,18.2733,19.0733,17.8883,18.8083,21192000.0
2008-04-03,18.5583,19.2883,18.4583,18.8983,18601900.0
2008-04-04,18.9233,19.6683,18.9233,19.2133,19281000.0
2008-04-07,19.6933,20.0733,19.2483,19.4183,17678800.0
2008-04-08,19.1983,19.9283,19.1233,19.8583,22725100.0
2008-04-09,19.8183,20.3333,19.7233,19.9333,19490100.0
2008-04-10,19.9183,20.1433,19.5333,19.8583,14924800.0
2008-04-11,19.6483,19.9383,19.3083,19.3083,16508300.0
2008-04-14,19.3583,20.2633,19.3583,20.1983,14933100.0
2008-04-15,20.4783,20.5833,19.9783,20.4083,14293700.0
2008-04-16,20.6583,21.7583,20.5183,21.7583,22189100.0
2008-04-17,21.3683,21.9033,21.2583,21.7233,16579400.0
2008-04-18,21.5533,22.9733,21.4633,22.3533,23538700.0
2008-04-21,22.4383,22.8883,22.2283,22.8283,15824300.0
2008-04-22,22.6483,23.2033,22.6133,22.8483,26303800.0
2008-04-23,22.7633,22.7833,22.1833,22.5183,21763500.0
2008-04-24,22.0683,22.1833,21.1833,21.4183,25738000.0
2008-04-25,21.9083,22.0883,21.4883,21.9983,37613500.0
2008-04-28,22.1583,22.4533,21.8583,22.0683,13206300.0
2008-04-29,21.6833,21.9133,21.0583,21.1333,23202700.0
2008-04-30,21.3583,21.9133,21.1033,21.4333,24474200.0
2008-05-01,20.9183,20.9683,19.7733,20.5383,56093000.0
2008-05-02,20.8783,21.4933,20.8783,21.2933,17592900.0
2008-05-05,21.3733,22.1483,21.3633,21.8833,12996400.0
2008-05-06,22.0333,22.9833,21.8833,22.9783,21096200.0
2008-05-07,23.0283,23.0583,22.1883,22.1883,23123500.0
2008-05-08,22.3933,23.1083,22.1883,23.0233,24907300.0
2008-05-09,23.0883,23.1133,22.3133,22.9433,19915000.0
2008-05-12,22.6133,22.8233,22.1783,22.7083,18457700.0
2008-05-13,22.7083,23.3983,22.3033,23.3983,19697000.0
2008-05-14,23.2083,23.5683,22.7083,22.9083,24846300.0
2008-05-15,23.2583,23.6583,22.6933,23.4683,28653500.0
2008-05-16,24.1483,25.0333,24.0683,25.0333,27548800.0
2008-05-19,25.0433,25.5983,24.7933,25.3083,22752000.0
2008-05-20,25.3683,25.7533,25.1033,25.7533,25701900.0
2008-05-21,25.5683,26.2683,24.9733,25.0833,45072200.0
2008-05-22,25.0033,25.3983,24.3433,24.4333,37354600.0
2008-05-23,24.7983,24.9033,23.4433,23.6883,24997000.0
2008-05-27,23.5133,23.7283,23.0733,23.4083,25727700.0
2008-05-28,23.1783,24.3233,22.9183,24.3133,26214200.0
2008-05-29,23.8683,24.1083,23.1183,23.1183,35941900.0
2008-05-30,23.4483,23.7533,23.2433,23.5583,26786300.0
2008-06-02,23.3483,24.2283,23.3033,23.8133,25311900.0
2008-06-03,23.6083,24.1833,22.8583,22.8833,38843900.0
2008-06-04,22.8133,23.2783,22.2533,22.2533,31625300.0
2008-06-05,22.6333,24.4283,22.6283,24.4283,34914300.0
2008-06-06,24.7083,25.4183,23.5383,23.5683,46825000.0
2008-06-09,23.8583,25.0233,23.8583,24.8333,26784900.0
2008-06-10,24.6533,24.7633,23.1783,23.7433,27994900.0
2008-06-11,24.1433,24.4633,23.5983,24.0083,30961400.0
2008-06-12,23.7083,23.7883,23.2283,23.3483,35288000.0
2008-06-13,23.2233,23.9783,23.0833,23.8583,16595800.0
2008-06-16,24.1083,24.3483,23.9083,24.0133,16241900.0
2008-06-17,23.8383,24.8783,23.8383,24.7333,20172000.0
2008-06-18,24.6333,24.9833,24.2033,24.9033,21458200.0
2008-06-19,25.2333,25.3583,23.8383,23.8383,40450700.0
2008-06-20,24.2723,24.4073,23.2773,23.5473,32726600.0
2008-06-23,23.4923,25.2473,23.4773,25.2423,32882100.0
2008-06-24,24.8873,24.9623,24.3723,24.3973,33138000.0
2008-06-25,24.5373,24.7723,23.2073,24.2323,40033800.0
2008-06-26,24.3673,24.5723,23.2723,23.9173,32077100.0
2008-06-27,23.9923,24.4973,23.8773,24.2973,23467800.0
2008-06-30,24.6973,25.1773,24.5523,24.9123,29916000.0
2008-07-01,24.7573,25.1923,24.3073,25.0973,31946500.0
2008-07-02,25.2523,25.7523,23.4373,23.7573,36697700.0
2008-07-03,23.8073,24.0173,22.4673,23.1223,32590900.0
2008-07-07,22.8123,23.5023,21.6973,22.0573,39520700.0
2008-07-08,21.6723,21.7823,20.4823,21.3723,49906400.0
2008-07-09,21.7723,22.2673,20.4623,20.5973,32329800.0
2008-07-10,20.7473,21.9323,20.1373,21.8223,37616600.0
2008-07-11,21.9223,22.1523,20.8773,21.5723,33978900.0
2008-07-14,21.6723,22.3073,21.3123,21.8423,21595500.0
2008-07-15,21.6823,21.8473,20.0123,20.1073,32629700.0
2008-07-16,20.0173,20.1573,18.6323,19.0923,49362100.0
2008-07-17,19.4673,19.8723,17.6973,18.4623,53497500.0
2008-07-18,18.6773,19.5123,18.4673,19.1223,39610000.0
2008-07-21,19.4223,20.2723,18.9173,20.2723,34083100.0
2008-07-22,19.8023,20.1023,18.8373,18.9573,48906200.0
2008-07-23,18.9323,19.2323,17.3673,17.5673,55642100.0
2008-07-24,17.7523,18.0773,16.5973,17.4773,52462200.0
2008-07-25,17.3973,18.2773,17.2923,17.5773,37195800.0
2008-07-28,17.8623,18.4573,17.5973,17.7223,24043800.0
2008-07-29,17.5523,17.6773,16.8173,17.2823,28983900.0
2008-07-30,17.2973,19.4673,17.0423,19.4623,44432600.0
2008-07-31,18.9623,19.0173,17.5573,17.8723,33170500.0
2008-08-01,17.8973,18.8573,17.7523,17.8673,29769900.0
2008-08-04,17.9223,17.9473,15.8173,16.1173,48179800.0
2008-08-05,15.8923,16.5623,15.5873,16.3823,43906200.0
2008-08-06,16.4123,17.2273,16.3173,17.1973,38526500.0
2008-08-07,17.5523,17.6573,16.6023,16.7723,33703500.0
2008-08-08,16.3173,16.5173,15.5323,16.1623,37646200.0
2008-08-11,16.5173,16.6773,15.5023,16.1473,33375900.0
2008-08-12,16.4673,16.5923,15.9823,16.1673,31029100.0
2008-08-13,16.0573,17.4273,16.0573,17.4223,44127300.0
2008-08-14,17.1673,17.3523,16.3523,16.7473,36174900.0
2008-08-15,16.5923,16.6073,15.7523,16.0723,41753700.0
2008-08-18,16.3373,16.7173,14.8473,15.6223,32068400.0
2008-08-19,15.6323,16.9173,15.6023,16.8773,44235600.0
2008-08-20,17.2823,18.0473,16.8573,17.9223,46728100.0
2008-08-21,18.4023,19.0273,18.1273,18.8573,33173100.0
2008-08-22,18.5123,18.5873,17.6523,17.9823,24973700.0
2008-08-25,18.0823,18.3473,17.3573,17.4973,22391800.0
2008-08-26,17.8973,18.4723,17.7323,18.2473,26955300.0
2008-08-27,18.7073,19.0023,18.4723,18.8423,24056500.0
2008-08-28,19.0523,19.1273,17.7223,18.1723,28420200.0
2008-08-29,18.6273,18.6623,17.8473,17.9973,22382900.0
2008-09-02,16.7223,16.7673,15.9473,15.9473,50456700.0
2008-09-03,15.7823,16.4523,15.3073,15.8123,50175200.0
2008-09-04,15.8273,16.1773,14.6023,15.0223,54046100.0
2008-09-05,15.2173,15.2373,14.0773,14.8823,50711200.0
2008-09-08,15.7023,15.8173,14.2823,14.6473,50213800.0
2008-09-09,14.3273,14.3323,12.2973,12.2973,65055100.0
2008-09-10,12.7373,13.8123,12.5273,13.5423,60377000.0
2008-09-11,13.1773,14.1473,12.5223,14.0123,51975600.0
2008-09-12,14.0523,15.1623,14.0473,15.1373,53379000.0
2008-09-15,13.4823,14.2773,12.4973,12.4973,54448900.0
2008-09-16,11.6723,13.8423,11.2023,13.8423,61230000.0
2008-09-17,13.3873,14.4723,12.5523,13.1473,66505200.0
2008-09-18,14.1623,14.4923,12.4773,14.1173,63255500.0
2008-09-19,16.4598,19.8298,14.9848,16.4048,46144200.0
2008-09-22,16.4598,17.0698,15.7798,15.7798,34264800.0
2008-09-23,15.8648,16.3298,14.6248,14.6248,32193100.0
2008-09-24,15.1298,15.2948,14.5898,14.7248,29585200.0
2008-09-25,14.7398,15.7548,14.7298,15.5548,27722200.0
2008-09-26,14.5748,15.0248,13.7898,14.6298,34620700.0
2008-09-29,13.7748,13.7748,10.3448,10.6048,45861700.0
2008-09-30,11.7398,12.9248,11.4948,12.4298,33200300.0
2008-10-01,12.1298,12.4948,10.7798,11.9098,46615500.0
2008-10-02,11.4298,11.4898,9.5898,10.1348,46997100.0
2008-10-03,10.0298,15.7398,9.5248,9.7848,48539600.0
2008-10-06,8.6598,8.7448,6.2698,8.2248,69545000.0
2008-10-07,9.0498,9.4198,6.5498,6.7198,48025300.0
2008-10-08,5.9398,8.1048,5.3598,7.2098,80498200.0
2008-10-09,7.4048,7.7948,3.4048,3.4048,55262400.0
2008-10-10,2.2748,3.6498,0.1998,2.4798,93383200.0
2008-10-13,3.4498,6.5948,2.9898,6.0548,50486300.0
2008-10-14,7.1448,9.2548,4.9698,6.0848,62725100.0
2008-10-15,4.8798,5.1998,1.7598,2.4298,59784000.0
2008-10-16,2.6698,3.8198,0.9098,3.2548,77417400.0
2008-10-17,3.0448,5.6048,2.5848,3.7498,63330500.0
2008-10-20,4.6448,6.4248,4.5898,6.4248,45002600.0
2008-10-21,5.6698,6.3098,4.7248,5.2598,43896100.0
2008-10-22,4.2798,4.2798,1.9848,2.8798,62100200.0
2008-10-23,3.0398,4.1848,1.9348,4.0548,87313900.0
2008-10-24,1.4148,3.5398,1.3798,2.6048,54313400.0
2008-10-27,2.3798,3.5198,1.1698,1.2098,46598400.0
2008-10-28,2.5148,4.3248,1.3098,4.3248,62962800.0
2008-10-29,4.5198,6.0098,4.3248,4.8448,63805700.0
2008-10-30,5.4748,6.0898,4.4598,5.9548,52710600.0
2008-10-31,5.5198,7.0948,5.2198,6.4798,47996300.0
2008-11-03,6.0798,6.3998,5.2298,5.6848,31029500.0
2008-11-04,6.2598,7.4298,6.2498,7.2898,33947100.0
2008-11-05,6.6048,7.4298,5.9848,6.1048,42621100.0
2008-11-06,5.8548,6.0848,4.2798,4.5798,52266300.0
2008-11-07,4.8948,5.7448,4.6898,5.7048,33573300.0
2008-11-10,6.4398,6.7348,5.2948,5.7898,40687100.0
2008-11-11,5.1498,5.5598,4.5298,5.0698,36854800.0
2008-11-12,4.3798,4.5498,3.0248,3.0798,39564500.0
2008-11-13,3.4548,5.7798,2.2848,5.6998,63992600.0
2008-11-14,5.0298,6.0298,4.2198,4.6648,55600500.0
2008-11-17,4.4248,5.2598,4.1148,4.1698,44581200.0
2008-11-18,4.3198,5.0298,3.7398,4.8248,52403500.0
2008-11-19,4.7648,5.2198,3.4948,3.5798,49142300.0
2008-11-20,2.9298,3.1198,0.6898,0.7598,66121200.0
2008-11-21,1.4198,3.2498,1.0398,2.9898,75365900.0
2008-11-24,3.5898,5.3148,3.1898,4.5948,55495100.0
2008-11-25,4.8848,5.2048,4.1798,4.9748,46599000.0
2008-11-26,4.7048,6.5048,4.5048,6.3298,39359000.0
2008-11-28,6.0098,6.0798,5.3698,5.9198,15971200.0
2008-12-01,4.9048,4.9048,3.2198,3.2448,37260600.0
2008-12-02,3.8248,4.0848,3.1448,4.0048,37802900.0
2008-12-03,3.4198,4.0948,3.0748,4.0198,47998600.0
2008-12-04,3.6248,3.9148,1.9798,2.4098,49102700.0
2008-12-05,1.9598,2.8948,1.0448,2.8598,52495400.0
2008-12-08,3.7548,4.3698,3.5398,3.8398,49188100.0
2008-12-09,3.7948,4.7148,3.6648,4.0698,43003300.0
2008-12-10,4.5248,5.4698,4.5148,5.2748,41461200.0
2008-12-11,5.4748,6.1748,4.8698,5.1598,41014600.0
2008-12-12,4.2898,5.1448,4.0598,4.9198,40724500.0
2008-12-15,5.3998,5.6198,4.3548,4.7798,35638500.0
2008-12-16,5.5248,5.7398,4.8798,5.5248,40918400.0
2008-12-17,5.4748,6.0498,5.2398,5.3648,41052400.0
2008-12-18,5.2798,5.3548,3.6748,3.9348,49918600.0
2008-12-19,3.9743,4.6093,3.8243,3.8993,43739300.0
2008-12-22,4.0443,4.1293,2.8593,3.2143,31803300.0
2008-12-23,3.3693,3.6443,2.9793,3.2643,27993800.0
2008-12-24,3.0793,3.2693,2.9093,3.1793,6334600.0
2008-12-26,3.3693,3.6243,3.1743,3.4793,5782800.0
2008-12-29,4.0243,4.1393,3.6793,3.9743,14656600.0
2008-12-30,4.0343,4.5743,3.8293,4.5343,16454400.0
2008-12-31,4.4693,5.1043,4.2743,4.7843,23413800.0
2009-01-02,4.9993,6.2343,4.9393,5.9743,34283700.0
2009-01-05,5.9193,6.9943,5.8593,6.5643,47644500.0
2009-01-06,6.9543,7.4943,6.6843,6.8443,48372500.0
2009-01-07,6.4493,6.4493,5.4993,5.7443,39213500.0
2009-01-08,5.6093,6.1043,5.4793,6.0643,33266800.0
2009-01-09,6.0543,6.0793,5.1243,5.2193,39956800.0
2009-01-12,4.8843,4.9293,4.1393,4.2593,34441100.0
2009-01-13,4.2993,4.9643,4.2393,4.8443,46765900.0
2009-01-14,4.4593,4.4843,3.4793,3.6993,40609100.0
2009-01-15,3.6593,4.0343,2.8993,3.9843,44107700.0
2009-01-16,4.4043,4.5843,3.6143,4.1693,43669800.0
2009-01-20,3.7693,4.3293,2.8793,2.9293,44919700.0
2009-01-21,3.2393,4.4743,3.1143,4.4093,42385100.0
2009-01-22,3.8743,4.2443,3.2793,3.7643,53570200.0
2009-01-23,3.2143,4.7493,3.0743,4.4293,44226300.0
2009-01-26,4.5993,5.4743,4.4843,4.8643,43157200.0
2009-01-27,4.7493,5.1193,4.4743,4.9043,38836800.0
2009-01-28,5.3243,5.7443,4.9093,5.5593,39301800.0
2009-01-29,5.0543,5.2143,4.5743,4.6893,43711400.0
2009-01-30,5.0893,5.2243,4.1893,4.3593,42919400.0
2009-02-02,3.8693,4.1993,3.7093,3.9843,30589800.0
2009-02-03,4.1093,4.5343,3.8843,4.3843,31321000.0
2009-02-04,4.5993,4.9293,4.3593,4.6043,36117700.0
2009-02-05,4.4393,5.2693,4.1693,5.1843,42584200.0
2009-02-06,4.9043,5.7993,4.8243,5.6343,38522000.0
2009-02-09,5.7543,6.2843,5.5093,5.7243,34013300.0
2009-02-10,5.8443,6.0743,4.3543,4.5693,56727300.0
2009-02-11,4.7493,4.9643,3.8393,4.2993,42512400.0
2009-02-12,3.8593,4.3943,3.5643,4.3393,45132300.0
2009-02-13,4.3143,4.7593,4.2393,4.3943,37459300.0
2009-02-17,3.5743,3.7043,2.7293,2.7693,51896300.0
2009-02-18,2.8993,3.0143,2.3943,2.6443,42806400.0
2009-02-19,2.8793,3.0893,2.5393,2.6493,33995500.0
2009-02-20,2.2093,2.3943,1.5843,2.0893,44701500.0
2009-02-23,2.4743,2.5543,1.0393,1.0993,34483500.0
2009-02-24,1.3143,2.1693,1.1743,2.0493,33881600.0
2009-02-25,2.0393,2.4543,1.4793,1.9243,43807400.0
2009-02-26,2.3093,2.7693,1.9493,1.9743,32142700.0
2009-02-27,1.5143,2.1743,1.2393,1.4643,43079100.0
2009-03-02,0.9943,1.1193,-0.1007,-0.0407,46688900.0
2009-03-03,0.3093,0.6493,-0.1507,0.0543,45461100.0
2009-03-04,0.7193,1.3843,0.5243,0.9693,46003800.0
2009-03-05,0.5293,0.7943,-0.1007,0.0843,45155000.0
2009-03-06,0.3843,0.8643,-0.4007,0.2943,47774200.0
2009-03-09,0.0743,0.9643,-0.0557,0.3293,42000700.0
2009-03-10,0.8393,1.5643,0.7243,1.3143,41694100.0
2009-03-11,1.4393,1.7143,0.8593,1.2293,38345000.0
2009-03-12,1.4243,1.9293,1.0643,1.8393,31922600.0
2009-03-13,1.9843,2.0693,1.3793,1.6493,29572900.0
2009-03-16,1.6393,2.4143,1.5543,1.9143,28061500.0
2009-03-17,1.8793,3.3243,1.6643,2.6393,27705100.0
2009-03-18,2.3443,3.1143,1.8493,2.8593,42396200.0
2009-03-19,3.5993,3.9093,3.3143,3.3893,39763500.0
2009-03-20,3.5543,3.6243,2.4443,2.5143,37636600.0
2009-03-23,3.0293,4.3043,2.9793,4.2843,46786100.0
2009-03-24,3.9393,4.1743,3.5493,3.8443,29797700.0
2009-03-25,3.7793,4.1693,3.1243,3.7343,33459200.0
2009-03-26,4.0993,4.3393,3.6593,3.9293,34222400.0
2009-03-27,3.4393,3.5293,3.1193,3.2493,28668300.0
2009-03-30,2.6893,2.7093,2.0593,2.4243,27319100.0
2009-03-31,2.7593,2.7993,2.2343,2.2443,39342000.0
2009-04-01,1.7643,2.8493,1.7493,2.6943,33200600.0
2009-04-02,3.5043,3.9593,3.4193,3.5843,35305100.0
2009-04-03,3.4993,4.1843,3.4293,4.0243,27522700.0
2009-04-06,3.7243,3.7543,3.2243,3.5593,26211700.0
2009-04-07,3.0793,3.1393,2.7643,2.8843,22315100.0
2009-04-08,2.9293,3.3893,2.4893,3.1643,23558300.0
2009-04-09,3.7743,3.9243,3.5293,3.8143,20326700.0
2009-04-13,3.3493,3.7743,3.0243,3.5643,17751800.0
2009-04-14,3.4193,3.8743,3.2043,3.5043,21082500.0
2009-04-15,3.4093,3.6393,3.1693,3.5343,21218500.0
2009-04-16,3.7493,3.8243,3.1843,3.6393,17762900.0
2009-04-17,3.6943,4.0193,3.5493,3.9043,22068300.0
2009-04-20,3.3343,3.3843,2.6693,2.7943,18445900.0
2009-04-21,2.5493,3.2793,2.4593,3.2243,8003700.0
2009-04-22,2.9843,3.4743,2.8793,2.9893,21435100.0
2009-04-23,3.3143,3.4343,2.9593,3.3993,19213800.0
2009-04-24,3.7743,4.2343,3.7343,4.0493,23830200.0
2009-04-27,3.5543,3.8443,3.3693,3.6143,18361900.0
2009-04-28,3.2893,3.9443,3.2643,3.6643,15706200.0
2009-04-29,3.8893,4.8893,3.8393,4.2893,21155300.0
2009-04-30,4.5593,4.5693,3.5843,3.9043,29583300.0
2009-05-01,3.9943,4.8293,3.8843,4.6443,21851700.0
2009-05-04,4.9093,5.6193,4.8193,5.5893,28166200.0
2009-05-05,5.4943,5.5793,4.8743,5.2593,17906700.0
2009-05-06,5.6993,6.3443,5.6093,6.1993,21841100.0
2009-05-07,6.7743,6.8193,5.5393,5.8743,23492100.0
2009-05-08,6.2543,7.1893,6.2443,6.9343,28239800.0
2009-05-11,6.5143,6.5593,5.9193,6.1443,18340800.0
2009-05-12,6.4743,6.5193,5.7693,6.3043,23465500.0
2009-05-13,5.9543,6.0693,5.2843,5.4693,30069200.0
2009-05-14,5.2793,5.7693,5.0593,5.5393,17989500.0
2009-05-15,5.4193,5.6443,4.8093,5.0143,30050600.0
2009-05-18,5.3843,5.8743,5.3643,5.8443,16976900.0
2009-05-19,5.8893,6.2193,5.7293,5.9643,16457700.0
2009-05-20,6.3193,6.7693,5.9793,6.0493,22250200.0
2009-05-21,5.6743,5.6943,5.0343,5.3093,25606800.0
2009-05-22,5.4643,5.7443,5.2643,5.3193,13646000.0
2009-05-26,5.1593,5.9043,4.8393,5.8343,26906900.0
2009-05-27,5.9393,6.2643,5.5293,5.5643,20871300.0
2009-05-28,5.7843,6.6193,5.5443,6.3793,25906900.0
2009-05-29,6.7843,6.9593,6.4993,6.8543,22238700.0
2009-06-01,7.3543,7.9893,7.2993,7.8043,29722900.0
2009-06-02,7.6693,7.9193,7.5293,7.7343,20255100.0
2009-06-03,7.3993,7.3993,6.3243,6.7043,28249000.0
2009-06-04,7.0093,7.3493,6.7743,7.2843,31061000.0
2009-06-05,7.5643,9.8693,6.7443,7.0693,23215500.0
2009-06-08,6.8343,7.2143,6.5093,7.0093,18330800.0
2009-06-09,7.3043,7.4943,6.9843,7.2643,14804500.0
2009-06-10,7.7143,7.7893,7.0693,7.4993,25056900.0
2009-06-11,7.5843,8.4243,7.5393,8.0293,24942400.0
2009-06-12,7.7293,7.7693,7.4143,7.7693,19954500.0
2009-06-15,7.3093,7.3243,6.7193,7.0593,19412800.0
2009-06-16,7.2893,7.3943,6.4293,6.5043,23438300.0
2009-06-17,6.3143,6.3643,5.7493,6.0893,36339300.0
2009-06-18,6.0493,6.3443,5.8493,5.9943,23061300.0
2009-06-19,6.2613,6.3213,5.5513,5.7463,24826800.0
2009-06-22,5.3663,5.3663,4.4713,4.5163,32114400.0
2009-06-23,4.6463,4.8713,4.2963,4.6563,25313900.0
2009-06-24,4.8263,5.1613,4.5963,4.7513,18022300.0
2009-06-25,4.6813,5.3563,4.6413,5.2463,26715500.0
2009-06-26,5.1713,5.2613,4.9813,5.0863,12310000.0
2009-06-29,5.2413,5.5413,5.1763,5.3113,13812200.0
2009-06-30,5.3113,5.5963,4.7763,5.1663,22869700.0
2009-07-01,5.4313,5.7013,5.1463,5.1863,20011700.0
2009-07-02,4.7763,4.7763,4.2063,4.2213,23983400.0
2009-07-06,3.7013,3.9913,3.4163,3.9863,31671900.0
2009-07-07,3.9463,3.9663,3.3413,3.4013,21576900.0
2009-07-08,3.3363,3.6563,2.9713,3.4063,34378100.0
2009-07-09,3.6363,3.9613,3.4413,3.6363,24545600.0
2009-07-10,3.2813,3.5313,3.1313,3.4763,25188800.0
2009-07-13,3.4713,3.8463,3.0413,3.8163,22444100.0
2009-07-14,4.0713,4.2213,3.8263,4.1213,27380300.0
2009-07-15,4.5563,5.0263,4.5463,4.9363,29921800.0
2009-07-16,4.8013,5.3713,4.6813,5.2263,16080400.0
2009-07-17,5.2113,5.5013,4.9963,5.3663,18894300.0
2009-07-20,5.6863,5.8713,5.3663,5.7813,19621000.0
2009-07-21,6.0563,6.1513,5.5963,5.9963,18333400.0
2009-07-22,5.6263,6.0763,5.5663,5.7713,21559600.0
2009-07-23,5.7413,6.5663,5.6763,6.4713,21732200.0
2009-07-24,6.3663,6.7763,6.2663,6.7363,15468300.0
2009-07-27,6.7963,6.9763,6.5313,6.8213,13198600.0
2009-07-28,6.5313,6.6363,5.9463,6.4463,19161000.0
2009-07-29,6.0363,6.0563,5.5613,5.8613,22255300.0
2009-07-30,6.0963,6.4713,5.8913,6.2063,20685900.0
2009-07-31,6.0813,6.5663,5.9063,6.4513,17915200.0
2009-08-03,6.8863,7.2813,6.8463,7.1013,20988900.0
2009-08-04,6.9713,7.1913,6.7863,7.0563,14418500.0
2009-08-05,7.0463,7.0463,6.6413,6.7963,16190800.0
2009-08-06,6.8913,6.8913,6.3863,6.5863,16703100.0
2009-08-07,6.8863,6.9513,6.4213,6.5563,18628700.0
2009-08-10,6.4863,6.8213,6.4263,6.6663,14060700.0
2009-08-11,6.5763,6.6363,6.1913,6.2963,20675200.0
2009-08-12,6.2413,6.7963,6.2263,6.5663,15599600.0
2009-08-13,6.7713,6.9063,6.4263,6.8763,16813100.0
2009-08-14,6.8713,6.9013,6.2163,6.4963,16539000.0
2009-08-17,5.8863,5.9413,5.5113,5.6763,18734900.0
2009-08-18,5.7363,6.0313,5.6363,5.9213,12920100.0
2009-08-19,5.6713,6.5763,5.5913,6.3813,20581800.0
2009-08-20,6.3863,6.6663,6.3713,6.5963,10026300.0
2009-08-21,6.9013,7.4163,6.8913,7.3163,21990100.0
2009-08-24,7.5613,7.8463,7.5513,7.6513,19081600.0
2009-08-25,7.7363,7.8713,7.1563,7.2463,21256600.0
2009-08-26,7.0463,7.4313,6.9313,7.3663,16268100.0
2009-08-27,7.2163,7.4663,6.7013,7.2863,18414100.0
2009-08-28,7.4763,7.5163,7.0613,7.2313,10548300.0
2009-08-31,6.8163,6.9013,6.5613,6.7263,13312700.0
2009-09-01,6.6513,6.9863,6.2213,6.2813,20466600.0
2009-09-02,6.1413,6.4363,6.0963,6.0963,14356600.0
2009-09-03,6.2963,6.3913,6.1113,6.2713,9435100.0
2009-09-04,6.2213,6.6963,6.1963,6.6213,11822800.0
2009-09-08,7.1413,8.3863,7.0513,7.3213,19110800.0
2009-09-09,7.3913,7.6463,7.2063,7.3813,13120400.0
2009-09-10,7.5063,7.8863,7.3163,7.8363,17491500.0
2009-09-11,7.9913,8.3013,7.7213,7.9413,21177900.0
2009-09-14,7.6363,8.1563,7.5463,8.1413,15613500.0
2009-09-15,8.2713,8.4863,8.0363,8.4113,18486000.0
2009-09-16,8.6163,9.1013,8.5763,9.0863,22885000.0
2009-09-17,9.0563,9.2813,8.7513,8.9513,17369400.0
2009-09-18,9.1243,9.1443,8.6143,8.8543,18364800.0
2009-09-21,8.3993,8.7143,8.2543,8.6193,15566500.0
2009-09-22,9.0593,9.1493,8.8493,9.0493,13537000.0
2009-09-23,9.0693,9.1293,8.4543,8.4693,33988200.0
2009-09-24,8.5193,8.5393,7.8693,8.0793,22944800.0
2009-09-25,7.9843,8.3793,7.8243,8.0443,20103600.0
2009-09-28,8.0593,8.5643,8.0093,8.4743,14063000.0
2009-09-29,8.4543,8.5893,8.1793,8.3993,17569500.0
2009-09-30,8.5493,8.5543,7.8693,8.2243,25384800.0
2009-10-01,8.2143,8.2243,7.3843,7.3843,23653400.0
2009-10-02,7.0393,7.4343,6.9343,7.2493,18563400.0
2009-10-05,7.2843,7.9343,7.1893,7.8243,16867700.0
2009-10-06,8.2093,8.6493,8.1793,8.4543,21935600.0
2009-10-07,8.3743,8.6643,8.2393,8.6643,20583000.0
2009-10-08,8.8093,9.4493,8.7493,9.3693,36808200.0
2009-10-09,9.2593,9.4693,9.1343,9.3443,13314600.0
2009-10-12,9.5643,9.9393,9.5593,9.7243,13572000.0
2009-10-13,9.8043,9.8243,9.2843,9.7693,20638500.0
2009-10-14,10.1343,10.2593,9.9543,10.2443,22898000.0
2009-10-15,10.0693,10.8543,10.0193,10.8493,23100600.0
2009-10-16,10.7143,10.8893,10.4893,10.7593,22449900.0
2009-10-19,10.8093,11.2593,10.6893,11.1443,21587900.0
2009-10-20,11.2393,11.2593,10.5143,10.9543,18498300.0
2009-10-21,10.7193,11.5443,10.6793,10.8743,26007800.0
2009-10-22,10.6643,11.0993,10.3543,10.9893,18348600.0
2009-10-23,11.1543,11.1843,10.1643,10.4143,21151200.0
2009-10-26,10.4343,11.0943,9.8643,9.9343,26936400.0
2009-10-27,10.0043,10.4693,9.8893,10.1893,25299200.0
2009-10-28,10.0393,10.0393,9.1693,9.2343,23962300.0
2009-10-29,9.4243,10.0393,9.3143,9.9793,21726300.0
2009-10-30,9.8993,10.0093,8.7043,8.8893,29888300.0
2009-11-02,9.0843,9.5343,8.6193,9.0643,29407600.0
2009-11-03,8.7143,9.6043,8.6093,9.4243,20030800.0
2009-11-04,9.7643,9.9243,9.3343,9.3993,26027000.0
2009-11-05,9.5493,9.9643,9.4193,9.8793,18546900.0
2009-11-06,9.5943,10.0943,9.5093,9.8043,21838800.0
2009-11-09,10.1993,10.3893,10.1193,10.3493,16928700.0
2009-11-10,10.2643,10.5043,10.0493,10.3693,17951900.0
2009-11-11,10.6343,10.7443,10.2093,10.3593,18023600.0
2009-11-12,10.2143,10.3943,9.6043,9.7193,25417200.0
2009-11-13,9.7843,10.1293,9.5093,9.8993,19356400.0
2009-11-16,10.2443,10.8293,10.1793,10.6493,20974100.0
2009-11-17,10.5793,10.6843,10.3593,10.5993,16849600.0
2009-11-18,10.7393,10.7543,10.2843,10.4843,17143300.0
2009-11-19,10.2643,10.2943,9.6493,9.8293,22435200.0
2009-11-20,9.6693,9.7193,9.3343,9.5643,16900800.0
2009-11-23,10.0993,10.3743,9.8443,9.9293,17535600.0
2009-11-24,9.9693,10.1043,9.5543,10.0943,15941200.0
2009-11-25,10.1493,10.4293,9.8743,10.3193,14609100.0
2009-11-27,9.4743,9.8243,9.3143,9.7743,12811200.0
2009-11-30,9.6143,9.9293,9.4443,9.6743,19442300.0
2009-12-01,10.0543,10.2843,9.9893,10.0493,15530700.0
2009-12-02,10.0493,10.1893,9.7493,9.8793,15644300.0
2009-12-03,9.8693,9.9493,9.3943,9.4193,19716100.0
2009-12-04,9.7743,10.0793,9.0343,9.2143,30194500.0
2009-12-07,8.9893,9.4893,8.9893,9.1493,13579700.0
2009-12-08,9.0043,9.0193,8.5093,8.6743,20237700.0
2009-12-09,8.7693,8.9243,8.3493,8.6743,25316300.0
2009-12-10,8.8993,9.1343,8.7643,9.0143,15190000.0
2009-12-11,9.1593,9.2293,8.8493,9.0293,15625300.0
2009-12-14,9.4593,9.5143,9.2843,9.3143,15631500.0
2009-12-15,9.2993,9.5793,9.2343,9.4043,13426200.0
2009-12-16,9.5893,9.8893,9.5093,9.5843,18797100.0
2009-12-17,9.4143,9.6143,9.2693,9.3443,15438200.0
2009-12-18,9.6413,9.7463,9.3563,9.4913,20772200.0
2009-12-21,9.6913,9.9513,9.6763,9.8263,16049100.0
2009-12-22,9.8863,10.0913,9.7913,9.9613,10077600.0
2009-12-23,10.0563,10.2663,9.9913,10.1863,13031200.0
2009-12-24,10.2863,10.3863,10.2163,10.3213,2795300.0
2009-12-28,10.5413,10.5463,10.2513,10.3713,5834600.0
2009-12-29,10.4913,10.4963,10.1063,10.1813,8513400.0
2009-12-30,10.0763,10.1863,9.9763,10.1513,7253600.0
2009-12-31,10.2113,10.2813,9.8913,9.9213,5948900.0
2010-01-04,10.3763,10.8213,10.3113,10.8213,16928400.0
2010-01-05,10.8613,11.1213,10.7263,11.0613,17368100.0
2010-01-06,11.0763,11.5063,11.0113,11.4163,24351900.0
2010-01-07,11.2863,11.4213,11.0663,11.3713,17449500.0
2010-01-08,11.2663,11.5913,11.1613,11.5663,13344300.0
2010-01-11,11.7613,11.8513,11.2813,11.5263,19459900.0
2010-01-12,11.0663,11.2713,10.9363,11.0913,21510600.0
2010-01-13,11.0763,11.3163,10.6763,11.2013,22137500.0
2010-01-14,11.1963,11.3613,11.0813,11.2863,15545400.0
2010-01-15,11.2513,11.3163,10.8413,11.0463,19055200.0
2010-01-19,10.9663,11.3663,10.9113,11.3163,14613100.0
2010-01-20,10.9963,10.9963,10.6263,10.8513,15641700.0
2010-01-21,10.8763,10.9663,10.1813,10.2513,25206600.0
2010-01-22,10.1113,10.2763,9.4863,9.5663,23028600.0
2010-01-25,9.7563,10.0263,9.6613,9.7513,15901200.0
2010-01-26,9.5163,10.0663,9.3763,9.5713,21515300.0
2010-01-27,9.4913,9.7413,9.0063,9.4613,26616700.0
2010-01-28,9.6663,9.7263,8.8163,9.1663,34430700.0
2010-01-29,9.3713,9.6463,8.5263,8.6663,32802700.0
2010-02-01,8.9913,9.5713,8.9713,9.5663,21813300.0
2010-02-02,9.6713,9.9863,9.4413,9.9363,22250800.0
2010-02-03,9.8563,10.0913,9.6263,9.6913,19749300.0
2010-02-04,9.4663,9.4763,8.5163,8.5313,37173200.0
2010-02-05,8.5263,8.6563,7.7513,8.5363,46378400.0
2010-02-08,8.5413,8.8613,8.2813,8.2863,24115100.0
2010-02-09,8.6563,9.1963,8.5713,8.8513,33558100.0
2010-02-10,8.8613,8.9063,8.3063,8.7363,24182300.0
2010-02-11,8.6813,9.2613,8.5613,9.2013,22944500.0
2010-02-12,8.8663,9.2263,8.6863,9.2113,19833900.0
2010-02-16,9.5663,9.9663,9.5363,9.8663,19834900.0
2010-02-17,9.9463,10.0063,9.6363,9.8263,18137800.0
2010-02-18,9.7963,10.0563,9.6563,9.9863,16572700.0
2010-02-19,9.8813,10.1963,9.7463,10.0963,16498300.0
2010-02-22,10.1663,10.1713,9.6413,9.7013,17349700.0
2010-02-23,9.5663,9.6363,9.1013,9.2313,21101200.0
2010-02-24,9.2213,9.5113,9.1363,9.4063,17630300.0
2010-02-25,9.0063,9.4363,8.7763,9.4213,20948100.0
2010-02-26,9.4863,9.5863,9.2413,9.4863,17246800.0
2010-03-01,9.6163,9.8163,9.5913,9.7463,13966000.0
2010-03-02,9.9313,10.1963,9.8713,9.9813,16746300.0
2010-03-03,10.0913,10.3563,10.0913,10.1063,16767300.0
2010-03-04,10.1513,10.2413,9.8363,9.9563,16331000.0
2010-03-05,10.2363,10.5563,10.2063,10.4913,15335200.0
2010-03-08,10.5713,10.6713,10.3213,10.4463,12612000.0
2010-03-09,10.2913,10.6063,10.2513,10.4463,16703800.0
2010-03-10,10.4763,10.7413,10.3413,10.7013,17372200.0
2010-03-11,10.5913,10.7063,10.5013,10.6513,13033300.0
2010-03-12,10.8413,10.8413,10.5413,10.6663,13659800.0
2010-03-15,10.5563,10.5963,10.0613,10.3663,18373600.0
2010-03-16,10.5113,10.6563,10.2813,10.6263,19161300.0
2010-03-17,10.7713,11.1263,10.7313,10.9463,21671800.0
2010-03-18,10.9463,10.9913,10.3463,10.5063,19726900.0
2010-03-19,10.1578,10.6428,9.8978,10.1578,22412400.0
2010-03-22,9.7978,10.2128,9.6828,10.0828,19856500.0
2010-03-23,10.1478,10.2378,9.9628,10.1928,17420700.0
2010-03-24,10.0028,10.2778,9.9378,10.0278,20747000.0
2010-03-25,10.2328,10.3028,9.5028,9.5478,22123000.0
2010-03-26,9.6428,9.7378,9.3778,9.5578,21493900.0
2010-03-29,9.7378,10.1578,9.7178,10.1028,19476000.0
2010-03-30,10.1678,10.2028,9.9728,10.1478,13057800.0
2010-03-31,10.2028,10.4078,10.0828,10.2778,15167700.0
2010-04-01,10.5628,10.8528,10.5378,10.7878,17990100.0
2010-04-05,10.9678,11.3628,10.8678,11.3078,17455700.0
2010-04-06,11.2678,11.4078,11.1478,11.3078,13535800.0
2010-04-07,11.2378,11.2578,10.8428,11.0128,19535800.0
2010-04-08,10.7928,11.2128,10.6528,11.1178,19459700.0
2010-04-09,11.3128,11.4828,11.2678,11.4328,17488600.0
2010-04-12,11.4078,11.7078,11.3978,11.5028,15027800.0
2010-04-13,11.4628,11.5378,11.0828,11.3978,13855500.0
2010-04-14,11.5478,11.7078,11.2828,11.6828,14585600.0
2010-04-15,11.6478,11.7878,11.5528,11.6778,13947200.0
2010-04-16,11.5078,11.6428,10.9728,11.1678,36664200.0
2010-04-19,10.8978,11.2178,10.8078,11.2078,21149100.0
2010-04-20,11.4328,11.8978,11.4078,11.7878,19666600.0
2010-04-21,11.7978,11.9828,11.5378,11.7578,18571600.0
2010-04-22,11.5028,11.8378,11.2778,11.8328,10687000.0
2010-04-23,11.8428,12.5628,11.8028,12.5628,26010900.0
2010-04-26,12.6178,12.6678,12.4078,12.4578,17262800.0
2010-04-27,12.2428,12.4728,11.4328,11.5078,41402400.0
2010-04-28,11.7128,11.8928,11.4028,11.8128,23095000.0
2010-04-29,11.9678,12.2128,11.6428,11.8478,28860700.0
2010-04-30,11.9178,11.9328,11.2828,11.4728,22916500.0
2010-05-03,11.6028,12.0528,11.2628,11.8128,16689900.0
2010-05-04,11.4128,11.4378,10.6928,11.0028,30584400.0
2010-05-05,10.4628,10.9428,10.2778,10.5378,35206500.0
2010-05-06,10.2778,10.6078,7.6628,9.5478,47200700.0
2010-05-07,9.4678,9.8328,8.6628,9.0128,49490900.0
2010-05-10,10.0828,10.2978,9.7778,10.1878,29716900.0
2010-05-11,9.8878,10.4328,9.8628,9.9978,22836600.0
2010-05-12,10.0578,10.4878,10.0578,10.3928,18808100.0
2010-05-13,10.3478,10.5728,10.0728,10.2078,21117300.0
2010-05-14,9.9428,10.0278,9.1978,9.6378,28395700.0
2010-05-17,9.7278,9.8078,8.7478,9.3478,31939300.0
2010-05-18,9.7528,9.9478,8.9728,9.1328,30664900.0
2010-05-19,8.9728,9.1778,8.3478,8.8178,30105600.0
2010-05-20,8.1178,8.2028,7.5178,7.5978,44883800.0
2010-05-21,7.0828,8.1128,7.0228,8.0528,40156000.0
2010-05-24,7.9978,8.0678,7.4078,7.4478,27349200.0
2010-05-25,6.7528,7.5178,6.5928,7.5078,43114000.0
2010-05-26,7.8128,8.0578,7.3678,7.4528,29847600.0
2010-05-27,8.1078,8.5878,8.0128,8.5528,30305200.0
2010-05-28,8.4878,8.5228,7.8428,8.0428,26328700.0
2010-06-01,7.6028,7.7878,6.7378,6.7828,36347600.0
2010-06-02,6.9578,7.9178,6.9128,7.8778,27648200.0
2010-06-03,8.1528,8.2878,7.5828,8.2328,33689900.0
2010-06-04,7.6628,8.2378,7.1078,7.2928,29859400.0
2010-06-07,7.3978,7.6978,7.0178,7.0678,24124800.0
2010-06-08,7.1078,7.5728,6.8628,7.4928,35094400.0
2010-06-09,7.7528,8.1578,7.0878,7.2228,30679900.0
2010-06-10,7.9078,8.5678,7.8478,8.5128,25993400.0
2010-06-11,8.1328,8.6928,8.1328,8.6778,15163100.0
2010-06-14,9.0128,9.2128,8.5228,8.5378,23814500.0
2010-06-15,8.8178,9.3678,8.7478,9.3278,17071200.0
2010-06-16,9.1328,9.4978,9.0178,9.3078,14496300.0
2010-06-17,9.3928,9.3928,8.9778,9.2778,17413000.0
2010-06-18,9.2738,9.4938,9.0738,9.4488,13598200.0
2010-06-21,9.9088,9.9938,9.1788,9.3888,16625700.0
2010-06-22,9.3688,9.3838,8.4888,8.5788,21572600.0
2010-06-23,8.5438,8.5688,8.2188,8.3738,17819600.0
2010-06-24,8.2138,8.3788,7.6938,7.8138,16954000.0
2010-06-25,7.8538,8.1238,7.5288,7.8888,20437400.0
2010-06-28,8.0088,8.0088,7.5038,7.5338,15954400.0
2010-06-29,7.1688,7.1738,6.4938,6.6788,22492600.0
2010-06-30,6.6388,7.0188,6.4288,6.4838,16692800.0
2010-07-01,6.5688,6.7088,5.9238,6.3938,25802600.0
2010-07-02,6.5488,6.6588,6.1238,6.3338,11419600.0
2010-07-06,6.7638,7.0238,6.2988,6.5738,17299000.0
2010-07-07,6.7038,7.4688,6.6438,7.4538,18908700.0
2010-07-08,7.7538,7.8938,7.3488,7.8188,14871500.0
2010-07-09,7.7938,7.9938,7.6838,7.9538,9112900.0
2010-07-12,7.8538,8.0788,7.6388,7.8838,8206900.0
2010-07-13,8.2338,8.3988,8.1038,8.1988,14165100.0
2010-07-14,8.0788,8.3138,7.8938,8.1688,11940100.0
2010-07-15,8.1338,8.2438,7.6888,8.1388,14912300.0
2010-07-16,7.9088,8.0088,7.3188,7.5088,18130800.0
2010-07-19,7.6138,7.8238,7.3988,7.6738,12541300.0
2010-07-20,7.3038,8.3038,7.2988,8.2688,16748200.0
2010-07-21,8.4388,8.4388,7.6388,7.8338,22513800.0
2010-07-22,8.1988,8.6538,8.1238,8.4138,22992200.0
2010-07-23,8.3538,8.5388,8.0438,8.5338,18025800.0
2010-07-26,8.5488,8.8138,8.4688,8.7688,11940800.0
2010-07-27,8.8888,8.9338,8.4038,8.6388,16408900.0
2010-07-28,8.5738,8.7738,8.4938,8.5788,10775700.0
2010-07-29,8.7588,9.0038,8.3538,8.6188,14557300.0
2010-07-30,8.3438,8.7038,8.2588,8.5638,11816100.0
2010-08-02,9.0688,9.5888,9.0288,9.5038,27579000.0
2010-08-03,9.3888,9.6738,9.2638,9.4938,14254500.0
2010-08-04,9.5688,9.7788,9.4338,9.7088,13107700.0
2010-08-05,9.5238,9.7988,9.3938,9.7988,8908700.0
2010-08-06,9.4488,9.6038,9.0588,9.4638,18117400.0
2010-08-09,9.5938,9.6788,9.4088,9.5788,6714200.0
2010-08-10,9.2538,9.4838,9.0688,9.3488,12260500.0
2010-08-11,8.8388,8.8788,8.4338,8.5238,18829700.0
2010-08-12,8.1288,8.5738,8.0938,8.3638,15255400.0
2010-08-13,8.3038,8.5638,8.2388,8.3188,9099700.0
2010-08-16,8.1738,8.3888,8.0188,8.3138,10285700.0
2010-08-17,8.5838,8.8988,8.4538,8.7588,18017400.0
2010-08-18,8.6838,8.7238,8.2538,8.4988,18693900.0
2010-08-19,8.3688,8.4188,7.9138,8.0638,16499100.0
2010-08-20,7.9188,7.9388,7.5288,7.7388,12424700.0
2010-08-23,7.7888,8.0038,7.7288,7.7488,8175800.0
2010-08-24,7.3938,7.6888,7.2538,7.3438,14738800.0
2010-08-25,7.1988,7.3438,6.8538,7.2638,19336700.0
2010-08-26,7.4088,7.4938,6.8888,7.0338,10976800.0
2010-08-27,7.1838,7.7438,6.8088,7.6938,19708700.0
2010-08-30,7.6438,7.7638,7.3088,7.3138,9156600.0
2010-08-31,7.1988,7.4438,7.0488,7.2438,17578700.0
2010-09-01,7.6688,8.2638,7.6288,8.1988,19132900.0
2010-09-02,8.2338,8.4688,8.0838,8.4188,9848700.0
2010-09-03,8.6588,8.8638,8.5188,8.7438,13247100.0
2010-09-07,8.5388,8.5688,8.2538,8.3388,11407000.0
2010-09-08,8.3688,8.7038,8.3538,8.5688,9292200.0
2010-09-09,8.8988,8.9488,8.5238,8.6238,7836700.0
2010-09-10,8.7838,8.9588,8.7338,8.9038,7595300.0
2010-09-13,9.1438,9.1788,8.9288,9.1238,9131600.0
2010-09-14,9.0688,9.2588,8.9138,9.0288,13977900.0
2010-09-15,8.8438,8.9788,8.6888,8.9738,14113000.0
2010-09-16,8.8388,8.9638,8.6838,8.8488,16758800.0
2010-09-17,8.9283,8.9733,8.6233,8.7133,14352900.0
2010-09-20,8.7983,9.2733,8.6783,9.1683,19390900.0
2010-09-21,9.2033,9.3533,8.9533,9.1883,16766500.0
2010-09-22,9.1333,9.4533,8.9683,8.9883,16159000.0
2010-09-23,8.7483,9.0483,8.6783,8.8183,12358400.0
2010-09-24,9.1183,9.5383,9.0033,9.4033,24624500.0
2010-09-27,9.4733,9.5683,9.2983,9.2983,10891500.0
2010-09-28,9.3233,9.5933,9.0433,9.4933,16579600.0
2010-09-29,9.4483,9.9183,9.3933,9.7883,21492900.0
2010-09-30,10.0083,10.1433,9.5183,9.7983,23169800.0
2010-10-01,10.0683,10.2433,9.8983,10.1733,20009900.0
2010-10-04,10.0383,10.2133,9.6083,9.8183,14752700.0
2010-10-05,10.1233,10.5833,10.0683,10.4783,21615800.0
2010-10-06,10.4783,10.8233,10.4683,10.7333,14105100.0
2010-10-07,10.8533,10.8883,10.3733,10.5883,13562800.0
2010-10-08,10.5633,11.0583,10.4983,10.9483,15838800.0
2010-10-11,10.9683,11.1783,10.9183,11.0283,8046000.0
2010-10-12,10.9033,11.1133,10.5833,10.9833,16665100.0
2010-10-13,11.1583,11.4883,11.0983,11.3383,14681400.0
2010-10-14,11.2433,11.4983,11.0533,11.2933,11502800.0
2010-10-15,11.4583,11.5033,11.0483,11.3733,15076800.0
2010-10-18,11.2983,11.6733,11.2083,11.4533,10927200.0
2010-10-19,11.1433,11.1983,10.6183,10.8633,19284200.0
2010-10-20,10.9633,11.4233,10.8533,11.2383,12628600.0
2010-10-21,11.3233,11.5583,10.9033,11.2233,13413000.0
2010-10-22,11.3733,11.5133,11.2783,11.4183,6558800.0
2010-10-25,11.6483,11.9133,11.4483,11.4983,11353200.0
2010-10-26,11.4133,11.5933,11.3233,11.5583,10687900.0
2010-10-27,11.2883,11.4633,10.9883,11.4333,12902400.0
2010-10-28,11.6283,11.7033,11.2533,11.3683,11587800.0
2010-10-29,11.2133,11.4183,11.1483,11.3883,9359200.0
2010-11-01,11.6833,11.8533,11.3033,11.4233,12020600.0
2010-11-02,11.6433,11.8883,11.5383,11.7483,10227500.0
2010-11-03,11.8483,11.8733,11.3633,11.8133,22727400.0
2010-11-04,12.2533,12.7783,12.2533,12.7683,19328500.0
2010-11-05,12.7383,12.9233,12.6433,12.9233,14685900.0
2010-11-08,12.7433,13.0583,12.7233,13.0183,11988700.0
2010-11-09,13.1633,13.3983,12.7733,12.9583,20063800.0
2010-11-10,13.0583,13.3733,12.7333,13.3583,17778300.0
2010-11-11,13.2133,13.7133,13.1933,13.7083,18040700.0
2010-11-12,13.3583,13.5083,12.9583,13.2383,17874300.0
2010-11-15,13.4333,13.4483,13.0733,13.0783,10751300.0
2010-11-16,12.7633,12.7733,12.2483,12.4933,23699800.0
2010-11-17,12.4183,12.8183,12.3283,12.6183,16817800.0
2010-11-18,12.9183,13.3983,12.9183,13.2983,16052500.0
2010-11-19,13.2083,13.5733,12.9733,13.5633,11360800.0
2010-11-22,13.3883,13.4833,12.8433,13.4633,18131500.0
2010-11-23,13.0083,13.0233,12.5583,12.8433,22535000.0
2010-11-24,13.0583,13.4383,13.0383,13.4033,22622600.0
2010-11-26,13.0933,13.2883,12.9433,13.0233,6589400.0
2010-11-29,12.8683,13.3033,12.5833,13.2333,14734400.0
2010-11-30,12.8233,13.3783,12.7283,13.1233,19268800.0
2010-12-01,13.6383,14.1283,13.6383,14.0533,19973800.0
2010-12-02,14.0433,14.5533,14.0383,14.5333,17677600.0
2010-12-03,14.3383,14.7383,14.3233,14.6783,10011700.0
2010-12-06,14.6533,14.8683,14.6283,14.7883,11990200.0
2010-12-07,15.2183,15.2683,14.5833,14.6633,22932400.0
2010-12-08,14.6983,14.8483,14.3033,14.5083,12760200.0
2010-12-09,14.6733,14.7433,14.2883,14.5833,10952400.0
2010-12-10,14.6583,14.7533,14.5133,14.7183,8676100.0
2010-12-13,14.9233,15.2533,14.8783,14.9983,12884400.0
2010-12-14,15.0383,15.1283,14.7333,14.8433,11514600.0
2010-12-15,14.7033,14.9583,14.5683,14.6633,11116100.0
2010-12-16,14.6533,14.8583,14.3933,14.8483,11025800.0
2010-12-17,14.8398,14.9048,14.7098,14.8598,11322400.0
2010-12-20,14.9848,15.1798,14.7998,15.0748,10234700.0
2010-12-21,15.2598,15.4498,15.1548,15.4098,8701000.0
2010-12-22,15.5098,15.5598,15.4098,15.5248,7855500.0
2010-12-23,15.4898,15.6598,15.4698,15.6198,4526000.0
2010-12-27,15.4598,15.5598,15.3698,15.4998,4143200.0
2010-12-28,15.5448,15.6798,15.4748,15.6248,5149100.0
2010-12-29,15.7398,16.0448,15.6798,15.9598,5532700.0
2010-12-30,15.9898,16.1498,15.8698,15.9898,5976700.0
2010-12-31,15.9798,16.1648,15.8798,16.0398,4444500.0
2011-01-03,16.3648,16.5098,16.2148,16.2948,10195800.0
2011-01-04,16.5098,16.5098,15.6748,15.9998,14542000.0
2011-01-05,15.8298,16.1948,15.6998,16.1348,11286200.0
2011-01-06,16.2498,16.2648,15.6648,15.8098,11449200.0
2011-01-07,15.8248,16.1348,15.7148,16.0548,11080300.0
2011-01-10,15.9498,15.9848,15.6598,15.9198,10804200.0
2011-01-11,16.1398,16.5248,16.0948,16.4848,11365300.0
2011-01-12,16.7898,16.9798,16.6298,16.9598,11026600.0
2011-01-13,17.0148,17.0898,16.7348,16.8598,11521900.0
2011-01-14,16.8148,17.2498,16.6548,17.2398,14005400.0
2011-01-18,17.2148,17.4798,17.1048,17.4598,12535200.0
2011-01-19,17.5198,17.5348,16.9698,17.0298,15117000.0
2011-01-20,16.7598,16.8848,16.2798,16.7798,23172500.0
2011-01-21,17.1348,17.2248,16.7698,16.9648,14574000.0
2011-01-24,16.9098,17.1748,16.7748,17.0948,13098500.0
2011-01-25,17.0148,17.0698,16.5948,16.9948,15817700.0
2011-01-26,17.1148,17.9298,17.0898,17.8348,24221600.0
2011-01-27,17.8148,17.8898,17.4398,17.6248,14988600.0
2011-01-28,17.5648,17.7398,17.3398,17.4698,23691600.0
2011-01-31,17.7748,18.4898,17.6598,18.4898,25114900.0
2011-02-01,18.6348,19.1198,17.5248,19.0848,20443200.0
2011-02-02,18.9148,19.3298,18.8298,19.0548,13557600.0
2011-02-03,19.0648,19.1348,18.6048,19.0748,14515500.0
2011-02-04,19.1598,19.1998,18.7798,18.9798,13278600.0
2011-02-07,19.1348,19.5248,19.1298,19.1948,16173600.0
2011-02-08,19.1348,19.1948,18.7398,19.0698,15596000.0
2011-02-09,18.9048,19.0398,18.3398,18.5998,16321700.0
2011-02-10,18.4198,19.0348,18.3798,18.9748,16805700.0
2011-02-11,18.8248,19.1698,18.7248,18.9698,18862700.0
2011-02-14,18.9048,19.8298,18.9048,19.7848,15215400.0
2011-02-15,19.7248,19.7948,19.2298,19.3898,11443600.0
2011-02-16,19.5898,19.9298,19.4648,19.8898,15903300.0
2011-02-17,19.8848,20.3498,19.8198,20.2648,10796400.0
2011-02-18,20.3498,20.5148,20.0848,20.4248,12408200.0
2011-02-22,20.5998,20.9448,19.8698,20.0498,24832800.0
2011-02-23,20.2598,21.0998,20.1898,20.8248,32189700.0
2011-02-24,20.9248,20.9448,20.0398,20.2748,22383300.0
2011-02-25,20.4148,20.9148,20.3198,20.8848,11768700.0
2011-02-28,21.0348,21.2598,20.7648,21.1848,15873100.0
2011-03-01,21.4148,21.4548,20.3998,20.4498,20199600.0
2011-03-02,20.3448,20.7448,20.0598,20.6698,15042900.0
2011-03-03,20.9148,21.3698,20.7948,21.3348,11328800.0
2011-03-04,21.3248,21.3698,20.7748,21.0848,14123500.0
2011-03-07,21.3448,21.5248,20.5948,20.8098,14663600.0
2011-03-08,20.7898,20.8198,20.1048,20.4898,16174200.0
2011-03-09,20.3698,20.6198,20.0998,20.2248,13594900.0
2011-03-10,19.7148,19.7198,18.7198,18.8298,36160300.0
2011-03-11,18.5748,19.7398,18.4298,19.4698,24170500.0
2011-03-14,19.2898,19.8048,19.0948,19.6748,16415200.0
2011-03-15,18.5048,19.7198,18.3648,19.3898,21809500.0
2011-03-16,19.4998,19.8198,18.4048,18.7898,31614700.0
2011-03-17,19.5148,20.1098,19.2698,19.9148,20915300.0
2011-03-18,20.3823,20.4723,19.6873,19.7373,24164300.0
2011-03-21,20.3923,20.8923,20.3173,20.8823,17162800.0
2011-03-22,20.8923,21.0223,20.6723,20.7973,10012500.0
2011-03-23,20.7873,21.0273,20.5373,20.8973,10095400.0
2011-03-24,21.0523,21.1073,20.6173,21.0373,15353100.0
2011-03-25,21.0773,21.4923,20.9373,21.3873,11636900.0
2011-03-28,21.2923,21.7423,21.2123,21.2923,14145500.0
2011-03-29,21.2423,21.8523,21.1073,21.7723,16956400.0
2011-03-30,22.0323,22.2273,21.7073,22.0473,19041200.0
2011-03-31,22.2573,22.5273,21.9023,21.9173,18850500.0
2011-04-01,22.2673,22.3873,21.9323,22.0373,12911900.0
2011-04-04,22.2223,22.3173,22.0073,22.0623,7475600.0
2011-04-05,22.0273,22.4073,21.9873,22.1823,19290400.0
2011-04-06,22.3923,22.4923,21.5823,21.7623,16473700.0
2011-04-07,21.6873,21.9273,21.4073,21.7623,14810700.0
2011-04-08,22.0523,22.2323,21.6773,21.9023,19139800.0
2011-04-11,21.9173,21.9923,20.9773,21.1173,17682700.0
2011-04-12,20.6723,20.6923,19.6923,19.9073,37937800.0
2011-04-13,20.2523,20.3773,19.7673,20.0623,26834700.0
2011-04-14,19.8523,20.4323,19.7123,20.3223,20672400.0
2011-04-15,20.4223,20.6923,20.1273,20.6373,15263900.0
2011-04-18,20.0623,20.2373,19.6373,20.0623,20034700.0
2011-04-19,20.0373,20.5423,20.0173,20.4473,15054600.0
2011-04-20,21.1873,21.3723,21.0023,21.3523,22414000.0
2011-04-21,21.4323,21.6373,21.2473,21.5323,12638300.0
2011-04-25,21.5523,21.5873,21.0823,21.3273,7075400.0
2011-04-26,21.4473,21.7773,21.2773,21.7173,9199500.0
2011-04-27,21.8773,21.8923,21.0323,21.6973,18707100.0
2011-04-28,21.5623,21.8123,21.3173,21.6923,14996200.0
2011-04-29,21.7023,22.2973,21.6823,22.2823,9928600.0
2011-05-02,22.3673,22.4423,21.5023,21.7473,17762000.0
2011-05-03,21.4423,21.5273,20.4123,20.7523,28745200.0
2011-05-04,20.6723,20.6773,19.7373,20.0673,29742100.0
2011-05-05,19.4973,19.8673,18.8323,19.2773,44500000.0
2011-05-06,19.7073,20.2673,19.0323,19.4423,35202300.0
2011-05-09,19.6173,20.2773,19.5523,20.0973,24224300.0
2011-05-10,20.0923,20.4573,19.7973,20.2773,17760300.0
2011-05-11,20.0423,20.0823,18.8973,19.1723,41162800.0
2011-05-12,18.9923,19.4173,18.4323,19.1173,38950900.0
2011-05-13,19.2923,19.4673,18.6073,18.9373,35931900.0
2011-05-16,18.7823,19.4073,18.5623,18.6573,28144100.0
2011-05-17,18.4873,18.8323,18.1823,18.6573,30099200.0
2011-05-18,18.8223,19.6623,18.6823,19.3973,25846300.0
2011-05-19,19.5673,19.7223,19.0873,19.4023,19660900.0
2011-05-20,19.3673,19.6773,18.9023,19.3573,27046400.0
2011-05-23,18.7073,18.9773,18.5423,18.7773,20300000.0
2011-05-24,19.1523,19.7073,19.1423,19.2973,24830800.0
2011-05-25,19.1073,20.1223,19.1023,19.9273,24917700.0
2011-05-26,19.8023,20.2073,19.6123,20.1173,18745500.0
2011-05-27,20.3273,20.6023,20.0223,20.2123,16697100.0
2011-05-31,20.7123,20.8723,20.1673,20.5973,19311200.0
2011-06-01,20.5023,20.6673,19.5773,19.6773,27613900.0
2011-06-02,19.6923,19.9873,19.2573,19.6623,24105300.0
2011-06-03,19.0973,20.0323,19.0273,19.6723,22377500.0
2011-06-06,19.5923,19.7473,18.7423,18.8223,23437600.0
2011-06-07,19.1423,19.3323,18.7623,18.8223,19165800.0
2011-06-08,18.9373,19.3823,18.8523,18.9323,25056600.0
2011-06-09,19.1173,19.6323,19.0423,19.4323,17272000.0
2011-06-10,19.1423,19.2173,18.6473,18.7073,20968500.0
2011-06-13,18.7273,18.9923,17.7823,18.1273,27750600.0
2011-06-14,18.5973,19.0773,18.5873,18.8973,22877700.0
2011-06-15,18.4573,18.7823,17.8523,18.0523,35639900.0
2011-06-16,18.0673,18.4373,17.7423,18.1073,25263900.0
2011-06-17,18.4248,18.4848,17.7848,18.0148,27123800.0
2011-06-20,17.8248,19.0748,17.7448,18.1148,17361300.0
2011-06-21,18.3648,19.0048,18.3398,18.8298,23195500.0
2011-06-22,18.7148,19.2148,18.6048,18.7248,18549900.0
2011-06-23,17.9498,18.3798,17.3998,18.3248,45453600.0
2011-06-24,18.3248,18.4098,17.5898,17.6398,17065700.0
2011-06-27,17.5148,18.0498,17.4298,17.8298,19694200.0
2011-06-28,18.1398,18.8848,18.1098,18.8698,15857800.0
2011-06-29,18.9898,19.5548,18.8148,19.2998,21321400.0
2011-06-30,19.4248,19.8848,19.4198,19.8498,19417400.0
2011-07-01,19.7698,20.2448,19.4498,20.2048,14888400.0
2011-07-05,20.2548,20.6098,20.1598,20.4398,15683500.0
2011-07-06,20.3548,20.4248,20.0298,20.3698,10965300.0
2011-07-07,20.8848,20.9998,20.5948,20.9448,17824000.0
2011-07-08,20.2698,20.6198,20.2148,20.6198,17130000.0
2011-07-11,20.0698,20.0748,19.5598,19.7098,19144500.0
2011-07-12,19.5548,20.0848,19.5248,19.5698,20545700.0
2011-07-13,19.7398,20.3898,19.6998,19.8498,20163000.0
2011-07-14,20.2398,20.3198,19.5498,19.5998,22632900.0
2011-07-15,20.0248,20.6498,19.9998,20.6048,27367100.0
2011-07-18,20.4398,20.5448,20.1698,20.4748,20361900.0
2011-07-19,20.7498,21.2048,20.7198,21.1748,19557300.0
2011-07-20,21.3398,21.3548,20.9998,21.0748,10517800.0
2011-07-21,21.3048,21.8898,21.2798,21.8398,17357000.0
2011-07-22,21.8748,22.0898,21.6398,22.0398,11499600.0
2011-07-25,21.5448,22.1598,21.4848,21.8798,15483200.0
2011-07-26,21.8548,22.0548,21.5498,21.6898,16968900.0
2011-07-27,21.4198,21.4998,20.8248,20.9448,23784500.0
2011-07-28,20.7898,21.2648,20.7098,20.7848,19554000.0
2011-07-29,20.2698,20.7348,20.1548,20.3998,17335600.0
2011-08-01,21.0748,21.0998,19.9898,20.3448,21985000.0
2011-08-02,20.1298,20.5248,19.2698,19.2798,27201200.0
2011-08-03,19.3348,19.3548,18.1998,19.0698,35564000.0
2011-08-04,18.3798,18.4198,16.3098,16.5398,54526900.0
2011-08-05,16.9598,17.2548,14.4098,16.2098,66409400.0
2011-08-08,14.8298,15.3648,13.1748,13.3148,55993200.0
2011-08-09,13.9648,14.9198,12.7248,14.8998,50399100.0
2011-08-10,14.4748,15.0648,13.6398,13.7698,49373700.0
2011-08-11,13.9748,15.9048,13.7798,15.4098,42032600.0
2011-08-12,15.9048,16.0998,15.4398,15.6548,26550500.0
2011-08-15,16.0998,16.8498,16.0898,16.7848,29310600.0
2011-08-16,16.3398,16.6998,15.8198,16.2098,29945200.0
2011-08-17,16.5898,16.9748,16.1248,16.3448,21663900.0
2011-08-18,15.2798,15.3548,14.0048,14.3648,37247700.0
2011-08-19,13.8698,14.9148,13.6748,13.7948,27318700.0
2011-08-22,14.7598,14.7698,13.4248,13.5398,24525400.0
2011-08-23,13.7448,14.9798,13.5298,14.9548,35853500.0
2011-08-24,14.7648,15.2098,14.4748,15.1498,18867800.0
2011-08-25,15.3848,15.5798,14.2848,14.4548,26792700.0
2011-08-26,14.1348,15.2248,13.7298,15.0798,23836100.0
2011-08-29,15.5998,16.0848,15.3398,16.0398,35543200.0
2011-08-30,15.8098,16.4748,15.5298,16.2398,19838300.0
2011-08-31,16.5498,16.9948,16.1698,16.4948,24484800.0
2011-09-01,16.5498,16.9998,16.1548,16.2348,21294200.0
2011-09-02,15.3298,15.6248,14.9998,15.2848,20851000.0
2011-09-06,14.2298,14.9748,13.9598,14.9248,19355500.0
2011-09-07,15.5298,16.1448,15.4798,16.1248,18525700.0
2011-09-08,15.9598,16.4548,15.5398,15.7298,18489100.0
2011-09-09,15.2898,15.4498,14.3848,14.6198,35039400.0
2011-09-12,14.0548,14.8448,13.8448,14.7748,25756900.0
2011-09-13,14.9198,15.0898,14.2698,14.8648,28204500.0
2011-09-14,15.0598,15.7348,14.4148,15.2698,25715900.0
2011-09-15,15.6798,15.9598,15.3998,15.9248,17331200.0
2011-09-16,16.0618,16.1868,15.4668,15.8518,23036400.0
2011-09-19,15.0318,15.6218,14.6818,15.3218,20859900.0
2011-09-20,15.4768,15.8918,15.0668,15.1168,20134400.0
2011-09-21,15.0268,15.1468,13.7218,13.7518,26782900.0
2011-09-22,12.6418,12.6568,11.4368,11.9768,38066000.0
2011-09-23,11.5968,12.0968,11.4918,11.6568,32795300.0
2011-09-26,11.8718,12.7918,11.2818,12.7268,34393200.0
2011-09-27,13.6268,13.9718,12.9968,13.1718,32486200.0
2011-09-28,13.2268,13.5118,12.1018,12.1618,23093300.0
2011-09-29,12.9318,12.9718,11.8368,12.4468,22869500.0
2011-09-30,11.9218,12.2868,11.5618,11.5618,29729400.0
2011-10-03,11.2268,11.5618,10.5418,10.5668,35065300.0
2011-10-04,10.0568,11.5768,9.4368,11.4918,41365500.0
2011-10-05,11.7068,12.6568,11.2718,12.5668,37565000.0
2011-10-06,12.5068,13.1968,12.1668,13.1368,23817200.0
2011-10-07,13.3718,13.3968,12.4518,12.7568,24389600.0
2011-10-10,13.3218,14.1518,13.3168,14.1368,17908000.0
2011-10-11,13.8418,14.4768,13.7618,14.2018,22428000.0
2011-10-12,14.4568,14.8568,14.2268,14.3718,18631200.0
2011-10-13,14.0468,14.4868,13.6968,14.3268,15159200.0
2011-10-14,14.8718,15.6168,14.8668,15.6068,16616000.0
2011-10-17,15.5168,15.6268,14.9268,15.0018,18806400.0
2011-10-18,14.9618,16.2768,14.6018,16.0518,24455300.0
2011-10-19,15.9018,16.4268,15.5468,15.7018,24029000.0
2011-10-20,15.6818,16.1118,15.2668,15.9618,21877500.0
2011-10-21,16.3268,16.7218,16.1618,16.5818,24170100.0
2011-10-24,16.6868,17.1218,16.5918,17.0318,22972500.0
2011-10-25,16.9468,17.0118,16.0568,16.3068,21918300.0
2011-10-26,16.8268,17.1618,16.0518,17.0418,18182400.0
2011-10-27,17.9918,18.9018,17.8968,18.5818,31182400.0
2011-10-28,18.2068,18.8918,18.1068,18.8268,17511200.0
2011-10-31,18.2068,18.2318,17.1068,17.1618,21955100.0
2011-11-01,15.7968,16.5468,15.4768,16.0368,41742200.0
2011-11-02,16.8718,17.1468,16.5268,17.0518,20309400.0
2011-11-03,17.5568,18.0868,17.0918,17.9668,19712200.0
2011-11-04,17.6568,18.0368,17.3068,17.9368,12552900.0
2011-11-07,17.9468,18.3818,17.5068,18.1318,13468900.0
2011-11-08,18.4218,18.7568,17.9418,18.7168,19152700.0
2011-11-09,17.6418,17.9818,17.0168,17.1068,25271600.0
2011-11-10,17.6718,17.9718,17.0318,17.7118,20353600.0
2011-11-11,18.1068,18.5818,18.0568,18.4368,14401500.0
2011-11-14,18.2168,18.2968,17.6318,17.9618,15382500.0
2011-11-15,17.8518,18.2168,17.6368,17.9218,16674700.0
2011-11-16,17.6418,18.2968,17.3418,17.3868,21941100.0
2011-11-17,17.3718,17.5568,16.2618,16.5868,25535900.0
2011-11-18,16.7818,16.9668,16.1718,16.3818,26951700.0
2011-11-21,15.7668,15.9818,15.2968,15.7718,20008300.0
2011-11-22,15.7368,15.9568,15.2468,15.4568,18696300.0
2011-11-23,14.9818,15.0568,14.4468,14.4518,21787600.0
2011-11-25,14.3118,14.7718,14.2218,14.2218,7149800.0
2011-11-28,15.3868,15.6968,15.1118,15.4168,21849800.0
2011-11-29,15.5618,16.2518,15.4468,15.8918,14477100.0
2011-11-30,17.1318,17.8418,17.1218,17.7418,32999600.0
2011-12-01,17.6468,18.0018,17.3518,17.5468,16332300.0
2011-12-02,17.8868,18.0768,17.4468,17.5168,14939700.0
2011-12-05,18.1568,18.3918,17.6468,17.9518,14862000.0
2011-12-06,17.9268,18.2368,17.6568,17.9468,13859400.0
2011-12-07,17.8068,17.8818,17.3068,17.6068,17144300.0
2011-12-08,17.3518,17.5368,16.5218,16.6218,17144900.0
2011-12-09,16.8368,17.5468,16.7618,17.4018,15518300.0
2011-12-12,16.9768,17.0018,16.1018,16.5818,19314900.0
2011-12-13,16.8468,17.2868,16.0468,16.2618,18638800.0
2011-12-14,15.8618,16.0168,15.1618,15.3068,26684300.0
2011-12-15,15.7668,15.8018,15.0818,15.1668,17749300.0
2011-12-16,15.4303,15.7003,15.1753,15.5153,21970600.0
2011-12-19,15.6553,15.6553,14.8453,14.9353,12537400.0
2011-12-20,15.5903,16.3353,15.5503,16.2703,12663300.0
2011-12-21,16.2753,16.7353,16.0603,16.6453,12025800.0
2011-12-22,16.8353,17.1203,16.7203,17.0453,10988100.0
2011-12-23,17.1753,17.2853,16.9703,17.2453,5214100.0
2011-12-27,17.1703,17.4953,17.1703,17.3353,5630300.0
2011-12-28,17.3453,17.4303,16.6253,16.6703,11320700.0
2011-12-29,16.7503,17.0653,16.7203,17.0253,7702100.0
2011-12-30,16.9453,17.1753,16.9103,17.0103,6580000.0
2012-01-03,17.7453,18.1453,17.6903,17.9703,24254800.0
2012-01-04,17.8353,18.1053,17.6253,18.0453,14018500.0
2012-01-05,17.8153,17.9003,17.4453,17.8753,12674700.0
2012-01-06,17.9403,17.9553,17.5903,17.6653,8893100.0
2012-01-09,17.7403,17.9153,17.6353,17.8353,12043200.0
2012-01-10,18.3903,18.4353,18.0503,18.1503,13633400.0
2012-01-11,17.9853,17.9903,17.5303,17.6703,13472000.0
2012-01-12,17.4803,17.6353,17.1853,17.3403,19704800.0
2012-01-13,17.1203,17.2153,16.8153,17.1653,16217400.0
2012-01-17,17.5553,17.7203,17.3003,17.4103,12527000.0
2012-01-18,17.3903,18.0003,17.2203,17.9853,15361800.0
2012-01-19,18.1703,18.2603,17.9653,18.1303,13304400.0
2012-01-20,18.1253,18.2653,17.8553,18.1353,15393300.0
2012-01-23,18.2603,18.5203,18.1603,18.4203,12987000.0
2012-01-24,18.1053,18.3403,17.9603,18.3153,10617200.0
2012-01-25,18.2603,18.8753,17.8003,18.7553,19638100.0
2012-01-26,18.9803,19.0253,18.1203,18.2603,16979200.0
2012-01-27,18.1003,18.3403,18.0453,18.1853,9224100.0
2012-01-30,17.7753,18.0403,17.5103,18.0153,13625800.0
2012-01-31,18.2703,18.3053,17.6153,17.7903,14680900.0
2012-02-01,18.1103,18.2353,17.8553,17.9303,12776500.0
2012-02-02,17.9853,18.3353,17.8753,18.2003,15471100.0
2012-02-03,18.6653,18.8653,18.4603,18.8303,14996500.0
2012-02-06,18.6253,19.2703,18.5703,19.2653,13384600.0
2012-02-07,19.1753,19.5153,18.7953,19.4553,17548700.0
2012-02-08,19.5453,19.5953,19.0903,19.3303,11027800.0
2012-02-09,19.3853,19.4753,19.0403,19.3353,9605400.0
2012-02-10,18.9053,19.0303,18.7253,18.9653,14837000.0
2012-02-13,19.3353,19.3603,18.9753,19.2553,9914300.0
2012-02-14,19.2153,19.3853,19.0203,19.3203,14547900.0
2012-02-15,19.4403,19.5453,19.1403,19.2603,14739400.0
2012-02-16,19.3353,19.8053,19.1103,19.7403,18101600.0
2012-02-17,20.0353,20.0803,19.6603,19.8803,13493000.0
2012-02-21,20.1303,20.3403,20.0303,20.1353,14382300.0
2012-02-22,20.2153,20.4803,20.1253,20.2203,12342300.0
2012-02-23,20.2453,20.4553,19.9703,20.4103,14088100.0
2012-02-24,20.4953,20.6953,20.4653,20.5603,12274900.0
2012-02-27,20.4103,20.6003,20.1503,20.4403,11183200.0
2012-02-28,20.3903,20.5653,20.1003,20.3153,16606300.0
2012-02-29,20.3553,20.5153,19.7803,19.8853,17244300.0
2012-03-01,20.0503,20.3253,19.9603,20.2453,14007500.0
2012-03-02,20.1053,20.2553,19.6653,19.8153,14521300.0
2012-03-05,19.6553,19.6853,19.2153,19.5753,12685200.0
2012-03-06,19.0103,19.1103,18.7353,18.9703,13867800.0
2012-03-07,19.1053,19.3753,18.8553,19.2753,14482200.0
2012-03-08,19.4653,19.7003,19.2803,19.5753,10298100.0
2012-03-09,19.6553,19.8803,19.4803,19.5403,14653200.0
2012-03-12,19.5053,19.5603,19.1753,19.3353,12258700.0
2012-03-13,19.5353,19.8303,19.1653,19.7803,17792800.0
2012-03-14,19.8053,19.9053,19.3303,19.4203,13856400.0
2012-03-15,19.4653,19.6503,19.2303,19.4803,15176600.0
2012-03-16,19.6578,20.1028,19.6028,19.9878,23590400.0
2012-03-19,19.9678,20.3228,19.8578,20.1578,14202700.0
2012-03-20,19.8228,19.8678,19.5178,19.5928,13284100.0
2012-03-21,19.5478,19.5528,19.0978,19.1528,16581900.0
2012-03-22,18.7478,18.8028,18.1628,18.3278,20215300.0
2012-03-23,18.4078,18.8328,18.2228,18.7178,13221900.0
2012-03-26,19.0378,19.0878,18.7828,18.9878,10188600.0
2012-03-27,19.0528,19.0628,18.6128,18.6228,12772900.0
2012-03-28,18.4578,18.5828,17.8828,18.1728,15285200.0
2012-03-29,17.9278,18.2328,17.6728,18.1728,16330300.0
2012-03-30,18.4378,18.5528,18.1078,18.4628,12753300.0
2012-04-02,18.3728,19.0828,18.2628,18.8128,17888200.0
2012-04-03,18.7378,18.7928,18.1328,18.4978,13994800.0
2012-04-04,18.0628,18.2278,17.8528,18.0378,15830300.0
2012-04-05,17.9128,18.3328,17.7928,17.8378,9578900.0
2012-04-09,17.2978,17.6578,17.2628,17.3928,14429600.0
2012-04-10,17.3428,17.4028,16.6378,16.7078,21953000.0
2012-04-11,17.0878,17.1878,16.6478,16.7178,12825000.0
2012-04-12,16.7478,17.5478,16.7228,17.4628,15058900.0
2012-04-13,17.3128,17.4178,16.8678,16.9378,13107500.0
2012-04-16,17.0778,17.1878,16.5628,16.7078,15125400.0
2012-04-17,17.0228,17.4378,16.9928,17.2628,12755300.0
2012-04-18,17.1578,17.4078,17.0878,17.1928,10794300.0
2012-04-19,17.2128,17.4878,17.0178,17.1478,20972900.0
2012-04-20,17.4778,17.6478,17.0578,17.0678,15095300.0
2012-04-23,16.4928,17.1278,16.4278,17.0328,17027600.0
2012-04-24,17.1578,17.4028,16.9928,17.2878,9915300.0
2012-04-25,17.5028,17.6528,17.2678,17.6328,14642800.0
2012-04-26,17.4628,18.0178,17.4078,18.0028,11229800.0
2012-04-27,18.0878,18.1128,17.8078,17.9878,6835000.0
2012-04-30,17.9528,18.2328,17.8528,18.2078,7609000.0
2012-05-01,18.2778,18.9728,18.2178,18.7178,14255200.0
2012-05-02,18.4078,18.4178,18.0278,18.1278,12082200.0
2012-05-03,18.1178,18.1628,17.4328,17.5378,16040400.0
2012-05-04,17.1828,17.2378,16.5728,16.7378,22188500.0
2012-05-07,16.5378,16.8528,16.3078,16.6378,15208000.0
2012-05-08,16.3678,16.5878,15.8028,16.5278,25175200.0
2012-05-09,16.0078,16.5628,15.8328,16.3628,21954900.0
2012-05-10,16.6978,16.8828,16.4378,16.5078,12300000.0
2012-05-11,16.2678,16.7578,16.1978,16.2578,10303400.0
2012-05-14,15.8428,15.8978,15.6278,15.6978,13552900.0
2012-05-15,15.7178,15.8428,15.0478,15.1478,16975500.0
2012-05-16,15.2278,15.7428,14.9628,14.9628,16513300.0
2012-05-17,15.0378,15.2928,14.7528,14.7578,19182200.0
2012-05-18,14.9878,15.1678,14.4228,14.5578,18483400.0
2012-05-21,14.6028,15.3228,14.5828,15.2928,13670400.0
2012-05-22,15.3378,15.7978,14.9928,15.2128,21336000.0
2012-05-23,14.9378,15.3778,14.4778,15.3328,18881000.0
2012-05-24,15.5028,15.5028,14.8978,15.3078,18681500.0
2012-05-25,15.2728,15.4928,15.0828,15.1528,8014300.0
2012-05-29,15.5278,15.9328,15.3578,15.6978,14053700.0
2012-05-30,15.2378,15.2578,14.5778,14.6828,23233700.0
2012-05-31,14.6628,14.7478,13.8578,14.4028,26688500.0
2012-06-01,13.7628,13.9528,13.5678,13.6078,19510300.0
2012-06-04,13.7278,13.8228,13.1428,13.5828,19034900.0
2012-06-05,13.5128,14.0528,13.4978,13.8478,15802300.0
2012-06-06,14.1778,14.8428,14.1778,14.8128,20784000.0
2012-06-07,15.2328,15.5278,14.7678,14.8328,14686000.0
2012-06-08,14.5978,14.8828,14.3228,14.8378,15584000.0
2012-06-11,15.1678,15.3178,14.3528,14.3978,16148300.0
2012-06-12,14.5728,14.9278,14.3978,14.8478,14516300.0
2012-06-13,14.6628,14.9828,14.2928,14.4378,12172400.0
2012-06-14,14.5128,15.0778,14.3878,14.9378,14564700.0
2012-06-15,15.1583,15.5883,14.9983,15.5533,15501000.0
2012-06-18,15.2283,15.3533,15.0383,15.2583,14037000.0
2012-06-19,15.5133,15.8933,15.3433,15.7283,15372900.0
2012-06-20,15.7133,15.9583,15.2933,15.5983,17623500.0
2012-06-21,15.6083,15.6083,14.1983,14.2533,18964500.0
2012-06-22,14.4633,14.6083,14.0783,14.4633,20063000.0
2012-06-25,13.9933,14.0033,13.4783,13.7533,15553800.0
2012-06-26,13.8033,14.2033,13.5783,14.0883,14262000.0
2012-06-27,14.2583,14.8583,14.2583,14.7383,11657800.0
2012-06-28,14.5533,15.0133,14.4083,14.9583,16523500.0
2012-06-29,15.8133,15.9933,15.4783,15.9283,21745500.0
2012-07-02,15.9283,16.0733,15.5783,15.9433,14556300.0
2012-07-03,16.2083,17.0933,16.1783,16.7383,15691600.0
2012-07-05,16.5383,16.5583,16.1733,16.2933,12141000.0
2012-07-06,15.7783,16.0383,15.6283,15.8883,11190600.0
2012-07-09,15.8633,15.9233,15.5033,15.7383,9563900.0
2012-07-10,15.9383,16.0383,15.0633,15.2233,18801100.0
2012-07-11,15.3933,15.8283,15.3083,15.6633,20964900.0
2012-07-12,15.2733,15.7233,15.1533,15.5533,19368400.0
2012-07-13,15.6883,16.1583,15.6433,16.1283,10209600.0
2012-07-16,16.0233,16.3933,15.8283,16.2383,11334800.0
2012-07-17,16.4283,16.6933,15.8933,16.6583,17984600.0
2012-07-18,16.5383,16.9933,16.4683,16.9533,15518000.0
2012-07-19,17.0933,17.1633,16.8483,17.0583,13989400.0
2012-07-20,16.9483,17.1483,16.7933,17.1383,13664400.0
2012-07-23,16.4233,16.8783,16.2083,16.8083,12720500.0
2012-07-24,16.8233,16.8583,15.8233,16.2633,12658900.0
2012-07-25,16.3933,16.5333,15.9983,16.2883,9499500.0
2012-07-26,16.8033,17.3583,16.7833,17.2433,14040500.0
2012-07-27,17.4283,17.9883,17.1933,17.8533,15360300.0
2012-07-30,17.8033,18.0833,17.6933,17.9533,9733300.0
2012-07-31,17.8733,18.0183,17.5333,17.5683,12015600.0
2012-08-01,17.6983,17.9133,17.3233,17.7383,16144600.0
2012-08-02,17.3033,17.5033,16.8233,17.1533,15441300.0
2012-08-03,17.7933,18.1783,17.7533,17.9633,14376000.0
2012-08-06,18.0283,18.2533,17.9933,18.0583,5936200.0
2012-08-07,18.3233,18.7433,18.2933,18.5883,12250900.0
2012-08-08,18.4333,18.7433,18.3683,18.6183,9499000.0
2012-08-09,18.5433,18.9983,18.4933,18.8633,11983000.0
2012-08-10,18.6183,18.9733,18.3983,18.9283,11315500.0
2012-08-13,18.9233,18.9733,18.6183,18.7933,8289000.0
2012-08-14,18.9683,19.0083,18.6133,18.7283,7121300.0
2012-08-15,18.7383,18.8283,18.5783,18.7233,6532100.0
2012-08-16,18.7833,19.1083,18.6833,19.0433,6883900.0
2012-08-17,19.1183,19.1333,18.9033,19.0283,12104100.0
2012-08-20,18.9333,19.0333,18.7783,18.9033,5567800.0
2012-08-21,19.0683,19.2583,18.7283,18.7883,8730200.0
2012-08-22,18.6733,18.9583,18.5633,18.9233,8538800.0
2012-08-23,18.8383,18.9383,18.4533,18.5233,7328600.0
2012-08-24,18.4633,18.8333,18.2733,18.7333,7491600.0
2012-08-27,18.7733,18.9933,18.6283,18.7483,6067800.0
2012-08-28,18.6733,18.8833,18.6083,18.7733,6820800.0
2012-08-29,18.7933,18.8233,18.4983,18.5333,6351900.0
2012-08-30,18.3933,18.3933,18.0483,18.1533,7785400.0
2012-08-31,18.4483,18.6883,18.2333,18.5083,10149900.0
2012-09-04,18.4733,18.4983,17.9433,18.2333,8775000.0
2012-09-05,18.2133,18.3433,18.0383,18.0983,7225000.0
2012-09-06,18.3783,19.0833,18.3733,18.8433,13522100.0
2012-09-07,18.9283,19.4783,18.8933,19.4683,13422600.0
2012-09-10,19.4183,19.6583,19.2933,19.3083,5842100.0
2012-09-11,19.4183,19.7983,19.4183,19.6983,7505500.0
2012-09-12,19.9183,20.0183,19.7683,19.9233,8341700.0
2012-09-13,20.0083,20.7483,19.7183,20.5283,14174200.0
2012-09-14,20.7933,21.4183,20.7533,21.0283,15240300.0
2012-09-17,20.8733,21.1483,20.6133,20.7383,10183500.0
2012-09-18,20.6133,20.6283,20.1733,20.4683,9920200.0
2012-09-19,20.4333,20.4683,20.0683,20.1033,14806800.0
2012-09-20,19.7833,20.2833,19.6333,20.2083,11743800.0
2012-09-21,20.5303,20.5453,20.1603,20.2503,12698200.0
2012-09-24,19.9253,20.1603,19.9203,20.0603,7390500.0
2012-09-25,20.1603,20.2303,19.6203,19.6553,13493300.0
2012-09-26,19.5053,19.5503,19.1803,19.3053,15803100.0
2012-09-27,19.5853,19.9053,19.4303,19.8003,8327300.0
2012-09-28,19.6953,19.7303,19.4053,19.6253,8448600.0
2012-10-01,19.8803,20.1753,19.7603,19.8103,11121400.0
2012-10-02,20.0603,20.0603,19.6503,19.8753,8791100.0
2012-10-03,19.8053,19.8553,19.2453,19.4203,12575800.0
2012-10-04,19.6253,19.8803,19.5503,19.7853,11377300.0
2012-10-05,19.9953,20.0403,19.5803,19.7003,13889200.0
2012-10-08,19.4953,19.8053,19.4603,19.7603,5442800.0
2012-10-09,19.7953,20.1003,19.7503,19.8103,10290600.0
2012-10-10,19.5953,19.6553,19.0203,19.1203,15191800.0
2012-10-11,19.4703,19.6953,19.3703,19.3903,8271700.0
2012-10-12,19.3803,19.4453,18.9303,19.1903,10761800.0
2012-10-15,19.1253,19.4303,18.8653,19.3753,8094000.0
2012-10-16,19.5903,20.0253,19.5903,19.9553,13349300.0
2012-10-17,20.0603,20.4453,19.9853,20.4203,10345700.0
2012-10-18,20.2503,20.5053,20.2253,20.4153,14412400.0
2012-10-19,20.3853,20.4603,19.6903,19.8253,14092600.0
2012-10-22,19.8403,19.9603,19.2703,19.6403,10843900.0
2012-10-23,19.0203,19.0553,18.5253,18.7853,15428500.0
2012-10-24,18.9653,19.0353,18.4453,18.5103,10695500.0
2012-10-25,18.8653,18.9303,18.4203,18.8453,9793200.0
2012-10-26,18.7753,19.1103,18.7103,18.8903,11008400.0
2012-10-31,19.0353,19.1453,18.5853,18.8803,11125800.0
2012-11-01,18.7403,19.1053,18.6803,19.0353,9490800.0
2012-11-02,19.1553,19.2553,18.3203,18.4403,11264900.0
2012-11-05,18.3703,18.8053,18.3303,18.7103,7417400.0
2012-11-06,18.8903,19.4403,18.8703,19.2853,10519200.0
2012-11-07,18.7503,18.8303,18.0853,18.3353,19043600.0
2012-11-08,18.3103,18.4453,17.6753,17.6953,15013300.0
2012-11-09,17.5853,18.0953,17.4853,17.6853,12227700.0
2012-11-12,17.8203,17.8603,17.6103,17.7553,5583400.0
2012-11-13,17.4453,18.0653,17.4103,17.6103,11300600.0
2012-11-14,17.7203,17.7853,17.1003,17.1903,19242100.0
2012-11-15,17.2053,17.5453,17.0053,17.2353,14651100.0
2012-11-16,17.2853,17.4203,16.7953,17.3703,21477700.0
2012-11-19,17.8403,18.2203,17.8153,18.1653,11458100.0
2012-11-20,18.0703,18.2053,17.7803,18.0253,7712500.0
2012-11-21,18.1353,18.2603,17.9903,18.2153,5868500.0
2012-11-23,18.3803,18.7153,18.2953,18.7153,4502400.0
2012-11-26,18.4053,18.4303,18.1203,18.3653,9390500.0
2012-11-27,18.2603,18.4153,18.0053,18.0703,7788000.0
2012-11-28,17.7353,18.4453,17.6253,18.3903,11587900.0
2012-11-29,18.6253,18.7653,18.3453,18.4703,10951100.0
2012-11-30,18.5103,18.6353,18.3103,18.4403,8365100.0
2012-12-03,18.7103,18.7603,18.2053,18.2453,9766500.0
2012-12-04,18.2603,18.4253,18.0953,18.1153,11395800.0
2012-12-05,18.2253,18.5553,18.1303,18.3603,12531100.0
2012-12-06,18.2853,18.4753,18.2253,18.4753,8106800.0
2012-12-07,18.5953,18.6953,18.4203,18.6903,10384400.0
2012-12-10,18.6753,18.8153,18.5753,18.6503,5835800.0
2012-12-11,18.7953,18.9953,18.7253,18.8603,7874700.0
2012-12-12,18.9703,19.3203,18.8703,18.9903,9193300.0
2012-12-13,18.9453,18.9503,18.5103,18.6553,10767300.0
2012-12-14,18.4153,18.5903,18.3653,18.5203,9441700.0
2012-12-17,18.6403,18.8603,18.5753,18.8453,9494500.0
2012-12-18,18.8403,19.5853,18.7703,19.5053,11187000.0
2012-12-19,19.5653,19.6053,19.2353,19.2553,8090600.0
2012-12-20,19.2603,19.5303,19.1853,19.5003,9007400.0
2012-12-21,19.0557,19.2357,18.9157,19.1307,15210200.0
2012-12-24,19.0557,19.0907,18.7957,18.8557,3589800.0
2012-12-26,19.0707,19.0857,18.6457,18.6957,6520100.0
2012-12-27,18.7007,18.7407,18.1907,18.6307,11660800.0
2012-12-28,18.4157,18.4357,17.9807,18.0107,11802400.0
2012-12-31,17.9507,18.8157,17.8807,18.8057,16384800.0
2013-01-02,19.5707,19.6057,19.0957,19.5957,14545800.0
2013-01-03,19.5407,19.9107,19.3757,19.5857,9786000.0
2013-01-04,19.6407,20.0407,19.6207,19.9907,9292700.0
2013-01-07,19.8207,19.8207,19.5657,19.7057,7973400.0
2013-01-08,19.6057,19.6157,19.3557,19.5857,7375700.0
2013-01-09,19.6907,19.7357,19.3707,19.5257,7372500.0
2013-01-10,19.8257,19.9207,19.6257,19.8557,8366800.0
2013-01-11,19.8957,19.9557,19.7657,19.9007,6366400.0
2013-01-14,19.8807,20.0107,19.7757,19.9057,8397100.0
2013-01-15,19.7657,20.1007,19.6907,20.0707,9639500.0
2013-01-16,20.0107,20.2407,19.9557,20.2357,8585200.0
2013-01-17,20.4207,20.7057,20.3157,20.4707,10502000.0
2013-01-18,20.5007,20.8407,20.4207,20.8407,13406500.0
2013-01-22,20.7757,21.2507,20.6707,21.2007,10149800.0
2013-01-23,21.1107,21.1757,20.9257,21.0707,7169300.0
2013-01-24,21.1157,21.4907,21.0757,21.1807,8820800.0
2013-01-25,21.3657,21.6207,21.3007,21.5407,7795300.0
2013-01-28,21.6857,21.6857,21.2507,21.4757,7451200.0
2013-01-29,21.5807,22.1707,21.5657,22.0957,11646000.0
2013-01-30,22.1757,22.3907,21.8357,21.9007,9943000.0
2013-01-31,21.7757,21.9657,21.6307,21.7707,10515300.0
2013-02-01,21.9757,22.1807,21.6757,22.1307,11818300.0
2013-02-04,21.7957,21.9357,21.7357,21.7607,10674000.0
2013-02-05,22.0257,22.2007,21.8757,22.0957,11685100.0
2013-02-06,21.8857,22.1407,21.7707,22.1207,11386400.0
2013-02-07,22.0907,22.1807,21.7607,22.0207,11930900.0
2013-02-08,22.0757,22.4007,22.0757,22.3857,9447700.0
2013-02-11,22.3907,22.3907,22.1357,22.1907,6961000.0
2013-02-12,22.2807,22.3657,22.0707,22.2957,7202700.0
2013-02-13,22.3357,22.4707,22.3107,22.4357,5692900.0
2013-02-14,22.3557,22.8507,22.2407,22.7757,7310700.0
2013-02-15,22.7257,22.7407,22.1107,22.3207,14337800.0
2013-02-19,22.4657,22.8107,22.4557,22.7757,7697000.0
2013-02-20,22.7607,22.7657,21.9107,21.9457,12767700.0
2013-02-21,21.7507,21.8207,21.3857,21.6757,12262400.0
2013-02-22,21.9207,22.0957,21.6107,22.0807,6564600.0
2013-02-25,22.3357,22.4557,21.0357,21.0607,13808000.0
2013-02-26,21.2707,21.5307,20.8257,21.4357,16851500.0
2013-02-27,21.3207,22.1257,21.3207,22.0207,10994600.0
2013-02-28,21.9807,22.3307,21.9207,21.9407,9939900.0
2013-03-01,21.7857,22.0607,21.6107,21.9907,13262700.0
2013-03-04,21.8557,21.9607,21.5207,21.9057,10421700.0
2013-03-05,22.1657,22.3057,22.0007,22.1557,9984900.0
2013-03-06,22.3207,22.3957,22.0557,22.2007,8200100.0
2013-03-07,22.2907,22.4657,22.1157,22.4007,8466200.0
2013-03-08,22.5607,22.6557,22.3407,22.5907,7816700.0
2013-03-11,22.4607,22.6757,22.2907,22.6107,8167100.0
2013-03-12,22.6457,22.8657,22.5307,22.6557,8523300.0
2013-03-13,22.5957,22.7157,22.4657,22.5657,7782700.0
2013-03-14,22.6307,23.1657,22.6307,23.1057,10991100.0
2013-03-15,23.0943,23.2493,22.9043,23.0743,11246600.0
2013-03-18,22.5693,22.9943,22.5393,22.7543,8047000.0
2013-03-19,22.8193,22.8193,21.9693,22.3193,12352100.0
2013-03-20,22.6043,22.6693,22.3143,22.5393,6823000.0
2013-03-21,22.3493,22.6543,22.3093,22.3393,8277500.0
2013-03-22,22.4493,22.7143,22.4243,22.6493,7904800.0
2013-03-25,22.8043,22.9693,22.3343,22.4993,9839500.0
2013-03-26,22.7093,22.9643,22.6493,22.9143,6931200.0
2013-03-27,22.6943,23.1093,22.5893,23.0443,5694700.0
2013-03-28,23.0443,23.2093,22.9093,22.9293,6895300.0
2013-04-01,22.9293,23.0443,22.5793,22.8493,7407800.0
2013-04-02,22.9143,22.9443,22.4993,22.6243,8408100.0
2013-04-03,22.6393,22.6643,21.7693,21.8893,15743500.0
2013-04-04,21.8593,22.0743,21.5943,21.8393,13752700.0
2013-04-05,21.3393,21.9693,21.2693,21.9243,16619800.0
2013-04-08,21.9843,22.2043,21.8493,22.1843,8903600.0
2013-04-09,22.2743,22.6793,22.0893,22.5143,9579800.0
2013-04-10,22.6143,22.8793,22.5543,22.7243,9191800.0
2013-04-11,22.9043,23.0843,22.6393,22.8943,11311300.0
2013-04-12,22.6293,22.7043,22.0593,22.2743,19437100.0
2013-04-15,21.8393,21.8593,20.6543,20.6843,24793200.0
2013-04-16,21.0593,21.1993,20.6243,21.1443,16460400.0
2013-04-17,20.8093,20.8493,20.0343,20.3143,20626700.0
2013-04-18,20.4193,20.8643,20.0793,20.6293,20535600.0
2013-04-19,20.9143,20.9893,20.3293,20.5543,13416500.0
2013-04-22,20.7393,21.1093,20.4143,20.9543,13348000.0
2013-04-23,21.1043,21.4243,20.9243,21.3893,13947600.0
2013-04-24,21.5293,22.0793,21.4893,21.8993,13715100.0
2013-04-25,21.9943,22.3943,21.7443,21.9293,13638800.0
2013-04-26,21.8443,21.9593,21.5593,21.8643,11162400.0
2013-04-29,22.0993,22.4143,21.9243,22.2543,12214700.0
2013-04-30,22.2993,22.4243,21.9493,22.4093,10035500.0
2013-05-01,22.0743,22.1793,21.7543,21.7993,15324000.0
2013-05-02,21.9543,22.4143,21.8193,22.3043,13597100.0
2013-05-03,22.5793,23.1143,22.5693,23.0093,14049000.0
2013-05-06,23.0293,23.4393,23.0293,23.2793,12007200.0
2013-05-07,23.4593,23.7643,23.3093,23.5893,9700600.0
2013-05-08,23.5593,23.7293,23.4043,23.6543,7170400.0
2013-05-09,23.6693,23.8143,23.3993,23.6193,8135600.0
2013-05-10,23.3943,23.4743,23.0593,23.4093,13221100.0
2013-05-13,23.3093,23.4243,23.1793,23.4043,7423100.0
2013-05-14,23.4393,23.9743,23.4143,23.9743,9600300.0
2013-05-15,23.7843,23.9893,23.5193,23.8593,13048600.0
2013-05-16,23.7443,23.9693,23.5693,23.6593,12055400.0
2013-05-17,23.8793,24.3793,23.8343,24.3343,14657100.0
2013-05-20,24.3143,25.0043,24.3143,24.9143,10192200.0
2013-05-21,25.0143,25.1893,24.6893,24.8293,10838300.0
2013-05-22,24.8893,25.2493,24.1493,24.3493,19839400.0
2013-05-23,23.8343,24.3693,23.6993,24.3693,12791700.0
2013-05-24,24.0043,24.1343,23.7743,24.1293,8665000.0
2013-05-28,24.7043,24.8893,24.3493,24.5593,10708400.0
2013-05-29,24.2493,24.6243,24.1693,24.4693,12753000.0
2013-05-30,24.3543,24.5793,24.0893,24.3743,12074800.0
2013-05-31,24.2043,24.3343,23.5193,23.5243,15007200.0
2013-06-03,23.6743,23.9243,23.4893,23.9143,18365400.0
2013-06-04,23.7143,23.9693,23.2943,23.5943,15981000.0
2013-06-05,23.4743,23.6193,23.0993,23.1243,17796100.0
2013-06-06,23.1493,23.4443,22.8243,23.4243,18324200.0
2013-06-07,23.6893,23.9643,23.4543,23.9293,10582000.0
2013-06-10,24.1043,24.1143,23.6793,23.8143,7944000.0
2013-06-11,23.3193,23.5843,23.1493,23.1993,10595900.0
2013-06-12,23.5993,23.6693,22.8643,22.9543,9344700.0
2013-06-13,22.9443,23.7243,22.8943,23.6193,12393000.0
2013-06-14,23.6443,23.6843,23.1343,23.2293,10398400.0
2013-06-17,23.4993,23.9093,23.4793,23.8043,11097500.0
2013-06-18,23.7493,24.1593,23.7343,24.0343,7741700.0
2013-06-19,23.9993,24.2243,23.6193,23.6593,15053600.0
2013-06-20,23.1293,23.1493,22.3593,22.4793,25489800.0
2013-06-21,22.8065,22.8465,22.0865,22.5465,20554200.0
2013-06-24,22.1215,22.3965,21.4715,21.9665,18904800.0
2013-06-25,22.3915,22.5865,22.1315,22.4615,12540300.0
2013-06-26,22.6515,22.8215,22.3665,22.7015,11202800.0
2013-06-27,22.9015,23.1315,22.7565,22.7765,8163500.0
2013-06-28,22.6265,22.9215,22.4865,22.6115,10817700.0
2013-07-01,22.8565,23.2215,22.7765,22.8915,11960700.0
2013-07-02,22.9015,23.3115,22.7815,22.9765,8691800.0
2013-07-03,22.8715,23.0165,22.6365,22.9515,5255800.0
2013-07-05,23.1815,23.4565,22.8815,23.4415,10308500.0
2013-07-08,23.6365,23.9415,23.6115,23.7015,11579200.0
2013-07-09,23.9265,24.1665,23.8465,24.1115,9257300.0
2013-07-10,24.2615,24.2615,23.7765,23.8615,10811500.0
2013-07-11,24.3715,24.4015,23.9665,24.1865,14486200.0
2013-07-12,24.1365,24.4415,24.1265,24.4165,8777800.0
2013-07-15,24.4415,24.5215,24.3065,24.3815,10395100.0
2013-07-16,24.4065,24.4865,23.8715,24.1315,6723800.0
2013-07-17,24.2515,24.4315,24.1865,24.3115,7923000.0
2013-07-18,24.4515,24.8615,24.4315,24.7465,9419500.0
2013-07-19,24.8965,25.3215,24.8015,25.3215,10684800.0
2013-07-22,25.2615,25.3765,25.1465,25.1865,6802300.0
2013-07-23,25.2915,25.4415,25.2065,25.2565,6009700.0
2013-07-24,25.3015,25.3315,24.5815,24.7915,9338600.0
2013-07-25,24.7565,25.1215,24.6365,25.0665,9621100.0
2013-07-26,24.8765,24.9915,24.6015,24.9615,6830100.0
2013-07-29,24.8315,24.8665,24.4515,24.6165,8293600.0
2013-07-30,24.6265,24.7115,24.3015,24.5365,7935200.0
2013-07-31,24.6115,24.9715,24.5815,24.6715,11247500.0
2013-08-01,25.0065,25.3865,24.9915,25.3415,10646700.0
2013-08-02,25.1865,25.2115,24.8865,25.1565,8185500.0
2013-08-05,25.0065,25.0865,24.8465,25.0565,5191000.0
2013-08-06,24.9565,25.1615,24.6865,24.8015,6494400.0
2013-08-07,24.6865,24.8115,24.4865,24.6565,7033600.0
2013-08-08,24.8565,24.9715,24.5215,24.8815,6739300.0
2013-08-09,24.8715,24.9665,24.5565,24.7565,9815000.0
2013-08-12,24.4765,24.7415,24.4615,24.5815,6313500.0
2013-08-13,24.6215,24.7515,24.3915,24.6565,6916300.0
2013-08-14,24.5615,24.7365,24.4365,24.4665,6212500.0
2013-08-15,24.2115,24.4215,24.0615,24.2415,10819000.0
2013-08-16,24.1615,24.2265,23.9165,24.0765,8950400.0
2013-08-19,23.9765,24.0215,23.4065,23.4315,10847400.0
2013-08-20,23.4515,24.9615,23.3865,23.6765,9035600.0
2013-08-21,23.5665,23.8065,23.3765,23.4565,9487900.0
2013-08-22,23.6365,24.2115,23.5515,24.0515,8337200.0
2013-08-23,24.1815,24.4065,23.9365,24.3415,7392500.0
2013-08-26,24.4565,24.6165,24.1915,24.2715,7262000.0
2013-08-27,23.9715,24.3115,23.9365,24.0165,10200500.0
2013-08-28,24.1465,24.8515,24.1315,24.6915,11898200.0
2013-08-29,24.6165,24.6415,24.1915,24.2615,11408800.0
2013-08-30,24.4165,24.4665,24.1465,24.2465,8541300.0
2013-09-03,24.6565,24.8015,24.3465,24.5465,8634400.0
2013-09-04,24.4965,24.8915,24.4065,24.7665,7490000.0
2013-09-05,24.8465,25.0965,24.8265,24.9065,6115100.0
2013-09-06,25.0715,25.2265,24.6165,24.9015,8023100.0
2013-09-09,25.0515,25.4165,24.9915,25.3665,8434900.0
2013-09-10,25.4115,25.4415,25.0215,25.3815,9152200.0
2013-09-11,25.3765,25.7015,25.1865,25.7015,10700200.0
2013-09-12,25.6165,25.7415,25.4215,25.4515,10702400.0
2013-09-13,25.4865,25.6015,25.3615,25.4365,5979000.0
2013-09-16,25.7615,25.7915,25.3665,25.4265,8056300.0
2013-09-17,25.4365,25.7365,25.3815,25.6165,5421900.0
2013-09-18,25.6065,26.3015,25.4815,26.1265,11156600.0
2013-09-19,26.1915,26.3315,25.9465,26.0215,9138500.0
2013-09-20,26.0478,26.1528,25.5978,25.6778,13973900.0
2013-09-23,25.5678,25.6628,25.3528,25.4728,8520100.0
2013-09-24,25.4628,25.8228,25.3428,25.5128,5540400.0
2013-09-25,25.6328,25.7628,25.4928,25.5028,11193700.0
2013-09-26,25.6078,25.6728,25.3778,25.5778,7720200.0
2013-09-27,25.4028,25.4878,25.2678,25.4328,7171000.0
2013-09-30,24.9278,25.2578,24.8528,25.1128,10433200.0
2013-10-01,24.9978,25.4878,24.9778,25.3778,10844100.0
2013-10-02,25.2028,25.5228,24.9828,25.4728,7714200.0
2013-10-03,25.4328,25.4578,24.9078,25.1078,10140100.0
2013-10-04,25.1978,25.6378,25.0178,25.5278,9313100.0
2013-10-07,25.0928,25.4478,25.0428,25.1828,7928700.0
2013-10-08,25.1978,25.2878,24.6978,24.7378,10573400.0
2013-10-09,24.7378,24.7728,24.3128,24.5928,13109700.0
2013-10-10,24.8778,25.3578,24.8678,25.3528,12827600.0
2013-10-11,25.1678,25.9328,25.1278,25.8028,11925400.0
2013-10-14,25.5528,26.1128,25.4578,26.0878,8369900.0
2013-10-15,25.9328,26.2078,25.7728,25.9328,11391800.0
2013-10-16,26.2178,26.6978,26.1978,26.5678,12604400.0
2013-10-17,26.5228,26.6778,26.4028,26.6578,12287000.0
2013-10-18,26.9928,27.1528,26.7978,27.1278,12950600.0
2013-10-21,27.1078,27.2778,26.8378,26.9328,7853500.0
2013-10-22,27.1428,27.4528,26.9828,27.1728,14287900.0
2013-10-23,26.8128,26.8528,26.3678,26.4928,16835300.0
2013-10-24,26.5378,26.7728,26.2628,26.6978,7873300.0
2013-10-25,26.7928,27.0728,26.6678,26.9578,8746100.0
2013-10-28,26.9828,27.0878,26.7578,26.9928,7661200.0
2013-10-29,27.1028,27.3278,27.0678,27.2978,6467000.0
2013-10-30,27.2828,27.4678,26.6628,27.0028,11396600.0
2013-10-31,27.0378,27.2478,26.7128,26.8528,9084800.0
2013-11-01,26.8378,26.8778,26.1778,26.6978,12347600.0
2013-11-04,26.9078,27.2678,26.8128,27.2328,7233200.0
2013-11-05,27.0428,27.1628,26.7978,26.8378,8027300.0
2013-11-06,27.0978,27.2928,26.8178,26.9678,9083700.0
2013-11-07,27.0828,27.1428,26.1578,26.2978,20883500.0
2013-11-08,26.3178,26.9728,26.2578,26.9328,13242900.0
2013-11-11,27.0078,27.1528,26.8728,27.0128,5179100.0
2013-11-12,26.9328,27.0028,26.4878,26.6128,8680700.0
2013-11-13,26.4228,26.9928,26.4178,26.9878,10903400.0
2013-11-14,26.9678,27.2778,26.9428,27.2478,9668100.0
2013-11-15,27.4128,27.4978,27.1628,27.4878,7369800.0
2013-11-18,27.6728,27.7128,27.0128,27.1528,10466200.0
2013-11-19,27.0678,27.3728,26.8578,27.2278,9456400.0
2013-11-20,27.4078,27.5528,26.9928,27.1228,13262800.0
2013-11-21,27.2728,27.6078,27.2178,27.5378,7121400.0
2013-11-22,27.6878,27.7778,27.2978,27.7728,7559500.0
2013-11-25,27.7278,27.7278,27.1528,27.3728,9752600.0
2013-11-26,27.3278,27.5378,27.0878,27.2628,6774600.0
2013-11-27,27.1428,27.3428,26.7178,26.9678,9319300.0
2013-11-29,26.9628,27.2528,26.7578,26.8778,4976700.0
2013-12-02,26.9228,27.2028,26.6628,26.9078,9619400.0
2013-12-03,26.8078,27.1478,26.7178,27.0128,10845100.0
2013-12-04,26.9578,27.1028,26.5278,26.8728,10034300.0
2013-12-05,26.7628,26.9478,26.6428,26.7278,10071100.0
2013-12-06,27.1028,27.1778,26.7278,26.8628,11673000.0
2013-12-09,26.9578,27.0878,26.7278,26.9228,13072100.0
2013-12-10,26.8228,27.0528,26.7378,26.7928,10561400.0
2013-12-11,26.8378,26.8378,26.0928,26.1828,14682700.0
2013-12-12,26.1778,26.5528,26.0978,26.3628,10983600.0
2013-12-13,26.2628,26.2878,26.0278,26.2228,12163400.0
2013-12-16,26.4528,26.7328,26.3328,26.5928,12160800.0
2013-12-17,26.5578,26.6328,26.2078,26.3478,9856200.0
2013-12-18,26.4728,27.0078,26.0628,26.9928,15264000.0
2013-12-19,26.8428,27.1378,26.7478,27.1178,11210600.0
2013-12-20,27.1041,27.3641,27.0791,27.1941,15694300.0
2013-12-23,27.3541,27.5291,27.1841,27.2391,9767900.0
2013-12-24,27.2741,27.5191,27.2191,27.4791,5594400.0
2013-12-26,27.5991,27.8491,27.5291,27.7891,8857600.0
2013-12-27,27.9391,28.0641,27.7941,28.0041,5865900.0
2013-12-30,28.0591,28.1041,27.6441,27.6891,7045700.0
2013-12-31,27.7941,28.1291,27.6341,28.1141,8075400.0
2014-01-02,27.8491,27.9791,27.3091,27.4841,11133600.0
2014-01-03,27.5291,27.7041,27.2341,27.3241,9714300.0
2014-01-06,27.4541,27.5291,27.1391,27.3841,9256600.0
2014-01-07,27.5091,27.7441,27.2841,27.7141,6651000.0
2014-01-08,27.7191,27.7341,27.2441,27.4091,10941500.0
2014-01-09,27.4541,27.5291,26.9141,27.2741,12222700.0
2014-01-10,27.3041,27.3641,27.0241,27.3091,10470100.0
2014-01-13,27.1891,27.2541,26.4041,26.4441,16717600.0
2014-01-14,26.6141,27.0191,26.6141,26.9991,13222100.0
2014-01-15,27.0591,27.0991,26.8091,26.8741,11667900.0
2014-01-16,26.7941,26.9441,26.5941,26.9341,11297100.0
2014-01-17,27.0391,27.2741,26.8091,26.8641,12632900.0
2014-01-21,27.1691,27.3191,26.8541,27.2191,12725800.0
2014-01-22,27.3241,27.4691,27.1441,27.4191,10557600.0
2014-01-23,27.1841,27.2741,26.7191,26.9241,14900800.0
2014-01-24,26.6641,26.6641,25.9991,26.0241,17426100.0
2014-01-27,26.0991,26.1841,25.5791,25.8741,16054500.0
2014-01-28,25.9741,26.2591,25.8591,26.1941,9112800.0
2014-01-29,25.8241,26.2491,25.6041,25.9591,20124900.0
2014-01-30,26.2441,26.3141,25.8541,26.0941,12265700.0
2014-01-31,25.6041,25.9191,25.3741,25.5491,15983200.0
2014-02-03,25.5091,25.6841,24.7491,24.8041,25172800.0
2014-02-04,25.0341,25.3291,24.8841,25.2241,20339800.0
2014-02-05,25.2241,25.2341,24.7641,24.8191,27270900.0
2014-02-06,24.9291,25.5291,24.9141,25.4291,13028300.0
2014-02-07,25.6841,25.9441,25.4291,25.8791,12402300.0
2014-02-10,25.8691,25.9241,25.4991,25.6741,7961000.0
2014-02-11,25.7191,26.3641,25.6741,26.2191,10869700.0
2014-02-12,26.3491,26.4341,26.0741,26.1191,6812400.0
2014-02-13,25.9191,26.4291,25.8041,26.3191,9799000.0
2014-02-14,26.3541,26.9591,26.2891,26.8741,12618300.0
2014-02-18,26.9391,27.1241,26.8641,27.0691,8854000.0
2014-02-19,26.9341,27.5641,26.9341,27.1241,23822000.0
2014-02-20,27.1091,27.4941,27.0491,27.4091,9436900.0
2014-02-21,27.5041,27.5141,27.0391,27.0641,11582800.0
2014-02-24,27.1941,28.0991,27.1691,27.7141,18613900.0
2014-02-25,27.6291,27.7791,27.3391,27.6941,9583300.0
2014-02-26,27.7141,27.7641,27.2841,27.4191,10048300.0
2014-02-27,27.4341,27.5341,27.1491,27.4641,9333400.0
2014-02-28,27.4941,27.8541,27.4241,27.6841,10474500.0
2014-03-03,27.4191,27.9041,27.2641,27.4041,12463600.0
2014-03-04,27.7841,28.0091,27.6141,27.8791,10524500.0
2014-03-05,27.7441,27.7841,27.3541,27.4691,10865400.0
2014-03-06,27.4991,27.8291,27.4741,27.7841,7788300.0
2014-03-07,27.9641,27.9941,27.6991,27.8691,9852800.0
2014-03-10,27.8241,27.9691,27.5691,27.9391,8864500.0
2014-03-11,27.9941,28.0241,27.2941,27.4391,12268000.0
2014-03-12,27.1341,27.5541,27.0891,27.4441,9368700.0
2014-03-13,27.5091,27.5241,26.8441,27.0091,11272800.0
2014-03-14,26.9591,27.2191,26.8991,27.0491,10653400.0
2014-03-17,27.2191,27.4141,27.1091,27.2791,10419200.0
2014-03-18,27.4391,27.7791,27.3041,27.6441,6995200.0
2014-03-19,27.6591,27.6741,27.0441,27.3141,9322600.0
2014-03-20,27.0991,27.5541,26.9541,27.4841,8713400.0
2014-03-21,27.6327,27.9277,27.5927,27.6027,14130200.0
2014-03-24,27.7377,27.9377,27.4327,27.5127,10044000.0
2014-03-25,27.7377,27.9377,27.7227,27.9027,7168800.0
2014-03-26,28.0527,28.1677,27.6677,27.6977,8564400.0
2014-03-27,27.7127,28.1877,27.6077,28.0527,11386300.0
2014-03-28,28.1977,28.6977,28.1727,28.6027,9955600.0
2014-03-31,28.8227,28.8677,28.4677,28.6027,8451600.0
2014-04-01,28.6177,28.8727,28.5977,28.8677,10247300.0
2014-04-02,28.7727,29.1077,28.7377,29.0277,10008600.0
2014-04-03,29.1277,29.5027,29.0527,29.3177,10792000.0
2014-04-04,29.6577,29.7227,29.0727,29.1527,13997800.0
2014-04-07,29.0477,29.1377,28.3977,28.3977,11244800.0
2014-04-08,28.5077,28.9377,28.4227,28.8427,11644400.0
2014-04-09,28.9827,29.0777,28.5927,29.0477,7224500.0
2014-04-10,28.8777,29.1677,28.3277,28.4227,12298300.0
2014-04-11,28.2027,28.5577,28.1827,28.2977,13455900.0
2014-04-14,28.6377,28.9927,28.4277,28.9027,9961400.0
2014-04-15,28.8727,29.5177,28.7327,29.5027,22442900.0
2014-04-16,29.7677,30.0577,29.7027,30.0477,13036700.0
2014-04-17,30.1077,30.6077,30.0277,30.4677,18549500.0
2014-04-21,30.5127,30.8177,30.4277,30.7827,8506400.0
2014-04-22,30.6527,30.8377,30.4277,30.7077,6345200.0
2014-04-23,30.7027,31.0827,30.7027,30.9527,8561700.0
2014-04-24,31.0877,31.1977,30.8827,30.9677,8876500.0
2014-04-25,30.8377,30.9827,30.5427,30.6877,8872100.0
2014-04-28,30.8477,30.8877,30.3777,30.7677,11167000.0
2014-04-29,30.9927,31.4027,30.9677,30.9827,8272600.0
2014-04-30,30.8777,31.0127,30.6427,30.9427,10821600.0
2014-05-01,30.8777,31.0027,30.7027,30.8377,10715300.0
2014-05-02,30.7527,31.2827,30.6877,30.9327,8711000.0
2014-05-05,30.7577,31.2327,30.6727,31.1527,8037300.0
2014-05-06,31.1977,31.4727,31.1577,31.2227,7476700.0
2014-05-07,31.4327,31.6977,31.1677,31.6327,9630900.0
2014-05-08,31.5377,31.6177,30.9127,30.9527,10966300.0
2014-05-09,31.0127,31.0977,30.7277,30.9077,8710800.0
2014-05-12,31.1227,31.2627,30.9777,31.2377,5213900.0
2014-05-13,31.3277,31.4827,31.2577,31.4127,4988800.0
2014-05-14,31.4627,31.5827,31.3677,31.4327,4984600.0
2014-05-15,31.3377,31.3527,30.5477,30.8927,11448800.0
2014-05-16,30.8077,30.9427,30.5377,30.7727,14811000.0
2014-05-19,30.6427,31.0427,30.6427,30.9177,5032200.0
2014-05-20,30.8177,31.0027,30.6927,30.7827,4675600.0
2014-05-21,30.9977,31.3527,30.9327,31.2877,5857400.0
2014-05-22,31.2877,31.4927,31.1827,31.2427,6869200.0
2014-05-23,31.2327,31.4127,31.1377,31.1477,5280600.0
2014-05-27,31.2827,31.3877,31.1027,31.2777,5057300.0
2014-05-28,31.2727,31.5177,31.1727,31.3577,7535500.0
2014-05-29,31.4477,31.7877,31.3177,31.7627,7278300.0
2014-05-30,31.6327,31.7827,31.4977,31.7277,5958000.0
2014-06-02,31.7727,31.9427,31.5327,31.6677,5075700.0
2014-06-03,31.5577,31.8927,31.5527,31.8327,5998600.0
2014-06-04,31.7527,31.8577,31.6077,31.8077,3686600.0
2014-06-05,31.7577,32.1627,31.6627,32.0827,6174800.0
2014-06-06,32.1927,32.5477,32.1927,32.4777,5420000.0
2014-06-09,32.5427,32.8077,32.4327,32.5527,5652000.0
2014-06-10,32.5577,32.5977,32.3527,32.4727,3766100.0
2014-06-11,32.3277,32.7227,32.2227,32.6577,5651700.0
2014-06-12,32.8727,33.1427,32.7277,32.8177,11869600.0
2014-06-13,32.9477,33.2877,32.6577,33.2827,9736600.0
2014-06-16,33.4577,33.6877,33.3677,33.5777,13386900.0
2014-06-17,33.4777,33.5527,33.2277,33.5427,10045500.0
2014-06-18,33.5627,33.9627,33.3977,33.9177,14863600.0
2014-06-19,33.9477,34.2827,33.8077,34.2727,8677000.0
2014-06-20,34.5294,34.7994,34.3644,34.7694,9096200.0
2014-06-23,34.9244,35.0644,34.7944,34.9494,7959200.0
2014-06-24,34.9044,34.9444,33.7744,33.8844,17748500.0
2014-06-25,33.6794,34.3094,33.6244,34.2594,13860300.0
2014-06-26,34.2894,34.3544,33.8594,34.3144,8080000.0
2014-06-27,34.1944,34.3394,34.0244,34.3144,8222100.0
2014-06-30,34.2794,34.4144,34.0844,34.3544,6312800.0
2014-07-01,34.4794,34.6344,34.2594,34.3844,6885800.0
2014-07-02,34.3444,34.4894,34.2044,34.3094,5926400.0
2014-07-03,34.5494,34.5494,34.2194,34.4994,3668800.0
2014-07-07,34.4494,34.4544,34.0244,34.1144,6932400.0
2014-07-08,34.0394,34.1594,33.8394,34.0344,10392300.0
2014-07-09,34.1144,34.3944,34.0344,34.3644,6408000.0
2014-07-10,33.9094,34.0694,33.6294,33.8844,14908700.0
2014-07-11,33.8244,33.8344,33.3744,33.5044,10805200.0
2014-07-14,33.7444,33.9894,33.6744,33.9294,6870300.0
2014-07-15,33.7944,33.9194,33.3944,33.7144,9954200.0
2014-07-16,33.9194,34.4844,33.9044,34.4644,8167400.0
2014-07-17,34.4244,34.5794,33.6194,33.6544,11017800.0
2014-07-18,33.7794,33.9244,33.5544,33.7994,8317800.0
2014-07-21,33.6744,33.9094,33.5994,33.8744,9396700.0
2014-07-22,34.0944,34.3844,34.0444,34.2294,5977900.0
2014-07-23,34.3544,34.5544,34.1394,34.5494,6701200.0
2014-07-24,34.6294,34.7894,34.4244,34.5944,5747200.0
2014-07-25,34.4144,34.4594,34.1594,34.2244,4802900.0
2014-07-28,34.1844,34.2694,33.7994,34.1044,7478600.0
2014-07-29,34.0144,34.2644,33.9544,33.9794,6828800.0
2014-07-30,34.2144,34.3694,33.5244,33.6844,10780300.0
2014-07-31,33.3694,33.3944,32.5844,32.6194,17284800.0
2014-08-01,32.4844,32.6394,31.8144,32.2294,17833300.0
2014-08-04,32.2194,33.1544,32.0744,33.0344,12896500.0
2014-08-05,32.8294,32.9294,31.6894,31.9694,16439900.0
2014-08-06,31.8694,32.6644,31.7844,32.1094,11547000.0
2014-08-07,32.3544,32.4394,31.5494,31.8094,13256700.0
2014-08-08,31.9544,32.6544,31.8394,32.6044,11585000.0
2014-08-11,32.9194,33.0944,32.5744,32.6094,11203600.0
2014-08-12,32.5394,32.5394,32.0544,32.2544,9998100.0
2014-08-13,32.5144,32.6694,32.2344,32.4094,6489000.0
2014-08-14,32.4794,32.5544,32.0644,32.1344,7617400.0
2014-08-15,32.2294,32.5594,32.1044,32.4894,11075300.0
2014-08-18,32.6644,32.7644,32.4144,32.6194,8597500.0
2014-08-19,32.7194,33.0794,32.6844,32.9894,5997700.0
2014-08-20,32.9294,33.1594,32.7294,33.0944,5947900.0
2014-08-21,33.1594,33.1844,32.9144,33.1344,5567200.0
2014-08-22,33.0644,33.0644,32.6094,32.8094,7383400.0
2014-08-25,32.9444,33.2744,32.9294,33.2394,4379000.0
2014-08-26,33.3794,33.7394,33.2844,33.4894,5596500.0
2014-08-27,33.5344,33.5894,33.2594,33.3894,3860100.0
2014-08-28,33.2394,33.4494,33.1594,33.3994,3104500.0
2014-08-29,33.5094,33.6994,33.3344,33.6744,5367400.0
2014-09-02,33.6044,33.6494,32.8394,33.0494,8642300.0
2014-09-03,33.3744,33.5244,33.1494,33.1794,7190900.0
2014-09-04,33.2944,33.3144,32.2944,32.5194,12286500.0
2014-09-05,32.5444,32.8594,32.2144,32.8444,8774900.0
2014-09-08,32.6044,32.6444,31.8694,32.0894,10978100.0
2014-09-09,32.0644,32.3594,31.5994,31.8794,9998300.0
2014-09-10,31.8344,31.8344,31.2094,31.7644,10432700.0
2014-09-11,31.3844,31.8644,31.1844,31.7944,12505700.0
2014-09-12,31.6544,31.6994,30.9394,31.0844,15440200.0
2014-09-15,31.0344,31.5394,30.7994,31.4144,13391300.0
2014-09-16,31.3494,32.2844,31.2794,31.9844,13455400.0
2014-09-17,32.0994,32.1894,31.5844,31.7244,11069300.0
2014-09-18,31.8794,31.9044,31.3544,31.4794,12284600.0
2014-09-19,31.5761,31.7911,31.4211,31.4411,9474600.0
2014-09-22,31.3661,31.3911,30.5711,30.7511,10629600.0
2014-09-23,30.6811,31.0761,30.6061,30.6161,9140100.0
2014-09-24,30.5861,30.9211,29.9261,30.6561,24739900.0
2014-09-25,30.6311,30.6511,29.9261,29.9511,13436400.0
2014-09-26,29.9561,30.7311,29.7961,30.5361,11484800.0
2014-09-29,29.9511,30.5161,29.8411,30.4311,15454300.0
2014-09-30,30.3861,30.4961,29.5761,29.8561,21732100.0
2014-10-01,29.8511,30.0761,28.7911,28.9311,18977300.0
2014-10-02,28.6711,28.9911,27.9361,28.7011,29242700.0
2014-10-03,28.9211,28.9461,28.2561,28.6311,20098000.0
2014-10-06,28.8561,29.1311,28.3561,28.6811,20122200.0
2014-10-07,28.4461,29.0111,28.0911,28.1061,17899300.0
2014-10-08,27.9811,28.5711,27.2811,28.5311,35988600.0
2014-10-09,28.1961,28.2711,26.7961,26.9161,36667400.0
2014-10-10,26.7911,27.2511,25.8661,26.3211,60474300.0
2014-10-13,26.2311,26.7411,24.9761,25.0311,47549300.0
2014-10-14,25.3711,25.6911,24.3061,24.5211,55995600.0
2014-10-15,24.0011,24.9311,23.3011,24.8261,69469600.0
2014-10-16,23.9611,25.9561,23.7961,25.5461,59796300.0
2014-10-17,26.3011,27.4961,25.5461,25.8961,38000000.0
2014-10-20,25.8611,26.3811,25.6561,26.2561,26502600.0
2014-10-21,26.7311,27.6211,26.7161,27.5261,31358200.0
2014-10-22,27.6361,27.9011,26.6861,26.7111,36142500.0
2014-10-23,27.3061,27.9511,27.0811,27.4961,26558000.0
2014-10-24,27.5161,27.5911,26.7811,27.3461,25247400.0
2014-10-27,26.6661,26.6911,26.0161,26.4461,23501400.0
2014-10-28,26.6661,27.5161,26.3861,27.4011,23278000.0
2014-10-29,27.8711,28.2311,27.1311,27.5411,26722500.0
2014-10-30,27.2111,27.5761,26.8911,27.3861,18788000.0
2014-10-31,27.4761,28.3061,27.0761,28.2561,20264300.0
2014-11-03,28.2861,28.7511,27.4361,27.5661,26605600.0
2014-11-04,27.0461,27.0711,26.3111,26.6811,23439100.0
2014-11-05,27.1061,27.6061,26.7761,27.4211,27445100.0
2014-11-06,27.1511,27.9711,27.0111,27.9611,23026300.0
2014-11-07,28.0611,28.7861,27.9761,28.4411,18042000.0
2014-11-10,28.8211,29.0261,27.9161,28.0461,22953400.0
2014-11-11,28.0861,28.2811,27.6611,28.1761,17377600.0
2014-11-12,27.9011,28.3511,27.7411,27.7911,17619200.0
2014-11-13,27.5611,27.6161,26.5211,27.2161,31586800.0
2014-11-14,27.4261,27.7011,27.1361,27.6511,17960500.0
2014-11-17,27.3861,27.6811,27.2261,27.4261,12215000.0
2014-11-18,27.4111,27.8161,27.2561,27.4611,19679900.0
2014-11-19,27.5411,27.8361,27.1611,27.6861,14746100.0
2014-11-20,27.7711,28.2911,27.6561,28.2261,16911000.0
2014-11-21,28.9811,29.1561,28.4761,28.7961,28685200.0
2014-11-24,28.6511,28.8911,28.2661,28.4561,16678100.0
2014-11-25,28.6961,28.7311,27.6811,27.7411,22554000.0
2014-11-26,27.5411,27.6511,27.1211,27.1961,20858300.0
2014-11-28,25.4161,25.5461,24.3361,24.4561,42538300.0
2014-12-01,24.2411,24.7211,23.8811,24.5961,51594500.0
2014-12-02,24.3111,25.4211,24.2961,25.0311,33186800.0
2014-12-03,25.2911,25.8511,25.1511,25.5261,31549200.0
2014-12-04,25.1311,25.4311,24.8061,25.1711,23523200.0
2014-12-05,25.0811,25.2011,24.5261,24.6861,23443300.0
2014-12-08,24.1461,24.2961,22.9761,23.0611,41192700.0
2014-12-09,22.9761,23.6411,22.8461,23.4811,33668900.0
2014-12-10,22.8711,22.9161,22.0311,22.2811,43917500.0
2014-12-11,22.2311,23.2161,22.1711,22.2561,35551700.0
2014-12-12,21.8061,22.2361,21.4911,21.5561,50054300.0
2014-12-15,21.8611,22.2111,21.1461,21.2261,47481100.0
2014-12-16,20.8911,22.6911,20.8011,21.5511,57284400.0
2014-12-17,21.7611,23.4611,21.6911,23.0861,62458400.0
2014-12-18,24.0761,24.2211,22.8311,23.8261,52121700.0
2014-12-19,24.2688,25.1238,23.8338,25.0738,46742800.0
2014-12-22,24.7738,24.8738,24.2488,24.6638,33238100.0
2014-12-23,24.9538,25.2838,24.6688,25.1488,26519500.0
2014-12-24,24.9138,25.0088,24.3888,24.8538,14047800.0
2014-12-26,25.0088,25.1938,24.6688,24.8438,14464600.0
2014-12-29,24.9338,25.2888,24.7488,24.9888,18224100.0
2014-12-30,24.9388,25.0238,24.5438,24.6688,19148100.0
2014-12-31,24.4338,24.7888,24.1338,24.3688,21541900.0
2015-01-02,24.1538,24.6838,23.9788,24.5538,27749100.0
2015-01-05,23.9988,24.0138,22.7138,22.9088,45395200.0
2015-01-06,22.8438,23.1538,22.0838,22.3488,41876600.0
2015-01-07,22.8038,22.9688,22.1788,22.4288,31192400.0
2015-01-08,22.7338,23.3638,22.5788,23.2738,28186900.0
2015-01-09,23.2988,23.3638,22.6238,22.9688,24952100.0
2015-01-12,22.4838,22.4838,21.6688,21.8688,28940600.0
2015-01-13,22.0188,22.3088,21.2288,21.5738,34051400.0
2015-01-14,21.2238,21.7438,20.6388,21.6888,52152500.0
2015-01-15,22.1238,22.2188,21.1888,21.2188,41346000.0
2015-01-16,21.4338,22.4538,21.4038,22.4038,42741900.0
2015-01-20,22.2088,22.4688,21.7538,22.4488,28085800.0
2015-01-21,22.7238,23.2238,22.4488,23.2138,28330800.0
2015-01-22,23.4588,23.5138,22.6888,23.3938,33018800.0
2015-01-23,23.2188,23.6688,23.0588,23.1188,21147400.0
2015-01-26,23.2488,23.7688,22.9088,23.6688,18360600.0
2015-01-27,23.3638,23.8288,23.2688,23.6438,21602300.0
2015-01-28,23.5388,23.5388,22.0388,22.1138,38833400.0
2015-01-29,22.4138,22.4638,21.3938,22.2388,30123700.0
2015-01-30,21.9588,22.9938,21.7088,22.5638,43848100.0
2015-02-02,23.0288,23.7338,22.7688,23.7188,35465700.0
2015-02-03,24.1688,24.9888,24.1538,24.7838,47027900.0
2015-02-04,24.2638,24.4888,23.7938,24.1238,41132200.0
2015-02-05,24.5888,24.9138,24.3488,24.6888,31786200.0
2015-02-06,25.0038,25.0738,24.4988,24.6988,26110100.0
2015-02-09,24.8688,25.1988,24.6488,24.7388,20203800.0
2015-02-10,24.8088,24.8438,23.9938,24.7188,21971300.0
2015-02-11,24.2088,24.6188,24.0088,24.4388,26196600.0
2015-02-12,24.9788,25.1438,24.6888,24.9588,26422300.0
2015-02-13,25.3538,25.8538,25.2488,25.8088,31187900.0
2015-02-17,25.6138,26.0038,25.3738,25.9338,22125900.0
2015-02-18,25.5988,25.7638,25.3338,25.4438,19381400.0
2015-02-19,24.5988,25.4838,24.4188,25.2538,23872000.0
2015-02-20,25.1438,25.3488,24.7238,25.0588,25641800.0
2015-02-23,24.6638,25.2188,24.5638,24.8938,19679500.0
2015-02-24,25.1388,25.1738,24.7438,25.0038,15430700.0
2015-02-25,25.0338,25.2888,24.8338,25.2238,16025700.0
2015-02-26,24.9838,25.0038,24.2638,24.4738,19349100.0
2015-02-27,24.6288,24.6588,24.2588,24.2988,13362200.0
2015-03-02,24.2188,24.2538,23.6438,24.0238,17978500.0
2015-03-03,24.0488,24.4038,23.8738,24.1688,12349700.0
2015-03-04,24.1788,24.2088,23.6788,24.1138,16602800.0
2015-03-05,24.0138,24.0638,23.8188,23.8788,11244500.0
2015-03-06,23.6038,23.8038,23.0838,23.1788,19176300.0
2015-03-09,23.1138,23.5538,22.9038,22.9038,17441100.0
2015-03-10,22.5988,22.8188,22.3538,22.3738,19030600.0
2015-03-11,22.4388,22.6388,22.2138,22.4838,13051000.0
2015-03-12,22.5438,22.7238,22.2288,22.2438,19245000.0
2015-03-13,21.9988,22.1488,21.6988,22.1038,21011900.0
2015-03-16,21.8988,22.6388,21.7838,22.6088,16948500.0
2015-03-17,22.3788,22.6038,22.1888,22.4638,13936300.0
2015-03-18,22.2188,23.7638,22.1588,23.5588,27676200.0
2015-03-19,23.0888,23.2538,22.8338,22.9438,23240900.0
2015-03-20,23.3613,23.7263,23.2113,23.5013,22610600.0
2015-03-23,23.5863,23.8463,23.3663,23.3663,12160100.0
2015-03-24,23.4663,23.5263,23.0863,23.1113,14780900.0
2015-03-25,23.3513,23.8963,23.3113,23.6063,15898500.0
2015-03-26,24.0513,24.1713,23.4213,23.5613,15318600.0
2015-03-27,23.4163,23.4913,23.1663,23.2463,11967300.0
2015-03-30,23.6163,24.1413,23.6013,24.0663,18187800.0
2015-03-31,23.7713,24.0463,23.5463,23.8363,9301688.0
2015-04-01,23.9613,24.1613,23.7463,23.8263,13293300.0
2015-04-02,23.6463,24.1313,23.5563,23.9063,13834401.0
2015-04-06,24.1313,24.8213,23.9513,24.6063,15114700.0
2015-04-07,24.5713,24.9013,24.4613,24.6313,14021443.0
2015-04-08,24.8163,24.9113,24.2963,24.3113,11980491.0
2015-04-10,25.0463,25.1813,24.8763,25.1163,8828932.0
2015-04-13,25.2913,25.3413,24.6513,24.7163,9860002.0
2015-04-14,24.9763,25.5263,24.9263,25.4313,13545283.0
2015-04-15,25.6613,26.4763,25.5813,26.3963,19878663.0
2015-04-16,26.2413,26.6613,25.9713,26.3013,21191713.0
2015-04-17,26.1063,26.1613,25.6763,26.0013,16574494.0
2015-04-20,26.0463,26.6063,26.0313,26.1563,12495176.0
2015-04-21,26.2613,26.2863,25.5513,25.7213,11735071.0
2015-04-22,25.8263,26.1463,25.5563,25.9913,10120357.0
2015-04-23,26.0813,26.5363,26.0363,26.2713,12451185.0
2015-04-24,26.1463,26.1863,25.8413,26.0363,11469706.0
2015-04-27,26.2063,26.3313,25.9213,25.9913,11319452.0
2015-04-28,25.9813,26.2663,25.8513,26.1963,11068383.0
2015-04-29,26.0513,26.5763,25.9163,26.5163,15810000.0
2015-04-30,26.6713,26.7363,26.1513,26.3863,16478100.0
2015-05-01,26.4263,26.5513,26.1513,26.4813,11318474.0
2015-05-04,26.5813,26.7213,26.1663,26.3763,14403098.0
2015-05-05,26.6863,26.8763,25.8513,25.8663,15687924.0
2015-05-06,26.2313,26.3963,25.5163,25.7063,16120199.0
2015-05-07,25.6263,25.6363,24.9663,25.2663,17213907.0
2015-05-08,25.5863,25.9713,25.1263,25.9263,14391894.0
2015-05-11,25.9663,25.9863,25.1163,25.1563,18008763.0
2015-05-12,25.0963,25.5513,25.0263,25.3413,9755456.0
2015-05-13,25.6913,25.7413,25.0863,25.2363,12463223.0
2015-05-14,25.3513,25.6213,25.1963,25.2213,9588638.0
2015-05-15,25.0513,25.5413,24.9513,25.3813,9542413.0
2015-05-18,25.3013,25.4663,25.1313,25.4163,7158793.0
2015-05-19,25.1463,25.1863,24.7813,24.8413,13813542.0
2015-05-20,24.9813,25.0463,24.6863,24.9163,12581862.0
2015-05-21,25.1413,25.3513,24.9963,25.2913,9989961.0
2015-05-22,25.0163,25.3263,24.9413,25.1463,6229589.0
2015-05-26,24.8213,24.9063,24.3613,24.5113,12988179.0
2015-05-27,24.4863,24.8063,24.2263,24.4413,11164389.0
2015-05-28,24.3063,24.3563,24.0363,24.2863,12074917.0
2015-05-29,24.2763,24.4913,24.1463,24.2413,12958519.0
2015-06-01,24.3413,24.3463,24.0913,24.1413,8450612.0
2015-06-02,24.2613,24.6013,24.0513,24.4113,10071088.0
2015-06-03,24.2913,24.5813,24.0863,24.1413,8561310.0
2015-06-04,23.9363,24.0113,23.5813,23.6113,15559035.0
2015-06-05,23.4363,24.2263,23.4213,23.8813,18904866.0
2015-06-08,23.7313,23.9563,23.5713,23.6613,9634817.0
2015-06-09,23.8963,24.1413,23.6413,23.6563,10206222.0
2015-06-10,24.1313,24.2413,23.9963,24.1163,9712625.0
2015-06-11,24.2013,24.2663,23.9213,23.9563,8341268.0
2015-06-12,23.7363,23.7663,23.4563,23.5313,10327297.0
2015-06-15,23.2563,23.6363,23.1413,23.4263,8014482.0
2015-06-16,23.5013,23.7413,23.3163,23.7313,8945140.0
2015-06-17,23.9363,24.1063,23.4413,23.6363,10387063.0
2015-06-18,23.7563,23.9313,23.5763,23.6113,12618456.0
2015-06-19,23.4457,23.6007,23.2357,23.2507,16980373.0
2015-06-22,23.6007,23.7507,23.4307,23.7307,10380680.0
2015-06-23,23.6657,23.9157,23.6257,23.8507,7097737.0
2015-06-24,23.7607,23.9807,23.5907,23.6057,6784652.0
2015-06-25,23.5957,23.6407,23.2057,23.2207,8541347.0
2015-06-26,23.1807,23.3507,22.9707,23.3107,11060938.0
2015-06-29,22.8607,23.1007,22.5907,22.6107,13323447.0
2015-06-30,22.9657,23.0257,22.6407,22.8807,15087899.0
2015-07-01,22.9557,22.9707,22.2507,22.4007,12965914.0
2015-07-02,22.5007,22.7657,22.4707,22.5357,8672577.0
2015-07-06,22.0757,22.4307,21.9207,22.0707,13415863.0
2015-07-07,21.9307,22.5357,21.5157,22.4107,20669083.0
2015-07-08,22.1557,22.4107,21.5107,21.6607,16102148.0
2015-07-09,22.1607,22.3157,21.8457,21.8557,11833000.0
2015-07-10,22.0657,22.2957,21.8657,22.0307,13157421.0
2015-07-13,22.1707,22.3957,22.0707,22.2907,14308322.0
2015-07-14,22.2007,22.7207,22.1857,22.5707,12567324.0
2015-07-15,22.3807,22.5607,21.7857,21.9157,12531015.0
2015-07-16,22.1257,22.2357,21.8957,21.9657,7827663.0
2015-07-17,21.9307,21.9657,21.4007,21.5207,13811501.0
2015-07-20,21.5857,21.5907,20.9957,21.0407,13454391.0
2015-07-21,21.1257,21.4057,20.9457,21.0557,10586454.0
2015-07-22,20.9107,21.1257,20.6907,20.7657,15024338.0
2015-07-23,20.8007,21.0257,20.4657,20.7357,11233057.0
2015-07-24,20.7357,20.7507,19.9257,20.0657,12455001.0
2015-07-27,19.6107,19.9607,19.4057,19.5557,16985555.0
2015-07-28,19.6057,20.7257,19.5807,20.5357,18888455.0
2015-07-29,20.4457,21.0507,20.3357,21.0157,23235701.0
2015-07-30,20.9407,21.0457,20.6107,20.7657,12516343.0
2015-07-31,20.4607,20.5107,19.9357,19.9907,21548807.0
2015-08-03,19.6207,19.8357,19.1907,19.2557,16636986.0
2015-08-04,19.4107,19.6757,19.0007,19.1457,12613928.0
2015-08-05,19.4107,19.7857,18.8557,18.8757,18442979.0
2015-08-06,18.6907,19.5157,18.4457,19.4257,23187250.0
2015-08-07,19.2857,19.5557,18.6957,18.8057,16942755.0
2015-08-10,18.8857,19.9107,18.8857,19.8957,19206020.0
2015-08-11,19.1957,19.9857,19.1307,19.9557,20950861.0
2015-08-12,19.8307,20.6707,19.6307,20.5907,23189275.0
2015-08-13,20.3507,20.4807,20.0007,20.0457,19758114.0
2015-08-14,20.1207,20.3607,19.8907,19.9757,12061093.0
2015-08-17,19.8007,20.2157,19.6857,20.0407,9504507.0
2015-08-18,19.9807,20.0707,19.7457,19.9257,10997379.0
2015-08-19,19.7257,19.7807,18.8007,18.9607,19317261.0
2015-08-20,18.8707,19.0957,18.1957,18.1957,25301450.0
2015-08-21,17.8707,18.2257,17.0307,17.0457,25066573.0
2015-08-24,15.1957,16.5907,14.6707,15.3657,41893413.0
2015-08-25,16.6657,16.6657,14.8857,14.9207,27123829.0
2015-08-26,15.6607,15.9607,15.0707,15.9357,39202184.0
2015-08-27,16.6407,17.5207,16.5257,17.4507,31609469.0
2015-08-28,17.3357,18.5107,17.3207,18.1757,31246304.0
2015-08-31,17.9257,18.7307,17.3407,18.5407,35958546.0
2015-09-01,17.5607,17.9407,17.0707,17.3407,28623513.0
2015-09-02,17.8007,17.8507,16.8907,17.6457,25447362.0
2015-09-03,17.8557,18.4257,17.5307,17.7357,21768793.0
2015-09-04,17.2657,17.4257,17.0607,17.1907,16541190.0
2015-09-08,17.5407,17.7407,17.1457,17.6907,15435212.0
2015-09-09,17.9207,18.3107,17.0357,17.0957,18405538.0
2015-09-10,17.2207,17.4507,16.7807,17.2507,18454585.0
2015-09-11,16.9507,17.0257,16.5457,16.9857,13119194.0
2015-09-14,16.7657,16.9057,16.5507,16.7007,12384775.0
2015-09-15,16.8107,17.1657,16.8057,17.0607,14645432.0
2015-09-16,17.3157,18.0057,17.2657,17.9607,17135365.0
2015-09-17,17.9857,18.5207,17.7307,17.9357,19751965.0
2015-09-18,17.3297,17.5647,16.8997,17.0897,21146728.0
2015-09-21,17.4247,17.5047,17.0697,17.2697,15643727.0
2015-09-22,16.7797,17.2647,16.7147,16.9347,16898489.0
2015-09-23,17.0547,17.1997,16.5147,16.5297,13950243.0
2015-09-24,16.2897,16.8797,16.0847,16.6647,18910715.0
2015-09-25,17.0097,17.0097,16.4447,16.7247,15740999.0
2015-09-28,16.3997,16.3997,15.4547,15.4797,16071306.0
2015-09-29,15.6247,15.8697,15.2347,15.4347,18430565.0
2015-09-30,15.7097,16.2547,15.6747,16.1447,16025816.0
2015-10-01,16.5297,16.8697,15.9247,16.1997,17427939.0
2015-10-02,15.8497,17.4847,15.7947,17.4647,19774371.0
2015-10-05,17.8647,18.5397,17.8347,18.4297,23382906.0
2015-10-06,18.5447,19.4097,18.3697,19.1597,27277322.0
2015-10-07,19.5897,20.0097,18.8897,19.5797,39882162.0
2015-10-08,19.5197,20.3747,19.3097,20.2447,26995940.0
2015-10-09,20.3097,20.3497,19.7947,20.0097,25723373.0
2015-10-12,20.0647,20.0697,19.2547,19.5647,21545353.0
2015-10-13,19.3047,19.7147,19.1147,19.2047,20604801.0
2015-10-14,19.1347,19.6247,19.0597,19.4847,15114591.0
2015-10-15,19.3447,20.1247,19.2297,20.1097,19464372.0
2015-10-16,20.2297,20.3197,19.6797,20.1297,19923206.0
2015-10-19,19.8097,19.8297,19.2897,19.4747,18788918.0
2015-10-20,19.3997,19.7247,19.2197,19.5647,13610538.0
2015-10-21,19.4147,19.5797,19.1097,19.1447,14495662.0
2015-10-22,19.3297,19.8297,19.3147,19.7497,18726128.0
2015-10-23,19.5897,19.9847,19.3697,19.6697,15543029.0
2015-10-26,19.6047,19.6047,18.8247,18.8347,11826352.0
2015-10-27,18.3747,18.5447,18.0947,18.4347,20942047.0
2015-10-28,18.6647,19.3897,18.3997,19.1647,19719684.0
2015-10-29,19.0397,19.6497,18.9897,19.3347,9732276.0
2015-10-30,19.5147,19.9147,19.1147,19.5647,14153549.0
2015-11-02,19.3497,20.5297,19.2997,20.3547,14687651.0
2015-11-03,20.5947,21.5047,20.5797,21.2397,21124931.0
2015-11-04,21.2747,21.3747,20.6547,20.9197,17679469.0
2015-11-05,20.7447,21.1347,20.4597,20.6097,16220981.0
2015-11-06,20.3097,20.5797,19.9247,20.4347,13633441.0
2015-11-09,20.3597,20.7447,19.9497,20.0947,12673050.0
2015-11-10,19.9497,20.4747,19.8197,20.1697,12381262.0
2015-11-11,20.1647,20.2097,19.3547,19.4397,14338973.0
2015-11-12,18.9597,19.1947,18.6047,18.6647,19291531.0
2015-11-13,18.5547,18.8297,18.1397,18.5297,17356817.0
2015-11-16,18.4847,19.6647,18.4597,19.6297,17299806.0
2015-11-17,19.5397,19.6797,19.1297,19.2547,15198286.0
2015-11-18,19.4897,19.8547,19.1647,19.8097,20921090.0
2015-11-19,19.6097,19.7947,19.0697,19.3497,18885275.0
2015-11-20,19.3597,19.5147,18.9547,18.9897,13934058.0
2015-11-23,18.9597,19.4147,18.7447,19.2297,16407015.0
2015-11-24,19.3897,20.0997,19.3247,19.9497,18857781.0
2015-11-25,19.6597,19.9547,19.4597,19.6697,11083333.0
2015-11-27,19.3947,19.5647,19.2997,19.4247,8375768.0
2015-11-30,19.5647,19.8797,19.4247,19.5497,17585109.0
2015-12-01,19.5797,19.8497,19.4947,19.8197,13733340.0
2015-12-02,19.5947,19.7247,18.6497,18.7597,25168490.0
2015-12-03,18.9197,19.0297,17.9347,18.0947,24049453.0
2015-12-04,17.7897,18.0797,17.2797,17.8897,32081666.0
2015-12-07,17.0897,17.1347,16.2147,16.6597,32687941.0
2015-12-08,15.9747,16.7597,15.6647,16.3397,27200856.0
2015-12-09,16.4797,17.4047,16.3047,16.7447,28556861.0
2015-12-10,16.7597,17.4097,16.5447,16.9447,38840490.0
2015-12-11,16.4047,16.5197,15.7397,15.7697,28960482.0
2015-12-14,15.6247,16.0897,15.2997,15.9297,39024936.0
2015-12-15,16.3597,16.8397,16.3197,16.6947,28982926.0
2015-12-16,16.5747,16.8997,16.1597,16.4897,28636608.0
2015-12-17,16.5097,16.5697,15.7297,15.7297,29054411.0
2015-12-18,15.7608,15.7808,15.1958,15.2058,26552864.0
2015-12-21,15.2108,15.4708,14.9158,15.2358,23990976.0
2015-12-22,15.3408,15.7658,15.1958,15.5808,25253670.0
2015-12-23,16.1758,16.8958,16.0758,16.8758,30198028.0
2015-12-24,16.9158,16.9558,16.4858,16.5958,7215306.0
2015-12-28,16.0608,16.2208,15.8808,16.0358,12543994.0
2015-12-29,16.5558,16.6408,16.0808,16.2458,15090222.0
2015-12-30,15.8258,16.2558,15.8058,15.8358,14922117.0
2015-12-31,15.6958,16.1308,15.6008,15.9708,19116555.0
2016-01-04,15.8908,16.2008,15.4608,15.9608,21773597.0
2016-01-05,15.9408,16.1108,15.6008,16.0758,15196925.0
2016-01-06,15.3608,15.4208,14.6658,14.9108,26855548.0
2016-01-07,14.3458,15.0008,14.0808,14.2008,27871574.0
2016-01-08,14.4408,14.5058,13.7308,13.8358,19082296.0
2016-01-11,13.9508,13.9858,12.8908,13.2358,28320085.0
2016-01-12,13.6608,13.7508,12.5408,13.3008,35522313.0
2016-01-13,13.6358,13.8308,12.3508,12.6408,33829743.0
2016-01-14,12.9158,14.0408,12.4908,13.7958,37661621.0
2016-01-15,12.6258,13.2408,12.4708,12.9858,36248633.0
2016-01-19,13.1908,13.3158,11.9758,12.4008,35833629.0
2016-01-20,11.8758,12.0858,10.7758,11.6958,51210394.0
2016-01-21,11.6658,12.8258,11.4958,12.5008,43564220.0
2016-01-22,13.4758,13.8708,13.0358,13.6808,38219354.0
2016-01-25,13.1508,13.8508,12.3608,12.3808,28989958.0
2016-01-26,12.8608,13.4208,12.5108,13.3858,25196994.0
2016-01-27,13.1958,14.0208,12.9108,13.2558,36483686.0
2016-01-28,14.2958,14.4058,13.5258,14.0908,38167248.0
2016-01-29,14.1408,14.9458,14.0558,14.9158,31485530.0
2016-02-01,14.4308,14.6458,14.0058,14.4258,27620122.0
2016-02-02,13.7308,13.8558,13.3308,13.4758,25192669.0
2016-02-03,13.8708,14.4858,12.8658,14.4608,36412495.0
2016-02-04,14.5208,15.0608,14.3108,14.4458,37038507.0
2016-02-05,14.0608,14.1808,13.5458,13.7808,30208122.0
2016-02-08,13.2258,13.8108,12.8108,13.6358,34800322.0
2016-02-09,13.2208,13.5558,12.5308,12.9658,36911114.0
2016-02-10,12.8858,13.4708,12.5658,12.8558,30215340.0
2016-02-11,12.3858,12.9458,11.9958,12.7408,47981124.0
2016-02-12,13.1108,13.5708,12.8658,13.4508,25780835.0
2016-02-16,13.9158,14.0008,13.3208,13.7258,33791693.0
2016-02-17,14.0608,14.7658,13.9458,14.6408,29260684.0
2016-02-18,14.8858,14.9258,14.1408,14.2808,28815932.0
2016-02-19,13.9008,14.2258,13.6608,14.2158,24924662.0
2016-02-22,14.7558,15.0708,14.6308,14.9408,24704720.0
2016-02-23,14.6608,14.8008,13.8958,13.9458,21450154.0
2016-02-24,13.4208,14.2908,13.3458,14.2308,25278380.0
2016-02-25,14.1458,14.3308,13.7008,14.2558,18586790.0
2016-02-26,14.7308,14.8108,14.3308,14.4258,21153259.0
2016-02-29,14.5408,14.6208,14.0758,14.1008,22974569.0
2016-03-01,14.3008,14.8858,14.0058,14.8408,23638548.0
2016-03-02,14.6608,15.5708,14.5208,15.5508,26790697.0
2016-03-03,15.4308,16.0558,15.4158,16.0008,24394176.0
2016-03-04,16.1708,16.7258,15.8458,16.2908,30358715.0
2016-03-07,16.2758,17.0408,16.1308,17.0058,33352212.0
2016-03-08,16.7508,16.7708,15.6458,15.6958,29790302.0
2016-03-09,16.1008,16.5708,15.7308,16.1808,25452363.0
2016-03-10,16.0508,16.2408,15.6558,16.2058,28773415.0
2016-03-11,16.6058,17.0908,16.5708,16.9908,24769806.0
2016-03-14,16.5958,16.8908,16.4808,16.7858,21706558.0
2016-03-15,16.3608,16.7258,16.1408,16.7258,21715546.0
2016-03-16,16.9108,17.3308,16.6958,17.2608,26961858.0
2016-03-17,17.5158,17.9458,17.2308,17.6908,27185383.0
2016-03-18,17.932,17.962,17.487,17.782,30468384.0
2016-03-21,17.657,17.877,17.322,17.672,16696210.0
2016-03-22,17.302,17.782,17.282,17.497,14171558.0
2016-03-23,17.272,17.387,16.747,16.807,18864637.0
2016-03-24,16.382,16.957,16.237,16.957,15515578.0
2016-03-28,16.967,17.052,16.577,16.792,11552384.0
2016-03-29,16.447,16.957,16.267,16.937,14355657.0
2016-03-30,17.217,17.347,16.817,16.992,15732904.0
2016-03-31,16.877,17.217,16.827,16.982,14037723.0
2016-04-01,16.447,16.657,16.342,16.567,14797453.0
2016-04-04,16.512,16.832,16.252,16.337,15806228.0
2016-04-05,16.087,16.352,16.007,16.137,16028711.0
2016-04-06,16.382,16.792,16.152,16.787,18195972.0
2016-04-07,16.547,16.832,16.352,16.607,13926233.0
2016-04-08,17.182,17.392,17.067,17.222,17657356.0
2016-04-11,17.472,17.567,17.092,17.092,16234501.0
2016-04-12,17.212,18.197,17.147,18.017,27120630.0
2016-04-13,18.002,18.262,17.777,18.167,18687197.0
2016-04-14,18.302,18.307,18.047,18.242,17381711.0
2016-04-15,18.062,18.117,17.762,17.802,14210438.0
2016-04-18,17.152,18.412,17.077,18.332,20671086.0
2016-04-19,18.517,19.012,18.367,18.977,17329600.0
2016-04-20,18.802,19.527,18.697,19.272,21071943.0
2016-04-21,19.317,19.457,19.007,19.077,19332661.0
2016-04-22,19.157,19.682,19.132,19.557,15739936.0
2016-04-25,19.442,19.447,18.932,19.182,17223100.0
2016-04-26,19.372,19.722,19.292,19.712,13581380.0
2016-04-27,19.887,20.427,19.862,20.352,21934252.0
2016-04-28,20.197,20.442,19.712,19.842,15554157.0
2016-04-29,19.917,20.247,19.272,19.787,24106841.0
2016-05-02,19.727,19.867,19.337,19.752,15059833.0
2016-05-03,19.297,19.357,18.752,18.957,16135435.0
2016-05-04,18.977,19.207,18.287,18.482,18591410.0
2016-05-05,19.032,19.212,18.477,18.747,14343053.0
2016-05-06,18.537,19.072,18.452,18.672,12544975.0
2016-05-09,18.487,18.557,17.787,18.197,16018749.0
2016-05-10,18.362,18.772,18.347,18.762,10348858.0
2016-05-11,18.682,19.152,18.417,18.862,14198609.0
2016-05-12,19.157,19.407,18.707,18.952,12476793.0
2016-05-13,18.807,19.057,18.462,18.532,12371851.0
2016-05-16,18.957,19.187,18.862,19.082,13676219.0
2016-05-17,19.087,19.492,18.982,19.237,15557953.0
2016-05-18,19.232,19.337,18.707,18.917,22683295.0
2016-05-19,18.587,18.997,18.282,18.922,16854747.0
2016-05-20,19.022,19.187,18.822,19.117,9616512.0
2016-05-23,18.922,19.177,18.807,19.032,10271908.0
2016-05-24,19.202,19.392,18.992,19.197,11261101.0
2016-05-25,19.397,19.772,19.367,19.722,14265211.0
2016-05-26,19.852,19.997,19.477,19.582,10705271.0
2016-05-27,19.462,19.622,19.277,19.602,9249950.0
2016-05-31,19.682,19.947,19.322,19.472,15381018.0
2016-06-01,19.147,19.582,19.062,19.482,16652489.0
2016-06-02,19.227,19.457,19.102,19.437,12843960.0
2016-06-03,19.437,19.612,19.107,19.307,12157290.0
2016-06-06,19.632,20.072,19.572,20.042,18204332.0
2016-06-07,20.152,20.902,20.142,20.812,15593276.0
2016-06-08,21.022,21.167,20.637,20.732,18123798.0
2016-06-09,20.332,20.642,20.297,20.467,12340197.0
2016-06-10,20.112,20.332,19.677,19.722,14480566.0
2016-06-13,19.557,20.077,19.522,19.622,11587763.0
2016-06-14,19.482,19.772,19.222,19.602,12185749.0
2016-06-15,19.477,19.922,19.282,19.522,16829031.0
2016-06-16,19.162,19.412,18.707,19.362,19860430.0
2016-06-17,19.7053,19.7653,19.5053,19.7003,17428861.0
2016-06-20,20.1803,20.2553,19.9603,19.9903,10900820.0
2016-06-21,19.9153,20.4603,19.8153,20.3903,11182812.0
2016-06-22,20.5403,20.5403,20.1703,20.2003,10245034.0
2016-06-23,20.5553,20.7703,20.4253,20.7603,9436625.0
2016-06-24,19.4303,20.0253,19.4003,19.5253,26758639.0
2016-06-27,19.1903,19.2203,19.0403,19.0653,1789989.0
2016-06-28,19.1803,19.4803,18.9903,19.4753,14548620.0
2016-06-29,19.6803,20.3053,19.6803,20.1053,16354054.0
2016-06-30,19.9603,20.3953,19.8903,20.3753,12116118.0
2016-07-01,20.3353,20.6803,20.3103,20.5553,12678477.0
2016-07-05,20.0953,20.2153,19.5303,19.8653,15069264.0
2016-07-06,19.6703,20.0303,19.4403,20.0053,15887985.0
2016-07-07,20.2103,20.4253,19.4303,19.6603,14090203.0
2016-07-08,19.9653,20.2303,19.7803,20.1103,11566302.0
2016-07-11,20.2903,20.4503,20.1453,20.1753,9747386.0
2016-07-12,20.6853,21.1653,20.6153,21.0153,15513579.0
2016-07-13,20.9153,21.1053,20.3903,20.7153,12544447.0
2016-07-14,20.9853,21.0703,20.7903,20.8903,10896117.0
2016-07-15,21.0153,21.0953,20.7403,20.8703,8900169.0
2016-07-18,20.7703,20.9103,20.5503,20.8953,9400081.0
2016-07-19,20.8103,20.8653,20.5703,20.6953,6990409.0
2016-07-20,20.5603,20.8203,20.2753,20.6503,11553623.0
2016-07-21,20.5553,20.8703,20.2253,20.3103,9251914.0
2016-07-22,20.3853,20.4703,20.1953,20.4153,7990115.0
2016-07-25,20.1903,20.2653,19.6103,19.7353,12748412.0
2016-07-26,19.5403,19.9603,19.5203,19.9303,12359240.0
2016-07-27,19.9753,20.2203,19.4553,19.6003,16177519.0
2016-07-28,19.5603,19.7653,19.3703,19.6053,10863007.0
2016-07-29,19.1303,19.9853,19.1003,19.9453,16500588.0
2016-08-01,19.6503,19.6753,18.7203,18.8353,30639159.0
2016-08-02,19.0653,19.2903,18.5403,19.1303,25590276.0
2016-08-03,19.1353,19.7803,19.0053,19.7653,23903924.0
2016-08-04,19.6403,19.9453,19.5253,19.7153,16777809.0
2016-08-05,19.7353,20.0653,19.6753,20.0203,11426209.0
2016-08-08,20.2553,20.7003,20.2453,20.4703,21663394.0
2016-08-09,20.5653,20.6203,20.1553,20.2903,11108607.0
2016-08-10,20.3603,20.4353,19.8503,19.9203,18023151.0
2016-08-11,20.0653,20.5603,19.9903,20.4153,17428255.0
2016-08-12,20.5053,20.7103,20.4153,20.6053,10183418.0
2016-08-15,20.8003,20.9503,20.7003,20.8803,10453812.0
2016-08-16,20.8203,21.0453,20.6103,20.9353,10241131.0
2016-08-17,20.7653,21.0603,20.7303,21.0403,14710711.0
2016-08-18,21.1603,21.7553,21.1253,21.7553,24129151.0
2016-08-19,21.6403,21.6403,21.3303,21.4603,10787602.0
2016-08-22,21.1553,21.2203,20.8953,21.0553,14120161.0
2016-08-23,21.0553,21.3903,21.0553,21.2953,12455098.0
2016-08-24,21.1053,21.3353,21.0653,21.1603,16444347.0
2016-08-25,21.1053,21.2103,20.9503,21.0653,11893997.0
2016-08-26,21.1253,21.3953,20.7803,20.9453,14574965.0
2016-08-29,20.8453,21.2103,20.8053,21.1803,7393383.0
2016-08-30,21.2603,21.3953,20.9253,21.0603,7120589.0
2016-08-31,20.8653,20.9153,20.3203,20.5103,13224055.0
2016-09-01,20.3653,20.4903,20.1403,20.4103,16658454.0
2016-09-02,20.7453,20.8803,20.5803,20.7953,10794394.0
2016-09-06,20.8853,21.3403,20.8553,21.3153,12778241.0
2016-09-07,21.4753,21.5903,21.3203,21.5153,15081959.0
2016-09-08,21.7403,22.2253,21.5703,22.1753,17970804.0
2016-09-09,21.8403,21.9503,21.1053,21.1053,21590247.0
2016-09-12,20.8603,21.6303,20.7953,21.4503,21944153.0
2016-09-13,21.0653,21.0803,20.3453,20.4453,24542994.0
2016-09-14,20.4053,20.8153,19.9503,20.0403,26456828.0
2016-09-15,20.1753,20.7053,20.1203,20.4603,17147597.0
2016-09-16,19.9655,20.3105,19.9655,20.1855,17093254.0
2016-09-19,20.4605,20.5505,20.1605,20.1655,11782019.0
2016-09-20,20.1255,20.3555,19.8955,19.9205,14120781.0
2016-09-21,20.2105,20.7105,20.1705,20.6955,20237770.0
2016-09-22,21.0655,21.1905,20.7055,20.7355,13303315.0
2016-09-23,20.5705,20.8805,20.0855,20.2805,23062524.0
2016-09-26,20.3955,20.5755,20.0655,20.1305,13238744.0
2016-09-27,19.7955,19.9955,19.5305,19.9055,19384471.0
2016-09-28,20.1005,21.4005,19.8155,21.3505,41077611.0
2016-09-29,21.3255,21.6855,20.9755,21.2905,26952651.0
2016-09-30,21.5355,21.9505,21.3105,21.7655,14335772.0
2016-10-03,21.8255,21.8805,21.4455,21.7405,13135442.0
2016-10-04,21.7705,21.8555,21.2355,21.3805,11830227.0
2016-10-05,21.7355,22.0755,21.7005,21.9155,12903613.0
2016-10-06,22.0205,22.1355,21.6505,21.9705,11166796.0
2016-10-07,21.9755,22.1255,21.6605,21.7655,11738203.0
2016-10-10,22.1155,22.4505,22.0805,22.3205,11523395.0
2016-10-11,22.1955,22.2555,21.7155,21.9105,13688625.0
2016-10-12,21.7605,21.8805,21.4605,21.7605,10413213.0
2016-10-13,21.5405,21.7455,21.1055,21.5655,13534184.0
2016-10-14,21.7455,21.8605,21.3355,21.3605,11355392.0
2016-10-17,21.3705,21.4805,20.9955,21.1905,7419892.0
2016-10-18,21.5355,21.6105,21.1755,21.3305,6927769.0
2016-10-19,21.6005,22.0955,21.5655,21.8255,14305091.0
2016-10-20,21.6155,21.9305,21.4205,21.7855,12487978.0
2016-10-21,21.5555,21.6155,21.3505,21.5555,14069081.0
2016-10-24,21.5555,21.6755,21.0655,21.4505,10634220.0
2016-10-25,21.4405,21.8155,21.2305,21.2905,13211481.0
2016-10-26,20.9805,21.5155,20.9205,21.3705,17761049.0
2016-10-27,21.5205,21.5705,21.2255,21.2405,14199103.0
2016-10-28,21.1805,21.6755,20.9255,21.1455,18558383.0
2016-10-31,21.0205,21.2055,20.7105,20.7705,12951446.0
2016-11-01,21.0255,21.1455,20.3955,20.7755,18808105.0
2016-11-02,20.4505,20.5705,19.9605,20.3955,22961672.0
2016-11-03,20.3955,20.5905,20.2105,20.5305,12747168.0
2016-11-04,20.3605,20.6905,20.1405,20.3455,17537962.0
2016-11-07,20.7305,21.0955,20.7305,21.0755,14719055.0
2016-11-08,20.9055,21.3155,20.8555,21.1205,11111938.0
2016-11-09,21.2405,21.9455,20.8355,21.6855,25984948.0
2016-11-10,21.6605,22.1005,21.5405,21.8355,20624031.0
2016-11-11,21.6255,21.6905,20.9055,21.1905,17651600.0
2016-11-14,21.0655,21.4205,20.8755,21.3855,12467376.0
2016-11-15,21.6905,22.3905,21.6605,22.3705,19205313.0
2016-11-16,22.2905,22.5305,22.0105,22.1205,16594725.0
2016-11-17,22.4205,22.6555,21.7905,21.8805,10254287.0
2016-11-18,22.0055,22.2255,21.8255,22.0255,11956165.0
2016-11-21,22.5255,22.9105,22.5255,22.8705,16833261.0
2016-11-22,22.8805,23.0605,22.4105,22.8505,16007729.0
2016-11-23,22.6755,23.1155,22.6355,23.0005,11459797.0
2016-11-25,22.8455,22.9255,22.6405,22.8205,8791783.0
2016-11-28,22.9955,23.0055,22.2505,22.3155,18776854.0
2016-11-29,21.7705,22.0905,21.4955,21.8755,18356471.0
2016-11-30,23.1055,24.0205,23.1055,23.6755,44851307.0
2016-12-01,24.3655,24.4905,23.7355,23.7655,27404015.0
2016-12-02,23.7455,24.0505,23.6405,23.8755,18324138.0
2016-12-05,24.2155,24.5055,24.0555,24.2055,22500017.0
2016-12-06,23.9755,24.2855,23.7455,24.1355,16957311.0
2016-12-07,24.0505,24.4855,24.0505,24.4355,15994538.0
2016-12-08,24.5355,24.6905,24.2405,24.6405,14594869.0
2016-12-09,24.8405,24.8405,24.5405,24.7605,8969284.0
2016-12-12,25.6105,25.6855,24.7805,24.9405,16121512.0
2016-12-13,25.2305,25.6555,24.8755,25.3755,16008133.0
2016-12-14,25.1905,25.3455,24.4855,24.5955,19825607.0
2016-12-15,24.4355,24.8205,24.2205,24.6805,19011299.0
2016-12-16,24.9517,24.9517,24.7217,24.9167,16872897.0
2016-12-19,24.8767,24.9467,24.6667,24.7417,7108254.0
2016-12-20,24.9367,24.9867,24.5517,24.6567,8978163.0
2016-12-21,24.7367,24.8917,24.5267,24.7167,8099808.0
2016-12-22,24.7417,24.9717,24.6667,24.8717,10969285.0
2016-12-23,24.8117,24.9117,24.7517,24.8367,6396632.0
2016-12-27,24.8967,25.0517,24.8617,24.9217,10001757.0
2016-12-28,25.0067,25.0217,24.4767,24.5067,8093355.0
2016-12-29,24.4517,24.5617,24.2967,24.4317,6696442.0
2016-12-30,24.3967,24.6067,24.2017,24.3217,8852558.0
2017-01-03,24.7167,25.0667,24.3417,24.7467,24620933.0
2017-01-04,24.7767,24.8467,24.5417,24.6667,11175557.0
2017-01-05,24.6917,24.8317,24.3867,24.5717,11140455.0
2017-01-06,24.6917,24.7317,24.3567,24.6067,7410423.0
2017-01-09,24.3567,24.3917,24.0017,24.0567,10946747.0
2017-01-10,24.0267,24.1117,23.6867,23.7167,9657939.0
2017-01-11,23.8467,24.1867,23.6917,24.1167,12875370.0
2017-01-12,24.3267,24.3667,23.8117,23.9617,10890488.0
2017-01-13,23.9117,23.9917,23.7567,23.8517,9896951.0
2017-01-17,23.9667,24.1717,23.9367,24.0817,9769842.0
2017-01-18,23.8767,24.0967,23.8317,23.9967,8722757.0
2017-01-19,23.9967,24.0117,23.7017,23.7917,8993722.0
2017-01-20,24.0317,24.1567,23.8067,23.9317,9172308.0
2017-01-23,23.7617,23.8367,23.3567,23.5367,15196648.0
2017-01-24,23.6817,24.1017,23.6117,23.9417,11827959.0
2017-01-25,23.9517,24.2517,23.9417,24.1367,9398361.0
2017-01-26,24.2567,24.3167,24.0817,24.1667,8643169.0
2017-01-27,23.9367,23.9767,23.6667,23.7767,9941617.0
2017-01-30,23.6067,23.6267,22.8417,23.0967,13276689.0
2017-01-31,23.1167,23.1717,22.7267,23.1117,14006607.0
2017-02-01,23.3067,23.3517,22.6167,22.8417,18415814.0
2017-02-02,22.9017,23.1117,22.6117,23.0467,12878990.0
2017-02-03,23.1917,23.5517,22.9767,23.3617,11826580.0
2017-02-06,23.4167,23.4867,22.9467,23.0517,10512889.0
2017-02-07,22.8917,23.0617,22.3467,22.5367,14149703.0
2017-02-08,22.3717,22.7017,21.9867,22.6217,16145592.0
2017-02-09,22.8367,23.1367,22.8367,23.0267,9261127.0
2017-02-10,23.3167,23.5067,23.1917,23.3017,10405317.0
2017-02-13,23.2267,23.3867,23.1567,23.3717,7982438.0
2017-02-14,23.4767,23.5067,23.0317,23.4917,10771587.0
2017-02-15,23.3817,23.5417,23.2267,23.3467,8919990.0
2017-02-16,23.3817,23.4317,22.7917,22.8467,11367860.0
2017-02-17,22.6617,22.7667,22.5317,22.6467,11583432.0
2017-02-21,22.9867,23.0867,22.8367,22.8917,11793716.0
2017-02-22,22.7217,22.7617,22.3117,22.3417,11536293.0
2017-02-23,22.7417,22.8017,22.2667,22.4917,17375432.0
2017-02-24,22.2317,22.3667,21.9767,22.1567,13992824.0
2017-02-27,22.1917,22.6167,22.1317,22.4617,23677699.0
2017-02-28,22.3567,22.5167,22.2517,22.3517,14012145.0
2017-03-01,22.6817,23.2317,22.6567,23.0667,18985298.0
2017-03-02,22.8867,23.0667,22.7067,22.7217,10762604.0
2017-03-03,22.7817,22.9167,22.5717,22.6567,11149535.0
2017-03-06,22.5967,22.7867,22.4567,22.7367,8367482.0
2017-03-07,22.8667,22.8767,22.3717,22.4167,11459325.0
2017-03-08,22.2717,22.4817,21.4717,21.4867,25556116.0
2017-03-09,21.3117,21.7367,21.1067,21.7167,27755183.0
2017-03-10,21.9417,21.9867,21.4617,21.6667,17477266.0
2017-03-13,21.6317,21.8417,21.5517,21.6717,13078638.0
2017-03-14,21.4017,21.4067,20.9717,21.2767,26373786.0
2017-03-15,21.5717,22.1267,21.4017,22.0467,23188100.0
2017-03-16,22.1217,22.1217,21.6967,21.7967,16107129.0
2017-03-17,21.9412,22.0162,21.7712,21.7712,14233060.0
2017-03-20,21.6562,21.7962,21.4462,21.7212,12215226.0
2017-03-21,21.8862,21.9112,21.3462,21.4762,16711649.0
2017-03-22,21.3712,21.5862,21.2312,21.4262,12411026.0
2017-03-23,21.3262,21.5812,21.2512,21.2862,11800440.0
2017-03-24,21.3362,21.4112,21.0862,21.1512,10441386.0
2017-03-27,20.8262,21.0862,20.8012,20.9912,11491252.0
2017-03-28,21.0412,21.5612,20.9612,21.4762,27905428.0
2017-03-29,21.4712,22.0112,21.3762,21.9512,18574200.0
2017-03-30,22.1712,22.2562,21.8512,21.9412,15883982.0
2017-03-31,21.8262,22.0412,21.6612,21.8212,19857204.0
2017-04-03,21.8762,21.9012,21.4112,21.7612,13117519.0
2017-04-04,21.8362,22.0412,21.5012,22.0162,12970871.0
2017-04-05,22.3112,22.6162,21.8512,21.9062,22719203.0
2017-04-06,22.0462,22.2862,21.9512,22.1862,13124355.0
2017-04-07,22.2062,22.3012,21.9962,22.0512,12560704.0
2017-04-10,22.2462,22.4762,22.1712,22.3162,10817571.0
2017-04-11,22.3712,22.3862,21.9412,22.3212,13887873.0
2017-04-12,22.3562,22.5762,22.0612,22.1712,11453269.0
2017-04-13,22.1412,22.1662,21.4462,21.5262,17646424.0
2017-04-17,21.5162,21.6362,21.4312,21.6012,8011241.0
2017-04-18,21.4462,21.6762,21.2012,21.2762,14723319.0
2017-04-19,21.3612,21.4262,20.6812,20.7712,18113328.0
2017-04-20,20.8712,21.1862,20.8362,20.9362,16234371.0
2017-04-21,20.7912,20.9362,20.5962,20.7662,13343875.0
2017-04-24,21.0162,21.1062,20.8612,20.9662,13325578.0
2017-04-25,21.0512,21.3362,20.9462,21.2562,15586676.0
2017-04-26,21.0962,21.6062,21.0812,21.1412,18682955.0
2017-04-27,20.8762,20.9112,20.4262,20.7662,20542347.0
2017-04-28,21.0562,21.1162,20.7362,20.7912,14425044.0
2017-05-01,20.7812,20.8712,20.6212,20.6962,9419351.0
2017-05-02,20.7662,20.8762,20.3862,20.5362,16160660.0
2017-05-03,20.4512,20.7812,20.3562,20.6312,16926556.0
2017-05-04,20.3862,20.4262,19.7862,20.0012,33933404.0
2017-05-05,20.0212,20.5812,20.0012,20.5262,18710634.0
2017-05-08,20.5212,20.8262,20.4912,20.7662,18938545.0
2017-05-09,20.8362,20.8362,20.3812,20.4862,10716814.0
2017-05-10,20.6812,21.0912,20.6512,20.9312,18257902.0
2017-05-11,21.0512,21.1112,20.8112,20.8612,11968679.0
2017-05-12,20.8362,20.9012,20.6462,20.7462,10642408.0
2017-05-15,21.2512,21.3062,20.9012,21.0112,13099176.0
2017-05-16,21.1712,21.1712,20.7212,20.8412,11691420.0
2017-05-17,20.6412,20.9312,20.4912,20.5062,15384789.0
2017-05-18,20.3562,20.6612,20.2312,20.4962,14065975.0
2017-05-19,20.6612,20.9812,20.5812,20.9112,15293610.0
2017-05-22,21.0912,21.1112,20.7162,20.8362,10326393.0
2017-05-23,20.9262,20.9612,20.7362,20.9162,9081888.0
2017-05-24,20.8762,20.9812,20.5812,20.7362,13576634.0
2017-05-25,20.6512,20.9862,20.0012,20.1212,23324898.0
2017-05-26,20.1212,20.2062,19.9612,20.1762,13189470.0
2017-05-30,20.0012,20.0012,19.7162,19.7312,14503330.0
2017-05-31,19.4712,19.6912,19.4162,19.5912,15990024.0
2017-06-01,19.6062,19.9162,19.5012,19.7962,17969249.0
2017-06-02,19.6462,19.6562,19.2762,19.4162,16526121.0
2017-06-05,19.3162,19.5962,19.3062,19.4762,12551991.0
2017-06-06,19.4562,19.9162,19.3812,19.8612,14828681.0
2017-06-07,19.7262,19.8862,19.1712,19.3962,22920112.0
2017-06-08,19.2412,19.5412,19.2312,19.3012,19568416.0
2017-06-09,19.3762,20.1912,19.3712,20.0812,23175594.0
2017-06-12,20.3762,20.6462,20.2412,20.3162,22922686.0
2017-06-13,20.4162,20.6112,20.2562,20.5662,15803006.0
2017-06-14,20.4762,20.4762,19.7012,19.9562,30259790.0
2017-06-15,19.8062,19.9712,19.5612,19.7062,19257694.0
2017-06-16,19.9008,20.2608,19.6908,20.2458,23861737.0
2017-06-19,20.1708,20.2408,19.9508,20.0358,15656811.0
2017-06-20,19.6558,19.7058,19.2508,19.6158,16058555.0
2017-06-21,19.5158,19.7058,18.9158,19.0908,27288944.0
2017-06-22,19.1058,19.3458,18.9408,19.0708,15430094.0
2017-06-23,19.0758,19.3208,18.9858,19.2858,14531896.0
2017-06-26,19.3858,19.4458,19.0858,19.2158,13601609.0
2017-06-27,19.3308,19.4758,19.1608,19.1658,14216324.0
2017-06-28,19.2058,19.5358,19.1858,19.3408,16857836.0
2017-06-29,19.4358,19.7658,19.3408,19.4108,19022428.0
2017-06-30,19.6458,19.7058,19.3458,19.5558,19641991.0
2017-07-03,19.6708,20.3358,19.6358,20.1808,18402800.0
2017-07-05,20.0158,20.0458,19.3858,19.5108,20967865.0
2017-07-06,19.5658,19.6608,19.0808,19.1508,20775552.0
2017-07-07,19.0458,19.1458,18.7408,19.1008,16036745.0
2017-07-10,19.0558,19.2808,18.9858,19.2058,14153837.0
2017-07-11,19.2158,19.4908,19.0608,19.3708,4486634.0
2017-07-12,19.6708,19.7808,19.3308,19.4658,5538127.0
2017-07-13,19.4908,19.6258,19.3158,19.6158,3664003.0
2017-07-14,19.6408,19.8558,19.5908,19.7958,4140453.0
2017-07-17,19.7408,19.9758,19.7058,19.7508,5175798.0
2017-07-18,19.9208,19.9308,19.4608,19.5908,6955813.0
2017-07-19,19.5658,20.1058,19.5408,20.0758,24802698.0
2017-07-20,20.2708,20.3758,19.8858,19.9708,6612019.0
2017-07-21,19.8558,20.0208,19.6058,19.6658,5706462.0
2017-07-24,19.7358,19.7658,19.5158,19.5858,4198053.0
2017-07-25,19.9508,20.2358,19.9058,20.0058,5758188.0
2017-07-26,20.1758,20.4158,19.9458,20.0358,10081659.0
2017-07-27,20.0458,20.3858,19.8958,20.3708,15815914.0
2017-07-28,20.2758,20.6608,20.2058,20.3458,6588494.0
2017-07-31,20.3408,20.5958,20.2508,20.4058,13519501.0
2017-08-01,20.4158,20.5908,20.2558,20.4008,5710012.0
2017-08-02,20.1758,20.4108,19.9358,20.2658,5236878.0
2017-08-03,20.2308,20.2758,19.6658,19.8008,5942330.0
2017-08-04,19.8258,20.0058,19.7508,19.9258,3299660.0
2017-08-07,19.8058,19.8358,19.5658,19.6358,4270027.0
2017-08-08,19.5708,19.8758,19.4958,19.5958,3517922.0
2017-08-09,19.6408,19.8208,19.5008,19.6208,10437867.0
2017-08-10,19.6758,19.7308,19.2208,19.2758,15262091.0
2017-08-11,19.1758,19.3558,19.0358,19.0658,15990942.0
2017-08-14,19.1258,19.2658,18.9308,18.9708,11406699.0
2017-08-15,19.0208,19.0208,18.6658,18.8508,12725622.0
2017-08-16,18.8608,18.9508,18.4808,18.5458,16583330.0
2017-08-17,18.4208,18.5408,18.0908,18.1008,14796925.0
2017-08-18,18.0208,18.4658,18.0008,18.2558,18632664.0
2017-08-21,18.2108,18.2258,17.9958,18.0958,10375176.0
2017-08-22,18.1808,18.3708,18.1608,18.3008,15171824.0
2017-08-23,18.2358,18.5958,18.2058,18.4358,11525968.0
2017-08-24,18.3258,18.5308,18.3158,18.4558,10390508.0
2017-08-25,18.5158,18.7208,18.5058,18.5958,8220210.0
2017-08-28,18.6108,18.7158,18.2858,18.4558,9956048.0
2017-08-29,18.3058,18.4558,18.1858,18.4158,8727081.0
2017-08-30,18.2958,18.5258,18.2058,18.4308,8664419.0
2017-08-31,18.5658,18.6608,18.4608,18.5808,10333681.0
2017-09-01,18.6308,18.9908,18.5508,18.8858,11595543.0
2017-09-05,19.0158,19.2158,18.8358,19.0608,18114752.0
2017-09-06,19.2208,19.6708,19.2058,19.5808,17052125.0
2017-09-07,19.5958,19.7208,19.4258,19.6408,8640332.0
2017-09-08,19.5708,19.5908,19.1458,19.2958,10264742.0
2017-09-11,19.4208,19.6458,19.3458,19.6008,13551055.0
2017-09-12,19.6958,19.8708,19.6108,19.8008,9409697.0
2017-09-13,19.8708,20.2308,19.8358,20.2108,15893275.0
2017-09-14,20.2758,20.5958,20.2708,20.3708,14583401.0
2017-09-15,20.4385,20.4485,20.2285,20.4485,13068128.0
2017-09-18,20.3735,20.6085,20.3485,20.5885,12583545.0
2017-09-19,20.6585,20.7685,20.5935,20.7235,10504257.0
2017-09-20,20.8185,21.0385,20.7885,20.9485,18273771.0
2017-09-21,20.9035,21.0435,20.8085,20.9585,8874083.0
2017-09-22,20.9285,21.2235,20.8935,21.1285,14647937.0
2017-09-25,21.2835,21.7135,21.2485,21.6135,14833769.0
2017-09-26,21.5285,21.6635,21.4335,21.5985,10710700.0
2017-09-27,21.6285,21.7535,21.4385,21.7435,10918244.0
2017-09-28,21.8185,21.9785,21.6785,21.7735,11799895.0
2017-09-29,21.6535,21.7735,21.5435,21.7685,14287467.0
2017-10-02,21.4035,21.7685,21.2735,21.7585,12416792.0
2017-10-03,21.7135,21.8385,21.6485,21.7235,7239789.0
2017-10-04,21.7235,21.8235,21.5785,21.6985,10197587.0
2017-10-05,21.7235,21.9085,21.7035,21.8535,10161797.0
2017-10-06,21.5285,21.7185,21.4485,21.5635,11963273.0
2017-10-09,21.6035,21.7385,21.5635,21.6335,5764084.0
2017-10-10,21.8735,21.9935,21.6285,21.6635,7763702.0
2017-10-11,21.6235,21.7635,21.4835,21.7435,10287024.0
2017-10-12,21.4835,21.6635,21.4285,21.6185,10181097.0
2017-10-13,21.8185,21.9185,21.5785,21.5985,8893702.0
2017-10-16,21.7035,21.8735,21.6035,21.6735,7666914.0
2017-10-17,21.6635,21.7635,21.5085,21.6935,8377136.0
2017-10-18,21.6685,21.8085,21.4135,21.4535,7706312.0
2017-10-19,21.2185,21.4885,21.2035,21.3485,7591879.0
2017-10-20,21.4235,21.4335,21.1885,21.4135,9820249.0
2017-10-23,21.4385,21.5485,21.2085,21.2385,8655313.0
2017-10-24,21.3585,21.4535,21.2335,21.3035,9820238.0
2017-10-25,21.2435,21.3435,20.9635,21.0685,13522747.0
2017-10-26,21.0835,21.2485,20.9385,21.1385,9362173.0
2017-10-27,20.9635,21.3785,20.6985,21.1985,16187992.0
2017-10-30,21.2485,21.4685,21.1835,21.3735,11614807.0
2017-10-31,21.3885,21.6085,21.2385,21.4835,9648980.0
2017-11-01,21.6885,22.0285,21.6735,21.8685,17306253.0
2017-11-02,21.8685,21.9635,21.5585,21.7685,11328296.0
2017-11-03,21.7535,22.0035,21.7185,21.8685,11111879.0
2017-11-06,22.0235,22.6985,21.9635,22.6535,19099969.0
2017-11-07,22.7135,22.7635,22.4235,22.6085,13410298.0
2017-11-08,22.5235,22.6135,22.2435,22.4385,14246622.0
2017-11-09,22.3035,22.6035,22.2535,22.5435,12988863.0
2017-11-10,22.4835,22.5135,22.0935,22.3585,10534238.0
2017-11-13,22.2635,22.3935,22.1185,22.1585,7489798.0
2017-11-14,22.0285,22.0285,21.5585,21.5985,16527694.0
2017-11-15,21.2935,21.3635,21.0735,21.2135,17693128.0
2017-11-16,21.1085,21.2285,20.9835,21.0785,12513950.0
2017-11-17,21.1435,21.3135,21.0585,21.2435,9172427.0
2017-11-20,21.2035,21.2335,21.0135,21.1635,7785255.0
2017-11-21,21.2935,21.4285,21.1685,21.2385,8464364.0
2017-11-22,21.4385,21.5035,21.3535,21.3735,9307472.0
2017-11-24,21.5085,21.5785,21.4635,21.4685,4990724.0
2017-11-27,21.3235,21.3635,21.0535,21.1235,10595899.0
2017-11-28,21.1585,21.4335,21.1185,21.3835,12113321.0
2017-11-29,21.3685,21.6285,21.2985,21.5685,13599337.0
2017-11-30,21.6485,22.1435,21.6485,22.0785,22303582.0
2017-12-01,22.3235,22.6085,21.9985,22.3685,21188342.0
2017-12-04,22.4035,22.9035,22.2435,22.3535,13575949.0
2017-12-05,22.3535,22.4785,22.1635,22.2035,10689760.0
2017-12-06,22.1035,22.1635,21.7035,21.7535,12061155.0
2017-12-07,21.7185,21.9135,21.6885,21.8535,8639978.0
2017-12-08,22.0285,22.1835,20.8735,22.1685,10696685.0
2017-12-11,22.2335,22.5985,22.2135,22.4185,11316715.0
2017-12-12,22.5535,22.5935,22.2785,22.3235,11758230.0
2017-12-13,22.3235,22.4035,22.1685,22.2735,9216049.0
2017-12-14,22.1435,22.3935,22.1335,22.1485,11782846.0
2017-12-15,22.3926,22.3926,22.0726,22.1176,10153405.0
2017-12-18,22.2026,22.5526,22.1926,22.3826,9660685.0
2017-12-19,22.5426,22.6326,22.3526,22.4326,6764247.0
2017-12-20,22.5476,22.9826,22.4426,22.9226,12254496.0
2017-12-21,22.9376,23.7726,22.9026,23.6676,16803132.0
2017-12-22,23.7076,23.8876,23.5576,23.7426,10660816.0
2017-12-26,23.8726,24.1176,23.7976,24.0576,8631105.0
2017-12-27,24.0626,24.0776,23.8626,23.9376,10855316.0
2017-12-28,23.9326,23.9926,23.8676,23.9926,7966785.0
2017-12-29,24.0876,24.1076,23.8276,23.8876,7356372.0
2018-01-02,24.0676,24.5226,23.9526,24.4826,14891354.0
2018-01-03,24.5576,25.1276,24.5176,25.0326,19299630.0
2018-01-04,25.0076,25.2826,24.8726,25.2576,14306843.0
2018-01-05,25.2076,25.2726,24.9326,25.2426,14204426.0
2018-01-08,25.2276,25.4876,25.1276,25.4676,9779217.0
2018-01-09,25.5426,25.5526,25.3126,25.3726,9234491.0
2018-01-10,25.4826,25.5076,25.2976,25.3276,10821983.0
2018-01-11,25.4576,26.2326,25.3226,26.0976,18089532.0
2018-01-12,26.1076,26.5676,26.1076,26.4676,19819205.0
2018-01-16,26.5576,26.5826,25.9076,25.9776,16894935.0
2018-01-17,26.0876,26.4776,25.8376,26.3126,14007382.0
2018-01-18,26.1676,26.2626,25.9276,25.9976,11514622.0
2018-01-19,25.9126,25.9626,25.6976,25.9476,12962747.0
2018-01-22,25.9976,26.7876,25.9876,26.7726,17016724.0
2018-01-23,26.8476,26.8876,26.5176,26.7126,10184938.0
2018-01-24,26.7576,26.9526,26.4726,26.6076,12919670.0
2018-01-25,26.8026,26.8026,26.2326,26.3026,11718449.0
2018-01-26,26.3876,26.5776,26.3076,26.5126,7785306.0
2018-01-29,26.3576,26.4926,25.8676,25.9276,12647167.0
2018-01-30,25.6076,25.7126,25.1226,25.1576,22751839.0
2018-01-31,25.2576,25.3226,24.9226,25.1826,15765547.0
2018-02-01,25.2326,25.5926,25.0226,25.5676,18011557.0
2018-02-02,24.8726,24.9626,23.7876,23.9876,31005405.0
2018-02-05,23.5026,23.9576,21.8976,22.4676,34767640.0
2018-02-06,21.8726,22.9926,21.7076,22.7426,32815176.0
2018-02-07,22.8526,23.2876,22.1526,22.1576,24603696.0
2018-02-08,22.1926,22.3326,21.1026,21.1176,27771124.0
2018-02-09,21.5126,21.5476,19.9826,21.0926,35174085.0
2018-02-12,21.5226,22.0126,21.3626,21.6376,24956856.0
2018-02-13,21.4626,21.6426,21.2626,21.4976,12284954.0
2018-02-14,21.1676,22.0876,21.0876,21.9876,19756920.0
2018-02-15,22.0576,22.0826,21.3526,21.9026,16469372.0
2018-02-16,21.7576,22.1376,21.6126,21.8176,13791074.0
2018-02-20,21.8876,22.1376,21.4776,21.6326,17808096.0
2018-02-21,21.5326,21.8476,21.0626,21.0626,12545399.0
2018-02-22,21.3026,21.9226,21.2176,21.4276,15330257.0
2018-02-23,21.5926,22.1826,21.5326,22.1576,15684833.0
2018-02-26,22.3326,22.4326,22.1626,22.3626,12156413.0
2018-02-27,22.4326,22.7076,21.9076,21.9126,13465707.0
2018-02-28,22.0926,22.2176,21.1126,21.1276,17621961.0
2018-03-01,21.0926,21.6026,20.8376,21.0776,22974984.0
2018-03-02,20.8476,21.3526,20.5826,21.2326,14578875.0
2018-03-05,21.0776,21.6926,21.0176,21.5876,12831534.0
2018-03-06,21.7976,21.9226,21.4376,21.6076,15677944.0
2018-03-07,21.2426,21.5976,21.0376,21.3526,12362602.0
2018-03-08,21.4276,21.5276,21.1026,21.3426,8013317.0
2018-03-09,21.6026,22.0126,21.5726,21.9826,11393053.0
2018-03-12,22.0026,22.2226,21.8026,21.9726,9486031.0
2018-03-13,22.0776,22.2326,21.5876,21.7276,10730854.0
2018-03-14,21.8576,21.9526,21.4576,21.5276,11348152.0
2018-03-15,21.6526,21.7976,21.0976,21.3526,12408513.0
2018-03-16,21.37,21.8,21.305,21.65,14342576.0
2018-03-19,21.545,21.59,20.94,21.13,14524982.0
2018-03-20,21.31,21.635,21.265,21.41,11259109.0
2018-03-21,21.61,22.505,21.505,22.285,16439550.0
2018-03-22,21.905,22.085,21.52,21.585,18483779.0
2018-03-23,21.755,22.145,21.305,21.38,19214283.0
2018-03-26,21.765,22.03,21.375,21.98,15953442.0
2018-03-27,22.125,22.265,21.465,21.66,13923130.0
2018-03-28,21.68,21.795,20.95,21.005,18228748.0
2018-03-29,21.15,21.83,21.145,21.7,13997923.0
2018-04-02,21.57,21.63,20.455,21.025,18992559.0
2018-04-03,21.15,21.76,20.835,21.73,14114315.0
2018-04-04,21.215,21.76,20.985,21.685,12490776.0
2018-04-05,21.77,22.505,21.77,22.29,13528407.0
2018-04-06,22.075,22.24,21.225,21.67,18883891.0
2018-04-09,21.83,22.26,21.695,21.83,10819833.0
2018-04-10,22.365,23.22,22.355,22.95,22621829.0
2018-04-11,22.895,23.395,22.85,23.315,21190947.0
2018-04-12,23.435,23.59,23.185,23.31,14311617.0
2018-04-13,23.5,23.845,23.45,23.7,13330421.0
2018-04-16,23.78,24.23,23.59,24.065,14024342.0
2018-04-17,24.16,24.37,23.955,24.205,16105269.0
2018-04-18,24.52,25.105,24.51,24.775,17311471.0
2018-04-19,24.805,25.095,24.595,24.82,18150344.0
2018-04-20,24.745,24.775,24.41,24.645,13690420.0
2018-04-23,24.53,24.875,24.33,24.87,14844633.0
2018-04-24,24.97,25.225,24.275,24.475,22787505.0
2018-04-25,24.36,24.815,24.13,24.765,13163311.0
2018-04-26,24.9,25.33,24.785,25.3,12216888.0
2018-04-27,24.92,25.09,24.76,24.905,10539303.0
2018-04-30,24.845,25.315,24.835,24.9,12963191.0
2018-05-01,24.715,24.74,24.21,24.675,13800927.0
2018-05-02,24.565,25.115,24.515,24.825,13434737.0
2018-05-03,24.655,24.8,24.245,24.74,15329576.0
2018-05-04,24.64,25.05,24.49,24.92,13585489.0
2018-05-07,25.21,25.78,24.895,24.97,17973699.0
2018-05-08,24.985,25.28,24.315,25.26,28774057.0
2018-05-09,25.715,26.44,25.71,26.02,24903938.0
2018-05-10,26.17,26.395,25.995,26.305,13890093.0
2018-05-11,26.39,26.62,26.275,26.36,12010656.0
2018-05-14,26.48,26.8,26.48,26.625,10226324.0
2018-05-15,26.54,26.695,26.34,26.635,10482690.0
2018-05-16,26.58,26.795,26.385,26.77,11997162.0
2018-05-17,26.895,27.41,26.875,27.355,16271320.0
2018-05-18,27.285,27.325,27.02,27.05,14092682.0
2018-05-21,27.27,27.45,27.07,27.45,11513109.0
2018-05-22,27.445,27.705,26.815,26.925,16583398.0
2018-05-23,26.7,26.95,26.38,26.92,16605788.0
2018-05-24,26.47,26.53,26.105,26.28,19154752.0
2018-05-25,25.605,25.655,24.915,25.285,32453517.0
2018-05-29,24.995,25.4,24.825,25.17,19327458.0
2018-05-30,25.49,26.465,25.475,26.295,23022169.0
2018-05-31,26.015,26.455,25.925,26.005,13258724.0
2018-06-01,26.135,26.44,25.98,26.185,14102548.0
2018-06-04,26.315,26.595,25.755,25.855,13689210.0
2018-06-05,25.67,26.055,25.585,25.765,13707928.0
2018-06-06,25.905,26.045,25.61,25.945,13479246.0
2018-06-07,26.145,26.74,26.135,26.52,15178860.0
2018-06-08,26.565,26.67,26.205,26.445,11236625.0
2018-06-11,26.435,26.815,26.355,26.645,10717777.0
2018-06-12,26.645,26.735,26.245,26.35,15707225.0
2018-06-13,26.23,26.43,26.05,26.205,12502106.0
2018-06-14,26.315,26.425,26.06,26.15,10291137.0
2018-06-15,25.9312,26.0062,25.2562,25.3362,16089397.0
2018-06-18,25.2412,25.9562,25.2412,25.7062,13184372.0
2018-06-19,25.2562,25.7612,25.1512,25.6212,12607644.0
2018-06-20,25.8462,25.9262,25.4862,25.7862,11655932.0
2018-06-21,25.5212,25.5412,24.9162,25.0912,15009796.0
2018-06-22,26.0012,26.2362,25.8212,25.8262,28310942.0
2018-06-25,25.7162,25.7662,24.8212,25.0712,18380345.0
2018-06-26,25.1662,25.6812,25.0362,25.5362,13529149.0
2018-06-27,25.8462,26.5062,25.8312,26.0362,20583866.0
2018-06-28,26.0912,26.2312,25.6962,25.9862,14285368.0
2018-06-29,26.0912,26.6212,26.0912,26.2212,13167937.0
2018-07-02,25.9562,25.9662,25.4562,25.6612,15296553.0
2018-07-03,26.0512,26.4812,25.8062,25.8962,9308177.0
2018-07-05,26.1262,26.2462,25.7462,25.8562,9969537.0
2018-07-06,25.7412,26.2062,25.5662,26.0862,9310429.0
2018-07-09,26.3162,26.7062,26.2962,26.6512,11059160.0
2018-07-10,26.8862,27.2512,26.8412,26.9362,11003761.0
2018-07-11,26.5762,26.8112,25.8662,26.1162,19362770.0
2018-07-12,26.2162,26.4262,25.9112,26.1812,12568031.0
2018-07-13,26.2162,26.6112,26.1162,26.3812,11423091.0
2018-07-16,26.0062,26.1912,25.6162,25.9412,11390744.0
2018-07-17,25.8162,26.0012,25.5812,25.7912,9753183.0
2018-07-18,25.6112,25.8712,25.2412,25.8162,15351520.0
2018-07-19,25.7162,25.9862,25.6762,25.8262,16231809.0
2018-07-20,25.8262,25.9112,25.5762,25.6962,10861317.0
2018-07-23,25.8012,25.8262,25.4612,25.5312,7623849.0
2018-07-24,25.6962,26.2212,25.6462,26.0012,10168500.0
2018-07-25,26.0512,26.4062,25.8662,26.3162,11037546.0
2018-07-26,26.3962,26.7962,26.3212,26.7312,12187385.0
2018-07-27,26.3012,26.7662,26.2512,26.5662,12642806.0
2018-07-30,26.8712,27.0312,26.7412,26.8812,11394997.0
2018-07-31,26.9512,27.0562,26.7212,26.8112,11290711.0
2018-08-01,26.4762,26.4912,26.0712,26.2762,11172625.0
2018-08-02,25.9962,26.1412,25.7512,26.0662,9689758.0
2018-08-03,25.9962,26.0662,25.6812,25.8712,7663337.0
2018-08-06,25.9812,26.1912,25.7562,26.0112,8200093.0
2018-08-07,26.3962,26.5012,26.1712,26.2912,11798340.0
2018-08-08,26.0262,26.1562,25.7912,26.0162,9401055.0
2018-08-09,26.0462,26.1162,25.6062,25.6662,15232467.0
2018-08-10,25.5812,25.8962,25.5062,25.8962,16977728.0
2018-08-13,25.8262,25.9562,25.3962,25.4162,9817144.0
2018-08-14,25.7012,25.7562,25.3512,25.5062,10437874.0
2018-08-15,25.1512,25.2112,24.1012,24.2062,26400448.0
2018-08-16,24.3812,24.6712,24.3612,24.4662,25013734.0
2018-08-17,24.5612,24.6512,24.4212,24.5562,11532984.0
2018-08-20,24.5662,24.9312,24.5512,24.8012,8345742.0
2018-08-21,25.1062,25.2812,24.9462,24.9862,9509139.0
2018-08-22,25.2162,25.5412,25.1912,25.4262,9345383.0
2018-08-23,25.2512,25.3162,25.1112,25.2512,6468894.0
2018-08-24,25.4812,25.7412,25.4462,25.5212,7753284.0
2018-08-27,25.6462,25.8462,25.5912,25.7962,6984879.0
2018-08-28,25.8662,26.0212,25.6112,25.6362,8393479.0
2018-08-29,25.7562,26.0212,25.6412,25.8662,7760446.0
2018-08-30,25.8512,25.9262,25.5662,25.7612,9250541.0
2018-08-31,25.6462,25.6562,25.3162,25.4712,8909659.0
2018-09-04,25.6412,25.6712,25.2412,25.3912,15094743.0
2018-09-05,25.2212,25.3612,24.8462,25.3412,9598117.0
2018-09-06,25.2012,25.3262,24.5562,24.6562,14406402.0
2018-09-07,24.5212,24.7162,24.1412,24.6512,10134371.0
2018-09-10,24.8362,24.9862,24.6262,24.6362,8911663.0
2018-09-11,24.6012,25.1912,24.5012,24.9812,14281571.0
2018-09-12,25.2812,25.5362,25.1612,25.1712,12689419.0
2018-09-13,25.1112,25.2562,24.8662,25.1862,11037449.0
2018-09-14,25.1912,25.5212,25.1762,25.3812,9494340.0
2018-09-17,25.4762,25.6912,25.3512,25.4412,14728899.0
2018-09-18,25.7062,25.9412,25.6812,25.6862,10223473.0
2018-09-19,25.6962,25.9562,25.6612,25.8012,10911537.0
2018-09-20,25.9612,26.1062,25.7662,25.8112,12512374.0
2018-09-21,26.0128,26.1828,25.7578,26.0578,13710102.0
2018-09-24,26.3878,26.7728,26.3578,26.6078,12784505.0
2018-09-25,26.8478,27.0128,26.7978,26.8528,13027568.0
2018-09-26,26.6178,26.8178,26.4128,26.4828,12728563.0
2018-09-27,26.6328,26.6828,26.3828,26.4828,10672146.0
2018-09-28,26.3028,26.7778,26.2828,26.3778,14833073.0
2018-10-01,26.5178,27.0628,26.5178,26.9028,12712910.0
2018-10-02,26.9978,27.0728,26.6778,26.9428,9468650.0
2018-10-03,27.1078,27.3678,26.9978,27.2528,13244803.0
2018-10-04,27.1278,27.3628,26.8678,27.0928,15192738.0
2018-10-05,27.0528,27.2128,26.8528,27.0878,11983237.0
2018-10-08,26.8028,27.1178,26.6528,27.0578,11578674.0
2018-10-09,27.1928,27.6878,27.0278,27.4028,16817008.0
2018-10-10,27.4678,27.5328,26.0078,26.1828,26405265.0
2018-10-11,25.8178,25.8428,24.6328,24.9078,35592112.0
2018-10-12,25.2678,25.3778,24.4528,25.0078,23578960.0
2018-10-15,25.0028,25.1528,24.6928,24.7028,11590374.0
2018-10-16,24.8028,25.0678,24.6528,25.0028,14571389.0
2018-10-17,24.9328,25.0428,24.4628,24.7728,15804298.0
2018-10-18,24.4378,24.9278,24.3628,24.5928,16587091.0
2018-10-19,24.4128,24.7978,24.2478,24.2728,13568442.0
2018-10-22,24.2478,24.3228,23.6628,23.8778,12294486.0
2018-10-23,23.3578,23.3678,22.4628,22.9528,26477733.0
2018-10-24,23.1178,23.1278,21.5828,21.5928,28100195.0
2018-10-25,21.9978,22.3428,21.7728,21.9978,25333570.0
2018-10-26,21.7228,22.1578,21.1978,21.7478,25579939.0
2018-10-29,21.9928,22.0378,20.6928,21.1278,24459846.0
2018-10-30,21.1078,21.9628,20.9578,21.8828,26397352.0
2018-10-31,22.2078,22.6528,22.0428,22.0878,17287796.0
2018-11-01,22.1578,22.5328,21.8128,22.3728,21475811.0
2018-11-02,22.7478,22.9978,21.9478,22.2878,21212484.0
2018-11-05,22.6978,22.9878,22.6178,22.8528,13231630.0
2018-11-06,22.9378,23.0878,22.6028,23.0128,13072117.0
2018-11-07,23.4578,23.6878,23.0578,23.5778,16663206.0
2018-11-08,23.4178,23.6928,22.6928,22.8178,15145350.0
2018-11-09,22.3628,22.9778,22.1778,22.7578,22917818.0
2018-11-12,22.9928,23.1378,21.9778,22.0478,18041630.0
2018-11-13,21.9528,22.1328,21.1028,21.2778,32732140.0
2018-11-14,21.7878,21.9128,20.9228,21.2228,22542111.0
2018-11-15,21.0128,21.7428,21.2278,21.7028,15601565.0
2018-11-16,21.9078,22.2128,21.7428,22.0978,19755466.0
2018-11-19,21.8928,22.2228,21.7878,22.0878,15583829.0
2018-11-20,21.6478,21.7278,20.7378,20.9878,26324382.0
2018-11-21,21.2428,21.8478,21.1678,21.4978,17330943.0
2018-11-23,20.6778,20.7928,20.2278,20.4628,14421770.0
2018-11-26,20.6978,21.1578,20.6928,20.9428,16682750.0
2018-11-27,20.7778,21.0878,20.6678,20.8528,22264294.0
2018-11-28,20.8228,21.4328,20.6178,21.4078,21148228.0
2018-11-29,21.4328,21.8878,21.3828,21.6228,14414463.0
2018-11-30,21.3328,21.6578,21.1678,21.5628,18129018.0
2018-12-03,22.3178,22.5028,21.9028,22.2978,21994116.0
2018-12-04,22.3128,22.4228,21.2678,21.3278,18296515.0
2018-12-06,20.6078,20.7728,20.0428,20.7228,35356073.0
2018-12-07,21.3378,21.8228,20.4878,20.5428,27445717.0
2018-12-10,20.3178,20.4728,19.3178,20.0428,23382779.0
2018-12-11,20.5278,20.5878,19.7228,20.0528,17241615.0
2018-12-12,20.5678,20.7828,20.1578,20.1778,19267357.0
2018-12-13,20.1028,20.4778,19.9628,20.2778,15298973.0
2018-12-14,20.0828,20.2128,19.4028,19.5528,22893814.0
2018-12-17,19.4728,19.7328,18.7678,18.9878,20732300.0
2018-12-18,18.9328,19.0428,18.1028,18.2678,26616985.0
2018-12-19,18.4228,18.9878,17.6728,17.9178,45548907.0
2018-12-20,17.5578,18.0028,16.9278,17.1028,38504384.0
2018-12-21,17.1078,17.5778,16.5928,16.8278,37394111.0
2018-12-24,16.4978,16.6328,15.6678,15.6928,15605923.0
2018-12-26,15.9528,17.3728,15.4528,17.3678,29096971.0
2018-12-27,16.7928,17.5528,16.4128,17.5178,24377297.0
2018-12-28,17.6478,17.7778,17.1228,17.2978,19437424.0
2018-12-31,17.5528,17.6578,17.1128,17.4478,18705301.0
2019-01-02,16.9928,18.2078,16.8478,18.0128,24892646.0
2019-01-03,18.0978,18.2028,17.3928,17.7228,18024052.0
2019-01-04,18.2228,18.7978,18.0528,18.7078,21351479.0
2019-01-07,18.9328,19.3728,18.5328,19.1528,18056906.0
2019-01-08,19.5778,19.6478,19.2228,19.3878,18692311.0
2019-01-09,19.7978,19.9778,19.4778,19.8728,18756783.0
2019-01-10,19.6378,20.0028,19.4628,19.9628,19167596.0
2019-01-11,19.8028,19.9778,19.5028,19.7778,14105948.0
2019-01-14,19.4828,19.8278,19.4378,19.7028,13191739.0
2019-01-15,19.8728,20.1078,19.6578,19.8128,9821467.0
2019-01-16,19.7778,20.0278,19.6678,19.7728,12541129.0
2019-01-17,19.5378,20.1928,19.4678,20.0578,10174827.0
2019-01-18,20.4278,20.7178,20.2428,20.6928,14531758.0
2019-01-22,20.3428,20.4128,19.9128,19.9978,19863168.0
2019-01-23,20.1078,20.1478,19.4228,19.6778,23367653.0
2019-01-24,19.6128,20.1228,19.4878,19.8428,13049182.0
2019-01-25,20.1078,20.4328,20.0578,20.2378,10233586.0
2019-01-28,19.8228,19.9378,19.5828,19.9228,12022744.0
2019-01-29,20.1028,20.2278,19.9928,20.0178,11884145.0
2019-01-30,20.2128,20.5578,20.0428,20.4578,12116611.0
2019-01-31,20.5078,20.8128,20.4228,20.6628,17844177.0
2019-02-01,21.0078,21.4078,20.9028,21.2178,14772410.0
2019-02-04,20.9978,21.3028,20.7578,21.2928,10108051.0
2019-02-05,21.2678,21.3978,21.1628,21.3428,7852677.0
2019-02-06,21.1878,21.2778,21.0728,21.1028,6803809.0
2019-02-07,20.9028,21.0128,20.0928,20.3878,14600475.0
2019-02-08,20.3028,20.3778,19.7078,20.2428,10634406.0
2019-02-11,20.0928,20.4428,20.0028,20.3928,12497386.0
2019-02-12,20.8178,20.9778,20.4228,20.7928,10677292.0
2019-02-13,20.9228,21.4478,20.8878,21.1928,13061653.0
2019-02-14,21.0778,21.5528,21.0178,21.3078,10213409.0
2019-02-15,21.6478,21.8578,21.5728,21.8328,10183838.0
2019-02-19,21.6678,22.0578,21.6178,21.9328,8721631.0
2019-02-20,21.8828,22.2378,21.8778,22.0728,9935693.0
2019-02-21,21.9678,22.0528,21.4378,21.5578,11866116.0
2019-02-22,21.8028,21.9028,21.4878,21.6528,9948258.0
2019-02-25,21.5478,21.8178,21.5178,21.7078,15904458.0
2019-02-26,21.6778,21.9028,21.5928,21.6028,10550682.0
2019-02-27,21.7628,22.0678,21.5728,21.7278,10294013.0
2019-02-28,21.7328,21.7778,21.1928,21.3978,11249407.0
2019-03-01,21.5728,22.0028,21.5728,21.9978,20327998.0
2019-03-04,22.1178,22.1978,21.5578,22.0578,19780305.0
2019-03-05,22.1028,22.1178,21.7128,21.9478,15807549.0
2019-03-06,21.6778,21.7478,21.3628,21.5278,22690923.0
2019-03-07,21.5478,21.5728,21.2028,21.3328,23446166.0
2019-03-08,20.8078,20.8728,20.4278,20.7228,15621533.0
2019-03-11,20.9578,21.2978,20.9278,21.2228,13212089.0
2019-03-12,21.2778,21.5978,21.2678,21.4328,11013139.0
2019-03-13,21.6378,21.7778,21.5028,21.7628,13206790.0
2019-03-14,21.7928,21.9628,21.7578,21.7978,12320420.0
2019-03-15,21.7696,21.8846,21.6596,21.7846,12427359.0
2019-03-18,21.8246,22.2946,21.8096,22.2396,10067909.0
2019-03-19,22.4046,22.5746,22.0146,22.1496,12525956.0
2019-03-20,22.1196,22.7396,22.0196,22.4396,13662863.0
2019-03-21,22.3396,22.7296,22.2696,22.6746,17878046.0
2019-03-22,22.3696,22.4246,21.6396,21.7646,19974975.0
2019-03-25,21.6246,21.8346,21.4646,21.7796,12346537.0
2019-03-26,22.1596,22.4746,22.0696,22.2496,11516543.0
2019-03-27,22.2246,22.3746,21.7646,22.0146,9582647.0
2019-03-28,21.8746,22.1796,21.8096,22.1396,9149159.0
2019-03-29,22.4596,22.5396,21.9796,22.0896,10037621.0
2019-04-01,22.3096,22.5946,22.2646,22.5246,12411747.0
2019-04-02,22.6096,22.6396,22.2146,22.2946,11152432.0
2019-04-03,22.3896,22.4546,21.8596,21.9746,11989787.0
2019-04-04,21.9946,22.2746,21.8346,22.2496,10504382.0
2019-04-05,22.3396,22.8746,22.3246,22.8346,17269238.0
2019-04-08,22.8846,23.1546,22.8446,22.9846,10602138.0
2019-04-09,22.8846,22.8846,22.4646,22.5696,14541926.0
2019-04-10,22.6446,22.8496,22.6046,22.6946,9375986.0
2019-04-11,22.6646,22.9496,22.4596,22.7196,10914234.0
2019-04-12,23.2046,23.2296,22.7246,22.8096,15426841.0
2019-04-15,22.7696,22.8496,22.5546,22.6096,8300980.0
2019-04-16,22.7296,22.8796,22.6096,22.8296,8130337.0
2019-04-17,23.0346,23.1096,22.7396,22.7846,10934622.0
2019-04-18,22.8796,22.9246,22.5396,22.6246,9759653.0
2019-04-22,22.9346,23.3596,22.8396,23.3346,14164657.0
2019-04-23,23.3596,23.4346,23.0546,23.2796,10212221.0
2019-04-24,23.3096,23.3296,22.6646,22.6796,11019051.0
2019-04-25,22.6746,22.8496,22.4996,22.5746,12060913.0
2019-04-26,22.3296,22.3396,21.8496,22.1396,16838386.0
2019-04-29,22.1496,22.2896,22.0446,22.1096,12974541.0
2019-04-30,22.4296,22.4496,22.0446,22.0846,14327153.0
2019-05-01,22.0946,22.1946,21.3996,21.4246,22155991.0
2019-05-02,21.2196,21.4146,20.8446,20.8596,28033012.0
2019-05-03,21.1596,21.4046,21.0846,21.1546,19624559.0
2019-05-06,20.9096,21.2896,20.8796,21.1846,20344657.0
2019-05-07,20.8046,20.9296,20.4996,20.9046,15064718.0
2019-05-08,20.8896,21.1696,20.8196,20.9046,9823707.0
2019-05-09,20.7546,21.0246,20.4846,20.9046,14409544.0
2019-05-10,20.9046,21.1346,20.4546,21.0546,13074954.0
2019-05-13,20.7646,20.9196,20.3546,20.5046,14070022.0
2019-05-14,20.6746,21.1546,20.6446,20.8896,9241956.0
2019-05-15,20.7096,21.1246,20.6246,21.0546,10092343.0
2019-05-16,21.1346,21.3496,21.1346,21.2296,9376619.0
2019-05-17,21.0146,21.1896,20.8646,20.9046,10555799.0
2019-05-20,20.9096,21.0696,20.8546,20.9196,8186324.0
2019-05-21,21.0546,21.3796,21.0146,21.2896,18380450.0
2019-05-22,21.0946,21.1696,20.6846,20.7896,9637121.0
2019-05-23,20.2596,20.2846,19.5396,19.7246,23963613.0
2019-05-24,19.9696,20.0896,19.5746,19.8396,10153381.0
2019-05-28,19.8596,19.9146,19.4746,19.5196,12930642.0
2019-05-29,19.0996,19.3446,18.9196,19.3246,16951585.0
2019-05-30,19.2746,19.3296,18.8446,18.9396,15173861.0
2019-05-31,18.5296,18.7996,18.4146,18.4146,21898542.0
2019-06-03,18.6146,18.9346,18.5696,18.7896,18024661.0
2019-06-04,19.0696,19.3746,18.9896,19.3046,14743427.0
2019-06-05,19.3646,19.3746,18.7896,18.9696,15882054.0
2019-06-06,19.0296,19.6396,19.0296,19.5246,32393915.0
2019-06-07,19.6196,19.8596,19.5446,19.6646,15774071.0
2019-06-10,19.8296,20.0296,19.7096,19.7546,9837825.0
2019-06-11,20.0246,20.1246,19.8046,19.8146,9522629.0
2019-06-12,19.6146,19.6846,19.2846,19.3796,13816452.0
2019-06-13,19.7296,19.8746,19.3696,19.7346,12191939.0
2019-06-14,19.8096,19.8146,19.4596,19.5346,7916416.0
2019-06-17,19.4696,19.8746,19.3746,19.7896,8795248.0
2019-06-18,19.9896,20.3996,19.9346,20.2146,17222144.0
2019-06-19,20.1696,20.3596,20.0146,20.1796,8827665.0
2019-06-20,20.6796,20.9196,20.6446,20.8696,25953969.0
2019-06-21,20.9179,21.2129,20.9179,21.0979,16356327.0
2019-06-24,21.0879,21.1779,20.7629,20.8129,10396671.0
2019-06-25,20.7929,20.8229,20.5279,20.5629,11887333.0
2019-06-26,20.8779,21.2829,20.7979,21.0429,14326784.0
2019-06-27,21.0429,21.1379,20.7429,20.8079,10608998.0
2019-06-28,20.8829,21.2029,20.8829,21.1729,17369740.0
2019-07-01,21.5679,21.6729,21.1229,21.2029,14913860.0
2019-07-02,21.1079,21.1729,20.5529,20.6929,12100515.0
2019-07-03,20.7379,20.8429,20.5479,20.8179,6987346.0
2019-07-05,20.7029,20.8929,20.6329,20.8629,7363356.0
2019-07-08,20.8129,21.0829,20.7229,20.9079,8628482.0
2019-07-09,20.8579,20.9529,20.6479,20.9329,7488131.0
2019-07-10,21.1329,21.4479,20.9229,21.3379,11767381.0
2019-07-11,21.4329,21.4379,21.2029,21.4029,12681342.0
2019-07-12,21.4229,21.6479,21.4229,21.5379,8081374.0
2019-07-15,21.5929,21.6129,21.1779,21.2479,9538946.0
2019-07-16,21.1829,21.2379,20.7829,20.9079,10587053.0
2019-07-17,20.8829,20.9829,20.5279,20.5479,13664662.0
2019-07-18,20.3979,20.5529,20.2179,20.5529,12755565.0
2019-07-19,20.5829,20.8029,20.4379,20.6979,9965289.0
2019-07-22,20.8179,20.9479,20.5929,20.8429,7844184.0
2019-07-23,20.8429,21.0129,20.7479,20.9279,7268818.0
2019-07-24,20.8879,21.2679,20.8529,21.0629,9907734.0
2019-07-25,21.1829,21.2229,20.6079,20.7029,10070354.0
2019-07-26,20.7029,20.7079,20.4079,20.5429,9653823.0
2019-07-29,20.5179,20.5429,20.1879,20.4179,8284938.0
2019-07-30,20.2929,20.8429,20.2329,20.7679,10801348.0
2019-07-31,20.7679,21.0379,20.4079,20.6679,15278042.0
2019-08-01,20.3229,20.4679,19.7629,19.9579,25190596.0
2019-08-02,20.0829,20.2629,19.2079,19.5179,21699934.0
2019-08-05,18.9579,19.0379,18.4079,18.6179,27576891.0
2019-08-06,18.6929,18.8629,18.2679,18.5829,16997506.0
2019-08-07,18.0479,18.5029,17.8979,18.3629,24802188.0
2019-08-08,18.5579,19.2129,18.4229,19.1979,23267835.0
2019-08-09,19.2229,19.2879,18.7429,18.8679,14593219.0
2019-08-12,18.7979,18.8429,18.3879,18.5279,18055472.0
2019-08-13,18.3879,19.0629,18.2329,18.7879,14397726.0
2019-08-14,18.1579,18.2279,17.5879,17.6329,23649726.0
2019-08-15,17.4829,17.6179,17.1529,17.4579,14306088.0
2019-08-16,17.6079,17.9129,17.5129,17.8279,21450306.0
2019-08-19,18.2279,18.5629,18.1729,18.4579,13881866.0
2019-08-20,18.3179,18.3529,18.1029,18.2129,9521878.0
2019-08-21,18.5129,18.5629,18.2929,18.3979,12037401.0
2019-08-22,18.4979,18.6129,18.2529,18.2679,9353521.0
2019-08-23,17.9229,18.1929,17.1379,17.2979,24409141.0
2019-08-26,17.5429,17.6929,17.2979,17.4179,10806578.0
2019-08-27,17.5679,17.6829,17.0929,17.2429,11833743.0
2019-08-28,17.3879,17.7829,17.2479,17.6429,15696538.0
2019-08-29,17.8629,18.1779,17.8329,18.0579,12332306.0
2019-08-30,18.1679,18.4179,17.8879,18.0579,13022340.0
2019-09-03,17.5929,17.9779,17.5079,17.9179,13964802.0
2019-09-04,18.3179,18.4429,18.2329,18.3179,11191118.0
2019-09-05,18.5729,19.0029,18.5279,18.6779,14538515.0
2019-09-06,18.6179,18.8679,18.4529,18.8329,12234331.0
2019-09-09,19.0729,19.4929,19.0129,19.4229,24757225.0
2019-09-10,19.6079,20.2179,19.5479,19.7779,25718030.0
2019-09-11,19.9479,20.1879,19.6429,19.8079,22752016.0
2019-09-12,19.4229,19.8379,19.1729,19.6179,19059516.0
2019-09-13,19.8179,20.0179,19.6879,19.8579,14061580.0
2019-09-16,21.1379,21.1429,20.5179,20.8829,30677809.0
2019-09-17,20.9029,20.9129,20.2329,20.4429,26473181.0
2019-09-18,20.2179,20.4179,20.0779,20.2929,11617589.0
2019-09-19,20.4779,20.5479,20.1179,20.2129,14029442.0
2019-09-20,20.2331,20.3581,20.0881,20.2381,20164618.0
2019-09-23,20.0331,20.3281,19.9981,20.2481,9337060.0
2019-09-24,20.1531,20.1831,19.5831,19.7631,20574893.0
2019-09-25,19.6231,19.8481,19.5531,19.8131,10143268.0
2019-09-26,19.6781,19.7481,19.2681,19.4181,14088335.0
2019-09-27,19.2531,19.6431,19.1981,19.4131,15632625.0
2019-09-30,19.2731,19.3931,19.1681,19.1981,19819471.0
2019-10-01,19.2981,19.4081,18.5081,18.5131,16468129.0
2019-10-02,18.3431,18.4131,17.7231,17.8031,19280673.0
2019-10-03,17.6481,18.1381,17.4181,18.1081,21186885.0
2019-10-04,18.2281,18.3281,17.9381,18.2881,11061469.0
2019-10-07,18.3331,18.4431,18.0181,18.0331,12304397.0
2019-10-08,17.7431,17.9631,17.5081,17.5481,20802273.0
2019-10-09,17.7981,17.9581,17.7481,17.8031,8934940.0
2019-10-10,17.8981,18.2331,17.8531,18.1581,10375027.0
2019-10-11,18.4531,18.8131,18.4031,18.5431,24195751.0
2019-10-14,18.3331,18.6331,18.2231,18.5281,12166831.0
2019-10-15,18.4681,18.9381,18.4331,18.6481,11267326.0
2019-10-16,18.5481,18.7531,18.2331,18.2431,12005526.0
2019-10-17,18.3631,18.4531,18.1731,18.2631,12289357.0
2019-10-18,18.1881,18.4181,18.1081,18.1131,10278156.0
2019-10-21,18.1681,18.6481,18.1331,18.6231,10503489.0
2019-10-22,18.7131,19.3331,18.6231,18.9981,21108485.0
2019-10-23,18.9481,19.3031,18.8231,19.2431,12213623.0
2019-10-24,19.4131,19.4331,18.9631,19.1181,13205551.0
2019-10-25,19.1281,19.4431,19.0881,19.3581,11874984.0
2019-10-28,19.4581,19.6281,19.1381,19.1881,11756551.0
2019-10-29,19.0781,19.5581,18.9781,19.3081,13468418.0
2019-10-30,19.3781,19.3931,18.5881,18.7031,15506686.0
2019-10-31,18.5831,18.6281,18.2931,18.5781,15032442.0
2019-11-01,18.7231,19.2931,18.6981,19.2381,13310097.0
2019-11-04,19.5781,20.2931,19.5731,20.2031,21530212.0
2019-11-05,20.2881,20.5131,20.1431,20.2431,17555060.0
2019-11-06,20.1981,20.2631,19.5331,19.6181,17827895.0
2019-11-07,19.9231,20.1631,19.8431,20.0681,13241711.0
2019-11-08,19.8831,19.9831,19.5981,19.9431,10389848.0
2019-11-11,19.6581,19.9131,19.5431,19.7731,14480473.0
2019-11-12,19.8631,20.0281,19.4631,19.6181,12541246.0
2019-11-13,19.4631,19.5931,19.3631,19.4881,10793945.0
2019-11-14,19.4781,19.6431,19.2681,19.4081,8116977.0
2019-11-15,19.5331,19.7531,19.4981,19.6381,9183463.0
2019-11-18,19.4481,19.4831,19.1481,19.2731,12754805.0
2019-11-19,19.1781,19.2031,18.7981,18.8331,15380355.0
2019-11-20,18.8231,19.3431,18.6431,19.1281,17147126.0
2019-11-21,19.2281,19.6381,19.1331,19.6131,15641682.0
2019-11-22,19.6381,19.7831,19.4531,19.5131,11491975.0
2019-11-25,19.4781,19.5931,19.3631,19.5431,12338159.0
2019-11-26,19.5831,19.5931,19.1581,19.2681,13403157.0
2019-11-27,19.3031,19.4031,19.0981,19.3431,9668274.0
2019-11-29,19.0981,19.2031,18.9331,19.0431,7830226.0
2019-12-02,19.1431,19.3331,19.0081,19.0431,15390992.0
2019-12-03,18.7831,18.8331,18.4981,18.6031,17128314.0
2019-12-04,18.8581,19.1281,18.7631,19.0381,17430420.0
2019-12-05,19.1631,19.1981,18.7981,18.8981,10894161.0
2019-12-06,19.0231,19.5481,19.0181,19.4581,16729654.0
2019-12-09,19.2281,19.5631,19.2281,19.4231,8839059.0
2019-12-10,19.5231,19.5931,19.3531,19.4831,8786138.0
2019-12-11,19.4381,19.6381,19.3731,19.4331,12436340.0
2019-12-12,19.4781,20.0881,19.4431,19.9831,22492370.0
2019-12-13,20.0881,20.2831,19.7331,19.7531,11372454.0
2019-12-16,19.9681,20.2781,19.9531,20.1581,11136816.0
2019-12-17,20.2881,20.4531,20.0631,20.1781,23154716.0
2019-12-18,20.1431,20.4881,20.1031,20.2931,12942045.0
2019-12-19,20.2981,20.3831,20.2281,20.2831,12770101.0
2019-12-20,20.3748,20.6098,20.3198,20.5748,17420045.0
2019-12-23,20.5398,20.9098,20.5048,20.8898,13474589.0
2019-12-24,20.9598,21.0048,20.8198,20.8748,5037439.0
2019-12-26,21.0098,21.1148,20.8248,20.8648,10157173.0
2019-12-27,20.9798,21.0098,20.7148,20.7348,10718840.0
2019-12-30,21.0544,21.1094,20.7994,20.8444,14632973.0
2019-12-31,20.6944,21.0444,20.6094,21.0144,10729021.0
2020-01-02,21.2144,21.3294,21.1094,21.2844,11946968.0
2020-01-03,21.5594,21.6494,21.0444,21.1944,29515623.0
2020-01-06,21.2994,21.5844,21.1944,21.4294,22460711.0
2020-01-07,21.3444,21.3794,20.9944,21.3494,11493394.0
2020-01-08,21.3194,21.3544,20.8094,20.8494,19038083.0
2020-01-09,20.8344,21.0994,20.4844,21.0694,15367597.0
2020-01-10,21.0544,21.0794,20.8644,20.8994,9151352.0
2020-01-13,20.8544,21.0044,20.6994,20.9094,8779691.0
2020-01-14,20.8444,20.9494,20.6494,20.9144,17339872.0
2020-01-15,20.7844,20.8744,20.6094,20.6944,10830804.0
2020-01-16,20.8694,20.9694,20.7294,20.7444,8224487.0
2020-01-17,20.8244,20.8394,20.5044,20.5544,11909116.0
2020-01-21,20.3894,20.3944,19.9744,20.0244,17354555.0
2020-01-22,19.9694,19.9894,19.6644,19.7444,14677719.0
2020-01-23,19.4444,19.7244,19.2244,19.6344,13278012.0
2020-01-24,19.5044,19.6344,19.0844,19.3044,20390559.0
2020-01-27,18.7344,18.8444,18.4844,18.5194,21682539.0
2020-01-28,18.6744,18.8144,18.5344,18.6444,14300069.0
2020-01-29,18.7994,18.8994,18.3194,18.3544,13748945.0
2020-01-30,18.0694,18.6044,17.9994,18.5744,24430549.0
2020-01-31,18.1094,18.1844,17.5744,17.7144,33430533.0
2020-02-03,17.6794,17.7194,17.2694,17.3644,21290433.0
2020-02-04,17.7444,17.9544,17.4094,17.4594,19819836.0
2020-02-05,17.8994,18.5494,17.8844,18.4544,34381974.0
2020-02-06,18.5844,18.5844,18.1294,18.1744,15400630.0
2020-02-07,17.9694,18.0994,17.8444,17.9844,13693685.0
2020-02-10,17.8444,17.9094,17.6844,17.8494,14640594.0
2020-02-11,18.2144,18.2544,18.0294,18.1494,13844593.0
2020-02-12,18.5544,18.6694,18.2894,18.5194,17199814.0
2020-02-13,18.4394,18.5844,18.2694,18.4294,11974888.0
2020-02-14,18.5244,18.5444,18.1144,18.2844,12520109.0
2020-02-18,18.0444,18.2794,17.8094,18.0594,16314908.0
2020-02-19,18.2394,18.5294,18.0894,18.4194,12455425.0
2020-02-20,18.4894,18.6944,18.3194,18.3894,13050826.0
2020-02-21,18.1294,18.1544,17.8394,18.0644,13808205.0
2020-02-24,17.0444,17.1944,16.7344,16.8144,33037501.0
2020-02-25,16.8844,16.9044,15.5144,15.6744,42837329.0
2020-02-26,15.7644,15.8844,14.9194,14.9294,48828313.0
2020-02-27,14.3094,14.7594,13.6394,13.6494,61278725.0
2020-02-28,12.9344,13.9144,12.7544,13.6294,68764415.0
2020-03-02,14.1344,14.5744,13.4594,14.5444,36642667.0
2020-03-03,14.6794,14.9894,13.5694,13.8244,48595314.0
2020-03-04,14.3144,14.3694,13.8294,14.3644,24484539.0
2020-03-05,13.6944,13.7994,13.1344,13.5094,29387322.0
2020-03-06,12.7444,12.9394,11.9244,12.2444,61517408.0
2020-03-09,8.5294,9.2094,7.8594,7.9644,66556947.0
2020-03-10,9.3294,9.4044,7.6744,8.7694,48431137.0
2020-03-11,8.2194,8.5194,7.5594,7.8294,43492869.0
2020-03-12,6.5894,6.9944,5.6844,5.7294,38829069.0
2020-03-13,6.9744,7.1044,5.3944,7.0894,34098421.0
2020-03-16,4.9694,6.5494,4.8294,4.8994,40233594.0
2020-03-17,5.0344,5.5844,4.4694,4.9944,45443564.0
2020-03-18,4.0144,4.2844,2.4344,2.9844,52135809.0
2020-03-19,3.1594,3.8494,2.4844,3.7994,52226458.0
2020-03-20,4.1244,4.4144,3.3744,3.9244,58357226.0
2020-03-23,3.8423,3.9223,2.8523,3.0623,48260209.0
2020-03-24,3.9773,5.0223,3.9773,4.9523,44511075.0
2020-03-25,5.2523,6.2773,4.6473,5.5973,52434902.0
2020-03-26,5.7423,6.7773,5.5623,6.4723,46918069.0
2020-03-27,5.8373,5.8823,5.3573,5.4423,36528419.0
2020-03-30,5.2523,5.7123,4.8223,5.5873,42127400.0
2020-03-31,5.9873,6.2773,5.5173,5.8073,34350607.0
2020-04-01,5.3373,5.5173,4.8923,5.0873,23826458.0
2020-04-02,5.7823,7.1573,5.4073,6.3523,73128147.0
2020-04-03,6.8273,6.9323,5.7673,6.1923,63834325.0
2020-04-06,6.5273,7.0873,6.3223,6.9823,38020723.0
2020-04-07,7.7573,8.2123,7.2873,7.3173,51509497.0
2020-04-08,7.6573,8.4423,7.5223,8.3873,41905812.0
2020-04-09,9.0473,9.5073,7.5873,8.2323,91381541.0
2020-04-13,8.8223,8.8873,7.9073,8.1773,33842840.0
2020-04-14,8.2623,8.4673,7.9873,8.0973,36324070.0
2020-04-15,7.4273,7.4673,6.8073,7.3073,36710536.0
2020-04-16,7.2673,7.3173,6.6023,6.6223,32302898.0
2020-04-17,6.9423,8.2723,6.9323,8.2523,45853438.0
2020-04-20,7.2523,8.3273,7.1673,7.7223,56394974.0
2020-04-21,7.2473,7.7273,6.9723,7.4323,60430757.0
2020-04-22,8.1623,8.2723,7.7823,8.0073,36894144.0
2020-04-23,8.5173,8.9523,8.3473,8.5473,41603647.0
2020-04-24,8.8923,9.0473,8.3123,8.5873,32441516.0
2020-04-27,8.4573,9.0873,8.0673,8.9623,23288037.0
2020-04-28,9.2273,9.4773,8.9373,9.3673,29569013.0
2020-04-29,9.9623,10.7723,9.9473,10.7073,35537494.0
2020-04-30,10.8173,10.8173,9.9973,10.2773,42020062.0
2020-05-01,9.8873,10.0273,8.9823,9.2023,29265931.0
2020-05-04,8.8723,9.8373,8.7873,9.8223,26390227.0
2020-05-05,10.5823,10.7373,9.7723,9.8373,34366717.0
2020-05-06,9.9273,10.0873,9.3373,9.3523,23675053.0
2020-05-07,9.8623,10.1723,9.6923,9.8223,24240499.0
2020-05-08,10.2573,10.6773,10.1473,10.6673,24840580.0
2020-05-11,10.5373,10.5923,10.2373,10.3273,23265662.0
2020-05-12,10.5173,10.5423,9.9673,9.9923,28064487.0
2020-05-13,9.8673,9.8923,9.0123,9.1423,34497444.0
2020-05-14,8.8273,9.5123,8.4273,9.3423,30984194.0
2020-05-15,9.3473,9.7223,9.1123,9.2723,27213861.0
2020-05-18,10.3023,10.8673,10.2523,10.7423,36597396.0
2020-05-19,10.7673,10.8273,10.1823,10.1973,26970315.0
2020-05-20,10.5873,10.9873,10.4873,10.9523,27260646.0
2020-05-21,11.0123,11.0923,10.4823,10.6373,28120869.0
2020-05-22,10.4823,10.5373,10.1223,10.5173,19247501.0
2020-05-26,11.1323,11.2573,11.0023,11.0523,37444281.0
2020-05-27,11.3423,11.4573,10.7473,11.3073,35612830.0
2020-05-28,11.3573,11.3573,10.6523,10.7473,27179408.0
2020-05-29,10.5773,10.8023,10.2523,10.6573,35754826.0
2020-06-01,10.6273,11.1073,10.3673,10.9973,23869771.0
2020-06-02,11.2123,11.5673,11.1873,11.5473,25159234.0
2020-06-03,11.8673,12.2373,11.8273,12.1423,27300871.0
2020-06-04,12.0273,12.2273,11.7273,12.1473,27424720.0
2020-06-05,13.1923,13.9023,13.1723,13.6973,50196696.0
2020-06-08,14.5123,14.7173,13.9923,14.7073,47534714.0
2020-06-09,13.9573,14.0223,13.5173,13.8273,43699499.0
2020-06-10,13.6173,13.6373,12.7073,12.7173,40488452.0
2020-06-11,11.2223,11.7973,10.6323,10.6973,48152242.0
2020-06-12,11.5523,11.6973,10.6473,11.1873,42817532.0
2020-06-15,10.3373,11.4523,10.1273,11.2473,32852798.0
2020-06-16,12.1973,12.2273,11.2373,11.8223,32046700.0
2020-06-17,11.7423,11.7473,11.1173,11.1223,23368029.0
2020-06-18,10.9223,11.5873,10.8023,11.3673,18468934.0
2020-06-19,11.9923,11.9973,11.0423,11.0623,26967088.0
2020-06-22,10.9678,11.2178,10.7378,11.1528,19448200.0
2020-06-23,11.4478,11.4978,11.1128,11.1728,14805831.0
2020-06-24,10.8678,10.8728,9.9578,10.0828,32362974.0
2020-06-25,9.9078,10.5078,9.8128,10.4378,24017220.0
2020-06-26,10.3028,10.3028,9.6978,9.7828,33861103.0
2020-06-29,9.8278,10.1878,9.7478,10.0278,19452815.0
2020-06-30,9.8778,10.5628,9.6878,10.4528,20943436.0
2020-07-01,10.5278,10.7828,9.9678,9.9928,24573415.0
2020-07-02,10.3728,10.6328,10.1578,10.1978,20779169.0
2020-07-06,10.5278,10.6628,10.0178,10.2528,22542171.0
2020-07-07,10.0178,10.0428,9.6278,9.6578,20910910.0
2020-07-08,9.6578,9.9378,9.4928,9.6428,20650858.0
2020-07-09,9.5628,9.6128,8.7278,8.7478,30543584.0
2020-07-10,8.6478,9.3178,8.6478,9.2978,25227968.0
2020-07-13,9.4628,9.5328,9.0678,9.2028,37223780.0
2020-07-14,9.0828,9.8578,9.0328,9.8228,34221117.0
2020-07-15,10.2878,10.3378,9.9428,10.2178,25902534.0
2020-07-16,10.0928,10.3728,9.8578,10.1328,18822756.0
2020-07-17,10.1928,10.3978,9.7928,9.8728,17716903.0
2020-07-20,9.8078,10.0178,9.5528,9.5678,20076519.0
2020-07-21,9.8778,10.8028,9.8528,10.6578,36188840.0
2020-07-22,10.4528,10.4528,10.1478,10.4228,19621693.0
2020-07-23,10.3578,10.4828,10.1478,10.3878,21043891.0
2020-07-24,10.3878,10.6678,10.2128,10.2828,19950569.0
2020-07-27,10.2578,10.3878,10.0228,10.3028,18230986.0
2020-07-28,10.1928,10.3728,9.9328,9.9828,17776886.0
2020-07-29,10.0328,10.3828,9.9078,10.3678,17215023.0
2020-07-30,9.9728,9.9828,9.4678,9.6278,32833724.0
2020-07-31,9.3528,9.5628,9.1778,9.5428,24774420.0
2020-08-03,9.5378,9.7078,9.3878,9.6078,21105539.0
2020-08-04,9.5478,10.0878,9.5328,10.0478,22572126.0
2020-08-05,10.4128,10.4778,10.0728,10.2428,30763500.0
2020-08-06,10.1378,10.3078,10.0228,10.0928,19190742.0
2020-08-07,9.9278,10.1628,9.7128,10.1178,18376577.0
2020-08-10,10.2578,10.7028,10.2128,10.6928,26308068.0
2020-08-11,11.0678,11.2928,10.5378,10.6278,26513139.0
2020-08-12,10.9178,11.0428,10.6128,10.8178,25533871.0
2020-08-13,10.6628,10.8228,10.3978,10.4428,15761049.0
2020-08-14,10.2928,10.6528,10.2228,10.6228,13279662.0
2020-08-17,10.6278,10.6378,10.4078,10.5128,14255817.0
2020-08-18,10.4428,10.6278,10.2178,10.2728,14348766.0
2020-08-19,10.2578,10.3428,9.9978,10.0578,14793943.0
2020-08-20,9.7828,9.9028,9.6528,9.6578,19107685.0
2020-08-21,9.5878,9.6228,9.3728,9.5428,17347787.0
2020-08-24,9.6528,10.1678,9.5478,10.0378,24826985.0
2020-08-25,10.1378,10.1628,9.6878,9.7778,20118545.0
2020-08-26,9.7528,9.7528,9.3678,9.3928,18001223.0
2020-08-27,9.3978,9.5478,9.2078,9.4278,22259652.0
2020-08-28,9.4978,9.8028,9.4078,9.7478,14575050.0
2020-08-31,9.7728,9.7978,9.3528,9.3528,18791540.0
2020-09-01,9.2728,9.3128,9.0128,9.2328,18260946.0
2020-09-02,9.2278,9.3328,9.0378,9.1478,23850473.0
2020-09-03,9.1128,9.4778,8.9128,9.0178,39442315.0
2020-09-04,9.1978,9.3178,8.7478,8.9628,34341015.0
2020-09-08,8.6328,8.7128,8.1378,8.3278,49218848.0
2020-09-09,8.5178,8.6128,8.3828,8.4428,24977619.0
2020-09-10,8.4928,8.5128,7.7928,7.8228,37003339.0
2020-09-11,7.8578,7.9428,7.7028,7.8378,25397272.0
2020-09-14,7.8828,8.1128,7.7678,7.9628,19444213.0
2020-09-15,8.0728,8.2228,7.7978,7.8428,25610440.0
2020-09-16,7.9878,8.7178,7.8478,8.4978,35899018.0
2020-09-17,8.2278,8.5378,8.0628,8.5228,22356743.0
2020-09-18,8.5128,8.5278,8.1628,8.3328,26406373.0
2020-09-21,7.9296,7.9696,7.5146,7.7846,30719575.0
2020-09-22,7.7946,8.0496,7.5896,7.6196,22348723.0
2020-09-23,7.6796,7.7396,6.8846,6.9046,26484596.0
2020-09-24,6.8496,7.1746,6.5696,6.8996,35243784.0
2020-09-25,6.7446,7.0046,6.6496,6.8896,27558431.0
2020-09-28,7.1646,7.4146,7.1446,7.2446,26375971.0
2020-09-29,7.1996,7.2346,6.6696,6.8196,23801491.0
2020-09-30,6.9146,7.0896,6.7046,6.7746,24574493.0
2020-10-01,6.6096,6.6746,6.2246,6.3146,28365245.0
2020-10-02,5.9246,6.5796,5.8996,6.4546,28705210.0
2020-10-05,6.5846,6.9046,6.5496,6.8946,31572227.0
2020-10-06,7.1146,7.1996,6.6296,6.6696,31111551.0
2020-10-07,6.7546,6.9196,6.5846,6.8796,21043019.0
2020-10-08,7.0046,7.4546,6.9346,7.4446,30563066.0
2020-10-09,7.5846,7.6246,7.1696,7.1946,25517943.0
2020-10-12,7.1446,7.2896,6.9846,7.2346,16684603.0
2020-10-13,7.2346,7.3246,6.9496,6.9946,25383766.0
2020-10-14,7.0296,7.4146,6.9996,7.0596,27245479.0
2020-10-15,6.7996,7.2496,6.6646,7.2446,20360584.0
2020-10-16,7.2146,7.2346,6.8696,6.8946,18711488.0
2020-10-19,6.9496,7.0246,6.5596,6.5746,25186046.0
2020-10-20,6.6596,6.8796,6.5596,6.7496,22993784.0
2020-10-21,6.6646,6.7496,6.4596,6.4646,24657633.0
2020-10-22,6.4896,7.0896,6.3946,7.0696,32827709.0
2020-10-23,7.1496,7.2396,6.8046,6.9946,24987726.0
2020-10-26,6.7346,6.7546,6.3046,6.4496,30400969.0
2020-10-27,6.4346,6.4396,6.2246,6.2596,21596759.0
2020-10-28,5.9046,5.9946,5.5746,5.6546,40549086.0
2020-10-29,5.4746,6.1246,5.2896,6.0796,37252105.0
2020-10-30,5.9796,6.1696,5.8146,6.1596,37903718.0
2020-11-02,6.3546,6.8446,6.0846,6.6496,41893111.0
2020-11-03,6.8996,6.9096,6.4296,6.5646,34877454.0
2020-11-04,6.5846,6.9396,6.1846,6.5846,43613651.0
2020-11-05,6.6046,6.8796,6.5546,6.5846,31795761.0
2020-11-06,6.5846,6.8046,6.2046,6.2646,33223222.0
2020-11-09,7.9996,8.6946,6.2596,8.3296,99356706.0
2020-11-10,8.6396,8.8646,8.2896,8.8646,73338096.0
2020-11-11,9.0496,9.0846,8.5296,8.6896,46542504.0
2020-11-12,8.3946,8.6296,7.9696,8.1446,38598610.0
2020-11-13,8.2696,8.8246,8.2496,8.7396,39440989.0
2020-11-16,9.4596,9.8946,9.2446,9.8546,47932662.0
2020-11-17,9.6196,10.0496,9.3846,10.0396,39010057.0
2020-11-18,10.1946,10.2646,9.5096,9.5096,41000176.0
2020-11-19,9.3846,9.8346,9.2046,9.7996,32936212.0
2020-11-20,9.7546,9.8346,9.5796,9.7046,19753247.0
2020-11-23,9.9846,10.9946,9.9646,10.9696,38162335.0
2020-11-24,11.6146,12.0096,11.4396,11.9546,53466025.0
2020-11-25,11.8246,11.8246,11.3746,11.4846,35676170.0
2020-11-27,11.3746,11.5346,11.0996,11.2546,18755356.0
2020-11-30,11.0396,11.0646,10.1496,10.1796,41543555.0
2020-12-01,10.6896,10.7946,10.2346,10.2646,34479474.0
2020-12-02,10.2046,11.1546,10.1446,10.8646,37741795.0
2020-12-03,10.9496,11.2996,10.7546,11.0646,36487667.0
2020-12-04,11.4146,12.1296,11.4146,12.1146,51850225.0
2020-12-07,11.8746,11.9196,11.4496,11.6396,34656603.0
2020-12-08,11.3946,12.1346,11.3896,11.9346,28927347.0
2020-12-09,12.1396,12.4696,11.7346,11.9796,43345886.0
2020-12-10,12.0046,12.8396,11.9496,12.5996,38802190.0
2020-12-11,12.4596,12.4646,12.0696,12.3596,28076100.0
2020-12-14,12.6746,12.6796,11.5696,11.6396,39942167.0
2020-12-15,11.7496,12.1296,11.5646,12.0296,29345761.0
2020-12-16,12.0796,12.1546,11.7896,11.9296,23814426.0
2020-12-17,12.1096,12.1146,11.7146,11.8346,23181694.0
2020-12-18,11.7946,11.9046,11.3446,11.4996,36570153.0
2020-12-21,10.7647,11.2897,10.5697,11.1247,40079448.0
2020-12-22,11.0847,11.1497,10.7847,10.8047,25104196.0
2020-12-23,10.9647,11.4847,10.9597,11.2197,26965905.0
2020-12-24,11.2447,11.2447,10.9297,11.1197,11451452.0
2020-12-28,11.1897,11.4297,10.9447,10.9997,18912276.0
2020-12-29,11.1147,11.1697,10.7847,10.8747,18984254.0
2020-12-30,10.8897,11.3497,10.8447,11.1697,28218307.0
2020-12-31,11.0847,11.1647,10.9247,11.0097,18154851.0
2021-01-04,11.2297,11.3897,10.8147,11.0397,33855195.0
2021-01-05,11.2447,12.4097,11.2297,11.8897,47736719.0
2021-01-06,12.2797,12.6847,12.0197,12.4947,43131366.0
2021-01-07,12.6747,13.0047,12.4597,12.7947,25728595.0
2021-01-08,13.0597,13.0597,12.6047,12.7697,31371973.0
2021-01-11,12.3197,13.1797,12.2047,13.0947,23451593.0
2021-01-12,13.3497,13.9447,13.1897,13.8297,43973639.0
2021-01-13,13.9047,13.9147,13.4947,13.6597,27382210.0
2021-01-14,13.7947,14.5597,13.7747,14.2997,41657302.0
2021-01-15,13.9047,13.9097,13.2247,13.4347,47748499.0
2021-01-19,13.6947,14.0147,13.6247,13.8647,27809736.0
2021-01-20,14.0497,14.1047,13.7297,13.9447,25362807.0
2021-01-21,13.8247,13.9347,13.0097,13.2047,29995048.0
2021-01-22,12.7397,13.1547,12.5697,13.0947,25222345.0
2021-01-25,12.8647,12.9447,12.4997,12.8797,40911640.0
2021-01-26,13.0647,13.3797,12.4247,12.4347,27499841.0
2021-01-27,12.0997,12.7197,11.8147,12.1597,49933611.0
2021-01-28,12.3247,12.6397,12.1397,12.3947,28624097.0
2021-01-29,12.1097,12.3697,11.6497,11.7197,31534480.0
2021-02-01,11.9597,12.0597,11.5297,11.8597,30510700.0
2021-02-02,12.3347,12.5547,12.0747,12.0747,31964506.0
2021-02-03,12.1797,12.9847,12.1047,12.9297,37192842.0
2021-02-04,13.0847,13.1647,12.7147,13.1597,24163900.0
2021-02-05,13.4897,13.5597,13.2797,13.3397,24098229.0
2021-02-08,13.6497,14.3347,13.6297,14.2297,31184121.0
2021-02-09,14.0547,14.1247,13.7047,13.9947,32399363.0
2021-02-10,14.0697,14.4347,13.9297,14.4147,29225494.0
2021-02-11,14.3447,14.3497,13.6047,14.0697,24816343.0
2021-02-12,13.9147,14.4147,13.8747,14.3947,23700434.0
2021-02-16,14.9097,15.2197,14.7947,14.9547,38296698.0
2021-02-17,15.1897,15.4447,14.8547,15.2947,34535375.0
2021-02-18,15.1947,15.2397,14.6997,14.7697,30680058.0
2021-02-19,14.7997,15.2397,14.7747,15.1497,27202087.0
2021-02-22,15.3047,16.2947,15.2647,15.9497,37822251.0
2021-02-23,16.2347,16.4147,15.3147,16.3447,49185420.0
2021-02-24,16.5047,17.3497,16.2997,17.2047,38874435.0
2021-02-25,17.4647,17.4647,16.5497,16.7197,37943918.0
2021-02-26,16.3897,16.4597,15.4247,16.1347,45154407.0
2021-03-01,16.7697,17.0997,16.5897,16.7597,34695790.0
2021-03-02,16.8497,17.0497,16.6097,16.6247,37234094.0
2021-03-03,16.8047,17.5497,16.7997,16.9847,41287218.0
2021-03-04,17.2097,18.0397,16.9747,17.5797,53786915.0
2021-03-05,18.3047,18.5947,17.6497,18.5347,56197882.0
2021-03-08,18.7947,18.9347,18.1997,18.5847,50305048.0
2021-03-09,18.4347,18.8147,17.9347,18.1197,59444769.0
2021-03-10,18.1597,18.8697,18.0347,18.7797,39208269.0
2021-03-11,18.8347,19.2447,18.7297,18.7897,25398699.0
2021-03-12,18.8397,19.0847,18.6447,18.8447,29893370.0
2021-03-15,18.7847,18.8597,18.2197,18.5397,30245850.0
2021-03-16,18.0997,18.1247,17.6247,17.7847,38643535.0
2021-03-17,17.7097,18.1097,17.4897,17.9847,32276128.0
2021-03-18,17.7547,17.8697,16.7147,16.8197,43603550.0
2021-03-19,16.8097,17.2347,16.4897,16.8247,40579252.0
2021-03-22,16.7696,16.8646,16.5396,16.5896,29780870.0
2021-03-23,16.0996,16.7696,15.9496,16.2346,51598108.0
2021-03-24,16.5996,17.1646,16.5996,16.8346,40815358.0
2021-03-25,16.4246,16.9946,16.0346,16.9246,40335130.0
2021-03-26,17.3696,17.5696,17.0846,17.5346,36174313.0
2021-03-29,17.3196,17.4496,16.9296,17.2346,23643070.0
2021-03-30,16.9796,17.2846,16.8346,17.0196,26696132.0
2021-03-31,16.9696,17.0796,16.7546,16.8496,24048696.0
2021-04-01,16.9596,17.4846,16.8296,17.4746,32519753.0
2021-04-05,17.4246,17.4296,16.7296,16.8746,26686143.0
2021-04-06,16.9946,17.3246,16.7696,16.8096,26628902.0
2021-04-07,16.8196,17.0196,16.7296,16.8946,24944345.0
2021-04-08,16.7196,16.7246,16.2946,16.5746,31883327.0
2021-04-09,16.5696,16.7796,16.3046,16.4146,22186742.0
2021-04-12,16.6246,16.7996,16.1396,16.2246,19598134.0
2021-04-13,16.1846,16.3796,16.0096,16.2496,22412666.0
2021-04-14,16.4596,17.2396,16.4346,16.9146,33383929.0
2021-04-15,16.9446,16.9446,16.6146,16.7146,24843124.0
2021-04-16,16.8946,16.9546,16.4196,16.5196,28594505.0
2021-04-19,16.5696,16.7496,16.2596,16.4946,20413942.0
2021-04-20,16.4096,16.4446,15.6146,15.8546,36286963.0
2021-04-21,15.5546,16.2396,15.4446,16.1546,28495529.0
2021-04-22,16.2696,16.2796,15.7946,15.8746,25031447.0
2021-04-23,15.8946,16.1946,15.7546,16.0896,16952371.0
2021-04-26,15.9996,16.4296,15.9996,16.2496,17945890.0
2021-04-27,16.3396,16.6246,16.2296,16.5396,21134436.0
2021-04-28,16.7196,17.4696,16.6996,17.3746,32936985.0
2021-04-29,17.7346,17.9646,17.3446,17.6546,33021248.0
2021-04-30,17.2946,17.6396,16.9596,17.0146,29259482.0
2021-05-03,17.2996,17.7596,17.2196,17.6946,22870043.0
2021-05-04,17.7446,17.9346,17.4196,17.7096,26958756.0
2021-05-05,18.0246,18.6096,18.0246,18.5296,23166537.0
2021-05-06,18.5246,18.6646,18.0396,18.6646,29355230.0
2021-05-07,18.3946,19.1796,18.2996,19.1346,31598117.0
2021-05-10,19.4696,19.8896,19.1246,19.1446,34499000.0
2021-05-11,18.5846,18.9596,18.2246,18.4546,56765912.0
2021-05-12,18.5896,19.3546,18.4596,18.5796,41097761.0
2021-05-13,18.2646,18.7446,17.9096,18.2596,39849065.0
2021-05-14,18.5446,19.1646,18.5446,19.0646,28591832.0
2021-05-17,18.9696,19.6946,18.9296,19.6846,33702063.0
2021-05-18,19.6446,19.7446,18.9996,19.0496,35217682.0
2021-05-19,18.4246,18.6796,18.0196,18.3846,43984817.0
2021-05-20,18.3746,18.4646,17.9746,18.3446,28261328.0
2021-05-21,18.6046,18.7896,18.3796,18.3996,25269890.0
2021-05-24,18.5796,18.7196,18.2846,18.6596,24010194.0
2021-05-25,18.5946,18.6646,18.0846,18.1246,24279253.0
2021-05-26,18.1496,18.4496,18.0296,18.3546,19777242.0
2021-05-27,18.4596,18.6946,18.2296,18.3746,19526767.0
2021-05-28,18.5196,18.5546,18.2846,18.4246,18565492.0
2021-06-01,18.9396,19.4896,18.9246,19.4296,36285148.0
2021-06-02,19.5946,20.0646,19.2746,19.9346,33946723.0
2021-06-03,19.8196,20.1646,19.6446,20.0096,29380829.0
2021-06-04,20.1896,20.3096,19.7846,20.1946,26329405.0
2021-06-07,20.1896,20.3596,20.0346,20.0746,20035194.0
2021-06-08,19.9796,20.3646,19.6496,20.3146,28776500.0
2021-06-09,20.3946,20.5146,20.1246,20.1396,28026119.0
2021-06-10,20.5146,20.6446,19.8096,20.1046,28676949.0
2021-06-11,20.2046,20.3596,19.9746,20.0096,19045746.0
2021-06-14,20.1096,20.2796,19.6646,19.8896,18872546.0
2021-06-15,20.0646,20.4896,19.9946,20.4146,32142515.0
2021-06-16,20.3696,20.5946,20.0196,20.2646,30393166.0
2021-06-17,20.1946,20.4296,18.9496,19.3146,53470931.0
2021-06-18,18.7496,19.0846,18.4946,18.5146,56906115.0
2021-06-21,18.7298,19.6698,18.7298,19.6198,42183379.0
2021-06-22,19.5548,19.9048,19.2598,19.7998,24172168.0
2021-06-23,20.0498,20.3598,19.8248,19.8748,20276486.0
2021-06-24,19.9998,20.1298,19.7348,20.1098,20878398.0
2021-06-25,20.1848,20.2698,20.0298,20.2548,19164970.0
2021-06-28,20.1348,20.1498,19.2098,19.3198,32851447.0
2021-06-29,19.4798,19.6298,19.1548,19.1898,15955477.0
2021-06-30,19.2698,19.5998,19.2448,19.5198,23517024.0
2021-07-01,20.1348,20.2198,19.7348,19.9898,23625827.0
2021-07-02,19.8748,20.0198,19.6398,19.9298,15235946.0
2021-07-06,19.8398,19.8898,18.9298,19.0398,34223122.0
2021-07-07,18.9998,19.2448,18.3198,18.6098,30411932.0
2021-07-08,18.1498,18.7048,18.0598,18.4598,24689883.0
2021-07-09,18.7898,19.0298,18.4848,19.0098,25603035.0
2021-07-12,18.7098,19.1298,18.5248,18.9698,20676528.0
2021-07-13,18.8398,19.0048,18.6148,18.7698,24893404.0
2021-07-14,18.8498,19.1548,17.8898,17.9898,33499696.0
2021-07-15,17.7148,18.0198,17.5148,17.6348,29835401.0
2021-07-16,17.8248,17.8348,16.8798,16.9248,37126896.0
2021-07-19,16.0948,16.3998,15.7348,16.0648,57497409.0
2021-07-20,16.0748,16.6298,15.8748,16.3798,41671023.0
2021-07-21,16.8498,17.4098,16.7948,17.2098,41021322.0
2021-07-22,17.1848,17.1848,16.7248,16.9348,23635028.0
2021-07-23,17.0148,17.0248,16.5998,16.8448,23475941.0
2021-07-26,16.9048,17.5448,16.8598,17.4448,23633103.0
2021-07-27,17.2498,17.2898,16.9248,17.2148,23444182.0
2021-07-28,17.2798,17.6448,17.0548,17.4398,19584641.0
2021-07-29,17.7598,17.8698,17.5298,17.6798,21897010.0
2021-07-30,17.6298,17.7348,17.1298,17.2798,24800341.0
2021-08-02,17.2948,17.8948,17.0548,17.0948,28905400.0
2021-08-03,17.0148,17.5648,16.7848,17.5148,32151045.0
2021-08-04,17.0648,17.3698,16.8048,16.8398,32261915.0
2021-08-05,16.9898,17.4148,16.8848,17.1148,22899994.0
2021-08-06,17.3248,17.5348,17.2048,17.3398,18107380.0
2021-08-09,17.0098,17.1848,16.8248,16.9898,21096707.0
2021-08-10,17.1198,17.4848,17.0898,17.4198,26641536.0
2021-08-11,17.3548,17.6598,17.1998,17.6148,23843077.0
2021-08-12,17.5948,17.7298,17.2848,17.5898,18269054.0
2021-08-13,17.6048,17.6048,17.2348,17.2948,16525361.0
2021-08-16,16.9598,16.9698,16.6248,16.8398,24129911.0
2021-08-17,16.6048,16.9798,16.3748,16.5898,25554106.0
2021-08-18,16.5848,16.7748,16.0598,16.0898,28152884.0
2021-08-19,15.6848,15.8348,15.1548,15.4798,49628129.0
2021-08-20,15.2698,15.6748,15.1698,15.5298,30793775.0
2021-08-23,16.0848,16.4548,16.0348,16.3898,29352209.0
2021-08-24,16.5898,16.9098,16.5498,16.7848,22691060.0
2021-08-25,16.7348,17.1048,16.5748,16.9698,19908774.0
2021-08-26,16.8298,16.9648,16.5598,16.5998,20732666.0
2021-08-27,16.8998,17.4048,16.8448,17.2398,23101326.0
2021-08-30,17.3348,17.4298,16.9398,16.9498,15908886.0
2021-08-31,16.8298,17.0498,16.7248,16.7848,26936587.0
2021-09-01,16.7598,16.8998,16.3398,16.4298,31729917.0
2021-09-02,16.6498,17.2298,16.6498,17.0348,30821648.0
2021-09-03,16.9848,17.1648,16.7798,16.8948,19583983.0
2021-09-07,16.7798,17.0848,16.6598,16.7498,21240800.0
2021-09-08,16.8848,17.0448,16.4248,16.4398,21899152.0
2021-09-09,16.2798,16.8648,16.1548,16.4898,25264757.0
2021-09-10,16.8598,16.9098,16.4048,16.4798,18756543.0
2021-09-13,16.7898,17.3298,16.7898,17.1648,34249834.0
2021-09-14,17.3848,17.4298,16.7048,16.8098,29467876.0
2021-09-15,17.1548,17.7348,17.1148,17.7148,38347479.0
2021-09-16,17.6898,17.6948,17.2948,17.4298,30321859.0
2021-09-17,17.3048,17.6948,17.1798,17.2448,32229525.0
2021-09-20,16.6557,16.7857,16.1157,16.5007,42830011.0
2021-09-21,16.7807,16.9057,16.3057,16.5557,25661747.0
2021-09-22,16.9557,17.5707,16.9557,17.2857,39626065.0
2021-09-23,17.4207,18.2157,17.3057,18.1407,24867147.0
2021-09-24,18.0057,18.4607,17.9557,18.3307,27751526.0
2021-09-27,18.8907,19.3407,18.8557,19.2357,40848684.0
2021-09-28,19.4857,19.7957,19.2657,19.3257,66487649.0
2021-09-29,19.3007,19.4907,18.9757,19.3257,34947178.0
2021-09-30,19.2507,19.3957,18.9257,18.9257,44599415.0
2021-10-01,19.1157,19.8257,19.1157,19.8007,41656005.0
2021-10-04,20.0907,20.5407,19.9657,20.2407,57407887.0
2021-10-05,20.6307,20.9057,20.1157,20.4007,49014807.0
2021-10-06,19.9457,20.2607,19.6307,20.1107,50087432.0
2021-10-07,20.1807,20.4707,20.0457,20.3207,38798075.0
2021-10-08,20.6107,21.2307,20.5457,21.1657,43100213.0
2021-10-11,21.5907,21.6757,21.0357,21.0607,43010749.0
2021-10-12,21.0057,21.3557,20.8907,21.0857,35519131.0
2021-10-13,20.8807,21.2057,20.5657,21.0607,28951265.0
2021-10-14,21.3807,21.5257,21.1207,21.4057,23396112.0
2021-10-15,21.7257,21.8357,21.5307,21.5457,22677414.0
2021-10-18,21.8257,21.9857,21.4057,21.5657,32628772.0
2021-10-19,21.6857,21.9907,21.5307,21.8907,22276253.0
2021-10-20,21.6707,22.1307,21.5557,22.1257,25106257.0
2021-10-21,21.9007,22.0057,21.3507,21.5857,32120878.0
2021-10-22,21.6907,21.8807,21.4207,21.8557,21502534.0
2021-10-25,22.2107,22.4407,22.0557,22.2807,25056090.0
2021-10-26,22.3807,22.5857,22.2707,22.4507,22751590.0
2021-10-27,22.1307,22.2907,21.5357,21.6007,34003784.0
2021-10-28,21.4457,21.8307,21.4407,21.8057,23367503.0
2021-10-29,21.9507,22.0157,21.4957,21.6157,21998929.0
2021-11-01,21.9007,22.1907,21.8207,22.1107,24828366.0
2021-11-02,21.9407,22.1657,21.7407,21.8357,17062698.0
2021-11-03,21.4857,21.8957,21.3657,21.5957,23337358.0
2021-11-04,22.0207,22.0957,21.3757,21.6357,38181610.0
2021-11-05,22.0307,22.1407,21.7707,22.0107,22603513.0
2021-11-08,22.2557,22.5807,22.1157,22.2757,20011158.0
2021-11-09,22.3107,22.4057,21.8907,22.3957,19688987.0
2021-11-10,22.2707,22.3657,21.4457,21.6157,36016457.0
2021-11-11,21.6357,21.9207,21.6357,21.7257,24498285.0
2021-11-12,21.6057,21.7707,21.4807,21.6557,17094986.0
2021-11-15,21.6307,22.0657,21.3857,21.8957,21375656.0
2021-11-16,21.9807,22.1757,21.8007,21.9407,20479415.0
2021-11-17,21.6557,22.0707,21.3957,21.4957,23669489.0
2021-11-18,21.4307,21.6557,20.9807,21.3257,28955461.0
2021-11-19,20.7107,20.7857,20.1557,20.2157,45689812.0
2021-11-22,20.1757,21.1207,20.1707,20.7007,33897329.0
2021-11-23,21.0657,21.6507,21.0407,21.5557,33863649.0
2021-11-24,21.4057,22.0007,21.3657,21.8357,21434324.0
2021-11-26,20.4007,20.7607,19.9507,20.6707,44727231.0
2021-11-29,21.2757,21.5607,20.7407,20.8307,35441220.0
2021-11-30,20.3057,20.7207,20.0407,20.1757,46261967.0
2021-12-01,20.8157,21.0707,19.8707,19.8857,44799676.0
2021-12-02,19.9007,20.7707,19.5807,20.6707,50371910.0
2021-12-03,21.0457,21.1707,20.1857,20.4507,37940112.0
2021-12-06,20.8757,21.1907,20.5307,20.8607,31969547.0
2021-12-07,21.2507,21.7857,21.2157,21.5157,36843346.0
2021-12-08,21.6757,21.8157,21.4507,21.5107,23514986.0
2021-12-09,21.3307,21.4057,21.1157,21.2907,23399407.0
2021-12-10,21.5957,21.6157,20.9907,21.5007,19525626.0
2021-12-13,21.2457,21.3307,20.5707,20.7057,28603968.0
2021-12-14,20.5357,21.0157,20.4957,20.5907,28798849.0
2021-12-15,20.5507,20.6207,19.8407,20.4557,33858091.0
2021-12-16,20.6957,21.2007,20.5857,20.6307,26865904.0
2021-12-17,20.4307,20.5557,19.8207,20.0657,34834574.0
2021-12-20,19.3432,19.7532,19.0582,19.7332,36330793.0
2021-12-21,20.0032,20.5882,19.9932,20.4882,25159686.0
2021-12-22,20.5182,20.8482,20.1882,20.6632,21103076.0
2021-12-23,20.7832,21.0582,20.6682,20.6782,16685276.0
2021-12-27,20.5882,21.3032,20.3582,21.2782,21742156.0
2021-12-28,21.3482,21.5332,21.1032,21.2582,17940733.0
2021-12-29,21.2132,21.3482,20.9432,21.0782,15109066.0
2021-12-30,21.0882,21.3082,20.8832,20.9082,13589987.0
2021-12-31,20.8382,21.1232,20.7932,20.9782,13241176.0
2022-01-03,21.0182,21.8832,21.0032,21.8382,32527141.0
2022-01-04,22.2282,22.9432,22.1332,22.8282,39978797.0
2022-01-05,23.1182,23.4482,22.7782,22.8232,45402016.0
2022-01-06,23.5182,23.6532,23.0582,23.4832,37340673.0
2022-01-07,23.5982,23.9782,23.3882,23.8982,35584587.0
2022-01-10,23.9682,24.0282,23.4032,23.8032,33236482.0
2022-01-11,24.0682,24.8982,23.8082,24.8432,38443870.0
2022-01-12,25.0132,25.0982,24.6732,24.9032,30248350.0
2022-01-13,24.9032,25.1582,24.6132,24.7432,29776988.0
2022-01-14,24.7732,25.5332,24.7532,25.4832,32400471.0
2022-01-18,25.8282,25.9932,25.1182,25.6132,41091165.0
2022-01-19,25.8632,25.8982,25.1232,25.3782,32989028.0
2022-01-20,25.1682,25.9382,25.0182,25.0832,41990402.0
2022-01-21,24.7232,24.9232,24.1232,24.4532,57269777.0
2022-01-24,23.7132,24.7732,23.1482,24.6632,62294641.0
2022-01-25,24.5432,26.0032,23.9632,25.8832,59217211.0
2022-01-26,26.2282,26.4932,25.4732,25.8282,65362736.0
2022-01-27,26.4032,26.7582,25.6382,26.1832,54450687.0
2022-01-28,25.9632,26.3632,25.3582,26.0432,52651198.0
2022-01-31,25.9682,26.3982,25.4482,26.1882,31649182.0
2022-02-01,25.9932,27.4432,25.9182,27.3632,45222321.0
2022-02-02,27.1882,27.5382,26.7682,27.4732,32598533.0
2022-02-03,27.3332,27.4032,26.7782,27.1482,30981274.0
2022-02-04,27.5782,28.2282,27.4982,27.6782,40866724.0
2022-02-07,27.5132,28.4432,27.2532,28.1182,32582458.0
2022-02-08,28.0132,28.0832,27.1282,27.3682,37882124.0
2022-02-09,27.4482,27.9182,27.3632,27.6532,35395715.0
2022-02-10,27.4832,28.0982,27.2132,27.4382,37821621.0
2022-02-11,27.6682,28.4782,27.4532,28.4332,46517005.0
2022-02-14,28.2182,28.2582,27.1932,27.6032,49816495.0
2022-02-15,26.7582,27.3232,26.5682,27.2432,43072396.0
2022-02-16,27.5132,28.1132,27.3082,27.5182,36722109.0
2022-02-17,27.4882,27.8232,27.1982,27.4632,33811427.0
2022-02-18,26.9782,27.5232,26.9232,27.2532,31645770.0
2022-02-22,28.2832,28.2832,26.1982,26.7032,46501366.0
2022-02-23,26.8982,27.3082,26.7032,27.0482,33978980.0
2022-02-24,27.7682,27.8082,25.9082,26.7832,61742931.0
2022-02-25,26.8582,27.7032,26.8582,27.6682,39211463.0
2022-02-28,27.4232,28.5582,27.2332,28.5182,48197133.0
2022-03-01,28.8332,29.4732,28.3732,28.8732,62115463.0
2022-03-02,29.4182,29.9782,29.2432,29.6882,45454101.0
2022-03-03,29.3332,30.0382,29.2582,29.7882,44559875.0
2022-03-04,29.7832,30.8632,29.6882,30.8432,52625893.0
2022-03-07,31.2332,32.0082,30.5482,31.3982,65607361.0
2022-03-08,32.2682,33.3382,30.8932,31.9982,98027181.0
2022-03-09,30.5782,31.6982,29.9782,30.8132,87018243.0
2022-03-10,31.2582,32.0632,30.9882,31.9632,68901344.0
2022-03-11,31.3432,32.1332,31.2832,31.6532,45918864.0
2022-03-14,30.8332,31.0982,30.0032,30.5032,50745013.0
2022-03-15,29.0582,29.5532,28.4482,29.1382,62362196.0
2022-03-16,29.2732,29.5882,28.5982,28.9732,53768064.0
2022-03-17,29.6082,30.2982,29.3832,30.2032,38478153.0
2022-03-18,30.1382,30.4182,29.8882,30.1682,29275387.0
2022-03-21,30.9082,31.7632,30.8882,31.6432,34357426.0
2022-03-22,31.4832,31.6932,30.9332,31.3632,33231054.0
2022-03-23,32.0732,32.3682,31.8882,32.0132,29331529.0
2022-03-24,32.1582,32.4882,31.8532,32.1082,26350284.0
2022-03-25,31.8782,33.0032,31.8432,32.9532,28049621.0
2022-03-28,32.1432,32.1582,31.7332,31.9782,34880188.0
2022-03-29,31.1182,31.8982,30.6732,31.8782,36636968.0
2022-03-30,32.2482,32.5982,32.0082,32.3232,24868234.0
2022-03-31,31.9582,32.6832,31.7932,31.7982,32803294.0
2022-04-01,31.7482,32.4682,31.7232,32.1082,24806291.0
2022-04-04,32.3582,32.4832,31.7482,32.1582,23003669.0
2022-04-05,32.2282,32.8232,31.5082,31.5532,27288559.0
2022-04-06,31.9682,32.3132,31.5632,31.7782,32164186.0
2022-04-07,31.9582,32.4082,31.2482,32.2782,27048693.0
2022-04-08,32.3832,33.4532,32.3832,33.3432,26713051.0
2022-04-11,32.9182,32.9282,32.0632,32.1482,26230495.0
2022-04-12,32.9282,33.5032,32.7132,32.7882,31964711.0
2022-04-13,33.2682,33.4832,32.6132,33.3732,24647942.0
2022-04-14,33.1832,33.8182,33.1232,33.5032,25934716.0
2022-04-18,33.8332,34.3282,33.5832,34.0882,30456565.0
2022-04-19,33.8782,34.2732,33.5232,33.7582,22863926.0
2022-04-20,33.8632,34.1282,33.4732,33.9132,26039656.0
2022-04-21,34.1532,34.3332,32.4832,32.6332,32578853.0
2022-04-22,32.4782,33.0382,31.6632,31.6782,35749637.0
2022-04-25,30.4782,30.6182,29.0782,30.4182,55362197.0
2022-04-26,30.6932,31.4782,30.3732,30.4682,44584346.0
2022-04-27,30.7032,31.3732,30.0382,31.0082,44566257.0
2022-04-28,31.2582,32.4582,30.5182,32.1432,43734848.0
2022-04-29,32.2282,32.4482,31.0182,31.1532,39708120.0
2022-05-02,30.9232,31.7682,30.8082,31.7532,52070620.0
2022-05-03,31.8232,33.0032,31.7982,32.8232,41649436.0
2022-05-04,33.5782,34.5382,33.0682,34.4532,45383728.0
2022-05-05,34.7432,34.7832,33.0182,33.8382,46596959.0
2022-05-06,34.3582,35.0432,33.5382,35.0382,47122824.0
2022-05-09,34.1482,34.1832,31.4532,31.6082,53021957.0
2022-05-10,32.1932,32.9232,31.1432,31.9532,56863902.0
2022-05-11,32.5932,33.7432,32.4032,32.4682,49852542.0
2022-05-12,32.4532,32.6532,31.4182,32.6332,45021768.0
2022-05-13,33.2132,34.1282,33.1432,33.9682,29718696.0
2022-05-16,34.1132,35.4582,34.0882,35.0332,28259397.0
2022-05-17,35.5932,35.7682,35.1382,35.5132,28164650.0
2022-05-18,35.8132,35.8632,33.9432,34.4382,33230686.0
2022-05-19,33.5082,34.9732,33.5082,34.2882,35720504.0
2022-05-20,34.7882,35.2732,33.6432,34.4632,31919998.0
2022-05-23,34.9482,35.6882,34.6882,35.5432,26644672.0
2022-05-24,35.0782,35.8782,34.7582,35.7032,26563838.0
2022-05-25,35.8482,36.6332,35.7882,36.5732,26323997.0
2022-05-26,36.8332,37.3682,36.8032,37.0482,21339145.0
2022-05-27,36.8532,37.9632,36.7482,37.8432,18667247.0
2022-05-31,38.5732,38.8082,36.9432,37.1782,39340576.0
2022-06-01,37.7282,38.2132,37.2432,37.8882,29648579.0
2022-06-02,37.5782,38.0582,37.3082,37.7482,26302723.0
2022-06-03,37.8032,38.4732,37.7532,38.3332,20525334.0
2022-06-06,38.5482,38.5782,38.0432,38.2832,16692311.0
2022-06-07,38.2532,39.6782,38.2182,39.6182,25689374.0
2022-06-08,39.8432,40.2332,39.4332,39.7182,28492681.0
2022-06-09,39.3232,39.6132,38.6482,38.6982,24588142.0
2022-06-10,38.1782,38.8482,37.4182,37.9332,31271763.0
2022-06-13,36.5882,36.6332,34.7832,35.6182,44731346.0
2022-06-14,36.4632,37.0132,35.1482,35.6982,34756409.0
2022-06-15,35.6032,35.8132,34.0732,34.7682,43223150.0
2022-06-16,33.6732,33.8932,32.1132,32.4482,57979147.0
2022-06-17,32.1782,32.4632,29.8732,30.3232,64234188.0
2022-06-21,31.2907,32.4657,31.2257,32.2057,35006746.0
2022-06-22,30.3657,31.3207,30.1657,30.6757,41212617.0
2022-06-23,30.8507,31.1157,28.7207,29.3157,56921148.0
2022-06-24,29.9207,30.5407,29.4007,29.7807,47398507.0
2022-06-27,30.1957,31.0807,30.1507,30.8307,33979401.0
2022-06-28,31.7057,32.4357,31.2557,31.8257,39800401.0
2022-06-29,32.3507,32.4807,30.4057,30.5107,35591959.0
2022-06-30,29.7257,30.6657,29.4207,29.7407,37766738.0
2022-07-01,30.1757,30.4307,29.0507,30.2757,34601989.0
2022-07-05,29.5257,29.6957,28.0807,28.8357,44932941.0
2022-07-06,28.4607,29.0807,27.2107,28.2407,48209505.0
2022-07-07,29.1707,29.7557,29.0857,29.4757,33793561.0
2022-07-08,29.9057,30.0557,28.9657,29.4607,21970314.0
2022-07-11,29.0157,29.4157,28.6507,29.1207,22754116.0
2022-07-12,28.2007,28.6407,27.8157,28.4357,32345148.0
2022-07-13,27.9357,29.1007,27.9357,28.3807,29489039.0
2022-07-14,27.1757,27.7707,26.7257,27.7307,36636771.0
2022-07-15,28.4657,28.5007,27.7707,28.2807,29960251.0
2022-07-18,29.1957,29.6457,28.9007,29.0657,25726762.0
2022-07-19,29.0157,30.2357,29.0057,30.1457,24388176.0
2022-07-20,29.7457,30.6607,29.5957,30.4957,20924706.0
2022-07-21,29.4957,29.8907,28.8157,29.8557,21579587.0
2022-07-22,29.9957,30.3507,29.3507,29.5607,20418165.0
2022-07-25,30.0507,30.9007,29.6207,30.8657,19556000.0
2022-07-26,31.3057,31.4707,30.2807,30.5307,18614370.0
2022-07-27,30.7657,31.5407,30.3907,31.3557,22405348.0
2022-07-28,31.6907,31.9457,30.8707,31.5657,23332670.0
2022-07-29,32.2507,33.3157,32.1757,33.1957,25833814.0
2022-08-01,32.5257,32.6257,31.8707,32.3857,25665504.0
2022-08-02,32.3907,32.6807,31.9557,32.2957,19932173.0
2022-08-03,32.4557,32.5707,30.9657,31.1957,28506573.0
2022-08-04,30.9407,31.0457,29.6807,29.8157,27995502.0
2022-08-05,29.3307,30.8407,29.3307,30.5257,22589765.0
2022-08-08,30.4857,31.0457,30.4307,30.7157,18882650.0
2022-08-09,31.2357,31.8357,31.1707,31.3607,17341547.0
2022-08-10,31.4457,31.8457,30.7057,31.6307,17394167.0
2022-08-11,32.3357,33.2557,32.2207,32.9257,30265776.0
2022-08-12,32.6707,33.2407,32.5057,33.2207,19190468.0
2022-08-15,31.8007,32.6657,31.4557,32.4557,21012209.0
2022-08-16,32.5107,32.9157,32.1257,32.3657,19678778.0
2022-08-17,32.1907,33.0857,32.0907,32.6857,22736164.0
2022-08-18,33.1157,33.7657,33.0457,33.7257,23432974.0
2022-08-19,33.6257,33.9907,33.3957,33.7157,19744227.0
2022-08-22,33.3757,33.8857,32.7257,33.6407,22848067.0
2022-08-23,34.2907,35.3807,34.2607,35.0707,27183512.0
2022-08-24,35.0757,35.6357,34.8907,35.5757,24546602.0
2022-08-25,35.8157,36.1057,35.4907,35.8957,19899277.0
2022-08-26,35.8107,36.2657,35.2207,35.4057,19317554.0
2022-08-29,35.3857,36.5757,35.2807,36.0307,26062525.0
2022-08-30,35.3107,35.3207,34.2707,34.6057,28820855.0
2022-08-31,33.6007,34.9057,33.4557,34.2357,29152256.0
2022-09-01,33.6407,33.7907,32.6957,33.2457,28302095.0
2022-09-02,34.2107,34.4957,33.7507,33.9657,28594084.0
2022-09-06,34.3407,34.4757,33.4307,33.5957,22784132.0
2022-09-07,32.7307,33.3057,32.3757,33.1357,30270666.0
2022-09-08,33.3107,33.5007,32.8307,33.3057,26840760.0
2022-09-09,34.0107,34.4807,33.7107,34.2857,19339380.0
2022-09-12,34.8757,35.4707,34.5257,35.0257,20865906.0
2022-09-13,34.3857,35.0757,33.8107,33.9907,30573038.0
2022-09-14,34.3657,35.4107,34.3657,35.1207,27192149.0
2022-09-15,34.3907,34.5607,33.8607,34.0607,27943150.0
2022-09-16,33.9357,33.9657,32.6357,33.2057,35201836.0
2022-09-19,32.1389,33.2539,32.0489,33.2289,18812925.0
2022-09-20,32.9589,33.1839,32.5039,32.9589,21149842.0
2022-09-21,33.6839,33.7389,32.3789,32.3939,34352932.0
2022-09-22,33.0839,33.2089,32.2289,32.2589,28874033.0
2022-09-23,30.7889,30.8589,29.3789,29.6489,52737815.0
2022-09-26,29.4289,29.8689,28.7389,28.7839,36079816.0
2022-09-27,29.3789,29.8139,28.9739,29.1689,33835551.0
2022-09-28,29.5189,30.9089,29.3089,30.7089,31573751.0
2022-09-29,30.4439,30.7839,29.8089,30.7089,24281497.0
2022-09-30,30.4189,30.9189,30.0689,30.4189,21684701.0
2022-10-03,31.7139,32.6539,31.6539,32.4539,34775311.0
2022-10-04,33.2239,34.1239,32.9189,34.0889,33165429.0
2022-10-05,34.0739,35.2239,33.7339,34.9089,30636847.0
2022-10-06,34.5789,35.7539,34.5489,35.6289,26335115.0
2022-10-07,35.7139,36.1789,35.0139,35.3089,28457658.0
2022-10-10,35.4689,35.8189,34.3389,34.4689,23165843.0
2022-10-11,33.7189,34.8339,33.5539,34.1489,26921104.0
2022-10-12,33.8889,34.7489,33.6289,34.4689,20551213.0
2022-10-13,33.9439,36.2639,33.9339,36.1039,35067421.0
2022-10-14,35.6489,36.2439,34.4689,34.5489,26755306.0
2022-10-17,35.1789,35.7189,34.9339,35.0489,18994191.0
2022-10-18,35.3839,35.7839,34.6139,35.4039,25187907.0
2022-10-19,35.5239,36.7689,35.5089,36.6139,31263774.0
2022-10-20,36.9339,37.3239,36.3989,36.6539,25261846.0
2022-10-21,36.8889,37.9589,36.7789,37.8739,25274182.0
2022-10-24,37.8489,38.3839,37.6139,38.0789,22496039.0
2022-10-25,37.9089,38.3239,37.6739,38.1239,18841826.0
2022-10-26,38.2889,39.0689,38.2589,38.7189,22706462.0
2022-10-27,39.3289,39.6289,38.7439,38.8789,25010642.0
2022-10-28,39.3589,39.7239,38.2339,39.0339,24663964.0
2022-10-31,38.5939,39.9989,38.5439,39.4089,29760433.0
2022-11-01,40.1639,40.1839,39.5689,39.8439,21755430.0
2022-11-02,39.6989,39.9339,38.6439,38.7489,28249565.0
2022-11-03,38.4789,39.8239,38.3539,39.5689,26817245.0
2022-11-04,40.5739,40.9189,39.4789,40.1189,30295307.0
2022-11-07,40.2139,41.0489,40.1339,40.9039,19387719.0
2022-11-08,40.8139,41.1489,40.3789,40.9489,21859253.0
2022-11-09,40.3189,40.4639,38.5739,38.6739,31513956.0
2022-11-10,39.5889,39.7089,38.6589,39.6589,29244107.0
2022-11-11,40.5239,41.2139,40.4139,40.9739,25541289.0
2022-11-14,40.8389,41.7639,40.8339,40.9589,23122640.0
2022-11-15,41.1339,41.5689,40.8289,41.4489,25771076.0
2022-11-16,41.0289,41.3139,40.2489,40.4889,23638603.0
2022-11-17,39.7839,40.6289,39.5489,40.5889,21429904.0
2022-11-18,39.7339,40.3489,39.1639,40.2239,23683055.0
2022-11-21,39.2289,39.7239,38.0539,39.6039,42576772.0
2022-11-22,40.1689,41.1239,39.9589,41.0189,26877457.0
2022-11-23,40.1739,40.8089,40.0039,40.5139,20598650.0
2022-11-25,40.5439,40.8689,40.2639,40.3439,7591311.0
2022-11-28,39.2189,39.7839,38.9339,39.0839,29150244.0
2022-11-29,39.5789,40.0239,39.4139,39.7589,19024193.0
2022-11-30,40.2639,40.3539,39.2689,39.9839,21915127.0
2022-12-01,40.3039,40.5339,39.6789,39.8339,19451019.0
2022-12-02,39.5189,40.0989,39.2989,39.5639,18384965.0
2022-12-05,40.0089,40.1889,37.8489,38.2239,25876919.0
2022-12-06,37.9489,38.4739,36.7739,37.0689,32465110.0
2022-12-07,37.0589,37.6189,36.5939,36.9689,24447088.0
2022-12-08,37.9239,38.0189,36.5439,36.7789,25640362.0
2022-12-09,36.6439,37.1089,35.7339,35.7489,24048943.0
2022-12-12,35.9839,36.9339,35.8239,36.8339,21092424.0
2022-12-13,37.6589,37.9989,37.2989,37.6389,27278688.0
2022-12-14,37.9339,38.0889,36.9889,37.3739,26337755.0
2022-12-15,36.9989,37.2139,36.3889,37.1139,20207545.0
2022-12-16,36.3089,36.7889,36.0139,36.5889,29550525.0
2022-12-19,37.0287,37.1637,36.2787,36.5837,18418305.0
2022-12-20,36.7137,37.4837,36.5537,37.2137,14296507.0
2022-12-21,38.0787,38.2137,37.4437,38.0187,17029113.0
2022-12-22,38.0637,38.0887,36.1787,37.0237,18679664.0
2022-12-23,37.5837,38.3787,37.3637,38.3687,14814960.0
2022-12-27,38.5587,39.0187,38.3987,38.8337,16374639.0
2022-12-28,38.7737,38.7737,37.7137,37.8487,15918974.0
2022-12-29,37.6687,38.4937,37.6487,38.2987,13457907.0
2022-12-30,38.0687,38.6587,38.0637,38.5737,11330914.0
2023-01-03,38.2987,38.5187,36.5137,37.0387,26541416.0
2023-01-04,36.4137,37.2787,36.2537,37.0337,22852575.0
2023-01-05,36.9637,38.0387,36.8437,37.8037,19361852.0
2023-01-06,38.3587,39.1537,38.2487,38.6187,22211189.0
2023-01-09,39.2787,39.3487,38.3237,38.4637,23001610.0
2023-01-10,38.7487,38.8637,38.0837,38.7737,15799501.0
2023-01-11,39.1587,39.2687,38.4337,38.9087,16451492.0
2023-01-12,39.1737,40.0387,39.0887,39.7487,18358035.0
2023-01-13,39.7137,39.9237,39.2387,39.8137,15904159.0
2023-01-17,39.9187,40.3787,39.7237,39.9087,16966599.0
2023-01-18,40.1187,40.6237,39.0387,39.0837,19037646.0
2023-01-19,38.8287,39.8137,38.7337,39.6337,17146862.0
2023-01-20,39.7287,40.2337,39.2737,40.0787,14280030.0
2023-01-23,40.4087,40.6337,39.9937,40.1387,14652544.0
2023-01-24,39.9887,40.0687,39.0687,39.9637,14886444.0
2023-01-25,39.7437,39.9687,39.0287,39.9687,13430617.0
2023-01-26,40.6987,41.4137,40.1387,41.3937,18331505.0
2023-01-27,41.1437,41.3737,40.3787,40.4537,17420541.0
2023-01-30,40.1237,40.1887,39.3487,39.4087,13762454.0
2023-01-31,39.2587,39.8737,38.8037,39.8037,13924137.0
2023-02-01,39.5937,39.7837,38.3387,38.9187,23483596.0
2023-02-02,38.7487,38.8337,37.4387,37.9137,24901506.0
2023-02-03,38.0937,38.7937,37.7737,37.8187,22727409.0
2023-02-06,37.8587,38.1837,37.0987,37.6237,15857170.0
2023-02-07,37.8937,39.0787,37.6687,39.0137,20507016.0
2023-02-08,38.9787,39.2037,38.3687,38.6187,13483580.0
2023-02-09,38.6237,38.7637,38.2137,38.2437,16075156.0
2023-02-10,38.9637,40.0337,38.9237,39.9437,20001627.0
2023-02-13,39.7137,40.0037,39.2487,39.8287,12372446.0
2023-02-14,39.4737,40.1737,39.3487,39.8437,13511305.0
2023-02-15,39.3387,39.4337,38.5137,39.0787,15972123.0
2023-02-16,38.8387,39.2187,38.5987,38.6437,12657087.0
2023-02-17,37.9637,37.9937,36.8987,37.0837,22340234.0
2023-02-21,36.8987,37.3587,36.7937,36.8737,16811279.0
2023-02-22,36.7587,37.1537,36.2337,36.5937,20135213.0
2023-02-23,37.2237,37.4687,36.6887,37.2237,17511674.0
2023-02-24,36.5987,37.2287,36.3587,37.1687,18748388.0
2023-02-27,37.2537,37.4787,36.9437,37.2937,15338191.0
2023-02-28,37.7237,37.7387,36.6487,36.6837,19003820.0
2023-03-01,36.7187,37.7237,36.5637,37.5087,18546968.0
2023-03-02,37.4337,38.0437,37.2987,37.8837,16402487.0
2023-03-03,37.3687,38.6837,37.3387,38.4687,25337598.0
2023-03-06,38.2287,38.5587,38.0537,38.4887,16949157.0
2023-03-07,38.2287,38.3387,37.6187,37.7287,18500179.0
2023-03-08,37.5387,38.0837,36.8787,37.2887,19699517.0
2023-03-09,37.5337,38.1337,36.6787,36.6887,18944056.0
2023-03-10,36.6887,37.2787,35.9137,36.1537,28312371.0
2023-03-13,35.0987,36.0387,34.3937,35.3137,41663451.0
2023-03-14,35.3087,36.6237,34.9937,35.7137,30533190.0
2023-03-15,34.2137,34.5137,32.9587,33.5187,57673510.0
2023-03-16,32.6687,34.0387,32.5187,33.9387,44401829.0
2023-03-17,33.7137,34.0387,33.0087,33.3237,33675782.0
2023-03-20,33.2863,34.3363,33.2863,34.0863,26144360.0
2023-03-21,34.8863,35.5563,34.7663,35.4313,29856229.0
2023-03-22,35.4563,35.6413,34.5463,34.5763,24604696.0
2023-03-23,34.7913,35.1363,33.6563,34.0313,24743111.0
2023-03-24,33.2613,34.3363,33.1413,34.1813,20649609.0
2023-03-27,34.5913,35.2363,34.2763,35.0113,20111926.0
2023-03-28,34.7863,35.8013,34.7713,35.6263,16298354.0
2023-03-29,36.0263,36.2313,35.7613,36.1863,18102274.0
2023-03-30,36.5263,36.5863,36.1263,36.3663,13730400.0
2023-03-31,36.4713,36.7213,36.3213,36.6513,16147327.0
2023-04-03,38.3963,38.8063,38.1713,38.5263,31226124.0
2023-04-04,38.6563,38.7113,37.3613,37.7413,24681487.0
2023-04-05,37.8463,38.3813,37.4913,38.3813,20276134.0
2023-04-06,38.3163,38.3613,37.6413,37.7263,16689270.0
2023-04-10,37.8863,38.5563,37.8863,38.0663,13488647.0
2023-04-11,38.3063,38.7413,38.0613,38.4713,12787580.0
2023-04-12,38.7713,38.8613,38.3713,38.5013,16667178.0
2023-04-13,38.4363,38.8813,38.3313,38.7713,15692262.0
2023-04-14,38.8313,39.1063,38.5963,38.8513,11780079.0
2023-04-17,38.7063,38.8863,38.1863,38.3363,11880993.0
2023-04-18,38.2363,38.6163,38.0213,38.5063,12246759.0
2023-04-19,38.1163,38.3913,37.8813,38.3563,17123070.0
2023-04-20,37.7563,37.9863,37.4563,37.9763,15198120.0
2023-04-21,38.1313,38.1513,37.5363,37.7263,16878782.0
2023-04-24,37.5913,38.5763,37.5763,38.3763,12625917.0
2023-04-25,37.9563,38.0313,37.3163,37.5663,15332606.0
2023-04-26,37.2663,37.6563,36.7463,37.0013,20035011.0
2023-04-27,36.9763,37.2563,36.5813,37.1513,17057343.0
2023-04-28,37.0013,38.0313,36.8563,37.8013,19114270.0
2023-05-01,37.2663,37.7763,37.0963,37.3213,13910686.0
2023-05-02,36.8163,36.8813,35.1063,35.4913,33823986.0
2023-05-03,34.9763,35.4413,34.7163,34.7313,29683773.0
2023-05-04,34.7463,35.1463,34.1713,34.2913,26430480.0
2023-05-05,35.3713,35.6663,35.1313,35.3513,19536652.0
2023-05-08,35.9363,36.1113,35.3463,35.3513,16355949.0
2023-05-09,35.0363,35.7463,34.9513,35.3663,20710621.0
2023-05-10,35.5663,35.6463,34.6113,34.9113,18026000.0
2023-05-11,34.3513,34.6413,34.1363,34.4363,19084137.0
2023-05-12,34.6313,34.8963,34.2113,34.4963,18956635.0
2023-05-15,34.6413,34.9213,34.3313,34.6963,16272278.0
2023-05-16,34.5113,34.6813,33.6713,33.7263,22260859.0
2023-05-17,34.1213,34.6763,33.8363,34.4663,23100333.0
2023-05-18,34.2313,34.8013,33.9863,34.7513,16577126.0
2023-05-19,35.1163,35.3663,34.8313,35.0563,18061094.0
2023-05-22,34.9063,35.2963,34.8313,34.8913,13471766.0
2023-05-23,35.2713,35.7713,35.1663,35.3163,21401872.0
2023-05-24,35.6313,35.8013,35.1513,35.4913,16737145.0
2023-05-25,34.9113,34.9963,34.4063,34.7763,19125452.0
2023-05-26,35.0163,35.1263,34.4163,34.6213,14392873.0
2023-05-30,33.9363,34.2613,33.7863,34.2163,20165805.0
2023-05-31,33.6063,33.9013,33.4013,33.5313,22398812.0
2023-06-01,33.6213,34.4413,33.3613,34.0063,25811840.0
2023-06-02,34.7313,35.3763,34.4613,35.1863,27639389.0
2023-06-05,35.7713,35.7713,34.8513,34.9213,18913096.0
2023-06-06,34.3963,35.2763,34.3563,35.2413,17375360.0
2023-06-07,35.4363,36.3513,35.4113,36.3013,30327137.0
2023-06-08,36.3563,36.4963,35.4463,36.1263,23081137.0
2023-06-09,36.1063,36.3063,35.7913,35.9013,19194061.0
2023-06-12,35.2913,35.9163,35.2363,35.5113,18196130.0
2023-06-13,35.9563,36.4963,35.6813,35.7013,20068212.0
2023-06-14,36.1013,36.2813,34.9863,35.2863,23802686.0
2023-06-15,35.3563,36.0313,35.3463,35.7263,23388539.0
2023-06-16,35.8763,35.9913,35.5513,35.6663,23730882.0
2023-06-20,35.3993,35.4443,34.4743,34.7693,21283660.0
2023-06-21,34.6093,35.4143,34.5493,35.0793,17236870.0
2023-06-22,34.7193,34.7643,34.4043,34.5493,16755381.0
2023-06-23,34.1293,34.3743,33.9493,34.2693,17452556.0
2023-06-26,34.3393,35.1843,34.2493,34.9643,16244304.0
2023-06-27,34.9243,35.2243,34.6943,35.0543,14194194.0
2023-06-28,35.0143,35.5043,34.6643,35.4543,16451630.0
2023-06-29,35.6043,35.9143,35.3893,35.9143,14217892.0
2023-06-30,36.1893,36.3793,35.8893,36.1743,17985293.0
2023-07-03,36.2743,36.5743,36.1193,36.2693,9769891.0
2023-07-05,36.4393,36.4493,35.8143,36.0443,16280342.0
2023-07-06,35.6043,35.8843,34.8343,35.1343,20983885.0
2023-07-07,34.9393,36.3593,34.9093,35.9843,24458027.0
2023-07-10,35.8793,36.3793,35.8493,36.2993,15462510.0
2023-07-11,36.4843,37.2593,36.4043,37.1943,19821023.0
2023-07-12,37.5343,37.8143,37.3193,37.5793,21538759.0
2023-07-13,37.5793,37.8393,37.0293,37.4193,26613237.0
2023-07-14,37.1493,37.1893,36.2143,36.3143,21994088.0
2023-07-17,36.1693,36.4093,36.0493,36.2343,16232309.0
2023-07-18,36.1393,37.0693,36.0743,36.6443,21607291.0
2023-07-19,36.6443,37.1643,36.5543,36.8843,18760482.0
2023-07-20,37.2243,37.4543,37.0193,37.3693,17724904.0
2023-07-21,37.5243,37.7593,37.2543,37.7393,15764505.0
2023-07-24,37.9543,38.7293,37.9393,38.4193,22269803.0
2023-07-25,38.3993,38.8943,38.1393,38.6443,16803262.0
2023-07-26,38.2893,38.8293,38.2293,38.6593,16394005.0
2023-07-27,38.8943,39.0693,38.2643,38.3843,17775303.0
2023-07-28,38.3543,38.5243,37.8893,38.5143,17318288.0
2023-07-31,38.8893,39.4543,38.7643,39.3293,18133239.0
2023-08-01,39.1543,39.2493,38.6543,39.1243,17904641.0
2023-08-02,38.8293,39.0493,38.1893,38.5543,22961517.0
2023-08-03,38.6693,39.3793,38.4343,38.9893,20816983.0
2023-08-04,39.2993,39.7093,38.9993,39.0493,21604149.0
2023-08-07,39.2943,39.3843,38.9693,39.0993,13410765.0
2023-08-08,38.3943,39.3343,38.0743,39.3143,18618558.0
2023-08-09,39.7393,40.2693,39.4643,39.8643,26042805.0
2023-08-10,39.9293,40.4343,39.5593,39.8593,19613252.0
2023-08-11,39.8393,40.5893,39.8293,40.5393,23344603.0
2023-08-14,40.4143,40.5343,40.0493,40.3493,15094733.0
2023-08-15,40.0393,40.0893,39.3393,39.4193,22491233.0
2023-08-16,39.4643,39.9393,39.0093,39.0393,18997729.0
2023-08-17,39.6493,40.1593,39.4943,39.5593,20232149.0
2023-08-18,39.3043,40.0493,39.1643,39.9943,17653648.0
2023-08-21,40.1743,40.3543,39.4093,39.7143,15244236.0
2023-08-22,39.7693,39.9243,39.3493,39.3743,12869736.0
2023-08-23,38.8993,39.3043,38.5243,39.2643,19399283.0
2023-08-24,38.8693,39.4243,38.8393,38.9643,16727513.0
2023-08-25,39.2243,39.6043,38.8443,39.3843,19018407.0
2023-08-28,39.4993,40.0093,39.4243,39.6793,12859097.0
2023-08-29,39.8393,39.8443,39.3593,39.7993,13509662.0
2023-08-30,39.9993,40.0993,39.8243,40.0193,13945062.0
2023-08-31,40.1843,40.2593,39.7293,40.0493,14808692.0
2023-09-01,40.5393,41.0093,40.5293,40.9593,17882080.0
2023-09-05,41.2143,41.6643,41.1693,41.1993,24368698.0
2023-09-06,41.1093,41.4643,40.8843,41.2193,20162145.0
2023-09-07,41.3093,41.5443,41.0943,41.1743,15364572.0
2023-09-08,41.3893,41.9443,41.3643,41.6143,17375861.0
2023-09-11,41.9493,42.0893,40.8243,41.0093,22047498.0
2023-09-12,41.4993,42.1293,41.4143,42.0793,26799673.0
2023-09-13,42.1243,42.2193,41.4893,41.7293,18157686.0
2023-09-14,42.2093,42.4343,42.0693,42.2693,18549904.0
2023-09-15,41.8393,42.2943,41.5943,41.5943,24806371.0
2023-09-18,42.0661,42.2011,41.6411,41.9811,16873326.0
2023-09-19,42.3261,42.3911,41.2811,41.5511,18135903.0
2023-09-20,41.3261,41.8411,41.0961,41.1261,17970995.0
2023-09-21,41.4361,41.5411,40.4311,40.5061,21723105.0
2023-09-22,40.8411,41.1411,40.5411,40.5811,21036026.0
2023-09-25,40.4611,41.2111,40.4611,41.1411,17536880.0
2023-09-26,40.7511,41.1511,40.6811,40.8811,16729981.0
2023-09-27,41.4411,42.1311,41.2411,42.0011,23144708.0
2023-09-28,41.8011,42.3211,41.6961,42.0511,24231374.0
2023-09-29,41.9811,42.1611,40.9511,41.1211,24184570.0
2023-10-02,41.0611,41.1811,39.9161,40.2211,25299903.0
2023-10-03,40.1161,40.2761,39.7561,40.1911,20733283.0
2023-10-04,39.5311,39.6061,38.3811,38.8011,29786159.0
2023-10-05,38.1861,38.9111,38.1861,38.5361,23518463.0
2023-10-06,38.5361,39.1811,38.0561,38.7911,25740547.0
2023-10-09,39.9411,40.4061,39.6261,40.2211,30744526.0
2023-10-10,40.2611,40.5711,40.0111,40.2761,20850253.0
2023-10-11,39.8211,39.8661,39.2011,39.7061,23572661.0
2023-10-12,40.1711,40.2111,39.5511,39.7561,19993223.0
2023-10-13,40.4711,40.9361,40.2811,40.7211,24266126.0
2023-10-16,41.0111,41.1561,40.5911,41.0211,19182636.0
2023-10-17,40.9211,41.6311,40.8561,41.4911,20211959.0
2023-10-18,41.6761,42.0961,41.5711,41.9061,23808386.0
2023-10-19,41.7461,42.2061,41.3111,41.8261,31648532.0
2023-10-20,41.7461,41.9161,40.8986,41.0561,23274664.0
2023-10-23,40.7961,40.8011,40.1211,40.3261,25943980.0
2023-10-24,40.4361,40.4711,39.6861,39.7011,22135692.0
2023-10-25,39.7311,39.9561,39.4011,39.6211,20706040.0
2023-10-26,39.2211,39.4811,38.8487,39.2811,22385106.0
2023-10-27,39.2361,39.3986,38.0961,38.2411,26904709.0
2023-10-30,38.3911,38.6961,37.9711,38.3811,22765311.0
2023-10-31,38.4311,38.6111,38.0061,38.5211,18602783.0
2023-11-01,38.7911,39.0211,38.3611,38.4211,23041250.0
2023-11-02,38.5261,39.7461,38.2811,39.7061,22661491.0
2023-11-03,39.6261,39.7636,39.0011,39.2661,23617406.0
2023-11-06,39.6111,39.6111,38.6511,38.7761,20517657.0
2023-11-07,38.2161,38.2911,37.6386,37.8261,23774785.0
2023-11-08,37.6661,37.9411,37.284,37.3011,25371001.0
2023-11-09,37.6061,37.7011,37.1511,37.1761,19115029.0
2023-11-10,37.6411,37.7311,37.2361,37.6311,17291776.0
2023-11-13,37.6961,38.0161,37.5661,37.9311,14223684.0
2023-11-14,38.0911,38.4236,38.0211,38.3061,17361935.0
2023-11-15,38.2411,38.7593,38.1661,38.2261,16521759.0
2023-11-16,37.8261,37.9861,36.9786,37.4011,26582958.0
2023-11-17,37.7561,38.5511,37.6561,38.2711,24429649.0
2023-11-20,38.4461,38.696,38.3211,38.3311,14549450.0
2023-11-21,38.1311,38.3111,37.8331,38.2361,13486888.0
2023-11-22,37.3911,38.2511,37.1561,38.2161,18274883.0
2023-11-24,38.2011,38.7061,38.1761,38.3961,9494924.0
2023-11-27,38.1711,38.3161,37.8461,38.2411,12250903.0
2023-11-28,38.3261,38.6411,38.1711,38.2511,14460871.0
2023-11-29,38.5161,38.5686,37.7986,37.9361,22633990.0
2023-11-30,38.2961,38.8211,37.7111,38.2161,29182290.0
2023-12-01,38.1661,38.9386,37.9761,38.4361,21523970.0
2023-12-04,38.1261,38.5061,37.9311,38.2411,18535141.0
2023-12-05,38.2161,38.2961,37.4761,37.5011,18873534.0
2023-12-06,37.2311,37.5211,36.7211,36.8811,31153083.0
2023-12-07,37.0711,37.2736,36.4536,36.6011,20454206.0
2023-12-08,36.8711,37.1661,36.7886,37.0411,17063628.0
2023-12-11,37.0761,37.2261,36.8861,37.0911,14672054.0
2023-12-12,36.7111,36.7561,36.2961,36.5261,22693192.0
2023-12-13,36.5511,37.1036,36.3611,37.0911,23222660.0
2023-12-14,37.5061,38.3561,37.5061,38.3011,30358628.0
2023-12-15,37.9211,38.1561,37.7261,38.0761,23183178.0
2023-12-18,38.8171,39.0321,38.3771,38.4171,21223566.0
2023-12-19,38.4971,38.9671,38.4021,38.9221,18431226.0
2023-12-20,39.0721,39.3221,38.4771,38.5271,19909082.0
2023-12-21,38.6121,38.7571,38.2946,38.6921,13031386.0
2023-12-22,38.9971,39.1846,38.7496,38.8171,12518959.0
2023-12-26,39.1771,39.4096,39.0471,39.1821,12991615.0
2023-12-27,39.1821,39.3271,38.8371,38.9921,10119096.0
2023-12-28,38.7721,38.9346,38.3271,38.3421,13098950.0
2023-12-29,38.4871,38.5271,38.1221,38.2471,12172729.0
2024-01-02,38.5421,39.0871,38.4821,38.6971,19650895.0
2024-01-03,38.7621,39.5396,38.5471,39.3871,18967889.0
2024-01-04,39.6971,39.8821,38.6071,38.6321,21024331.0
2024-01-05,39.0371,39.0571,38.4712,38.6671,17014649.0
2024-01-08,37.9471,38.2271,37.3784,38.1771,23609340.0
2024-01-09,38.2321,38.2771,37.4146,37.5071,16875169.0
2024-01-10,37.5871,37.6024,36.9371,37.1021,16579879.0
2024-01-11,37.3221,37.4271,37.0421,37.2071,19294260.0
2024-01-12,37.8371,37.9996,37.4171,37.6671,19384242.0
2024-01-16,37.5771,37.6321,36.6571,36.6821,18015480.0
2024-01-17,36.2671,36.7471,36.1771,36.3471,19642085.0
2024-01-18,36.3571,36.3921,35.8183,36.2821,17852193.0
2024-01-19,36.2621,36.4171,36.1221,36.4121,19970078.0
2024-01-22,36.3271,36.6496,36.0671,36.5621,15068215.0
2024-01-23,36.4971,36.9721,36.4371,36.6471,12354604.0
2024-01-24,36.8571,37.2421,36.6671,37.2221,16920430.0
2024-01-25,37.5121,38.1571,37.2671,38.1421,18804705.0
2024-01-26,38.0971,38.4671,37.7896,38.4521,18234682.0
2024-01-29,38.3871,38.4521,37.9521,38.3921,14840315.0
2024-01-30,37.9771,38.8371,37.8171,38.8271,17670559.0
2024-01-31,38.8271,38.9071,38.0121,38.0321,19290257.0
2024-02-01,38.2821,38.4771,37.6421,38.0271,25550688.0
2024-02-02,38.3771,38.4171,37.7371,38.0871,19037500.0
2024-02-05,37.8321,38.2296,37.5296,37.9821,15796807.0
2024-02-06,38.1871,38.5271,37.9421,38.1171,14028149.0
2024-02-07,38.2371,38.4146,37.8621,38.2021,13460228.0
2024-02-08,38.1771,38.7871,38.1671,38.6321,18100507.0
2024-02-09,38.7121,38.8921,37.9371,37.9821,19036646.0
2024-02-12,38.1271,38.5621,38.1271,38.4421,12946925.0
2024-02-13,38.4821,38.6271,37.7446,38.0171,20578402.0
2024-02-14,38.3221,38.4496,37.7571,37.9771,20447200.0
2024-02-15,37.9671,39.2551,37.9321,39.1371,21682213.0
2024-02-16,39.3121,39.4521,38.9871,39.1121,13480383.0
2024-02-20,39.1571,39.1821,38.6671,38.7221,14497788.0
2024-02-21,38.9021,39.5571,38.8721,39.5171,14378315.0
2024-02-22,39.2421,39.7721,39.0371,39.5921,17603292.0
2024-02-23,39.1721,39.4446,38.8971,39.3071,14476172.0
2024-02-26,39.2571,39.7396,39.0421,39.4571,11688172.0
2024-02-27,39.4971,39.6821,39.0521,39.2721,13158684.0
2024-02-28,39.3271,39.6521,39.0171,39.1871,13339537.0
2024-02-29,39.2771,39.5371,39.1546,39.3971,13667577.0
2024-03-01,39.7071,40.0971,39.6321,39.8971,16229753.0
2024-03-04,39.8721,39.9871,39.3896,39.4321,16599023.0
2024-03-05,39.3671,40.0321,39.3121,39.7521,16086812.0
2024-03-06,40.1171,40.3471,39.7921,39.8871,14004180.0
2024-03-07,39.9471,40.5021,39.9121,40.2571,12284598.0
2024-03-08,40.1971,40.4221,40.0871,40.4121,14125993.0
2024-03-11,40.4221,40.8821,40.0921,40.8671,12491700.0
2024-03-12,40.8621,40.9846,40.5596,40.7971,11890370.0
2024-03-13,41.2621,41.7521,41.1871,41.5071,21362593.0
2024-03-14,41.6871,41.9921,41.5121,41.9721,17973014.0
2024-03-15,41.9371,42.4371,41.8321,42.1071,18876683.0
2024-03-18,42.2891,42.4241,41.9091,42.2641,15248355.0
2024-03-19,42.2591,42.8189,42.2291,42.7841,14272893.0
2024-03-20,42.5191,42.8841,42.4491,42.7191,16329556.0
2024-03-21,42.7991,43.0891,42.6541,42.9941,11667059.0
2024-03-22,43.0141,43.1291,42.7809,42.8941,8974404.0
2024-03-25,43.0541,43.6341,43.0441,43.3241,17537119.0
2024-03-26,43.3691,43.4741,42.8741,42.9641,17686925.0
2024-03-27,42.8641,43.4041,42.7841,43.3941,16979950.0
2024-03-28,43.6691,43.9841,43.4441,43.8991,17307570.0
2024-04-01,44.0391,44.3891,43.5723,44.2491,21449284.0
2024-04-02,44.4541,44.9641,44.2441,44.9141,19335599.0
2024-04-03,45.0941,45.3091,44.9341,45.2441,14574431.0
2024-04-04,45.3191,45.4941,45.0241,45.2141,18470645.0
2024-04-05,45.4141,45.9291,45.1191,45.7341,15597269.0
2024-04-08,45.7591,45.8991,45.3366,45.4241,17017278.0
2024-04-09,45.6341,45.7641,45.0841,45.4391,17666514.0
2024-04-10,45.3041,45.7691,45.0941,45.5891,19599825.0
2024-04-11,45.7441,45.7641,44.8616,45.5541,19602336.0
2024-04-12,45.8641,46.1791,44.5291,44.7591,23286215.0
2024-04-15,44.9891,45.2191,44.2491,44.3091,24345363.0
2024-04-16,44.2191,44.4391,43.5591,43.8941,18248809.0
2024-04-17,43.7941,44.2641,43.4241,43.7591,13710457.0
2024-04-18,43.9191,44.0541,43.4491,43.6141,12777824.0
2024-04-19,43.7041,44.4991,43.6341,44.1791,17725720.0
2024-04-22,43.9291,44.8141,43.5541,44.4891,15122166.0
2024-04-23,44.2691,44.7541,44.0391,44.7541,14328745.0
2024-04-24,44.4541,44.8441,44.2241,44.7891,10651892.0
2024-04-25,44.7341,45.1541,44.3191,45.0091,13250097.0
2024-04-26,44.5741,44.7516,44.0741,44.5641,16182722.0
2024-04-29,44.4241,44.9941,44.3941,44.8891,11118164.0
2024-04-30,44.6941,44.7791,43.4341,43.4541,17699467.0
2024-05-01,43.3891,43.5391,42.4591,42.7091,25471795.0
2024-05-02,43.0191,43.2891,42.7541,42.9741,17308397.0
2024-05-03,43.0141,43.0641,42.3666,42.9791,19043868.0
2024-05-06,43.1241,43.8116,43.1241,43.3441,16722741.0
2024-05-07,43.4091,43.6441,43.2841,43.2991,10471146.0
2024-05-08,43.0291,43.4666,42.9591,43.2441,9905941.0
2024-05-09,43.2941,43.8691,43.2941,43.8691,11244551.0
2024-05-10,43.9691,44.1241,43.4841,43.6091,10284104.0
2024-05-13,43.7191,43.8941,43.2841,43.4841,10489028.0
2024-05-14,43.3941,43.5791,43.2041,43.5441,12176664.0
2024-05-15,43.4441,43.7341,42.7541,43.6491,19396002.0
2024-05-16,43.5441,43.8841,43.3941,43.5191,12290068.0
2024-05-17,43.6041,44.2466,43.5891,44.1741,14500702.0
2024-05-20,44.1941,44.2991,43.7466,43.8641,10067334.0
2024-05-21,43.7441,44.1266,43.5991,43.6341,11233839.0
2024-05-22,43.4441,43.4641,42.5491,42.7341,17433979.0
2024-05-23,42.9641,43.1241,42.2341,42.3141,13465690.0
2024-05-24,42.6691,42.789,42.2491,42.3791,9520579.0
2024-05-28,42.5391,42.9691,42.4216,42.8491,14452061.0
2024-05-29,42.7191,42.7591,41.8291,42.0341,15026778.0
2024-05-30,41.9341,42.3291,41.9191,42.1641,11366388.0
2024-05-31,42.2441,43.3272,42.1989,43.2941,16251507.0
2024-06-03,43.1391,43.1541,41.7391,42.0741,20398294.0
2024-06-04,41.6041,41.6791,41.0441,41.6391,17360705.0
2024-06-05,41.6941,41.7641,41.3591,41.6341,10520075.0
2024-06-06,41.4791,41.8841,41.3074,41.8691,12752925.0
2024-06-07,41.7841,42.2116,41.4691,41.6891,10044889.0
2024-06-10,41.8591,42.2991,41.6891,42.0291,11274040.0
2024-06-11,41.8291,41.9891,41.4141,41.9391,9295489.0
2024-06-12,42.3141,42.3291,41.2297,41.4541,16280287.0
2024-06-13,41.3341,41.4591,40.8166,41.0441,14247820.0
2024-06-14,40.9941,41.0441,40.5291,40.7141,12905603.0
2024-06-17,40.6541,41.0266,40.4941,40.8291,14773859.0
2024-06-18,41.1141,41.5741,40.9031,41.0141,14642856.0
2024-06-20,41.1441,42.0591,41.0041,41.8291,17036826.0
2024-06-21,41.9491,42.0741,41.5041,41.5691,19993159.0
2024-06-24,41.8165,42.864,41.7415,42.6915,15593822.0
2024-06-25,42.6515,42.8015,42.4015,42.7965,13835130.0
2024-06-26,42.8465,42.8465,42.129,42.3465,11563699.0
2024-06-27,42.5865,42.6365,42.1965,42.4515,7815787.0
2024-06-28,42.8015,42.9615,42.4615,42.6265,12834982.0
2024-07-01,42.9915,43.1415,42.3815,42.6515,12281635.0
2024-07-02,43.0915,43.1015,42.3265,42.6165,12613126.0
2024-07-03,42.6565,43.0265,42.5765,42.8165,8104036.0
2024-07-05,42.7265,42.7615,41.9015,42.1015,11725124.0
2024-07-08,41.7765,42.2415,41.649,41.8265,9797339.0
2024-07-09,41.3815,41.9215,41.2515,41.4315,9545521.0
2024-07-10,41.3815,41.7465,41.2465,41.7315,9660378.0
2024-07-11,41.6165,42.289,41.4615,42.1965,11344797.0
2024-07-12,42.4515,42.5165,41.9765,42.3115,9058559.0
2024-07-15,42.6315,43.4115,42.4565,42.9965,15395847.0
2024-07-16,42.8015,43.2451,42.5665,43.2015,12064667.0
2024-07-17,43.3065,43.9615,43.2965,43.6615,14717597.0
2024-07-18,43.6115,44.3065,43.4465,43.7465,16433739.0
2024-07-19,43.6715,43.9915,43.1165,43.2365,13250091.0
2024-07-22,42.9915,43.2115,42.684,42.9465,10763728.0
2024-07-23,42.8165,42.8565,42.159,42.2165,16551898.0
2024-07-24,42.3365,42.6265,41.909,42.2215,14664250.0
2024-07-25,42.2515,43.1465,42.0365,43.0015,18218634.0
2024-07-26,42.8815,43.339,42.7172,43.1465,11865366.0
2024-07-29,43.1515,43.1865,42.319,42.7515,13578260.0
2024-07-30,42.7465,43.6065,42.6924,43.4615,12836510.0
2024-07-31,44.0915,44.1215,43.6215,43.6565,18086875.0
2024-08-01,43.5515,43.7865,42.1865,42.4215,21279055.0
2024-08-02,41.9015,42.1465,40.8065,41.2515,22918104.0
2024-08-05,40.3015,40.6415,39.7865,40.2765,25019456.0
2024-08-06,40.4365,41.0315,40.2665,40.5415,15709299.0
2024-08-07,41.0715,41.5215,40.6915,40.7165,13062974.0
2024-08-08,40.8415,41.7165,40.8415,41.6565,10798416.0
2024-08-09,41.5915,41.9465,41.3065,41.7565,11172736.0
2024-08-12,42.0165,42.264,40.8015,41.9765,14392936.0
2024-08-13,41.6365,41.6765,41.3215,41.5415,15693184.0
2024-08-14,41.6265,41.999,41.4515,41.8015,10828761.0
2024-08-15,42.0565,42.4815,42.0165,42.3365,9167605.0
2024-08-16,42.0565,42.3965,42.0215,42.2865,8876521.0
2024-08-19,42.3615,42.9765,42.3615,42.5915,10881309.0
2024-08-20,42.4915,42.5315,41.3715,41.3915,16933212.0
2024-08-21,41.6715,41.894,41.339,41.4665,11368806.0
2024-08-22,41.4965,41.7815,41.4065,41.5815,9797442.0
2024-08-23,41.7915,42.3215,41.7365,42.2465,10367313.0
2024-08-26,42.7465,43.049,42.3165,42.6515,9757271.0
2024-08-27,42.6515,42.7765,42.1465,42.2265,8313559.0
2024-08-28,41.9515,42.214,41.7384,41.9365,8524196.0
2024-08-29,42.2015,42.6915,41.7765,42.5215,11249342.0
2024-08-30,42.0615,42.7065,41.9565,42.6915,14042449.0
2024-09-03,41.9465,42.015,41.274,41.5565,19096980.0
2024-09-04,41.6015,41.8865,40.854,40.9415,15056977.0
2024-09-05,41.2565,41.2915,40.5615,40.6015,12495610.0
2024-09-06,40.6965,40.9615,39.8815,40.0565,17956014.0
2024-09-09,40.1865,40.7665,40.1215,40.3665,16412011.0
2024-09-10,40.4315,40.4865,39.2565,39.6215,24663017.0
2024-09-11,39.6165,39.6365,38.5615,39.2265,24062815.0
2024-09-12,39.3915,39.769,39.0765,39.6065,15884613.0
2024-09-13,39.8215,40.1665,39.7215,39.8465,13097558.0
2024-09-16,40.2065,40.6065,40.0115,40.3365,13437430.0
2024-09-17,40.3515,40.9515,40.2565,40.9215,12517342.0
2024-09-18,40.8565,41.5465,40.7965,41.0065,14104729.0
2024-09-19,41.7515,42.029,41.2865,41.5315,18903358.0
2024-09-20,41.3465,41.5365,40.939,41.4315,13980802.0
2024-09-23,41.5153,42.1928,41.3628,41.9753,13315054.0
2024-09-24,42.4853,42.4853,41.8027,41.8653,17313272.0
2024-09-25,41.7503,41.8853,40.9053,40.9953,13816717.0
2024-09-26,40.1303,40.7028,40.0003,40.1403,23448028.0
2024-09-27,40.3703,41.0728,40.3453,41.0103,15244515.0
2024-09-30,40.9303,41.3928,40.6778,41.3153,11404146.0
2024-10-01,40.9203,42.4953,40.8653,42.3153,33056960.0
2024-10-02,42.9453,43.0603,42.2703,42.7753,20962571.0
2024-10-03,42.9353,43.6353,42.5903,43.5753,22363006.0
2024-10-04,43.9653,44.1478,43.5403,44.0053,17977816.0
2024-10-07,44.1703,44.5203,44.0153,44.1703,16259596.0
2024-10-08,43.5653,43.6153,42.7303,42.9503,19879941.0
2024-10-09,42.6103,43.3453,42.5203,43.2253,15759641.0
2024-10-10,43.4803,43.7903,43.1453,43.5353,13023696.0
2024-10-11,43.5203,43.9853,43.4303,43.8203,13207221.0
2024-10-14,43.4953,43.8753,43.4253,43.8003,11098991.0
2024-10-15,42.5653,42.8653,42.2803,42.3053,18919576.0
2024-10-16,42.5603,42.6678,42.3978,42.5203,9938549.0
2024-10-17,42.5153,42.8853,42.4653,42.7353,10716579.0
2024-10-18,42.6503,42.7803,42.2653,42.5853,12007522.0
2024-10-21,42.8853,43.0303,42.3703,42.4503,10581016.0
2024-10-22,42.6153,42.7653,42.3903,42.5553,8978156.0
2024-10-23,42.4303,42.6028,42.0603,42.3203,9906537.0
2024-10-24,42.4153,42.5503,42.0153,42.3153,8523322.0
2024-10-25,42.5553,42.6753,42.1703,42.3003,9552221.0
2024-10-28,41.3453,42.0428,41.3053,42.0153,12113928.0
2024-10-29,41.9153,41.9503,41.2403,41.3353,11895666.0
2024-10-30,41.4903,41.7803,41.3203,41.4353,9682070.0
2024-10-31,41.7153,42.0453,41.5928,41.7103,15811304.0
2024-11-01,42.3103,42.4703,41.3403,41.4303,13152006.0
2024-11-04,41.7303,42.2703,41.6703,42.2003,12905927.0
2024-11-05,42.4203,42.6128,42.2203,42.5003,10438307.0
2024-11-06,43.7403,44.5478,43.4402,44.1953,25026553.0
2024-11-07,44.1653,44.1653,43.6253,43.9803,13069002.0
2024-11-08,43.9853,44.3578,43.8003,44.2903,11168410.0
2024-11-11,44.3003,44.7128,44.0803,44.5553,10454690.0
2024-11-12,44.6903,44.839,44.2552,44.3053,9250143.0
2024-11-13,44.4453,44.8628,43.8803,44.6703,11838119.0
2024-11-14,44.9853,45.0053,44.5478,44.8503,9005536.0
2024-11-15,44.8053,45.2603,44.6103,44.7803,14040194.0
2024-11-18,45.1553,45.5053,44.9453,45.4103,12617748.0
2024-11-19,45.0253,45.3903,44.8778,45.1053,11898144.0
2024-11-20,45.2803,45.6203,45.1303,45.5853,8958572.0
2024-11-21,45.8053,46.3403,45.6853,45.9753,16770387.0
2024-11-22,45.9103,46.3753,45.8653,46.0503,10777824.0
2024-11-25,46.0403,46.2853,44.9728,45.0903,16475209.0
2024-11-26,45.1553,45.2553,44.8053,45.0253,12466369.0
2024-11-27,44.9803,45.3803,44.9153,44.9753,7798129.0
2024-11-29,45.0803,45.2603,44.9953,45.1803,6734211.0
2024-12-02,45.1653,45.2453,44.2503,44.6753,11094773.0
2024-12-03,44.9803,45.0653,44.4656,44.6703,8943277.0
2024-12-04,44.6503,44.6503,43.2553,43.5303,16258909.0
2024-12-05,43.7003,44.0153,43.5171,43.7103,11331044.0
2024-12-06,43.6153,43.6203,42.8378,42.9253,13103291.0
2024-12-09,43.3053,43.5478,42.8103,42.8503,11813889.0
2024-12-10,43.1103,43.1753,42.4753,42.5403,11649914.0
2024-12-11,42.6353,42.7853,42.3953,42.6153,11573572.0
2024-12-12,42.5353,42.6153,42.2053,42.2503,10873147.0
2024-12-13,42.3603,42.3753,41.9003,42.0253,11173010.0
2024-12-16,41.9003,41.9003,41.0103,41.0453,12518076.0
2024-12-17,40.7153,40.8003,40.3153,40.7203,16005837.0
2024-12-18,40.6003,40.8053,39.4403,39.4403,19620612.0
2024-12-19,39.8853,40.0203,39.0453,39.0753,24994071.0
2024-12-20,39.0703,39.6303,38.9604,39.4853,17852306.0
2024-12-23,39.4203,39.8703,39.1403,39.7303,17222446.0
2024-12-24,39.8503,40.1653,39.5748,40.0853,7373847.0
2024-12-26,40.1003,40.1228,39.7903,40.0503,7693077.0
2024-12-27,40.0153,40.5053,39.8328,40.0453,10184850.0
2024-12-30,40.0503,40.2803,39.6903,40.0403,11772651.0
2024-12-31,40.1403,40.7153,40.0528,40.5953,10582503.0
2025-01-02,40.9453,41.4128,40.8028,41.0953,17443535.0
2025-01-03,41.3503,41.6468,41.1753,41.5003,11061724.0
2025-01-06,41.7003,42.0503,41.1878,41.3003,11417644.0
2025-01-07,41.6203,42.0703,41.3553,41.7353,12517878.0
2025-01-08,41.4653,41.8003,41.3103,41.7803,14241768.0
2025-01-10,42.3503,42.8653,41.7253,41.9603,17037896.0
2025-01-13,42.1603,43.1528,42.1603,42.8903,24447955.0
2025-01-14,42.8103,43.4152,42.7428,43.3753,15586374.0
2025-01-15,43.6553,44.1678,43.4653,44.0503,17328935.0
2025-01-16,43.8953,44.4278,43.8403,44.3853,12615089.0
2025-01-17,44.3853,44.9103,44.2203,44.7453,11949644.0
2025-01-21,44.6253,44.7653,44.2603,44.5053,24651028.0
2025-01-22,44.3603,44.4153,43.6253,43.6553,17939730.0
2025-01-23,44.0053,44.1752,43.5378,43.8653,14679536.0
2025-01-24,43.9303,44.1178,43.3628,43.4203,14578383.0
2025-01-27,43.2653,43.3453,42.6303,42.9453,15996520.0
2025-01-28,43.0803,43.2403,42.2903,42.5153,18700833.0
2025-01-29,42.4053,42.8428,42.3403,42.6153,10340851.0
2025-01-30,42.8903,43.0803,42.5653,42.8453,19546075.0
2025-01-31,42.7203,42.8203,41.4803,41.5853,22269824.0
2025-02-03,41.5803,42.0378,41.1803,41.8603,19908227.0
2025-02-04,41.6553,42.8803,41.5803,42.7853,20139909.0
2025-02-05,42.7703,42.9428,42.5178,42.8803,10885985.0
2025-02-06,43.0853,43.1953,41.8103,42.0503,20654716.0
2025-02-07,42.2153,42.4478,41.9853,42.0453,11283954.0
2025-02-10,42.4403,43.0953,42.4403,43.0203,12935677.0
2025-02-11,43.2353,43.6903,42.9453,43.3853,13113386.0
2025-02-12,43.0103,43.3203,42.2028,42.2853,19399202.0
2025-02-13,42.2153,42.7203,41.9253,42.6203,15775383.0
2025-02-14,42.7903,43.4278,42.7903,42.8003,12942936.0
2025-02-18,43.0153,43.7153,42.7553,43.4153,14787106.0
2025-02-19,43.6053,44.2053,43.5778,43.7753,12265572.0
2025-02-20,43.6803,44.2728,43.4853,44.1953,14166145.0
2025-02-21,43.9153,44.0403,43.2028,43.2303,15638197.0
2025-02-24,43.3103,43.4843,42.9978,43.2403,13147565.0
2025-02-25,43.2303,43.4403,42.2178,42.5853,13304331.0
2025-02-26,42.6403,42.7578,42.1228,42.3303,12152728.0
2025-02-27,42.6403,43.1178,42.2553,42.5703,15023880.0
2025-02-28,42.4253,43.3003,42.1453,43.2653,13313449.0
2025-03-03,43.4403,43.7015,41.2703,41.6753,24750876.0
2025-03-04,41.0303,41.9553,40.4803,41.2503,25338516.0
2025-03-05,40.6203,40.8378,39.7778,40.6153,28255410.0
2025-03-06,40.4103,41.0078,40.0753,40.7453,23552147.0
2025-03-07,40.9403,41.795,40.9403,41.4803,22424488.0
2025-03-10,41.7178,42.4103,41.3953,41.8053,20022634.0
2025-03-11,41.9853,42.1753,41.2203,41.4553,15115021.0
2025-03-12,41.4853,42.0578,41.3178,41.6553,16120193.0
2025-03-13,41.5003,42.1303,41.0903,41.3553,15370875.0
2025-03-14,41.5953,42.7053,41.3953,42.6453,16011348.0
2025-03-17,42.6103,43.5703,42.6103,43.3603,14880701.0
2025-03-18,43.6153,43.7178,43.0753,43.4353,15403262.0
2025-03-19,43.4953,44.3853,43.4853,44.1803,15871286.0
2025-03-20,43.9253,44.5053,43.7303,44.3503,16581638.0
2025-03-21,44.1953,44.3053,43.7328,44.0253,18487452.0
2025-03-24,44.2334,44.8209,44.1584,44.5484,11912204.0
2025-03-25,44.7534,45.1434,44.5984,44.7384,11145903.0
2025-03-26,45.1734,45.5334,44.8959,45.0134,12785834.0
2025-03-27,44.8734,45.0484,44.3722,44.5584,9573864.0
2025-03-28,44.5334,44.7084,44.1059,44.3384,11124370.0
2025-03-31,44.2384,45.1234,44.1734,44.8484,14406865.0
2025-04-01,44.8734,45.1659,44.3684,45.1234,13560318.0
2025-04-02,44.7234,45.2284,44.6134,45.1884,16980155.0
2025-04-03,42.9484,43.2934,41.4784,41.4934,37828820.0
2025-04-04,39.9484,40.4184,37.5034,37.5034,50375917.0
2025-04-07,36.2284,38.9134,35.6134,37.2484,56953283.0
2025-04-08,38.4534,38.6609,35.7334,36.3434,45269056.0
2025-04-09,35.5984,39.7284,35.3684,39.3034,59480877.0
2025-04-10,38.2334,38.2334,35.8634,36.6134,39523258.0
2025-04-11,36.7934,37.8634,36.0334,37.5684,20958192.0
2025-04-14,38.5034,38.5034,37.3134,37.7084,16374031.0
2025-04-15,37.6734,38.3834,37.6259,37.6484,11083446.0
2025-04-16,37.8934,38.6459,37.7934,37.9734,13665713.0
2025-04-17,38.2984,39.5009,38.2784,38.8734,23954302.0
2025-04-21,38.2284,38.3284,37.3684,37.8084,15505960.0
2025-04-22,38.3234,39.1184,38.1484,38.8184,11048522.0
2025-04-23,39.1734,39.6134,38.4934,38.7434,21607902.0
2025-04-24,39.1234,39.5134,38.7684,39.3934,10609490.0
2025-04-25,39.0234,39.3534,38.8634,39.3184,8832251.0
2025-04-28,39.2734,39.7209,39.2184,39.6084,8218300.0
2025-04-29,39.1434,39.6384,39.0634,39.4884,9921658.0
2025-04-30,38.8234,38.8809,37.8759,38.3734,18907144.0
2025-05-01,38.0434,39.0534,38.0434,38.5234,18157210.0
2025-05-02,39.0134,39.3184,38.2809,39.1134,16019394.0
2025-05-05,38.5984,38.6534,38.1484,38.3734,14765105.0
2025-05-06,38.5534,38.7334,38.1584,38.3834,11497590.0
2025-05-07,38.4734,38.6011,38.0934,38.3984,11224040.0
2025-05-08,38.7684,39.4834,38.7034,38.9284,15282410.0
2025-05-09,39.4234,39.5409,39.0034,39.3384,9996574.0
2025-05-12,40.8634,41.0584,40.1034,40.4134,16305028.0
2025-05-13,40.6234,41.3459,40.4534,41.0084,14515446.0
2025-05-14,40.7209,40.9134,40.5834,40.7484,10666313.0
2025-05-15,40.2084,40.9534,40.1034,40.9284,14860766.0
2025-05-16,41.0234,41.0484,40.4259,40.8634,10862847.0
2025-05-19,40.5084,40.5534,39.9959,40.3084,12393510.0
2025-05-20,40.2784,40.3734,39.8784,39.9184,11391071.0
2025-05-21,39.6684,39.7484,39.1434,39.1484,12848861.0
2025-05-22,38.9334,39.2209,38.4834,38.9884,11865748.0
2025-05-23,38.6284,39.2209,38.6134,39.1184,11755350.0
2025-05-27,39.4034,39.5384,39.0984,39.4734,9513943.0
2025-05-28,39.6734,39.7984,38.8434,38.9484,14776114.0
2025-05-29,39.0134,39.2534,38.7534,39.2534,11896399.0
2025-05-30,38.9384,39.1009,38.5609,38.8884,15519300.0
2025-06-02,39.6534,39.7084,38.9484,39.4234,16015298.0
2025-06-03,39.4534,40.1709,39.0634,39.9134,15176170.0
2025-06-04,39.8934,40.2184,39.0484,39.0984,22469608.0
2025-06-05,39.4034,39.4234,38.9534,39.0584,13833603.0
2025-06-06,39.4284,39.9534,39.4284,39.8284,14278360.0
2025-06-09,39.9934,40.3434,39.6609,39.9084,14340091.0
2025-06-10,40.3534,40.9284,40.3334,40.6534,23045948.0
2025-06-11,40.9434,41.3384,40.5234,41.2684,24498165.0
2025-06-12,41.0684,41.4309,40.7534,41.4184,17014058.0
2025-06-13,42.2284,42.4084,41.5984,42.1734,42097220.0
2025-06-16,42.0534,42.4984,41.7109,42.0434,34703307.0
2025-06-17,42.4084,42.7834,42.1334,42.4534,33942056.0
2025-06-18,42.6134,42.8384,42.0634,42.1634,35236460.0
2025-06-20,42.3384,42.7359,42.2084,42.6134,28372274.0
2025-06-23,43.1676,43.1976,41.3101,41.4976,52844137.0
2025-06-24,40.8701,41.3826,40.7751,40.9376,32679354.0
2025-06-25,40.8876,41.0401,40.6126,40.7526,21861433.0
2025-06-26,40.8476,41.4426,40.7426,41.3576,16782774.0
2025-06-27,41.3326,41.3326,40.8776,41.1326,17705865.0
2025-06-30,40.9676,41.1526,40.7601,40.8876,13123640.0
2025-07-01,40.9526,41.4101,40.5601,41.2126,20386231.0
2025-07-02,41.5726,42.0176,41.0976,41.9476,21234276.0
2025-07-03,41.8876,42.1376,41.7876,42.0126,11024885.0
2025-07-07,41.7326,41.9626,41.1326,41.5776,17836441.0
2025-07-08,41.5276,42.8976,41.5176,42.7376,23736140.0
2025-07-09,42.6276,42.8026,42.3826,42.5126,14336572.0
2025-07-10,42.4126,42.8726,42.0976,42.8476,14412274.0
2025-07-11,42.7726,43.2026,42.6376,43.0476,15085724.0
2025-07-14,42.9626,42.9626,42.3226,42.5576,16720759.0
2025-07-15,42.4726,42.6626,41.8676,41.9226,16929444.0
2025-07-16,41.8626,42.1126,41.3901,41.5476,17750816.0
2025-07-17,41.3276,41.8751,41.2226,41.8126,18042584.0
2025-07-18,42.1576,42.3576,41.2926,41.4626,30487819.0
2025-07-21,41.4926,41.5676,40.9301,41.0176,15217089.0
2025-07-22,40.9676,41.4526,40.9251,41.2176,16222033.0
2025-07-23,41.3926,41.9126,41.2826,41.8876,14023041.0
2025-07-24,41.7726,42.2522,41.5776,42.1976,12011038.0
2025-07-25,42.2426,42.3176,41.8051,42.0326,10071447.0
2025-07-28,42.3226,42.6026,42.2576,42.5276,11852641.0
2025-07-29,42.5976,42.9726,42.4526,42.9576,12275980.0
2025-07-30,42.6826,42.7076,42.0476,42.3226,13276144.0
2025-07-31,41.8626,42.5901,41.8626,42.0876,12480289.0
2025-08-01,41.9226,42.0776,41.0426,41.2776,21164569.0
2025-08-04,41.2026,41.5236,40.9626,41.1826,13254681.0
2025-08-05,41.1726,41.2951,40.6551,41.2376,15706640.0
2025-08-06,41.5076,41.7576,40.7176,40.8426,19124722.0
2025-08-07,41.0926,41.5676,40.6226,40.6776,17520978.0
2025-08-08,40.8776,41.3351,40.6626,40.9476,20368012.0
2025-08-11,41.0326,41.2176,40.5326,40.6076,14414357.0
2025-08-12,40.6926,41.1826,40.5676,40.8126,17263396.0
2025-08-13,40.8426,41.3076,40.6926,41.3026,12800606.0
2025-08-14,41.2726,41.3251,40.8076,41.2626,12472066.0
2025-08-15,41.2826,41.7451,41.1276,41.2626,13648858.0
2025-08-18,41.0376,41.2076,40.7626,41.0076,13214034.0
2025-08-19,40.8876,41.2726,40.7776,41.0226,12846941.0
2025-08-20,41.0926,41.5526,41.0526,41.3776,13983605.0
2025-08-21,41.3026,41.7651,41.1876,41.6726,11044010.0
2025-08-22,41.8176,42.6576,41.7476,42.5526,15468098.0
2025-08-25,42.4426,42.7226,42.2976,42.6676,11706359.0
2025-08-26,42.4926,42.6376,42.1851,42.5976,11427487.0
2025-08-27,42.5326,43.2526,42.4826,43.0926,13438533.0
2025-08-28,43.1076,43.4976,42.8126,43.4326,12043137.0
2025-08-29,43.4526,43.7926,43.3926,43.6776,11872235.0
2025-09-02,43.5576,43.8226,43.2176,43.7426,12982065.0
2025-09-03,43.3826,43.7551,42.5776,42.7276,18009058.0
2025-09-04,42.7326,43.2076,42.5426,43.0226,12947742.0
2025-09-05,42.6576,42.8026,41.9401,42.1626,24090626.0
2025-09-08,42.3076,42.4976,41.6751,42.0626,17465924.0
2025-09-09,42.2976,42.8901,42.2476,42.2726,20596704.0
2025-09-10,42.3726,43.0601,42.2726,43.0376,14966349.0
2025-09-11,42.6826,43.1426,42.5476,43.0476,12588427.0
2025-09-12,43.2326,43.4326,42.7726,42.7826,11149080.0
2025-09-15,42.8676,42.9826,42.5576,42.6326,11644166.0
2025-09-16,42.8276,43.5101,42.8176,43.3726,20796301.0
2025-09-17,43.3126,43.7926,43.1176,43.4776,13022425.0
2025-09-18,43.5176,43.6076,42.9976,43.3376,14356468.0
2025-09-19,43.2976,43.3301,42.5876,42.7426,14989454.0
2025-09-22,42.5869,42.9069,42.4119,42.6919,11250663.0
2025-09-23,42.8669,43.9269,42.8669,43.4469,22107323.0
2025-09-24,43.7619,44.4469,43.7119,44.0269,17702940.0
2025-09-25,44.0219,44.4744,43.8969,44.4319,15943570.0
2025-09-26,44.5069,45.3119,44.4969,44.8519,20080816.0
2025-09-29,44.5319,44.5969,43.7694,44.0069,18837111.0
2025-09-30,43.6119,43.7044,43.1769,43.5269,23772274.0
2025-10-01,43.3069,43.6769,43.2569,43.5269,13830600.0
2025-10-02,43.4269,43.8219,43.0294,43.0769,15896753.0
2025-10-03,43.3019,43.5719,43.2469,43.3119,12023928.0
2025-10-06,43.5919,43.7869,43.3519,43.5319,10744010.0
2025-10-07,43.4894,43.6369,42.8119,43.6019,12661870.0
2025-10-08,43.6019,43.6019,43.0044,43.3419,10012077.0
2025-10-09,43.4369,43.8169,42.6894,42.7369,11698833.0
2025-10-10,42.4119,42.6319,41.4519,41.4669,22446110.0
2025-10-13,41.7894,42.1019,41.6519,42.0469,11444657.0
2025-10-14,41.4319,42.2844,41.3769,42.0419,12542091.0
2025-10-15,42.3169,42.5619,41.6944,42.0169,12133492.0
2025-10-16,42.0919,42.2219,41.2069,41.4969,14596775.0
2025-10-17,41.6769,41.9369,41.5019,41.8469,12035854.0
2025-10-20,41.9219,42.3994,41.9219,42.3019,12676151.0
2025-10-21,42.4219,42.5219,41.9819,42.2019,12942575.0
2025-10-22,42.4919,42.9469,42.1269,42.7569,16406845.0
2025-10-23,43.5419,43.6344,43.0719,43.3419,23654420.0
2025-10-24,43.5419,43.5569,42.8619,42.8919,10595444.0
2025-10-27,43.0319,43.1769,42.8023,42.9969,9798614.0
2025-10-28,42.8319,42.9719,42.5119,42.5369,11237178.0
2025-10-29,42.5844,43.0869,42.4969,42.8619,13403881.0
2025-10-30,42.8469,43.1668,42.5394,42.6019,10331684.0
2025-10-31,42.7069,43.1694,42.5169,42.9219,13492652.0
2025-11-03,42.9319,43.0469,42.4219,42.9269,11115777.0
2025-11-04,42.3869,42.5719,42.0419,42.4519,14738807.0
2025-11-05,42.4569,43.0519,42.3994,42.5669,11928579.0
2025-11-06,42.6319,43.4069,42.6319,42.9919,16077419.0
2025-11-07,43.1469,43.7294,43.0244,43.6269,17729210.0
2025-11-10,43.7419,44.1369,43.1594,44.0319,15631904.0
2025-11-11,44.3019,44.9419,44.2669,44.6219,19376055.0
2025-11-12,44.3119,44.5219,43.9169,43.9819,14931575.0
2025-11-13,44.1269,44.5069,43.8944,44.0969,16121899.0
2025-11-14,44.3369,44.9669,43.7644,44.8669,17089420.0
2025-11-17,44.8119,44.8269,43.8469,44.0269,18723615.0
2025-11-18,43.8319,44.5069,43.7069,44.3869,17419709.0
2025-11-19,43.5819,43.9394,43.2669,43.7969,20531266.0
2025-11-20,44.0269,44.6394,43.2519,43.2869,20814807.0
2025-11-21,43.3619,43.7619,42.8919,43.5669,19658595.0
2025-11-24,43.5169,43.5819,42.7519,43.4419,16840899.0
2025-11-25,43.0919,43.3369,42.7944,43.1619,14649316.0
2025-11-26,43.1519,43.8144,43.1119,43.4969,13305474.0
2025-11-28,43.5219,44.2744,43.4544,44.0869,8179231.0
2025-12-01,44.1469,44.7669,44.1119,44.5169,15575034.0
2025-12-02,44.4469,44.4469,43.6994,43.9269,16652380.0
2025-12-03,44.2319,44.8519,44.1669,44.7719,15086985.0
2025-12-04,44.7469,45.0394,44.6119,44.9669,11899844.0
2025-12-05,44.8869,45.5169,44.7669,44.7769,22164333.0
2025-12-08,44.5169,44.7769,44.1269,44.2769,27891875.0
2025-12-09,44.3569,44.9369,44.3169,44.5569,20917391.0
2025-12-10,44.6969,45.1219,44.4819,45.0369,26255067.0
2025-12-11,44.7569,45.1019,44.6969,44.8169,25827244.0
2025-12-12,44.9019,45.0919,44.2469,44.3669,33161151.0
2025-12-15,44.4669,44.4669,43.6769,44.0469,27521491.0
2025-12-16,43.6869,43.7069,42.6269,42.6669,49312330.0
2025-12-17,42.9869,43.7369,42.9169,43.6369,43375241.0
2025-12-18,43.5069,43.5669,42.8369,42.9869,29920002.0
2025-12-19,43.1069,43.3869,42.8819,42.9869,31959434.0
2025-12-22,43.3699,43.7149,43.3199,43.4399,23707419.0
2025-12-23,43.5999,43.7799,43.4499,43.7299,19137378.0
2025-12-24,43.6449,43.7849,43.5399,43.5999,11248708.0
2025-12-26,43.5499,43.6649,43.2199,43.4299,17884430.0
2025-12-29,43.7399,43.9699,43.5199,43.8499,31351868.0
2025-12-30,44.0299,44.3183,44.0299,44.1899,18654708.0
2025-12-31,44.1599,44.2499,43.7999,43.9399,16965922.0
2026-01-02,43.9499,45.0098,43.7199,44.8799,31935524.0
2026-01-05,46.3899,46.5499,44.9799,46.1199,94961037.0
2026-01-06,46.2249,46.2899,44.7612,44.8699,69568128.0
2026-01-07,45.0499,45.0499,44.3099,44.3599,42739166.0
2026-01-08,44.5499,46.0799,44.4499,45.7799,51450994.0
2026-01-09,45.9799,46.1099,45.7349,45.8999,38839935.0
2026-01-12,45.9799,46.0349,45.33,45.5699,28264336.0
2026-01-13,45.9599,46.6199,45.9099,46.2299,50469235.0
2026-01-14,46.4799,47.8799,46.4099,47.2899,80750060.0
2026-01-15,46.8599,47.2999,46.4999,46.8399,49328786.0
2026-01-16,46.7899,47.0349,46.7149,46.9199,30796234.0
2026-01-20,47.3199,47.5399,46.7299,46.8299,50178699.0
2026-01-21,47.5199,48.2799,47.5199,47.9799,58996037.0
2026-01-22,47.8499,48.2299,47.6499,48.1399,50869416.0
2026-01-23,48.7499,49.1199,48.3199,48.4199,51431067.0
2026-01-26,49.0949,49.1199,48.1799,48.4499,40122625.0
2026-01-27,48.6199,49.0449,48.3899,48.8999,39840261.0
2026-01-28,49.1999,49.3699,48.7899,49.2799,41890386.0
2026-01-29,50.3799,50.9599,49.7099,49.7399,77520508.0
2026-01-30,49.5899,50.3149,49.1049,50.2799,74039192.0
2026-02-02,49.3299,49.7399,48.9999,49.2799,61479762.0
2026-02-03,49.4699,51.0099,49.2499,50.8999,83754106.0
2026-02-04,51.0499,52.1898,51.0499,52.0599,78149821.0
2026-02-05,51.4899,51.7199,50.6649,51.4399,54235620.0
2026-02-06,51.7299,52.6449,51.5899,52.4799,41669571.0
2026-02-09,52.4349,52.9499,52.2049,52.8699,38798426.0
2026-02-10,52.9999,53.0199,52.4699,52.8099,32145929.0
2026-02-11,53.5099,54.3399,53.4799,54.2099,57349654.0
2026-02-12,54.1699,54.4699,52.9899,53.2099,67427839.0
2026-02-13,53.1699,53.8049,53.0399,53.5799,48392131.0
2026-02-17,53.7899,54.1349,52.4099,52.9799,50499518.0
2026-02-18,53.7599,54.0899,53.4499,54.0099,59196115.0
2026-02-19,54.6899,55.1099,54.1549,54.4099,62513175.0
2026-02-20,54.2299,54.5149,53.7399,54.1099,50833339.0
2026-02-23,54.2649,55.1599,54.0949,54.3799,44013320.0
2026-02-24,54.3399,54.4499,53.6299,54.3299,42921633.0
2026-02-25,54.5299,54.5999,53.4149,54.0999,36207349.0
2026-02-26,53.5999,54.8999,53.3499,54.2799,47033507.0
2026-02-27,54.8699,55.3799,54.1549,55.1499,59071415.0
2026-03-02,56.9999,57.1099,55.4999,56.2699,135633292.0
2026-03-03,56.6149,56.9499,55.2799,55.7499,154770807.0
2026-03-04,55.2899,55.6599,54.5549,55.4199,70732640.0
2026-03-05,55.7599,56.2899,55.3099,55.7099,85177796.0
2026-03-06,56.3799,56.5699,55.3999,55.7999,68219040.0
2026-03-09,56.0699,56.3799,55.1699,55.5499,88747415.0
2026-03-10,55.2849,55.6899,54.5949,54.8299,88817760.0
2026-03-11,54.8599,56.2699,54.7699,56.2099,48743699.0
2026-03-12,56.3599,57.4449,56.2899,56.7399,69358536.0
2026-03-13,56.7299,57.1599,56.3299,56.9299,43374613.0
2026-03-16,56.9899,57.3299,56.4999,57.1299,39474271.0
2026-03-17,57.4599,58.2799,57.2099,57.7399,40137616.0
2026-03-18,57.9699,58.1999,57.6599,57.6599,42908021.0
2026-03-19,58.0999,58.9499,57.7499,58.5899,69231291.0
2026-03-20,58.7849,59.5499,58.5099,58.5399,73003414.0
2026-03-23,57.5051,59.4551,57.2751,59.2451,71027132.0
2026-03-24,59.4151,61.0851,59.3851,60.4551,51207450.0
2026-03-25,59.9351,60.6151,59.8751,60.1851,42680685.0
2026-03-26,60.2851,61.4751,60.2051,61.1351,54967638.0
2026-03-27,61.1451,62.4051,60.8751,62.1751,59553135.0
2026-03-30,62.7451,63.0751,61.3951,61.5751,49749984.0
2026-03-31,61.6551,62.4451,59.6501,60.8751,94766929.0
2026-04-01,59.3351,60.2351,57.9701,58.5851,96652389.0
2026-04-02,60.1451,60.6251,58.5951,58.8651,60400361.0
2026-04-06,58.7251,59.3051,58.5061,59.2951,25474156.0
2026-04-07,59.4251,60.3851,59.4051,59.7751,38811568.0
2026-04-08,56.2951,57.8051,55.7951,57.6651,88023558.0
2026-04-09,57.8151,58.6351,56.7251,56.9451,55088447.0
2026-04-10,56.7851,57.0901,56.0151,56.5551,42561689.0
2026-04-13,57.2301,57.3351,56.2601,56.7251,43100800.0
2026-04-14,56.1151,56.1151,55.0201,55.5651,58830007.0
2026-04-15,55.2151,55.8251,54.8851,55.3751,39551335.0
2026-04-16,55.4551,56.4901,55.3801,56.1951,31282568.0
2026-04-17,54.0251,54.7751,53.0251,54.6351,90913188.0
2026-04-20,54.7151,55.3351,54.4151,54.6851,35149570.0
2026-04-21,54.9351,55.5751,54.5351,55.4851,41299833.0
2026-04-22,55.9751,56.3951,55.7451,56.1551,40565507.0
2026-04-23,56.5051,56.8051,56.0801,56.5951,34707117.0
2026-04-24,56.3851,56.5351,55.7851,56.4851,36426744.0
2026-04-27,56.7151,57.2951,56.2451,56.3851,33070286.0
2026-04-28,57.3351,57.6651,56.9901,57.3251,39151180.0
2026-04-29,57.8951,58.7251,57.6751,58.6451,40616262.0
2026-04-30,57.8151,59.4501,57.5501,59.2651,35896654.0
2026-05-01,58.6751,59.2151,57.8751,58.4651,35828400.0
2026-05-04,58.3451,59.2451,57.8351,59.0051,36882869.0
2026-05-05,58.8451,59.3751,58.5051,59.0651,27041418.0
2026-05-06,56.9051,57.5051,56.2701,56.6151,57907256.0
2026-05-07,55.4851,55.7651,54.7451,55.5651,52909848.0
2026-05-08,55.4651,55.8401,55.0751,55.3151,30573437.0
2026-05-11,55.8751,56.8351,55.8551,56.7851,31943095.0
2026-05-12,57.3451,57.4551,56.7551,57.1851,36814545.0
2026-05-13,57.0851,57.3251,56.5751,57.2451,22707149.0
2026-05-14,57.2651,57.7951,57.1201,57.6851,23486953.0
2026-05-15,58.3151,59.0851,58.0901,59.0551,33565357.0
2026-05-18,58.7401,60.3151,58.3351,60.1951,41516269.0
2026-05-19,60.4251,61.1051,59.9101,60.9051,31111014.0
2026-05-20,60.4251,61.3151,59.2901,59.4151,61776721.0
2026-05-21,60.0951,60.2051,58.3301,58.7451,45851129.0
2026-05-22,58.6051,59.2251,58.4451,59.1051,42427557.0
2026-05-26,58.4851,59.1851,57.4501,57.4651,38819808.0
2026-05-27,56.6251,57.1151,56.0901,56.6051,48329833.0
2026-05-28,57.1651,57.2951,56.2951,56.5651,46554009.0
2026-05-29,56.2951,56.4051,55.6051,55.9051,32389335.0
2026-06-01,56.6401,57.4251,56.4651,56.9151,55879299.0
2026-06-02,56.8051,57.7851,56.6951,57.5751,23842374.0
2026-06-03,57.8551,58.9901,57.6251,58.3251,46312788.0
2026-06-04,58.1151,58.6401,57.7851,58.3651,23916327.0
2026-06-05,58.2801,58.3951,57.2451,57.2851,28212962.0
2026-06-08,57.6951,58.5751,57.5851,57.9451,25717568.0
2026-06-09,57.6951,57.8251,56.4251,57.0051,46026180.0
2026-06-10,57.5551,58.6551,57.3951,57.8651,36515210.0
2026-06-11,58.3901,58.6051,56.6701,56.7351,40863450.0
2026-06-12,56.4051,57.7651,56.2451,57.1651,31964722.0
2026-06-15,54.8151,55.6651,54.6351,55.1651,44319055.0
2026-06-16,54.6151,55.0901,54.5651,54.9751,42008120.0
2026-06-17,54.8751,54.9751,54.1551,54.2851,38552807.0
2026-06-18,53.7551,53.8651,52.8601,53.3851,39645690.0
2026-06-22,53.53,54.13,53.165,54.06,30765618.0
2026-06-23,54.14,54.56,53.87,54.46,38690240.0
2026-06-24,53.5,53.765,52.94,53.57,43034549.0
2026-06-25,53.2,54.315,53.0,54.09,28238552.0
2026-06-26,54.0,54.15,53.675,53.84,19025238.0
2026-06-29,53.98,54.28,53.47,53.58,25142227.0
2026-06-30,53.62,54.115,53.08,53.11,28283725.0
2026-07-01,53.045,53.44,52.62,52.81,33662671.0
2026-07-02,53.24,53.65,52.91,53.22,28538199.0
2026-07-06,53.058,53.55,53.0,53.13,24734933.0
2026-07-07,53.61,54.82,53.6,54.64,41833615.0
2026-07-08,55.455,56.035,54.865,55.6,39741344.0
2026-07-09,55.28,55.48,54.73,54.82,21770429.0
2026-07-10,55.08,55.24,54.36,55.08,22974523.0
2026-07-13,55.86,56.97,55.86,56.74,41200899.0
2026-07-14,57.0,57.22,56.29,56.95,32578921.0
2026-07-15,56.94,57.04,55.76,56.5,33184198.0
2026-07-16,56.66,57.3,56.595,57.02,27476944.0
2026-07-17,57.95,58.115,57.28,57.68,31397715.0
2026-07-20,57.555,58.385,57.41,57.94,27329327.0
2026-07-21,58.16,58.53,57.83,58.5,20315581.0
2026-07-22,59.27,59.52,58.9,59.2,29548568.0
2026-07-23,60.244,60.3768,59.265,59.38,35838532.0
2026-07-24,59.4,60.45,59.4,59.62,34181899.0
